track_id,frame,cx,cy,x1,y1,x2,y2,conf
1,0,392.0,90.0,387.0,85.0,397.0,95.0,1.0
1,1,392.0,90.0,387.0,85.0,397.0,95.0,1.0
1,2,392.0,90.0,387.0,85.0,397.0,95.0,1.0
1,3,392.0,90.0,387.0,85.0,397.0,95.0,1.0
1,4,392.0,90.0,387.0,85.0,397.0,95.0,1.0
1,5,392.0,90.0,387.0,85.0,397.0,95.0,1.0
1,6,392.0,90.0,387.0,85.0,397.0,95.0,1.0
1,7,392.0,90.0,387.0,85.0,397.0,95.0,1.0
1,8,392.0,90.0,387.0,85.0,397.0,95.0,1.0
1,9,392.0,90.0,387.0,85.0,397.0,95.0,1.0
1,10,392.0,90.0,387.0,85.0,397.0,95.0,1.0
1,11,392.0,90.0,387.0,85.0,397.0,95.0,1.0
1,12,392.0,90.0,387.0,85.0,397.0,95.0,1.0
1,13,392.0,90.0,387.0,85.0,397.0,95.0,1.0
1,14,392.0,90.0,387.0,85.0,397.0,95.0,1.0
1,15,392.0,90.0,387.0,85.0,397.0,95.0,1.0
1,16,392.0,90.0,387.0,85.0,397.0,95.0,1.0
1,17,392.0,90.0,387.0,85.0,397.0,95.0,1.0
1,18,392.0,90.0,387.0,85.0,397.0,95.0,1.0
1,19,392.0,90.0,387.0,85.0,397.0,95.0,1.0
1,20,392.0,90.0,387.0,85.0,397.0,95.0,1.0
1,21,392.0,90.0,387.0,85.0,397.0,95.0,1.0
1,22,392.0,90.0,387.0,85.0,397.0,95.0,1.0
1,23,392.0,90.0,387.0,85.0,397.0,95.0,1.0
1,24,392.0,90.0,387.0,85.0,397.0,95.0,1.0
1,25,392.0,90.0,387.0,85.0,397.0,95.0,1.0
1,26,392.0,90.0,387.0,85.0,397.0,95.0,1.0
1,27,392.0,90.0,387.0,85.0,397.0,95.0,1.0
1,28,392.0,90.0,387.0,85.0,397.0,95.0,1.0
1,29,392.0,90.0,387.0,85.0,397.0,95.0,1.0
1,30,392.0,90.0,387.0,85.0,397.0,95.0,1.0
1,31,392.0,90.0,387.0,85.0,397.0,95.0,1.0
1,32,392.0,90.0,387.0,85.0,397.0,95.0,1.0
1,33,392.0,90.0,387.0,85.0,397.0,95.0,1.0
1,34,392.0,90.0,387.0,85.0,397.0,95.0,1.0
1,35,392.0,90.0,387.0,85.0,397.0,95.0,1.0
1,36,392.0,90.0,387.0,85.0,397.0,95.0,1.0
1,37,392.0,90.0,387.0,85.0,397.0,95.0,1.0
1,38,392.0,90.0,387.0,85.0,397.0,95.0,1.0
1,39,392.0,90.0,387.0,85.0,397.0,95.0,1.0
1,40,392.0,90.0,387.0,85.0,397.0,95.0,1.0
1,41,392.0,90.0,387.0,85.0,397.0,95.0,1.0
1,42,392.0,90.0,387.0,85.0,397.0,95.0,1.0
1,43,392.0,90.0,387.0,85.0,397.0,95.0,1.0
1,44,392.0,90.0,387.0,85.0,397.0,95.0,1.0
1,45,392.0,90.0,387.0,85.0,397.0,95.0,1.0
1,46,392.0,90.0,387.0,85.0,397.0,95.0,1.0
1,47,392.0,90.0,387.0,85.0,397.0,95.0,1.0
1,48,392.0,90.0,387.0,85.0,397.0,95.0,1.0
1,49,392.0,90.0,387.0,85.0,397.0,95.0,1.0
1,50,392.0,90.0,387.0,85.0,397.0,95.0,1.0
1,51,392.0,90.0,387.0,85.0,397.0,95.0,1.0
1,52,392.0,90.0,387.0,85.0,397.0,95.0,1.0
1,53,392.0,90.0,387.0,85.0,397.0,95.0,1.0
1,54,392.0,90.0,387.0,85.0,397.0,95.0,1.0
1,55,392.0,90.0,387.0,85.0,397.0,95.0,1.0
1,56,392.0,90.0,387.0,85.0,397.0,95.0,1.0
1,57,392.0,90.0,387.0,85.0,397.0,95.0,1.0
1,58,392.0,90.0,387.0,85.0,397.0,95.0,1.0
1,59,392.0,90.0,387.0,85.0,397.0,95.0,1.0
1,60,392.0,90.0,387.0,85.0,397.0,95.0,1.0
1,61,392.0,90.0,387.0,85.0,397.0,95.0,1.0
1,62,392.0,90.0,387.0,85.0,397.0,95.0,1.0
1,63,392.0,90.0,387.0,85.0,397.0,95.0,1.0
1,64,392.0,90.0,387.0,85.0,397.0,95.0,1.0
1,65,392.0,90.0,387.0,85.0,397.0,95.0,1.0
1,66,392.0,90.0,387.0,85.0,397.0,95.0,1.0
1,67,392.0,90.0,387.0,85.0,397.0,95.0,1.0
1,68,392.0,90.0,387.0,85.0,397.0,95.0,1.0
1,69,392.0,90.0,387.0,85.0,397.0,95.0,1.0
1,70,392.0,90.0,387.0,85.0,397.0,95.0,1.0
1,71,392.0,90.0,387.0,85.0,397.0,95.0,1.0
1,72,392.0,90.0,387.0,85.0,397.0,95.0,1.0
1,73,392.0,90.0,387.0,85.0,397.0,95.0,1.0
1,74,392.0,90.0,387.0,85.0,397.0,95.0,1.0
1,75,392.0,90.0,387.0,85.0,397.0,95.0,1.0
1,76,392.0,90.0,387.0,85.0,397.0,95.0,1.0
1,77,392.0,90.0,387.0,85.0,397.0,95.0,1.0
1,78,392.0,90.0,387.0,85.0,397.0,95.0,1.0
1,79,392.0,90.0,387.0,85.0,397.0,95.0,1.0
1,80,392.0,90.0,387.0,85.0,397.0,95.0,1.0
1,81,392.0,90.0,387.0,85.0,397.0,95.0,1.0
1,82,392.0,90.0,387.0,85.0,397.0,95.0,1.0
1,83,392.0,90.0,387.0,85.0,397.0,95.0,1.0
1,84,392.0,90.0,387.0,85.0,397.0,95.0,1.0
1,85,392.0,90.0,387.0,85.0,397.0,95.0,1.0
1,86,392.0,90.0,387.0,85.0,397.0,95.0,1.0
1,87,392.0,90.0,387.0,85.0,397.0,95.0,1.0
1,88,392.0,90.0,387.0,85.0,397.0,95.0,1.0
1,89,392.0,90.0,387.0,85.0,397.0,95.0,1.0
1,90,392.0,90.0,387.0,85.0,397.0,95.0,1.0
1,91,392.0,90.0,387.0,85.0,397.0,95.0,1.0
1,92,392.0,90.0,387.0,85.0,397.0,95.0,1.0
1,93,392.0,90.0,387.0,85.0,397.0,95.0,1.0
1,94,392.0,90.0,387.0,85.0,397.0,95.0,1.0
1,95,392.0,90.0,387.0,85.0,397.0,95.0,1.0
1,96,392.0,90.0,387.0,85.0,397.0,95.0,1.0
1,97,392.0,90.0,387.0,85.0,397.0,95.0,1.0
1,98,392.0,90.0,387.0,85.0,397.0,95.0,1.0
1,99,392.0,90.0,387.0,85.0,397.0,95.0,1.0
1,100,392.0,90.0,387.0,85.0,397.0,95.0,1.0
1,101,392.0,90.0,387.0,85.0,397.0,95.0,1.0
1,102,392.0,90.0,387.0,85.0,397.0,95.0,1.0
1,103,392.0,90.0,387.0,85.0,397.0,95.0,1.0
1,104,392.0,90.0,387.0,85.0,397.0,95.0,1.0
1,105,392.0,90.0,387.0,85.0,397.0,95.0,1.0
1,106,392.0,90.0,387.0,85.0,397.0,95.0,1.0
1,107,392.0,90.0,387.0,85.0,397.0,95.0,1.0
1,108,392.0,90.0,387.0,85.0,397.0,95.0,1.0
1,109,392.0,90.0,387.0,85.0,397.0,95.0,1.0
1,110,392.0,90.0,387.0,85.0,397.0,95.0,1.0
1,111,392.0,90.0,387.0,85.0,397.0,95.0,1.0
1,112,392.0,90.0,387.0,85.0,397.0,95.0,1.0
1,113,392.0,90.0,387.0,85.0,397.0,95.0,1.0
1,114,392.0,90.0,387.0,85.0,397.0,95.0,1.0
1,115,392.0,90.0,387.0,85.0,397.0,95.0,1.0
1,116,392.0,90.0,387.0,85.0,397.0,95.0,1.0
1,117,392.0,90.0,387.0,85.0,397.0,95.0,1.0
1,118,392.0,90.0,387.0,85.0,397.0,95.0,1.0
1,119,392.0,90.0,387.0,85.0,397.0,95.0,1.0
1,120,392.0,90.0,387.0,85.0,397.0,95.0,1.0
1,121,392.0,90.0,387.0,85.0,397.0,95.0,1.0
1,122,392.0,90.0,387.0,85.0,397.0,95.0,1.0
1,123,392.0,90.0,387.0,85.0,397.0,95.0,1.0
1,124,392.0,90.0,387.0,85.0,397.0,95.0,1.0
1,125,392.0,90.0,387.0,85.0,397.0,95.0,1.0
1,126,392.0,90.0,387.0,85.0,397.0,95.0,1.0
1,127,392.0,90.0,387.0,85.0,397.0,95.0,1.0
1,128,392.0,90.0,387.0,85.0,397.0,95.0,1.0
1,129,392.0,90.0,387.0,85.0,397.0,95.0,1.0
1,130,392.0,90.0,387.0,85.0,397.0,95.0,1.0
1,131,392.0,90.0,387.0,85.0,397.0,95.0,1.0
1,132,392.0,90.0,387.0,85.0,397.0,95.0,1.0
1,133,392.0,90.0,387.0,85.0,397.0,95.0,1.0
1,134,392.0,90.0,387.0,85.0,397.0,95.0,1.0
1,135,392.0,90.0,387.0,85.0,397.0,95.0,1.0
1,136,392.0,90.0,387.0,85.0,397.0,95.0,1.0
1,137,392.0,90.0,387.0,85.0,397.0,95.0,1.0
1,138,392.0,90.0,387.0,85.0,397.0,95.0,1.0
1,139,392.0,90.0,387.0,85.0,397.0,95.0,1.0
1,140,392.0,90.0,387.0,85.0,397.0,95.0,1.0
1,141,392.0,90.0,387.0,85.0,397.0,95.0,1.0
1,142,392.0,90.0,387.0,85.0,397.0,95.0,1.0
1,143,392.0,90.0,387.0,85.0,397.0,95.0,1.0
1,144,392.0,90.0,387.0,85.0,397.0,95.0,1.0
1,145,392.0,90.0,387.0,85.0,397.0,95.0,1.0
1,146,392.0,90.0,387.0,85.0,397.0,95.0,1.0
1,147,392.0,90.0,387.0,85.0,397.0,95.0,1.0
1,148,392.0,90.0,387.0,85.0,397.0,95.0,1.0
1,149,392.0,90.0,387.0,85.0,397.0,95.0,1.0
1,150,392.0,90.0,387.0,85.0,397.0,95.0,1.0
1,151,392.0,90.0,387.0,85.0,397.0,95.0,1.0
1,152,392.0,90.0,387.0,85.0,397.0,95.0,1.0
1,153,392.0,90.0,387.0,85.0,397.0,95.0,1.0
1,154,392.0,90.0,387.0,85.0,397.0,95.0,1.0
1,155,392.0,90.0,387.0,85.0,397.0,95.0,1.0
1,156,392.0,90.0,387.0,85.0,397.0,95.0,1.0
1,157,392.0,90.0,387.0,85.0,397.0,95.0,1.0
1,158,392.0,90.0,387.0,85.0,397.0,95.0,1.0
1,159,392.0,90.0,387.0,85.0,397.0,95.0,1.0
1,160,392.0,90.0,387.0,85.0,397.0,95.0,1.0
1,161,392.0,90.0,387.0,85.0,397.0,95.0,1.0
1,162,392.0,90.0,387.0,85.0,397.0,95.0,1.0
1,163,392.0,90.0,387.0,85.0,397.0,95.0,1.0
1,164,392.0,90.0,387.0,85.0,397.0,95.0,1.0
1,165,392.0,90.0,387.0,85.0,397.0,95.0,1.0
1,166,392.0,90.0,387.0,85.0,397.0,95.0,1.0
1,167,392.0,90.0,387.0,85.0,397.0,95.0,1.0
1,168,392.0,90.0,387.0,85.0,397.0,95.0,1.0
1,169,392.0,90.0,387.0,85.0,397.0,95.0,1.0
1,170,392.0,90.0,387.0,85.0,397.0,95.0,1.0
1,171,392.0,90.0,387.0,85.0,397.0,95.0,1.0
1,172,392.0,90.0,387.0,85.0,397.0,95.0,1.0
1,173,392.0,90.0,387.0,85.0,397.0,95.0,1.0
1,174,392.0,90.0,387.0,85.0,397.0,95.0,1.0
1,175,392.0,90.0,387.0,85.0,397.0,95.0,1.0
1,176,392.0,90.0,387.0,85.0,397.0,95.0,1.0
1,177,392.0,90.0,387.0,85.0,397.0,95.0,1.0
1,178,392.0,90.0,387.0,85.0,397.0,95.0,1.0
1,179,392.0,90.0,387.0,85.0,397.0,95.0,1.0
1,180,392.0,90.0,387.0,85.0,397.0,95.0,1.0
1,181,392.0,90.0,387.0,85.0,397.0,95.0,1.0
1,182,392.0,90.0,387.0,85.0,397.0,95.0,1.0
1,183,392.0,90.0,387.0,85.0,397.0,95.0,1.0
1,184,392.0,90.0,387.0,85.0,397.0,95.0,1.0
1,185,392.0,90.0,387.0,85.0,397.0,95.0,1.0
1,186,392.0,90.0,387.0,85.0,397.0,95.0,1.0
1,187,392.0,90.0,387.0,85.0,397.0,95.0,1.0
1,188,392.0,90.0,387.0,85.0,397.0,95.0,1.0
1,189,392.0,90.0,387.0,85.0,397.0,95.0,1.0
1,190,392.0,90.0,387.0,85.0,397.0,95.0,1.0
1,191,392.0,90.0,387.0,85.0,397.0,95.0,1.0
1,192,392.0,90.0,387.0,85.0,397.0,95.0,1.0
1,193,392.0,90.0,387.0,85.0,397.0,95.0,1.0
1,194,392.0,90.0,387.0,85.0,397.0,95.0,1.0
1,195,392.0,90.0,387.0,85.0,397.0,95.0,1.0
1,196,392.0,90.0,387.0,85.0,397.0,95.0,1.0
1,197,392.0,90.0,387.0,85.0,397.0,95.0,1.0
1,198,392.0,90.0,387.0,85.0,397.0,95.0,1.0
1,199,392.0,90.0,387.0,85.0,397.0,95.0,1.0
1,200,392.0,90.0,387.0,85.0,397.0,95.0,1.0
1,201,392.0,90.0,387.0,85.0,397.0,95.0,1.0
1,202,392.0,90.0,387.0,85.0,397.0,95.0,1.0
1,203,392.0,90.0,387.0,85.0,397.0,95.0,1.0
1,204,392.0,90.0,387.0,85.0,397.0,95.0,1.0
1,205,392.0,90.0,387.0,85.0,397.0,95.0,1.0
1,206,392.0,90.0,387.0,85.0,397.0,95.0,1.0
1,207,392.0,90.0,387.0,85.0,397.0,95.0,1.0
1,208,392.0,90.0,387.0,85.0,397.0,95.0,1.0
1,209,392.0,90.0,387.0,85.0,397.0,95.0,1.0
1,210,392.0,90.0,387.0,85.0,397.0,95.0,1.0
1,211,392.0,90.0,387.0,85.0,397.0,95.0,1.0
1,212,392.0,90.0,387.0,85.0,397.0,95.0,1.0
1,213,392.0,90.0,387.0,85.0,397.0,95.0,1.0
1,214,392.0,90.0,387.0,85.0,397.0,95.0,1.0
1,215,392.0,90.0,387.0,85.0,397.0,95.0,1.0
1,216,392.0,90.0,387.0,85.0,397.0,95.0,1.0
1,217,392.0,90.0,387.0,85.0,397.0,95.0,1.0
1,218,392.0,90.0,387.0,85.0,397.0,95.0,1.0
1,219,392.0,90.0,387.0,85.0,397.0,95.0,1.0
1,220,392.0,90.0,387.0,85.0,397.0,95.0,1.0
1,221,392.0,90.0,387.0,85.0,397.0,95.0,1.0
1,222,392.0,90.0,387.0,85.0,397.0,95.0,1.0
1,223,392.0,90.0,387.0,85.0,397.0,95.0,1.0
1,224,392.0,90.0,387.0,85.0,397.0,95.0,1.0
1,225,392.0,90.0,387.0,85.0,397.0,95.0,1.0
1,226,392.0,90.0,387.0,85.0,397.0,95.0,1.0
1,227,392.0,90.0,387.0,85.0,397.0,95.0,1.0
1,228,392.0,90.0,387.0,85.0,397.0,95.0,1.0
1,229,392.0,90.0,387.0,85.0,397.0,95.0,1.0
1,230,392.0,90.0,387.0,85.0,397.0,95.0,1.0
1,231,392.0,90.0,387.0,85.0,397.0,95.0,1.0
1,232,392.0,90.0,387.0,85.0,397.0,95.0,1.0
1,233,392.0,90.0,387.0,85.0,397.0,95.0,1.0
1,234,392.0,90.0,387.0,85.0,397.0,95.0,1.0
1,235,392.0,90.0,387.0,85.0,397.0,95.0,1.0
1,236,392.0,90.0,387.0,85.0,397.0,95.0,1.0
1,237,392.0,90.0,387.0,85.0,397.0,95.0,1.0
1,238,392.0,90.0,387.0,85.0,397.0,95.0,1.0
1,239,392.0,90.0,387.0,85.0,397.0,95.0,1.0
1,240,392.0,90.0,387.0,85.0,397.0,95.0,1.0
1,241,392.0,90.0,387.0,85.0,397.0,95.0,1.0
1,242,392.0,90.0,387.0,85.0,397.0,95.0,1.0
1,243,392.0,90.0,387.0,85.0,397.0,95.0,1.0
1,244,392.0,90.0,387.0,85.0,397.0,95.0,1.0
1,245,392.0,90.0,387.0,85.0,397.0,95.0,1.0
1,246,392.0,90.0,387.0,85.0,397.0,95.0,1.0
1,247,392.0,90.0,387.0,85.0,397.0,95.0,1.0
1,248,392.0,90.0,387.0,85.0,397.0,95.0,1.0
1,249,392.0,90.0,387.0,85.0,397.0,95.0,1.0
1,250,392.0,90.0,387.0,85.0,397.0,95.0,1.0
1,251,392.0,90.0,387.0,85.0,397.0,95.0,1.0
1,252,392.0,90.0,387.0,85.0,397.0,95.0,1.0
1,253,392.0,90.0,387.0,85.0,397.0,95.0,1.0
1,254,392.0,90.0,387.0,85.0,397.0,95.0,1.0
1,255,392.0,90.0,387.0,85.0,397.0,95.0,1.0
1,256,392.0,90.0,387.0,85.0,397.0,95.0,1.0
1,257,392.0,90.0,387.0,85.0,397.0,95.0,1.0
1,258,392.0,90.0,387.0,85.0,397.0,95.0,1.0
1,259,392.0,90.0,387.0,85.0,397.0,95.0,1.0
1,260,392.0,90.0,387.0,85.0,397.0,95.0,1.0
1,261,392.0,90.0,387.0,85.0,397.0,95.0,1.0
1,262,392.0,90.0,387.0,85.0,397.0,95.0,1.0
1,263,392.0,90.0,387.0,85.0,397.0,95.0,1.0
1,264,392.0,90.0,387.0,85.0,397.0,95.0,1.0
1,265,392.0,90.0,387.0,85.0,397.0,95.0,1.0
1,266,392.0,90.0,387.0,85.0,397.0,95.0,1.0
1,267,392.0,90.0,387.0,85.0,397.0,95.0,1.0
1,268,392.0,90.0,387.0,85.0,397.0,95.0,1.0
1,269,392.0,90.0,387.0,85.0,397.0,95.0,1.0
1,270,392.0,90.0,387.0,85.0,397.0,95.0,1.0
1,271,392.0,90.0,387.0,85.0,397.0,95.0,1.0
1,272,392.0,90.0,387.0,85.0,397.0,95.0,1.0
1,273,392.0,90.0,387.0,85.0,397.0,95.0,1.0
1,274,392.0,90.0,387.0,85.0,397.0,95.0,1.0
1,275,392.0,90.0,387.0,85.0,397.0,95.0,1.0
1,276,392.0,90.0,387.0,85.0,397.0,95.0,1.0
1,277,392.0,90.0,387.0,85.0,397.0,95.0,1.0
1,278,392.0,90.0,387.0,85.0,397.0,95.0,1.0
1,279,392.0,90.0,387.0,85.0,397.0,95.0,1.0
1,280,392.0,90.0,387.0,85.0,397.0,95.0,1.0
1,281,392.0,90.0,387.0,85.0,397.0,95.0,1.0
1,282,392.0,90.0,387.0,85.0,397.0,95.0,1.0
1,283,392.0,90.0,387.0,85.0,397.0,95.0,1.0
1,284,392.0,90.0,387.0,85.0,397.0,95.0,1.0
1,285,392.0,90.0,387.0,85.0,397.0,95.0,1.0
1,286,392.0,90.0,387.0,85.0,397.0,95.0,1.0
1,287,392.0,90.0,387.0,85.0,397.0,95.0,1.0
1,288,392.0,90.0,387.0,85.0,397.0,95.0,1.0
1,289,392.0,90.0,387.0,85.0,397.0,95.0,1.0
1,290,392.0,90.0,387.0,85.0,397.0,95.0,1.0
1,291,392.0,90.0,387.0,85.0,397.0,95.0,1.0
1,292,392.0,90.0,387.0,85.0,397.0,95.0,1.0
1,293,392.0,90.0,387.0,85.0,397.0,95.0,1.0
1,294,392.0,90.0,387.0,85.0,397.0,95.0,1.0
1,295,392.0,90.0,387.0,85.0,397.0,95.0,1.0
1,296,392.0,90.0,387.0,85.0,397.0,95.0,1.0
1,297,392.0,90.0,387.0,85.0,397.0,95.0,1.0
1,298,392.0,90.0,387.0,85.0,397.0,95.0,1.0
1,299,392.0,90.0,387.0,85.0,397.0,95.0,1.0
1,300,392.0,90.0,387.0,85.0,397.0,95.0,1.0
1,301,392.0,90.0,387.0,85.0,397.0,95.0,1.0
1,302,392.0,90.0,387.0,85.0,397.0,95.0,1.0
1,303,392.0,90.0,387.0,85.0,397.0,95.0,1.0
1,304,392.0,90.0,387.0,85.0,397.0,95.0,1.0
1,305,392.0,90.0,387.0,85.0,397.0,95.0,1.0
1,306,392.0,90.0,387.0,85.0,397.0,95.0,1.0
1,307,392.0,90.0,387.0,85.0,397.0,95.0,1.0
1,308,392.0,90.0,387.0,85.0,397.0,95.0,1.0
1,309,392.0,90.0,387.0,85.0,397.0,95.0,1.0
1,310,392.0,90.0,387.0,85.0,397.0,95.0,1.0
1,311,392.0,90.0,387.0,85.0,397.0,95.0,1.0
1,312,392.0,90.0,387.0,85.0,397.0,95.0,1.0
1,313,392.0,90.0,387.0,85.0,397.0,95.0,1.0
1,314,392.0,90.0,387.0,85.0,397.0,95.0,1.0
1,315,392.0,90.0,387.0,85.0,397.0,95.0,1.0
1,316,392.0,90.0,387.0,85.0,397.0,95.0,1.0
1,317,392.0,90.0,387.0,85.0,397.0,95.0,1.0
1,318,392.0,90.0,387.0,85.0,397.0,95.0,1.0
1,319,392.0,90.0,387.0,85.0,397.0,95.0,1.0
1,320,392.0,90.0,387.0,85.0,397.0,95.0,1.0
1,321,392.0,90.0,387.0,85.0,397.0,95.0,1.0
1,322,392.0,90.0,387.0,85.0,397.0,95.0,1.0
1,323,392.0,90.0,387.0,85.0,397.0,95.0,1.0
1,324,392.0,90.0,387.0,85.0,397.0,95.0,1.0
1,325,392.0,90.0,387.0,85.0,397.0,95.0,1.0
1,326,392.0,90.0,387.0,85.0,397.0,95.0,1.0
1,327,392.0,90.0,387.0,85.0,397.0,95.0,1.0
1,328,392.0,90.0,387.0,85.0,397.0,95.0,1.0
1,329,392.0,90.0,387.0,85.0,397.0,95.0,1.0
1,330,392.0,90.0,387.0,85.0,397.0,95.0,1.0
1,331,392.0,90.0,387.0,85.0,397.0,95.0,1.0
1,332,392.0,90.0,387.0,85.0,397.0,95.0,1.0
1,333,392.0,90.0,387.0,85.0,397.0,95.0,1.0
1,334,392.0,90.0,387.0,85.0,397.0,95.0,1.0
1,335,392.0,90.0,387.0,85.0,397.0,95.0,1.0
1,336,392.0,90.0,387.0,85.0,397.0,95.0,1.0
1,337,392.0,90.0,387.0,85.0,397.0,95.0,1.0
1,338,392.0,90.0,387.0,85.0,397.0,95.0,1.0
1,339,392.0,90.0,387.0,85.0,397.0,95.0,1.0
1,340,392.0,90.0,387.0,85.0,397.0,95.0,1.0
1,341,392.0,90.0,387.0,85.0,397.0,95.0,1.0
1,342,392.0,90.0,387.0,85.0,397.0,95.0,1.0
1,343,392.0,90.0,387.0,85.0,397.0,95.0,1.0
1,344,392.0,90.0,387.0,85.0,397.0,95.0,1.0
1,345,392.0,90.0,387.0,85.0,397.0,95.0,1.0
1,346,392.0,90.0,387.0,85.0,397.0,95.0,1.0
1,347,392.0,90.0,387.0,85.0,397.0,95.0,1.0
1,348,392.0,90.0,387.0,85.0,397.0,95.0,1.0
1,349,392.0,90.0,387.0,85.0,397.0,95.0,1.0
1,350,392.0,90.0,387.0,85.0,397.0,95.0,1.0
1,351,392.0,90.0,387.0,85.0,397.0,95.0,1.0
1,352,392.0,90.0,387.0,85.0,397.0,95.0,1.0
1,353,392.0,90.0,387.0,85.0,397.0,95.0,1.0
1,354,392.0,90.0,387.0,85.0,397.0,95.0,1.0
1,355,392.0,90.0,387.0,85.0,397.0,95.0,1.0
1,356,392.0,90.0,387.0,85.0,397.0,95.0,1.0
1,357,392.0,90.0,387.0,85.0,397.0,95.0,1.0
1,358,392.0,90.0,387.0,85.0,397.0,95.0,1.0
1,359,392.0,90.0,387.0,85.0,397.0,95.0,1.0
1,360,392.0,90.0,387.0,85.0,397.0,95.0,1.0
1,361,392.0,90.0,387.0,85.0,397.0,95.0,1.0
1,362,392.0,90.0,387.0,85.0,397.0,95.0,1.0
1,363,392.0,90.0,387.0,85.0,397.0,95.0,1.0
1,364,392.0,90.0,387.0,85.0,397.0,95.0,1.0
1,365,392.0,90.0,387.0,85.0,397.0,95.0,1.0
1,366,392.0,90.0,387.0,85.0,397.0,95.0,1.0
1,367,392.0,90.0,387.0,85.0,397.0,95.0,1.0
1,368,392.0,90.0,387.0,85.0,397.0,95.0,1.0
1,369,392.0,90.0,387.0,85.0,397.0,95.0,1.0
1,370,392.0,90.0,387.0,85.0,397.0,95.0,1.0
1,371,392.0,90.0,387.0,85.0,397.0,95.0,1.0
1,372,392.0,90.0,387.0,85.0,397.0,95.0,1.0
1,373,392.0,90.0,387.0,85.0,397.0,95.0,1.0
1,374,392.0,90.0,387.0,85.0,397.0,95.0,1.0
1,375,392.0,90.0,387.0,85.0,397.0,95.0,1.0
1,376,392.0,90.0,387.0,85.0,397.0,95.0,1.0
1,377,392.0,90.0,387.0,85.0,397.0,95.0,1.0
1,378,392.0,90.0,387.0,85.0,397.0,95.0,1.0
1,379,392.0,90.0,387.0,85.0,397.0,95.0,1.0
1,380,392.0,90.0,387.0,85.0,397.0,95.0,1.0
1,381,392.0,90.0,387.0,85.0,397.0,95.0,1.0
1,382,392.0,90.0,387.0,85.0,397.0,95.0,1.0
1,383,392.0,90.0,387.0,85.0,397.0,95.0,1.0
1,384,392.0,90.0,387.0,85.0,397.0,95.0,1.0
1,385,392.0,90.0,387.0,85.0,397.0,95.0,1.0
1,386,392.0,90.0,387.0,85.0,397.0,95.0,1.0
1,387,392.0,90.0,387.0,85.0,397.0,95.0,1.0
1,388,392.0,90.0,387.0,85.0,397.0,95.0,1.0
1,389,392.0,90.0,387.0,85.0,397.0,95.0,1.0
1,390,392.0,90.0,387.0,85.0,397.0,95.0,1.0
1,391,392.0,90.0,387.0,85.0,397.0,95.0,1.0
1,392,392.0,90.0,387.0,85.0,397.0,95.0,1.0
1,393,392.0,90.0,387.0,85.0,397.0,95.0,1.0
1,394,392.0,90.0,387.0,85.0,397.0,95.0,1.0
1,395,392.0,90.0,387.0,85.0,397.0,95.0,1.0
1,396,392.0,90.0,387.0,85.0,397.0,95.0,1.0
1,397,392.0,90.0,387.0,85.0,397.0,95.0,1.0
1,398,392.0,90.0,387.0,85.0,397.0,95.0,1.0
1,399,392.0,90.0,387.0,85.0,397.0,95.0,1.0
1,400,392.0,90.0,387.0,85.0,397.0,95.0,1.0
1,401,392.0,90.0,387.0,85.0,397.0,95.0,1.0
1,402,392.0,90.0,387.0,85.0,397.0,95.0,1.0
1,403,392.0,90.0,387.0,85.0,397.0,95.0,1.0
1,404,392.0,90.0,387.0,85.0,397.0,95.0,1.0
1,405,392.0,90.0,387.0,85.0,397.0,95.0,1.0
1,406,392.0,90.0,387.0,85.0,397.0,95.0,1.0
1,407,392.0,90.0,387.0,85.0,397.0,95.0,1.0
1,408,392.0,90.0,387.0,85.0,397.0,95.0,1.0
1,409,392.0,90.0,387.0,85.0,397.0,95.0,1.0
1,410,392.0,90.0,387.0,85.0,397.0,95.0,1.0
1,411,392.0,90.0,387.0,85.0,397.0,95.0,1.0
1,412,392.0,90.0,387.0,85.0,397.0,95.0,1.0
1,413,392.0,90.0,387.0,85.0,397.0,95.0,1.0
1,414,392.0,90.0,387.0,85.0,397.0,95.0,1.0
1,415,392.0,90.0,387.0,85.0,397.0,95.0,1.0
1,416,392.0,90.0,387.0,85.0,397.0,95.0,1.0
1,417,392.0,90.0,387.0,85.0,397.0,95.0,1.0
1,418,392.0,90.0,387.0,85.0,397.0,95.0,1.0
1,419,392.0,90.0,387.0,85.0,397.0,95.0,1.0
1,420,392.0,90.0,387.0,85.0,397.0,95.0,1.0
1,421,392.0,90.0,387.0,85.0,397.0,95.0,1.0
1,422,392.0,90.0,387.0,85.0,397.0,95.0,1.0
1,423,392.0,90.0,387.0,85.0,397.0,95.0,1.0
1,424,392.0,90.0,387.0,85.0,397.0,95.0,1.0
1,425,392.0,90.0,387.0,85.0,397.0,95.0,1.0
1,426,392.0,90.0,387.0,85.0,397.0,95.0,1.0
1,427,392.0,90.0,387.0,85.0,397.0,95.0,1.0
1,428,392.0,90.0,387.0,85.0,397.0,95.0,1.0
1,429,392.0,90.0,387.0,85.0,397.0,95.0,1.0
1,430,392.0,90.0,387.0,85.0,397.0,95.0,1.0
1,431,392.0,90.0,387.0,85.0,397.0,95.0,1.0
1,432,392.0,90.0,387.0,85.0,397.0,95.0,1.0
1,433,392.0,90.0,387.0,85.0,397.0,95.0,1.0
1,434,392.0,90.0,387.0,85.0,397.0,95.0,1.0
1,435,392.0,90.0,387.0,85.0,397.0,95.0,1.0
1,436,392.0,90.0,387.0,85.0,397.0,95.0,1.0
1,437,392.0,90.0,387.0,85.0,397.0,95.0,1.0
1,438,392.0,90.0,387.0,85.0,397.0,95.0,1.0
1,439,392.0,90.0,387.0,85.0,397.0,95.0,1.0
1,440,392.0,90.0,387.0,85.0,397.0,95.0,1.0
1,441,392.0,90.0,387.0,85.0,397.0,95.0,1.0
1,442,392.0,90.0,387.0,85.0,397.0,95.0,1.0
1,443,392.0,90.0,387.0,85.0,397.0,95.0,1.0
1,444,392.0,90.0,387.0,85.0,397.0,95.0,1.0
1,445,392.0,90.0,387.0,85.0,397.0,95.0,1.0
1,446,392.0,90.0,387.0,85.0,397.0,95.0,1.0
1,447,392.0,90.0,387.0,85.0,397.0,95.0,1.0
1,448,392.0,90.0,387.0,85.0,397.0,95.0,1.0
1,449,392.0,90.0,387.0,85.0,397.0,95.0,1.0
1,450,392.0,90.0,387.0,85.0,397.0,95.0,1.0
2,0,117.0,39.0,112.0,34.0,122.0,44.0,1.0
2,1,117.0,39.0,112.0,34.0,122.0,44.0,1.0
2,2,117.0,39.0,112.0,34.0,122.0,44.0,1.0
2,3,117.0,39.0,112.0,34.0,122.0,44.0,1.0
2,4,117.0,39.0,112.0,34.0,122.0,44.0,1.0
2,5,117.0,39.0,112.0,34.0,122.0,44.0,1.0
2,6,117.0,39.0,112.0,34.0,122.0,44.0,1.0
2,7,117.0,39.0,112.0,34.0,122.0,44.0,1.0
2,8,117.0,39.0,112.0,34.0,122.0,44.0,1.0
2,9,117.0,39.0,112.0,34.0,122.0,44.0,1.0
2,10,117.0,39.0,112.0,34.0,122.0,44.0,1.0
2,11,117.0,39.0,112.0,34.0,122.0,44.0,1.0
2,12,117.0,39.0,112.0,34.0,122.0,44.0,1.0
2,13,117.0,39.0,112.0,34.0,122.0,44.0,1.0
2,14,117.0,39.0,112.0,34.0,122.0,44.0,1.0
2,15,117.0,39.0,112.0,34.0,122.0,44.0,1.0
2,16,117.0,39.0,112.0,34.0,122.0,44.0,1.0
2,17,117.0,39.0,112.0,34.0,122.0,44.0,1.0
2,18,117.0,39.0,112.0,34.0,122.0,44.0,1.0
2,19,117.0,39.0,112.0,34.0,122.0,44.0,1.0
2,20,117.0,39.0,112.0,34.0,122.0,44.0,1.0
2,21,117.0,39.0,112.0,34.0,122.0,44.0,1.0
2,22,117.0,39.0,112.0,34.0,122.0,44.0,1.0
2,23,117.0,39.0,112.0,34.0,122.0,44.0,1.0
2,24,117.0,39.0,112.0,34.0,122.0,44.0,1.0
2,25,117.0,39.0,112.0,34.0,122.0,44.0,1.0
2,26,117.0,39.0,112.0,34.0,122.0,44.0,1.0
2,27,117.0,39.0,112.0,34.0,122.0,44.0,1.0
2,28,117.0,39.0,112.0,34.0,122.0,44.0,1.0
2,29,117.0,39.0,112.0,34.0,122.0,44.0,1.0
2,30,117.0,39.0,112.0,34.0,122.0,44.0,1.0
2,31,117.0,39.0,112.0,34.0,122.0,44.0,1.0
2,32,117.0,39.0,112.0,34.0,122.0,44.0,1.0
2,33,117.0,39.0,112.0,34.0,122.0,44.0,1.0
2,34,117.0,39.0,112.0,34.0,122.0,44.0,1.0
2,35,117.0,39.0,112.0,34.0,122.0,44.0,1.0
2,36,117.0,39.0,112.0,34.0,122.0,44.0,1.0
2,37,117.0,39.0,112.0,34.0,122.0,44.0,1.0
2,38,117.0,39.0,112.0,34.0,122.0,44.0,1.0
2,39,117.0,39.0,112.0,34.0,122.0,44.0,1.0
2,40,117.0,39.0,112.0,34.0,122.0,44.0,1.0
2,41,117.0,39.0,112.0,34.0,122.0,44.0,1.0
2,42,117.0,39.0,112.0,34.0,122.0,44.0,1.0
2,43,117.0,39.0,112.0,34.0,122.0,44.0,1.0
2,44,117.0,39.0,112.0,34.0,122.0,44.0,1.0
2,45,117.0,39.0,112.0,34.0,122.0,44.0,1.0
2,46,117.0,39.0,112.0,34.0,122.0,44.0,1.0
2,47,117.0,39.0,112.0,34.0,122.0,44.0,1.0
2,48,117.0,39.0,112.0,34.0,122.0,44.0,1.0
2,49,117.0,39.0,112.0,34.0,122.0,44.0,1.0
2,50,117.0,39.0,112.0,34.0,122.0,44.0,1.0
2,51,117.0,39.0,112.0,34.0,122.0,44.0,1.0
2,52,117.0,39.0,112.0,34.0,122.0,44.0,1.0
2,53,117.0,39.0,112.0,34.0,122.0,44.0,1.0
2,54,117.0,39.0,112.0,34.0,122.0,44.0,1.0
2,55,117.0,39.0,112.0,34.0,122.0,44.0,1.0
2,56,117.0,39.0,112.0,34.0,122.0,44.0,1.0
2,57,117.0,39.0,112.0,34.0,122.0,44.0,1.0
2,58,117.0,39.0,112.0,34.0,122.0,44.0,1.0
2,59,117.0,39.0,112.0,34.0,122.0,44.0,1.0
2,60,117.0,39.0,112.0,34.0,122.0,44.0,1.0
2,61,117.0,39.0,112.0,34.0,122.0,44.0,1.0
2,62,117.0,39.0,112.0,34.0,122.0,44.0,1.0
2,63,117.0,39.0,112.0,34.0,122.0,44.0,1.0
2,64,117.0,39.0,112.0,34.0,122.0,44.0,1.0
2,65,117.0,39.0,112.0,34.0,122.0,44.0,1.0
2,66,117.0,39.0,112.0,34.0,122.0,44.0,1.0
2,67,117.0,39.0,112.0,34.0,122.0,44.0,1.0
2,68,117.0,39.0,112.0,34.0,122.0,44.0,1.0
2,69,117.0,39.0,112.0,34.0,122.0,44.0,1.0
2,70,117.0,39.0,112.0,34.0,122.0,44.0,1.0
2,71,117.0,39.0,112.0,34.0,122.0,44.0,1.0
2,72,117.0,39.0,112.0,34.0,122.0,44.0,1.0
2,73,117.0,39.0,112.0,34.0,122.0,44.0,1.0
2,74,117.0,39.0,112.0,34.0,122.0,44.0,1.0
2,75,117.0,39.0,112.0,34.0,122.0,44.0,1.0
2,76,117.0,39.0,112.0,34.0,122.0,44.0,1.0
2,77,117.0,39.0,112.0,34.0,122.0,44.0,1.0
2,78,117.0,39.0,112.0,34.0,122.0,44.0,1.0
2,79,117.0,39.0,112.0,34.0,122.0,44.0,1.0
2,80,117.0,39.0,112.0,34.0,122.0,44.0,1.0
2,81,117.0,39.0,112.0,34.0,122.0,44.0,1.0
2,82,117.0,39.0,112.0,34.0,122.0,44.0,1.0
2,83,117.0,39.0,112.0,34.0,122.0,44.0,1.0
2,84,117.0,39.0,112.0,34.0,122.0,44.0,1.0
2,85,117.0,39.0,112.0,34.0,122.0,44.0,1.0
2,86,117.0,39.0,112.0,34.0,122.0,44.0,1.0
2,87,117.0,39.0,112.0,34.0,122.0,44.0,1.0
2,88,117.0,39.0,112.0,34.0,122.0,44.0,1.0
2,89,117.0,39.0,112.0,34.0,122.0,44.0,1.0
2,90,117.0,39.0,112.0,34.0,122.0,44.0,1.0
2,91,117.0,39.0,112.0,34.0,122.0,44.0,1.0
2,92,117.0,39.0,112.0,34.0,122.0,44.0,1.0
2,93,117.0,39.0,112.0,34.0,122.0,44.0,1.0
2,94,117.0,39.0,112.0,34.0,122.0,44.0,1.0
2,95,117.0,39.0,112.0,34.0,122.0,44.0,1.0
2,96,117.0,39.0,112.0,34.0,122.0,44.0,1.0
2,97,117.0,39.0,112.0,34.0,122.0,44.0,1.0
2,98,117.0,39.0,112.0,34.0,122.0,44.0,1.0
2,99,117.0,39.0,112.0,34.0,122.0,44.0,1.0
2,100,117.0,39.0,112.0,34.0,122.0,44.0,1.0
2,101,117.0,39.0,112.0,34.0,122.0,44.0,1.0
2,102,117.0,39.0,112.0,34.0,122.0,44.0,1.0
2,103,117.0,39.0,112.0,34.0,122.0,44.0,1.0
2,104,117.0,39.0,112.0,34.0,122.0,44.0,1.0
2,105,117.0,39.0,112.0,34.0,122.0,44.0,1.0
2,106,117.0,39.0,112.0,34.0,122.0,44.0,1.0
2,107,117.0,39.0,112.0,34.0,122.0,44.0,1.0
2,108,117.0,39.0,112.0,34.0,122.0,44.0,1.0
2,109,117.0,39.0,112.0,34.0,122.0,44.0,1.0
2,110,117.0,39.0,112.0,34.0,122.0,44.0,1.0
2,111,117.0,39.0,112.0,34.0,122.0,44.0,1.0
2,112,117.0,39.0,112.0,34.0,122.0,44.0,1.0
2,113,117.0,39.0,112.0,34.0,122.0,44.0,1.0
2,114,117.0,39.0,112.0,34.0,122.0,44.0,1.0
2,115,117.0,39.0,112.0,34.0,122.0,44.0,1.0
2,116,117.0,39.0,112.0,34.0,122.0,44.0,1.0
2,117,117.0,39.0,112.0,34.0,122.0,44.0,1.0
2,118,117.0,39.0,112.0,34.0,122.0,44.0,1.0
2,119,117.0,39.0,112.0,34.0,122.0,44.0,1.0
2,120,117.0,39.0,112.0,34.0,122.0,44.0,1.0
2,121,117.0,39.0,112.0,34.0,122.0,44.0,1.0
2,122,117.0,39.0,112.0,34.0,122.0,44.0,1.0
2,123,117.0,39.0,112.0,34.0,122.0,44.0,1.0
2,124,117.0,39.0,112.0,34.0,122.0,44.0,1.0
2,125,117.0,39.0,112.0,34.0,122.0,44.0,1.0
2,126,117.0,39.0,112.0,34.0,122.0,44.0,1.0
2,127,117.0,39.0,112.0,34.0,122.0,44.0,1.0
2,128,117.0,39.0,112.0,34.0,122.0,44.0,1.0
2,129,117.0,39.0,112.0,34.0,122.0,44.0,1.0
2,130,117.0,39.0,112.0,34.0,122.0,44.0,1.0
2,131,117.0,39.0,112.0,34.0,122.0,44.0,1.0
2,132,117.0,39.0,112.0,34.0,122.0,44.0,1.0
2,133,117.0,39.0,112.0,34.0,122.0,44.0,1.0
2,134,117.0,39.0,112.0,34.0,122.0,44.0,1.0
2,135,117.0,39.0,112.0,34.0,122.0,44.0,1.0
2,136,117.0,39.0,112.0,34.0,122.0,44.0,1.0
2,137,117.0,39.0,112.0,34.0,122.0,44.0,1.0
2,138,117.0,39.0,112.0,34.0,122.0,44.0,1.0
2,139,117.0,39.0,112.0,34.0,122.0,44.0,1.0
2,140,117.0,39.0,112.0,34.0,122.0,44.0,1.0
2,141,117.0,39.0,112.0,34.0,122.0,44.0,1.0
2,142,117.0,39.0,112.0,34.0,122.0,44.0,1.0
2,143,117.0,39.0,112.0,34.0,122.0,44.0,1.0
2,144,117.0,39.0,112.0,34.0,122.0,44.0,1.0
2,145,117.0,39.0,112.0,34.0,122.0,44.0,1.0
2,146,117.0,39.0,112.0,34.0,122.0,44.0,1.0
2,147,117.0,39.0,112.0,34.0,122.0,44.0,1.0
2,148,117.0,39.0,112.0,34.0,122.0,44.0,1.0
2,149,117.0,39.0,112.0,34.0,122.0,44.0,1.0
2,150,117.0,39.0,112.0,34.0,122.0,44.0,1.0
2,151,117.0,39.0,112.0,34.0,122.0,44.0,1.0
2,152,117.0,39.0,112.0,34.0,122.0,44.0,1.0
2,153,117.0,39.0,112.0,34.0,122.0,44.0,1.0
2,154,117.0,39.0,112.0,34.0,122.0,44.0,1.0
2,155,117.0,39.0,112.0,34.0,122.0,44.0,1.0
2,156,117.0,39.0,112.0,34.0,122.0,44.0,1.0
2,157,117.0,39.0,112.0,34.0,122.0,44.0,1.0
2,158,117.0,39.0,112.0,34.0,122.0,44.0,1.0
2,159,117.0,39.0,112.0,34.0,122.0,44.0,1.0
2,160,117.0,39.0,112.0,34.0,122.0,44.0,1.0
2,161,117.0,39.0,112.0,34.0,122.0,44.0,1.0
2,162,117.0,39.0,112.0,34.0,122.0,44.0,1.0
2,163,117.0,39.0,112.0,34.0,122.0,44.0,1.0
2,164,117.0,39.0,112.0,34.0,122.0,44.0,1.0
2,165,117.0,39.0,112.0,34.0,122.0,44.0,1.0
2,166,117.0,39.0,112.0,34.0,122.0,44.0,1.0
2,167,117.0,39.0,112.0,34.0,122.0,44.0,1.0
2,168,117.0,39.0,112.0,34.0,122.0,44.0,1.0
2,169,117.0,39.0,112.0,34.0,122.0,44.0,1.0
2,170,117.0,39.0,112.0,34.0,122.0,44.0,1.0
2,171,117.0,39.0,112.0,34.0,122.0,44.0,1.0
2,172,117.0,39.0,112.0,34.0,122.0,44.0,1.0
2,173,117.0,39.0,112.0,34.0,122.0,44.0,1.0
2,174,117.0,39.0,112.0,34.0,122.0,44.0,1.0
2,175,117.0,39.0,112.0,34.0,122.0,44.0,1.0
2,176,117.0,39.0,112.0,34.0,122.0,44.0,1.0
2,177,117.0,39.0,112.0,34.0,122.0,44.0,1.0
2,178,117.0,39.0,112.0,34.0,122.0,44.0,1.0
2,179,117.0,39.0,112.0,34.0,122.0,44.0,1.0
2,180,117.0,39.0,112.0,34.0,122.0,44.0,1.0
2,181,117.0,39.0,112.0,34.0,122.0,44.0,1.0
2,182,117.0,39.0,112.0,34.0,122.0,44.0,1.0
2,183,117.0,39.0,112.0,34.0,122.0,44.0,1.0
2,184,117.0,39.0,112.0,34.0,122.0,44.0,1.0
2,185,117.0,39.0,112.0,34.0,122.0,44.0,1.0
2,186,117.0,39.0,112.0,34.0,122.0,44.0,1.0
2,187,117.0,39.0,112.0,34.0,122.0,44.0,1.0
2,188,117.0,39.0,112.0,34.0,122.0,44.0,1.0
2,189,117.0,39.0,112.0,34.0,122.0,44.0,1.0
2,190,117.0,39.0,112.0,34.0,122.0,44.0,1.0
2,191,117.0,39.0,112.0,34.0,122.0,44.0,1.0
2,192,117.0,39.0,112.0,34.0,122.0,44.0,1.0
2,193,117.0,39.0,112.0,34.0,122.0,44.0,1.0
2,194,117.0,39.0,112.0,34.0,122.0,44.0,1.0
2,195,117.0,39.0,112.0,34.0,122.0,44.0,1.0
2,196,117.0,39.0,112.0,34.0,122.0,44.0,1.0
2,197,117.0,39.0,112.0,34.0,122.0,44.0,1.0
2,198,117.0,39.0,112.0,34.0,122.0,44.0,1.0
2,199,117.0,39.0,112.0,34.0,122.0,44.0,1.0
2,200,117.0,39.0,112.0,34.0,122.0,44.0,1.0
2,201,117.0,39.0,112.0,34.0,122.0,44.0,1.0
2,202,117.0,39.0,112.0,34.0,122.0,44.0,1.0
2,203,117.0,39.0,112.0,34.0,122.0,44.0,1.0
2,204,117.0,39.0,112.0,34.0,122.0,44.0,1.0
2,205,117.0,39.0,112.0,34.0,122.0,44.0,1.0
2,206,117.0,39.0,112.0,34.0,122.0,44.0,1.0
2,207,117.0,39.0,112.0,34.0,122.0,44.0,1.0
2,208,117.0,39.0,112.0,34.0,122.0,44.0,1.0
2,209,117.0,39.0,112.0,34.0,122.0,44.0,1.0
2,210,117.0,39.0,112.0,34.0,122.0,44.0,1.0
2,211,117.0,39.0,112.0,34.0,122.0,44.0,1.0
2,212,117.0,39.0,112.0,34.0,122.0,44.0,1.0
2,213,117.0,39.0,112.0,34.0,122.0,44.0,1.0
2,214,117.0,39.0,112.0,34.0,122.0,44.0,1.0
2,215,117.0,39.0,112.0,34.0,122.0,44.0,1.0
2,216,117.0,39.0,112.0,34.0,122.0,44.0,1.0
2,217,117.0,39.0,112.0,34.0,122.0,44.0,1.0
2,218,117.0,39.0,112.0,34.0,122.0,44.0,1.0
2,219,117.0,39.0,112.0,34.0,122.0,44.0,1.0
2,220,117.0,39.0,112.0,34.0,122.0,44.0,1.0
2,221,117.0,39.0,112.0,34.0,122.0,44.0,1.0
2,222,117.0,39.0,112.0,34.0,122.0,44.0,1.0
2,223,117.0,39.0,112.0,34.0,122.0,44.0,1.0
2,224,117.0,39.0,112.0,34.0,122.0,44.0,1.0
2,225,117.0,39.0,112.0,34.0,122.0,44.0,1.0
2,226,117.0,39.0,112.0,34.0,122.0,44.0,1.0
2,227,117.0,39.0,112.0,34.0,122.0,44.0,1.0
2,228,117.0,39.0,112.0,34.0,122.0,44.0,1.0
2,229,117.0,39.0,112.0,34.0,122.0,44.0,1.0
2,230,117.0,39.0,112.0,34.0,122.0,44.0,1.0
2,231,117.0,39.0,112.0,34.0,122.0,44.0,1.0
2,232,117.0,39.0,112.0,34.0,122.0,44.0,1.0
2,233,117.0,39.0,112.0,34.0,122.0,44.0,1.0
2,234,117.0,39.0,112.0,34.0,122.0,44.0,1.0
2,235,117.0,39.0,112.0,34.0,122.0,44.0,1.0
2,236,117.0,39.0,112.0,34.0,122.0,44.0,1.0
2,237,117.0,39.0,112.0,34.0,122.0,44.0,1.0
2,238,117.0,39.0,112.0,34.0,122.0,44.0,1.0
2,239,117.0,39.0,112.0,34.0,122.0,44.0,1.0
2,240,117.0,39.0,112.0,34.0,122.0,44.0,1.0
2,241,117.0,39.0,112.0,34.0,122.0,44.0,1.0
2,242,117.0,39.0,112.0,34.0,122.0,44.0,1.0
2,243,117.0,39.0,112.0,34.0,122.0,44.0,1.0
2,244,117.0,39.0,112.0,34.0,122.0,44.0,1.0
2,245,117.0,39.0,112.0,34.0,122.0,44.0,1.0
2,246,117.0,39.0,112.0,34.0,122.0,44.0,1.0
2,247,117.0,39.0,112.0,34.0,122.0,44.0,1.0
2,248,117.0,39.0,112.0,34.0,122.0,44.0,1.0
2,249,117.0,39.0,112.0,34.0,122.0,44.0,1.0
2,250,117.0,39.0,112.0,34.0,122.0,44.0,1.0
2,251,117.0,39.0,112.0,34.0,122.0,44.0,1.0
2,252,117.0,39.0,112.0,34.0,122.0,44.0,1.0
2,253,117.0,39.0,112.0,34.0,122.0,44.0,1.0
2,254,117.0,39.0,112.0,34.0,122.0,44.0,1.0
2,255,117.0,39.0,112.0,34.0,122.0,44.0,1.0
2,256,117.0,39.0,112.0,34.0,122.0,44.0,1.0
2,257,117.0,39.0,112.0,34.0,122.0,44.0,1.0
2,258,117.0,39.0,112.0,34.0,122.0,44.0,1.0
2,259,117.0,39.0,112.0,34.0,122.0,44.0,1.0
2,260,117.0,39.0,112.0,34.0,122.0,44.0,1.0
2,261,117.0,39.0,112.0,34.0,122.0,44.0,1.0
2,262,117.0,39.0,112.0,34.0,122.0,44.0,1.0
2,263,117.0,39.0,112.0,34.0,122.0,44.0,1.0
2,264,117.0,39.0,112.0,34.0,122.0,44.0,1.0
2,265,117.0,39.0,112.0,34.0,122.0,44.0,1.0
2,266,117.0,39.0,112.0,34.0,122.0,44.0,1.0
2,267,117.0,39.0,112.0,34.0,122.0,44.0,1.0
2,268,117.0,39.0,112.0,34.0,122.0,44.0,1.0
2,269,117.0,39.0,112.0,34.0,122.0,44.0,1.0
2,270,117.0,39.0,112.0,34.0,122.0,44.0,1.0
2,271,117.0,39.0,112.0,34.0,122.0,44.0,1.0
2,272,117.0,39.0,112.0,34.0,122.0,44.0,1.0
2,273,117.0,39.0,112.0,34.0,122.0,44.0,1.0
2,274,117.0,39.0,112.0,34.0,122.0,44.0,1.0
2,275,117.0,39.0,112.0,34.0,122.0,44.0,1.0
2,276,117.0,39.0,112.0,34.0,122.0,44.0,1.0
2,277,117.0,39.0,112.0,34.0,122.0,44.0,1.0
2,278,117.0,39.0,112.0,34.0,122.0,44.0,1.0
2,279,117.0,39.0,112.0,34.0,122.0,44.0,1.0
2,280,117.0,39.0,112.0,34.0,122.0,44.0,1.0
2,281,117.0,39.0,112.0,34.0,122.0,44.0,1.0
2,282,117.0,39.0,112.0,34.0,122.0,44.0,1.0
2,283,117.0,39.0,112.0,34.0,122.0,44.0,1.0
2,284,117.0,39.0,112.0,34.0,122.0,44.0,1.0
2,285,117.0,39.0,112.0,34.0,122.0,44.0,1.0
2,286,117.0,39.0,112.0,34.0,122.0,44.0,1.0
2,287,117.0,39.0,112.0,34.0,122.0,44.0,1.0
2,288,117.0,39.0,112.0,34.0,122.0,44.0,1.0
2,289,117.0,39.0,112.0,34.0,122.0,44.0,1.0
2,290,117.0,39.0,112.0,34.0,122.0,44.0,1.0
2,291,117.0,39.0,112.0,34.0,122.0,44.0,1.0
2,292,117.0,39.0,112.0,34.0,122.0,44.0,1.0
2,293,117.0,39.0,112.0,34.0,122.0,44.0,1.0
2,294,117.0,39.0,112.0,34.0,122.0,44.0,1.0
2,295,117.0,39.0,112.0,34.0,122.0,44.0,1.0
2,296,117.0,39.0,112.0,34.0,122.0,44.0,1.0
2,297,117.0,39.0,112.0,34.0,122.0,44.0,1.0
2,298,117.0,39.0,112.0,34.0,122.0,44.0,1.0
2,299,117.0,39.0,112.0,34.0,122.0,44.0,1.0
2,300,117.0,39.0,112.0,34.0,122.0,44.0,1.0
2,301,117.0,39.0,112.0,34.0,122.0,44.0,1.0
2,302,117.0,39.0,112.0,34.0,122.0,44.0,1.0
2,303,117.0,39.0,112.0,34.0,122.0,44.0,1.0
2,304,117.0,39.0,112.0,34.0,122.0,44.0,1.0
2,305,117.0,39.0,112.0,34.0,122.0,44.0,1.0
2,306,117.0,39.0,112.0,34.0,122.0,44.0,1.0
2,307,117.0,39.0,112.0,34.0,122.0,44.0,1.0
2,308,117.0,39.0,112.0,34.0,122.0,44.0,1.0
2,309,117.0,39.0,112.0,34.0,122.0,44.0,1.0
2,310,117.0,39.0,112.0,34.0,122.0,44.0,1.0
2,311,117.0,39.0,112.0,34.0,122.0,44.0,1.0
2,312,117.0,39.0,112.0,34.0,122.0,44.0,1.0
2,313,117.0,39.0,112.0,34.0,122.0,44.0,1.0
2,314,117.0,39.0,112.0,34.0,122.0,44.0,1.0
2,315,117.0,39.0,112.0,34.0,122.0,44.0,1.0
2,316,117.0,39.0,112.0,34.0,122.0,44.0,1.0
2,317,117.0,39.0,112.0,34.0,122.0,44.0,1.0
2,318,117.0,39.0,112.0,34.0,122.0,44.0,1.0
2,319,117.0,39.0,112.0,34.0,122.0,44.0,1.0
2,320,117.0,39.0,112.0,34.0,122.0,44.0,1.0
2,321,117.0,39.0,112.0,34.0,122.0,44.0,1.0
2,322,117.0,39.0,112.0,34.0,122.0,44.0,1.0
2,323,117.0,39.0,112.0,34.0,122.0,44.0,1.0
2,324,117.0,39.0,112.0,34.0,122.0,44.0,1.0
2,325,117.0,39.0,112.0,34.0,122.0,44.0,1.0
2,326,117.0,39.0,112.0,34.0,122.0,44.0,1.0
2,327,117.0,39.0,112.0,34.0,122.0,44.0,1.0
2,328,117.0,39.0,112.0,34.0,122.0,44.0,1.0
2,329,117.0,39.0,112.0,34.0,122.0,44.0,1.0
2,330,117.0,39.0,112.0,34.0,122.0,44.0,1.0
2,331,117.0,39.0,112.0,34.0,122.0,44.0,1.0
2,332,117.0,39.0,112.0,34.0,122.0,44.0,1.0
2,333,117.0,39.0,112.0,34.0,122.0,44.0,1.0
2,334,117.0,39.0,112.0,34.0,122.0,44.0,1.0
2,335,117.0,39.0,112.0,34.0,122.0,44.0,1.0
2,336,117.0,39.0,112.0,34.0,122.0,44.0,1.0
2,337,117.0,39.0,112.0,34.0,122.0,44.0,1.0
2,338,117.0,39.0,112.0,34.0,122.0,44.0,1.0
2,339,117.0,39.0,112.0,34.0,122.0,44.0,1.0
2,340,117.0,39.0,112.0,34.0,122.0,44.0,1.0
2,341,117.0,39.0,112.0,34.0,122.0,44.0,1.0
2,342,117.0,39.0,112.0,34.0,122.0,44.0,1.0
2,343,117.0,39.0,112.0,34.0,122.0,44.0,1.0
2,344,117.0,39.0,112.0,34.0,122.0,44.0,1.0
2,345,117.0,39.0,112.0,34.0,122.0,44.0,1.0
2,346,117.0,39.0,112.0,34.0,122.0,44.0,1.0
2,347,117.0,39.0,112.0,34.0,122.0,44.0,1.0
2,348,117.0,39.0,112.0,34.0,122.0,44.0,1.0
2,349,117.0,39.0,112.0,34.0,122.0,44.0,1.0
2,350,117.0,39.0,112.0,34.0,122.0,44.0,1.0
2,351,117.0,39.0,112.0,34.0,122.0,44.0,1.0
2,352,117.0,39.0,112.0,34.0,122.0,44.0,1.0
2,353,117.0,39.0,112.0,34.0,122.0,44.0,1.0
2,354,117.0,39.0,112.0,34.0,122.0,44.0,1.0
2,355,117.0,39.0,112.0,34.0,122.0,44.0,1.0
2,356,117.0,39.0,112.0,34.0,122.0,44.0,1.0
2,357,117.0,39.0,112.0,34.0,122.0,44.0,1.0
2,358,117.0,39.0,112.0,34.0,122.0,44.0,1.0
2,359,117.0,39.0,112.0,34.0,122.0,44.0,1.0
2,360,117.0,39.0,112.0,34.0,122.0,44.0,1.0
2,361,117.0,39.0,112.0,34.0,122.0,44.0,1.0
2,362,117.0,39.0,112.0,34.0,122.0,44.0,1.0
2,363,117.0,39.0,112.0,34.0,122.0,44.0,1.0
2,364,117.0,39.0,112.0,34.0,122.0,44.0,1.0
2,365,117.0,39.0,112.0,34.0,122.0,44.0,1.0
2,366,117.0,39.0,112.0,34.0,122.0,44.0,1.0
2,367,117.0,39.0,112.0,34.0,122.0,44.0,1.0
2,368,117.0,39.0,112.0,34.0,122.0,44.0,1.0
2,369,117.0,39.0,112.0,34.0,122.0,44.0,1.0
2,370,117.0,39.0,112.0,34.0,122.0,44.0,1.0
2,371,117.0,39.0,112.0,34.0,122.0,44.0,1.0
2,372,117.0,39.0,112.0,34.0,122.0,44.0,1.0
2,373,117.0,39.0,112.0,34.0,122.0,44.0,1.0
2,374,117.0,39.0,112.0,34.0,122.0,44.0,1.0
2,375,117.0,39.0,112.0,34.0,122.0,44.0,1.0
2,376,117.0,39.0,112.0,34.0,122.0,44.0,1.0
2,377,117.0,39.0,112.0,34.0,122.0,44.0,1.0
2,378,117.0,39.0,112.0,34.0,122.0,44.0,1.0
2,379,117.0,39.0,112.0,34.0,122.0,44.0,1.0
2,380,117.0,39.0,112.0,34.0,122.0,44.0,1.0
2,381,117.0,39.0,112.0,34.0,122.0,44.0,1.0
2,382,117.0,39.0,112.0,34.0,122.0,44.0,1.0
2,383,117.0,39.0,112.0,34.0,122.0,44.0,1.0
2,384,117.0,39.0,112.0,34.0,122.0,44.0,1.0
2,385,117.0,39.0,112.0,34.0,122.0,44.0,1.0
2,386,117.0,39.0,112.0,34.0,122.0,44.0,1.0
2,387,117.0,39.0,112.0,34.0,122.0,44.0,1.0
2,388,117.0,39.0,112.0,34.0,122.0,44.0,1.0
2,389,117.0,39.0,112.0,34.0,122.0,44.0,1.0
2,390,117.0,39.0,112.0,34.0,122.0,44.0,1.0
2,391,117.0,39.0,112.0,34.0,122.0,44.0,1.0
2,392,117.0,39.0,112.0,34.0,122.0,44.0,1.0
2,393,117.0,39.0,112.0,34.0,122.0,44.0,1.0
2,394,117.0,39.0,112.0,34.0,122.0,44.0,1.0
2,395,117.0,39.0,112.0,34.0,122.0,44.0,1.0
2,396,117.0,39.0,112.0,34.0,122.0,44.0,1.0
2,397,117.0,39.0,112.0,34.0,122.0,44.0,1.0
2,398,117.0,39.0,112.0,34.0,122.0,44.0,1.0
2,399,117.0,39.0,112.0,34.0,122.0,44.0,1.0
2,400,117.0,39.0,112.0,34.0,122.0,44.0,1.0
2,401,117.0,39.0,112.0,34.0,122.0,44.0,1.0
2,402,117.0,39.0,112.0,34.0,122.0,44.0,1.0
2,403,117.0,39.0,112.0,34.0,122.0,44.0,1.0
2,404,117.0,39.0,112.0,34.0,122.0,44.0,1.0
2,405,117.0,39.0,112.0,34.0,122.0,44.0,1.0
2,406,117.0,39.0,112.0,34.0,122.0,44.0,1.0
2,407,117.0,39.0,112.0,34.0,122.0,44.0,1.0
2,408,117.0,39.0,112.0,34.0,122.0,44.0,1.0
2,409,117.0,39.0,112.0,34.0,122.0,44.0,1.0
2,410,117.0,39.0,112.0,34.0,122.0,44.0,1.0
2,411,117.0,39.0,112.0,34.0,122.0,44.0,1.0
2,412,117.0,39.0,112.0,34.0,122.0,44.0,1.0
2,413,117.0,39.0,112.0,34.0,122.0,44.0,1.0
2,414,117.0,39.0,112.0,34.0,122.0,44.0,1.0
2,415,117.0,39.0,112.0,34.0,122.0,44.0,1.0
2,416,117.0,39.0,112.0,34.0,122.0,44.0,1.0
2,417,117.0,39.0,112.0,34.0,122.0,44.0,1.0
2,418,117.0,39.0,112.0,34.0,122.0,44.0,1.0
2,419,117.0,39.0,112.0,34.0,122.0,44.0,1.0
2,420,117.0,39.0,112.0,34.0,122.0,44.0,1.0
2,421,117.0,39.0,112.0,34.0,122.0,44.0,1.0
2,422,117.0,39.0,112.0,34.0,122.0,44.0,1.0
2,423,117.0,39.0,112.0,34.0,122.0,44.0,1.0
2,424,117.0,39.0,112.0,34.0,122.0,44.0,1.0
2,425,117.0,39.0,112.0,34.0,122.0,44.0,1.0
2,426,117.0,39.0,112.0,34.0,122.0,44.0,1.0
2,427,117.0,39.0,112.0,34.0,122.0,44.0,1.0
2,428,117.0,39.0,112.0,34.0,122.0,44.0,1.0
2,429,117.0,39.0,112.0,34.0,122.0,44.0,1.0
2,430,117.0,39.0,112.0,34.0,122.0,44.0,1.0
2,431,117.0,39.0,112.0,34.0,122.0,44.0,1.0
2,432,117.0,39.0,112.0,34.0,122.0,44.0,1.0
2,433,117.0,39.0,112.0,34.0,122.0,44.0,1.0
2,434,117.0,39.0,112.0,34.0,122.0,44.0,1.0
2,435,117.0,39.0,112.0,34.0,122.0,44.0,1.0
2,436,117.0,39.0,112.0,34.0,122.0,44.0,1.0
2,437,117.0,39.0,112.0,34.0,122.0,44.0,1.0
2,438,117.0,39.0,112.0,34.0,122.0,44.0,1.0
2,439,117.0,39.0,112.0,34.0,122.0,44.0,1.0
2,440,117.0,39.0,112.0,34.0,122.0,44.0,1.0
2,441,117.0,39.0,112.0,34.0,122.0,44.0,1.0
2,442,117.0,39.0,112.0,34.0,122.0,44.0,1.0
2,443,117.0,39.0,112.0,34.0,122.0,44.0,1.0
2,444,117.0,39.0,112.0,34.0,122.0,44.0,1.0
2,445,117.0,39.0,112.0,34.0,122.0,44.0,1.0
2,446,117.0,39.0,112.0,34.0,122.0,44.0,1.0
2,447,117.0,39.0,112.0,34.0,122.0,44.0,1.0
2,448,117.0,39.0,112.0,34.0,122.0,44.0,1.0
2,449,117.0,39.0,112.0,34.0,122.0,44.0,1.0
2,450,117.0,39.0,112.0,34.0,122.0,44.0,1.0
3,0,269.5,182.5,264.5,177.5,274.5,187.5,1.0
3,1,269.5,182.5,264.5,177.5,274.5,187.5,1.0
3,2,269.5,182.5,264.5,177.5,274.5,187.5,1.0
3,3,269.5,182.5,264.5,177.5,274.5,187.5,1.0
3,4,269.5,182.5,264.5,177.5,274.5,187.5,1.0
3,5,269.5,182.5,264.5,177.5,274.5,187.5,1.0
3,6,269.5,182.5,264.5,177.5,274.5,187.5,1.0
3,7,269.5,182.5,264.5,177.5,274.5,187.5,1.0
3,8,269.5,182.5,264.5,177.5,274.5,187.5,1.0
3,9,269.5,182.5,264.5,177.5,274.5,187.5,1.0
3,10,269.5,182.5,264.5,177.5,274.5,187.5,1.0
3,11,269.5,182.5,264.5,177.5,274.5,187.5,1.0
3,12,269.5,182.5,264.5,177.5,274.5,187.5,1.0
3,13,269.5,182.5,264.5,177.5,274.5,187.5,1.0
3,14,269.5,182.5,264.5,177.5,274.5,187.5,1.0
3,15,269.5,182.5,264.5,177.5,274.5,187.5,1.0
3,16,269.5,182.5,264.5,177.5,274.5,187.5,1.0
3,17,269.5,182.5,264.5,177.5,274.5,187.5,1.0
3,18,269.5,182.5,264.5,177.5,274.5,187.5,1.0
3,19,269.5,182.5,264.5,177.5,274.5,187.5,1.0
3,20,269.5,182.5,264.5,177.5,274.5,187.5,1.0
3,21,269.5,182.5,264.5,177.5,274.5,187.5,1.0
3,22,269.5,182.5,264.5,177.5,274.5,187.5,1.0
3,23,269.5,182.5,264.5,177.5,274.5,187.5,1.0
3,24,269.5,182.5,264.5,177.5,274.5,187.5,1.0
3,25,269.5,182.5,264.5,177.5,274.5,187.5,1.0
3,26,269.5,182.5,264.5,177.5,274.5,187.5,1.0
3,27,269.5,182.5,264.5,177.5,274.5,187.5,1.0
3,28,269.5,182.5,264.5,177.5,274.5,187.5,1.0
3,29,269.5,182.5,264.5,177.5,274.5,187.5,1.0
3,30,269.5,182.5,264.5,177.5,274.5,187.5,1.0
3,31,269.5,182.5,264.5,177.5,274.5,187.5,1.0
3,32,269.5,182.5,264.5,177.5,274.5,187.5,1.0
3,33,269.5,182.5,264.5,177.5,274.5,187.5,1.0
3,34,269.5,182.5,264.5,177.5,274.5,187.5,1.0
3,35,269.5,182.5,264.5,177.5,274.5,187.5,1.0
3,36,269.5,182.5,264.5,177.5,274.5,187.5,1.0
3,37,269.5,182.5,264.5,177.5,274.5,187.5,1.0
3,38,269.5,182.5,264.5,177.5,274.5,187.5,1.0
3,39,269.5,182.5,264.5,177.5,274.5,187.5,1.0
3,40,269.5,182.5,264.5,177.5,274.5,187.5,1.0
3,41,269.5,182.5,264.5,177.5,274.5,187.5,1.0
3,42,269.5,182.5,264.5,177.5,274.5,187.5,1.0
3,43,269.5,182.5,264.5,177.5,274.5,187.5,1.0
3,44,269.5,182.5,264.5,177.5,274.5,187.5,1.0
3,45,269.5,182.5,264.5,177.5,274.5,187.5,1.0
3,46,269.5,182.5,264.5,177.5,274.5,187.5,1.0
3,47,269.5,182.5,264.5,177.5,274.5,187.5,1.0
3,48,269.5,182.5,264.5,177.5,274.5,187.5,1.0
3,49,269.5,182.5,264.5,177.5,274.5,187.5,1.0
3,50,269.5,182.5,264.5,177.5,274.5,187.5,1.0
3,51,269.5,182.5,264.5,177.5,274.5,187.5,1.0
3,52,269.5,182.5,264.5,177.5,274.5,187.5,1.0
3,53,269.5,182.5,264.5,177.5,274.5,187.5,1.0
3,54,269.5,182.5,264.5,177.5,274.5,187.5,1.0
3,55,269.5,182.5,264.5,177.5,274.5,187.5,1.0
3,56,269.5,182.5,264.5,177.5,274.5,187.5,1.0
3,57,269.5,182.5,264.5,177.5,274.5,187.5,1.0
3,58,269.5,182.5,264.5,177.5,274.5,187.5,1.0
3,59,269.5,182.5,264.5,177.5,274.5,187.5,1.0
3,60,269.5,182.5,264.5,177.5,274.5,187.5,1.0
3,61,269.5,182.5,264.5,177.5,274.5,187.5,1.0
3,62,269.5,182.5,264.5,177.5,274.5,187.5,1.0
3,63,269.5,182.5,264.5,177.5,274.5,187.5,1.0
3,64,269.5,182.5,264.5,177.5,274.5,187.5,1.0
3,65,269.5,182.5,264.5,177.5,274.5,187.5,1.0
3,66,269.5,182.5,264.5,177.5,274.5,187.5,1.0
3,67,269.5,182.5,264.5,177.5,274.5,187.5,1.0
3,68,269.5,182.5,264.5,177.5,274.5,187.5,1.0
3,69,269.5,182.5,264.5,177.5,274.5,187.5,1.0
3,70,269.5,182.5,264.5,177.5,274.5,187.5,1.0
3,71,269.5,182.5,264.5,177.5,274.5,187.5,1.0
3,72,269.5,182.5,264.5,177.5,274.5,187.5,1.0
3,73,269.5,182.5,264.5,177.5,274.5,187.5,1.0
3,74,269.5,182.5,264.5,177.5,274.5,187.5,1.0
3,75,269.5,182.5,264.5,177.5,274.5,187.5,1.0
3,76,269.5,182.5,264.5,177.5,274.5,187.5,1.0
3,77,269.5,182.5,264.5,177.5,274.5,187.5,1.0
3,78,269.5,182.5,264.5,177.5,274.5,187.5,1.0
3,79,269.5,182.5,264.5,177.5,274.5,187.5,1.0
3,80,269.5,182.5,264.5,177.5,274.5,187.5,1.0
3,81,269.5,182.5,264.5,177.5,274.5,187.5,1.0
3,82,269.5,182.5,264.5,177.5,274.5,187.5,1.0
3,83,269.5,182.5,264.5,177.5,274.5,187.5,1.0
3,84,269.5,182.5,264.5,177.5,274.5,187.5,1.0
3,85,269.5,182.5,264.5,177.5,274.5,187.5,1.0
3,86,269.5,182.5,264.5,177.5,274.5,187.5,1.0
3,87,269.5,182.5,264.5,177.5,274.5,187.5,1.0
3,88,269.5,182.5,264.5,177.5,274.5,187.5,1.0
3,89,269.5,182.5,264.5,177.5,274.5,187.5,1.0
3,90,269.5,182.5,264.5,177.5,274.5,187.5,1.0
3,91,269.5,182.5,264.5,177.5,274.5,187.5,1.0
3,92,269.5,182.5,264.5,177.5,274.5,187.5,1.0
3,93,269.5,182.5,264.5,177.5,274.5,187.5,1.0
3,94,269.5,182.5,264.5,177.5,274.5,187.5,1.0
3,95,269.5,182.5,264.5,177.5,274.5,187.5,1.0
3,96,269.5,182.5,264.5,177.5,274.5,187.5,1.0
3,97,269.5,182.5,264.5,177.5,274.5,187.5,1.0
3,98,269.5,182.5,264.5,177.5,274.5,187.5,1.0
3,99,269.5,182.5,264.5,177.5,274.5,187.5,1.0
3,100,269.5,182.5,264.5,177.5,274.5,187.5,1.0
3,101,269.5,182.5,264.5,177.5,274.5,187.5,1.0
3,102,269.5,182.5,264.5,177.5,274.5,187.5,1.0
3,103,269.5,182.5,264.5,177.5,274.5,187.5,1.0
3,104,269.5,182.5,264.5,177.5,274.5,187.5,1.0
3,105,269.5,182.5,264.5,177.5,274.5,187.5,1.0
3,106,269.5,182.5,264.5,177.5,274.5,187.5,1.0
3,107,269.5,182.5,264.5,177.5,274.5,187.5,1.0
3,108,269.5,182.5,264.5,177.5,274.5,187.5,1.0
3,109,269.5,182.5,264.5,177.5,274.5,187.5,1.0
3,110,269.5,182.5,264.5,177.5,274.5,187.5,1.0
3,111,269.5,182.5,264.5,177.5,274.5,187.5,1.0
3,112,269.5,182.5,264.5,177.5,274.5,187.5,1.0
3,113,269.5,182.5,264.5,177.5,274.5,187.5,1.0
3,114,269.5,182.5,264.5,177.5,274.5,187.5,1.0
3,115,269.5,182.5,264.5,177.5,274.5,187.5,1.0
3,116,269.5,182.5,264.5,177.5,274.5,187.5,1.0
3,117,269.5,182.5,264.5,177.5,274.5,187.5,1.0
3,118,269.5,182.5,264.5,177.5,274.5,187.5,1.0
3,119,269.5,182.5,264.5,177.5,274.5,187.5,1.0
3,120,269.5,182.5,264.5,177.5,274.5,187.5,1.0
3,121,269.5,182.5,264.5,177.5,274.5,187.5,1.0
3,122,269.5,182.5,264.5,177.5,274.5,187.5,1.0
3,123,269.5,182.5,264.5,177.5,274.5,187.5,1.0
3,124,269.5,182.5,264.5,177.5,274.5,187.5,1.0
3,125,269.5,182.5,264.5,177.5,274.5,187.5,1.0
3,126,269.5,182.5,264.5,177.5,274.5,187.5,1.0
3,127,269.5,182.5,264.5,177.5,274.5,187.5,1.0
3,128,269.5,182.5,264.5,177.5,274.5,187.5,1.0
3,129,269.5,182.5,264.5,177.5,274.5,187.5,1.0
3,130,269.5,182.5,264.5,177.5,274.5,187.5,1.0
3,131,269.5,182.5,264.5,177.5,274.5,187.5,1.0
3,132,269.5,182.5,264.5,177.5,274.5,187.5,1.0
3,133,269.5,182.5,264.5,177.5,274.5,187.5,1.0
3,134,269.5,182.5,264.5,177.5,274.5,187.5,1.0
3,135,269.5,182.5,264.5,177.5,274.5,187.5,1.0
3,136,269.5,182.5,264.5,177.5,274.5,187.5,1.0
3,137,269.5,182.5,264.5,177.5,274.5,187.5,1.0
3,138,269.5,182.5,264.5,177.5,274.5,187.5,1.0
3,139,269.5,182.5,264.5,177.5,274.5,187.5,1.0
3,140,269.5,182.5,264.5,177.5,274.5,187.5,1.0
3,141,269.5,182.5,264.5,177.5,274.5,187.5,1.0
3,142,269.5,182.5,264.5,177.5,274.5,187.5,1.0
3,143,269.5,182.5,264.5,177.5,274.5,187.5,1.0
3,144,269.5,182.5,264.5,177.5,274.5,187.5,1.0
3,145,269.5,182.5,264.5,177.5,274.5,187.5,1.0
3,146,269.5,182.5,264.5,177.5,274.5,187.5,1.0
3,147,269.5,182.5,264.5,177.5,274.5,187.5,1.0
3,148,269.5,182.5,264.5,177.5,274.5,187.5,1.0
3,149,269.5,182.5,264.5,177.5,274.5,187.5,1.0
3,150,269.5,182.5,264.5,177.5,274.5,187.5,1.0
3,151,269.5,182.5,264.5,177.5,274.5,187.5,1.0
3,152,269.5,182.5,264.5,177.5,274.5,187.5,1.0
3,153,269.5,182.5,264.5,177.5,274.5,187.5,1.0
3,154,269.5,182.5,264.5,177.5,274.5,187.5,1.0
3,155,269.5,182.5,264.5,177.5,274.5,187.5,1.0
3,156,269.5,182.5,264.5,177.5,274.5,187.5,1.0
3,157,269.5,182.5,264.5,177.5,274.5,187.5,1.0
3,158,269.5,182.5,264.5,177.5,274.5,187.5,1.0
3,159,269.5,182.5,264.5,177.5,274.5,187.5,1.0
3,160,269.5,182.5,264.5,177.5,274.5,187.5,1.0
3,161,269.5,182.5,264.5,177.5,274.5,187.5,1.0
3,162,269.5,182.5,264.5,177.5,274.5,187.5,1.0
3,163,269.5,182.5,264.5,177.5,274.5,187.5,1.0
3,164,269.5,182.5,264.5,177.5,274.5,187.5,1.0
3,165,269.5,182.5,264.5,177.5,274.5,187.5,1.0
3,166,269.5,182.5,264.5,177.5,274.5,187.5,1.0
3,167,269.5,182.5,264.5,177.5,274.5,187.5,1.0
3,168,269.5,182.5,264.5,177.5,274.5,187.5,1.0
3,169,269.5,182.5,264.5,177.5,274.5,187.5,1.0
3,170,269.5,182.5,264.5,177.5,274.5,187.5,1.0
3,171,269.5,182.5,264.5,177.5,274.5,187.5,1.0
3,172,269.5,182.5,264.5,177.5,274.5,187.5,1.0
3,173,269.5,182.5,264.5,177.5,274.5,187.5,1.0
3,174,269.5,182.5,264.5,177.5,274.5,187.5,1.0
3,175,269.5,182.5,264.5,177.5,274.5,187.5,1.0
3,176,269.5,182.5,264.5,177.5,274.5,187.5,1.0
3,177,269.5,182.5,264.5,177.5,274.5,187.5,1.0
3,178,269.5,182.5,264.5,177.5,274.5,187.5,1.0
3,179,269.5,182.5,264.5,177.5,274.5,187.5,1.0
3,180,269.5,182.5,264.5,177.5,274.5,187.5,1.0
3,181,269.5,182.5,264.5,177.5,274.5,187.5,1.0
3,182,269.5,182.5,264.5,177.5,274.5,187.5,1.0
3,183,269.5,182.5,264.5,177.5,274.5,187.5,1.0
3,184,269.5,182.5,264.5,177.5,274.5,187.5,1.0
3,185,269.5,182.5,264.5,177.5,274.5,187.5,1.0
3,186,269.5,182.5,264.5,177.5,274.5,187.5,1.0
3,187,269.5,182.5,264.5,177.5,274.5,187.5,1.0
3,188,269.5,182.5,264.5,177.5,274.5,187.5,1.0
3,189,269.5,182.5,264.5,177.5,274.5,187.5,1.0
3,190,269.5,182.5,264.5,177.5,274.5,187.5,1.0
3,191,269.5,182.5,264.5,177.5,274.5,187.5,1.0
3,192,269.5,182.5,264.5,177.5,274.5,187.5,1.0
3,193,269.5,182.5,264.5,177.5,274.5,187.5,1.0
3,194,269.5,182.5,264.5,177.5,274.5,187.5,1.0
3,195,269.5,182.5,264.5,177.5,274.5,187.5,1.0
3,196,269.5,182.5,264.5,177.5,274.5,187.5,1.0
3,197,269.5,182.5,264.5,177.5,274.5,187.5,1.0
3,198,269.5,182.5,264.5,177.5,274.5,187.5,1.0
3,199,269.5,182.5,264.5,177.5,274.5,187.5,1.0
3,200,269.5,182.5,264.5,177.5,274.5,187.5,1.0
3,201,269.5,182.5,264.5,177.5,274.5,187.5,1.0
3,202,269.5,182.5,264.5,177.5,274.5,187.5,1.0
3,203,269.5,182.5,264.5,177.5,274.5,187.5,1.0
3,204,269.5,182.5,264.5,177.5,274.5,187.5,1.0
3,205,269.5,182.5,264.5,177.5,274.5,187.5,1.0
3,206,269.5,182.5,264.5,177.5,274.5,187.5,1.0
3,207,269.5,182.5,264.5,177.5,274.5,187.5,1.0
3,208,269.5,182.5,264.5,177.5,274.5,187.5,1.0
3,209,269.5,182.5,264.5,177.5,274.5,187.5,1.0
3,210,269.5,182.5,264.5,177.5,274.5,187.5,1.0
3,211,269.5,182.5,264.5,177.5,274.5,187.5,1.0
3,212,269.5,182.5,264.5,177.5,274.5,187.5,1.0
3,213,269.5,182.5,264.5,177.5,274.5,187.5,1.0
3,214,269.5,182.5,264.5,177.5,274.5,187.5,1.0
3,215,269.5,182.5,264.5,177.5,274.5,187.5,1.0
3,216,269.5,182.5,264.5,177.5,274.5,187.5,1.0
3,217,269.5,182.5,264.5,177.5,274.5,187.5,1.0
3,218,269.5,182.5,264.5,177.5,274.5,187.5,1.0
3,219,269.5,182.5,264.5,177.5,274.5,187.5,1.0
3,220,269.5,182.5,264.5,177.5,274.5,187.5,1.0
3,221,269.5,182.5,264.5,177.5,274.5,187.5,1.0
3,222,269.5,182.5,264.5,177.5,274.5,187.5,1.0
3,223,269.5,182.5,264.5,177.5,274.5,187.5,1.0
3,224,269.5,182.5,264.5,177.5,274.5,187.5,1.0
3,225,269.5,182.5,264.5,177.5,274.5,187.5,1.0
3,226,269.5,182.5,264.5,177.5,274.5,187.5,1.0
3,227,269.5,182.5,264.5,177.5,274.5,187.5,1.0
3,228,269.5,182.5,264.5,177.5,274.5,187.5,1.0
3,229,269.5,182.5,264.5,177.5,274.5,187.5,1.0
3,230,269.5,182.5,264.5,177.5,274.5,187.5,1.0
3,231,269.5,182.5,264.5,177.5,274.5,187.5,1.0
3,232,269.5,182.5,264.5,177.5,274.5,187.5,1.0
3,233,269.5,182.5,264.5,177.5,274.5,187.5,1.0
3,234,269.5,182.5,264.5,177.5,274.5,187.5,1.0
3,235,269.5,182.5,264.5,177.5,274.5,187.5,1.0
3,236,269.5,182.5,264.5,177.5,274.5,187.5,1.0
3,237,269.5,182.5,264.5,177.5,274.5,187.5,1.0
3,238,269.5,182.5,264.5,177.5,274.5,187.5,1.0
3,239,269.5,182.5,264.5,177.5,274.5,187.5,1.0
3,240,269.5,182.5,264.5,177.5,274.5,187.5,1.0
3,241,269.5,182.5,264.5,177.5,274.5,187.5,1.0
3,242,269.5,182.5,264.5,177.5,274.5,187.5,1.0
3,243,269.5,182.5,264.5,177.5,274.5,187.5,1.0
3,244,269.5,182.5,264.5,177.5,274.5,187.5,1.0
3,245,269.5,182.5,264.5,177.5,274.5,187.5,1.0
3,246,269.5,182.5,264.5,177.5,274.5,187.5,1.0
3,247,269.5,182.5,264.5,177.5,274.5,187.5,1.0
3,248,269.5,182.5,264.5,177.5,274.5,187.5,1.0
3,249,269.5,182.5,264.5,177.5,274.5,187.5,1.0
3,250,269.5,182.5,264.5,177.5,274.5,187.5,1.0
3,251,269.5,182.5,264.5,177.5,274.5,187.5,1.0
3,252,269.5,182.5,264.5,177.5,274.5,187.5,1.0
3,253,269.5,182.5,264.5,177.5,274.5,187.5,1.0
3,254,269.5,182.5,264.5,177.5,274.5,187.5,1.0
3,255,269.5,182.5,264.5,177.5,274.5,187.5,1.0
3,256,269.5,182.5,264.5,177.5,274.5,187.5,1.0
3,257,269.5,182.5,264.5,177.5,274.5,187.5,1.0
3,258,269.5,182.5,264.5,177.5,274.5,187.5,1.0
3,259,269.5,182.5,264.5,177.5,274.5,187.5,1.0
3,260,269.5,182.5,264.5,177.5,274.5,187.5,1.0
3,261,269.5,182.5,264.5,177.5,274.5,187.5,1.0
3,262,269.5,182.5,264.5,177.5,274.5,187.5,1.0
3,263,269.5,182.5,264.5,177.5,274.5,187.5,1.0
3,264,269.5,182.5,264.5,177.5,274.5,187.5,1.0
3,265,269.5,182.5,264.5,177.5,274.5,187.5,1.0
3,266,269.5,182.5,264.5,177.5,274.5,187.5,1.0
3,267,269.5,182.5,264.5,177.5,274.5,187.5,1.0
3,268,269.5,182.5,264.5,177.5,274.5,187.5,1.0
3,269,269.5,182.5,264.5,177.5,274.5,187.5,1.0
3,270,269.5,182.5,264.5,177.5,274.5,187.5,1.0
3,271,269.5,182.5,264.5,177.5,274.5,187.5,1.0
3,272,269.5,182.5,264.5,177.5,274.5,187.5,1.0
3,273,269.5,182.5,264.5,177.5,274.5,187.5,1.0
3,274,269.5,182.5,264.5,177.5,274.5,187.5,1.0
3,275,269.5,182.5,264.5,177.5,274.5,187.5,1.0
3,276,269.5,182.5,264.5,177.5,274.5,187.5,1.0
3,277,269.5,182.5,264.5,177.5,274.5,187.5,1.0
3,278,269.5,182.5,264.5,177.5,274.5,187.5,1.0
3,279,269.5,182.5,264.5,177.5,274.5,187.5,1.0
3,280,269.5,182.5,264.5,177.5,274.5,187.5,1.0
3,281,269.5,182.5,264.5,177.5,274.5,187.5,1.0
3,282,269.5,182.5,264.5,177.5,274.5,187.5,1.0
3,283,269.5,182.5,264.5,177.5,274.5,187.5,1.0
3,284,269.5,182.5,264.5,177.5,274.5,187.5,1.0
3,285,269.5,182.5,264.5,177.5,274.5,187.5,1.0
3,286,269.5,182.5,264.5,177.5,274.5,187.5,1.0
3,287,269.5,182.5,264.5,177.5,274.5,187.5,1.0
3,288,269.5,182.5,264.5,177.5,274.5,187.5,1.0
3,289,269.5,182.5,264.5,177.5,274.5,187.5,1.0
3,290,269.5,182.5,264.5,177.5,274.5,187.5,1.0
3,291,269.5,182.5,264.5,177.5,274.5,187.5,1.0
3,292,269.5,182.5,264.5,177.5,274.5,187.5,1.0
3,293,269.5,182.5,264.5,177.5,274.5,187.5,1.0
3,294,269.5,182.5,264.5,177.5,274.5,187.5,1.0
3,295,269.5,182.5,264.5,177.5,274.5,187.5,1.0
3,296,269.5,182.5,264.5,177.5,274.5,187.5,1.0
3,297,269.5,182.5,264.5,177.5,274.5,187.5,1.0
3,298,269.5,182.5,264.5,177.5,274.5,187.5,1.0
3,299,269.5,182.5,264.5,177.5,274.5,187.5,1.0
3,300,269.5,182.5,264.5,177.5,274.5,187.5,1.0
3,301,269.5,182.5,264.5,177.5,274.5,187.5,1.0
3,302,269.5,182.5,264.5,177.5,274.5,187.5,1.0
3,303,269.5,182.5,264.5,177.5,274.5,187.5,1.0
3,304,269.5,182.5,264.5,177.5,274.5,187.5,1.0
3,305,269.5,182.5,264.5,177.5,274.5,187.5,1.0
3,306,269.5,182.5,264.5,177.5,274.5,187.5,1.0
3,307,269.5,182.5,264.5,177.5,274.5,187.5,1.0
3,308,269.5,182.5,264.5,177.5,274.5,187.5,1.0
3,309,269.5,182.5,264.5,177.5,274.5,187.5,1.0
3,310,269.5,182.5,264.5,177.5,274.5,187.5,1.0
3,311,269.5,182.5,264.5,177.5,274.5,187.5,1.0
3,312,269.5,182.5,264.5,177.5,274.5,187.5,1.0
3,313,269.5,182.5,264.5,177.5,274.5,187.5,1.0
3,314,269.5,182.5,264.5,177.5,274.5,187.5,1.0
3,315,269.5,182.5,264.5,177.5,274.5,187.5,1.0
3,316,269.5,182.5,264.5,177.5,274.5,187.5,1.0
3,317,269.5,182.5,264.5,177.5,274.5,187.5,1.0
3,318,269.5,182.5,264.5,177.5,274.5,187.5,1.0
3,319,269.5,182.5,264.5,177.5,274.5,187.5,1.0
3,320,269.5,182.5,264.5,177.5,274.5,187.5,1.0
3,321,269.5,182.5,264.5,177.5,274.5,187.5,1.0
3,322,269.5,182.5,264.5,177.5,274.5,187.5,1.0
3,323,269.5,182.5,264.5,177.5,274.5,187.5,1.0
3,324,269.5,182.5,264.5,177.5,274.5,187.5,1.0
3,325,269.5,182.5,264.5,177.5,274.5,187.5,1.0
3,326,269.5,182.5,264.5,177.5,274.5,187.5,1.0
3,327,269.5,182.5,264.5,177.5,274.5,187.5,1.0
3,328,269.5,182.5,264.5,177.5,274.5,187.5,1.0
3,329,269.5,182.5,264.5,177.5,274.5,187.5,1.0
3,330,269.5,182.5,264.5,177.5,274.5,187.5,1.0
3,331,269.5,182.5,264.5,177.5,274.5,187.5,1.0
3,332,269.5,182.5,264.5,177.5,274.5,187.5,1.0
3,333,269.5,182.5,264.5,177.5,274.5,187.5,1.0
3,334,269.5,182.5,264.5,177.5,274.5,187.5,1.0
3,335,269.5,182.5,264.5,177.5,274.5,187.5,1.0
3,336,269.5,182.5,264.5,177.5,274.5,187.5,1.0
3,337,269.5,182.5,264.5,177.5,274.5,187.5,1.0
3,338,269.5,182.5,264.5,177.5,274.5,187.5,1.0
3,339,269.5,182.5,264.5,177.5,274.5,187.5,1.0
3,340,269.5,182.5,264.5,177.5,274.5,187.5,1.0
3,341,269.5,182.5,264.5,177.5,274.5,187.5,1.0
3,342,269.5,182.5,264.5,177.5,274.5,187.5,1.0
3,343,269.5,182.5,264.5,177.5,274.5,187.5,1.0
3,344,269.5,182.5,264.5,177.5,274.5,187.5,1.0
3,345,269.5,182.5,264.5,177.5,274.5,187.5,1.0
3,346,269.5,182.5,264.5,177.5,274.5,187.5,1.0
3,347,269.5,182.5,264.5,177.5,274.5,187.5,1.0
3,348,269.5,182.5,264.5,177.5,274.5,187.5,1.0
3,349,269.5,182.5,264.5,177.5,274.5,187.5,1.0
3,350,269.5,182.5,264.5,177.5,274.5,187.5,1.0
3,351,269.5,182.5,264.5,177.5,274.5,187.5,1.0
3,352,269.5,182.5,264.5,177.5,274.5,187.5,1.0
3,353,269.5,182.5,264.5,177.5,274.5,187.5,1.0
3,354,269.5,182.5,264.5,177.5,274.5,187.5,1.0
3,355,269.5,182.5,264.5,177.5,274.5,187.5,1.0
3,356,269.5,182.5,264.5,177.5,274.5,187.5,1.0
3,357,269.5,182.5,264.5,177.5,274.5,187.5,1.0
3,358,269.5,182.5,264.5,177.5,274.5,187.5,1.0
3,359,269.5,182.5,264.5,177.5,274.5,187.5,1.0
3,360,269.5,182.5,264.5,177.5,274.5,187.5,1.0
3,361,269.5,182.5,264.5,177.5,274.5,187.5,1.0
3,362,269.5,182.5,264.5,177.5,274.5,187.5,1.0
3,363,269.5,182.5,264.5,177.5,274.5,187.5,1.0
3,364,269.5,182.5,264.5,177.5,274.5,187.5,1.0
3,365,269.5,182.5,264.5,177.5,274.5,187.5,1.0
3,366,269.5,182.5,264.5,177.5,274.5,187.5,1.0
3,367,269.5,182.5,264.5,177.5,274.5,187.5,1.0
3,368,269.5,182.5,264.5,177.5,274.5,187.5,1.0
3,369,269.5,182.5,264.5,177.5,274.5,187.5,1.0
3,370,269.5,182.5,264.5,177.5,274.5,187.5,1.0
3,371,269.5,182.5,264.5,177.5,274.5,187.5,1.0
3,372,269.5,182.5,264.5,177.5,274.5,187.5,1.0
3,373,269.5,182.5,264.5,177.5,274.5,187.5,1.0
3,374,269.5,182.5,264.5,177.5,274.5,187.5,1.0
3,375,269.5,182.5,264.5,177.5,274.5,187.5,1.0
3,376,269.5,182.5,264.5,177.5,274.5,187.5,1.0
3,377,269.5,182.5,264.5,177.5,274.5,187.5,1.0
3,378,269.5,182.5,264.5,177.5,274.5,187.5,1.0
3,379,269.5,182.5,264.5,177.5,274.5,187.5,1.0
3,380,269.5,182.5,264.5,177.5,274.5,187.5,1.0
3,381,269.5,182.5,264.5,177.5,274.5,187.5,1.0
3,382,269.5,182.5,264.5,177.5,274.5,187.5,1.0
3,383,269.5,182.5,264.5,177.5,274.5,187.5,1.0
3,384,269.5,182.5,264.5,177.5,274.5,187.5,1.0
3,385,269.5,182.5,264.5,177.5,274.5,187.5,1.0
3,386,269.5,182.5,264.5,177.5,274.5,187.5,1.0
3,387,269.5,182.5,264.5,177.5,274.5,187.5,1.0
3,388,269.5,182.5,264.5,177.5,274.5,187.5,1.0
3,389,269.5,182.5,264.5,177.5,274.5,187.5,1.0
3,390,269.5,182.5,264.5,177.5,274.5,187.5,1.0
3,391,269.5,182.5,264.5,177.5,274.5,187.5,1.0
3,392,269.5,182.5,264.5,177.5,274.5,187.5,1.0
3,393,269.5,182.5,264.5,177.5,274.5,187.5,1.0
3,394,269.5,182.5,264.5,177.5,274.5,187.5,1.0
3,395,269.5,182.5,264.5,177.5,274.5,187.5,1.0
3,396,269.5,182.5,264.5,177.5,274.5,187.5,1.0
3,397,269.5,182.5,264.5,177.5,274.5,187.5,1.0
3,398,269.5,182.5,264.5,177.5,274.5,187.5,1.0
3,399,269.5,182.5,264.5,177.5,274.5,187.5,1.0
3,400,269.5,182.5,264.5,177.5,274.5,187.5,1.0
3,401,269.5,182.5,264.5,177.5,274.5,187.5,1.0
3,402,269.5,182.5,264.5,177.5,274.5,187.5,1.0
3,403,269.5,182.5,264.5,177.5,274.5,187.5,1.0
3,404,269.5,182.5,264.5,177.5,274.5,187.5,1.0
3,405,269.5,182.5,264.5,177.5,274.5,187.5,1.0
3,406,269.5,182.5,264.5,177.5,274.5,187.5,1.0
3,407,269.5,182.5,264.5,177.5,274.5,187.5,1.0
3,408,269.5,182.5,264.5,177.5,274.5,187.5,1.0
3,409,269.5,182.5,264.5,177.5,274.5,187.5,1.0
3,410,269.5,182.5,264.5,177.5,274.5,187.5,1.0
3,411,269.5,182.5,264.5,177.5,274.5,187.5,1.0
3,412,269.5,182.5,264.5,177.5,274.5,187.5,1.0
3,413,269.5,182.5,264.5,177.5,274.5,187.5,1.0
3,414,269.5,182.5,264.5,177.5,274.5,187.5,1.0
3,415,269.5,182.5,264.5,177.5,274.5,187.5,1.0
3,416,269.5,182.5,264.5,177.5,274.5,187.5,1.0
3,417,269.5,182.5,264.5,177.5,274.5,187.5,1.0
3,418,269.5,182.5,264.5,177.5,274.5,187.5,1.0
3,419,269.5,182.5,264.5,177.5,274.5,187.5,1.0
3,420,269.5,182.5,264.5,177.5,274.5,187.5,1.0
3,421,269.5,182.5,264.5,177.5,274.5,187.5,1.0
3,422,269.5,182.5,264.5,177.5,274.5,187.5,1.0
3,423,269.5,182.5,264.5,177.5,274.5,187.5,1.0
3,424,269.5,182.5,264.5,177.5,274.5,187.5,1.0
3,425,269.5,182.5,264.5,177.5,274.5,187.5,1.0
3,426,269.5,182.5,264.5,177.5,274.5,187.5,1.0
3,427,269.5,182.5,264.5,177.5,274.5,187.5,1.0
3,428,269.5,182.5,264.5,177.5,274.5,187.5,1.0
3,429,269.5,182.5,264.5,177.5,274.5,187.5,1.0
3,430,269.5,182.5,264.5,177.5,274.5,187.5,1.0
3,431,269.5,182.5,264.5,177.5,274.5,187.5,1.0
3,432,269.5,182.5,264.5,177.5,274.5,187.5,1.0
3,433,269.5,182.5,264.5,177.5,274.5,187.5,1.0
3,434,269.5,182.5,264.5,177.5,274.5,187.5,1.0
3,435,269.5,182.5,264.5,177.5,274.5,187.5,1.0
3,436,269.5,182.5,264.5,177.5,274.5,187.5,1.0
3,437,269.5,182.5,264.5,177.5,274.5,187.5,1.0
3,438,269.5,182.5,264.5,177.5,274.5,187.5,1.0
3,439,269.5,182.5,264.5,177.5,274.5,187.5,1.0
3,440,269.5,182.5,264.5,177.5,274.5,187.5,1.0
3,441,269.5,182.5,264.5,177.5,274.5,187.5,1.0
3,442,269.5,182.5,264.5,177.5,274.5,187.5,1.0
3,443,269.5,182.5,264.5,177.5,274.5,187.5,1.0
3,444,269.5,182.5,264.5,177.5,274.5,187.5,1.0
3,445,269.5,182.5,264.5,177.5,274.5,187.5,1.0
3,446,269.5,182.5,264.5,177.5,274.5,187.5,1.0
3,447,269.5,182.5,264.5,177.5,274.5,187.5,1.0
3,448,269.5,182.5,264.5,177.5,274.5,187.5,1.0
3,449,269.5,182.5,264.5,177.5,274.5,187.5,1.0
3,450,269.5,182.5,264.5,177.5,274.5,187.5,1.0
4,0,502.5,262.0,497.5,257.0,507.5,267.0,1.0
4,1,502.5,262.0,497.5,257.0,507.5,267.0,1.0
4,2,502.5,262.0,497.5,257.0,507.5,267.0,1.0
4,3,502.5,262.0,497.5,257.0,507.5,267.0,1.0
4,4,502.5,262.0,497.5,257.0,507.5,267.0,1.0
4,5,502.5,262.0,497.5,257.0,507.5,267.0,1.0
4,6,502.5,262.0,497.5,257.0,507.5,267.0,1.0
4,7,502.5,262.0,497.5,257.0,507.5,267.0,1.0
4,8,502.5,262.0,497.5,257.0,507.5,267.0,1.0
4,9,502.5,262.0,497.5,257.0,507.5,267.0,1.0
4,10,502.5,262.0,497.5,257.0,507.5,267.0,1.0
4,11,502.5,262.0,497.5,257.0,507.5,267.0,1.0
4,12,502.5,262.0,497.5,257.0,507.5,267.0,1.0
4,13,502.5,262.0,497.5,257.0,507.5,267.0,1.0
4,14,502.5,262.0,497.5,257.0,507.5,267.0,1.0
4,15,502.5,262.0,497.5,257.0,507.5,267.0,1.0
4,16,502.5,262.0,497.5,257.0,507.5,267.0,1.0
4,17,502.5,262.0,497.5,257.0,507.5,267.0,1.0
4,18,502.5,262.0,497.5,257.0,507.5,267.0,1.0
4,19,502.5,262.0,497.5,257.0,507.5,267.0,1.0
4,20,502.5,262.0,497.5,257.0,507.5,267.0,1.0
4,21,502.5,262.0,497.5,257.0,507.5,267.0,1.0
4,22,502.5,262.0,497.5,257.0,507.5,267.0,1.0
4,23,502.5,262.0,497.5,257.0,507.5,267.0,1.0
4,24,502.5,262.0,497.5,257.0,507.5,267.0,1.0
4,25,502.5,262.0,497.5,257.0,507.5,267.0,1.0
4,26,502.5,262.0,497.5,257.0,507.5,267.0,1.0
4,27,502.5,262.0,497.5,257.0,507.5,267.0,1.0
4,28,502.5,262.0,497.5,257.0,507.5,267.0,1.0
4,29,502.5,262.0,497.5,257.0,507.5,267.0,1.0
4,30,502.5,262.0,497.5,257.0,507.5,267.0,1.0
4,31,502.5,262.0,497.5,257.0,507.5,267.0,1.0
4,32,502.5,262.0,497.5,257.0,507.5,267.0,1.0
4,33,502.5,262.0,497.5,257.0,507.5,267.0,1.0
4,34,502.5,262.0,497.5,257.0,507.5,267.0,1.0
4,35,502.5,262.0,497.5,257.0,507.5,267.0,1.0
4,36,502.5,262.0,497.5,257.0,507.5,267.0,1.0
4,37,502.5,262.0,497.5,257.0,507.5,267.0,1.0
4,38,502.5,262.0,497.5,257.0,507.5,267.0,1.0
4,39,502.5,262.0,497.5,257.0,507.5,267.0,1.0
4,40,502.5,262.0,497.5,257.0,507.5,267.0,1.0
4,41,502.5,262.0,497.5,257.0,507.5,267.0,1.0
4,42,502.5,262.0,497.5,257.0,507.5,267.0,1.0
4,43,502.5,262.0,497.5,257.0,507.5,267.0,1.0
4,44,502.5,262.0,497.5,257.0,507.5,267.0,1.0
4,45,502.5,262.0,497.5,257.0,507.5,267.0,1.0
4,46,502.5,262.0,497.5,257.0,507.5,267.0,1.0
4,47,502.5,262.0,497.5,257.0,507.5,267.0,1.0
4,48,502.5,262.0,497.5,257.0,507.5,267.0,1.0
4,49,502.5,262.0,497.5,257.0,507.5,267.0,1.0
4,50,502.5,262.0,497.5,257.0,507.5,267.0,1.0
4,51,502.5,262.0,497.5,257.0,507.5,267.0,1.0
4,52,502.5,262.0,497.5,257.0,507.5,267.0,1.0
4,53,502.5,262.0,497.5,257.0,507.5,267.0,1.0
4,54,502.5,262.0,497.5,257.0,507.5,267.0,1.0
4,55,502.5,262.0,497.5,257.0,507.5,267.0,1.0
4,56,502.5,262.0,497.5,257.0,507.5,267.0,1.0
4,57,502.5,262.0,497.5,257.0,507.5,267.0,1.0
4,58,502.5,262.0,497.5,257.0,507.5,267.0,1.0
4,59,502.5,262.0,497.5,257.0,507.5,267.0,1.0
4,60,502.5,262.0,497.5,257.0,507.5,267.0,1.0
4,61,502.5,262.0,497.5,257.0,507.5,267.0,1.0
4,62,502.5,262.0,497.5,257.0,507.5,267.0,1.0
4,63,502.5,262.0,497.5,257.0,507.5,267.0,1.0
4,64,502.5,262.0,497.5,257.0,507.5,267.0,1.0
4,65,502.5,262.0,497.5,257.0,507.5,267.0,1.0
4,66,502.5,262.0,497.5,257.0,507.5,267.0,1.0
4,67,502.5,262.0,497.5,257.0,507.5,267.0,1.0
4,68,502.5,262.0,497.5,257.0,507.5,267.0,1.0
4,69,502.5,262.0,497.5,257.0,507.5,267.0,1.0
4,70,502.5,262.0,497.5,257.0,507.5,267.0,1.0
4,71,502.5,262.0,497.5,257.0,507.5,267.0,1.0
4,72,502.5,262.0,497.5,257.0,507.5,267.0,1.0
4,73,502.5,262.0,497.5,257.0,507.5,267.0,1.0
4,74,502.5,262.0,497.5,257.0,507.5,267.0,1.0
4,75,502.5,262.0,497.5,257.0,507.5,267.0,1.0
4,76,502.5,262.0,497.5,257.0,507.5,267.0,1.0
4,77,502.5,262.0,497.5,257.0,507.5,267.0,1.0
4,78,502.5,262.0,497.5,257.0,507.5,267.0,1.0
4,79,502.5,262.0,497.5,257.0,507.5,267.0,1.0
4,80,502.5,262.0,497.5,257.0,507.5,267.0,1.0
4,81,502.5,262.0,497.5,257.0,507.5,267.0,1.0
4,82,502.5,262.0,497.5,257.0,507.5,267.0,1.0
4,83,502.5,262.0,497.5,257.0,507.5,267.0,1.0
4,84,502.5,262.0,497.5,257.0,507.5,267.0,1.0
4,85,502.5,262.0,497.5,257.0,507.5,267.0,1.0
4,86,502.5,262.0,497.5,257.0,507.5,267.0,1.0
4,87,502.5,262.0,497.5,257.0,507.5,267.0,1.0
4,88,502.5,262.0,497.5,257.0,507.5,267.0,1.0
4,89,502.5,262.0,497.5,257.0,507.5,267.0,1.0
4,90,502.5,262.0,497.5,257.0,507.5,267.0,1.0
4,91,502.5,262.0,497.5,257.0,507.5,267.0,1.0
4,92,502.5,262.0,497.5,257.0,507.5,267.0,1.0
4,93,502.5,262.0,497.5,257.0,507.5,267.0,1.0
4,94,502.5,262.0,497.5,257.0,507.5,267.0,1.0
4,95,502.5,262.0,497.5,257.0,507.5,267.0,1.0
4,96,502.5,262.0,497.5,257.0,507.5,267.0,1.0
4,97,502.5,262.0,497.5,257.0,507.5,267.0,1.0
4,98,502.5,262.0,497.5,257.0,507.5,267.0,1.0
4,99,502.5,262.0,497.5,257.0,507.5,267.0,1.0
4,100,502.5,262.0,497.5,257.0,507.5,267.0,1.0
4,101,502.5,262.0,497.5,257.0,507.5,267.0,1.0
4,102,502.5,262.0,497.5,257.0,507.5,267.0,1.0
4,103,502.5,262.0,497.5,257.0,507.5,267.0,1.0
4,104,502.5,262.0,497.5,257.0,507.5,267.0,1.0
4,105,502.5,262.0,497.5,257.0,507.5,267.0,1.0
4,106,502.5,262.0,497.5,257.0,507.5,267.0,1.0
4,107,502.5,262.0,497.5,257.0,507.5,267.0,1.0
4,108,502.5,262.0,497.5,257.0,507.5,267.0,1.0
4,109,502.5,262.0,497.5,257.0,507.5,267.0,1.0
4,110,502.5,262.0,497.5,257.0,507.5,267.0,1.0
4,111,502.5,262.0,497.5,257.0,507.5,267.0,1.0
4,112,502.5,262.0,497.5,257.0,507.5,267.0,1.0
4,113,502.5,262.0,497.5,257.0,507.5,267.0,1.0
4,114,502.5,262.0,497.5,257.0,507.5,267.0,1.0
4,115,502.5,262.0,497.5,257.0,507.5,267.0,1.0
4,116,502.5,262.0,497.5,257.0,507.5,267.0,1.0
4,117,502.5,262.0,497.5,257.0,507.5,267.0,1.0
4,118,502.5,262.0,497.5,257.0,507.5,267.0,1.0
4,119,502.5,262.0,497.5,257.0,507.5,267.0,1.0
4,120,502.5,262.0,497.5,257.0,507.5,267.0,1.0
4,121,502.5,262.0,497.5,257.0,507.5,267.0,1.0
4,122,502.5,262.0,497.5,257.0,507.5,267.0,1.0
4,123,502.5,262.0,497.5,257.0,507.5,267.0,1.0
4,124,502.5,262.0,497.5,257.0,507.5,267.0,1.0
4,125,502.5,262.0,497.5,257.0,507.5,267.0,1.0
4,126,502.5,262.0,497.5,257.0,507.5,267.0,1.0
4,127,502.5,262.0,497.5,257.0,507.5,267.0,1.0
4,128,502.5,262.0,497.5,257.0,507.5,267.0,1.0
4,129,502.5,262.0,497.5,257.0,507.5,267.0,1.0
4,130,502.5,262.0,497.5,257.0,507.5,267.0,1.0
4,131,502.5,262.0,497.5,257.0,507.5,267.0,1.0
4,132,502.5,262.0,497.5,257.0,507.5,267.0,1.0
4,133,502.5,262.0,497.5,257.0,507.5,267.0,1.0
4,134,502.5,262.0,497.5,257.0,507.5,267.0,1.0
4,135,502.5,262.0,497.5,257.0,507.5,267.0,1.0
4,136,502.5,262.0,497.5,257.0,507.5,267.0,1.0
4,137,502.5,262.0,497.5,257.0,507.5,267.0,1.0
4,138,502.5,262.0,497.5,257.0,507.5,267.0,1.0
4,139,502.5,262.0,497.5,257.0,507.5,267.0,1.0
4,140,502.5,262.0,497.5,257.0,507.5,267.0,1.0
4,141,502.5,262.0,497.5,257.0,507.5,267.0,1.0
4,142,502.5,262.0,497.5,257.0,507.5,267.0,1.0
4,143,502.5,262.0,497.5,257.0,507.5,267.0,1.0
4,144,502.5,262.0,497.5,257.0,507.5,267.0,1.0
4,145,502.5,262.0,497.5,257.0,507.5,267.0,1.0
4,146,502.5,262.0,497.5,257.0,507.5,267.0,1.0
4,147,502.5,262.0,497.5,257.0,507.5,267.0,1.0
4,148,502.5,262.0,497.5,257.0,507.5,267.0,1.0
4,149,502.5,262.0,497.5,257.0,507.5,267.0,1.0
4,150,502.5,262.0,497.5,257.0,507.5,267.0,1.0
4,151,502.5,262.0,497.5,257.0,507.5,267.0,1.0
4,152,502.5,262.0,497.5,257.0,507.5,267.0,1.0
4,153,502.5,262.0,497.5,257.0,507.5,267.0,1.0
4,154,502.5,262.0,497.5,257.0,507.5,267.0,1.0
4,155,502.5,262.0,497.5,257.0,507.5,267.0,1.0
4,156,502.5,262.0,497.5,257.0,507.5,267.0,1.0
4,157,502.5,262.0,497.5,257.0,507.5,267.0,1.0
4,158,502.5,262.0,497.5,257.0,507.5,267.0,1.0
4,159,502.5,262.0,497.5,257.0,507.5,267.0,1.0
4,160,502.5,262.0,497.5,257.0,507.5,267.0,1.0
4,161,502.5,262.0,497.5,257.0,507.5,267.0,1.0
4,162,502.5,262.0,497.5,257.0,507.5,267.0,1.0
4,163,502.5,262.0,497.5,257.0,507.5,267.0,1.0
4,164,502.5,262.0,497.5,257.0,507.5,267.0,1.0
4,165,502.5,262.0,497.5,257.0,507.5,267.0,1.0
4,166,502.5,262.0,497.5,257.0,507.5,267.0,1.0
4,167,502.5,262.0,497.5,257.0,507.5,267.0,1.0
4,168,502.5,262.0,497.5,257.0,507.5,267.0,1.0
4,169,502.5,262.0,497.5,257.0,507.5,267.0,1.0
4,170,502.5,262.0,497.5,257.0,507.5,267.0,1.0
4,171,502.5,262.0,497.5,257.0,507.5,267.0,1.0
4,172,502.5,262.0,497.5,257.0,507.5,267.0,1.0
4,173,502.5,262.0,497.5,257.0,507.5,267.0,1.0
4,174,502.5,262.0,497.5,257.0,507.5,267.0,1.0
4,175,502.5,262.0,497.5,257.0,507.5,267.0,1.0
4,176,502.5,262.0,497.5,257.0,507.5,267.0,1.0
4,177,502.5,262.0,497.5,257.0,507.5,267.0,1.0
4,178,502.5,262.0,497.5,257.0,507.5,267.0,1.0
4,179,502.5,262.0,497.5,257.0,507.5,267.0,1.0
4,180,502.5,262.0,497.5,257.0,507.5,267.0,1.0
4,181,502.5,262.0,497.5,257.0,507.5,267.0,1.0
4,182,502.5,262.0,497.5,257.0,507.5,267.0,1.0
4,183,502.5,262.0,497.5,257.0,507.5,267.0,1.0
4,184,502.5,262.0,497.5,257.0,507.5,267.0,1.0
4,185,502.5,262.0,497.5,257.0,507.5,267.0,1.0
4,186,502.5,262.0,497.5,257.0,507.5,267.0,1.0
4,187,502.5,262.0,497.5,257.0,507.5,267.0,1.0
4,188,502.5,262.0,497.5,257.0,507.5,267.0,1.0
4,189,502.5,262.0,497.5,257.0,507.5,267.0,1.0
4,190,502.5,262.0,497.5,257.0,507.5,267.0,1.0
4,191,502.5,262.0,497.5,257.0,507.5,267.0,1.0
4,192,502.5,262.0,497.5,257.0,507.5,267.0,1.0
4,193,502.5,262.0,497.5,257.0,507.5,267.0,1.0
4,194,502.5,262.0,497.5,257.0,507.5,267.0,1.0
4,195,502.5,262.0,497.5,257.0,507.5,267.0,1.0
4,196,502.5,262.0,497.5,257.0,507.5,267.0,1.0
4,197,502.5,262.0,497.5,257.0,507.5,267.0,1.0
4,198,502.5,262.0,497.5,257.0,507.5,267.0,1.0
4,199,502.5,262.0,497.5,257.0,507.5,267.0,1.0
4,200,502.5,262.0,497.5,257.0,507.5,267.0,1.0
4,201,502.5,262.0,497.5,257.0,507.5,267.0,1.0
4,202,502.5,262.0,497.5,257.0,507.5,267.0,1.0
4,203,502.5,262.0,497.5,257.0,507.5,267.0,1.0
4,204,502.5,262.0,497.5,257.0,507.5,267.0,1.0
4,205,502.5,262.0,497.5,257.0,507.5,267.0,1.0
4,206,502.5,262.0,497.5,257.0,507.5,267.0,1.0
4,207,502.5,262.0,497.5,257.0,507.5,267.0,1.0
4,208,502.5,262.0,497.5,257.0,507.5,267.0,1.0
4,209,502.5,262.0,497.5,257.0,507.5,267.0,1.0
4,210,502.5,262.0,497.5,257.0,507.5,267.0,1.0
4,211,502.5,262.0,497.5,257.0,507.5,267.0,1.0
4,212,502.5,262.0,497.5,257.0,507.5,267.0,1.0
4,213,502.5,262.0,497.5,257.0,507.5,267.0,1.0
4,214,502.5,262.0,497.5,257.0,507.5,267.0,1.0
4,215,502.5,262.0,497.5,257.0,507.5,267.0,1.0
4,216,502.5,262.0,497.5,257.0,507.5,267.0,1.0
4,217,502.5,262.0,497.5,257.0,507.5,267.0,1.0
4,218,502.5,262.0,497.5,257.0,507.5,267.0,1.0
4,219,502.5,262.0,497.5,257.0,507.5,267.0,1.0
4,220,502.5,262.0,497.5,257.0,507.5,267.0,1.0
4,221,502.5,262.0,497.5,257.0,507.5,267.0,1.0
4,222,502.5,262.0,497.5,257.0,507.5,267.0,1.0
4,223,502.5,262.0,497.5,257.0,507.5,267.0,1.0
4,224,502.5,262.0,497.5,257.0,507.5,267.0,1.0
4,225,502.5,262.0,497.5,257.0,507.5,267.0,1.0
4,226,502.5,262.0,497.5,257.0,507.5,267.0,1.0
4,227,502.5,262.0,497.5,257.0,507.5,267.0,1.0
4,228,502.5,262.0,497.5,257.0,507.5,267.0,1.0
4,229,502.5,262.0,497.5,257.0,507.5,267.0,1.0
4,230,502.5,262.0,497.5,257.0,507.5,267.0,1.0
4,231,502.5,262.0,497.5,257.0,507.5,267.0,1.0
4,232,502.5,262.0,497.5,257.0,507.5,267.0,1.0
4,233,502.5,262.0,497.5,257.0,507.5,267.0,1.0
4,234,502.5,262.0,497.5,257.0,507.5,267.0,1.0
4,235,502.5,262.0,497.5,257.0,507.5,267.0,1.0
4,236,502.5,262.0,497.5,257.0,507.5,267.0,1.0
4,237,502.5,262.0,497.5,257.0,507.5,267.0,1.0
4,238,502.5,262.0,497.5,257.0,507.5,267.0,1.0
4,239,502.5,262.0,497.5,257.0,507.5,267.0,1.0
4,240,502.5,262.0,497.5,257.0,507.5,267.0,1.0
4,241,502.5,262.0,497.5,257.0,507.5,267.0,1.0
4,242,502.5,262.0,497.5,257.0,507.5,267.0,1.0
4,243,502.5,262.0,497.5,257.0,507.5,267.0,1.0
4,244,502.5,262.0,497.5,257.0,507.5,267.0,1.0
4,245,502.5,262.0,497.5,257.0,507.5,267.0,1.0
4,246,502.5,262.0,497.5,257.0,507.5,267.0,1.0
4,247,502.5,262.0,497.5,257.0,507.5,267.0,1.0
4,248,502.5,262.0,497.5,257.0,507.5,267.0,1.0
4,249,502.5,262.0,497.5,257.0,507.5,267.0,1.0
4,250,502.5,262.0,497.5,257.0,507.5,267.0,1.0
4,251,502.5,262.0,497.5,257.0,507.5,267.0,1.0
4,252,502.5,262.0,497.5,257.0,507.5,267.0,1.0
4,253,502.5,262.0,497.5,257.0,507.5,267.0,1.0
4,254,502.5,262.0,497.5,257.0,507.5,267.0,1.0
4,255,502.5,262.0,497.5,257.0,507.5,267.0,1.0
4,256,502.5,262.0,497.5,257.0,507.5,267.0,1.0
4,257,502.5,262.0,497.5,257.0,507.5,267.0,1.0
4,258,502.5,262.0,497.5,257.0,507.5,267.0,1.0
4,259,502.5,262.0,497.5,257.0,507.5,267.0,1.0
4,260,502.5,262.0,497.5,257.0,507.5,267.0,1.0
4,261,502.5,262.0,497.5,257.0,507.5,267.0,1.0
4,262,502.5,262.0,497.5,257.0,507.5,267.0,1.0
4,263,502.5,262.0,497.5,257.0,507.5,267.0,1.0
4,264,502.5,262.0,497.5,257.0,507.5,267.0,1.0
4,265,502.5,262.0,497.5,257.0,507.5,267.0,1.0
4,266,502.5,262.0,497.5,257.0,507.5,267.0,1.0
4,267,502.5,262.0,497.5,257.0,507.5,267.0,1.0
4,268,502.5,262.0,497.5,257.0,507.5,267.0,1.0
4,269,502.5,262.0,497.5,257.0,507.5,267.0,1.0
4,270,502.5,262.0,497.5,257.0,507.5,267.0,1.0
4,271,502.5,262.0,497.5,257.0,507.5,267.0,1.0
4,272,502.5,262.0,497.5,257.0,507.5,267.0,1.0
4,273,502.5,262.0,497.5,257.0,507.5,267.0,1.0
4,274,502.5,262.0,497.5,257.0,507.5,267.0,1.0
4,275,502.5,262.0,497.5,257.0,507.5,267.0,1.0
4,276,502.5,262.0,497.5,257.0,507.5,267.0,1.0
4,277,502.5,262.0,497.5,257.0,507.5,267.0,1.0
4,278,502.5,262.0,497.5,257.0,507.5,267.0,1.0
4,279,502.5,262.0,497.5,257.0,507.5,267.0,1.0
4,280,502.5,262.0,497.5,257.0,507.5,267.0,1.0
4,281,502.5,262.0,497.5,257.0,507.5,267.0,1.0
4,282,502.5,262.0,497.5,257.0,507.5,267.0,1.0
4,283,502.5,262.0,497.5,257.0,507.5,267.0,1.0
4,284,502.5,262.0,497.5,257.0,507.5,267.0,1.0
4,285,502.5,262.0,497.5,257.0,507.5,267.0,1.0
4,286,502.5,262.0,497.5,257.0,507.5,267.0,1.0
4,287,502.5,262.0,497.5,257.0,507.5,267.0,1.0
4,288,502.5,262.0,497.5,257.0,507.5,267.0,1.0
4,289,502.5,262.0,497.5,257.0,507.5,267.0,1.0
4,290,502.5,262.0,497.5,257.0,507.5,267.0,1.0
4,291,502.5,262.0,497.5,257.0,507.5,267.0,1.0
4,292,502.5,262.0,497.5,257.0,507.5,267.0,1.0
4,293,502.5,262.0,497.5,257.0,507.5,267.0,1.0
4,294,502.5,262.0,497.5,257.0,507.5,267.0,1.0
4,295,502.5,262.0,497.5,257.0,507.5,267.0,1.0
4,296,502.5,262.0,497.5,257.0,507.5,267.0,1.0
4,297,502.5,262.0,497.5,257.0,507.5,267.0,1.0
4,298,502.5,262.0,497.5,257.0,507.5,267.0,1.0
4,299,502.5,262.0,497.5,257.0,507.5,267.0,1.0
4,300,502.5,262.0,497.5,257.0,507.5,267.0,1.0
4,301,502.5,262.0,497.5,257.0,507.5,267.0,1.0
4,302,502.5,262.0,497.5,257.0,507.5,267.0,1.0
4,303,502.5,262.0,497.5,257.0,507.5,267.0,1.0
4,304,502.5,262.0,497.5,257.0,507.5,267.0,1.0
4,305,502.5,262.0,497.5,257.0,507.5,267.0,1.0
4,306,502.5,262.0,497.5,257.0,507.5,267.0,1.0
4,307,502.5,262.0,497.5,257.0,507.5,267.0,1.0
4,308,502.5,262.0,497.5,257.0,507.5,267.0,1.0
4,309,502.5,262.0,497.5,257.0,507.5,267.0,1.0
4,310,502.5,262.0,497.5,257.0,507.5,267.0,1.0
4,311,502.5,262.0,497.5,257.0,507.5,267.0,1.0
4,312,502.5,262.0,497.5,257.0,507.5,267.0,1.0
4,313,502.5,262.0,497.5,257.0,507.5,267.0,1.0
4,314,502.5,262.0,497.5,257.0,507.5,267.0,1.0
4,315,502.5,262.0,497.5,257.0,507.5,267.0,1.0
4,316,502.5,262.0,497.5,257.0,507.5,267.0,1.0
4,317,502.5,262.0,497.5,257.0,507.5,267.0,1.0
4,318,502.5,262.0,497.5,257.0,507.5,267.0,1.0
4,319,502.5,262.0,497.5,257.0,507.5,267.0,1.0
4,320,502.5,262.0,497.5,257.0,507.5,267.0,1.0
4,321,502.5,262.0,497.5,257.0,507.5,267.0,1.0
4,322,502.5,262.0,497.5,257.0,507.5,267.0,1.0
4,323,502.5,262.0,497.5,257.0,507.5,267.0,1.0
4,324,502.5,262.0,497.5,257.0,507.5,267.0,1.0
4,325,502.5,262.0,497.5,257.0,507.5,267.0,1.0
4,326,502.5,262.0,497.5,257.0,507.5,267.0,1.0
4,327,502.5,262.0,497.5,257.0,507.5,267.0,1.0
4,328,502.5,262.0,497.5,257.0,507.5,267.0,1.0
4,329,502.5,262.0,497.5,257.0,507.5,267.0,1.0
4,330,502.5,262.0,497.5,257.0,507.5,267.0,1.0
4,331,502.5,262.0,497.5,257.0,507.5,267.0,1.0
4,332,502.5,262.0,497.5,257.0,507.5,267.0,1.0
4,333,502.5,262.0,497.5,257.0,507.5,267.0,1.0
4,334,502.5,262.0,497.5,257.0,507.5,267.0,1.0
4,335,502.5,262.0,497.5,257.0,507.5,267.0,1.0
4,336,502.5,262.0,497.5,257.0,507.5,267.0,1.0
4,337,502.5,262.0,497.5,257.0,507.5,267.0,1.0
4,338,502.5,262.0,497.5,257.0,507.5,267.0,1.0
4,339,502.5,262.0,497.5,257.0,507.5,267.0,1.0
4,340,502.5,262.0,497.5,257.0,507.5,267.0,1.0
4,341,502.5,262.0,497.5,257.0,507.5,267.0,1.0
4,342,502.5,262.0,497.5,257.0,507.5,267.0,1.0
4,343,502.5,262.0,497.5,257.0,507.5,267.0,1.0
4,344,502.5,262.0,497.5,257.0,507.5,267.0,1.0
4,345,502.5,262.0,497.5,257.0,507.5,267.0,1.0
4,346,502.5,262.0,497.5,257.0,507.5,267.0,1.0
4,347,502.5,262.0,497.5,257.0,507.5,267.0,1.0
4,348,502.5,262.0,497.5,257.0,507.5,267.0,1.0
4,349,502.5,262.0,497.5,257.0,507.5,267.0,1.0
4,350,502.5,262.0,497.5,257.0,507.5,267.0,1.0
4,351,502.5,262.0,497.5,257.0,507.5,267.0,1.0
4,352,502.5,262.0,497.5,257.0,507.5,267.0,1.0
4,353,502.5,262.0,497.5,257.0,507.5,267.0,1.0
4,354,502.5,262.0,497.5,257.0,507.5,267.0,1.0
4,355,502.5,262.0,497.5,257.0,507.5,267.0,1.0
4,356,502.5,262.0,497.5,257.0,507.5,267.0,1.0
4,357,502.5,262.0,497.5,257.0,507.5,267.0,1.0
4,358,502.5,262.0,497.5,257.0,507.5,267.0,1.0
4,359,502.5,262.0,497.5,257.0,507.5,267.0,1.0
4,360,502.5,262.0,497.5,257.0,507.5,267.0,1.0
4,361,502.5,262.0,497.5,257.0,507.5,267.0,1.0
4,362,502.5,262.0,497.5,257.0,507.5,267.0,1.0
4,363,502.5,262.0,497.5,257.0,507.5,267.0,1.0
4,364,502.5,262.0,497.5,257.0,507.5,267.0,1.0
4,365,502.5,262.0,497.5,257.0,507.5,267.0,1.0
4,366,502.5,262.0,497.5,257.0,507.5,267.0,1.0
4,367,502.5,262.0,497.5,257.0,507.5,267.0,1.0
4,368,502.5,262.0,497.5,257.0,507.5,267.0,1.0
4,369,502.5,262.0,497.5,257.0,507.5,267.0,1.0
4,370,502.5,262.0,497.5,257.0,507.5,267.0,1.0
4,371,502.5,262.0,497.5,257.0,507.5,267.0,1.0
4,372,502.5,262.0,497.5,257.0,507.5,267.0,1.0
4,373,502.5,262.0,497.5,257.0,507.5,267.0,1.0
4,374,502.5,262.0,497.5,257.0,507.5,267.0,1.0
4,375,502.5,262.0,497.5,257.0,507.5,267.0,1.0
4,376,502.5,262.0,497.5,257.0,507.5,267.0,1.0
4,377,502.5,262.0,497.5,257.0,507.5,267.0,1.0
4,378,502.5,262.0,497.5,257.0,507.5,267.0,1.0
4,379,502.5,262.0,497.5,257.0,507.5,267.0,1.0
4,380,502.5,262.0,497.5,257.0,507.5,267.0,1.0
4,381,502.5,262.0,497.5,257.0,507.5,267.0,1.0
4,382,502.5,262.0,497.5,257.0,507.5,267.0,1.0
4,383,502.5,262.0,497.5,257.0,507.5,267.0,1.0
4,384,502.5,262.0,497.5,257.0,507.5,267.0,1.0
4,385,502.5,262.0,497.5,257.0,507.5,267.0,1.0
4,386,502.5,262.0,497.5,257.0,507.5,267.0,1.0
4,387,502.5,262.0,497.5,257.0,507.5,267.0,1.0
4,388,502.5,262.0,497.5,257.0,507.5,267.0,1.0
4,389,502.5,262.0,497.5,257.0,507.5,267.0,1.0
4,390,502.5,262.0,497.5,257.0,507.5,267.0,1.0
4,391,502.5,262.0,497.5,257.0,507.5,267.0,1.0
4,392,502.5,262.0,497.5,257.0,507.5,267.0,1.0
4,393,502.5,262.0,497.5,257.0,507.5,267.0,1.0
4,394,502.5,262.0,497.5,257.0,507.5,267.0,1.0
4,395,502.5,262.0,497.5,257.0,507.5,267.0,1.0
4,396,502.5,262.0,497.5,257.0,507.5,267.0,1.0
4,397,502.5,262.0,497.5,257.0,507.5,267.0,1.0
4,398,502.5,262.0,497.5,257.0,507.5,267.0,1.0
4,399,502.5,262.0,497.5,257.0,507.5,267.0,1.0
4,400,502.5,262.0,497.5,257.0,507.5,267.0,1.0
4,401,502.5,262.0,497.5,257.0,507.5,267.0,1.0
4,402,502.5,262.0,497.5,257.0,507.5,267.0,1.0
4,403,502.5,262.0,497.5,257.0,507.5,267.0,1.0
4,404,502.5,262.0,497.5,257.0,507.5,267.0,1.0
4,405,502.5,262.0,497.5,257.0,507.5,267.0,1.0
4,406,502.5,262.0,497.5,257.0,507.5,267.0,1.0
4,407,502.5,262.0,497.5,257.0,507.5,267.0,1.0
4,408,502.5,262.0,497.5,257.0,507.5,267.0,1.0
4,409,502.5,262.0,497.5,257.0,507.5,267.0,1.0
4,410,502.5,262.0,497.5,257.0,507.5,267.0,1.0
4,411,502.5,262.0,497.5,257.0,507.5,267.0,1.0
4,412,502.5,262.0,497.5,257.0,507.5,267.0,1.0
4,413,502.5,262.0,497.5,257.0,507.5,267.0,1.0
4,414,502.5,262.0,497.5,257.0,507.5,267.0,1.0
4,415,502.5,262.0,497.5,257.0,507.5,267.0,1.0
4,416,502.5,262.0,497.5,257.0,507.5,267.0,1.0
4,417,502.5,262.0,497.5,257.0,507.5,267.0,1.0
4,418,502.5,262.0,497.5,257.0,507.5,267.0,1.0
4,419,502.5,262.0,497.5,257.0,507.5,267.0,1.0
4,420,502.5,262.0,497.5,257.0,507.5,267.0,1.0
4,421,502.5,262.0,497.5,257.0,507.5,267.0,1.0
4,422,502.5,262.0,497.5,257.0,507.5,267.0,1.0
4,423,502.5,262.0,497.5,257.0,507.5,267.0,1.0
4,424,502.5,262.0,497.5,257.0,507.5,267.0,1.0
4,425,502.5,262.0,497.5,257.0,507.5,267.0,1.0
4,426,502.5,262.0,497.5,257.0,507.5,267.0,1.0
4,427,502.5,262.0,497.5,257.0,507.5,267.0,1.0
4,428,502.5,262.0,497.5,257.0,507.5,267.0,1.0
4,429,502.5,262.0,497.5,257.0,507.5,267.0,1.0
4,430,502.5,262.0,497.5,257.0,507.5,267.0,1.0
4,431,502.5,262.0,497.5,257.0,507.5,267.0,1.0
4,432,502.5,262.0,497.5,257.0,507.5,267.0,1.0
4,433,502.5,262.0,497.5,257.0,507.5,267.0,1.0
4,434,502.5,262.0,497.5,257.0,507.5,267.0,1.0
4,435,502.5,262.0,497.5,257.0,507.5,267.0,1.0
4,436,502.5,262.0,497.5,257.0,507.5,267.0,1.0
4,437,502.5,262.0,497.5,257.0,507.5,267.0,1.0
4,438,502.5,262.0,497.5,257.0,507.5,267.0,1.0
4,439,502.5,262.0,497.5,257.0,507.5,267.0,1.0
4,440,502.5,262.0,497.5,257.0,507.5,267.0,1.0
4,441,502.5,262.0,497.5,257.0,507.5,267.0,1.0
4,442,502.5,262.0,497.5,257.0,507.5,267.0,1.0
4,443,502.5,262.0,497.5,257.0,507.5,267.0,1.0
4,444,502.5,262.0,497.5,257.0,507.5,267.0,1.0
4,445,502.5,262.0,497.5,257.0,507.5,267.0,1.0
4,446,502.5,262.0,497.5,257.0,507.5,267.0,1.0
4,447,502.5,262.0,497.5,257.0,507.5,267.0,1.0
4,448,502.5,262.0,497.5,257.0,507.5,267.0,1.0
4,449,502.5,262.0,497.5,257.0,507.5,267.0,1.0
4,450,502.5,262.0,497.5,257.0,507.5,267.0,1.0
5,0,284.5,204.5,279.5,199.5,289.5,209.5,1.0
5,1,284.5,204.5,279.5,199.5,289.5,209.5,1.0
5,2,284.5,204.5,279.5,199.5,289.5,209.5,1.0
5,3,284.5,204.5,279.5,199.5,289.5,209.5,1.0
5,4,284.5,204.5,279.5,199.5,289.5,209.5,1.0
5,5,284.5,204.5,279.5,199.5,289.5,209.5,1.0
5,6,284.5,204.5,279.5,199.5,289.5,209.5,1.0
5,7,284.5,204.5,279.5,199.5,289.5,209.5,1.0
5,8,284.5,204.5,279.5,199.5,289.5,209.5,1.0
5,9,284.5,204.5,279.5,199.5,289.5,209.5,1.0
5,10,284.5,204.5,279.5,199.5,289.5,209.5,1.0
5,11,284.5,204.5,279.5,199.5,289.5,209.5,1.0
5,12,284.5,204.5,279.5,199.5,289.5,209.5,1.0
5,13,284.5,204.5,279.5,199.5,289.5,209.5,1.0
5,14,284.5,204.5,279.5,199.5,289.5,209.5,1.0
5,15,284.5,204.5,279.5,199.5,289.5,209.5,1.0
5,16,284.5,204.5,279.5,199.5,289.5,209.5,1.0
5,17,284.5,204.5,279.5,199.5,289.5,209.5,1.0
5,18,284.5,204.5,279.5,199.5,289.5,209.5,1.0
5,19,284.5,204.5,279.5,199.5,289.5,209.5,1.0
5,20,284.5,204.5,279.5,199.5,289.5,209.5,1.0
5,21,284.5,204.5,279.5,199.5,289.5,209.5,1.0
5,22,284.5,204.5,279.5,199.5,289.5,209.5,1.0
5,23,284.5,204.5,279.5,199.5,289.5,209.5,1.0
5,24,284.5,204.5,279.5,199.5,289.5,209.5,1.0
5,25,284.5,204.5,279.5,199.5,289.5,209.5,1.0
5,26,284.5,204.5,279.5,199.5,289.5,209.5,1.0
5,27,284.5,204.5,279.5,199.5,289.5,209.5,1.0
5,28,284.5,204.5,279.5,199.5,289.5,209.5,1.0
5,29,284.5,204.5,279.5,199.5,289.5,209.5,1.0
5,30,284.5,204.5,279.5,199.5,289.5,209.5,1.0
5,31,284.5,204.5,279.5,199.5,289.5,209.5,1.0
5,32,284.5,204.5,279.5,199.5,289.5,209.5,1.0
5,33,284.5,204.5,279.5,199.5,289.5,209.5,1.0
5,34,284.5,204.5,279.5,199.5,289.5,209.5,1.0
5,35,284.5,204.5,279.5,199.5,289.5,209.5,1.0
5,36,284.5,204.5,279.5,199.5,289.5,209.5,1.0
5,37,284.5,204.5,279.5,199.5,289.5,209.5,1.0
5,38,284.5,204.5,279.5,199.5,289.5,209.5,1.0
5,39,284.5,204.5,279.5,199.5,289.5,209.5,1.0
5,40,284.5,204.5,279.5,199.5,289.5,209.5,1.0
5,41,284.5,204.5,279.5,199.5,289.5,209.5,1.0
5,42,284.5,204.5,279.5,199.5,289.5,209.5,1.0
5,43,284.5,204.5,279.5,199.5,289.5,209.5,1.0
5,44,284.5,204.5,279.5,199.5,289.5,209.5,1.0
5,45,284.5,204.5,279.5,199.5,289.5,209.5,1.0
5,46,284.5,204.5,279.5,199.5,289.5,209.5,1.0
5,47,284.5,204.5,279.5,199.5,289.5,209.5,1.0
5,48,284.5,204.5,279.5,199.5,289.5,209.5,1.0
5,49,284.5,204.5,279.5,199.5,289.5,209.5,1.0
5,50,284.5,204.5,279.5,199.5,289.5,209.5,1.0
5,51,284.5,204.5,279.5,199.5,289.5,209.5,1.0
5,52,284.5,204.5,279.5,199.5,289.5,209.5,1.0
5,53,284.5,204.5,279.5,199.5,289.5,209.5,1.0
5,54,284.5,204.5,279.5,199.5,289.5,209.5,1.0
5,55,284.5,204.5,279.5,199.5,289.5,209.5,1.0
5,56,284.5,204.5,279.5,199.5,289.5,209.5,1.0
5,57,284.5,204.5,279.5,199.5,289.5,209.5,1.0
5,58,284.5,204.5,279.5,199.5,289.5,209.5,1.0
5,59,284.5,204.5,279.5,199.5,289.5,209.5,1.0
5,60,284.5,204.5,279.5,199.5,289.5,209.5,1.0
5,61,284.5,204.5,279.5,199.5,289.5,209.5,1.0
5,62,284.5,204.5,279.5,199.5,289.5,209.5,1.0
5,63,284.5,204.5,279.5,199.5,289.5,209.5,1.0
5,64,284.5,204.5,279.5,199.5,289.5,209.5,1.0
5,65,284.5,204.5,279.5,199.5,289.5,209.5,1.0
5,66,284.5,204.5,279.5,199.5,289.5,209.5,1.0
5,67,284.5,204.5,279.5,199.5,289.5,209.5,1.0
5,68,284.5,204.5,279.5,199.5,289.5,209.5,1.0
5,69,284.5,204.5,279.5,199.5,289.5,209.5,1.0
5,70,284.5,204.5,279.5,199.5,289.5,209.5,1.0
5,71,284.5,204.5,279.5,199.5,289.5,209.5,1.0
5,72,284.5,204.5,279.5,199.5,289.5,209.5,1.0
5,73,284.5,204.5,279.5,199.5,289.5,209.5,1.0
5,74,284.5,204.5,279.5,199.5,289.5,209.5,1.0
5,75,284.5,204.5,279.5,199.5,289.5,209.5,1.0
5,76,284.5,204.5,279.5,199.5,289.5,209.5,1.0
5,77,284.5,204.5,279.5,199.5,289.5,209.5,1.0
5,78,284.5,204.5,279.5,199.5,289.5,209.5,1.0
5,79,284.5,204.5,279.5,199.5,289.5,209.5,1.0
5,80,284.5,204.5,279.5,199.5,289.5,209.5,1.0
5,81,284.5,204.5,279.5,199.5,289.5,209.5,1.0
5,82,284.5,204.5,279.5,199.5,289.5,209.5,1.0
5,83,284.5,204.5,279.5,199.5,289.5,209.5,1.0
5,84,284.5,204.5,279.5,199.5,289.5,209.5,1.0
5,85,284.5,204.5,279.5,199.5,289.5,209.5,1.0
5,86,284.5,204.5,279.5,199.5,289.5,209.5,1.0
5,87,284.5,204.5,279.5,199.5,289.5,209.5,1.0
5,88,284.5,204.5,279.5,199.5,289.5,209.5,1.0
5,89,284.5,204.5,279.5,199.5,289.5,209.5,1.0
5,90,284.5,204.5,279.5,199.5,289.5,209.5,1.0
5,91,284.5,204.5,279.5,199.5,289.5,209.5,1.0
5,92,284.5,204.5,279.5,199.5,289.5,209.5,1.0
5,93,284.5,204.5,279.5,199.5,289.5,209.5,1.0
5,94,284.5,204.5,279.5,199.5,289.5,209.5,1.0
5,95,284.5,204.5,279.5,199.5,289.5,209.5,1.0
5,96,284.5,204.5,279.5,199.5,289.5,209.5,1.0
5,97,284.5,204.5,279.5,199.5,289.5,209.5,1.0
5,98,284.5,204.5,279.5,199.5,289.5,209.5,1.0
5,99,284.5,204.5,279.5,199.5,289.5,209.5,1.0
5,100,284.5,204.5,279.5,199.5,289.5,209.5,1.0
5,101,284.5,204.5,279.5,199.5,289.5,209.5,1.0
5,102,284.5,204.5,279.5,199.5,289.5,209.5,1.0
5,103,284.5,204.5,279.5,199.5,289.5,209.5,1.0
5,104,284.5,204.5,279.5,199.5,289.5,209.5,1.0
5,105,284.5,204.5,279.5,199.5,289.5,209.5,1.0
5,106,284.5,204.5,279.5,199.5,289.5,209.5,1.0
5,107,284.5,204.5,279.5,199.5,289.5,209.5,1.0
5,108,284.5,204.5,279.5,199.5,289.5,209.5,1.0
5,109,284.5,204.5,279.5,199.5,289.5,209.5,1.0
5,110,284.5,204.5,279.5,199.5,289.5,209.5,1.0
5,111,284.5,204.5,279.5,199.5,289.5,209.5,1.0
5,112,284.5,204.5,279.5,199.5,289.5,209.5,1.0
5,113,284.5,204.5,279.5,199.5,289.5,209.5,1.0
5,114,284.5,204.5,279.5,199.5,289.5,209.5,1.0
5,115,284.5,204.5,279.5,199.5,289.5,209.5,1.0
5,116,284.5,204.5,279.5,199.5,289.5,209.5,1.0
5,117,284.5,204.5,279.5,199.5,289.5,209.5,1.0
5,118,284.5,204.5,279.5,199.5,289.5,209.5,1.0
5,119,284.5,204.5,279.5,199.5,289.5,209.5,1.0
5,120,284.5,204.5,279.5,199.5,289.5,209.5,1.0
5,121,284.5,204.5,279.5,199.5,289.5,209.5,1.0
5,122,284.5,204.5,279.5,199.5,289.5,209.5,1.0
5,123,284.5,204.5,279.5,199.5,289.5,209.5,1.0
5,124,284.5,204.5,279.5,199.5,289.5,209.5,1.0
5,125,284.5,204.5,279.5,199.5,289.5,209.5,1.0
5,126,284.5,204.5,279.5,199.5,289.5,209.5,1.0
5,127,284.5,204.5,279.5,199.5,289.5,209.5,1.0
5,128,284.5,204.5,279.5,199.5,289.5,209.5,1.0
5,129,284.5,204.5,279.5,199.5,289.5,209.5,1.0
5,130,284.5,204.5,279.5,199.5,289.5,209.5,1.0
5,131,284.5,204.5,279.5,199.5,289.5,209.5,1.0
5,132,284.5,204.5,279.5,199.5,289.5,209.5,1.0
5,133,284.5,204.5,279.5,199.5,289.5,209.5,1.0
5,134,284.5,204.5,279.5,199.5,289.5,209.5,1.0
5,135,284.5,204.5,279.5,199.5,289.5,209.5,1.0
5,136,284.5,204.5,279.5,199.5,289.5,209.5,1.0
5,137,284.5,204.5,279.5,199.5,289.5,209.5,1.0
5,138,284.5,204.5,279.5,199.5,289.5,209.5,1.0
5,139,284.5,204.5,279.5,199.5,289.5,209.5,1.0
5,140,284.5,204.5,279.5,199.5,289.5,209.5,1.0
5,141,284.5,204.5,279.5,199.5,289.5,209.5,1.0
5,142,284.5,204.5,279.5,199.5,289.5,209.5,1.0
5,143,284.5,204.5,279.5,199.5,289.5,209.5,1.0
5,144,284.5,204.5,279.5,199.5,289.5,209.5,1.0
5,145,284.5,204.5,279.5,199.5,289.5,209.5,1.0
5,146,284.5,204.5,279.5,199.5,289.5,209.5,1.0
5,147,284.5,204.5,279.5,199.5,289.5,209.5,1.0
5,148,284.5,204.5,279.5,199.5,289.5,209.5,1.0
5,149,284.5,204.5,279.5,199.5,289.5,209.5,1.0
5,150,284.5,204.5,279.5,199.5,289.5,209.5,1.0
5,151,284.5,204.5,279.5,199.5,289.5,209.5,1.0
5,152,284.5,204.5,279.5,199.5,289.5,209.5,1.0
5,153,284.5,204.5,279.5,199.5,289.5,209.5,1.0
5,154,284.5,204.5,279.5,199.5,289.5,209.5,1.0
5,155,284.5,204.5,279.5,199.5,289.5,209.5,1.0
5,156,284.5,204.5,279.5,199.5,289.5,209.5,1.0
5,157,284.5,204.5,279.5,199.5,289.5,209.5,1.0
5,158,284.5,204.5,279.5,199.5,289.5,209.5,1.0
5,159,284.5,204.5,279.5,199.5,289.5,209.5,1.0
5,160,284.5,204.5,279.5,199.5,289.5,209.5,1.0
5,161,284.5,204.5,279.5,199.5,289.5,209.5,1.0
5,162,284.5,204.5,279.5,199.5,289.5,209.5,1.0
5,163,284.5,204.5,279.5,199.5,289.5,209.5,1.0
5,164,284.5,204.5,279.5,199.5,289.5,209.5,1.0
5,165,284.5,204.5,279.5,199.5,289.5,209.5,1.0
5,166,284.5,204.5,279.5,199.5,289.5,209.5,1.0
5,167,284.5,204.5,279.5,199.5,289.5,209.5,1.0
5,168,284.5,204.5,279.5,199.5,289.5,209.5,1.0
5,169,284.5,204.5,279.5,199.5,289.5,209.5,1.0
5,170,284.5,204.5,279.5,199.5,289.5,209.5,1.0
5,171,284.5,204.5,279.5,199.5,289.5,209.5,1.0
5,172,284.5,204.5,279.5,199.5,289.5,209.5,1.0
5,173,284.5,204.5,279.5,199.5,289.5,209.5,1.0
5,174,284.5,204.5,279.5,199.5,289.5,209.5,1.0
5,175,284.5,204.5,279.5,199.5,289.5,209.5,1.0
5,176,284.5,204.5,279.5,199.5,289.5,209.5,1.0
5,177,284.5,204.5,279.5,199.5,289.5,209.5,1.0
5,178,284.5,204.5,279.5,199.5,289.5,209.5,1.0
5,179,284.5,204.5,279.5,199.5,289.5,209.5,1.0
5,180,284.5,204.5,279.5,199.5,289.5,209.5,1.0
5,181,284.5,204.5,279.5,199.5,289.5,209.5,1.0
5,182,284.5,204.5,279.5,199.5,289.5,209.5,1.0
5,183,284.5,204.5,279.5,199.5,289.5,209.5,1.0
5,184,284.5,204.5,279.5,199.5,289.5,209.5,1.0
5,185,284.5,204.5,279.5,199.5,289.5,209.5,1.0
5,186,284.5,204.5,279.5,199.5,289.5,209.5,1.0
5,187,284.5,204.5,279.5,199.5,289.5,209.5,1.0
5,188,284.5,204.5,279.5,199.5,289.5,209.5,1.0
5,189,284.5,204.5,279.5,199.5,289.5,209.5,1.0
5,190,284.5,204.5,279.5,199.5,289.5,209.5,1.0
5,191,284.5,204.5,279.5,199.5,289.5,209.5,1.0
5,192,284.5,204.5,279.5,199.5,289.5,209.5,1.0
5,193,284.5,204.5,279.5,199.5,289.5,209.5,1.0
5,194,284.5,204.5,279.5,199.5,289.5,209.5,1.0
5,195,284.5,204.5,279.5,199.5,289.5,209.5,1.0
5,196,284.5,204.5,279.5,199.5,289.5,209.5,1.0
5,197,284.5,204.5,279.5,199.5,289.5,209.5,1.0
5,198,284.5,204.5,279.5,199.5,289.5,209.5,1.0
5,199,284.5,204.5,279.5,199.5,289.5,209.5,1.0
5,200,284.5,204.5,279.5,199.5,289.5,209.5,1.0
5,201,284.5,204.5,279.5,199.5,289.5,209.5,1.0
5,202,284.5,204.5,279.5,199.5,289.5,209.5,1.0
5,203,284.5,204.5,279.5,199.5,289.5,209.5,1.0
5,204,284.5,204.5,279.5,199.5,289.5,209.5,1.0
5,205,284.5,204.5,279.5,199.5,289.5,209.5,1.0
5,206,284.5,204.5,279.5,199.5,289.5,209.5,1.0
5,207,284.5,204.5,279.5,199.5,289.5,209.5,1.0
5,208,284.5,204.5,279.5,199.5,289.5,209.5,1.0
5,209,284.5,204.5,279.5,199.5,289.5,209.5,1.0
5,210,284.5,204.5,279.5,199.5,289.5,209.5,1.0
5,211,284.5,204.5,279.5,199.5,289.5,209.5,1.0
5,212,284.5,204.5,279.5,199.5,289.5,209.5,1.0
5,213,284.5,204.5,279.5,199.5,289.5,209.5,1.0
5,214,284.5,204.5,279.5,199.5,289.5,209.5,1.0
5,215,284.5,204.5,279.5,199.5,289.5,209.5,1.0
5,216,284.5,204.5,279.5,199.5,289.5,209.5,1.0
5,217,284.5,204.5,279.5,199.5,289.5,209.5,1.0
5,218,284.5,204.5,279.5,199.5,289.5,209.5,1.0
5,219,284.5,204.5,279.5,199.5,289.5,209.5,1.0
5,220,284.5,204.5,279.5,199.5,289.5,209.5,1.0
5,221,284.5,204.5,279.5,199.5,289.5,209.5,1.0
5,222,284.5,204.5,279.5,199.5,289.5,209.5,1.0
5,223,284.5,204.5,279.5,199.5,289.5,209.5,1.0
5,224,284.5,204.5,279.5,199.5,289.5,209.5,1.0
5,225,284.5,204.5,279.5,199.5,289.5,209.5,1.0
5,226,284.5,204.5,279.5,199.5,289.5,209.5,1.0
5,227,284.5,204.5,279.5,199.5,289.5,209.5,1.0
5,228,284.5,204.5,279.5,199.5,289.5,209.5,1.0
5,229,284.5,204.5,279.5,199.5,289.5,209.5,1.0
5,230,284.5,204.5,279.5,199.5,289.5,209.5,1.0
5,231,284.5,204.5,279.5,199.5,289.5,209.5,1.0
5,232,284.5,204.5,279.5,199.5,289.5,209.5,1.0
5,233,284.5,204.5,279.5,199.5,289.5,209.5,1.0
5,234,284.5,204.5,279.5,199.5,289.5,209.5,1.0
5,235,284.5,204.5,279.5,199.5,289.5,209.5,1.0
5,236,284.5,204.5,279.5,199.5,289.5,209.5,1.0
5,237,284.5,204.5,279.5,199.5,289.5,209.5,1.0
5,238,284.5,204.5,279.5,199.5,289.5,209.5,1.0
5,239,284.5,204.5,279.5,199.5,289.5,209.5,1.0
5,240,284.5,204.5,279.5,199.5,289.5,209.5,1.0
5,241,284.5,204.5,279.5,199.5,289.5,209.5,1.0
5,242,284.5,204.5,279.5,199.5,289.5,209.5,1.0
5,243,284.5,204.5,279.5,199.5,289.5,209.5,1.0
5,244,284.5,204.5,279.5,199.5,289.5,209.5,1.0
5,245,284.5,204.5,279.5,199.5,289.5,209.5,1.0
5,246,284.5,204.5,279.5,199.5,289.5,209.5,1.0
5,247,284.5,204.5,279.5,199.5,289.5,209.5,1.0
5,248,284.5,204.5,279.5,199.5,289.5,209.5,1.0
5,249,284.5,204.5,279.5,199.5,289.5,209.5,1.0
5,250,284.5,204.5,279.5,199.5,289.5,209.5,1.0
5,251,284.5,204.5,279.5,199.5,289.5,209.5,1.0
5,252,284.5,204.5,279.5,199.5,289.5,209.5,1.0
5,253,284.5,204.5,279.5,199.5,289.5,209.5,1.0
5,254,284.5,204.5,279.5,199.5,289.5,209.5,1.0
5,255,284.5,204.5,279.5,199.5,289.5,209.5,1.0
5,256,284.5,204.5,279.5,199.5,289.5,209.5,1.0
5,257,284.5,204.5,279.5,199.5,289.5,209.5,1.0
5,258,284.5,204.5,279.5,199.5,289.5,209.5,1.0
5,259,284.5,204.5,279.5,199.5,289.5,209.5,1.0
5,260,284.5,204.5,279.5,199.5,289.5,209.5,1.0
5,261,284.5,204.5,279.5,199.5,289.5,209.5,1.0
5,262,284.5,204.5,279.5,199.5,289.5,209.5,1.0
5,263,284.5,204.5,279.5,199.5,289.5,209.5,1.0
5,264,284.5,204.5,279.5,199.5,289.5,209.5,1.0
5,265,284.5,204.5,279.5,199.5,289.5,209.5,1.0
5,266,284.5,204.5,279.5,199.5,289.5,209.5,1.0
5,267,284.5,204.5,279.5,199.5,289.5,209.5,1.0
5,268,284.5,204.5,279.5,199.5,289.5,209.5,1.0
5,269,284.5,204.5,279.5,199.5,289.5,209.5,1.0
5,270,284.5,204.5,279.5,199.5,289.5,209.5,1.0
5,271,284.5,204.5,279.5,199.5,289.5,209.5,1.0
5,272,284.5,204.5,279.5,199.5,289.5,209.5,1.0
5,273,284.5,204.5,279.5,199.5,289.5,209.5,1.0
5,274,284.5,204.5,279.5,199.5,289.5,209.5,1.0
5,275,284.5,204.5,279.5,199.5,289.5,209.5,1.0
5,276,284.5,204.5,279.5,199.5,289.5,209.5,1.0
5,277,284.5,204.5,279.5,199.5,289.5,209.5,1.0
5,278,284.5,204.5,279.5,199.5,289.5,209.5,1.0
5,279,284.5,204.5,279.5,199.5,289.5,209.5,1.0
5,280,284.5,204.5,279.5,199.5,289.5,209.5,1.0
5,281,284.5,204.5,279.5,199.5,289.5,209.5,1.0
5,282,284.5,204.5,279.5,199.5,289.5,209.5,1.0
5,283,284.5,204.5,279.5,199.5,289.5,209.5,1.0
5,284,284.5,204.5,279.5,199.5,289.5,209.5,1.0
5,285,284.5,204.5,279.5,199.5,289.5,209.5,1.0
5,286,284.5,204.5,279.5,199.5,289.5,209.5,1.0
5,287,284.5,204.5,279.5,199.5,289.5,209.5,1.0
5,288,284.5,204.5,279.5,199.5,289.5,209.5,1.0
5,289,284.5,204.5,279.5,199.5,289.5,209.5,1.0
5,290,284.5,204.5,279.5,199.5,289.5,209.5,1.0
5,291,284.5,204.5,279.5,199.5,289.5,209.5,1.0
5,292,284.5,204.5,279.5,199.5,289.5,209.5,1.0
5,293,284.5,204.5,279.5,199.5,289.5,209.5,1.0
5,294,284.5,204.5,279.5,199.5,289.5,209.5,1.0
5,295,284.5,204.5,279.5,199.5,289.5,209.5,1.0
5,296,284.5,204.5,279.5,199.5,289.5,209.5,1.0
5,297,284.5,204.5,279.5,199.5,289.5,209.5,1.0
5,298,284.5,204.5,279.5,199.5,289.5,209.5,1.0
5,299,284.5,204.5,279.5,199.5,289.5,209.5,1.0
5,300,284.5,204.5,279.5,199.5,289.5,209.5,1.0
5,301,284.5,204.5,279.5,199.5,289.5,209.5,1.0
5,302,284.5,204.5,279.5,199.5,289.5,209.5,1.0
5,303,284.5,204.5,279.5,199.5,289.5,209.5,1.0
5,304,284.5,204.5,279.5,199.5,289.5,209.5,1.0
5,305,284.5,204.5,279.5,199.5,289.5,209.5,1.0
5,306,284.5,204.5,279.5,199.5,289.5,209.5,1.0
5,307,284.5,204.5,279.5,199.5,289.5,209.5,1.0
5,308,284.5,204.5,279.5,199.5,289.5,209.5,1.0
5,309,284.5,204.5,279.5,199.5,289.5,209.5,1.0
5,310,284.5,204.5,279.5,199.5,289.5,209.5,1.0
5,311,284.5,204.5,279.5,199.5,289.5,209.5,1.0
5,312,284.5,204.5,279.5,199.5,289.5,209.5,1.0
5,313,284.5,204.5,279.5,199.5,289.5,209.5,1.0
5,314,284.5,204.5,279.5,199.5,289.5,209.5,1.0
5,315,284.5,204.5,279.5,199.5,289.5,209.5,1.0
5,316,284.5,204.5,279.5,199.5,289.5,209.5,1.0
5,317,284.5,204.5,279.5,199.5,289.5,209.5,1.0
5,318,284.5,204.5,279.5,199.5,289.5,209.5,1.0
5,319,284.5,204.5,279.5,199.5,289.5,209.5,1.0
5,320,284.5,204.5,279.5,199.5,289.5,209.5,1.0
5,321,284.5,204.5,279.5,199.5,289.5,209.5,1.0
5,322,284.5,204.5,279.5,199.5,289.5,209.5,1.0
5,323,284.5,204.5,279.5,199.5,289.5,209.5,1.0
5,324,284.5,204.5,279.5,199.5,289.5,209.5,1.0
5,325,284.5,204.5,279.5,199.5,289.5,209.5,1.0
5,326,284.5,204.5,279.5,199.5,289.5,209.5,1.0
5,327,284.5,204.5,279.5,199.5,289.5,209.5,1.0
5,328,284.5,204.5,279.5,199.5,289.5,209.5,1.0
5,329,284.5,204.5,279.5,199.5,289.5,209.5,1.0
5,330,284.5,204.5,279.5,199.5,289.5,209.5,1.0
5,331,284.5,204.5,279.5,199.5,289.5,209.5,1.0
5,332,284.5,204.5,279.5,199.5,289.5,209.5,1.0
5,333,284.5,204.5,279.5,199.5,289.5,209.5,1.0
5,334,284.5,204.5,279.5,199.5,289.5,209.5,1.0
5,335,284.5,204.5,279.5,199.5,289.5,209.5,1.0
5,336,284.5,204.5,279.5,199.5,289.5,209.5,1.0
5,337,284.5,204.5,279.5,199.5,289.5,209.5,1.0
5,338,284.5,204.5,279.5,199.5,289.5,209.5,1.0
5,339,284.5,204.5,279.5,199.5,289.5,209.5,1.0
5,340,284.5,204.5,279.5,199.5,289.5,209.5,1.0
5,341,284.5,204.5,279.5,199.5,289.5,209.5,1.0
5,342,284.5,204.5,279.5,199.5,289.5,209.5,1.0
5,343,284.5,204.5,279.5,199.5,289.5,209.5,1.0
5,344,284.5,204.5,279.5,199.5,289.5,209.5,1.0
5,345,284.5,204.5,279.5,199.5,289.5,209.5,1.0
5,346,284.5,204.5,279.5,199.5,289.5,209.5,1.0
5,347,284.5,204.5,279.5,199.5,289.5,209.5,1.0
5,348,284.5,204.5,279.5,199.5,289.5,209.5,1.0
5,349,284.5,204.5,279.5,199.5,289.5,209.5,1.0
5,350,284.5,204.5,279.5,199.5,289.5,209.5,1.0
5,351,284.5,204.5,279.5,199.5,289.5,209.5,1.0
5,352,284.5,204.5,279.5,199.5,289.5,209.5,1.0
5,353,284.5,204.5,279.5,199.5,289.5,209.5,1.0
5,354,284.5,204.5,279.5,199.5,289.5,209.5,1.0
5,355,284.5,204.5,279.5,199.5,289.5,209.5,1.0
5,356,284.5,204.5,279.5,199.5,289.5,209.5,1.0
5,357,284.5,204.5,279.5,199.5,289.5,209.5,1.0
5,358,284.5,204.5,279.5,199.5,289.5,209.5,1.0
5,359,284.5,204.5,279.5,199.5,289.5,209.5,1.0
5,360,284.5,204.5,279.5,199.5,289.5,209.5,1.0
5,361,284.5,204.5,279.5,199.5,289.5,209.5,1.0
5,362,284.5,204.5,279.5,199.5,289.5,209.5,1.0
5,363,284.5,204.5,279.5,199.5,289.5,209.5,1.0
5,364,284.5,204.5,279.5,199.5,289.5,209.5,1.0
5,365,284.5,204.5,279.5,199.5,289.5,209.5,1.0
5,366,284.5,204.5,279.5,199.5,289.5,209.5,1.0
5,367,284.5,204.5,279.5,199.5,289.5,209.5,1.0
5,368,284.5,204.5,279.5,199.5,289.5,209.5,1.0
5,369,284.5,204.5,279.5,199.5,289.5,209.5,1.0
5,370,284.5,204.5,279.5,199.5,289.5,209.5,1.0
5,371,284.5,204.5,279.5,199.5,289.5,209.5,1.0
5,372,284.5,204.5,279.5,199.5,289.5,209.5,1.0
5,373,284.5,204.5,279.5,199.5,289.5,209.5,1.0
5,374,284.5,204.5,279.5,199.5,289.5,209.5,1.0
5,375,284.5,204.5,279.5,199.5,289.5,209.5,1.0
5,376,284.5,204.5,279.5,199.5,289.5,209.5,1.0
5,377,284.5,204.5,279.5,199.5,289.5,209.5,1.0
5,378,284.5,204.5,279.5,199.5,289.5,209.5,1.0
5,379,284.5,204.5,279.5,199.5,289.5,209.5,1.0
5,380,284.5,204.5,279.5,199.5,289.5,209.5,1.0
5,381,284.5,204.5,279.5,199.5,289.5,209.5,1.0
5,382,284.5,204.5,279.5,199.5,289.5,209.5,1.0
5,383,284.5,204.5,279.5,199.5,289.5,209.5,1.0
5,384,284.5,204.5,279.5,199.5,289.5,209.5,1.0
5,385,284.5,204.5,279.5,199.5,289.5,209.5,1.0
5,386,284.5,204.5,279.5,199.5,289.5,209.5,1.0
5,387,284.5,204.5,279.5,199.5,289.5,209.5,1.0
5,388,284.5,204.5,279.5,199.5,289.5,209.5,1.0
5,389,284.5,204.5,279.5,199.5,289.5,209.5,1.0
5,390,284.5,204.5,279.5,199.5,289.5,209.5,1.0
5,391,284.5,204.5,279.5,199.5,289.5,209.5,1.0
5,392,284.5,204.5,279.5,199.5,289.5,209.5,1.0
5,393,284.5,204.5,279.5,199.5,289.5,209.5,1.0
5,394,284.5,204.5,279.5,199.5,289.5,209.5,1.0
5,395,284.5,204.5,279.5,199.5,289.5,209.5,1.0
5,396,284.5,204.5,279.5,199.5,289.5,209.5,1.0
5,397,284.5,204.5,279.5,199.5,289.5,209.5,1.0
5,398,284.5,204.5,279.5,199.5,289.5,209.5,1.0
5,399,284.5,204.5,279.5,199.5,289.5,209.5,1.0
5,400,284.5,204.5,279.5,199.5,289.5,209.5,1.0
5,401,284.5,204.5,279.5,199.5,289.5,209.5,1.0
5,402,284.5,204.5,279.5,199.5,289.5,209.5,1.0
5,403,284.5,204.5,279.5,199.5,289.5,209.5,1.0
5,404,284.5,204.5,279.5,199.5,289.5,209.5,1.0
5,405,284.5,204.5,279.5,199.5,289.5,209.5,1.0
5,406,284.5,204.5,279.5,199.5,289.5,209.5,1.0
5,407,284.5,204.5,279.5,199.5,289.5,209.5,1.0
5,408,284.5,204.5,279.5,199.5,289.5,209.5,1.0
5,409,284.5,204.5,279.5,199.5,289.5,209.5,1.0
5,410,284.5,204.5,279.5,199.5,289.5,209.5,1.0
5,411,284.5,204.5,279.5,199.5,289.5,209.5,1.0
5,412,284.5,204.5,279.5,199.5,289.5,209.5,1.0
5,413,284.5,204.5,279.5,199.5,289.5,209.5,1.0
5,414,284.5,204.5,279.5,199.5,289.5,209.5,1.0
5,415,284.5,204.5,279.5,199.5,289.5,209.5,1.0
5,416,284.5,204.5,279.5,199.5,289.5,209.5,1.0
5,417,284.5,204.5,279.5,199.5,289.5,209.5,1.0
5,418,284.5,204.5,279.5,199.5,289.5,209.5,1.0
5,419,284.5,204.5,279.5,199.5,289.5,209.5,1.0
5,420,284.5,204.5,279.5,199.5,289.5,209.5,1.0
5,421,284.5,204.5,279.5,199.5,289.5,209.5,1.0
5,422,284.5,204.5,279.5,199.5,289.5,209.5,1.0
5,423,284.5,204.5,279.5,199.5,289.5,209.5,1.0
5,424,284.5,204.5,279.5,199.5,289.5,209.5,1.0
5,425,284.5,204.5,279.5,199.5,289.5,209.5,1.0
5,426,284.5,204.5,279.5,199.5,289.5,209.5,1.0
5,427,284.5,204.5,279.5,199.5,289.5,209.5,1.0
5,428,284.5,204.5,279.5,199.5,289.5,209.5,1.0
5,429,284.5,204.5,279.5,199.5,289.5,209.5,1.0
5,430,284.5,204.5,279.5,199.5,289.5,209.5,1.0
5,431,284.5,204.5,279.5,199.5,289.5,209.5,1.0
5,432,284.5,204.5,279.5,199.5,289.5,209.5,1.0
5,433,284.5,204.5,279.5,199.5,289.5,209.5,1.0
5,434,284.5,204.5,279.5,199.5,289.5,209.5,1.0
5,435,284.5,204.5,279.5,199.5,289.5,209.5,1.0
5,436,284.5,204.5,279.5,199.5,289.5,209.5,1.0
5,437,284.5,204.5,279.5,199.5,289.5,209.5,1.0
5,438,284.5,204.5,279.5,199.5,289.5,209.5,1.0
5,439,284.5,204.5,279.5,199.5,289.5,209.5,1.0
5,440,284.5,204.5,279.5,199.5,289.5,209.5,1.0
5,441,284.5,204.5,279.5,199.5,289.5,209.5,1.0
5,442,284.5,204.5,279.5,199.5,289.5,209.5,1.0
5,443,284.5,204.5,279.5,199.5,289.5,209.5,1.0
5,444,284.5,204.5,279.5,199.5,289.5,209.5,1.0
5,445,284.5,204.5,279.5,199.5,289.5,209.5,1.0
5,446,284.5,204.5,279.5,199.5,289.5,209.5,1.0
5,447,284.5,204.5,279.5,199.5,289.5,209.5,1.0
5,448,284.5,204.5,279.5,199.5,289.5,209.5,1.0
5,449,284.5,204.5,279.5,199.5,289.5,209.5,1.0
5,450,284.5,204.5,279.5,199.5,289.5,209.5,1.0
6,451,52.0,279.5,47.0,274.5,57.0,284.5,1.0
6,452,52.0,279.5,47.0,274.5,57.0,284.5,1.0
6,453,52.0,279.5,47.0,274.5,57.0,284.5,1.0
6,454,52.0,279.5,47.0,274.5,57.0,284.5,1.0
6,455,52.0,279.5,47.0,274.5,57.0,284.5,1.0
6,456,52.0,279.5,47.0,274.5,57.0,284.5,1.0
6,457,52.0,279.5,47.0,274.5,57.0,284.5,1.0
6,458,52.0,279.5,47.0,274.5,57.0,284.5,1.0
6,459,52.0,279.5,47.0,274.5,57.0,284.5,1.0
6,460,52.0,279.5,47.0,274.5,57.0,284.5,1.0
6,461,52.0,279.5,47.0,274.5,57.0,284.5,1.0
6,462,52.0,279.5,47.0,274.5,57.0,284.5,1.0
6,463,52.0,279.5,47.0,274.5,57.0,284.5,1.0
6,464,52.0,279.5,47.0,274.5,57.0,284.5,1.0
6,465,52.0,279.5,47.0,274.5,57.0,284.5,1.0
6,466,52.0,279.5,47.0,274.5,57.0,284.5,1.0
6,467,52.0,279.5,47.0,274.5,57.0,284.5,1.0
6,468,52.0,279.5,47.0,274.5,57.0,284.5,1.0
6,469,52.0,279.5,47.0,274.5,57.0,284.5,1.0
6,470,52.0,279.5,47.0,274.5,57.0,284.5,1.0
6,471,52.0,279.5,47.0,274.5,57.0,284.5,1.0
6,472,52.0,279.5,47.0,274.5,57.0,284.5,1.0
6,473,52.0,279.5,47.0,274.5,57.0,284.5,1.0
6,474,52.0,279.5,47.0,274.5,57.0,284.5,1.0
6,475,52.0,279.5,47.0,274.5,57.0,284.5,1.0
6,476,52.0,279.5,47.0,274.5,57.0,284.5,1.0
6,477,52.0,279.5,47.0,274.5,57.0,284.5,1.0
6,478,52.0,279.5,47.0,274.5,57.0,284.5,1.0
6,479,52.0,279.5,47.0,274.5,57.0,284.5,1.0
6,480,52.0,279.5,47.0,274.5,57.0,284.5,1.0
6,481,52.0,279.5,47.0,274.5,57.0,284.5,1.0
6,482,52.0,279.5,47.0,274.5,57.0,284.5,1.0
6,483,52.0,279.5,47.0,274.5,57.0,284.5,1.0
6,484,52.0,279.5,47.0,274.5,57.0,284.5,1.0
6,485,52.0,279.5,47.0,274.5,57.0,284.5,1.0
6,486,52.0,279.5,47.0,274.5,57.0,284.5,1.0
6,487,52.0,279.5,47.0,274.5,57.0,284.5,1.0
6,488,52.0,279.5,47.0,274.5,57.0,284.5,1.0
6,489,52.0,279.5,47.0,274.5,57.0,284.5,1.0
6,490,52.0,279.5,47.0,274.5,57.0,284.5,1.0
6,491,52.0,279.5,47.0,274.5,57.0,284.5,1.0
6,492,52.0,279.5,47.0,274.5,57.0,284.5,1.0
6,493,52.0,279.5,47.0,274.5,57.0,284.5,1.0
6,494,52.0,279.5,47.0,274.5,57.0,284.5,1.0
6,495,52.0,279.5,47.0,274.5,57.0,284.5,1.0
6,496,52.0,279.5,47.0,274.5,57.0,284.5,1.0
6,497,52.0,279.5,47.0,274.5,57.0,284.5,1.0
6,498,52.0,279.5,47.0,274.5,57.0,284.5,1.0
6,499,52.0,279.5,47.0,274.5,57.0,284.5,1.0
6,500,52.0,279.5,47.0,274.5,57.0,284.5,1.0
6,501,52.0,279.5,47.0,274.5,57.0,284.5,1.0
6,502,52.0,279.5,47.0,274.5,57.0,284.5,1.0
6,503,52.0,279.5,47.0,274.5,57.0,284.5,1.0
6,504,52.0,279.5,47.0,274.5,57.0,284.5,1.0
6,505,52.0,279.5,47.0,274.5,57.0,284.5,1.0
6,506,52.0,279.5,47.0,274.5,57.0,284.5,1.0
6,507,52.0,279.5,47.0,274.5,57.0,284.5,1.0
6,508,52.0,279.5,47.0,274.5,57.0,284.5,1.0
6,509,52.0,279.5,47.0,274.5,57.0,284.5,1.0
6,510,52.0,279.5,47.0,274.5,57.0,284.5,1.0
6,511,52.0,279.5,47.0,274.5,57.0,284.5,1.0
6,512,52.0,279.5,47.0,274.5,57.0,284.5,1.0
6,513,52.0,279.5,47.0,274.5,57.0,284.5,1.0
6,514,52.0,279.5,47.0,274.5,57.0,284.5,1.0
6,515,52.0,279.5,47.0,274.5,57.0,284.5,1.0
6,516,52.0,279.5,47.0,274.5,57.0,284.5,1.0
6,517,52.0,279.5,47.0,274.5,57.0,284.5,1.0
6,518,52.0,279.5,47.0,274.5,57.0,284.5,1.0
6,519,52.0,279.5,47.0,274.5,57.0,284.5,1.0
6,520,52.0,279.5,47.0,274.5,57.0,284.5,1.0
6,521,52.0,279.5,47.0,274.5,57.0,284.5,1.0
6,522,52.0,279.5,47.0,274.5,57.0,284.5,1.0
6,523,52.0,279.5,47.0,274.5,57.0,284.5,1.0
6,524,52.0,279.5,47.0,274.5,57.0,284.5,1.0
6,525,52.0,279.5,47.0,274.5,57.0,284.5,1.0
6,526,52.0,279.5,47.0,274.5,57.0,284.5,1.0
6,527,52.0,279.5,47.0,274.5,57.0,284.5,1.0
6,528,52.0,279.5,47.0,274.5,57.0,284.5,1.0
6,529,52.0,279.5,47.0,274.5,57.0,284.5,1.0
6,530,52.0,279.5,47.0,274.5,57.0,284.5,1.0
6,531,52.0,279.5,47.0,274.5,57.0,284.5,1.0
6,532,52.0,279.5,47.0,274.5,57.0,284.5,1.0
6,533,52.0,279.5,47.0,274.5,57.0,284.5,1.0
6,534,52.0,279.5,47.0,274.5,57.0,284.5,1.0
6,535,52.0,279.5,47.0,274.5,57.0,284.5,1.0
6,536,52.0,279.5,47.0,274.5,57.0,284.5,1.0
6,537,52.0,279.5,47.0,274.5,57.0,284.5,1.0
6,538,52.0,279.5,47.0,274.5,57.0,284.5,1.0
6,539,52.0,279.5,47.0,274.5,57.0,284.5,1.0
6,540,52.0,279.5,47.0,274.5,57.0,284.5,1.0
6,541,52.0,279.5,47.0,274.5,57.0,284.5,1.0
6,542,52.0,279.5,47.0,274.5,57.0,284.5,1.0
6,543,52.0,279.5,47.0,274.5,57.0,284.5,1.0
6,544,52.0,279.5,47.0,274.5,57.0,284.5,1.0
6,545,52.0,279.5,47.0,274.5,57.0,284.5,1.0
6,546,52.0,279.5,47.0,274.5,57.0,284.5,1.0
6,547,52.0,279.5,47.0,274.5,57.0,284.5,1.0
6,548,52.0,279.5,47.0,274.5,57.0,284.5,1.0
6,549,52.0,279.5,47.0,274.5,57.0,284.5,1.0
6,550,52.0,279.5,47.0,274.5,57.0,284.5,1.0
6,551,52.0,279.5,47.0,274.5,57.0,284.5,1.0
6,552,52.0,279.5,47.0,274.5,57.0,284.5,1.0
6,553,52.0,279.5,47.0,274.5,57.0,284.5,1.0
6,554,52.0,279.5,47.0,274.5,57.0,284.5,1.0
6,555,52.0,279.5,47.0,274.5,57.0,284.5,1.0
6,556,52.0,279.5,47.0,274.5,57.0,284.5,1.0
6,557,52.0,279.5,47.0,274.5,57.0,284.5,1.0
6,558,52.0,279.5,47.0,274.5,57.0,284.5,1.0
6,559,52.0,279.5,47.0,274.5,57.0,284.5,1.0
6,560,52.0,279.5,47.0,274.5,57.0,284.5,1.0
6,561,52.0,279.5,47.0,274.5,57.0,284.5,1.0
6,562,52.0,279.5,47.0,274.5,57.0,284.5,1.0
6,563,52.0,279.5,47.0,274.5,57.0,284.5,1.0
6,564,52.0,279.5,47.0,274.5,57.0,284.5,1.0
6,565,52.0,279.5,47.0,274.5,57.0,284.5,1.0
6,566,52.0,279.5,47.0,274.5,57.0,284.5,1.0
6,567,52.0,279.5,47.0,274.5,57.0,284.5,1.0
6,568,52.0,279.5,47.0,274.5,57.0,284.5,1.0
6,569,52.0,279.5,47.0,274.5,57.0,284.5,1.0
6,570,52.0,279.5,47.0,274.5,57.0,284.5,1.0
6,571,52.0,279.5,47.0,274.5,57.0,284.5,1.0
6,572,52.0,279.5,47.0,274.5,57.0,284.5,1.0
6,573,52.0,279.5,47.0,274.5,57.0,284.5,1.0
6,574,52.0,279.5,47.0,274.5,57.0,284.5,1.0
6,575,52.0,279.5,47.0,274.5,57.0,284.5,1.0
6,576,52.0,279.5,47.0,274.5,57.0,284.5,1.0
6,577,52.0,279.5,47.0,274.5,57.0,284.5,1.0
6,578,52.0,279.5,47.0,274.5,57.0,284.5,1.0
6,579,52.0,279.5,47.0,274.5,57.0,284.5,1.0
6,580,52.0,279.5,47.0,274.5,57.0,284.5,1.0
6,581,52.0,279.5,47.0,274.5,57.0,284.5,1.0
6,582,52.0,279.5,47.0,274.5,57.0,284.5,1.0
6,583,52.0,279.5,47.0,274.5,57.0,284.5,1.0
6,584,52.0,279.5,47.0,274.5,57.0,284.5,1.0
6,585,52.0,279.5,47.0,274.5,57.0,284.5,1.0
6,586,52.0,279.5,47.0,274.5,57.0,284.5,1.0
6,587,52.0,279.5,47.0,274.5,57.0,284.5,1.0
6,588,52.0,279.5,47.0,274.5,57.0,284.5,1.0
6,589,52.0,279.5,47.0,274.5,57.0,284.5,1.0
6,590,52.0,279.5,47.0,274.5,57.0,284.5,1.0
6,591,52.0,279.5,47.0,274.5,57.0,284.5,1.0
6,592,52.0,279.5,47.0,274.5,57.0,284.5,1.0
6,593,52.0,279.5,47.0,274.5,57.0,284.5,1.0
6,594,52.0,279.5,47.0,274.5,57.0,284.5,1.0
6,595,52.0,279.5,47.0,274.5,57.0,284.5,1.0
6,596,52.0,279.5,47.0,274.5,57.0,284.5,1.0
6,597,52.0,279.5,47.0,274.5,57.0,284.5,1.0
6,598,52.0,279.5,47.0,274.5,57.0,284.5,1.0
6,599,52.0,279.5,47.0,274.5,57.0,284.5,1.0
6,600,52.0,279.5,47.0,274.5,57.0,284.5,1.0
6,601,52.0,279.5,47.0,274.5,57.0,284.5,1.0
6,602,52.0,279.5,47.0,274.5,57.0,284.5,1.0
6,603,52.0,279.5,47.0,274.5,57.0,284.5,1.0
6,604,52.0,279.5,47.0,274.5,57.0,284.5,1.0
6,605,52.0,279.5,47.0,274.5,57.0,284.5,1.0
6,606,52.0,279.5,47.0,274.5,57.0,284.5,1.0
6,607,52.0,279.5,47.0,274.5,57.0,284.5,1.0
6,608,52.0,279.5,47.0,274.5,57.0,284.5,1.0
6,609,52.0,279.5,47.0,274.5,57.0,284.5,1.0
6,610,52.0,279.5,47.0,274.5,57.0,284.5,1.0
6,611,52.0,279.5,47.0,274.5,57.0,284.5,1.0
6,612,52.0,279.5,47.0,274.5,57.0,284.5,1.0
6,613,52.0,279.5,47.0,274.5,57.0,284.5,1.0
6,614,52.0,279.5,47.0,274.5,57.0,284.5,1.0
6,615,52.0,279.5,47.0,274.5,57.0,284.5,1.0
6,616,52.0,279.5,47.0,274.5,57.0,284.5,1.0
6,617,52.0,279.5,47.0,274.5,57.0,284.5,1.0
6,618,52.0,279.5,47.0,274.5,57.0,284.5,1.0
6,619,52.0,279.5,47.0,274.5,57.0,284.5,1.0
6,620,52.0,279.5,47.0,274.5,57.0,284.5,1.0
6,621,52.0,279.5,47.0,274.5,57.0,284.5,1.0
6,622,52.0,279.5,47.0,274.5,57.0,284.5,1.0
6,623,52.0,279.5,47.0,274.5,57.0,284.5,1.0
6,624,52.0,279.5,47.0,274.5,57.0,284.5,1.0
6,625,52.0,279.5,47.0,274.5,57.0,284.5,1.0
6,626,52.0,279.5,47.0,274.5,57.0,284.5,1.0
6,627,52.0,279.5,47.0,274.5,57.0,284.5,1.0
6,628,52.0,279.5,47.0,274.5,57.0,284.5,1.0
6,629,52.0,279.5,47.0,274.5,57.0,284.5,1.0
6,630,52.0,279.5,47.0,274.5,57.0,284.5,1.0
6,631,52.0,279.5,47.0,274.5,57.0,284.5,1.0
6,632,52.0,279.5,47.0,274.5,57.0,284.5,1.0
6,633,52.0,279.5,47.0,274.5,57.0,284.5,1.0
6,634,52.0,279.5,47.0,274.5,57.0,284.5,1.0
6,635,52.0,279.5,47.0,274.5,57.0,284.5,1.0
6,636,52.0,279.5,47.0,274.5,57.0,284.5,1.0
6,637,52.0,279.5,47.0,274.5,57.0,284.5,1.0
6,638,52.0,279.5,47.0,274.5,57.0,284.5,1.0
6,639,52.0,279.5,47.0,274.5,57.0,284.5,1.0
6,640,52.0,279.5,47.0,274.5,57.0,284.5,1.0
6,641,52.0,279.5,47.0,274.5,57.0,284.5,1.0
6,642,52.0,279.5,47.0,274.5,57.0,284.5,1.0
6,643,52.0,279.5,47.0,274.5,57.0,284.5,1.0
6,644,52.0,279.5,47.0,274.5,57.0,284.5,1.0
6,645,52.0,279.5,47.0,274.5,57.0,284.5,1.0
6,646,52.0,279.5,47.0,274.5,57.0,284.5,1.0
6,647,52.0,279.5,47.0,274.5,57.0,284.5,1.0
6,648,52.0,279.5,47.0,274.5,57.0,284.5,1.0
6,649,52.0,279.5,47.0,274.5,57.0,284.5,1.0
6,650,52.0,279.5,47.0,274.5,57.0,284.5,1.0
6,651,52.0,279.5,47.0,274.5,57.0,284.5,1.0
6,652,52.0,279.5,47.0,274.5,57.0,284.5,1.0
6,653,52.0,279.5,47.0,274.5,57.0,284.5,1.0
6,654,52.0,279.5,47.0,274.5,57.0,284.5,1.0
6,655,52.0,279.5,47.0,274.5,57.0,284.5,1.0
6,656,52.0,279.5,47.0,274.5,57.0,284.5,1.0
6,657,52.0,279.5,47.0,274.5,57.0,284.5,1.0
6,658,52.0,279.5,47.0,274.5,57.0,284.5,1.0
6,659,52.0,279.5,47.0,274.5,57.0,284.5,1.0
6,660,52.0,279.5,47.0,274.5,57.0,284.5,1.0
6,661,52.0,279.5,47.0,274.5,57.0,284.5,1.0
6,662,52.0,279.5,47.0,274.5,57.0,284.5,1.0
6,663,52.0,279.5,47.0,274.5,57.0,284.5,1.0
6,664,52.0,279.5,47.0,274.5,57.0,284.5,1.0
6,665,52.0,279.5,47.0,274.5,57.0,284.5,1.0
6,666,52.0,279.5,47.0,274.5,57.0,284.5,1.0
6,667,52.0,279.5,47.0,274.5,57.0,284.5,1.0
6,668,52.0,279.5,47.0,274.5,57.0,284.5,1.0
6,669,52.0,279.5,47.0,274.5,57.0,284.5,1.0
6,670,52.0,279.5,47.0,274.5,57.0,284.5,1.0
6,671,52.0,279.5,47.0,274.5,57.0,284.5,1.0
6,672,52.0,279.5,47.0,274.5,57.0,284.5,1.0
6,673,52.0,279.5,47.0,274.5,57.0,284.5,1.0
6,674,52.0,279.5,47.0,274.5,57.0,284.5,1.0
6,675,52.0,279.5,47.0,274.5,57.0,284.5,1.0
6,676,52.0,279.5,47.0,274.5,57.0,284.5,1.0
6,677,52.0,279.5,47.0,274.5,57.0,284.5,1.0
6,678,52.0,279.5,47.0,274.5,57.0,284.5,1.0
6,679,52.0,279.5,47.0,274.5,57.0,284.5,1.0
6,680,52.0,279.5,47.0,274.5,57.0,284.5,1.0
6,681,52.0,279.5,47.0,274.5,57.0,284.5,1.0
6,682,52.0,279.5,47.0,274.5,57.0,284.5,1.0
6,683,52.0,279.5,47.0,274.5,57.0,284.5,1.0
6,684,52.0,279.5,47.0,274.5,57.0,284.5,1.0
6,685,52.0,279.5,47.0,274.5,57.0,284.5,1.0
6,686,52.0,279.5,47.0,274.5,57.0,284.5,1.0
6,687,52.0,279.5,47.0,274.5,57.0,284.5,1.0
6,688,52.0,279.5,47.0,274.5,57.0,284.5,1.0
6,689,52.0,279.5,47.0,274.5,57.0,284.5,1.0
6,690,52.0,279.5,47.0,274.5,57.0,284.5,1.0
6,691,52.0,279.5,47.0,274.5,57.0,284.5,1.0
6,692,52.0,279.5,47.0,274.5,57.0,284.5,1.0
6,693,52.0,279.5,47.0,274.5,57.0,284.5,1.0
6,694,52.0,279.5,47.0,274.5,57.0,284.5,1.0
6,695,52.0,279.5,47.0,274.5,57.0,284.5,1.0
6,696,52.0,279.5,47.0,274.5,57.0,284.5,1.0
6,697,52.0,279.5,47.0,274.5,57.0,284.5,1.0
6,698,52.0,279.5,47.0,274.5,57.0,284.5,1.0
6,699,52.0,279.5,47.0,274.5,57.0,284.5,1.0
6,700,52.0,279.5,47.0,274.5,57.0,284.5,1.0
6,701,52.0,279.5,47.0,274.5,57.0,284.5,1.0
6,702,52.0,279.5,47.0,274.5,57.0,284.5,1.0
6,703,52.0,279.5,47.0,274.5,57.0,284.5,1.0
6,704,52.0,279.5,47.0,274.5,57.0,284.5,1.0
6,705,52.0,279.5,47.0,274.5,57.0,284.5,1.0
6,706,52.0,279.5,47.0,274.5,57.0,284.5,1.0
6,707,52.0,279.5,47.0,274.5,57.0,284.5,1.0
6,708,52.0,279.5,47.0,274.5,57.0,284.5,1.0
6,709,52.0,279.5,47.0,274.5,57.0,284.5,1.0
6,710,52.0,279.5,47.0,274.5,57.0,284.5,1.0
6,711,52.0,279.5,47.0,274.5,57.0,284.5,1.0
6,712,52.0,279.5,47.0,274.5,57.0,284.5,1.0
6,713,52.0,279.5,47.0,274.5,57.0,284.5,1.0
6,714,52.0,279.5,47.0,274.5,57.0,284.5,1.0
6,715,52.0,279.5,47.0,274.5,57.0,284.5,1.0
6,716,52.0,279.5,47.0,274.5,57.0,284.5,1.0
6,717,52.0,279.5,47.0,274.5,57.0,284.5,1.0
6,718,52.0,279.5,47.0,274.5,57.0,284.5,1.0
6,719,52.0,279.5,47.0,274.5,57.0,284.5,1.0
6,720,52.0,279.5,47.0,274.5,57.0,284.5,1.0
6,721,52.0,279.5,47.0,274.5,57.0,284.5,1.0
6,722,52.0,279.5,47.0,274.5,57.0,284.5,1.0
6,723,52.0,279.5,47.0,274.5,57.0,284.5,1.0
6,724,52.0,279.5,47.0,274.5,57.0,284.5,1.0
6,725,52.0,279.5,47.0,274.5,57.0,284.5,1.0
6,726,52.0,279.5,47.0,274.5,57.0,284.5,1.0
6,727,52.0,279.5,47.0,274.5,57.0,284.5,1.0
6,728,52.0,279.5,47.0,274.5,57.0,284.5,1.0
6,729,52.0,279.5,47.0,274.5,57.0,284.5,1.0
6,730,52.0,279.5,47.0,274.5,57.0,284.5,1.0
6,731,52.0,279.5,47.0,274.5,57.0,284.5,1.0
6,732,52.0,279.5,47.0,274.5,57.0,284.5,1.0
6,733,52.0,279.5,47.0,274.5,57.0,284.5,1.0
6,734,52.0,279.5,47.0,274.5,57.0,284.5,1.0
6,735,52.0,279.5,47.0,274.5,57.0,284.5,1.0
6,736,52.0,279.5,47.0,274.5,57.0,284.5,1.0
6,737,52.0,279.5,47.0,274.5,57.0,284.5,1.0
6,738,52.0,279.5,47.0,274.5,57.0,284.5,1.0
6,739,52.0,279.5,47.0,274.5,57.0,284.5,1.0
6,740,52.0,279.5,47.0,274.5,57.0,284.5,1.0
6,741,52.0,279.5,47.0,274.5,57.0,284.5,1.0
6,742,52.0,279.5,47.0,274.5,57.0,284.5,1.0
6,743,52.0,279.5,47.0,274.5,57.0,284.5,1.0
6,744,52.0,279.5,47.0,274.5,57.0,284.5,1.0
6,745,52.0,279.5,47.0,274.5,57.0,284.5,1.0
6,746,52.0,279.5,47.0,274.5,57.0,284.5,1.0
6,747,52.0,279.5,47.0,274.5,57.0,284.5,1.0
6,748,52.0,279.5,47.0,274.5,57.0,284.5,1.0
6,749,52.0,279.5,47.0,274.5,57.0,284.5,1.0
6,750,52.0,279.5,47.0,274.5,57.0,284.5,1.0
6,751,52.0,279.5,47.0,274.5,57.0,284.5,1.0
6,752,52.0,279.5,47.0,274.5,57.0,284.5,1.0
6,753,52.0,279.5,47.0,274.5,57.0,284.5,1.0
6,754,52.0,279.5,47.0,274.5,57.0,284.5,1.0
6,755,52.0,279.5,47.0,274.5,57.0,284.5,1.0
6,756,52.0,279.5,47.0,274.5,57.0,284.5,1.0
6,757,52.0,279.5,47.0,274.5,57.0,284.5,1.0
6,758,52.0,279.5,47.0,274.5,57.0,284.5,1.0
6,759,52.0,279.5,47.0,274.5,57.0,284.5,1.0
6,760,52.0,279.5,47.0,274.5,57.0,284.5,1.0
6,761,52.0,279.5,47.0,274.5,57.0,284.5,1.0
6,762,52.0,279.5,47.0,274.5,57.0,284.5,1.0
6,763,52.0,279.5,47.0,274.5,57.0,284.5,1.0
6,764,52.0,279.5,47.0,274.5,57.0,284.5,1.0
6,765,52.0,279.5,47.0,274.5,57.0,284.5,1.0
6,766,52.0,279.5,47.0,274.5,57.0,284.5,1.0
6,767,52.0,279.5,47.0,274.5,57.0,284.5,1.0
6,768,52.0,279.5,47.0,274.5,57.0,284.5,1.0
6,769,52.0,279.5,47.0,274.5,57.0,284.5,1.0
6,770,52.0,279.5,47.0,274.5,57.0,284.5,1.0
6,771,52.0,279.5,47.0,274.5,57.0,284.5,1.0
6,772,52.0,279.5,47.0,274.5,57.0,284.5,1.0
6,773,52.0,279.5,47.0,274.5,57.0,284.5,1.0
6,774,52.0,279.5,47.0,274.5,57.0,284.5,1.0
6,775,52.0,279.5,47.0,274.5,57.0,284.5,1.0
6,776,52.0,279.5,47.0,274.5,57.0,284.5,1.0
6,777,52.0,279.5,47.0,274.5,57.0,284.5,1.0
6,778,52.0,279.5,47.0,274.5,57.0,284.5,1.0
6,779,52.0,279.5,47.0,274.5,57.0,284.5,1.0
6,780,52.0,279.5,47.0,274.5,57.0,284.5,1.0
6,781,52.0,279.5,47.0,274.5,57.0,284.5,1.0
6,782,52.0,279.5,47.0,274.5,57.0,284.5,1.0
6,783,52.0,279.5,47.0,274.5,57.0,284.5,1.0
6,784,52.0,279.5,47.0,274.5,57.0,284.5,1.0
6,785,52.0,279.5,47.0,274.5,57.0,284.5,1.0
6,786,52.0,279.5,47.0,274.5,57.0,284.5,1.0
6,787,52.0,279.5,47.0,274.5,57.0,284.5,1.0
6,788,52.0,279.5,47.0,274.5,57.0,284.5,1.0
6,789,52.0,279.5,47.0,274.5,57.0,284.5,1.0
6,790,52.0,279.5,47.0,274.5,57.0,284.5,1.0
6,791,52.0,279.5,47.0,274.5,57.0,284.5,1.0
6,792,52.0,279.5,47.0,274.5,57.0,284.5,1.0
6,793,52.0,279.5,47.0,274.5,57.0,284.5,1.0
6,794,52.0,279.5,47.0,274.5,57.0,284.5,1.0
6,795,52.0,279.5,47.0,274.5,57.0,284.5,1.0
6,796,52.0,279.5,47.0,274.5,57.0,284.5,1.0
6,797,52.0,279.5,47.0,274.5,57.0,284.5,1.0
6,798,52.0,279.5,47.0,274.5,57.0,284.5,1.0
6,799,52.0,279.5,47.0,274.5,57.0,284.5,1.0
6,800,52.0,279.5,47.0,274.5,57.0,284.5,1.0
6,801,52.0,279.5,47.0,274.5,57.0,284.5,1.0
6,802,52.0,279.5,47.0,274.5,57.0,284.5,1.0
6,803,52.0,279.5,47.0,274.5,57.0,284.5,1.0
6,804,52.0,279.5,47.0,274.5,57.0,284.5,1.0
6,805,52.0,279.5,47.0,274.5,57.0,284.5,1.0
6,806,52.0,279.5,47.0,274.5,57.0,284.5,1.0
6,807,52.0,279.5,47.0,274.5,57.0,284.5,1.0
6,808,52.0,279.5,47.0,274.5,57.0,284.5,1.0
6,809,52.0,279.5,47.0,274.5,57.0,284.5,1.0
6,810,52.0,279.5,47.0,274.5,57.0,284.5,1.0
6,811,52.0,279.5,47.0,274.5,57.0,284.5,1.0
6,812,52.0,279.5,47.0,274.5,57.0,284.5,1.0
6,813,52.0,279.5,47.0,274.5,57.0,284.5,1.0
6,814,52.0,279.5,47.0,274.5,57.0,284.5,1.0
6,815,52.0,279.5,47.0,274.5,57.0,284.5,1.0
6,816,52.0,279.5,47.0,274.5,57.0,284.5,1.0
6,817,52.0,279.5,47.0,274.5,57.0,284.5,1.0
6,818,52.0,279.5,47.0,274.5,57.0,284.5,1.0
6,819,52.0,279.5,47.0,274.5,57.0,284.5,1.0
6,820,52.0,279.5,47.0,274.5,57.0,284.5,1.0
6,821,52.0,279.5,47.0,274.5,57.0,284.5,1.0
6,822,52.0,279.5,47.0,274.5,57.0,284.5,1.0
6,823,52.0,279.5,47.0,274.5,57.0,284.5,1.0
6,824,52.0,279.5,47.0,274.5,57.0,284.5,1.0
6,825,52.0,279.5,47.0,274.5,57.0,284.5,1.0
6,826,52.0,279.5,47.0,274.5,57.0,284.5,1.0
6,827,52.0,279.5,47.0,274.5,57.0,284.5,1.0
6,828,52.0,279.5,47.0,274.5,57.0,284.5,1.0
6,829,52.0,279.5,47.0,274.5,57.0,284.5,1.0
6,830,52.0,279.5,47.0,274.5,57.0,284.5,1.0
6,831,52.0,279.5,47.0,274.5,57.0,284.5,1.0
6,832,52.0,279.5,47.0,274.5,57.0,284.5,1.0
6,833,52.0,279.5,47.0,274.5,57.0,284.5,1.0
6,834,52.0,279.5,47.0,274.5,57.0,284.5,1.0
6,835,52.0,279.5,47.0,274.5,57.0,284.5,1.0
6,836,52.0,279.5,47.0,274.5,57.0,284.5,1.0
6,837,52.0,279.5,47.0,274.5,57.0,284.5,1.0
6,838,52.0,279.5,47.0,274.5,57.0,284.5,1.0
6,839,52.0,279.5,47.0,274.5,57.0,284.5,1.0
6,840,52.0,279.5,47.0,274.5,57.0,284.5,1.0
6,841,52.0,279.5,47.0,274.5,57.0,284.5,1.0
6,842,52.0,279.5,47.0,274.5,57.0,284.5,1.0
6,843,52.0,279.5,47.0,274.5,57.0,284.5,1.0
6,844,52.0,279.5,47.0,274.5,57.0,284.5,1.0
6,845,52.0,279.5,47.0,274.5,57.0,284.5,1.0
6,846,52.0,279.5,47.0,274.5,57.0,284.5,1.0
6,847,52.0,279.5,47.0,274.5,57.0,284.5,1.0
6,848,52.0,279.5,47.0,274.5,57.0,284.5,1.0
6,849,52.0,279.5,47.0,274.5,57.0,284.5,1.0
6,850,52.0,279.5,47.0,274.5,57.0,284.5,1.0
6,851,52.0,279.5,47.0,274.5,57.0,284.5,1.0
6,852,52.0,279.5,47.0,274.5,57.0,284.5,1.0
6,853,52.0,279.5,47.0,274.5,57.0,284.5,1.0
6,854,52.0,279.5,47.0,274.5,57.0,284.5,1.0
6,855,52.0,279.5,47.0,274.5,57.0,284.5,1.0
6,856,52.0,279.5,47.0,274.5,57.0,284.5,1.0
6,857,52.0,279.5,47.0,274.5,57.0,284.5,1.0
6,858,52.0,279.5,47.0,274.5,57.0,284.5,1.0
6,859,52.0,279.5,47.0,274.5,57.0,284.5,1.0
6,860,52.0,279.5,47.0,274.5,57.0,284.5,1.0
6,861,52.0,279.5,47.0,274.5,57.0,284.5,1.0
6,862,52.0,279.5,47.0,274.5,57.0,284.5,1.0
6,863,52.0,279.5,47.0,274.5,57.0,284.5,1.0
6,864,52.0,279.5,47.0,274.5,57.0,284.5,1.0
6,865,52.0,279.5,47.0,274.5,57.0,284.5,1.0
6,866,52.0,279.5,47.0,274.5,57.0,284.5,1.0
6,867,52.0,279.5,47.0,274.5,57.0,284.5,1.0
6,868,52.0,279.5,47.0,274.5,57.0,284.5,1.0
6,869,52.0,279.5,47.0,274.5,57.0,284.5,1.0
6,870,52.0,279.5,47.0,274.5,57.0,284.5,1.0
6,871,52.0,279.5,47.0,274.5,57.0,284.5,1.0
6,872,52.0,279.5,47.0,274.5,57.0,284.5,1.0
6,873,52.0,279.5,47.0,274.5,57.0,284.5,1.0
6,874,52.0,279.5,47.0,274.5,57.0,284.5,1.0
6,875,52.0,279.5,47.0,274.5,57.0,284.5,1.0
6,876,52.0,279.5,47.0,274.5,57.0,284.5,1.0
6,877,52.0,279.5,47.0,274.5,57.0,284.5,1.0
6,878,52.0,279.5,47.0,274.5,57.0,284.5,1.0
6,879,52.0,279.5,47.0,274.5,57.0,284.5,1.0
6,880,52.0,279.5,47.0,274.5,57.0,284.5,1.0
6,881,52.0,279.5,47.0,274.5,57.0,284.5,1.0
6,882,52.0,279.5,47.0,274.5,57.0,284.5,1.0
6,883,52.0,279.5,47.0,274.5,57.0,284.5,1.0
6,884,52.0,279.5,47.0,274.5,57.0,284.5,1.0
6,885,52.0,279.5,47.0,274.5,57.0,284.5,1.0
6,886,52.0,279.5,47.0,274.5,57.0,284.5,1.0
6,887,52.0,279.5,47.0,274.5,57.0,284.5,1.0
6,888,52.0,279.5,47.0,274.5,57.0,284.5,1.0
6,889,52.0,279.5,47.0,274.5,57.0,284.5,1.0
6,890,52.0,279.5,47.0,274.5,57.0,284.5,1.0
6,891,52.0,279.5,47.0,274.5,57.0,284.5,1.0
6,892,52.0,279.5,47.0,274.5,57.0,284.5,1.0
6,893,52.0,279.5,47.0,274.5,57.0,284.5,1.0
6,894,52.0,279.5,47.0,274.5,57.0,284.5,1.0
6,895,52.0,279.5,47.0,274.5,57.0,284.5,1.0
6,896,52.0,279.5,47.0,274.5,57.0,284.5,1.0
6,897,52.0,279.5,47.0,274.5,57.0,284.5,1.0
6,898,52.0,279.5,47.0,274.5,57.0,284.5,1.0
6,899,52.0,279.5,47.0,274.5,57.0,284.5,1.0
6,900,52.0,279.5,47.0,274.5,57.0,284.5,1.0
6,901,52.0,279.5,47.0,274.5,57.0,284.5,1.0
6,902,52.0,279.5,47.0,274.5,57.0,284.5,1.0
6,903,52.0,279.5,47.0,274.5,57.0,284.5,1.0
6,904,52.0,279.5,47.0,274.5,57.0,284.5,1.0
6,905,52.0,279.5,47.0,274.5,57.0,284.5,1.0
6,906,52.0,279.5,47.0,274.5,57.0,284.5,1.0
6,907,52.0,279.5,47.0,274.5,57.0,284.5,1.0
6,908,52.0,279.5,47.0,274.5,57.0,284.5,1.0
6,909,52.0,279.5,47.0,274.5,57.0,284.5,1.0
6,910,52.0,279.5,47.0,274.5,57.0,284.5,1.0
6,911,52.0,279.5,47.0,274.5,57.0,284.5,1.0
6,912,52.0,279.5,47.0,274.5,57.0,284.5,1.0
6,913,52.0,279.5,47.0,274.5,57.0,284.5,1.0
6,914,52.0,279.5,47.0,274.5,57.0,284.5,1.0
6,915,52.0,279.5,47.0,274.5,57.0,284.5,1.0
6,916,52.0,279.5,47.0,274.5,57.0,284.5,1.0
6,917,52.0,279.5,47.0,274.5,57.0,284.5,1.0
6,918,52.0,279.5,47.0,274.5,57.0,284.5,1.0
6,919,52.0,279.5,47.0,274.5,57.0,284.5,1.0
6,920,52.0,279.5,47.0,274.5,57.0,284.5,1.0
6,921,52.0,279.5,47.0,274.5,57.0,284.5,1.0
6,922,52.0,279.5,47.0,274.5,57.0,284.5,1.0
6,923,52.0,279.5,47.0,274.5,57.0,284.5,1.0
6,924,52.0,279.5,47.0,274.5,57.0,284.5,1.0
6,925,52.0,279.5,47.0,274.5,57.0,284.5,1.0
6,926,52.0,279.5,47.0,274.5,57.0,284.5,1.0
6,927,52.0,279.5,47.0,274.5,57.0,284.5,1.0
6,928,52.0,279.5,47.0,274.5,57.0,284.5,1.0
6,929,52.0,279.5,47.0,274.5,57.0,284.5,1.0
6,930,52.0,279.5,47.0,274.5,57.0,284.5,1.0
6,931,52.0,279.5,47.0,274.5,57.0,284.5,1.0
6,932,52.0,279.5,47.0,274.5,57.0,284.5,1.0
6,933,52.0,279.5,47.0,274.5,57.0,284.5,1.0
6,934,52.0,279.5,47.0,274.5,57.0,284.5,1.0
6,935,52.0,279.5,47.0,274.5,57.0,284.5,1.0
6,936,52.0,279.5,47.0,274.5,57.0,284.5,1.0
6,937,52.0,279.5,47.0,274.5,57.0,284.5,1.0
6,938,52.0,279.5,47.0,274.5,57.0,284.5,1.0
6,939,52.0,279.5,47.0,274.5,57.0,284.5,1.0
6,940,52.0,279.5,47.0,274.5,57.0,284.5,1.0
6,941,52.0,279.5,47.0,274.5,57.0,284.5,1.0
6,942,52.0,279.5,47.0,274.5,57.0,284.5,1.0
6,943,52.0,279.5,47.0,274.5,57.0,284.5,1.0
6,944,52.0,279.5,47.0,274.5,57.0,284.5,1.0
6,945,52.0,279.5,47.0,274.5,57.0,284.5,1.0
6,946,52.0,279.5,47.0,274.5,57.0,284.5,1.0
6,947,52.0,279.5,47.0,274.5,57.0,284.5,1.0
6,948,52.0,279.5,47.0,274.5,57.0,284.5,1.0
6,949,52.0,279.5,47.0,274.5,57.0,284.5,1.0
6,950,52.0,279.5,47.0,274.5,57.0,284.5,1.0
6,951,52.0,279.5,47.0,274.5,57.0,284.5,1.0
6,952,52.0,279.5,47.0,274.5,57.0,284.5,1.0
6,953,52.0,279.5,47.0,274.5,57.0,284.5,1.0
6,954,52.0,279.5,47.0,274.5,57.0,284.5,1.0
6,955,52.0,279.5,47.0,274.5,57.0,284.5,1.0
6,956,52.0,279.5,47.0,274.5,57.0,284.5,1.0
6,957,52.0,279.5,47.0,274.5,57.0,284.5,1.0
6,958,52.0,279.5,47.0,274.5,57.0,284.5,1.0
6,959,52.0,279.5,47.0,274.5,57.0,284.5,1.0
6,960,52.0,279.5,47.0,274.5,57.0,284.5,1.0
6,961,52.0,279.5,47.0,274.5,57.0,284.5,1.0
6,962,52.0,279.5,47.0,274.5,57.0,284.5,1.0
6,963,52.0,279.5,47.0,274.5,57.0,284.5,1.0
6,964,52.0,279.5,47.0,274.5,57.0,284.5,1.0
6,965,52.0,279.5,47.0,274.5,57.0,284.5,1.0
6,966,52.0,279.5,47.0,274.5,57.0,284.5,1.0
6,967,52.0,279.5,47.0,274.5,57.0,284.5,1.0
6,968,52.0,279.5,47.0,274.5,57.0,284.5,1.0
6,969,52.0,279.5,47.0,274.5,57.0,284.5,1.0
6,970,52.0,279.5,47.0,274.5,57.0,284.5,1.0
6,971,52.0,279.5,47.0,274.5,57.0,284.5,1.0
6,972,52.0,279.5,47.0,274.5,57.0,284.5,1.0
6,973,52.0,279.5,47.0,274.5,57.0,284.5,1.0
6,974,52.0,279.5,47.0,274.5,57.0,284.5,1.0
6,975,52.0,279.5,47.0,274.5,57.0,284.5,1.0
6,976,52.0,279.5,47.0,274.5,57.0,284.5,1.0
6,977,52.0,279.5,47.0,274.5,57.0,284.5,1.0
6,978,52.0,279.5,47.0,274.5,57.0,284.5,1.0
6,979,52.0,279.5,47.0,274.5,57.0,284.5,1.0
6,980,52.0,279.5,47.0,274.5,57.0,284.5,1.0
6,981,52.0,279.5,47.0,274.5,57.0,284.5,1.0
6,982,52.0,279.5,47.0,274.5,57.0,284.5,1.0
6,983,52.0,279.5,47.0,274.5,57.0,284.5,1.0
6,984,52.0,279.5,47.0,274.5,57.0,284.5,1.0
6,985,52.0,279.5,47.0,274.5,57.0,284.5,1.0
6,986,52.0,279.5,47.0,274.5,57.0,284.5,1.0
6,987,52.0,279.5,47.0,274.5,57.0,284.5,1.0
6,988,52.0,279.5,47.0,274.5,57.0,284.5,1.0
6,989,52.0,279.5,47.0,274.5,57.0,284.5,1.0
6,990,52.0,279.5,47.0,274.5,57.0,284.5,1.0
6,991,52.0,279.5,47.0,274.5,57.0,284.5,1.0
6,992,52.0,279.5,47.0,274.5,57.0,284.5,1.0
6,993,52.0,279.5,47.0,274.5,57.0,284.5,1.0
6,994,52.0,279.5,47.0,274.5,57.0,284.5,1.0
6,995,52.0,279.5,47.0,274.5,57.0,284.5,1.0
6,996,52.0,279.5,47.0,274.5,57.0,284.5,1.0
6,997,52.0,279.5,47.0,274.5,57.0,284.5,1.0
6,998,52.0,279.5,47.0,274.5,57.0,284.5,1.0
6,999,52.0,279.5,47.0,274.5,57.0,284.5,1.0
6,1000,52.0,279.5,47.0,274.5,57.0,284.5,1.0
6,1001,52.0,279.5,47.0,274.5,57.0,284.5,1.0
6,1002,52.0,279.5,47.0,274.5,57.0,284.5,1.0
6,1003,52.0,279.5,47.0,274.5,57.0,284.5,1.0
6,1004,52.0,279.5,47.0,274.5,57.0,284.5,1.0
6,1005,52.0,279.5,47.0,274.5,57.0,284.5,1.0
6,1006,52.0,279.5,47.0,274.5,57.0,284.5,1.0
6,1007,52.0,279.5,47.0,274.5,57.0,284.5,1.0
6,1008,52.0,279.5,47.0,274.5,57.0,284.5,1.0
6,1009,52.0,279.5,47.0,274.5,57.0,284.5,1.0
6,1010,52.0,279.5,47.0,274.5,57.0,284.5,1.0
6,1011,52.0,279.5,47.0,274.5,57.0,284.5,1.0
6,1012,52.0,279.5,47.0,274.5,57.0,284.5,1.0
6,1013,52.0,279.5,47.0,274.5,57.0,284.5,1.0
6,1014,52.0,279.5,47.0,274.5,57.0,284.5,1.0
6,1015,52.0,279.5,47.0,274.5,57.0,284.5,1.0
6,1016,52.0,279.5,47.0,274.5,57.0,284.5,1.0
6,1017,52.0,279.5,47.0,274.5,57.0,284.5,1.0
6,1018,52.0,279.5,47.0,274.5,57.0,284.5,1.0
6,1019,52.0,279.5,47.0,274.5,57.0,284.5,1.0
6,1020,52.0,279.5,47.0,274.5,57.0,284.5,1.0
6,1021,52.0,279.5,47.0,274.5,57.0,284.5,1.0
6,1022,52.0,279.5,47.0,274.5,57.0,284.5,1.0
6,1023,52.0,279.5,47.0,274.5,57.0,284.5,1.0
6,1024,52.0,279.5,47.0,274.5,57.0,284.5,1.0
6,1025,52.0,279.5,47.0,274.5,57.0,284.5,1.0
6,1026,52.0,279.5,47.0,274.5,57.0,284.5,1.0
6,1027,52.0,279.5,47.0,274.5,57.0,284.5,1.0
6,1028,52.0,279.5,47.0,274.5,57.0,284.5,1.0
6,1029,52.0,279.5,47.0,274.5,57.0,284.5,1.0
6,1030,52.0,279.5,47.0,274.5,57.0,284.5,1.0
6,1031,52.0,279.5,47.0,274.5,57.0,284.5,1.0
6,1032,52.0,279.5,47.0,274.5,57.0,284.5,1.0
6,1033,52.0,279.5,47.0,274.5,57.0,284.5,1.0
6,1034,52.0,279.5,47.0,274.5,57.0,284.5,1.0
6,1035,52.0,279.5,47.0,274.5,57.0,284.5,1.0
6,1036,52.0,279.5,47.0,274.5,57.0,284.5,1.0
6,1037,52.0,279.5,47.0,274.5,57.0,284.5,1.0
6,1038,52.0,279.5,47.0,274.5,57.0,284.5,1.0
6,1039,52.0,279.5,47.0,274.5,57.0,284.5,1.0
6,1040,52.0,279.5,47.0,274.5,57.0,284.5,1.0
6,1041,52.0,279.5,47.0,274.5,57.0,284.5,1.0
6,1042,52.0,279.5,47.0,274.5,57.0,284.5,1.0
6,1043,52.0,279.5,47.0,274.5,57.0,284.5,1.0
6,1044,52.0,279.5,47.0,274.5,57.0,284.5,1.0
6,1045,52.0,279.5,47.0,274.5,57.0,284.5,1.0
6,1046,52.0,279.5,47.0,274.5,57.0,284.5,1.0
6,1047,52.0,279.5,47.0,274.5,57.0,284.5,1.0
6,1048,52.0,279.5,47.0,274.5,57.0,284.5,1.0
6,1049,52.0,279.5,47.0,274.5,57.0,284.5,1.0
6,1050,52.0,279.5,47.0,274.5,57.0,284.5,1.0
6,1051,52.0,279.5,47.0,274.5,57.0,284.5,1.0
6,1052,52.0,279.5,47.0,274.5,57.0,284.5,1.0
6,1053,52.0,279.5,47.0,274.5,57.0,284.5,1.0
6,1054,52.0,279.5,47.0,274.5,57.0,284.5,1.0
6,1055,52.0,279.5,47.0,274.5,57.0,284.5,1.0
6,1056,52.0,279.5,47.0,274.5,57.0,284.5,1.0
6,1057,52.0,279.5,47.0,274.5,57.0,284.5,1.0
6,1058,52.0,279.5,47.0,274.5,57.0,284.5,1.0
6,1059,52.0,279.5,47.0,274.5,57.0,284.5,1.0
6,1060,52.0,279.5,47.0,274.5,57.0,284.5,1.0
6,1061,52.0,279.5,47.0,274.5,57.0,284.5,1.0
6,1062,52.0,279.5,47.0,274.5,57.0,284.5,1.0
6,1063,52.0,279.5,47.0,274.5,57.0,284.5,1.0
6,1064,52.0,279.5,47.0,274.5,57.0,284.5,1.0
6,1065,52.0,279.5,47.0,274.5,57.0,284.5,1.0
6,1066,52.0,279.5,47.0,274.5,57.0,284.5,1.0
6,1067,52.0,279.5,47.0,274.5,57.0,284.5,1.0
6,1068,52.0,279.5,47.0,274.5,57.0,284.5,1.0
6,1069,52.0,279.5,47.0,274.5,57.0,284.5,1.0
6,1070,52.0,279.5,47.0,274.5,57.0,284.5,1.0
6,1071,52.0,279.5,47.0,274.5,57.0,284.5,1.0
6,1072,52.0,279.5,47.0,274.5,57.0,284.5,1.0
6,1073,52.0,279.5,47.0,274.5,57.0,284.5,1.0
6,1074,52.0,279.5,47.0,274.5,57.0,284.5,1.0
6,1075,52.0,279.5,47.0,274.5,57.0,284.5,1.0
6,1076,52.0,279.5,47.0,274.5,57.0,284.5,1.0
6,1077,52.0,279.5,47.0,274.5,57.0,284.5,1.0
6,1078,52.0,279.5,47.0,274.5,57.0,284.5,1.0
6,1079,52.0,279.5,47.0,274.5,57.0,284.5,1.0
6,1080,52.0,279.5,47.0,274.5,57.0,284.5,1.0
6,1081,52.0,279.5,47.0,274.5,57.0,284.5,1.0
6,1082,52.0,279.5,47.0,274.5,57.0,284.5,1.0
6,1083,52.0,279.5,47.0,274.5,57.0,284.5,1.0
6,1084,52.0,279.5,47.0,274.5,57.0,284.5,1.0
6,1085,52.0,279.5,47.0,274.5,57.0,284.5,1.0
6,1086,52.0,279.5,47.0,274.5,57.0,284.5,1.0
6,1087,52.0,279.5,47.0,274.5,57.0,284.5,1.0
6,1088,52.0,279.5,47.0,274.5,57.0,284.5,1.0
6,1089,52.0,279.5,47.0,274.5,57.0,284.5,1.0
6,1090,52.0,279.5,47.0,274.5,57.0,284.5,1.0
6,1091,52.0,279.5,47.0,274.5,57.0,284.5,1.0
6,1092,52.0,279.5,47.0,274.5,57.0,284.5,1.0
6,1093,52.0,279.5,47.0,274.5,57.0,284.5,1.0
6,1094,52.0,279.5,47.0,274.5,57.0,284.5,1.0
6,1095,52.0,279.5,47.0,274.5,57.0,284.5,1.0
6,1096,52.0,279.5,47.0,274.5,57.0,284.5,1.0
6,1097,52.0,279.5,47.0,274.5,57.0,284.5,1.0
6,1098,52.0,279.5,47.0,274.5,57.0,284.5,1.0
6,1099,52.0,279.5,47.0,274.5,57.0,284.5,1.0
6,1100,52.0,279.5,47.0,274.5,57.0,284.5,1.0
6,1101,52.0,279.5,47.0,274.5,57.0,284.5,1.0
6,1102,52.0,279.5,47.0,274.5,57.0,284.5,1.0
6,1103,52.0,279.5,47.0,274.5,57.0,284.5,1.0
6,1104,52.0,279.5,47.0,274.5,57.0,284.5,1.0
6,1105,52.0,279.5,47.0,274.5,57.0,284.5,1.0
6,1106,52.0,279.5,47.0,274.5,57.0,284.5,1.0
6,1107,52.0,279.5,47.0,274.5,57.0,284.5,1.0
6,1108,52.0,279.5,47.0,274.5,57.0,284.5,1.0
6,1109,52.0,279.5,47.0,274.5,57.0,284.5,1.0
6,1110,52.0,279.5,47.0,274.5,57.0,284.5,1.0
6,1111,52.0,279.5,47.0,274.5,57.0,284.5,1.0
6,1112,52.0,279.5,47.0,274.5,57.0,284.5,1.0
6,1113,52.0,279.5,47.0,274.5,57.0,284.5,1.0
6,1114,52.0,279.5,47.0,274.5,57.0,284.5,1.0
6,1115,52.0,279.5,47.0,274.5,57.0,284.5,1.0
6,1116,52.0,279.5,47.0,274.5,57.0,284.5,1.0
6,1117,52.0,279.5,47.0,274.5,57.0,284.5,1.0
6,1118,52.0,279.5,47.0,274.5,57.0,284.5,1.0
6,1119,52.0,279.5,47.0,274.5,57.0,284.5,1.0
6,1120,52.0,279.5,47.0,274.5,57.0,284.5,1.0
6,1121,52.0,279.5,47.0,274.5,57.0,284.5,1.0
6,1122,52.0,279.5,47.0,274.5,57.0,284.5,1.0
6,1123,52.0,279.5,47.0,274.5,57.0,284.5,1.0
6,1124,52.0,279.5,47.0,274.5,57.0,284.5,1.0
6,1125,52.0,279.5,47.0,274.5,57.0,284.5,1.0
6,1126,52.0,279.5,47.0,274.5,57.0,284.5,1.0
6,1127,52.0,279.5,47.0,274.5,57.0,284.5,1.0
6,1128,52.0,279.5,47.0,274.5,57.0,284.5,1.0
6,1129,52.0,279.5,47.0,274.5,57.0,284.5,1.0
6,1130,52.0,279.5,47.0,274.5,57.0,284.5,1.0
6,1131,52.0,279.5,47.0,274.5,57.0,284.5,1.0
6,1132,52.0,279.5,47.0,274.5,57.0,284.5,1.0
6,1133,52.0,279.5,47.0,274.5,57.0,284.5,1.0
6,1134,52.0,279.5,47.0,274.5,57.0,284.5,1.0
6,1135,52.0,279.5,47.0,274.5,57.0,284.5,1.0
6,1136,52.0,279.5,47.0,274.5,57.0,284.5,1.0
6,1137,52.0,279.5,47.0,274.5,57.0,284.5,1.0
6,1138,52.0,279.5,47.0,274.5,57.0,284.5,1.0
6,1139,52.0,279.5,47.0,274.5,57.0,284.5,1.0
6,1140,52.0,279.5,47.0,274.5,57.0,284.5,1.0
6,1141,52.0,279.5,47.0,274.5,57.0,284.5,1.0
6,1142,52.0,279.5,47.0,274.5,57.0,284.5,1.0
6,1143,52.0,279.5,47.0,274.5,57.0,284.5,1.0
6,1144,52.0,279.5,47.0,274.5,57.0,284.5,1.0
6,1145,52.0,279.5,47.0,274.5,57.0,284.5,1.0
6,1146,52.0,279.5,47.0,274.5,57.0,284.5,1.0
6,1147,52.0,279.5,47.0,274.5,57.0,284.5,1.0
6,1148,52.0,279.5,47.0,274.5,57.0,284.5,1.0
6,1149,52.0,279.5,47.0,274.5,57.0,284.5,1.0
6,1150,52.0,279.5,47.0,274.5,57.0,284.5,1.0
6,1151,52.0,279.5,47.0,274.5,57.0,284.5,1.0
6,1152,52.0,279.5,47.0,274.5,57.0,284.5,1.0
6,1153,52.0,279.5,47.0,274.5,57.0,284.5,1.0
6,1154,52.0,279.5,47.0,274.5,57.0,284.5,1.0
6,1155,52.0,279.5,47.0,274.5,57.0,284.5,1.0
6,1156,52.0,279.5,47.0,274.5,57.0,284.5,1.0
6,1157,52.0,279.5,47.0,274.5,57.0,284.5,1.0
6,1158,52.0,279.5,47.0,274.5,57.0,284.5,1.0
6,1159,52.0,279.5,47.0,274.5,57.0,284.5,1.0
6,1160,52.0,279.5,47.0,274.5,57.0,284.5,1.0
6,1161,52.0,279.5,47.0,274.5,57.0,284.5,1.0
6,1162,52.0,279.5,47.0,274.5,57.0,284.5,1.0
6,1163,52.0,279.5,47.0,274.5,57.0,284.5,1.0
6,1164,52.0,279.5,47.0,274.5,57.0,284.5,1.0
6,1165,52.0,279.5,47.0,274.5,57.0,284.5,1.0
6,1166,52.0,279.5,47.0,274.5,57.0,284.5,1.0
6,1167,52.0,279.5,47.0,274.5,57.0,284.5,1.0
6,1168,52.0,279.5,47.0,274.5,57.0,284.5,1.0
6,1169,52.0,279.5,47.0,274.5,57.0,284.5,1.0
6,1170,52.0,279.5,47.0,274.5,57.0,284.5,1.0
6,1171,52.0,279.5,47.0,274.5,57.0,284.5,1.0
6,1172,52.0,279.5,47.0,274.5,57.0,284.5,1.0
6,1173,52.0,279.5,47.0,274.5,57.0,284.5,1.0
6,1174,52.0,279.5,47.0,274.5,57.0,284.5,1.0
6,1175,52.0,279.5,47.0,274.5,57.0,284.5,1.0
6,1176,52.0,279.5,47.0,274.5,57.0,284.5,1.0
6,1177,52.0,279.5,47.0,274.5,57.0,284.5,1.0
6,1178,52.0,279.5,47.0,274.5,57.0,284.5,1.0
6,1179,52.0,279.5,47.0,274.5,57.0,284.5,1.0
6,1180,52.0,279.5,47.0,274.5,57.0,284.5,1.0
6,1181,52.0,279.5,47.0,274.5,57.0,284.5,1.0
6,1182,52.0,279.5,47.0,274.5,57.0,284.5,1.0
6,1183,52.0,279.5,47.0,274.5,57.0,284.5,1.0
6,1184,52.0,279.5,47.0,274.5,57.0,284.5,1.0
6,1185,52.0,279.5,47.0,274.5,57.0,284.5,1.0
6,1186,52.0,279.5,47.0,274.5,57.0,284.5,1.0
6,1187,52.0,279.5,47.0,274.5,57.0,284.5,1.0
6,1188,52.0,279.5,47.0,274.5,57.0,284.5,1.0
6,1189,52.0,279.5,47.0,274.5,57.0,284.5,1.0
6,1190,52.0,279.5,47.0,274.5,57.0,284.5,1.0
6,1191,52.0,279.5,47.0,274.5,57.0,284.5,1.0
6,1192,52.0,279.5,47.0,274.5,57.0,284.5,1.0
6,1193,52.0,279.5,47.0,274.5,57.0,284.5,1.0
6,1194,52.0,279.5,47.0,274.5,57.0,284.5,1.0
6,1195,52.0,279.5,47.0,274.5,57.0,284.5,1.0
6,1196,52.0,279.5,47.0,274.5,57.0,284.5,1.0
6,1197,52.0,279.5,47.0,274.5,57.0,284.5,1.0
6,1198,52.0,279.5,47.0,274.5,57.0,284.5,1.0
6,1199,52.0,279.5,47.0,274.5,57.0,284.5,1.0
6,1200,52.0,279.5,47.0,274.5,57.0,284.5,1.0
6,1201,52.0,279.5,47.0,274.5,57.0,284.5,1.0
6,1202,52.0,279.5,47.0,274.5,57.0,284.5,1.0
6,1203,52.0,279.5,47.0,274.5,57.0,284.5,1.0
6,1204,52.0,279.5,47.0,274.5,57.0,284.5,1.0
6,1205,52.0,279.5,47.0,274.5,57.0,284.5,1.0
6,1206,52.0,279.5,47.0,274.5,57.0,284.5,1.0
6,1207,52.0,279.5,47.0,274.5,57.0,284.5,1.0
6,1208,52.0,279.5,47.0,274.5,57.0,284.5,1.0
6,1209,52.0,279.5,47.0,274.5,57.0,284.5,1.0
6,1210,52.0,279.5,47.0,274.5,57.0,284.5,1.0
6,1211,52.0,279.5,47.0,274.5,57.0,284.5,1.0
6,1212,52.0,279.5,47.0,274.5,57.0,284.5,1.0
6,1213,52.0,279.5,47.0,274.5,57.0,284.5,1.0
6,1214,52.0,279.5,47.0,274.5,57.0,284.5,1.0
6,1215,52.0,279.5,47.0,274.5,57.0,284.5,1.0
6,1216,52.0,279.5,47.0,274.5,57.0,284.5,1.0
7,451,593.5,148.0,588.5,143.0,598.5,153.0,1.0
7,452,593.5,148.0,588.5,143.0,598.5,153.0,1.0
7,453,593.5,148.0,588.5,143.0,598.5,153.0,1.0
7,454,593.5,148.0,588.5,143.0,598.5,153.0,1.0
7,455,593.5,148.0,588.5,143.0,598.5,153.0,1.0
7,456,593.5,148.0,588.5,143.0,598.5,153.0,1.0
7,457,593.5,148.0,588.5,143.0,598.5,153.0,1.0
7,458,593.5,148.0,588.5,143.0,598.5,153.0,1.0
7,459,593.5,148.0,588.5,143.0,598.5,153.0,1.0
7,460,593.5,148.0,588.5,143.0,598.5,153.0,1.0
7,461,593.5,148.0,588.5,143.0,598.5,153.0,1.0
7,462,593.5,148.0,588.5,143.0,598.5,153.0,1.0
7,463,593.5,148.0,588.5,143.0,598.5,153.0,1.0
7,464,593.5,148.0,588.5,143.0,598.5,153.0,1.0
7,465,593.5,148.0,588.5,143.0,598.5,153.0,1.0
7,466,593.5,148.0,588.5,143.0,598.5,153.0,1.0
7,467,593.5,148.0,588.5,143.0,598.5,153.0,1.0
7,468,593.5,148.0,588.5,143.0,598.5,153.0,1.0
7,469,593.5,148.0,588.5,143.0,598.5,153.0,1.0
7,470,593.5,148.0,588.5,143.0,598.5,153.0,1.0
7,471,593.5,148.0,588.5,143.0,598.5,153.0,1.0
7,472,593.5,148.0,588.5,143.0,598.5,153.0,1.0
7,473,593.5,148.0,588.5,143.0,598.5,153.0,1.0
7,474,593.5,148.0,588.5,143.0,598.5,153.0,1.0
7,475,593.5,148.0,588.5,143.0,598.5,153.0,1.0
7,476,593.5,148.0,588.5,143.0,598.5,153.0,1.0
7,477,593.5,148.0,588.5,143.0,598.5,153.0,1.0
7,478,593.5,148.0,588.5,143.0,598.5,153.0,1.0
7,479,593.5,148.0,588.5,143.0,598.5,153.0,1.0
7,480,593.5,148.0,588.5,143.0,598.5,153.0,1.0
7,481,593.5,148.0,588.5,143.0,598.5,153.0,1.0
7,482,593.5,148.0,588.5,143.0,598.5,153.0,1.0
7,483,593.5,148.0,588.5,143.0,598.5,153.0,1.0
7,484,593.5,148.0,588.5,143.0,598.5,153.0,1.0
7,485,593.5,148.0,588.5,143.0,598.5,153.0,1.0
7,486,593.5,148.0,588.5,143.0,598.5,153.0,1.0
7,487,593.5,148.0,588.5,143.0,598.5,153.0,1.0
7,488,593.5,148.0,588.5,143.0,598.5,153.0,1.0
7,489,593.5,148.0,588.5,143.0,598.5,153.0,1.0
7,490,593.5,148.0,588.5,143.0,598.5,153.0,1.0
7,491,593.5,148.0,588.5,143.0,598.5,153.0,1.0
7,492,593.5,148.0,588.5,143.0,598.5,153.0,1.0
7,493,593.5,148.0,588.5,143.0,598.5,153.0,1.0
7,494,593.5,148.0,588.5,143.0,598.5,153.0,1.0
7,495,593.5,148.0,588.5,143.0,598.5,153.0,1.0
7,496,593.5,148.0,588.5,143.0,598.5,153.0,1.0
7,497,593.5,148.0,588.5,143.0,598.5,153.0,1.0
7,498,593.5,148.0,588.5,143.0,598.5,153.0,1.0
7,499,593.5,148.0,588.5,143.0,598.5,153.0,1.0
7,500,593.5,148.0,588.5,143.0,598.5,153.0,1.0
7,501,593.5,148.0,588.5,143.0,598.5,153.0,1.0
7,502,593.5,148.0,588.5,143.0,598.5,153.0,1.0
7,503,593.5,148.0,588.5,143.0,598.5,153.0,1.0
7,504,593.5,148.0,588.5,143.0,598.5,153.0,1.0
7,505,593.5,148.0,588.5,143.0,598.5,153.0,1.0
7,506,593.5,148.0,588.5,143.0,598.5,153.0,1.0
7,507,593.5,148.0,588.5,143.0,598.5,153.0,1.0
7,508,593.5,148.0,588.5,143.0,598.5,153.0,1.0
7,509,593.5,148.0,588.5,143.0,598.5,153.0,1.0
7,510,593.5,148.0,588.5,143.0,598.5,153.0,1.0
7,511,593.5,148.0,588.5,143.0,598.5,153.0,1.0
7,512,593.5,148.0,588.5,143.0,598.5,153.0,1.0
7,513,593.5,148.0,588.5,143.0,598.5,153.0,1.0
7,514,593.5,148.0,588.5,143.0,598.5,153.0,1.0
7,515,593.5,148.0,588.5,143.0,598.5,153.0,1.0
7,516,593.5,148.0,588.5,143.0,598.5,153.0,1.0
7,517,593.5,148.0,588.5,143.0,598.5,153.0,1.0
7,518,593.5,148.0,588.5,143.0,598.5,153.0,1.0
7,519,593.5,148.0,588.5,143.0,598.5,153.0,1.0
7,520,593.5,148.0,588.5,143.0,598.5,153.0,1.0
7,521,593.5,148.0,588.5,143.0,598.5,153.0,1.0
7,522,593.5,148.0,588.5,143.0,598.5,153.0,1.0
7,523,593.5,148.0,588.5,143.0,598.5,153.0,1.0
7,524,593.5,148.0,588.5,143.0,598.5,153.0,1.0
7,525,593.5,148.0,588.5,143.0,598.5,153.0,1.0
7,526,593.5,148.0,588.5,143.0,598.5,153.0,1.0
7,527,593.5,148.0,588.5,143.0,598.5,153.0,1.0
7,528,593.5,148.0,588.5,143.0,598.5,153.0,1.0
7,529,593.5,148.0,588.5,143.0,598.5,153.0,1.0
7,530,593.5,148.0,588.5,143.0,598.5,153.0,1.0
7,531,593.5,148.0,588.5,143.0,598.5,153.0,1.0
7,532,593.5,148.0,588.5,143.0,598.5,153.0,1.0
7,533,593.5,148.0,588.5,143.0,598.5,153.0,1.0
7,534,593.5,148.0,588.5,143.0,598.5,153.0,1.0
7,535,593.5,148.0,588.5,143.0,598.5,153.0,1.0
7,536,593.5,148.0,588.5,143.0,598.5,153.0,1.0
7,537,593.5,148.0,588.5,143.0,598.5,153.0,1.0
7,538,593.5,148.0,588.5,143.0,598.5,153.0,1.0
7,539,593.5,148.0,588.5,143.0,598.5,153.0,1.0
7,540,593.5,148.0,588.5,143.0,598.5,153.0,1.0
7,541,593.5,148.0,588.5,143.0,598.5,153.0,1.0
7,542,593.5,148.0,588.5,143.0,598.5,153.0,1.0
7,543,593.5,148.0,588.5,143.0,598.5,153.0,1.0
7,544,593.5,148.0,588.5,143.0,598.5,153.0,1.0
7,545,593.5,148.0,588.5,143.0,598.5,153.0,1.0
7,546,593.5,148.0,588.5,143.0,598.5,153.0,1.0
7,547,593.5,148.0,588.5,143.0,598.5,153.0,1.0
7,548,593.5,148.0,588.5,143.0,598.5,153.0,1.0
7,549,593.5,148.0,588.5,143.0,598.5,153.0,1.0
7,550,593.5,148.0,588.5,143.0,598.5,153.0,1.0
7,551,593.5,148.0,588.5,143.0,598.5,153.0,1.0
7,552,593.5,148.0,588.5,143.0,598.5,153.0,1.0
7,553,593.5,148.0,588.5,143.0,598.5,153.0,1.0
7,554,593.5,148.0,588.5,143.0,598.5,153.0,1.0
7,555,593.5,148.0,588.5,143.0,598.5,153.0,1.0
7,556,593.5,148.0,588.5,143.0,598.5,153.0,1.0
7,557,593.5,148.0,588.5,143.0,598.5,153.0,1.0
7,558,593.5,148.0,588.5,143.0,598.5,153.0,1.0
7,559,593.5,148.0,588.5,143.0,598.5,153.0,1.0
7,560,593.5,148.0,588.5,143.0,598.5,153.0,1.0
7,561,593.5,148.0,588.5,143.0,598.5,153.0,1.0
7,562,593.5,148.0,588.5,143.0,598.5,153.0,1.0
7,563,593.5,148.0,588.5,143.0,598.5,153.0,1.0
7,564,593.5,148.0,588.5,143.0,598.5,153.0,1.0
7,565,593.5,148.0,588.5,143.0,598.5,153.0,1.0
7,566,593.5,148.0,588.5,143.0,598.5,153.0,1.0
7,567,593.5,148.0,588.5,143.0,598.5,153.0,1.0
7,568,593.5,148.0,588.5,143.0,598.5,153.0,1.0
7,569,593.5,148.0,588.5,143.0,598.5,153.0,1.0
7,570,593.5,148.0,588.5,143.0,598.5,153.0,1.0
7,571,593.5,148.0,588.5,143.0,598.5,153.0,1.0
7,572,593.5,148.0,588.5,143.0,598.5,153.0,1.0
7,573,593.5,148.0,588.5,143.0,598.5,153.0,1.0
7,574,593.5,148.0,588.5,143.0,598.5,153.0,1.0
7,575,593.5,148.0,588.5,143.0,598.5,153.0,1.0
7,576,593.5,148.0,588.5,143.0,598.5,153.0,1.0
7,577,593.5,148.0,588.5,143.0,598.5,153.0,1.0
7,578,593.5,148.0,588.5,143.0,598.5,153.0,1.0
7,579,593.5,148.0,588.5,143.0,598.5,153.0,1.0
7,580,593.5,148.0,588.5,143.0,598.5,153.0,1.0
7,581,593.5,148.0,588.5,143.0,598.5,153.0,1.0
7,582,593.5,148.0,588.5,143.0,598.5,153.0,1.0
7,583,593.5,148.0,588.5,143.0,598.5,153.0,1.0
7,584,593.5,148.0,588.5,143.0,598.5,153.0,1.0
7,585,593.5,148.0,588.5,143.0,598.5,153.0,1.0
7,586,593.5,148.0,588.5,143.0,598.5,153.0,1.0
7,587,593.5,148.0,588.5,143.0,598.5,153.0,1.0
7,588,593.5,148.0,588.5,143.0,598.5,153.0,1.0
7,589,593.5,148.0,588.5,143.0,598.5,153.0,1.0
7,590,593.5,148.0,588.5,143.0,598.5,153.0,1.0
7,591,593.5,148.0,588.5,143.0,598.5,153.0,1.0
7,592,593.5,148.0,588.5,143.0,598.5,153.0,1.0
7,593,593.5,148.0,588.5,143.0,598.5,153.0,1.0
7,594,593.5,148.0,588.5,143.0,598.5,153.0,1.0
7,595,593.5,148.0,588.5,143.0,598.5,153.0,1.0
7,596,593.5,148.0,588.5,143.0,598.5,153.0,1.0
7,597,593.5,148.0,588.5,143.0,598.5,153.0,1.0
7,598,593.5,148.0,588.5,143.0,598.5,153.0,1.0
7,599,593.5,148.0,588.5,143.0,598.5,153.0,1.0
7,600,593.5,148.0,588.5,143.0,598.5,153.0,1.0
7,601,593.5,148.0,588.5,143.0,598.5,153.0,1.0
7,602,593.5,148.0,588.5,143.0,598.5,153.0,1.0
7,603,593.5,148.0,588.5,143.0,598.5,153.0,1.0
7,604,593.5,148.0,588.5,143.0,598.5,153.0,1.0
7,605,593.5,148.0,588.5,143.0,598.5,153.0,1.0
7,606,593.5,148.0,588.5,143.0,598.5,153.0,1.0
7,607,593.5,148.0,588.5,143.0,598.5,153.0,1.0
7,608,593.5,148.0,588.5,143.0,598.5,153.0,1.0
7,609,593.5,148.0,588.5,143.0,598.5,153.0,1.0
7,610,593.5,148.0,588.5,143.0,598.5,153.0,1.0
7,611,593.5,148.0,588.5,143.0,598.5,153.0,1.0
7,612,593.5,148.0,588.5,143.0,598.5,153.0,1.0
7,613,593.5,148.0,588.5,143.0,598.5,153.0,1.0
7,614,593.5,148.0,588.5,143.0,598.5,153.0,1.0
7,615,593.5,148.0,588.5,143.0,598.5,153.0,1.0
7,616,593.5,148.0,588.5,143.0,598.5,153.0,1.0
7,617,593.5,148.0,588.5,143.0,598.5,153.0,1.0
7,618,593.5,148.0,588.5,143.0,598.5,153.0,1.0
7,619,593.5,148.0,588.5,143.0,598.5,153.0,1.0
7,620,593.5,148.0,588.5,143.0,598.5,153.0,1.0
7,621,593.5,148.0,588.5,143.0,598.5,153.0,1.0
7,622,593.5,148.0,588.5,143.0,598.5,153.0,1.0
7,623,593.5,148.0,588.5,143.0,598.5,153.0,1.0
7,624,593.5,148.0,588.5,143.0,598.5,153.0,1.0
7,625,593.5,148.0,588.5,143.0,598.5,153.0,1.0
7,626,593.5,148.0,588.5,143.0,598.5,153.0,1.0
7,627,593.5,148.0,588.5,143.0,598.5,153.0,1.0
7,628,593.5,148.0,588.5,143.0,598.5,153.0,1.0
7,629,593.5,148.0,588.5,143.0,598.5,153.0,1.0
7,630,593.5,148.0,588.5,143.0,598.5,153.0,1.0
7,631,593.5,148.0,588.5,143.0,598.5,153.0,1.0
7,632,593.5,148.0,588.5,143.0,598.5,153.0,1.0
7,633,593.5,148.0,588.5,143.0,598.5,153.0,1.0
7,634,593.5,148.0,588.5,143.0,598.5,153.0,1.0
7,635,593.5,148.0,588.5,143.0,598.5,153.0,1.0
7,636,593.5,148.0,588.5,143.0,598.5,153.0,1.0
7,637,593.5,148.0,588.5,143.0,598.5,153.0,1.0
7,638,593.5,148.0,588.5,143.0,598.5,153.0,1.0
7,639,593.5,148.0,588.5,143.0,598.5,153.0,1.0
7,640,593.5,148.0,588.5,143.0,598.5,153.0,1.0
7,641,593.5,148.0,588.5,143.0,598.5,153.0,1.0
7,642,593.5,148.0,588.5,143.0,598.5,153.0,1.0
7,643,593.5,148.0,588.5,143.0,598.5,153.0,1.0
7,644,593.5,148.0,588.5,143.0,598.5,153.0,1.0
7,645,593.5,148.0,588.5,143.0,598.5,153.0,1.0
7,646,593.5,148.0,588.5,143.0,598.5,153.0,1.0
7,647,593.5,148.0,588.5,143.0,598.5,153.0,1.0
7,648,593.5,148.0,588.5,143.0,598.5,153.0,1.0
7,649,593.5,148.0,588.5,143.0,598.5,153.0,1.0
7,650,593.5,148.0,588.5,143.0,598.5,153.0,1.0
7,651,593.5,148.0,588.5,143.0,598.5,153.0,1.0
7,652,593.5,148.0,588.5,143.0,598.5,153.0,1.0
7,653,593.5,148.0,588.5,143.0,598.5,153.0,1.0
7,654,593.5,148.0,588.5,143.0,598.5,153.0,1.0
7,655,593.5,148.0,588.5,143.0,598.5,153.0,1.0
7,656,593.5,148.0,588.5,143.0,598.5,153.0,1.0
7,657,593.5,148.0,588.5,143.0,598.5,153.0,1.0
7,658,593.5,148.0,588.5,143.0,598.5,153.0,1.0
7,659,593.5,148.0,588.5,143.0,598.5,153.0,1.0
7,660,593.5,148.0,588.5,143.0,598.5,153.0,1.0
7,661,593.5,148.0,588.5,143.0,598.5,153.0,1.0
7,662,593.5,148.0,588.5,143.0,598.5,153.0,1.0
7,663,593.5,148.0,588.5,143.0,598.5,153.0,1.0
7,664,593.5,148.0,588.5,143.0,598.5,153.0,1.0
7,665,593.5,148.0,588.5,143.0,598.5,153.0,1.0
7,666,593.5,148.0,588.5,143.0,598.5,153.0,1.0
7,667,593.5,148.0,588.5,143.0,598.5,153.0,1.0
7,668,593.5,148.0,588.5,143.0,598.5,153.0,1.0
7,669,593.5,148.0,588.5,143.0,598.5,153.0,1.0
7,670,593.5,148.0,588.5,143.0,598.5,153.0,1.0
7,671,593.5,148.0,588.5,143.0,598.5,153.0,1.0
7,672,593.5,148.0,588.5,143.0,598.5,153.0,1.0
7,673,593.5,148.0,588.5,143.0,598.5,153.0,1.0
7,674,593.5,148.0,588.5,143.0,598.5,153.0,1.0
7,675,593.5,148.0,588.5,143.0,598.5,153.0,1.0
7,676,593.5,148.0,588.5,143.0,598.5,153.0,1.0
7,677,593.5,148.0,588.5,143.0,598.5,153.0,1.0
7,678,593.5,148.0,588.5,143.0,598.5,153.0,1.0
7,679,593.5,148.0,588.5,143.0,598.5,153.0,1.0
7,680,593.5,148.0,588.5,143.0,598.5,153.0,1.0
7,681,593.5,148.0,588.5,143.0,598.5,153.0,1.0
7,682,593.5,148.0,588.5,143.0,598.5,153.0,1.0
7,683,593.5,148.0,588.5,143.0,598.5,153.0,1.0
7,684,593.5,148.0,588.5,143.0,598.5,153.0,1.0
7,685,593.5,148.0,588.5,143.0,598.5,153.0,1.0
7,686,593.5,148.0,588.5,143.0,598.5,153.0,1.0
7,687,593.5,148.0,588.5,143.0,598.5,153.0,1.0
7,688,593.5,148.0,588.5,143.0,598.5,153.0,1.0
7,689,593.5,148.0,588.5,143.0,598.5,153.0,1.0
7,690,593.5,148.0,588.5,143.0,598.5,153.0,1.0
7,691,593.5,148.0,588.5,143.0,598.5,153.0,1.0
7,692,593.5,148.0,588.5,143.0,598.5,153.0,1.0
7,693,593.5,148.0,588.5,143.0,598.5,153.0,1.0
7,694,593.5,148.0,588.5,143.0,598.5,153.0,1.0
7,695,593.5,148.0,588.5,143.0,598.5,153.0,1.0
7,696,593.5,148.0,588.5,143.0,598.5,153.0,1.0
7,697,593.5,148.0,588.5,143.0,598.5,153.0,1.0
7,698,593.5,148.0,588.5,143.0,598.5,153.0,1.0
7,699,593.5,148.0,588.5,143.0,598.5,153.0,1.0
7,700,593.5,148.0,588.5,143.0,598.5,153.0,1.0
7,701,593.5,148.0,588.5,143.0,598.5,153.0,1.0
7,702,593.5,148.0,588.5,143.0,598.5,153.0,1.0
7,703,593.5,148.0,588.5,143.0,598.5,153.0,1.0
7,704,593.5,148.0,588.5,143.0,598.5,153.0,1.0
7,705,593.5,148.0,588.5,143.0,598.5,153.0,1.0
7,706,593.5,148.0,588.5,143.0,598.5,153.0,1.0
7,707,593.5,148.0,588.5,143.0,598.5,153.0,1.0
7,708,593.5,148.0,588.5,143.0,598.5,153.0,1.0
7,709,593.5,148.0,588.5,143.0,598.5,153.0,1.0
7,710,593.5,148.0,588.5,143.0,598.5,153.0,1.0
7,711,593.5,148.0,588.5,143.0,598.5,153.0,1.0
7,712,593.5,148.0,588.5,143.0,598.5,153.0,1.0
7,713,593.5,148.0,588.5,143.0,598.5,153.0,1.0
7,714,593.5,148.0,588.5,143.0,598.5,153.0,1.0
7,715,593.5,148.0,588.5,143.0,598.5,153.0,1.0
7,716,593.5,148.0,588.5,143.0,598.5,153.0,1.0
7,717,593.5,148.0,588.5,143.0,598.5,153.0,1.0
7,718,593.5,148.0,588.5,143.0,598.5,153.0,1.0
7,719,593.5,148.0,588.5,143.0,598.5,153.0,1.0
7,720,593.5,148.0,588.5,143.0,598.5,153.0,1.0
7,721,593.5,148.0,588.5,143.0,598.5,153.0,1.0
7,722,593.5,148.0,588.5,143.0,598.5,153.0,1.0
7,723,593.5,148.0,588.5,143.0,598.5,153.0,1.0
7,724,593.5,148.0,588.5,143.0,598.5,153.0,1.0
7,725,593.5,148.0,588.5,143.0,598.5,153.0,1.0
7,726,593.5,148.0,588.5,143.0,598.5,153.0,1.0
7,727,593.5,148.0,588.5,143.0,598.5,153.0,1.0
7,728,593.5,148.0,588.5,143.0,598.5,153.0,1.0
7,729,593.5,148.0,588.5,143.0,598.5,153.0,1.0
7,730,593.5,148.0,588.5,143.0,598.5,153.0,1.0
7,731,593.5,148.0,588.5,143.0,598.5,153.0,1.0
7,732,593.5,148.0,588.5,143.0,598.5,153.0,1.0
7,733,593.5,148.0,588.5,143.0,598.5,153.0,1.0
7,734,593.5,148.0,588.5,143.0,598.5,153.0,1.0
7,735,593.5,148.0,588.5,143.0,598.5,153.0,1.0
7,736,593.5,148.0,588.5,143.0,598.5,153.0,1.0
7,737,593.5,148.0,588.5,143.0,598.5,153.0,1.0
7,738,593.5,148.0,588.5,143.0,598.5,153.0,1.0
7,739,593.5,148.0,588.5,143.0,598.5,153.0,1.0
7,740,593.5,148.0,588.5,143.0,598.5,153.0,1.0
7,741,593.5,148.0,588.5,143.0,598.5,153.0,1.0
7,742,593.5,148.0,588.5,143.0,598.5,153.0,1.0
7,743,593.5,148.0,588.5,143.0,598.5,153.0,1.0
7,744,593.5,148.0,588.5,143.0,598.5,153.0,1.0
7,745,593.5,148.0,588.5,143.0,598.5,153.0,1.0
7,746,593.5,148.0,588.5,143.0,598.5,153.0,1.0
7,747,593.5,148.0,588.5,143.0,598.5,153.0,1.0
7,748,593.5,148.0,588.5,143.0,598.5,153.0,1.0
7,749,593.5,148.0,588.5,143.0,598.5,153.0,1.0
7,750,593.5,148.0,588.5,143.0,598.5,153.0,1.0
7,751,593.5,148.0,588.5,143.0,598.5,153.0,1.0
7,752,593.5,148.0,588.5,143.0,598.5,153.0,1.0
7,753,593.5,148.0,588.5,143.0,598.5,153.0,1.0
7,754,593.5,148.0,588.5,143.0,598.5,153.0,1.0
7,755,593.5,148.0,588.5,143.0,598.5,153.0,1.0
7,756,593.5,148.0,588.5,143.0,598.5,153.0,1.0
7,757,593.5,148.0,588.5,143.0,598.5,153.0,1.0
7,758,593.5,148.0,588.5,143.0,598.5,153.0,1.0
7,759,593.5,148.0,588.5,143.0,598.5,153.0,1.0
7,760,593.5,148.0,588.5,143.0,598.5,153.0,1.0
7,761,593.5,148.0,588.5,143.0,598.5,153.0,1.0
7,762,593.5,148.0,588.5,143.0,598.5,153.0,1.0
7,763,593.5,148.0,588.5,143.0,598.5,153.0,1.0
7,764,593.5,148.0,588.5,143.0,598.5,153.0,1.0
7,765,593.5,148.0,588.5,143.0,598.5,153.0,1.0
7,766,593.5,148.0,588.5,143.0,598.5,153.0,1.0
7,767,593.5,148.0,588.5,143.0,598.5,153.0,1.0
7,768,593.5,148.0,588.5,143.0,598.5,153.0,1.0
7,769,593.5,148.0,588.5,143.0,598.5,153.0,1.0
7,770,593.5,148.0,588.5,143.0,598.5,153.0,1.0
7,771,593.5,148.0,588.5,143.0,598.5,153.0,1.0
7,772,593.5,148.0,588.5,143.0,598.5,153.0,1.0
7,773,593.5,148.0,588.5,143.0,598.5,153.0,1.0
7,774,593.5,148.0,588.5,143.0,598.5,153.0,1.0
7,775,593.5,148.0,588.5,143.0,598.5,153.0,1.0
7,776,593.5,148.0,588.5,143.0,598.5,153.0,1.0
7,777,593.5,148.0,588.5,143.0,598.5,153.0,1.0
7,778,593.5,148.0,588.5,143.0,598.5,153.0,1.0
7,779,593.5,148.0,588.5,143.0,598.5,153.0,1.0
7,780,593.5,148.0,588.5,143.0,598.5,153.0,1.0
7,781,593.5,148.0,588.5,143.0,598.5,153.0,1.0
7,782,593.5,148.0,588.5,143.0,598.5,153.0,1.0
7,783,593.5,148.0,588.5,143.0,598.5,153.0,1.0
7,784,593.5,148.0,588.5,143.0,598.5,153.0,1.0
7,785,593.5,148.0,588.5,143.0,598.5,153.0,1.0
7,786,593.5,148.0,588.5,143.0,598.5,153.0,1.0
7,787,593.5,148.0,588.5,143.0,598.5,153.0,1.0
7,788,593.5,148.0,588.5,143.0,598.5,153.0,1.0
7,789,593.5,148.0,588.5,143.0,598.5,153.0,1.0
7,790,593.5,148.0,588.5,143.0,598.5,153.0,1.0
7,791,593.5,148.0,588.5,143.0,598.5,153.0,1.0
7,792,593.5,148.0,588.5,143.0,598.5,153.0,1.0
7,793,593.5,148.0,588.5,143.0,598.5,153.0,1.0
7,794,593.5,148.0,588.5,143.0,598.5,153.0,1.0
7,795,593.5,148.0,588.5,143.0,598.5,153.0,1.0
7,796,593.5,148.0,588.5,143.0,598.5,153.0,1.0
7,797,593.5,148.0,588.5,143.0,598.5,153.0,1.0
7,798,593.5,148.0,588.5,143.0,598.5,153.0,1.0
7,799,593.5,148.0,588.5,143.0,598.5,153.0,1.0
7,800,593.5,148.0,588.5,143.0,598.5,153.0,1.0
7,801,593.5,148.0,588.5,143.0,598.5,153.0,1.0
7,802,593.5,148.0,588.5,143.0,598.5,153.0,1.0
7,803,593.5,148.0,588.5,143.0,598.5,153.0,1.0
7,804,593.5,148.0,588.5,143.0,598.5,153.0,1.0
7,805,593.5,148.0,588.5,143.0,598.5,153.0,1.0
7,806,593.5,148.0,588.5,143.0,598.5,153.0,1.0
7,807,593.5,148.0,588.5,143.0,598.5,153.0,1.0
7,808,593.5,148.0,588.5,143.0,598.5,153.0,1.0
7,809,593.5,148.0,588.5,143.0,598.5,153.0,1.0
7,810,593.5,148.0,588.5,143.0,598.5,153.0,1.0
7,811,593.5,148.0,588.5,143.0,598.5,153.0,1.0
7,812,593.5,148.0,588.5,143.0,598.5,153.0,1.0
7,813,593.5,148.0,588.5,143.0,598.5,153.0,1.0
7,814,593.5,148.0,588.5,143.0,598.5,153.0,1.0
7,815,593.5,148.0,588.5,143.0,598.5,153.0,1.0
7,816,593.5,148.0,588.5,143.0,598.5,153.0,1.0
7,817,593.5,148.0,588.5,143.0,598.5,153.0,1.0
7,818,593.5,148.0,588.5,143.0,598.5,153.0,1.0
7,819,593.5,148.0,588.5,143.0,598.5,153.0,1.0
7,820,593.5,148.0,588.5,143.0,598.5,153.0,1.0
7,821,593.5,148.0,588.5,143.0,598.5,153.0,1.0
7,822,593.5,148.0,588.5,143.0,598.5,153.0,1.0
7,823,593.5,148.0,588.5,143.0,598.5,153.0,1.0
7,824,593.5,148.0,588.5,143.0,598.5,153.0,1.0
7,825,593.5,148.0,588.5,143.0,598.5,153.0,1.0
7,826,593.5,148.0,588.5,143.0,598.5,153.0,1.0
7,827,593.5,148.0,588.5,143.0,598.5,153.0,1.0
7,828,593.5,148.0,588.5,143.0,598.5,153.0,1.0
7,829,593.5,148.0,588.5,143.0,598.5,153.0,1.0
7,830,593.5,148.0,588.5,143.0,598.5,153.0,1.0
7,831,593.5,148.0,588.5,143.0,598.5,153.0,1.0
7,832,593.5,148.0,588.5,143.0,598.5,153.0,1.0
7,833,593.5,148.0,588.5,143.0,598.5,153.0,1.0
7,834,593.5,148.0,588.5,143.0,598.5,153.0,1.0
7,835,593.5,148.0,588.5,143.0,598.5,153.0,1.0
7,836,593.5,148.0,588.5,143.0,598.5,153.0,1.0
7,837,593.5,148.0,588.5,143.0,598.5,153.0,1.0
7,838,593.5,148.0,588.5,143.0,598.5,153.0,1.0
7,839,593.5,148.0,588.5,143.0,598.5,153.0,1.0
7,840,593.5,148.0,588.5,143.0,598.5,153.0,1.0
7,841,593.5,148.0,588.5,143.0,598.5,153.0,1.0
7,842,593.5,148.0,588.5,143.0,598.5,153.0,1.0
7,843,593.5,148.0,588.5,143.0,598.5,153.0,1.0
7,844,593.5,148.0,588.5,143.0,598.5,153.0,1.0
7,845,593.5,148.0,588.5,143.0,598.5,153.0,1.0
7,846,593.5,148.0,588.5,143.0,598.5,153.0,1.0
7,847,593.5,148.0,588.5,143.0,598.5,153.0,1.0
7,848,593.5,148.0,588.5,143.0,598.5,153.0,1.0
7,849,593.5,148.0,588.5,143.0,598.5,153.0,1.0
7,850,593.5,148.0,588.5,143.0,598.5,153.0,1.0
7,851,593.5,148.0,588.5,143.0,598.5,153.0,1.0
7,852,593.5,148.0,588.5,143.0,598.5,153.0,1.0
7,853,593.5,148.0,588.5,143.0,598.5,153.0,1.0
7,854,593.5,148.0,588.5,143.0,598.5,153.0,1.0
7,855,593.5,148.0,588.5,143.0,598.5,153.0,1.0
7,856,593.5,148.0,588.5,143.0,598.5,153.0,1.0
7,857,593.5,148.0,588.5,143.0,598.5,153.0,1.0
7,858,593.5,148.0,588.5,143.0,598.5,153.0,1.0
7,859,593.5,148.0,588.5,143.0,598.5,153.0,1.0
7,860,593.5,148.0,588.5,143.0,598.5,153.0,1.0
7,861,593.5,148.0,588.5,143.0,598.5,153.0,1.0
7,862,593.5,148.0,588.5,143.0,598.5,153.0,1.0
7,863,593.5,148.0,588.5,143.0,598.5,153.0,1.0
7,864,593.5,148.0,588.5,143.0,598.5,153.0,1.0
7,865,593.5,148.0,588.5,143.0,598.5,153.0,1.0
7,866,593.5,148.0,588.5,143.0,598.5,153.0,1.0
7,867,593.5,148.0,588.5,143.0,598.5,153.0,1.0
7,868,593.5,148.0,588.5,143.0,598.5,153.0,1.0
7,869,593.5,148.0,588.5,143.0,598.5,153.0,1.0
7,870,593.5,148.0,588.5,143.0,598.5,153.0,1.0
7,871,593.5,148.0,588.5,143.0,598.5,153.0,1.0
7,872,593.5,148.0,588.5,143.0,598.5,153.0,1.0
7,873,593.5,148.0,588.5,143.0,598.5,153.0,1.0
7,874,593.5,148.0,588.5,143.0,598.5,153.0,1.0
7,875,593.5,148.0,588.5,143.0,598.5,153.0,1.0
7,876,593.5,148.0,588.5,143.0,598.5,153.0,1.0
7,877,593.5,148.0,588.5,143.0,598.5,153.0,1.0
7,878,593.5,148.0,588.5,143.0,598.5,153.0,1.0
7,879,593.5,148.0,588.5,143.0,598.5,153.0,1.0
7,880,593.5,148.0,588.5,143.0,598.5,153.0,1.0
7,881,593.5,148.0,588.5,143.0,598.5,153.0,1.0
7,882,593.5,148.0,588.5,143.0,598.5,153.0,1.0
7,883,593.5,148.0,588.5,143.0,598.5,153.0,1.0
7,884,593.5,148.0,588.5,143.0,598.5,153.0,1.0
7,885,593.5,148.0,588.5,143.0,598.5,153.0,1.0
7,886,593.5,148.0,588.5,143.0,598.5,153.0,1.0
7,887,593.5,148.0,588.5,143.0,598.5,153.0,1.0
7,888,593.5,148.0,588.5,143.0,598.5,153.0,1.0
7,889,593.5,148.0,588.5,143.0,598.5,153.0,1.0
7,890,593.5,148.0,588.5,143.0,598.5,153.0,1.0
7,891,593.5,148.0,588.5,143.0,598.5,153.0,1.0
7,892,593.5,148.0,588.5,143.0,598.5,153.0,1.0
7,893,593.5,148.0,588.5,143.0,598.5,153.0,1.0
7,894,593.5,148.0,588.5,143.0,598.5,153.0,1.0
7,895,593.5,148.0,588.5,143.0,598.5,153.0,1.0
7,896,593.5,148.0,588.5,143.0,598.5,153.0,1.0
7,897,593.5,148.0,588.5,143.0,598.5,153.0,1.0
7,898,593.5,148.0,588.5,143.0,598.5,153.0,1.0
7,899,593.5,148.0,588.5,143.0,598.5,153.0,1.0
7,900,593.5,148.0,588.5,143.0,598.5,153.0,1.0
7,901,593.5,148.0,588.5,143.0,598.5,153.0,1.0
7,902,593.5,148.0,588.5,143.0,598.5,153.0,1.0
7,903,593.5,148.0,588.5,143.0,598.5,153.0,1.0
7,904,593.5,148.0,588.5,143.0,598.5,153.0,1.0
7,905,593.5,148.0,588.5,143.0,598.5,153.0,1.0
7,906,593.5,148.0,588.5,143.0,598.5,153.0,1.0
7,907,593.5,148.0,588.5,143.0,598.5,153.0,1.0
7,908,593.5,148.0,588.5,143.0,598.5,153.0,1.0
7,909,593.5,148.0,588.5,143.0,598.5,153.0,1.0
7,910,593.5,148.0,588.5,143.0,598.5,153.0,1.0
7,911,593.5,148.0,588.5,143.0,598.5,153.0,1.0
7,912,593.5,148.0,588.5,143.0,598.5,153.0,1.0
7,913,593.5,148.0,588.5,143.0,598.5,153.0,1.0
7,914,593.5,148.0,588.5,143.0,598.5,153.0,1.0
7,915,593.5,148.0,588.5,143.0,598.5,153.0,1.0
7,916,593.5,148.0,588.5,143.0,598.5,153.0,1.0
7,917,593.5,148.0,588.5,143.0,598.5,153.0,1.0
7,918,593.5,148.0,588.5,143.0,598.5,153.0,1.0
7,919,593.5,148.0,588.5,143.0,598.5,153.0,1.0
7,920,593.5,148.0,588.5,143.0,598.5,153.0,1.0
7,921,593.5,148.0,588.5,143.0,598.5,153.0,1.0
7,922,593.5,148.0,588.5,143.0,598.5,153.0,1.0
7,923,593.5,148.0,588.5,143.0,598.5,153.0,1.0
7,924,593.5,148.0,588.5,143.0,598.5,153.0,1.0
7,925,593.5,148.0,588.5,143.0,598.5,153.0,1.0
7,926,593.5,148.0,588.5,143.0,598.5,153.0,1.0
7,927,593.5,148.0,588.5,143.0,598.5,153.0,1.0
7,928,593.5,148.0,588.5,143.0,598.5,153.0,1.0
7,929,593.5,148.0,588.5,143.0,598.5,153.0,1.0
7,930,593.5,148.0,588.5,143.0,598.5,153.0,1.0
7,931,593.5,148.0,588.5,143.0,598.5,153.0,1.0
7,932,593.5,148.0,588.5,143.0,598.5,153.0,1.0
7,933,593.5,148.0,588.5,143.0,598.5,153.0,1.0
7,934,593.5,148.0,588.5,143.0,598.5,153.0,1.0
7,935,593.5,148.0,588.5,143.0,598.5,153.0,1.0
7,936,593.5,148.0,588.5,143.0,598.5,153.0,1.0
7,937,593.5,148.0,588.5,143.0,598.5,153.0,1.0
7,938,593.5,148.0,588.5,143.0,598.5,153.0,1.0
7,939,593.5,148.0,588.5,143.0,598.5,153.0,1.0
7,940,593.5,148.0,588.5,143.0,598.5,153.0,1.0
7,941,593.5,148.0,588.5,143.0,598.5,153.0,1.0
7,942,593.5,148.0,588.5,143.0,598.5,153.0,1.0
7,943,593.5,148.0,588.5,143.0,598.5,153.0,1.0
7,944,593.5,148.0,588.5,143.0,598.5,153.0,1.0
7,945,593.5,148.0,588.5,143.0,598.5,153.0,1.0
7,946,593.5,148.0,588.5,143.0,598.5,153.0,1.0
7,947,593.5,148.0,588.5,143.0,598.5,153.0,1.0
7,948,593.5,148.0,588.5,143.0,598.5,153.0,1.0
7,949,593.5,148.0,588.5,143.0,598.5,153.0,1.0
7,950,593.5,148.0,588.5,143.0,598.5,153.0,1.0
7,951,593.5,148.0,588.5,143.0,598.5,153.0,1.0
7,952,593.5,148.0,588.5,143.0,598.5,153.0,1.0
7,953,593.5,148.0,588.5,143.0,598.5,153.0,1.0
7,954,593.5,148.0,588.5,143.0,598.5,153.0,1.0
7,955,593.5,148.0,588.5,143.0,598.5,153.0,1.0
7,956,593.5,148.0,588.5,143.0,598.5,153.0,1.0
7,957,593.5,148.0,588.5,143.0,598.5,153.0,1.0
7,958,593.5,148.0,588.5,143.0,598.5,153.0,1.0
7,959,593.5,148.0,588.5,143.0,598.5,153.0,1.0
7,960,593.5,148.0,588.5,143.0,598.5,153.0,1.0
7,961,593.5,148.0,588.5,143.0,598.5,153.0,1.0
7,962,593.5,148.0,588.5,143.0,598.5,153.0,1.0
7,963,593.5,148.0,588.5,143.0,598.5,153.0,1.0
7,964,593.5,148.0,588.5,143.0,598.5,153.0,1.0
7,965,593.5,148.0,588.5,143.0,598.5,153.0,1.0
7,966,593.5,148.0,588.5,143.0,598.5,153.0,1.0
7,967,593.5,148.0,588.5,143.0,598.5,153.0,1.0
7,968,593.5,148.0,588.5,143.0,598.5,153.0,1.0
7,969,593.5,148.0,588.5,143.0,598.5,153.0,1.0
7,970,593.5,148.0,588.5,143.0,598.5,153.0,1.0
7,971,593.5,148.0,588.5,143.0,598.5,153.0,1.0
7,972,593.5,148.0,588.5,143.0,598.5,153.0,1.0
7,973,593.5,148.0,588.5,143.0,598.5,153.0,1.0
7,974,593.5,148.0,588.5,143.0,598.5,153.0,1.0
7,975,593.5,148.0,588.5,143.0,598.5,153.0,1.0
7,976,593.5,148.0,588.5,143.0,598.5,153.0,1.0
7,977,593.5,148.0,588.5,143.0,598.5,153.0,1.0
7,978,593.5,148.0,588.5,143.0,598.5,153.0,1.0
7,979,593.5,148.0,588.5,143.0,598.5,153.0,1.0
7,980,593.5,148.0,588.5,143.0,598.5,153.0,1.0
7,981,593.5,148.0,588.5,143.0,598.5,153.0,1.0
7,982,593.5,148.0,588.5,143.0,598.5,153.0,1.0
7,983,593.5,148.0,588.5,143.0,598.5,153.0,1.0
7,984,593.5,148.0,588.5,143.0,598.5,153.0,1.0
7,985,593.5,148.0,588.5,143.0,598.5,153.0,1.0
7,986,593.5,148.0,588.5,143.0,598.5,153.0,1.0
7,987,593.5,148.0,588.5,143.0,598.5,153.0,1.0
7,988,593.5,148.0,588.5,143.0,598.5,153.0,1.0
7,989,593.5,148.0,588.5,143.0,598.5,153.0,1.0
7,990,593.5,148.0,588.5,143.0,598.5,153.0,1.0
7,991,593.5,148.0,588.5,143.0,598.5,153.0,1.0
7,992,593.5,148.0,588.5,143.0,598.5,153.0,1.0
7,993,593.5,148.0,588.5,143.0,598.5,153.0,1.0
7,994,593.5,148.0,588.5,143.0,598.5,153.0,1.0
7,995,593.5,148.0,588.5,143.0,598.5,153.0,1.0
7,996,593.5,148.0,588.5,143.0,598.5,153.0,1.0
7,997,593.5,148.0,588.5,143.0,598.5,153.0,1.0
7,998,593.5,148.0,588.5,143.0,598.5,153.0,1.0
7,999,593.5,148.0,588.5,143.0,598.5,153.0,1.0
7,1000,593.5,148.0,588.5,143.0,598.5,153.0,1.0
7,1001,593.5,148.0,588.5,143.0,598.5,153.0,1.0
7,1002,593.5,148.0,588.5,143.0,598.5,153.0,1.0
7,1003,593.5,148.0,588.5,143.0,598.5,153.0,1.0
7,1004,593.5,148.0,588.5,143.0,598.5,153.0,1.0
7,1005,593.5,148.0,588.5,143.0,598.5,153.0,1.0
7,1006,593.5,148.0,588.5,143.0,598.5,153.0,1.0
7,1007,593.5,148.0,588.5,143.0,598.5,153.0,1.0
7,1008,593.5,148.0,588.5,143.0,598.5,153.0,1.0
7,1009,593.5,148.0,588.5,143.0,598.5,153.0,1.0
7,1010,593.5,148.0,588.5,143.0,598.5,153.0,1.0
7,1011,593.5,148.0,588.5,143.0,598.5,153.0,1.0
7,1012,593.5,148.0,588.5,143.0,598.5,153.0,1.0
7,1013,593.5,148.0,588.5,143.0,598.5,153.0,1.0
7,1014,593.5,148.0,588.5,143.0,598.5,153.0,1.0
7,1015,593.5,148.0,588.5,143.0,598.5,153.0,1.0
7,1016,593.5,148.0,588.5,143.0,598.5,153.0,1.0
7,1017,593.5,148.0,588.5,143.0,598.5,153.0,1.0
7,1018,593.5,148.0,588.5,143.0,598.5,153.0,1.0
7,1019,593.5,148.0,588.5,143.0,598.5,153.0,1.0
7,1020,593.5,148.0,588.5,143.0,598.5,153.0,1.0
7,1021,593.5,148.0,588.5,143.0,598.5,153.0,1.0
7,1022,593.5,148.0,588.5,143.0,598.5,153.0,1.0
7,1023,593.5,148.0,588.5,143.0,598.5,153.0,1.0
7,1024,593.5,148.0,588.5,143.0,598.5,153.0,1.0
7,1025,593.5,148.0,588.5,143.0,598.5,153.0,1.0
7,1026,593.5,148.0,588.5,143.0,598.5,153.0,1.0
7,1027,593.5,148.0,588.5,143.0,598.5,153.0,1.0
7,1028,593.5,148.0,588.5,143.0,598.5,153.0,1.0
7,1029,593.5,148.0,588.5,143.0,598.5,153.0,1.0
7,1030,593.5,148.0,588.5,143.0,598.5,153.0,1.0
7,1031,593.5,148.0,588.5,143.0,598.5,153.0,1.0
7,1032,593.5,148.0,588.5,143.0,598.5,153.0,1.0
7,1033,593.5,148.0,588.5,143.0,598.5,153.0,1.0
7,1034,593.5,148.0,588.5,143.0,598.5,153.0,1.0
7,1035,593.5,148.0,588.5,143.0,598.5,153.0,1.0
7,1036,593.5,148.0,588.5,143.0,598.5,153.0,1.0
7,1037,593.5,148.0,588.5,143.0,598.5,153.0,1.0
7,1038,593.5,148.0,588.5,143.0,598.5,153.0,1.0
7,1039,593.5,148.0,588.5,143.0,598.5,153.0,1.0
7,1040,593.5,148.0,588.5,143.0,598.5,153.0,1.0
7,1041,593.5,148.0,588.5,143.0,598.5,153.0,1.0
7,1042,593.5,148.0,588.5,143.0,598.5,153.0,1.0
7,1043,593.5,148.0,588.5,143.0,598.5,153.0,1.0
7,1044,593.5,148.0,588.5,143.0,598.5,153.0,1.0
7,1045,593.5,148.0,588.5,143.0,598.5,153.0,1.0
7,1046,593.5,148.0,588.5,143.0,598.5,153.0,1.0
7,1047,593.5,148.0,588.5,143.0,598.5,153.0,1.0
7,1048,593.5,148.0,588.5,143.0,598.5,153.0,1.0
7,1049,593.5,148.0,588.5,143.0,598.5,153.0,1.0
7,1050,593.5,148.0,588.5,143.0,598.5,153.0,1.0
7,1051,593.5,148.0,588.5,143.0,598.5,153.0,1.0
7,1052,593.5,148.0,588.5,143.0,598.5,153.0,1.0
7,1053,593.5,148.0,588.5,143.0,598.5,153.0,1.0
7,1054,593.5,148.0,588.5,143.0,598.5,153.0,1.0
7,1055,593.5,148.0,588.5,143.0,598.5,153.0,1.0
7,1056,593.5,148.0,588.5,143.0,598.5,153.0,1.0
7,1057,593.5,148.0,588.5,143.0,598.5,153.0,1.0
7,1058,593.5,148.0,588.5,143.0,598.5,153.0,1.0
7,1059,593.5,148.0,588.5,143.0,598.5,153.0,1.0
7,1060,593.5,148.0,588.5,143.0,598.5,153.0,1.0
7,1061,593.5,148.0,588.5,143.0,598.5,153.0,1.0
7,1062,593.5,148.0,588.5,143.0,598.5,153.0,1.0
7,1063,593.5,148.0,588.5,143.0,598.5,153.0,1.0
7,1064,593.5,148.0,588.5,143.0,598.5,153.0,1.0
7,1065,593.5,148.0,588.5,143.0,598.5,153.0,1.0
7,1066,593.5,148.0,588.5,143.0,598.5,153.0,1.0
7,1067,593.5,148.0,588.5,143.0,598.5,153.0,1.0
7,1068,593.5,148.0,588.5,143.0,598.5,153.0,1.0
7,1069,593.5,148.0,588.5,143.0,598.5,153.0,1.0
7,1070,593.5,148.0,588.5,143.0,598.5,153.0,1.0
7,1071,593.5,148.0,588.5,143.0,598.5,153.0,1.0
7,1072,593.5,148.0,588.5,143.0,598.5,153.0,1.0
7,1073,593.5,148.0,588.5,143.0,598.5,153.0,1.0
7,1074,593.5,148.0,588.5,143.0,598.5,153.0,1.0
7,1075,593.5,148.0,588.5,143.0,598.5,153.0,1.0
7,1076,593.5,148.0,588.5,143.0,598.5,153.0,1.0
7,1077,593.5,148.0,588.5,143.0,598.5,153.0,1.0
7,1078,593.5,148.0,588.5,143.0,598.5,153.0,1.0
7,1079,593.5,148.0,588.5,143.0,598.5,153.0,1.0
7,1080,593.5,148.0,588.5,143.0,598.5,153.0,1.0
7,1081,593.5,148.0,588.5,143.0,598.5,153.0,1.0
7,1082,593.5,148.0,588.5,143.0,598.5,153.0,1.0
7,1083,593.5,148.0,588.5,143.0,598.5,153.0,1.0
7,1084,593.5,148.0,588.5,143.0,598.5,153.0,1.0
7,1085,593.5,148.0,588.5,143.0,598.5,153.0,1.0
7,1086,593.5,148.0,588.5,143.0,598.5,153.0,1.0
7,1087,593.5,148.0,588.5,143.0,598.5,153.0,1.0
7,1088,593.5,148.0,588.5,143.0,598.5,153.0,1.0
7,1089,593.5,148.0,588.5,143.0,598.5,153.0,1.0
7,1090,593.5,148.0,588.5,143.0,598.5,153.0,1.0
7,1091,593.5,148.0,588.5,143.0,598.5,153.0,1.0
7,1092,593.5,148.0,588.5,143.0,598.5,153.0,1.0
7,1093,593.5,148.0,588.5,143.0,598.5,153.0,1.0
7,1094,593.5,148.0,588.5,143.0,598.5,153.0,1.0
7,1095,593.5,148.0,588.5,143.0,598.5,153.0,1.0
7,1096,593.5,148.0,588.5,143.0,598.5,153.0,1.0
7,1097,593.5,148.0,588.5,143.0,598.5,153.0,1.0
7,1098,593.5,148.0,588.5,143.0,598.5,153.0,1.0
7,1099,593.5,148.0,588.5,143.0,598.5,153.0,1.0
7,1100,593.5,148.0,588.5,143.0,598.5,153.0,1.0
7,1101,593.5,148.0,588.5,143.0,598.5,153.0,1.0
7,1102,593.5,148.0,588.5,143.0,598.5,153.0,1.0
7,1103,593.5,148.0,588.5,143.0,598.5,153.0,1.0
7,1104,593.5,148.0,588.5,143.0,598.5,153.0,1.0
7,1105,593.5,148.0,588.5,143.0,598.5,153.0,1.0
7,1106,593.5,148.0,588.5,143.0,598.5,153.0,1.0
7,1107,593.5,148.0,588.5,143.0,598.5,153.0,1.0
7,1108,593.5,148.0,588.5,143.0,598.5,153.0,1.0
7,1109,593.5,148.0,588.5,143.0,598.5,153.0,1.0
7,1110,593.5,148.0,588.5,143.0,598.5,153.0,1.0
7,1111,593.5,148.0,588.5,143.0,598.5,153.0,1.0
7,1112,593.5,148.0,588.5,143.0,598.5,153.0,1.0
7,1113,593.5,148.0,588.5,143.0,598.5,153.0,1.0
7,1114,593.5,148.0,588.5,143.0,598.5,153.0,1.0
7,1115,593.5,148.0,588.5,143.0,598.5,153.0,1.0
7,1116,593.5,148.0,588.5,143.0,598.5,153.0,1.0
7,1117,593.5,148.0,588.5,143.0,598.5,153.0,1.0
7,1118,593.5,148.0,588.5,143.0,598.5,153.0,1.0
7,1119,593.5,148.0,588.5,143.0,598.5,153.0,1.0
7,1120,593.5,148.0,588.5,143.0,598.5,153.0,1.0
7,1121,593.5,148.0,588.5,143.0,598.5,153.0,1.0
7,1122,593.5,148.0,588.5,143.0,598.5,153.0,1.0
7,1123,593.5,148.0,588.5,143.0,598.5,153.0,1.0
7,1124,593.5,148.0,588.5,143.0,598.5,153.0,1.0
7,1125,593.5,148.0,588.5,143.0,598.5,153.0,1.0
7,1126,593.5,148.0,588.5,143.0,598.5,153.0,1.0
7,1127,593.5,148.0,588.5,143.0,598.5,153.0,1.0
7,1128,593.5,148.0,588.5,143.0,598.5,153.0,1.0
7,1129,593.5,148.0,588.5,143.0,598.5,153.0,1.0
7,1130,593.5,148.0,588.5,143.0,598.5,153.0,1.0
7,1131,593.5,148.0,588.5,143.0,598.5,153.0,1.0
7,1132,593.5,148.0,588.5,143.0,598.5,153.0,1.0
7,1133,593.5,148.0,588.5,143.0,598.5,153.0,1.0
7,1134,593.5,148.0,588.5,143.0,598.5,153.0,1.0
7,1135,593.5,148.0,588.5,143.0,598.5,153.0,1.0
7,1136,593.5,148.0,588.5,143.0,598.5,153.0,1.0
7,1137,593.5,148.0,588.5,143.0,598.5,153.0,1.0
7,1138,593.5,148.0,588.5,143.0,598.5,153.0,1.0
7,1139,593.5,148.0,588.5,143.0,598.5,153.0,1.0
7,1140,593.5,148.0,588.5,143.0,598.5,153.0,1.0
7,1141,593.5,148.0,588.5,143.0,598.5,153.0,1.0
7,1142,593.5,148.0,588.5,143.0,598.5,153.0,1.0
7,1143,593.5,148.0,588.5,143.0,598.5,153.0,1.0
7,1144,593.5,148.0,588.5,143.0,598.5,153.0,1.0
7,1145,593.5,148.0,588.5,143.0,598.5,153.0,1.0
7,1146,593.5,148.0,588.5,143.0,598.5,153.0,1.0
7,1147,593.5,148.0,588.5,143.0,598.5,153.0,1.0
7,1148,593.5,148.0,588.5,143.0,598.5,153.0,1.0
7,1149,593.5,148.0,588.5,143.0,598.5,153.0,1.0
7,1150,593.5,148.0,588.5,143.0,598.5,153.0,1.0
7,1151,593.5,148.0,588.5,143.0,598.5,153.0,1.0
7,1152,593.5,148.0,588.5,143.0,598.5,153.0,1.0
7,1153,593.5,148.0,588.5,143.0,598.5,153.0,1.0
7,1154,593.5,148.0,588.5,143.0,598.5,153.0,1.0
7,1155,593.5,148.0,588.5,143.0,598.5,153.0,1.0
7,1156,593.5,148.0,588.5,143.0,598.5,153.0,1.0
7,1157,593.5,148.0,588.5,143.0,598.5,153.0,1.0
7,1158,593.5,148.0,588.5,143.0,598.5,153.0,1.0
7,1159,593.5,148.0,588.5,143.0,598.5,153.0,1.0
7,1160,593.5,148.0,588.5,143.0,598.5,153.0,1.0
7,1161,593.5,148.0,588.5,143.0,598.5,153.0,1.0
7,1162,593.5,148.0,588.5,143.0,598.5,153.0,1.0
7,1163,593.5,148.0,588.5,143.0,598.5,153.0,1.0
7,1164,593.5,148.0,588.5,143.0,598.5,153.0,1.0
7,1165,593.5,148.0,588.5,143.0,598.5,153.0,1.0
7,1166,593.5,148.0,588.5,143.0,598.5,153.0,1.0
7,1167,593.5,148.0,588.5,143.0,598.5,153.0,1.0
7,1168,593.5,148.0,588.5,143.0,598.5,153.0,1.0
7,1169,593.5,148.0,588.5,143.0,598.5,153.0,1.0
7,1170,593.5,148.0,588.5,143.0,598.5,153.0,1.0
7,1171,593.5,148.0,588.5,143.0,598.5,153.0,1.0
7,1172,593.5,148.0,588.5,143.0,598.5,153.0,1.0
7,1173,593.5,148.0,588.5,143.0,598.5,153.0,1.0
7,1174,593.5,148.0,588.5,143.0,598.5,153.0,1.0
7,1175,593.5,148.0,588.5,143.0,598.5,153.0,1.0
7,1176,593.5,148.0,588.5,143.0,598.5,153.0,1.0
7,1177,593.5,148.0,588.5,143.0,598.5,153.0,1.0
7,1178,593.5,148.0,588.5,143.0,598.5,153.0,1.0
7,1179,593.5,148.0,588.5,143.0,598.5,153.0,1.0
7,1180,593.5,148.0,588.5,143.0,598.5,153.0,1.0
7,1181,593.5,148.0,588.5,143.0,598.5,153.0,1.0
7,1182,593.5,148.0,588.5,143.0,598.5,153.0,1.0
7,1183,593.5,148.0,588.5,143.0,598.5,153.0,1.0
7,1184,593.5,148.0,588.5,143.0,598.5,153.0,1.0
7,1185,593.5,148.0,588.5,143.0,598.5,153.0,1.0
7,1186,593.5,148.0,588.5,143.0,598.5,153.0,1.0
7,1187,593.5,148.0,588.5,143.0,598.5,153.0,1.0
7,1188,593.5,148.0,588.5,143.0,598.5,153.0,1.0
7,1189,593.5,148.0,588.5,143.0,598.5,153.0,1.0
7,1190,593.5,148.0,588.5,143.0,598.5,153.0,1.0
7,1191,593.5,148.0,588.5,143.0,598.5,153.0,1.0
7,1192,593.5,148.0,588.5,143.0,598.5,153.0,1.0
7,1193,593.5,148.0,588.5,143.0,598.5,153.0,1.0
7,1194,593.5,148.0,588.5,143.0,598.5,153.0,1.0
7,1195,593.5,148.0,588.5,143.0,598.5,153.0,1.0
7,1196,593.5,148.0,588.5,143.0,598.5,153.0,1.0
7,1197,593.5,148.0,588.5,143.0,598.5,153.0,1.0
7,1198,593.5,148.0,588.5,143.0,598.5,153.0,1.0
7,1199,593.5,148.0,588.5,143.0,598.5,153.0,1.0
7,1200,593.5,148.0,588.5,143.0,598.5,153.0,1.0
7,1201,593.5,148.0,588.5,143.0,598.5,153.0,1.0
7,1202,593.5,148.0,588.5,143.0,598.5,153.0,1.0
7,1203,593.5,148.0,588.5,143.0,598.5,153.0,1.0
7,1204,593.5,148.0,588.5,143.0,598.5,153.0,1.0
7,1205,593.5,148.0,588.5,143.0,598.5,153.0,1.0
7,1206,593.5,148.0,588.5,143.0,598.5,153.0,1.0
7,1207,593.5,148.0,588.5,143.0,598.5,153.0,1.0
7,1208,593.5,148.0,588.5,143.0,598.5,153.0,1.0
7,1209,593.5,148.0,588.5,143.0,598.5,153.0,1.0
7,1210,593.5,148.0,588.5,143.0,598.5,153.0,1.0
7,1211,593.5,148.0,588.5,143.0,598.5,153.0,1.0
7,1212,593.5,148.0,588.5,143.0,598.5,153.0,1.0
7,1213,593.5,148.0,588.5,143.0,598.5,153.0,1.0
7,1214,593.5,148.0,588.5,143.0,598.5,153.0,1.0
7,1215,593.5,148.0,588.5,143.0,598.5,153.0,1.0
7,1216,593.5,148.0,588.5,143.0,598.5,153.0,1.0
8,1217,273.5,195.0,268.5,190.0,278.5,200.0,1.0
8,1218,273.4523809523809,194.97619047619045,268.4523809523809,189.97619047619045,278.4523809523809,199.97619047619045,1.0
8,1219,273.404761904762,194.952380952381,268.404761904762,189.952380952381,278.404761904762,199.952380952381,1.0
8,1220,273.3571428571429,194.92857142857142,268.3571428571429,189.92857142857142,278.3571428571429,199.92857142857142,1.0
8,1221,273.30952380952385,194.90476190476193,268.30952380952385,189.90476190476193,278.30952380952385,199.90476190476193,1.0
8,1222,273.2619047619048,194.88095238095244,268.2619047619048,189.88095238095244,278.2619047619048,199.88095238095244,1.0
8,1223,273.2142857142858,194.85714285714297,268.2142857142858,189.85714285714297,278.2142857142858,199.85714285714297,1.0
8,1224,273.16666666666674,194.83333333333346,268.16666666666674,189.83333333333346,278.16666666666674,199.83333333333346,1.0
8,1225,273.11904761904765,194.80952380952394,268.11904761904765,189.80952380952394,278.11904761904765,199.80952380952394,1.0
8,1226,273.0714285714286,194.78571428571436,268.0714285714286,189.78571428571436,278.0714285714286,199.78571428571436,1.0
8,1227,273.0238095238096,194.76190476190484,268.0238095238096,189.76190476190484,278.0238095238096,199.76190476190484,1.0
8,1228,272.9761904761905,194.73809523809533,267.9761904761905,189.73809523809533,277.9761904761905,199.73809523809533,1.0
8,1229,272.92857142857144,194.7142857142858,267.92857142857144,189.7142857142858,277.92857142857144,199.7142857142858,1.0
8,1230,272.8809523809524,194.69047619047635,267.8809523809524,189.69047619047635,277.8809523809524,199.69047619047635,1.0
8,1231,272.83333333333337,194.66666666666677,267.83333333333337,189.66666666666677,277.83333333333337,199.66666666666677,1.0
8,1232,272.78571428571433,194.64285714285734,267.78571428571433,189.64285714285734,277.78571428571433,199.64285714285734,1.0
8,1233,272.73809523809524,194.6190476190478,267.73809523809524,189.6190476190478,277.73809523809524,199.6190476190478,1.0
8,1234,272.69047619047615,194.59523809523824,267.69047619047615,189.59523809523824,277.69047619047615,199.59523809523824,1.0
8,1235,272.64285714285717,194.57142857142873,267.64285714285717,189.57142857142873,277.64285714285717,199.57142857142873,1.0
8,1236,272.5952380952381,194.5476190476192,267.5952380952381,189.5476190476192,277.5952380952381,199.5476190476192,1.0
8,1237,272.54761904761904,194.52380952380972,267.54761904761904,189.52380952380972,277.54761904761904,199.52380952380972,1.0
8,1238,272.50000000000006,194.50000000000017,267.50000000000006,189.50000000000017,277.50000000000006,199.50000000000017,1.0
8,1239,272.4523809523809,194.47619047619062,267.4523809523809,189.47619047619062,277.4523809523809,199.47619047619062,1.0
8,1240,272.40476190476187,194.45238095238116,267.40476190476187,189.45238095238116,277.40476190476187,199.45238095238116,1.0
8,1241,272.35714285714283,194.42857142857164,267.35714285714283,189.42857142857164,277.35714285714283,199.42857142857164,1.0
8,1242,272.30952380952374,194.40476190476215,267.30952380952374,189.40476190476215,277.30952380952374,199.40476190476215,1.0
8,1243,272.26190476190465,194.38095238095258,267.26190476190465,189.38095238095258,277.26190476190465,199.38095238095258,1.0
8,1244,272.21428571428567,194.35714285714317,267.21428571428567,189.35714285714317,277.21428571428567,199.35714285714317,1.0
8,1245,272.16666666666663,194.33333333333357,267.16666666666663,189.33333333333357,277.16666666666663,199.33333333333357,1.0
8,1246,272.1190476190476,194.30952380952405,267.1190476190476,189.30952380952405,277.1190476190476,199.30952380952405,1.0
8,1247,272.07142857142856,194.2857142857145,267.07142857142856,189.2857142857145,277.07142857142856,199.2857142857145,1.0
8,1248,272.0238095238095,194.26190476190496,267.0238095238095,189.26190476190496,277.0238095238095,199.26190476190496,1.0
8,1249,271.9761904761904,194.2380952380954,266.9761904761904,189.2380952380954,276.9761904761904,199.2380952380954,1.0
8,1250,271.9285714285714,194.21428571428592,266.9285714285714,189.21428571428592,276.9285714285714,199.21428571428592,1.0
8,1251,271.88095238095235,194.19047619047635,266.88095238095235,189.19047619047635,276.88095238095235,199.19047619047635,1.0
8,1252,271.8333333333333,194.16666666666683,266.8333333333333,189.16666666666683,276.8333333333333,199.16666666666683,1.0
8,1253,271.7857142857143,194.1428571428573,266.7857142857143,189.1428571428573,276.7857142857143,199.1428571428573,1.0
8,1254,271.73809523809524,194.1190476190478,266.73809523809524,189.1190476190478,276.73809523809524,199.1190476190478,1.0
8,1255,271.6904761904762,194.09523809523833,266.6904761904762,189.09523809523833,276.6904761904762,199.09523809523833,1.0
8,1256,271.6428571428571,194.07142857142878,266.6428571428571,189.07142857142878,276.6428571428571,199.07142857142878,1.0
8,1257,271.5952380952381,194.04761904761926,266.5952380952381,189.04761904761926,276.5952380952381,199.04761904761926,1.0
8,1258,271.54761904761904,194.02380952380972,266.54761904761904,189.02380952380972,276.54761904761904,199.02380952380972,1.0
8,1259,271.49999999999994,194.0000000000002,266.49999999999994,189.0000000000002,276.49999999999994,199.0000000000002,1.0
8,1260,271.4523809523809,193.97619047619068,266.4523809523809,188.97619047619068,276.4523809523809,198.97619047619068,1.0
8,1261,271.40476190476187,193.95238095238113,266.40476190476187,188.95238095238113,276.40476190476187,198.95238095238113,1.0
8,1262,271.35714285714283,193.92857142857162,266.35714285714283,188.92857142857162,276.35714285714283,198.92857142857162,1.0
8,1263,271.30952380952374,193.9047619047621,266.30952380952374,188.9047619047621,276.30952380952374,198.9047619047621,1.0
8,1264,271.2619047619047,193.88095238095255,266.2619047619047,188.88095238095255,276.2619047619047,198.88095238095255,1.0
8,1265,271.2142857142857,193.85714285714303,266.2142857142857,188.85714285714303,276.2142857142857,198.85714285714303,1.0
8,1266,271.1666666666666,193.83333333333348,266.1666666666666,188.83333333333348,276.1666666666666,198.83333333333348,1.0
8,1267,271.1190476190476,193.809523809524,266.1190476190476,188.809523809524,276.1190476190476,198.809523809524,1.0
8,1268,271.07142857142844,193.78571428571448,266.07142857142844,188.78571428571448,276.07142857142844,198.78571428571448,1.0
8,1269,271.02380952380946,193.76190476190496,266.02380952380946,188.76190476190496,276.02380952380946,198.76190476190496,1.0
8,1270,270.97619047619037,193.73809523809544,265.97619047619037,188.73809523809544,275.97619047619037,198.73809523809544,1.0
8,1271,270.92857142857133,193.71428571428592,265.92857142857133,188.71428571428592,275.92857142857133,198.71428571428592,1.0
8,1272,270.8809523809523,193.69047619047637,265.8809523809523,188.69047619047637,275.8809523809523,198.69047619047637,1.0
8,1273,270.8333333333332,193.66666666666686,265.8333333333332,188.66666666666686,275.8333333333332,198.66666666666686,1.0
8,1274,270.7857142857141,193.64285714285737,265.7857142857141,188.64285714285737,275.7857142857141,198.64285714285737,1.0
8,1275,270.7380952380951,193.61904761904785,265.7380952380951,188.61904761904785,275.7380952380951,198.61904761904785,1.0
8,1276,270.69047619047603,193.5952380952383,265.69047619047603,188.5952380952383,275.69047619047603,198.5952380952383,1.0
8,1277,270.642857142857,193.57142857142875,265.642857142857,188.57142857142875,275.642857142857,198.57142857142875,1.0
8,1278,270.5952380952379,193.54761904761924,265.5952380952379,188.54761904761924,275.5952380952379,198.54761904761924,1.0
8,1279,270.54761904761887,193.52380952380972,265.54761904761887,188.52380952380972,275.54761904761887,198.52380952380972,1.0
8,1280,270.49999999999983,193.5000000000002,265.49999999999983,188.5000000000002,275.49999999999983,198.5000000000002,1.0
8,1281,270.4523809523808,193.47619047619068,265.4523809523808,188.47619047619068,275.4523809523808,198.47619047619068,1.0
8,1282,270.4047619047617,193.45238095238113,265.4047619047617,188.45238095238113,275.4047619047617,198.45238095238113,1.0
8,1283,270.35714285714266,193.42857142857164,265.35714285714266,188.42857142857164,275.35714285714266,198.42857142857164,1.0
8,1284,270.30952380952357,193.40476190476213,265.30952380952357,188.40476190476213,275.30952380952357,198.40476190476213,1.0
8,1285,270.26190476190453,193.38095238095258,265.26190476190453,188.38095238095258,275.26190476190453,198.38095238095258,1.0
8,1286,270.2142857142855,193.35714285714306,265.2142857142855,188.35714285714306,275.2142857142855,198.35714285714306,1.0
8,1287,270.16666666666646,193.3333333333335,265.16666666666646,188.3333333333335,275.16666666666646,198.3333333333335,1.0
8,1288,270.1190476190474,193.30952380952408,265.1190476190474,188.30952380952408,275.1190476190474,198.30952380952408,1.0
8,1289,270.0714285714283,193.28571428571453,265.0714285714283,188.28571428571453,275.0714285714283,198.28571428571453,1.0
8,1290,270.0238095238093,193.26190476190504,265.0238095238093,188.26190476190504,275.0238095238093,198.26190476190504,1.0
8,1291,269.9761904761902,193.2380952380955,264.9761904761902,188.2380952380955,274.9761904761902,198.2380952380955,1.0
8,1292,269.9285714285712,193.21428571428595,264.9285714285712,188.21428571428595,274.9285714285712,198.21428571428595,1.0
8,1293,269.8809523809521,193.19047619047643,264.8809523809521,188.19047619047643,274.8809523809521,198.19047619047643,1.0
8,1294,269.8333333333331,193.16666666666686,264.8333333333331,188.16666666666686,274.8333333333331,198.16666666666686,1.0
8,1295,269.78571428571405,193.14285714285734,264.78571428571405,188.14285714285734,274.78571428571405,198.14285714285734,1.0
8,1296,269.738095238095,193.1190476190478,264.738095238095,188.1190476190478,274.738095238095,198.1190476190478,1.0
8,1297,269.6904761904759,193.0952380952383,264.6904761904759,188.0952380952383,274.6904761904759,198.0952380952383,1.0
8,1298,269.6428571428569,193.07142857142873,264.6428571428569,188.07142857142873,274.6428571428569,198.07142857142873,1.0
8,1299,269.59523809523785,193.04761904761924,264.59523809523785,188.04761904761924,274.59523809523785,198.04761904761924,1.0
8,1300,269.5476190476188,193.02380952380963,264.5476190476188,188.02380952380963,274.5476190476188,198.02380952380963,1.0
8,1301,269.4999999999998,193.00000000000014,264.4999999999998,188.00000000000014,274.4999999999998,198.00000000000014,1.0
8,1302,269.4523809523808,192.97619047619057,264.4523809523808,187.97619047619057,274.4523809523808,197.97619047619057,1.0
8,1303,269.40476190476164,192.95238095238102,264.40476190476164,187.95238095238102,274.40476190476164,197.95238095238102,1.0
8,1304,269.35714285714266,192.92857142857153,264.35714285714266,187.92857142857153,274.35714285714266,197.92857142857153,1.0
8,1305,269.30952380952357,192.90476190476204,264.30952380952357,187.90476190476204,274.30952380952357,197.90476190476204,1.0
8,1306,269.26190476190453,192.8809523809525,264.26190476190453,187.8809523809525,274.26190476190453,197.8809523809525,1.0
8,1307,269.21428571428544,192.85714285714297,264.21428571428544,187.85714285714297,274.21428571428544,197.85714285714297,1.0
8,1308,269.16666666666646,192.83333333333343,264.16666666666646,187.83333333333343,274.16666666666646,197.83333333333343,1.0
8,1309,269.1190476190474,192.80952380952388,264.1190476190474,187.80952380952388,274.1190476190474,197.80952380952388,1.0
8,1310,269.0714285714283,192.78571428571436,264.0714285714283,187.78571428571436,274.0714285714283,197.78571428571436,1.0
8,1311,269.0238095238093,192.76190476190484,264.0238095238093,187.76190476190484,274.0238095238093,197.76190476190484,1.0
8,1312,268.97619047619025,192.73809523809533,263.97619047619025,187.73809523809533,273.97619047619025,197.73809523809533,1.0
8,1313,268.9285714285712,192.7142857142858,263.9285714285712,187.7142857142858,273.9285714285712,197.7142857142858,1.0
8,1314,268.8809523809522,192.69047619047626,263.8809523809522,187.69047619047626,273.8809523809522,197.69047619047626,1.0
8,1315,268.8333333333331,192.66666666666674,263.8333333333331,187.66666666666674,273.8333333333331,197.66666666666674,1.0
8,1316,268.78571428571405,192.6428571428572,263.78571428571405,187.6428571428572,273.78571428571405,197.6428571428572,1.0
8,1317,268.738095238095,192.61904761904768,263.738095238095,187.61904761904768,273.738095238095,197.61904761904768,1.0
8,1318,268.690476190476,192.59523809523813,263.690476190476,187.59523809523813,273.690476190476,197.59523809523813,1.0
8,1319,268.6428571428569,192.5714285714286,263.6428571428569,187.5714285714286,273.6428571428569,197.5714285714286,1.0
8,1320,268.59523809523785,192.54761904761907,263.59523809523785,187.54761904761907,273.59523809523785,197.54761904761907,1.0
8,1321,268.54761904761875,192.52380952380958,263.54761904761875,187.52380952380958,273.54761904761875,197.52380952380958,1.0
8,1322,268.49999999999966,192.5,263.49999999999966,187.5,273.49999999999966,197.5,1.0
8,1323,268.4523809523806,192.4761904761905,263.4523809523806,187.4761904761905,273.4523809523806,197.4761904761905,1.0
8,1324,268.40476190476153,192.45238095238096,263.40476190476153,187.45238095238096,273.40476190476153,197.45238095238096,1.0
8,1325,268.3571428571425,192.42857142857142,263.3571428571425,187.42857142857142,273.3571428571425,197.42857142857142,1.0
8,1326,268.30952380952345,192.4047619047619,263.30952380952345,187.4047619047619,273.30952380952345,197.4047619047619,1.0
8,1327,268.2619047619044,192.38095238095235,263.2619047619044,187.38095238095235,273.2619047619044,197.38095238095235,1.0
8,1328,268.21428571428544,192.35714285714283,263.21428571428544,187.35714285714283,273.21428571428544,197.35714285714283,1.0
8,1329,268.1666666666664,192.33333333333331,263.1666666666664,187.33333333333331,273.1666666666664,197.33333333333331,1.0
8,1330,268.11904761904736,192.30952380952382,263.11904761904736,187.30952380952382,273.11904761904736,197.30952380952382,1.0
8,1331,268.0714285714283,192.28571428571428,263.0714285714283,187.28571428571428,273.0714285714283,197.28571428571428,1.0
8,1332,268.02380952380923,192.26190476190476,263.02380952380923,187.26190476190476,273.02380952380923,197.26190476190476,1.0
8,1333,267.9761904761902,192.2380952380952,262.9761904761902,187.2380952380952,272.9761904761902,197.2380952380952,1.0
8,1334,267.9285714285711,192.21428571428564,262.9285714285711,187.21428571428564,272.9285714285711,197.21428571428564,1.0
8,1335,267.88095238095207,192.19047619047618,262.88095238095207,187.19047619047618,272.88095238095207,197.19047619047618,1.0
8,1336,267.833333333333,192.16666666666657,262.833333333333,187.16666666666657,272.833333333333,197.16666666666657,1.0
8,1337,267.78571428571394,192.14285714285705,262.78571428571394,187.14285714285705,272.78571428571394,197.14285714285705,1.0
8,1338,267.73809523809484,192.11904761904756,262.73809523809484,187.11904761904756,272.73809523809484,197.11904761904756,1.0
8,1339,267.69047619047586,192.09523809523807,262.69047619047586,187.09523809523807,272.69047619047586,197.09523809523807,1.0
8,1340,267.64285714285677,192.07142857142856,262.64285714285677,187.07142857142856,272.64285714285677,197.07142857142856,1.0
8,1341,267.59523809523773,192.04761904761898,262.59523809523773,187.04761904761898,272.59523809523773,197.04761904761898,1.0
8,1342,267.54761904761875,192.0238095238095,262.54761904761875,187.0238095238095,272.54761904761875,197.0238095238095,1.0
8,1343,267.4999999999997,191.99999999999994,262.4999999999997,186.99999999999994,272.4999999999997,196.99999999999994,1.0
8,1344,267.4523809523806,191.9761904761904,262.4523809523806,186.9761904761904,272.4523809523806,196.9761904761904,1.0
8,1345,267.4047619047616,191.95238095238088,262.4047619047616,186.95238095238088,272.4047619047616,196.95238095238088,1.0
8,1346,267.3571428571425,191.92857142857136,262.3571428571425,186.92857142857136,272.3571428571425,196.92857142857136,1.0
8,1347,267.3095238095235,191.90476190476187,262.3095238095235,186.90476190476187,272.3095238095235,196.90476190476187,1.0
8,1348,267.2619047619045,191.88095238095238,262.2619047619045,186.88095238095238,272.2619047619045,196.88095238095238,1.0
8,1349,267.21428571428544,191.85714285714286,262.21428571428544,186.85714285714286,272.21428571428544,196.85714285714286,1.0
8,1350,267.16666666666634,191.83333333333334,262.16666666666634,186.83333333333334,272.16666666666634,196.83333333333334,1.0
8,1351,267.1190476190473,191.8095238095238,262.1190476190473,186.8095238095238,272.1190476190473,196.8095238095238,1.0
8,1352,267.07142857142827,191.78571428571428,262.07142857142827,186.78571428571428,272.07142857142827,196.78571428571428,1.0
8,1353,267.0238095238092,191.76190476190473,262.0238095238092,186.76190476190473,272.0238095238092,196.76190476190473,1.0
8,1354,266.97619047619014,191.73809523809524,261.97619047619014,186.73809523809524,271.97619047619014,196.73809523809524,1.0
8,1355,266.9285714285711,191.7142857142857,261.9285714285711,186.7142857142857,271.9285714285711,196.7142857142857,1.0
8,1356,266.88095238095207,191.69047619047615,261.88095238095207,186.69047619047615,271.88095238095207,196.69047619047615,1.0
8,1357,266.833333333333,191.66666666666663,261.833333333333,186.66666666666663,271.833333333333,196.66666666666663,1.0
8,1358,266.78571428571394,191.64285714285714,261.78571428571394,186.64285714285714,271.78571428571394,196.64285714285714,1.0
8,1359,266.73809523809484,191.6190476190476,261.73809523809484,186.6190476190476,271.73809523809484,196.6190476190476,1.0
8,1360,266.6904761904758,191.59523809523805,261.6904761904758,186.59523809523805,271.6904761904758,196.59523809523805,1.0
8,1361,266.64285714285677,191.5714285714285,261.64285714285677,186.5714285714285,271.64285714285677,196.5714285714285,1.0
8,1362,266.5952380952377,191.54761904761904,261.5952380952377,186.54761904761904,271.5952380952377,196.54761904761904,1.0
8,1363,266.5476190476187,191.52380952380946,261.5476190476187,186.52380952380946,271.5476190476187,196.52380952380946,1.0
8,1364,266.49999999999966,191.5,261.49999999999966,186.5,271.49999999999966,196.5,1.0
8,1365,266.4523809523806,191.47619047619042,261.4523809523806,186.47619047619042,271.4523809523806,196.47619047619042,1.0
8,1366,266.4047619047615,191.45238095238088,261.4047619047615,186.45238095238088,271.4047619047615,196.45238095238088,1.0
8,1367,266.3571428571425,191.42857142857136,261.3571428571425,186.42857142857136,271.3571428571425,196.42857142857136,1.0
8,1368,266.30952380952345,191.40476190476184,261.30952380952345,186.40476190476184,271.30952380952345,196.40476190476184,1.0
8,1369,266.2619047619044,191.38095238095232,261.2619047619044,186.38095238095232,271.2619047619044,196.38095238095232,1.0
8,1370,266.2142857142854,191.3571428571428,261.2142857142854,186.3571428571428,271.2142857142854,196.3571428571428,1.0
8,1371,266.16666666666634,191.3333333333333,261.16666666666634,186.3333333333333,271.16666666666634,196.3333333333333,1.0
8,1372,266.1190476190473,191.30952380952374,261.1190476190473,186.30952380952374,271.1190476190473,196.30952380952374,1.0
8,1373,266.07142857142827,191.28571428571422,261.07142857142827,186.28571428571422,271.07142857142827,196.28571428571422,1.0
8,1374,266.0238095238093,191.2619047619047,261.0238095238093,186.2619047619047,271.0238095238093,196.2619047619047,1.0
8,1375,265.97619047619014,191.23809523809513,260.97619047619014,186.23809523809513,270.97619047619014,196.23809523809513,1.0
8,1376,265.92857142857116,191.21428571428567,260.92857142857116,186.21428571428567,270.92857142857116,196.21428571428567,1.0
8,1377,265.8809523809521,191.1904761904761,260.8809523809521,186.1904761904761,270.8809523809521,196.1904761904761,1.0
8,1378,265.83333333333303,191.16666666666663,260.83333333333303,186.16666666666663,270.83333333333303,196.16666666666663,1.0
8,1379,265.78571428571405,191.1428571428571,260.78571428571405,186.1428571428571,270.78571428571405,196.1428571428571,1.0
8,1380,265.738095238095,191.11904761904762,260.738095238095,186.11904761904762,270.738095238095,196.11904761904762,1.0
8,1381,265.6904761904759,191.09523809523807,260.6904761904759,186.09523809523807,270.6904761904759,196.09523809523807,1.0
8,1382,265.6428571428569,191.07142857142856,260.6428571428569,186.07142857142856,270.6428571428569,196.07142857142856,1.0
8,1383,265.5952380952378,191.04761904761904,260.5952380952378,186.04761904761904,270.5952380952378,196.04761904761904,1.0
8,1384,265.54761904761875,191.02380952380952,260.54761904761875,186.02380952380952,270.54761904761875,196.02380952380952,1.0
8,1385,265.49999999999966,191.0,260.49999999999966,186.0,270.49999999999966,196.0,1.0
8,1386,265.4523809523807,190.97619047619048,260.4523809523807,185.97619047619048,270.4523809523807,195.97619047619048,1.0
8,1387,265.4047619047616,190.95238095238096,260.4047619047616,185.95238095238096,270.4047619047616,195.95238095238096,1.0
8,1388,265.3571428571425,190.92857142857147,260.3571428571425,185.92857142857147,270.3571428571425,195.92857142857147,1.0
8,1389,265.30952380952345,190.90476190476195,260.30952380952345,185.90476190476195,270.30952380952345,195.90476190476195,1.0
8,1390,265.26190476190436,190.88095238095244,260.26190476190436,185.88095238095244,270.26190476190436,195.88095238095244,1.0
8,1391,265.2142857142854,190.8571428571429,260.2142857142854,185.8571428571429,270.2142857142854,195.8571428571429,1.0
8,1392,265.1666666666663,190.8333333333334,260.1666666666663,185.8333333333334,270.1666666666663,195.8333333333334,1.0
8,1393,265.11904761904725,190.80952380952385,260.11904761904725,185.80952380952385,270.11904761904725,195.80952380952385,1.0
8,1394,265.0714285714282,190.78571428571436,260.0714285714282,185.78571428571436,270.0714285714282,195.78571428571436,1.0
8,1395,265.0238095238091,190.76190476190482,260.0238095238091,185.76190476190482,270.0238095238091,195.76190476190482,1.0
8,1396,264.97619047619014,190.7380952380953,259.97619047619014,185.7380952380953,269.97619047619014,195.7380952380953,1.0
8,1397,264.9285714285711,190.71428571428578,259.9285714285711,185.71428571428578,269.9285714285711,195.71428571428578,1.0
8,1398,264.88095238095207,190.69047619047623,259.88095238095207,185.69047619047623,269.88095238095207,195.69047619047623,1.0
8,1399,264.83333333333303,190.66666666666674,259.83333333333303,185.66666666666674,269.83333333333303,195.66666666666674,1.0
8,1400,264.78571428571394,190.64285714285717,259.78571428571394,185.64285714285717,269.78571428571394,195.64285714285717,1.0
8,1401,264.7380952380949,190.61904761904768,259.7380952380949,185.61904761904768,269.7380952380949,195.61904761904768,1.0
8,1402,264.69047619047586,190.59523809523813,259.69047619047586,185.59523809523813,269.69047619047586,195.59523809523813,1.0
8,1403,264.6428571428568,190.57142857142864,259.6428571428568,185.57142857142864,269.6428571428568,195.57142857142864,1.0
8,1404,264.59523809523773,190.54761904761915,259.59523809523773,185.54761904761915,269.59523809523773,195.54761904761915,1.0
8,1405,264.5476190476187,190.52380952380958,259.5476190476187,185.52380952380958,269.5476190476187,195.52380952380958,1.0
8,1406,264.49999999999966,190.50000000000006,259.49999999999966,185.50000000000006,269.49999999999966,195.50000000000006,1.0
8,1407,264.4523809523806,190.47619047619054,259.4523809523806,185.47619047619054,269.4523809523806,195.47619047619054,1.0
8,1408,264.40476190476153,190.452380952381,259.40476190476153,185.452380952381,269.40476190476153,195.452380952381,1.0
8,1409,264.3571428571425,190.4285714285715,259.3571428571425,185.4285714285715,269.3571428571425,195.4285714285715,1.0
8,1410,264.30952380952345,190.40476190476198,259.30952380952345,185.40476190476198,269.30952380952345,195.40476190476198,1.0
8,1411,264.26190476190436,190.38095238095246,259.26190476190436,185.38095238095246,269.26190476190436,195.38095238095246,1.0
8,1412,264.21428571428527,190.35714285714295,259.21428571428527,185.35714285714295,269.21428571428527,195.35714285714295,1.0
8,1413,264.16666666666623,190.33333333333343,259.16666666666623,185.33333333333343,269.16666666666623,195.33333333333343,1.0
8,1414,264.11904761904714,190.30952380952388,259.11904761904714,185.30952380952388,269.11904761904714,195.30952380952388,1.0
8,1415,264.07142857142804,190.2857142857144,259.07142857142804,185.2857142857144,269.07142857142804,195.2857142857144,1.0
8,1416,264.02380952380906,190.26190476190487,259.02380952380906,185.26190476190487,269.02380952380906,195.26190476190487,1.0
8,1417,263.97619047618997,190.23809523809533,258.97619047618997,185.23809523809533,268.97619047618997,195.23809523809533,1.0
8,1418,263.92857142857093,190.21428571428578,258.92857142857093,185.21428571428578,268.92857142857093,195.21428571428578,1.0
8,1419,263.8809523809519,190.1904761904763,258.8809523809519,185.1904761904763,268.8809523809519,195.1904761904763,1.0
8,1420,263.83333333333286,190.1666666666668,258.83333333333286,185.1666666666668,268.83333333333286,195.1666666666668,1.0
8,1421,263.7857142857139,190.14285714285725,258.7857142857139,185.14285714285725,268.7857142857139,195.14285714285725,1.0
8,1422,263.73809523809484,190.1190476190478,258.73809523809484,185.1190476190478,268.73809523809484,195.1190476190478,1.0
8,1423,263.6904761904758,190.09523809523824,258.6904761904758,185.09523809523824,268.6904761904758,195.09523809523824,1.0
8,1424,263.6428571428567,190.07142857142873,258.6428571428567,185.07142857142873,268.6428571428567,195.07142857142873,1.0
8,1425,263.59523809523773,190.04761904761918,258.59523809523773,185.04761904761918,268.59523809523773,195.04761904761918,1.0
8,1426,263.54761904761864,190.02380952380966,258.54761904761864,185.02380952380966,268.54761904761864,195.02380952380966,1.0
8,1427,263.4999999999996,190.00000000000006,258.4999999999996,185.00000000000006,268.4999999999996,195.00000000000006,1.0
8,1428,263.45238095238045,189.9761904761906,258.45238095238045,184.9761904761906,268.45238095238045,194.9761904761906,1.0
8,1429,263.40476190476153,189.95238095238105,258.40476190476153,184.95238095238105,268.40476190476153,194.95238095238105,1.0
8,1430,263.3571428571424,189.92857142857153,258.3571428571424,184.92857142857153,268.3571428571424,194.92857142857153,1.0
8,1431,263.3095238095234,189.904761904762,258.3095238095234,184.904761904762,268.3095238095234,194.904761904762,1.0
8,1432,263.2619047619043,189.88095238095246,258.2619047619043,184.88095238095246,268.2619047619043,194.88095238095246,1.0
8,1433,263.2142857142853,189.85714285714297,258.2142857142853,184.85714285714297,268.2142857142853,194.85714285714297,1.0
8,1434,263.16666666666623,189.83333333333348,258.16666666666623,184.83333333333348,268.16666666666623,194.83333333333348,1.0
8,1435,263.11904761904725,189.8095238095239,258.11904761904725,184.8095238095239,268.11904761904725,194.8095238095239,1.0
8,1436,263.0714285714281,189.78571428571442,258.0714285714281,184.78571428571442,268.0714285714281,194.78571428571442,1.0
8,1437,263.02380952380906,189.76190476190487,258.02380952380906,184.76190476190487,268.02380952380906,194.76190476190487,1.0
8,1438,262.97619047619,189.73809523809535,257.97619047619,184.73809523809535,267.97619047619,194.73809523809535,1.0
8,1439,262.928571428571,189.71428571428584,257.928571428571,184.71428571428584,267.928571428571,194.71428571428584,1.0
8,1440,262.8809523809519,189.69047619047632,257.8809523809519,184.69047619047632,267.8809523809519,194.69047619047632,1.0
8,1441,262.8333333333328,189.66666666666683,257.8333333333328,184.66666666666683,267.8333333333328,194.66666666666683,1.0
8,1442,262.78571428571377,189.6428571428573,257.78571428571377,184.6428571428573,267.78571428571377,194.6428571428573,1.0
8,1443,262.73809523809473,189.61904761904776,257.73809523809473,184.61904761904776,267.73809523809473,194.61904761904776,1.0
8,1444,262.6904761904757,189.59523809523824,257.6904761904757,184.59523809523824,267.6904761904757,194.59523809523824,1.0
8,1445,262.6428571428566,189.5714285714287,257.6428571428566,184.5714285714287,267.6428571428566,194.5714285714287,1.0
8,1446,262.5952380952376,189.54761904761918,257.5952380952376,184.54761904761918,267.5952380952376,194.54761904761918,1.0
8,1447,262.5476190476186,189.5238095238097,257.5476190476186,184.5238095238097,267.5476190476186,194.5238095238097,1.0
8,1448,262.49999999999955,189.5000000000002,257.49999999999955,184.5000000000002,267.49999999999955,194.5000000000002,1.0
8,1449,262.4523809523804,189.47619047619068,257.4523809523804,184.47619047619068,267.4523809523804,194.47619047619068,1.0
8,1450,262.40476190476136,189.45238095238113,257.40476190476136,184.45238095238113,267.40476190476136,194.45238095238113,1.0
8,1451,262.3571428571424,189.4285714285716,257.3571428571424,184.4285714285716,267.3571428571424,194.4285714285716,1.0
8,1452,262.30952380952334,189.40476190476207,257.30952380952334,184.40476190476207,267.30952380952334,194.40476190476207,1.0
8,1453,262.2619047619043,189.3809523809526,257.2619047619043,184.3809523809526,267.2619047619043,194.3809523809526,1.0
8,1454,262.2142857142852,189.35714285714306,257.2142857142852,184.35714285714306,267.2142857142852,194.35714285714306,1.0
8,1455,262.1666666666662,189.33333333333354,257.1666666666662,184.33333333333354,267.1666666666662,194.33333333333354,1.0
8,1456,262.11904761904714,189.30952380952402,257.11904761904714,184.30952380952402,267.11904761904714,194.30952380952402,1.0
8,1457,262.0714285714281,189.2857142857145,257.0714285714281,184.2857142857145,267.0714285714281,194.2857142857145,1.0
8,1458,262.023809523809,189.261904761905,257.023809523809,184.261904761905,267.023809523809,194.261904761905,1.0
8,1459,261.9761904761899,189.23809523809538,256.9761904761899,184.23809523809538,266.9761904761899,194.23809523809538,1.0
8,1460,261.9285714285709,189.21428571428586,256.9285714285709,184.21428571428586,266.9285714285709,194.21428571428586,1.0
8,1461,261.88095238095184,189.19047619047635,256.88095238095184,184.19047619047635,266.88095238095184,194.19047619047635,1.0
8,1462,261.8333333333328,189.16666666666688,256.8333333333328,184.16666666666688,266.8333333333328,194.16666666666688,1.0
8,1463,261.78571428571377,189.14285714285728,256.78571428571377,184.14285714285728,266.78571428571377,194.14285714285728,1.0
8,1464,261.73809523809473,189.1190476190478,256.73809523809473,184.1190476190478,266.73809523809473,194.1190476190478,1.0
8,1465,261.6904761904757,189.09523809523824,256.6904761904757,184.09523809523824,266.6904761904757,194.09523809523824,1.0
8,1466,261.6428571428566,189.07142857142875,256.6428571428566,184.07142857142875,266.6428571428566,194.07142857142875,1.0
8,1467,261.5952380952376,189.04761904761924,256.5952380952376,184.04761904761924,266.5952380952376,194.04761904761924,1.0
8,1468,261.5476190476185,189.0238095238097,256.5476190476185,184.0238095238097,266.5476190476185,194.0238095238097,1.0
8,1469,261.4999999999995,189.0000000000001,256.4999999999995,184.0000000000001,266.4999999999995,194.0000000000001,1.0
9,1217,583.0,251.5,578.0,246.5,588.0,256.5,1.0
9,1218,583.0,251.5,578.0,246.5,588.0,256.5,1.0
9,1219,583.0,251.5,578.0,246.5,588.0,256.5,1.0
9,1220,583.0,251.5,578.0,246.5,588.0,256.5,1.0
9,1221,583.0,251.5,578.0,246.5,588.0,256.5,1.0
9,1222,583.0,251.5,578.0,246.5,588.0,256.5,1.0
9,1223,583.0,251.5,578.0,246.5,588.0,256.5,1.0
9,1224,583.0,251.5,578.0,246.5,588.0,256.5,1.0
9,1225,583.0,251.5,578.0,246.5,588.0,256.5,1.0
9,1226,583.0,251.5,578.0,246.5,588.0,256.5,1.0
9,1227,583.0,251.5,578.0,246.5,588.0,256.5,1.0
9,1228,583.0,251.5,578.0,246.5,588.0,256.5,1.0
9,1229,583.0,251.5,578.0,246.5,588.0,256.5,1.0
9,1230,583.0,251.5,578.0,246.5,588.0,256.5,1.0
9,1231,583.0,251.5,578.0,246.5,588.0,256.5,1.0
9,1232,583.0,251.5,578.0,246.5,588.0,256.5,1.0
9,1233,583.0,251.5,578.0,246.5,588.0,256.5,1.0
9,1234,583.0,251.5,578.0,246.5,588.0,256.5,1.0
9,1235,583.0,251.5,578.0,246.5,588.0,256.5,1.0
9,1236,583.0,251.5,578.0,246.5,588.0,256.5,1.0
9,1237,583.0,251.5,578.0,246.5,588.0,256.5,1.0
9,1238,583.0,251.5,578.0,246.5,588.0,256.5,1.0
9,1239,583.0,251.5,578.0,246.5,588.0,256.5,1.0
9,1240,583.0,251.5,578.0,246.5,588.0,256.5,1.0
9,1241,583.0,251.5,578.0,246.5,588.0,256.5,1.0
9,1242,583.0,251.5,578.0,246.5,588.0,256.5,1.0
9,1243,583.0,251.5,578.0,246.5,588.0,256.5,1.0
9,1244,583.0,251.5,578.0,246.5,588.0,256.5,1.0
9,1245,583.0,251.5,578.0,246.5,588.0,256.5,1.0
9,1246,583.0,251.5,578.0,246.5,588.0,256.5,1.0
9,1247,583.0,251.5,578.0,246.5,588.0,256.5,1.0
9,1248,583.0,251.5,578.0,246.5,588.0,256.5,1.0
9,1249,583.0,251.5,578.0,246.5,588.0,256.5,1.0
9,1250,583.0,251.5,578.0,246.5,588.0,256.5,1.0
9,1251,583.0,251.5,578.0,246.5,588.0,256.5,1.0
9,1252,583.0,251.5,578.0,246.5,588.0,256.5,1.0
9,1253,583.0,251.5,578.0,246.5,588.0,256.5,1.0
9,1254,583.0,251.5,578.0,246.5,588.0,256.5,1.0
9,1255,583.0,251.5,578.0,246.5,588.0,256.5,1.0
9,1256,583.0,251.5,578.0,246.5,588.0,256.5,1.0
9,1257,583.0,251.5,578.0,246.5,588.0,256.5,1.0
9,1258,583.0,251.5,578.0,246.5,588.0,256.5,1.0
9,1259,583.0,251.5,578.0,246.5,588.0,256.5,1.0
9,1260,583.0,251.5,578.0,246.5,588.0,256.5,1.0
9,1261,583.0,251.5,578.0,246.5,588.0,256.5,1.0
9,1262,583.0,251.5,578.0,246.5,588.0,256.5,1.0
9,1263,583.0,251.5,578.0,246.5,588.0,256.5,1.0
9,1264,583.0,251.5,578.0,246.5,588.0,256.5,1.0
9,1265,583.0,251.5,578.0,246.5,588.0,256.5,1.0
9,1266,583.0,251.5,578.0,246.5,588.0,256.5,1.0
9,1267,583.0,251.5,578.0,246.5,588.0,256.5,1.0
9,1268,583.0,251.5,578.0,246.5,588.0,256.5,1.0
9,1269,583.0,251.5,578.0,246.5,588.0,256.5,1.0
9,1270,583.0,251.5,578.0,246.5,588.0,256.5,1.0
9,1271,583.0,251.5,578.0,246.5,588.0,256.5,1.0
9,1272,583.0,251.5,578.0,246.5,588.0,256.5,1.0
9,1273,583.0,251.5,578.0,246.5,588.0,256.5,1.0
9,1274,583.0,251.5,578.0,246.5,588.0,256.5,1.0
9,1275,583.0,251.5,578.0,246.5,588.0,256.5,1.0
9,1276,583.0,251.5,578.0,246.5,588.0,256.5,1.0
9,1277,583.0,251.5,578.0,246.5,588.0,256.5,1.0
9,1278,583.0,251.5,578.0,246.5,588.0,256.5,1.0
9,1279,583.0,251.5,578.0,246.5,588.0,256.5,1.0
9,1280,583.0,251.5,578.0,246.5,588.0,256.5,1.0
9,1281,583.0,251.5,578.0,246.5,588.0,256.5,1.0
9,1282,583.0,251.5,578.0,246.5,588.0,256.5,1.0
9,1283,583.0,251.5,578.0,246.5,588.0,256.5,1.0
9,1284,583.0,251.5,578.0,246.5,588.0,256.5,1.0
9,1285,583.0,251.5,578.0,246.5,588.0,256.5,1.0
9,1286,583.0,251.5,578.0,246.5,588.0,256.5,1.0
9,1287,583.0,251.5,578.0,246.5,588.0,256.5,1.0
9,1288,583.0,251.5,578.0,246.5,588.0,256.5,1.0
9,1289,583.0,251.5,578.0,246.5,588.0,256.5,1.0
9,1290,583.0,251.5,578.0,246.5,588.0,256.5,1.0
9,1291,583.0,251.5,578.0,246.5,588.0,256.5,1.0
9,1292,583.0,251.5,578.0,246.5,588.0,256.5,1.0
9,1293,583.0,251.5,578.0,246.5,588.0,256.5,1.0
9,1294,583.0,251.5,578.0,246.5,588.0,256.5,1.0
9,1295,583.0,251.5,578.0,246.5,588.0,256.5,1.0
9,1296,583.0,251.5,578.0,246.5,588.0,256.5,1.0
9,1297,583.0,251.5,578.0,246.5,588.0,256.5,1.0
9,1298,583.0,251.5,578.0,246.5,588.0,256.5,1.0
9,1299,583.0,251.5,578.0,246.5,588.0,256.5,1.0
9,1300,583.0,251.5,578.0,246.5,588.0,256.5,1.0
9,1301,583.0,251.5,578.0,246.5,588.0,256.5,1.0
9,1302,583.0,251.5,578.0,246.5,588.0,256.5,1.0
9,1303,583.0,251.5,578.0,246.5,588.0,256.5,1.0
9,1304,583.0,251.5,578.0,246.5,588.0,256.5,1.0
9,1305,583.0,251.5,578.0,246.5,588.0,256.5,1.0
9,1306,583.0,251.5,578.0,246.5,588.0,256.5,1.0
9,1307,583.0,251.5,578.0,246.5,588.0,256.5,1.0
9,1308,583.0,251.5,578.0,246.5,588.0,256.5,1.0
9,1309,583.0,251.5,578.0,246.5,588.0,256.5,1.0
9,1310,583.0,251.5,578.0,246.5,588.0,256.5,1.0
9,1311,583.0,251.5,578.0,246.5,588.0,256.5,1.0
9,1312,583.0,251.5,578.0,246.5,588.0,256.5,1.0
9,1313,583.0,251.5,578.0,246.5,588.0,256.5,1.0
9,1314,583.0,251.5,578.0,246.5,588.0,256.5,1.0
9,1315,583.0,251.5,578.0,246.5,588.0,256.5,1.0
9,1316,583.0,251.5,578.0,246.5,588.0,256.5,1.0
9,1317,583.0,251.5,578.0,246.5,588.0,256.5,1.0
9,1318,583.0,251.5,578.0,246.5,588.0,256.5,1.0
9,1319,583.0,251.5,578.0,246.5,588.0,256.5,1.0
9,1320,583.0,251.5,578.0,246.5,588.0,256.5,1.0
9,1321,583.0,251.5,578.0,246.5,588.0,256.5,1.0
9,1322,583.0,251.5,578.0,246.5,588.0,256.5,1.0
9,1323,583.0,251.5,578.0,246.5,588.0,256.5,1.0
9,1324,583.0,251.5,578.0,246.5,588.0,256.5,1.0
9,1325,583.0,251.5,578.0,246.5,588.0,256.5,1.0
9,1326,583.0,251.5,578.0,246.5,588.0,256.5,1.0
9,1327,583.0,251.5,578.0,246.5,588.0,256.5,1.0
9,1328,583.0,251.5,578.0,246.5,588.0,256.5,1.0
9,1329,583.0,251.5,578.0,246.5,588.0,256.5,1.0
9,1330,583.0,251.5,578.0,246.5,588.0,256.5,1.0
9,1331,583.0,251.5,578.0,246.5,588.0,256.5,1.0
9,1332,583.0,251.5,578.0,246.5,588.0,256.5,1.0
9,1333,583.0,251.5,578.0,246.5,588.0,256.5,1.0
9,1334,583.0,251.5,578.0,246.5,588.0,256.5,1.0
9,1335,583.0,251.5,578.0,246.5,588.0,256.5,1.0
9,1336,583.0,251.5,578.0,246.5,588.0,256.5,1.0
9,1337,583.0,251.5,578.0,246.5,588.0,256.5,1.0
9,1338,583.0,251.5,578.0,246.5,588.0,256.5,1.0
9,1339,583.0,251.5,578.0,246.5,588.0,256.5,1.0
9,1340,583.0,251.5,578.0,246.5,588.0,256.5,1.0
9,1341,583.0,251.5,578.0,246.5,588.0,256.5,1.0
9,1342,583.0,251.5,578.0,246.5,588.0,256.5,1.0
9,1343,583.0,251.5,578.0,246.5,588.0,256.5,1.0
9,1344,583.0,251.5,578.0,246.5,588.0,256.5,1.0
9,1345,583.0,251.5,578.0,246.5,588.0,256.5,1.0
9,1346,583.0,251.5,578.0,246.5,588.0,256.5,1.0
9,1347,583.0,251.5,578.0,246.5,588.0,256.5,1.0
9,1348,583.0,251.5,578.0,246.5,588.0,256.5,1.0
9,1349,583.0,251.5,578.0,246.5,588.0,256.5,1.0
9,1350,583.0,251.5,578.0,246.5,588.0,256.5,1.0
9,1351,583.0,251.5,578.0,246.5,588.0,256.5,1.0
9,1352,583.0,251.5,578.0,246.5,588.0,256.5,1.0
9,1353,583.0,251.5,578.0,246.5,588.0,256.5,1.0
9,1354,583.0,251.5,578.0,246.5,588.0,256.5,1.0
9,1355,583.0,251.5,578.0,246.5,588.0,256.5,1.0
9,1356,583.0,251.5,578.0,246.5,588.0,256.5,1.0
9,1357,583.0,251.5,578.0,246.5,588.0,256.5,1.0
9,1358,583.0,251.5,578.0,246.5,588.0,256.5,1.0
9,1359,583.0,251.5,578.0,246.5,588.0,256.5,1.0
9,1360,583.0,251.5,578.0,246.5,588.0,256.5,1.0
9,1361,583.0,251.5,578.0,246.5,588.0,256.5,1.0
9,1362,583.0,251.5,578.0,246.5,588.0,256.5,1.0
9,1363,583.0,251.5,578.0,246.5,588.0,256.5,1.0
9,1364,583.0,251.5,578.0,246.5,588.0,256.5,1.0
9,1365,583.0,251.5,578.0,246.5,588.0,256.5,1.0
9,1366,583.0,251.5,578.0,246.5,588.0,256.5,1.0
9,1367,583.0,251.5,578.0,246.5,588.0,256.5,1.0
9,1368,583.0,251.5,578.0,246.5,588.0,256.5,1.0
9,1369,583.0,251.5,578.0,246.5,588.0,256.5,1.0
9,1370,583.0,251.5,578.0,246.5,588.0,256.5,1.0
9,1371,583.0,251.5,578.0,246.5,588.0,256.5,1.0
9,1372,583.0,251.5,578.0,246.5,588.0,256.5,1.0
9,1373,583.0,251.5,578.0,246.5,588.0,256.5,1.0
9,1374,583.0,251.5,578.0,246.5,588.0,256.5,1.0
9,1375,583.0,251.5,578.0,246.5,588.0,256.5,1.0
9,1376,583.0,251.5,578.0,246.5,588.0,256.5,1.0
9,1377,583.0,251.5,578.0,246.5,588.0,256.5,1.0
9,1378,583.0,251.5,578.0,246.5,588.0,256.5,1.0
9,1379,583.0,251.5,578.0,246.5,588.0,256.5,1.0
9,1380,583.0,251.5,578.0,246.5,588.0,256.5,1.0
9,1381,583.0,251.5,578.0,246.5,588.0,256.5,1.0
9,1382,583.0,251.5,578.0,246.5,588.0,256.5,1.0
9,1383,583.0,251.5,578.0,246.5,588.0,256.5,1.0
9,1384,583.0,251.5,578.0,246.5,588.0,256.5,1.0
9,1385,583.0,251.5,578.0,246.5,588.0,256.5,1.0
9,1386,583.0,251.5,578.0,246.5,588.0,256.5,1.0
9,1387,583.0,251.5,578.0,246.5,588.0,256.5,1.0
9,1388,583.0,251.5,578.0,246.5,588.0,256.5,1.0
9,1389,583.0,251.5,578.0,246.5,588.0,256.5,1.0
9,1390,583.0,251.5,578.0,246.5,588.0,256.5,1.0
9,1391,583.0,251.5,578.0,246.5,588.0,256.5,1.0
9,1392,583.0,251.5,578.0,246.5,588.0,256.5,1.0
9,1393,583.0,251.5,578.0,246.5,588.0,256.5,1.0
9,1394,583.0,251.5,578.0,246.5,588.0,256.5,1.0
9,1395,583.0,251.5,578.0,246.5,588.0,256.5,1.0
9,1396,583.0,251.5,578.0,246.5,588.0,256.5,1.0
9,1397,583.0,251.5,578.0,246.5,588.0,256.5,1.0
9,1398,583.0,251.5,578.0,246.5,588.0,256.5,1.0
9,1399,583.0,251.5,578.0,246.5,588.0,256.5,1.0
9,1400,583.0,251.5,578.0,246.5,588.0,256.5,1.0
9,1401,583.0,251.5,578.0,246.5,588.0,256.5,1.0
9,1402,583.0,251.5,578.0,246.5,588.0,256.5,1.0
9,1403,583.0,251.5,578.0,246.5,588.0,256.5,1.0
9,1404,583.0,251.5,578.0,246.5,588.0,256.5,1.0
9,1405,583.0,251.5,578.0,246.5,588.0,256.5,1.0
9,1406,583.0,251.5,578.0,246.5,588.0,256.5,1.0
9,1407,583.0,251.5,578.0,246.5,588.0,256.5,1.0
9,1408,583.0,251.5,578.0,246.5,588.0,256.5,1.0
9,1409,583.0,251.5,578.0,246.5,588.0,256.5,1.0
9,1410,583.0,251.5,578.0,246.5,588.0,256.5,1.0
9,1411,583.0,251.5,578.0,246.5,588.0,256.5,1.0
9,1412,583.0,251.5,578.0,246.5,588.0,256.5,1.0
9,1413,583.0,251.5,578.0,246.5,588.0,256.5,1.0
9,1414,583.0,251.5,578.0,246.5,588.0,256.5,1.0
9,1415,583.0,251.5,578.0,246.5,588.0,256.5,1.0
9,1416,583.0,251.5,578.0,246.5,588.0,256.5,1.0
9,1417,583.0,251.5,578.0,246.5,588.0,256.5,1.0
9,1418,583.0,251.5,578.0,246.5,588.0,256.5,1.0
9,1419,583.0,251.5,578.0,246.5,588.0,256.5,1.0
9,1420,583.0,251.5,578.0,246.5,588.0,256.5,1.0
9,1421,583.0,251.5,578.0,246.5,588.0,256.5,1.0
9,1422,583.0,251.5,578.0,246.5,588.0,256.5,1.0
9,1423,583.0,251.5,578.0,246.5,588.0,256.5,1.0
9,1424,583.0,251.5,578.0,246.5,588.0,256.5,1.0
9,1425,583.0,251.5,578.0,246.5,588.0,256.5,1.0
9,1426,583.0,251.5,578.0,246.5,588.0,256.5,1.0
9,1427,583.0,251.5,578.0,246.5,588.0,256.5,1.0
9,1428,583.0,251.5,578.0,246.5,588.0,256.5,1.0
9,1429,583.0,251.5,578.0,246.5,588.0,256.5,1.0
9,1430,583.0,251.5,578.0,246.5,588.0,256.5,1.0
9,1431,583.0,251.5,578.0,246.5,588.0,256.5,1.0
9,1432,583.0,251.5,578.0,246.5,588.0,256.5,1.0
9,1433,583.0,251.5,578.0,246.5,588.0,256.5,1.0
9,1434,583.0,251.5,578.0,246.5,588.0,256.5,1.0
9,1435,583.0,251.5,578.0,246.5,588.0,256.5,1.0
9,1436,583.0,251.5,578.0,246.5,588.0,256.5,1.0
9,1437,583.0,251.5,578.0,246.5,588.0,256.5,1.0
9,1438,583.0,251.5,578.0,246.5,588.0,256.5,1.0
9,1439,583.0,251.5,578.0,246.5,588.0,256.5,1.0
9,1440,583.0,251.5,578.0,246.5,588.0,256.5,1.0
9,1441,583.0,251.5,578.0,246.5,588.0,256.5,1.0
9,1442,583.0,251.5,578.0,246.5,588.0,256.5,1.0
9,1443,583.0,251.5,578.0,246.5,588.0,256.5,1.0
9,1444,583.0,251.5,578.0,246.5,588.0,256.5,1.0
9,1445,583.0,251.5,578.0,246.5,588.0,256.5,1.0
9,1446,583.0,251.5,578.0,246.5,588.0,256.5,1.0
9,1447,583.0,251.5,578.0,246.5,588.0,256.5,1.0
9,1448,583.0,251.5,578.0,246.5,588.0,256.5,1.0
9,1449,583.0,251.5,578.0,246.5,588.0,256.5,1.0
9,1450,583.0,251.5,578.0,246.5,588.0,256.5,1.0
9,1451,583.0,251.5,578.0,246.5,588.0,256.5,1.0
9,1452,583.0,251.5,578.0,246.5,588.0,256.5,1.0
9,1453,583.0,251.5,578.0,246.5,588.0,256.5,1.0
9,1454,583.0,251.5,578.0,246.5,588.0,256.5,1.0
9,1455,583.0,251.5,578.0,246.5,588.0,256.5,1.0
9,1456,583.0,251.5,578.0,246.5,588.0,256.5,1.0
9,1457,583.0,251.5,578.0,246.5,588.0,256.5,1.0
9,1458,583.0,251.5,578.0,246.5,588.0,256.5,1.0
9,1459,583.0,251.5,578.0,246.5,588.0,256.5,1.0
9,1460,583.0,251.5,578.0,246.5,588.0,256.5,1.0
9,1461,583.0,251.5,578.0,246.5,588.0,256.5,1.0
9,1462,583.0,251.5,578.0,246.5,588.0,256.5,1.0
9,1463,583.0,251.5,578.0,246.5,588.0,256.5,1.0
9,1464,583.0,251.5,578.0,246.5,588.0,256.5,1.0
9,1465,583.0,251.5,578.0,246.5,588.0,256.5,1.0
9,1466,583.0,251.5,578.0,246.5,588.0,256.5,1.0
9,1467,583.0,251.5,578.0,246.5,588.0,256.5,1.0
9,1468,583.0,251.5,578.0,246.5,588.0,256.5,1.0
9,1469,583.0,251.5,578.0,246.5,588.0,256.5,1.0
10,1217,151.5,334.0,146.5,329.0,156.5,339.0,1.0
10,1218,150.20443864773998,333.00813336947925,145.20443864773998,328.00813336947925,155.20443864773998,338.00813336947925,1.0
10,1219,148.94373892724641,331.85474855965197,143.94373892724641,326.85474855965197,153.94373892724641,336.85474855965197,1.0
10,1220,148.1016145942628,330.7398701296035,143.1016145942628,325.7398701296035,153.1016145942628,335.7398701296035,1.0
10,1221,147.7201814382995,329.510875988849,142.7201814382995,324.510875988849,152.7201814382995,334.510875988849,1.0
10,1222,147.48006618398634,328.4016629863703,142.48006618398634,323.4016629863703,152.48006618398634,333.4016629863703,1.0
10,1223,146.58074282669605,327.3815668846127,141.58074282669605,322.3815668846127,151.58074282669605,332.3815668846127,1.0
10,1224,145.93856433581033,326.6481219904596,140.93856433581033,321.6481219904596,150.93856433581033,331.6481219904596,1.0
10,1225,145.33461856632675,325.89667760803695,140.33461856632675,320.89667760803695,150.33461856632675,330.89667760803695,1.0
10,1226,144.38607308183228,325.3025215251445,139.38607308183228,320.3025215251445,149.38607308183228,330.3025215251445,1.0
10,1227,142.89758973041373,324.756528692778,137.89758973041373,319.756528692778,147.89758973041373,329.756528692778,1.0
10,1228,141.72015206143513,324.031140080863,136.72015206143513,319.031140080863,146.72015206143513,329.031140080863,1.0
10,1229,140.04709431909174,323.1878801797257,135.04709431909174,318.1878801797257,145.04709431909174,328.1878801797257,1.0
10,1230,138.1321555717427,322.5802534718317,133.1321555717427,317.5802534718317,143.1321555717427,327.5802534718317,1.0
10,1231,135.7946422125539,321.94139752004224,130.7946422125539,316.94139752004224,140.7946422125539,326.94139752004224,1.0
10,1232,133.3327853853741,321.4685510313932,128.3327853853741,316.4685510313932,138.3327853853741,326.4685510313932,1.0
10,1233,130.76923765478946,321.5292891280304,125.76923765478946,316.5292891280304,135.76923765478946,326.5292891280304,1.0
10,1234,127.65144846156392,321.6785675518559,122.65144846156392,316.6785675518559,132.65144846156392,326.6785675518559,1.0
10,1235,124.61183212407013,322.2021225238555,119.61183212407013,317.2021225238555,129.61183212407013,327.2021225238555,1.0
10,1236,122.00362788534268,322.66693068624545,117.00362788534268,317.66693068624545,127.00362788534268,327.66693068624545,1.0
10,1237,119.78937349445366,322.9573222385961,114.78937349445366,317.9573222385961,124.78937349445366,327.9573222385961,1.0
10,1238,117.10681586752408,323.22069850853126,112.10681586752408,318.22069850853126,122.10681586752408,328.22069850853126,1.0
10,1239,114.95719017303878,323.6659212029951,109.95719017303878,318.6659212029951,119.95719017303878,328.6659212029951,1.0
10,1240,112.74269759040008,324.10733230054615,107.74269759040008,319.10733230054615,117.74269759040008,329.10733230054615,1.0
10,1241,110.78648967442449,323.73279070411917,105.78648967442449,318.73279070411917,115.78648967442449,328.73279070411917,1.0
10,1242,109.4141325880532,323.415459676415,104.4141325880532,318.415459676415,114.4141325880532,328.415459676415,1.0
10,1243,108.02625868110827,323.00345929664786,103.02625868110827,318.00345929664786,113.02625868110827,328.00345929664786,1.0
10,1244,106.47897867936408,323.0192496060827,101.47897867936408,318.0192496060827,111.47897867936408,328.0192496060827,1.0
10,1245,105.1480924037671,323.5653419858199,100.1480924037671,318.5653419858199,110.1480924037671,328.5653419858199,1.0
10,1246,103.5859734060239,324.69247399550665,98.5859734060239,319.69247399550665,108.5859734060239,329.69247399550665,1.0
10,1247,101.5042226947683,326.17836591195004,96.5042226947683,321.17836591195004,106.5042226947683,331.17836591195004,1.0
10,1248,99.69691216880466,328.0539431305744,94.69691216880466,323.0539431305744,104.69691216880466,333.0539431305744,1.0
10,1249,98.44030664665334,330.1734470612214,93.44030664665334,325.1734470612214,103.44030664665334,335.1734470612214,1.0
10,1250,96.5862235027226,331.96057560501157,91.5862235027226,326.96057560501157,101.5862235027226,336.96057560501157,1.0
10,1251,95.18879041006451,333.7343900578304,90.18879041006451,328.7343900578304,100.18879041006451,338.7343900578304,1.0
10,1252,93.97232351990507,335.4495846683719,88.97232351990507,330.4495846683719,98.97232351990507,340.4495846683719,1.0
10,1253,92.32283504200778,337.7514226775149,87.32283504200778,332.7514226775149,97.32283504200778,342.7514226775149,1.0
10,1254,90.5955317897957,340.8759389064285,85.5955317897957,335.8759389064285,95.5955317897957,345.8759389064285,1.0
10,1255,88.9145660494193,344.27740537374865,83.9145660494193,339.27740537374865,93.9145660494193,349.27740537374865,1.0
10,1256,87.21838710262384,347.7588089948558,82.21838710262384,342.7588089948558,92.21838710262384,352.7588089948558,1.0
10,1257,85.72529418493342,350.7266816738262,80.72529418493342,345.7266816738262,90.72529418493342,355.7266816738262,1.0
10,1258,84.00383020147754,353.7194300664809,79.00383020147754,348.7194300664809,89.00383020147754,358.7194300664809,1.0
10,1259,82.07585143292718,356.59152294103427,77.07585143292718,351.59152294103427,87.07585143292718,361.59152294103427,1.0
10,1260,80.16824831531588,359.04173135649177,75.16824831531588,354.04173135649177,85.16824831531588,364.04173135649177,1.0
10,1261,77.87083262071181,361.7632269850569,72.87083262071181,356.7632269850569,82.87083262071181,366.7632269850569,1.0
10,1262,75.28957159260821,364.30043203191053,70.28957159260821,359.30043203191053,80.28957159260821,369.30043203191053,1.0
10,1263,72.8193740417522,366.2295640573072,67.8193740417522,361.2295640573072,77.8193740417522,371.2295640573072,1.0
10,1264,70.9522945312185,368.01710336562127,65.9522945312185,363.01710336562127,75.9522945312185,373.01710336562127,1.0
10,1265,69.02805672638945,369.87921861567906,64.02805672638945,364.87921861567906,74.02805672638945,374.87921861567906,1.0
10,1266,66.23619216016749,371.5592126681115,61.23619216016749,366.5592126681115,71.23619216016749,376.5592126681115,1.0
10,1267,63.9111788715787,373.62652252227167,58.9111788715787,368.62652252227167,68.9111788715787,378.62652252227167,1.0
10,1268,61.59223165754868,375.62965080323136,56.59223165754868,370.62965080323136,66.59223165754868,380.62965080323136,1.0
10,1269,59.70993991599937,376.9415303531501,54.70993991599937,371.9415303531501,64.70993991599937,381.9415303531501,1.0
10,1270,58.447464345472525,378.78992975902094,53.447464345472525,373.78992975902094,63.447464345472525,383.78992975902094,1.0
10,1271,57.23774626763131,380.55786584192464,52.23774626763131,375.55786584192464,62.23774626763131,385.55786584192464,1.0
10,1272,55.521466025034854,382.34492644416446,50.521466025034854,377.34492644416446,60.521466025034854,387.34492644416446,1.0
10,1273,54.28817962517839,384.11316732668,49.28817962517839,379.11316732668,59.28817962517839,389.11316732668,1.0
10,1274,52.75245174159657,385.4440061698119,47.75245174159657,380.4440061698119,57.75245174159657,390.4440061698119,1.0
10,1275,51.83684624741447,386.73426081904506,46.83684624741447,381.73426081904506,56.83684624741447,391.73426081904506,1.0
10,1276,50.91427778491246,388.06349505532967,45.91427778491246,383.06349505532967,55.91427778491246,393.06349505532967,1.0
10,1277,50.207519184880354,389.3801126167969,45.207519184880354,384.3801126167969,55.207519184880354,394.3801126167969,1.0
10,1278,49.4501935681528,391.2059192570846,44.4501935681528,386.2059192570846,54.4501935681528,396.2059192570846,1.0
10,1279,48.633164287196706,392.5338083464245,43.633164287196706,387.5338083464245,53.633164287196706,397.5338083464245,1.0
10,1280,48.02284658162861,393.55554549900944,43.02284658162861,388.55554549900944,53.02284658162861,398.55554549900944,1.0
10,1281,46.92433060162354,395.33519789264807,41.92433060162354,390.33519789264807,51.92433060162354,400.33519789264807,1.0
10,1282,45.9849155311658,397.4868072844737,40.9849155311658,392.4868072844737,50.9849155311658,402.4868072844737,1.0
10,1283,45.13349436364979,398.9276311681812,40.13349436364979,393.9276311681812,50.13349436364979,403.9276311681812,1.0
10,1284,44.305238565877815,400.27796187278625,39.305238565877815,395.27796187278625,49.305238565877815,405.27796187278625,1.0
10,1285,43.753029282697014,401.8353469430479,38.753029282697014,396.8353469430479,48.753029282697014,406.8353469430479,1.0
10,1286,42.99617523435846,403.188678343436,37.99617523435846,398.188678343436,47.99617523435846,408.188678343436,1.0
10,1287,41.54970626726967,404.32740547751905,36.54970626726967,399.32740547751905,46.54970626726967,409.32740547751905,1.0
10,1288,40.59963508202284,405.4470178375495,35.59963508202284,400.4470178375495,45.59963508202284,410.4470178375495,1.0
10,1289,39.12775597010737,406.5124554388065,34.12775597010737,401.5124554388065,44.12775597010737,411.5124554388065,1.0
10,1290,37.0901283483101,407.6381175536712,32.0901283483101,402.6381175536712,42.0901283483101,412.6381175536712,1.0
10,1291,34.805451771255875,408.4438272315996,29.805451771255875,403.4438272315996,39.805451771255875,413.4438272315996,1.0
10,1292,33.00336338374322,409.4462286038814,28.00336338374322,404.4462286038814,38.00336338374322,414.4462286038814,1.0
10,1293,31.406326073313025,409.9615545189138,26.406326073313025,404.9615545189138,36.406326073313025,414.9615545189138,1.0
10,1294,29.77922452445098,410.94432387319296,24.77922452445098,405.94432387319296,34.77922452445098,415.94432387319296,1.0
10,1295,27.738245891925857,411.8462408671476,22.738245891925857,406.8462408671476,32.73824589192586,416.8462408671476,1.0
10,1296,25.639589442866637,413.0815981369475,20.639589442866637,408.0815981369475,30.639589442866637,418.0815981369475,1.0
10,1297,23.65546820854435,413.2751154732748,18.65546820854435,408.2751154732748,28.65546820854435,418.2751154732748,1.0
10,1298,21.836688042257776,413.19515559771526,16.836688042257776,408.19515559771526,26.836688042257776,418.19515559771526,1.0
10,1299,19.912731758981806,412.9914854454853,14.912731758981806,407.9914854454853,24.912731758981806,417.9914854454853,1.0
10,1300,17.523325008116387,412.6291020561483,12.523325008116387,407.6291020561483,22.523325008116387,417.6291020561483,1.0
10,1301,15.444676748611016,412.73632432647577,10.444676748611016,407.73632432647577,20.444676748611016,417.73632432647577,1.0
10,1302,13.39710100456037,412.8765346402317,8.39710100456037,407.8765346402317,18.39710100456037,417.8765346402317,1.0
10,1303,11.385673591663164,413.36026390050085,6.3856735916631635,408.36026390050085,16.385673591663164,418.36026390050085,1.0
10,1304,9.70454512022053,413.2351926745937,4.70454512022053,408.2351926745937,14.70454512022053,418.2351926745937,1.0
10,1305,8.497952012458484,413.96710843385426,3.4979520124584838,408.96710843385426,13.497952012458484,418.96710843385426,1.0
10,1306,7.105689349438222,415.16023201913475,2.1056893494382223,410.16023201913475,12.105689349438222,420.16023201913475,1.0
10,1307,6.183156960233958,416.53120522537665,1.1831569602339584,411.53120522537665,11.183156960233958,421.53120522537665,1.0
10,1308,5.677444678841255,417.553072212203,0.6774446788412547,412.553072212203,10.677444678841255,422.553072212203,1.0
10,1309,5.8596618001124625,418.8949810259368,0.8596618001124625,413.8949810259368,10.859661800112463,423.8949810259368,1.0
10,1310,5.987372616845221,420.18745038537537,0.9873726168452208,415.18745038537537,10.98737261684522,425.18745038537537,1.0
10,1311,6.026322917221762,421.5832885971908,1.026322917221762,416.5832885971908,11.026322917221762,426.5832885971908,1.0
10,1312,6.163167257760335,422.7067559243094,1.1631672577603354,417.7067559243094,11.163167257760335,427.7067559243094,1.0
10,1313,5.832319832600405,423.020060495129,0.8323198326004047,418.020060495129,10.832319832600405,428.020060495129,1.0
10,1314,5.280205914830873,422.90326785113655,0.28020591483087287,417.90326785113655,10.280205914830873,427.90326785113655,1.0
10,1315,4.828691021889455,422.96515673029654,-0.17130897811054524,417.96515673029654,9.828691021889455,427.96515673029654,1.0
10,1316,4.388842092957191,422.4142836803838,-0.6111579070428093,417.4142836803838,9.38884209295719,427.4142836803838,1.0
10,1317,4.141070548090653,421.99593828553077,-0.8589294519093471,416.99593828553077,9.141070548090653,426.99593828553077,1.0
10,1318,4.664378154857388,421.3670922567819,-0.3356218451426116,416.3670922567819,9.664378154857388,426.3670922567819,1.0
10,1319,5.391157129122092,420.8678034951024,0.39115712912209233,415.8678034951024,10.391157129122092,425.8678034951024,1.0
10,1320,6.690998226832534,420.24753115851445,1.6909982268325336,415.24753115851445,11.690998226832534,425.24753115851445,1.0
10,1321,7.4682194802479955,419.2397634329873,2.4682194802479955,414.2397634329873,12.468219480247996,424.2397634329873,1.0
10,1322,8.25077515523904,418.8200819152315,3.2507751552390403,413.8200819152315,13.25077515523904,423.8200819152315,1.0
10,1323,9.277240771121456,418.46635167271296,4.2772407711214555,413.46635167271296,14.277240771121456,423.46635167271296,1.0
10,1324,10.839578599483929,418.16176762593733,5.839578599483929,413.16176762593733,15.839578599483929,423.16176762593733,1.0
10,1325,12.56824204346097,417.7332801280652,7.56824204346097,412.7332801280652,17.56824204346097,422.7332801280652,1.0
10,1326,14.18713123884848,417.57988681821234,9.18713123884848,412.57988681821234,19.18713123884848,422.57988681821234,1.0
10,1327,15.895333856214023,417.33858460926336,10.895333856214023,412.33858460926336,20.895333856214023,422.33858460926336,1.0
10,1328,17.621452961704364,417.06005279875967,12.621452961704364,412.06005279875967,22.621452961704364,422.06005279875967,1.0
10,1329,19.757449446053272,416.2631327785106,14.757449446053272,411.2631327785106,24.757449446053272,421.2631327785106,1.0
10,1330,21.608395817944483,414.68144402877743,16.608395817944483,409.68144402877743,26.608395817944483,419.68144402877743,1.0
10,1331,23.067583182591108,413.3971573028971,18.067583182591108,408.3971573028971,28.067583182591108,418.3971573028971,1.0
10,1332,24.13556276971579,411.6845698474875,19.13556276971579,406.6845698474875,29.13556276971579,416.6845698474875,1.0
10,1333,25.03428580446119,410.43781015908365,20.03428580446119,405.43781015908365,30.03428580446119,415.43781015908365,1.0
10,1334,26.02564976567068,409.40196245632995,21.02564976567068,404.40196245632995,31.02564976567068,414.40196245632995,1.0
10,1335,26.701900317962654,408.2938426353887,21.701900317962654,403.2938426353887,31.701900317962654,413.2938426353887,1.0
10,1336,27.46225271212259,407.07601610121003,22.46225271212259,402.07601610121003,32.46225271212259,412.07601610121003,1.0
10,1337,28.325139045477997,405.94183385365216,23.325139045477997,400.94183385365216,33.325139045478,410.94183385365216,1.0
10,1338,28.823616857126723,404.618407955617,23.823616857126723,399.618407955617,33.82361685712672,409.618407955617,1.0
10,1339,29.21198017927506,402.6761687941307,24.21198017927506,397.6761687941307,34.21198017927506,407.6761687941307,1.0
10,1340,29.34060376723818,401.15578752454815,24.34060376723818,396.15578752454815,34.34060376723818,406.15578752454815,1.0
10,1341,28.9730707764662,399.6762768768116,23.9730707764662,394.6762768768116,33.9730707764662,404.6762768768116,1.0
10,1342,28.5962019532637,398.30722510362966,23.5962019532637,393.30722510362966,33.5962019532637,403.30722510362966,1.0
10,1343,28.526308403251008,397.0777074585468,23.526308403251008,392.0777074585468,33.52630840325101,402.0777074585468,1.0
10,1344,28.276182063152135,396.19779918495556,23.276182063152135,391.19779918495556,33.276182063152135,401.19779918495556,1.0
10,1345,27.80650694610854,395.5325464126067,22.80650694610854,390.5325464126067,32.80650694610854,400.5325464126067,1.0
10,1346,27.163537172242513,395.10712769319184,22.163537172242513,390.10712769319184,32.16353717224251,400.10712769319184,1.0
10,1347,26.598553860598187,395.2602821888954,21.598553860598187,390.2602821888954,31.598553860598187,400.2602821888954,1.0
10,1348,25.652990846536184,395.00557862248667,20.652990846536184,390.00557862248667,30.652990846536184,400.00557862248667,1.0
10,1349,24.178185348872745,394.1715613469722,19.178185348872745,389.1715613469722,29.178185348872745,399.1715613469722,1.0
10,1350,22.884939299885474,393.2873440957586,17.884939299885474,388.2873440957586,27.884939299885474,398.2873440957586,1.0
10,1351,21.85238583811963,392.1205864841474,16.85238583811963,387.1205864841474,26.85238583811963,397.1205864841474,1.0
10,1352,21.004460387024068,391.4968363207239,16.004460387024068,386.4968363207239,26.004460387024068,396.4968363207239,1.0
10,1353,20.799604222355896,390.67194048168403,15.799604222355896,385.67194048168403,25.799604222355896,395.67194048168403,1.0
10,1354,20.318221502797513,390.54249581831766,15.318221502797513,385.54249581831766,25.318221502797513,395.54249581831766,1.0
10,1355,20.107076982686067,390.44382264047886,15.107076982686067,385.44382264047886,25.107076982686067,395.44382264047886,1.0
10,1356,20.136956218278982,390.0636886468535,15.136956218278982,385.0636886468535,25.136956218278982,395.0636886468535,1.0
10,1357,20.19706266644434,389.7567724245629,15.197062666444339,384.7567724245629,25.19706266644434,394.7567724245629,1.0
10,1358,19.959698375918038,389.661913190253,14.959698375918038,384.661913190253,24.959698375918038,394.661913190253,1.0
10,1359,19.51110420790758,389.1106059923136,14.511104207907579,384.1106059923136,24.51110420790758,394.1106059923136,1.0
10,1360,18.697633862761222,388.4974804395587,13.697633862761222,383.4974804395587,23.697633862761222,393.4974804395587,1.0
10,1361,18.198422041254616,387.5067464793828,13.198422041254616,382.5067464793828,23.198422041254616,392.5067464793828,1.0
10,1362,17.650468316532738,386.7840245315539,12.650468316532738,381.7840245315539,22.650468316532738,391.7840245315539,1.0
10,1363,17.54483037667748,386.21994354726183,12.544830376677481,381.21994354726183,22.54483037667748,391.21994354726183,1.0
10,1364,17.41821864073472,386.0265905593557,12.418218640734722,381.0265905593557,22.41821864073472,391.0265905593557,1.0
10,1365,17.747278821492074,385.30901291701707,12.747278821492074,380.30901291701707,22.747278821492074,390.30901291701707,1.0
10,1366,17.847106192742643,384.1412654314502,12.847106192742643,379.1412654314502,22.847106192742643,389.1412654314502,1.0
10,1367,18.15795589177577,382.91679712754757,13.15795589177577,377.91679712754757,23.15795589177577,387.91679712754757,1.0
10,1368,19.16587370479317,381.617013256085,14.16587370479317,376.617013256085,24.16587370479317,386.617013256085,1.0
10,1369,19.66671483993636,380.5165448157897,14.666714839936361,375.5165448157897,24.66671483993636,385.5165448157897,1.0
10,1370,20.114824758513322,379.103709778744,15.114824758513322,374.103709778744,25.114824758513322,384.103709778744,1.0
10,1371,20.961348737320975,378.0399057930693,15.961348737320975,373.0399057930693,25.961348737320975,383.0399057930693,1.0
10,1372,21.66161683343941,377.07119650634223,16.66161683343941,372.07119650634223,26.66161683343941,382.07119650634223,1.0
10,1373,22.303501775928822,376.506636236801,17.303501775928822,371.506636236801,27.303501775928822,381.506636236801,1.0
10,1374,23.530897578595727,375.7867509056,18.530897578595727,370.7867509056,28.530897578595727,380.7867509056,1.0
10,1375,24.8830695993842,374.50484689971563,19.8830695993842,369.50484689971563,29.8830695993842,379.50484689971563,1.0
10,1376,26.33361552946691,372.860368977269,21.33361552946691,367.860368977269,31.33361552946691,377.860368977269,1.0
10,1377,28.23030503921501,370.93459677752526,23.23030503921501,365.93459677752526,33.23030503921501,375.93459677752526,1.0
10,1378,30.649273588866606,369.3924491039776,25.649273588866606,364.3924491039776,35.649273588866606,374.3924491039776,1.0
10,1379,33.73871553558456,368.07227986296976,28.73871553558456,363.07227986296976,38.73871553558456,373.07227986296976,1.0
10,1380,36.87937162373366,367.0440070306462,31.87937162373366,362.0440070306462,41.87937162373366,372.0440070306462,1.0
10,1381,39.535706937747776,366.1894339685701,34.535706937747776,361.1894339685701,44.535706937747776,371.1894339685701,1.0
10,1382,42.275129004661736,365.4993454107565,37.275129004661736,360.4993454107565,47.275129004661736,370.4993454107565,1.0
10,1383,44.61500745203473,365.6284136509984,39.61500745203473,360.6284136509984,49.61500745203473,370.6284136509984,1.0
10,1384,46.351125156691,365.31580537299413,41.351125156691,360.31580537299413,51.351125156691,370.31580537299413,1.0
10,1385,48.311954674629035,365.253905492731,43.311954674629035,360.253905492731,53.311954674629035,370.253905492731,1.0
10,1386,50.11022083952764,365.2337473136962,45.11022083952764,360.2337473136962,55.11022083952764,370.2337473136962,1.0
10,1387,51.703426900350124,365.97678838897167,46.703426900350124,360.97678838897167,56.703426900350124,370.97678838897167,1.0
10,1388,53.294009526150035,367.1377954471789,48.294009526150035,362.1377954471789,58.294009526150035,372.1377954471789,1.0
10,1389,54.24387459942068,368.6348294040993,49.24387459942068,363.6348294040993,59.24387459942068,373.6348294040993,1.0
10,1390,55.42723904108077,370.03282323536865,50.42723904108077,365.03282323536865,60.42723904108077,375.03282323536865,1.0
10,1391,56.420147916292564,371.2653349904091,51.420147916292564,366.2653349904091,61.420147916292564,376.2653349904091,1.0
10,1392,57.25324635849245,372.13669044817095,52.25324635849245,367.13669044817095,62.25324635849245,377.13669044817095,1.0
10,1393,58.33963474713018,372.8113293111397,53.33963474713018,367.8113293111397,63.33963474713018,377.8113293111397,1.0
10,1394,59.72150623492996,373.78130874281806,54.72150623492996,368.78130874281806,64.72150623492996,378.78130874281806,1.0
10,1395,61.212269811869305,374.7564764947817,56.212269811869305,369.7564764947817,66.2122698118693,379.7564764947817,1.0
10,1396,62.63731651934755,375.60136903405595,57.63731651934755,370.60136903405595,67.63731651934755,380.60136903405595,1.0
10,1397,63.95476239881681,376.39948643739365,58.95476239881681,371.39948643739365,68.95476239881681,381.39948643739365,1.0
10,1398,64.89441213510824,377.0979243735942,59.89441213510824,372.0979243735942,69.89441213510824,382.0979243735942,1.0
10,1399,66.22283761076783,378.70507673718805,61.222837610767826,373.70507673718805,71.22283761076783,383.70507673718805,1.0
10,1400,68.02278485712799,380.59469001846946,63.02278485712799,375.59469001846946,73.02278485712799,385.59469001846946,1.0
10,1401,69.58396152369967,382.811079670469,64.58396152369967,377.811079670469,74.58396152369967,387.811079670469,1.0
10,1402,71.25592893960865,385.34944374223454,66.25592893960865,380.34944374223454,76.25592893960865,390.34944374223454,1.0
10,1403,72.68562110720237,388.37841445106795,67.68562110720237,383.37841445106795,77.68562110720237,393.37841445106795,1.0
10,1404,74.2287018829894,391.3217774010223,69.2287018829894,386.3217774010223,79.2287018829894,396.3217774010223,1.0
10,1405,75.32973199866312,393.84682741144195,70.32973199866312,388.84682741144195,80.32973199866312,398.84682741144195,1.0
10,1406,76.68416534796314,395.3819950066834,71.68416534796314,390.3819950066834,81.68416534796314,400.3819950066834,1.0
10,1407,78.3432047205353,397.02395580627814,73.3432047205353,392.02395580627814,83.3432047205353,402.02395580627814,1.0
10,1408,80.4757604915866,399.40816694876514,75.4757604915866,394.40816694876514,85.4757604915866,404.40816694876514,1.0
10,1409,82.46158295572066,401.72316788019555,77.46158295572066,396.72316788019555,87.46158295572066,406.72316788019555,1.0
10,1410,83.61114945199516,403.5836209916737,78.61114945199516,398.5836209916737,88.61114945199516,408.5836209916737,1.0
10,1411,85.2650618050098,405.268241724328,80.2650618050098,400.268241724328,90.2650618050098,410.268241724328,1.0
10,1412,86.55292779657921,407.51536988786177,81.55292779657921,402.51536988786177,91.55292779657921,412.51536988786177,1.0
10,1413,87.35748085977859,409.61326164431273,82.35748085977859,404.61326164431273,92.35748085977859,414.61326164431273,1.0
10,1414,87.74403754319441,411.9055985121104,82.74403754319441,406.9055985121104,92.74403754319441,416.9055985121104,1.0
10,1415,87.70767222906939,414.27602195959645,82.70767222906939,409.27602195959645,92.70767222906939,419.27602195959645,1.0
10,1416,86.87683185246057,416.7455286387444,81.87683185246057,411.7455286387444,91.87683185246057,421.7455286387444,1.0
10,1417,86.3579850472458,418.7514680225386,81.3579850472458,413.7514680225386,91.3579850472458,423.7514680225386,1.0
10,1418,85.94917464460578,420.5630443105615,80.94917464460578,415.5630443105615,90.94917464460578,425.5630443105615,1.0
10,1419,85.150664796523,421.76048138428206,80.150664796523,416.76048138428206,90.150664796523,426.76048138428206,1.0
10,1420,84.47721668727296,422.51834733087475,79.47721668727296,417.51834733087475,89.47721668727296,427.51834733087475,1.0
10,1421,83.40901674873966,423.1090482279588,78.40901674873966,418.1090482279588,88.40901674873966,428.1090482279588,1.0
10,1422,81.80285871527276,423.370714047032,76.80285871527276,418.370714047032,86.80285871527276,428.370714047032,1.0
10,1423,80.28278184355241,423.47389016343936,75.28278184355241,418.47389016343936,85.28278184355241,428.47389016343936,1.0
10,1424,78.31333519442057,423.54148451871697,73.31333519442057,418.54148451871697,83.31333519442057,428.54148451871697,1.0
10,1425,75.98185429802582,423.5247179074779,70.98185429802582,418.5247179074779,80.98185429802582,428.5247179074779,1.0
10,1426,73.65406263963877,423.4783289361366,68.65406263963877,418.4783289361366,78.65406263963877,428.4783289361366,1.0
10,1427,70.91221912161743,423.9559781396131,65.91221912161743,418.9559781396131,75.91221912161743,428.9559781396131,1.0
10,1428,68.23087944157183,424.87927255389775,63.23087944157183,419.87927255389775,73.23087944157183,429.87927255389775,1.0
10,1429,65.25491250502724,425.4885046694693,60.254912505027235,420.4885046694693,70.25491250502724,430.4885046694693,1.0
10,1430,63.05882701161735,425.55665008582565,58.05882701161735,420.55665008582565,68.05882701161735,430.55665008582565,1.0
10,1431,60.71300312355602,425.54667309526513,55.71300312355602,420.54667309526513,65.71300312355602,430.54667309526513,1.0
10,1432,58.009541309505494,425.21581636426356,53.009541309505494,420.21581636426356,63.009541309505494,430.21581636426356,1.0
10,1433,55.223265099254235,424.7417612422073,50.223265099254235,419.7417612422073,60.223265099254235,429.7417612422073,1.0
10,1434,52.23272153553965,424.40744048676663,47.23272153553965,419.40744048676663,57.23272153553965,429.40744048676663,1.0
10,1435,50.01558910719004,424.1275974149847,45.01558910719004,419.1275974149847,55.01558910719004,429.1275974149847,1.0
10,1436,47.64337877956196,424.49346266284317,42.64337877956196,419.49346266284317,52.64337877956196,429.49346266284317,1.0
10,1437,45.015694718651645,424.04419355828196,40.015694718651645,419.04419355828196,50.015694718651645,429.04419355828196,1.0
10,1438,42.40929102288041,423.66282657233666,37.40929102288041,418.66282657233666,47.40929102288041,428.66282657233666,1.0
10,1439,40.31257402354787,423.34775849927246,35.31257402354787,418.34775849927246,45.31257402354787,428.34775849927246,1.0
10,1440,37.45213898186708,423.10111681066775,32.45213898186708,418.10111681066775,42.45213898186708,428.10111681066775,1.0
10,1441,34.251439183701564,423.08168331897207,29.251439183701564,418.08168331897207,39.251439183701564,428.08168331897207,1.0
10,1442,31.535038535741364,423.5266719394464,26.535038535741364,418.5266719394464,36.535038535741364,428.5266719394464,1.0
10,1443,28.644018991922778,423.917840866498,23.644018991922778,418.917840866498,33.64401899192278,428.917840866498,1.0
10,1444,26.16737914672656,424.98477362882306,21.16737914672656,419.98477362882306,31.16737914672656,429.98477362882306,1.0
10,1445,23.382974771452126,426.09998339494166,18.382974771452126,421.09998339494166,28.382974771452126,431.09998339494166,1.0
10,1446,20.138047663666015,426.7918060323401,15.138047663666015,421.7918060323401,25.138047663666015,431.7918060323401,1.0
10,1447,17.454763226637596,427.17899665783364,12.454763226637596,422.17899665783364,22.454763226637596,432.17899665783364,1.0
10,1448,14.814012487910674,427.7420489535921,9.814012487910674,422.7420489535921,19.814012487910674,432.7420489535921,1.0
10,1449,12.398310924478949,428.34614622189036,7.398310924478949,423.34614622189036,17.39831092447895,433.34614622189036,1.0
10,1450,9.99378526647385,428.9647878012744,4.99378526647385,423.9647878012744,14.99378526647385,433.9647878012744,1.0
10,1451,8.328184929132163,429.9393052407047,3.3281849291321635,424.9393052407047,13.328184929132163,434.9393052407047,1.0
10,1452,7.074738348640807,431.55346898206204,2.074738348640807,426.55346898206204,12.074738348640807,436.55346898206204,1.0
10,1453,5.944692274524954,432.6190418659418,0.9446922745249537,427.6190418659418,10.944692274524954,437.6190418659418,1.0
10,1454,4.996828715992393,434.3209262179843,-0.0031712840076068005,429.3209262179843,9.996828715992393,439.3209262179843,1.0
10,1455,4.047325962428147,436.4254055505554,-0.9526740375718532,431.4254055505554,9.047325962428147,441.4254055505554,1.0
10,1456,2.8929457340121303,438.2483380028866,-2.1070542659878697,433.2483380028866,7.89294573401213,443.2483380028866,1.0
10,1457,1.5817570004456627,439.5858386029639,-3.4182429995543373,434.5858386029639,6.581757000445663,444.5858386029639,1.0
10,1458,0.38737064373751195,441.1497852300908,-4.612629356262488,436.1497852300908,5.387370643737512,446.1497852300908,1.0
10,1459,-0.7336728347898998,442.7160211217697,-5.7336728347899,437.7160211217697,4.2663271652101,447.7160211217697,1.0
10,1460,-2.041721447338432,444.6169454803711,-7.041721447338432,439.6169454803711,2.958278552661568,449.6169454803711,1.0
10,1461,-3.386197634686937,446.44330092667127,-8.386197634686937,441.44330092667127,1.613802365313063,451.44330092667127,1.0
10,1462,-4.577234930786716,448.2362579123236,-9.577234930786716,443.2362579123236,0.42276506921328405,453.2362579123236,1.0
10,1463,-6.012867192858863,449.8795740377973,-11.012867192858863,444.8795740377973,-1.012867192858863,454.8795740377973,1.0
10,1464,-7.306230763495023,452.0173567741427,-12.306230763495023,447.0173567741427,-2.306230763495023,457.0173567741427,1.0
10,1465,-8.509355156174024,453.7077028010568,-13.509355156174024,448.7077028010568,-3.509355156174024,458.7077028010568,1.0
10,1466,-10.243157972784132,455.5525364390113,-15.243157972784132,450.5525364390113,-5.243157972784132,460.5525364390113,1.0
10,1467,-12.100031160744521,457.2739823289267,-17.10003116074452,452.2739823289267,-7.100031160744521,462.2739823289267,1.0
10,1468,-13.925917761447465,458.56377969232517,-18.925917761447465,453.56377969232517,-8.925917761447465,463.56377969232517,1.0
10,1469,-15.380994573627305,459.8151296583274,-20.380994573627305,454.8151296583274,-10.380994573627305,464.8151296583274,1.0
11,1217,380.0,397.5,375.0,392.5,385.0,402.5,1.0
11,1218,379.9057601009633,397.51821185272524,374.9057601009633,392.51821185272524,384.9057601009633,402.51821185272524,1.0
11,1219,379.8106816992608,397.53531090718957,374.8106816992608,392.53531090718957,384.8106816992608,402.53531090718957,1.0
11,1220,379.7168012570045,397.5501140951734,374.7168012570045,392.5501140951734,384.7168012570045,402.5501140951734,1.0
11,1221,379.62779204827547,397.5684923309906,374.62779204827547,392.5684923309906,384.62779204827547,402.5684923309906,1.0
11,1222,379.54230936322466,397.58522558105074,374.54230936322466,392.58522558105074,384.54230936322466,402.58522558105074,1.0
11,1223,379.46635730937805,397.59969404112076,374.46635730937805,392.59969404112076,384.46635730937805,402.59969404112076,1.0
11,1224,379.3944408649904,397.6127928180901,374.3944408649904,392.6127928180901,384.3944408649904,402.6127928180901,1.0
11,1225,379.3260584160251,397.6283725847431,374.3260584160251,392.6283725847431,384.3260584160251,402.6283725847431,1.0
11,1226,379.260851284245,397.6419965882282,374.260851284245,392.6419965882282,384.260851284245,402.6419965882282,1.0
11,1227,379.1932942485502,397.65543496917707,374.1932942485502,392.65543496917707,384.1932942485502,402.65543496917707,1.0
11,1228,379.11566531563983,397.66795011517485,374.11566531563983,392.66795011517485,384.11566531563983,402.66795011517485,1.0
11,1229,379.04280577463766,397.68066682524073,374.04280577463766,392.68066682524073,384.04280577463766,402.68066682524073,1.0
11,1230,378.9664037013528,397.69084779097705,373.9664037013528,392.69084779097705,383.9664037013528,402.69084779097705,1.0
11,1231,378.8941666401738,397.7014319494861,373.8941666401738,392.7014319494861,383.8941666401738,402.7014319494861,1.0
11,1232,378.83442473222067,397.71344144230596,373.83442473222067,392.71344144230596,383.83442473222067,402.71344144230596,1.0
11,1233,378.7735157681545,397.727748311942,373.7735157681545,392.727748311942,383.7735157681545,402.727748311942,1.0
11,1234,378.70935089549954,397.74145927024784,373.70935089549954,392.74145927024784,383.70935089549954,402.74145927024784,1.0
11,1235,378.6526855717498,397.7540622013914,373.6526855717498,392.7540622013914,383.6526855717498,402.7540622013914,1.0
11,1236,378.5972259418787,397.76749012915684,373.5972259418787,392.76749012915684,383.5972259418787,402.76749012915684,1.0
11,1237,378.54127217952293,397.7792995385367,373.54127217952293,392.7792995385367,383.54127217952293,402.7792995385367,1.0
11,1238,378.4881221676514,397.7896081109244,373.4881221676514,392.7896081109244,383.4881221676514,402.7896081109244,1.0
11,1239,378.43241419660313,397.8031977575525,373.43241419660313,392.8031977575525,383.43241419660313,402.8031977575525,1.0
11,1240,378.37412928304514,397.8162353740208,373.37412928304514,392.8162353740208,383.37412928304514,402.8162353740208,1.0
11,1241,378.31355311029324,397.8297535381172,373.31355311029324,392.8297535381172,383.31355311029324,402.8297535381172,1.0
11,1242,378.2478737343858,397.84319967275866,373.2478737343858,392.84319967275866,383.2478737343858,402.84319967275866,1.0
11,1243,378.18298846646206,397.85037403151154,373.18298846646206,392.85037403151154,383.18298846646206,402.85037403151154,1.0
11,1244,378.1147090149476,397.8558074243462,373.1147090149476,392.8558074243462,383.1147090149476,402.8558074243462,1.0
11,1245,378.042960612373,397.8580947776192,373.042960612373,392.8580947776192,383.042960612373,402.8580947776192,1.0
11,1246,377.975976294417,397.8613591165035,372.975976294417,392.8613591165035,382.975976294417,402.8613591165035,1.0
11,1247,377.9082148788088,397.8599681753357,372.9082148788088,392.8599681753357,382.9082148788088,402.8599681753357,1.0
11,1248,377.8432396715306,397.8587082773569,372.8432396715306,392.8587082773569,382.8432396715306,402.8587082773569,1.0
11,1249,377.7866305086174,397.85672094650494,372.7866305086174,392.85672094650494,382.7866305086174,402.85672094650494,1.0
11,1250,377.7220953358066,397.8536263898232,372.7220953358066,392.8536263898232,382.7220953358066,402.8536263898232,1.0
11,1251,377.65207384545636,397.84670841103855,372.65207384545636,392.84670841103855,382.65207384545636,402.84670841103855,1.0
11,1252,377.5900547647619,397.836452448979,372.5900547647619,392.836452448979,382.5900547647619,402.836452448979,1.0
11,1253,377.5213644114187,397.824069894979,372.5213644114187,392.824069894979,382.5213644114187,402.824069894979,1.0
11,1254,377.45878669000666,397.8118677547113,372.45878669000666,392.8118677547113,382.45878669000666,402.8118677547113,1.0
11,1255,377.397791506256,397.79774093977903,372.397791506256,392.79774093977903,382.397791506256,402.79774093977903,1.0
11,1256,377.3392197889217,397.7845922467515,372.3392197889217,392.7845922467515,382.3392197889217,402.7845922467515,1.0
11,1257,377.2789015540803,397.77158804895777,372.2789015540803,392.77158804895777,382.2789015540803,402.77158804895777,1.0
11,1258,377.2253780819997,397.7597806701813,372.2253780819997,392.7597806701813,382.2253780819997,402.7597806701813,1.0
11,1259,377.1741066535652,397.74900003144467,372.1741066535652,392.74900003144467,382.1741066535652,402.74900003144467,1.0
11,1260,377.11611100963717,397.74287628752273,372.11611100963717,392.74287628752273,382.11611100963717,402.74287628752273,1.0
11,1261,377.06529774021465,397.7381677711129,372.06529774021465,392.7381677711129,382.06529774021465,402.7381677711129,1.0
11,1262,377.01546461414995,397.7332140374122,372.01546461414995,392.7332140374122,382.01546461414995,402.7332140374122,1.0
11,1263,376.9653327347207,397.72428346617073,371.9653327347207,392.72428346617073,381.9653327347207,402.72428346617073,1.0
11,1264,376.9188826787823,397.7160983553512,371.9188826787823,392.7160983553512,381.9188826787823,402.7160983553512,1.0
11,1265,376.8679326899854,397.7128929070566,371.8679326899854,392.7128929070566,381.8679326899854,402.7128929070566,1.0
11,1266,376.8126583940939,397.7097177017475,371.8126583940939,392.7097177017475,381.8126583940939,402.7097177017475,1.0
11,1267,376.7638075353894,397.7111459379237,371.7638075353894,392.7111459379237,381.7638075353894,402.7111459379237,1.0
11,1268,376.71870679545395,397.7072343690372,371.71870679545395,392.7072343690372,381.71870679545395,402.7072343690372,1.0
11,1269,376.6735804673376,397.7024099680949,371.6735804673376,392.7024099680949,381.6735804673376,402.7024099680949,1.0
11,1270,376.631528949626,397.6984546549828,371.631528949626,392.6984546549828,381.631528949626,402.6984546549828,1.0
11,1271,376.60047008061605,397.698168105711,371.60047008061605,392.698168105711,381.60047008061605,402.698168105711,1.0
11,1272,376.5679505445307,397.696581969323,371.5679505445307,392.696581969323,381.5679505445307,402.696581969323,1.0
11,1273,376.54106343920034,397.6996313785034,371.54106343920034,392.6996313785034,381.54106343920034,402.6996313785034,1.0
11,1274,376.5153909116278,397.7034704767548,371.5153909116278,392.7034704767548,381.5153909116278,402.7034704767548,1.0
11,1275,376.4924008400261,397.71116491873863,371.4924008400261,392.71116491873863,381.4924008400261,402.71116491873863,1.0
11,1276,376.47564422241743,397.7201773593457,371.47564422241743,392.7201773593457,381.47564422241743,402.7201773593457,1.0
11,1277,376.44982211270644,397.73365814427257,371.44982211270644,392.73365814427257,381.44982211270644,402.73365814427257,1.0
11,1278,376.42321914491237,397.7448900556593,371.42321914491237,392.7448900556593,381.42321914491237,402.7448900556593,1.0
11,1279,376.39727488372785,397.7587835714572,371.39727488372785,392.7587835714572,381.39727488372785,402.7587835714572,1.0
11,1280,376.37075234427664,397.773676627259,371.37075234427664,392.773676627259,381.37075234427664,402.773676627259,1.0
11,1281,376.3435365219074,397.7867527436262,371.3435365219074,392.7867527436262,381.3435365219074,402.7867527436262,1.0
11,1282,376.30527095649734,397.7965032509982,371.30527095649734,392.7965032509982,381.30527095649734,402.7965032509982,1.0
11,1283,376.25403938769705,397.8092802507534,371.25403938769705,392.8092802507534,381.25403938769705,402.8092802507534,1.0
11,1284,376.20922199765084,397.82572916572553,371.20922199765084,392.82572916572553,381.20922199765084,402.82572916572553,1.0
11,1285,376.1761303703607,397.84151091334917,371.1761303703607,392.84151091334917,381.1761303703607,402.84151091334917,1.0
11,1286,376.1425778939152,397.85630258030557,371.1425778939152,392.85630258030557,381.1425778939152,402.85630258030557,1.0
11,1287,376.110668662806,397.86662048208876,371.110668662806,392.86662048208876,381.110668662806,402.86662048208876,1.0
11,1288,376.070504337713,397.8732808263154,371.070504337713,392.8732808263154,381.070504337713,402.8732808263154,1.0
11,1289,376.02551458478484,397.8813679320944,371.02551458478484,392.8813679320944,381.02551458478484,402.8813679320944,1.0
11,1290,375.97623485906973,397.88703757001923,370.97623485906973,392.88703757001923,380.97623485906973,402.88703757001923,1.0
11,1291,375.9297190015269,397.89236057005,370.9297190015269,392.89236057005,380.9297190015269,402.89236057005,1.0
11,1292,375.8798093539756,397.89887423588704,370.8798093539756,392.89887423588704,380.8798093539756,402.89887423588704,1.0
11,1293,375.8243839716112,397.90684770295684,370.8243839716112,392.90684770295684,380.8243839716112,402.90684770295684,1.0
11,1294,375.7668483789365,397.9143099540239,370.7668483789365,392.9143099540239,380.7668483789365,402.9143099540239,1.0
11,1295,375.7016474076697,397.9203388800267,370.7016474076697,392.9203388800267,380.7016474076697,402.9203388800267,1.0
11,1296,375.6323716424191,397.9270680228597,370.6323716424191,392.9270680228597,380.6323716424191,402.9270680228597,1.0
11,1297,375.56409705680426,397.9362692177072,370.56409705680426,392.9362692177072,380.56409705680426,402.9362692177072,1.0
11,1298,375.49953891960433,397.94077098496354,370.49953891960433,392.94077098496354,380.49953891960433,402.94077098496354,1.0
11,1299,375.4279501640211,397.94214565972646,370.4279501640211,392.94214565972646,380.4279501640211,402.94214565972646,1.0
11,1300,375.36023148697944,397.94179269488905,370.36023148697944,392.94179269488905,380.36023148697944,402.94179269488905,1.0
11,1301,375.29266592533423,397.94131588298217,370.29266592533423,392.94131588298217,380.29266592533423,402.94131588298217,1.0
11,1302,375.22825751661395,397.9407911226002,370.22825751661395,392.9407911226002,380.22825751661395,402.9407911226002,1.0
11,1303,375.1627982854101,397.9411443414202,370.1627982854101,392.9411443414202,380.1627982854101,402.9411443414202,1.0
11,1304,375.09913925506805,397.94049598305855,370.09913925506805,392.94049598305855,380.09913925506805,402.94049598305855,1.0
11,1305,375.0312323025001,397.9421163977995,370.0312323025001,392.9421163977995,380.0312323025001,402.9421163977995,1.0
11,1306,374.96050875838523,397.9464535938013,369.96050875838523,392.9464535938013,379.96050875838523,402.9464535938013,1.0
11,1307,374.88561241119385,397.9507981506274,369.88561241119385,392.9507981506274,379.88561241119385,402.9507981506274,1.0
11,1308,374.8240093229437,397.9541468560595,369.8240093229437,392.9541468560595,379.8240093229437,402.9541468560595,1.0
11,1309,374.7685551978103,397.95844284943735,369.7685551978103,392.95844284943735,379.7685551978103,402.95844284943735,1.0
11,1310,374.7289657907843,397.96302190330294,369.7289657907843,392.96302190330294,379.7289657907843,402.96302190330294,1.0
11,1311,374.6905337410232,397.96425808386596,369.6905337410232,392.96425808386596,379.6905337410232,402.96425808386596,1.0
11,1312,374.6501924903458,397.9635760626729,369.6501924903458,392.9635760626729,379.6501924903458,402.9635760626729,1.0
11,1313,374.5983456894421,397.9638583907758,369.5983456894421,392.9638583907758,379.5983456894421,402.9638583907758,1.0
11,1314,374.54646942273166,397.9685274457673,369.54646942273166,392.9685274457673,379.54646942273166,402.9685274457673,1.0
11,1315,374.49484976114195,397.97065854111753,369.49484976114195,392.97065854111753,379.49484976114195,402.97065854111753,1.0
11,1316,374.4417128328611,397.96944225173974,369.4417128328611,392.96944225173974,379.4417128328611,402.96944225173974,1.0
11,1317,374.3881929261626,397.97246655670267,369.3881929261626,392.97246655670267,379.3881929261626,402.97246655670267,1.0
11,1318,374.3393854753008,397.97758548577906,369.3393854753008,392.97758548577906,379.3393854753008,402.97758548577906,1.0
11,1319,374.29023587589535,397.9812544063449,369.29023587589535,392.9812544063449,379.29023587589535,402.9812544063449,1.0
11,1320,374.2393903400451,397.98284479616535,369.2393903400451,392.98284479616535,379.2393903400451,402.98284479616535,1.0
11,1321,374.19169745833614,397.9854412920241,369.19169745833614,392.9854412920241,379.19169745833614,402.9854412920241,1.0
11,1322,374.1553705884322,397.9917829005541,369.1553705884322,392.9917829005541,379.1553705884322,402.9917829005541,1.0
11,1323,374.11750736275206,398.00006246223506,369.11750736275206,393.00006246223506,379.11750736275206,403.00006246223506,1.0
11,1324,374.0868016997407,398.00608438555935,369.0868016997407,393.00608438555935,379.0868016997407,403.00608438555935,1.0
11,1325,374.0414964506466,398.01077795758954,369.0414964506466,393.01077795758954,379.0414964506466,403.01077795758954,1.0
11,1326,373.99808780689216,398.01707237413467,368.99808780689216,393.01707237413467,378.99808780689216,403.01707237413467,1.0
11,1327,373.9473999011268,398.0209665742318,368.9473999011268,393.0209665742318,378.9473999011268,403.0209665742318,1.0
11,1328,373.9116917940138,398.02377478554735,368.9116917940138,393.02377478554735,378.9116917940138,403.02377478554735,1.0
11,1329,373.87660545407726,398.02759353612936,368.87660545407726,393.02759353612936,378.87660545407726,403.02759353612936,1.0
11,1330,373.8492558373897,398.02596639790846,368.8492558373897,393.02596639790846,378.8492558373897,403.02596639790846,1.0
11,1331,373.8183997193072,398.0262890008593,368.8183997193072,393.0262890008593,378.8183997193072,403.0262890008593,1.0
11,1332,373.7923888757875,398.0271669669411,368.7923888757875,393.0271669669411,378.7923888757875,403.0271669669411,1.0
11,1333,373.7691194133491,398.0246996392092,368.7691194133491,393.0246996392092,378.7691194133491,403.0246996392092,1.0
11,1334,373.73970919253077,398.01970644419856,368.73970919253077,393.01970644419856,378.73970919253077,403.01970644419856,1.0
11,1335,373.7178007836218,398.01479532667094,368.7178007836218,393.01479532667094,378.7178007836218,403.01479532667094,1.0
11,1336,373.6997271700096,398.0097654408527,368.6997271700096,393.0097654408527,378.6997271700096,403.0097654408527,1.0
11,1337,373.6895456974835,398.006772682865,368.6895456974835,393.006772682865,378.6895456974835,403.006772682865,1.0
11,1338,373.6715948063011,397.9999698887221,368.6715948063011,392.9999698887221,378.6715948063011,402.9999698887221,1.0
11,1339,373.64195994125146,397.99218669878053,368.64195994125146,392.99218669878053,378.64195994125146,402.99218669878053,1.0
11,1340,373.6167528995538,397.9855471767968,368.6167528995538,392.9855471767968,378.6167528995538,402.9855471767968,1.0
11,1341,373.59583845837193,397.98064420371855,368.59583845837193,392.98064420371855,378.59583845837193,402.98064420371855,1.0
11,1342,373.5723787099407,397.9763904325196,368.5723787099407,392.9763904325196,378.5723787099407,402.9763904325196,1.0
11,1343,373.5422686045628,397.9702630405438,368.5422686045628,392.9702630405438,378.5422686045628,402.9702630405438,1.0
11,1344,373.5123473316703,397.9656570389717,368.5123473316703,392.9656570389717,378.5123473316703,402.9656570389717,1.0
11,1345,373.4767383940972,397.95993046413327,368.4767383940972,392.95993046413327,378.4767383940972,402.95993046413327,1.0
11,1346,373.43293806883787,397.9555064368043,368.43293806883787,392.9555064368043,378.43293806883787,402.9555064368043,1.0
11,1347,373.3863482865957,397.950030465923,368.3863482865957,392.950030465923,378.3863482865957,402.950030465923,1.0
11,1348,373.33518825540153,397.9478313020262,368.33518825540153,392.9478313020262,378.33518825540153,402.9478313020262,1.0
11,1349,373.28953480445455,397.9452644545098,368.28953480445455,392.9452644545098,378.28953480445455,402.9452644545098,1.0
11,1350,373.2529609617733,397.9402956804865,368.2529609617733,392.9402956804865,378.2529609617733,402.9402956804865,1.0
11,1351,373.2116721506945,397.9377421514883,368.2116721506945,392.9377421514883,378.2116721506945,402.9377421514883,1.0
11,1352,373.17301714228097,397.93293392745966,368.17301714228097,392.93293392745966,378.17301714228097,402.93293392745966,1.0
11,1353,373.1353645063363,397.92650974737643,368.1353645063363,392.92650974737643,378.1353645063363,402.92650974737643,1.0
11,1354,373.098792037605,397.917179749157,368.098792037605,392.917179749157,378.098792037605,402.917179749157,1.0
11,1355,373.07268866995355,397.91041236734725,368.07268866995355,392.91041236734725,378.07268866995355,402.91041236734725,1.0
11,1356,373.0526669570034,397.9012073246416,368.0526669570034,392.9012073246416,378.0526669570034,402.9012073246416,1.0
11,1357,373.03422809515456,397.89239231738844,368.03422809515456,392.89239231738844,378.03422809515456,402.89239231738844,1.0
11,1358,373.01749157526916,397.8832656470704,368.01749157526916,392.8832656470704,378.01749157526916,402.8832656470704,1.0
11,1359,372.9956757326079,397.8791725534909,367.9956757326079,392.8791725534909,377.9956757326079,402.8791725534909,1.0
11,1360,372.965156707166,397.87489434277205,367.965156707166,392.87489434277205,377.965156707166,402.87489434277205,1.0
11,1361,372.9360488885839,397.87142581284894,367.9360488885839,392.87142581284894,377.9360488885839,402.87142581284894,1.0
11,1362,372.9102562341951,397.8660670555763,367.9102562341951,392.8660670555763,377.9102562341951,402.8660670555763,1.0
11,1363,372.88499661239535,397.8578150451568,367.88499661239535,392.8578150451568,377.88499661239535,402.8578150451568,1.0
11,1364,372.86687422610544,397.8489847549397,367.86687422610544,392.8489847549397,377.86687422610544,402.8489847549397,1.0
11,1365,372.8475515562681,397.83501837505054,367.8475515562681,392.83501837505054,377.8475515562681,402.83501837505054,1.0
11,1366,372.83237745177814,397.8184582940201,367.83237745177814,392.8184582940201,377.83237745177814,402.8184582940201,1.0
11,1367,372.8274470863409,397.8030760973585,367.8274470863409,392.8030760973585,377.8274470863409,402.8030760973585,1.0
11,1368,372.8310082489748,397.78804273546837,367.8310082489748,392.78804273546837,377.8310082489748,402.78804273546837,1.0
11,1369,372.8342959684907,397.7734913685092,367.8342959684907,392.7734913685092,377.8342959684907,402.7734913685092,1.0
11,1370,372.8387699449711,397.75517819283334,367.8387699449711,392.75517819283334,377.8387699449711,402.75517819283334,1.0
11,1371,372.85000620333085,397.7405357581632,367.85000620333085,392.7405357581632,377.85000620333085,402.7405357581632,1.0
11,1372,372.864297786071,397.72390587929345,367.864297786071,392.72390587929345,377.864297786071,402.72390587929345,1.0
11,1373,372.8790588509664,397.7111756519441,367.8790588509664,392.7111756519441,377.8790588509664,402.7111756519441,1.0
11,1374,372.88819588796565,397.69963125198353,367.88819588796565,392.69963125198353,377.88819588796565,402.69963125198353,1.0
11,1375,372.90624612244073,397.68822129770825,367.90624612244073,392.68822129770825,377.90624612244073,402.68822129770825,1.0
11,1376,372.9184795513579,397.6777081169026,367.9184795513579,392.6777081169026,377.9184795513579,402.6777081169026,1.0
11,1377,372.93005202189227,397.66453313778857,367.93005202189227,392.66453313778857,377.93005202189227,402.66453313778857,1.0
11,1378,372.951665189454,397.6548206749788,367.951665189454,392.6548206749788,377.951665189454,402.6548206749788,1.0
11,1379,372.9732721093005,397.64677874356926,367.9732721093005,392.64677874356926,377.9732721093005,402.64677874356926,1.0
11,1380,372.995833790094,397.63864424847907,367.995833790094,392.63864424847907,377.995833790094,402.63864424847907,1.0
11,1381,373.03359997032175,397.6244056799187,368.03359997032175,392.6244056799187,378.03359997032175,402.6244056799187,1.0
11,1382,373.06943370716107,397.6104344509534,368.06943370716107,392.6104344509534,378.06943370716107,402.6104344509534,1.0
11,1383,373.10255215052086,397.59548157547744,368.10255215052086,392.59548157547744,378.10255215052086,402.59548157547744,1.0
11,1384,373.14548675577026,397.57627958537444,368.14548675577026,392.57627958537444,378.14548675577026,402.57627958537444,1.0
11,1385,373.18255007942554,397.55379144245853,368.18255007942554,392.55379144245853,378.18255007942554,402.55379144245853,1.0
11,1386,373.20962969223336,397.533419013856,368.20962969223336,392.533419013856,378.20962969223336,402.533419013856,1.0
11,1387,373.2272483807906,397.5160015208729,368.2272483807906,392.5160015208729,378.2272483807906,402.5160015208729,1.0
11,1388,373.24379687282214,397.49987469163955,368.24379687282214,392.49987469163955,378.24379687282214,402.49987469163955,1.0
11,1389,373.2529221553352,397.48669286856995,368.2529221553352,392.48669286856995,378.2529221553352,402.48669286856995,1.0
11,1390,373.27078605408593,397.4763043732818,368.27078605408593,392.4763043732818,378.27078605408593,402.4763043732818,1.0
11,1391,373.2873331139315,397.46490032849204,368.2873331139315,392.46490032849204,378.2873331139315,402.46490032849204,1.0
11,1392,373.3059928496818,397.45472237460035,368.3059928496818,392.45472237460035,378.3059928496818,402.45472237460035,1.0
11,1393,373.33190784096945,397.43975324852215,368.33190784096945,392.43975324852215,378.33190784096945,402.43975324852215,1.0
11,1394,373.365075855835,397.42316372142125,368.365075855835,392.42316372142125,378.365075855835,402.42316372142125,1.0
11,1395,373.3962248321322,397.40997570677166,368.3962248321322,392.40997570677166,378.3962248321322,402.40997570677166,1.0
11,1396,373.42252778236457,397.38944460896306,368.42252778236457,392.38944460896306,378.42252778236457,402.38944460896306,1.0
11,1397,373.4463998926963,397.37023218970546,368.4463998926963,392.37023218970546,378.4463998926963,402.37023218970546,1.0
11,1398,373.4727078904298,397.35086414412456,368.4727078904298,392.35086414412456,378.4727078904298,402.35086414412456,1.0
11,1399,373.50066851194913,397.3318688773758,368.50066851194913,392.3318688773758,378.50066851194913,402.3318688773758,1.0
11,1400,373.52576715206567,397.31143465417784,368.52576715206567,392.31143465417784,378.52576715206567,402.31143465417784,1.0
11,1401,373.5629533424019,397.29277771852924,368.5629533424019,392.29277771852924,378.5629533424019,402.29277771852924,1.0
11,1402,373.60075858685724,397.27513380810547,368.60075858685724,392.27513380810547,378.60075858685724,402.27513380810547,1.0
11,1403,373.63225844606524,397.2609961945624,368.63225844606524,392.2609961945624,378.63225844606524,402.2609961945624,1.0
11,1404,373.6614474789873,397.24435484998696,368.6614474789873,392.24435484998696,378.6614474789873,402.24435484998696,1.0
11,1405,373.6819602961238,397.22869332784364,368.6819602961238,392.22869332784364,378.6819602961238,402.22869332784364,1.0
11,1406,373.7009293223088,397.2130215277368,368.7009293223088,392.2130215277368,378.7009293223088,402.2130215277368,1.0
11,1407,373.7106645358249,397.1988566479776,368.7106645358249,392.1988566479776,378.7106645358249,402.1988566479776,1.0
11,1408,373.723052571664,397.181310246761,368.723052571664,392.181310246761,378.723052571664,402.181310246761,1.0
11,1409,373.7354349507257,397.16122398227117,368.7354349507257,392.16122398227117,378.7354349507257,402.16122398227117,1.0
11,1410,373.74792756407504,397.14069449214776,368.74792756407504,392.14069449214776,378.74792756407504,402.14069449214776,1.0
11,1411,373.7600943703486,397.1173825595634,368.7600943703486,392.1173825595634,378.7600943703486,402.1173825595634,1.0
11,1412,373.76968122842624,397.09770420574483,368.76968122842624,392.09770420574483,378.76968122842624,402.09770420574483,1.0
11,1413,373.78702140481744,397.0760132450224,368.78702140481744,392.0760132450224,378.78702140481744,402.0760132450224,1.0
11,1414,373.81396213678664,397.0550613685977,368.81396213678664,392.0550613685977,378.81396213678664,402.0550613685977,1.0
11,1415,373.849472471074,397.03576302174326,368.849472471074,392.03576302174326,378.849472471074,402.03576302174326,1.0
11,1416,373.88245157702806,397.0156969220416,368.88245157702806,392.0156969220416,378.88245157702806,402.0156969220416,1.0
11,1417,373.9106694991268,396.9941520479957,368.9106694991268,391.9941520479957,378.9106694991268,401.9941520479957,1.0
11,1418,373.9466503741701,396.9749668835463,368.9466503741701,391.9749668835463,378.9466503741701,401.9749668835463,1.0
11,1419,373.9871778100538,396.9580805229334,368.9871778100538,391.9580805229334,378.9871778100538,401.9580805229334,1.0
11,1420,374.0268947555731,396.943514310243,369.0268947555731,391.943514310243,379.0268947555731,401.943514310243,1.0
11,1421,374.06813569444745,396.9277591321533,369.06813569444745,391.9277591321533,379.06813569444745,401.9277591321533,1.0
11,1422,374.1018698832971,396.91325577515113,369.1018698832971,391.91325577515113,379.1018698832971,401.91325577515113,1.0
11,1423,374.1418172537183,396.89738147500356,369.1418172537183,391.89738147500356,379.1418172537183,401.89738147500356,1.0
11,1424,374.1833569263154,396.8776835705161,369.1833569263154,391.8776835705161,379.1833569263154,401.8776835705161,1.0
11,1425,374.2218596041274,396.8617983738686,369.2218596041274,391.8617983738686,379.2218596041274,401.8617983738686,1.0
11,1426,374.25615260477105,396.846365153954,369.25615260477105,391.846365153954,379.25615260477105,401.846365153954,1.0
11,1427,374.2944803929985,396.8309516946807,369.2944803929985,391.8309516946807,379.2944803929985,401.8309516946807,1.0
11,1428,374.33044634499953,396.8147181772512,369.33044634499953,391.8147181772512,379.33044634499953,401.8147181772512,1.0
11,1429,374.36841218842505,396.8002715517997,369.36841218842505,391.8002715517997,379.36841218842505,401.8002715517997,1.0
11,1430,374.4182872568157,396.78657427280876,369.4182872568157,391.78657427280876,379.4182872568157,401.78657427280876,1.0
11,1431,374.46770608713155,396.7765592557666,369.46770608713155,391.7765592557666,379.46770608713155,401.7765592557666,1.0
11,1432,374.51392525606866,396.7627329755255,369.51392525606866,391.7627329755255,379.51392525606866,401.7627329755255,1.0
11,1433,374.5589236260429,396.74775165942293,369.5589236260429,391.74775165942293,379.5589236260429,401.74775165942293,1.0
11,1434,374.61293662061814,396.7239727068658,369.61293662061814,391.7239727068658,379.61293662061814,401.7239727068658,1.0
11,1435,374.66459348943954,396.6977865733794,369.66459348943954,391.6977865733794,379.66459348943954,401.6977865733794,1.0
11,1436,374.7210873442107,396.6746010969097,369.7210873442107,391.6746010969097,379.7210873442107,401.6746010969097,1.0
11,1437,374.7805559957534,396.65527908676626,369.7805559957534,391.65527908676626,379.7805559957534,401.65527908676626,1.0
11,1438,374.8422748426814,396.6366538275997,369.8422748426814,391.6366538275997,379.8422748426814,401.6366538275997,1.0
11,1439,374.89851874324404,396.6190230911503,369.89851874324404,391.6190230911503,379.89851874324404,401.6190230911503,1.0
11,1440,374.94426335813273,396.6018861315644,369.94426335813273,391.6018861315644,379.94426335813273,401.6018861315644,1.0
11,1441,374.9867502524056,396.58501681174334,369.9867502524056,391.58501681174334,379.9867502524056,401.58501681174334,1.0
11,1442,375.0260935279886,396.5670179048072,370.0260935279886,391.5670179048072,380.0260935279886,401.5670179048072,1.0
11,1443,375.0575286059343,396.546575518946,370.0575286059343,391.546575518946,380.0575286059343,401.546575518946,1.0
11,1444,375.08871317982727,396.5267303380193,370.08871317982727,391.5267303380193,380.08871317982727,401.5267303380193,1.0
11,1445,375.12274221510364,396.50328182872363,370.12274221510364,391.50328182872363,380.12274221510364,401.50328182872363,1.0
11,1446,375.15416430199815,396.4786352301361,370.15416430199815,391.4786352301361,380.15416430199815,401.4786352301361,1.0
11,1447,375.179756752236,396.4544732446793,370.179756752236,391.4544732446793,380.179756752236,401.4544732446793,1.0
11,1448,375.19854645234585,396.43036295087626,370.19854645234585,391.43036295087626,380.19854645234585,401.43036295087626,1.0
11,1449,375.21818684826343,396.40362370773664,370.21818684826343,391.40362370773664,380.21818684826343,401.40362370773664,1.0
11,1450,375.2353302765926,396.3786219271274,370.2353302765926,391.3786219271274,380.2353302765926,401.3786219271274,1.0
11,1451,375.2571417703399,396.35487762542823,370.2571417703399,391.35487762542823,380.2571417703399,401.35487762542823,1.0
11,1452,375.27952476619157,396.3290015240809,370.27952476619157,391.3290015240809,380.27952476619157,401.3290015240809,1.0
11,1453,375.313525706382,396.3012063134468,370.313525706382,391.3012063134468,380.313525706382,401.3012063134468,1.0
11,1454,375.34294820121227,396.2754527750266,370.34294820121227,391.2754527750266,380.34294820121227,401.2754527750266,1.0
11,1455,375.367015069875,396.248010495662,370.367015069875,391.248010495662,380.367015069875,401.248010495662,1.0
11,1456,375.39747298719664,396.2200032771048,370.39747298719664,391.2200032771048,380.39747298719664,401.2200032771048,1.0
11,1457,375.42112417404525,396.19426002119724,370.42112417404525,391.19426002119724,380.42112417404525,401.19426002119724,1.0
11,1458,375.44274732317433,396.16776308225417,370.44274732317433,391.16776308225417,380.44274732317433,401.16776308225417,1.0
11,1459,375.4570694343208,396.13972117333765,370.4570694343208,391.13972117333765,380.4570694343208,401.13972117333765,1.0
11,1460,375.46564250512796,396.1128055445247,370.46564250512796,391.1128055445247,380.46564250512796,401.1128055445247,1.0
11,1461,375.46718307242327,396.08908393772106,370.46718307242327,391.08908393772106,380.46718307242327,401.08908393772106,1.0
11,1462,375.45924831175796,396.06936912123,370.45924831175796,391.06936912123,380.45924831175796,401.06936912123,1.0
11,1463,375.44941929464267,396.04697230264753,370.44941929464267,391.04697230264753,380.44941929464267,401.04697230264753,1.0
11,1464,375.44590576773453,396.0222332306026,370.44590576773453,391.0222332306026,380.44590576773453,401.0222332306026,1.0
11,1465,375.4451118299424,395.99777768984706,370.4451118299424,390.99777768984706,380.4451118299424,400.99777768984706,1.0
11,1466,375.44869802527984,395.97444820147524,370.44869802527984,390.97444820147524,380.44869802527984,400.97444820147524,1.0
11,1467,375.4447600534195,395.95451998991024,370.4447600534195,390.95451998991024,380.4447600534195,400.95451998991024,1.0
11,1468,375.44992124485077,395.9348637311048,370.44992124485077,390.9348637311048,380.44992124485077,400.9348637311048,1.0
11,1469,375.4441985159643,395.919088750805,370.4441985159643,390.919088750805,380.4441985159643,400.919088750805,1.0
