track_id,frame,cx,cy,x1,y1,x2,y2,conf
1,0,133.5,396.0,128.5,391.0,138.5,401.0,1.0
1,1,133.55895692759145,395.45823842657023,128.55895692759145,390.45823842657023,138.55895692759145,400.45823842657023,1.0
1,2,133.61610379358905,394.581251020148,128.61610379358905,389.581251020148,138.61610379358905,399.581251020148,1.0
1,3,133.59121873209662,393.30852846380446,128.59121873209662,388.30852846380446,138.59121873209662,398.30852846380446,1.0
1,4,133.2856740339488,392.81279769906575,128.2856740339488,387.81279769906575,138.2856740339488,397.81279769906575,1.0
1,5,133.06169149105187,393.8879873509227,128.06169149105187,388.8879873509227,138.06169149105187,398.8879873509227,1.0
1,6,132.06485217758197,394.6818651188627,127.06485217758197,389.6818651188627,137.06485217758197,399.6818651188627,1.0
1,7,132.48123786791078,394.210921191351,127.48123786791078,389.210921191351,137.48123786791078,399.210921191351,1.0
1,8,132.30009696676848,394.4294875861258,127.30009696676848,389.4294875861258,137.30009696676848,399.4294875861258,1.0
1,9,132.8701842171645,393.8763847901103,127.8701842171645,388.8763847901103,137.8701842171645,398.8763847901103,1.0
1,10,133.356280615562,394.3707963720682,128.356280615562,389.3707963720682,138.356280615562,399.3707963720682,1.0
1,11,134.21947253083187,394.7844362154788,129.21947253083187,389.7844362154788,139.21947253083187,399.7844362154788,1.0
1,12,134.52918526722144,394.8296238771271,129.52918526722144,389.8296238771271,139.52918526722144,399.8296238771271,1.0
1,13,135.25560210709898,395.5379447654263,130.25560210709898,390.5379447654263,140.25560210709898,400.5379447654263,1.0
1,14,135.28876235804304,396.5582711338209,130.28876235804304,391.5582711338209,140.28876235804304,401.5582711338209,1.0
1,15,135.77554534107392,396.5959917030417,130.77554534107392,391.5959917030417,140.77554534107392,401.5959917030417,1.0
1,16,135.0592320435055,395.44621288229513,130.0592320435055,390.44621288229513,140.0592320435055,400.44621288229513,1.0
1,17,134.9278288799691,393.7892927937921,129.9278288799691,388.7892927937921,139.9278288799691,398.7892927937921,1.0
1,18,134.32113627864442,392.5839931375571,129.32113627864442,387.5839931375571,139.32113627864442,397.5839931375571,1.0
1,19,134.70821430435203,391.75915495870834,129.70821430435203,386.75915495870834,139.70821430435203,396.75915495870834,1.0
1,20,134.68552318334446,391.2366951645722,129.68552318334446,386.2366951645722,139.68552318334446,396.2366951645722,1.0
1,21,134.64644645647846,391.2282481350041,129.64644645647846,386.2282481350041,139.64644645647846,396.2282481350041,1.0
1,22,134.86659149129537,390.9005850632564,129.86659149129537,385.9005850632564,139.86659149129537,395.9005850632564,1.0
1,23,134.73139704545957,390.0601202996006,129.73139704545957,385.0601202996006,139.73139704545957,395.0601202996006,1.0
1,24,134.91054144444018,390.00989962996545,129.91054144444018,385.00989962996545,139.91054144444018,395.00989962996545,1.0
1,25,135.56702161287188,389.6251962298225,130.56702161287188,384.6251962298225,140.56702161287188,394.6251962298225,1.0
1,26,135.67340956115515,389.92970778875537,130.67340956115515,384.92970778875537,140.67340956115515,394.92970778875537,1.0
1,27,135.15723611497813,389.8963162822235,130.15723611497813,384.8963162822235,140.15723611497813,394.8963162822235,1.0
1,28,133.2135636013637,390.00685949501553,128.2135636013637,385.00685949501553,138.2135636013637,395.00685949501553,1.0
1,29,132.347477757558,390.1025026592306,127.34747775755801,385.1025026592306,137.347477757558,395.1025026592306,1.0
1,30,133.390952077734,390.50899694811187,128.390952077734,385.50899694811187,138.390952077734,395.50899694811187,1.0
1,31,133.1145486618571,392.26077448919847,128.1145486618571,387.26077448919847,138.1145486618571,397.26077448919847,1.0
1,32,132.92960353551058,392.62635973912677,127.92960353551058,387.62635973912677,137.92960353551058,397.62635973912677,1.0
1,33,132.287905362759,392.50056244083106,127.287905362759,387.50056244083106,137.287905362759,397.50056244083106,1.0
1,34,132.51018268728984,393.3518328327395,127.51018268728984,388.3518328327395,137.51018268728984,398.3518328327395,1.0
1,35,132.6697521760557,394.41175355059283,127.66975217605571,389.41175355059283,137.6697521760557,399.41175355059283,1.0
1,36,132.51651419022338,395.1212009571908,127.51651419022338,390.1212009571908,137.51651419022338,400.1212009571908,1.0
1,37,131.686284723799,396.2360247846194,126.68628472379899,391.2360247846194,136.686284723799,401.2360247846194,1.0
1,38,131.5308092496386,397.4289077521217,126.5308092496386,392.4289077521217,136.5308092496386,402.4289077521217,1.0
1,39,131.9495105819116,397.9337703624722,126.9495105819116,392.9337703624722,136.9495105819116,402.9337703624722,1.0
1,40,132.44978572246512,398.09499100006803,127.44978572246512,393.09499100006803,137.44978572246512,403.09499100006803,1.0
1,41,133.01397464338908,398.0452860319738,128.01397464338908,393.0452860319738,138.01397464338908,403.0452860319738,1.0
1,42,133.26078782015523,398.44198388443857,128.26078782015523,393.44198388443857,138.26078782015523,403.44198388443857,1.0
1,43,133.6838309476661,398.57862188821326,128.6838309476661,393.57862188821326,138.6838309476661,403.57862188821326,1.0
1,44,134.15847658872286,399.0401058106934,129.15847658872286,394.0401058106934,139.15847658872286,404.0401058106934,1.0
1,45,135.81367054696184,399.58933026653284,130.81367054696184,394.58933026653284,140.81367054696184,404.58933026653284,1.0
1,46,136.81129532705756,399.89677927106163,131.81129532705756,394.89677927106163,141.81129532705756,404.89677927106163,1.0
1,47,138.45569162511762,401.09086747514255,133.45569162511762,396.09086747514255,143.45569162511762,406.09086747514255,1.0
1,48,138.48915735630422,402.08413097397624,133.48915735630422,397.08413097397624,143.48915735630422,407.08413097397624,1.0
1,49,138.02903661789998,402.1522147326865,133.02903661789998,397.1522147326865,143.02903661789998,407.1522147326865,1.0
1,50,137.86792519139723,401.872147564035,132.86792519139723,396.872147564035,142.86792519139723,406.872147564035,1.0
1,51,138.17879826981732,401.98713166219505,133.17879826981732,396.98713166219505,143.17879826981732,406.98713166219505,1.0
1,52,137.63802267321063,402.7079391717362,132.63802267321063,397.7079391717362,142.63802267321063,407.7079391717362,1.0
1,53,137.61562795736327,402.9685900603804,132.61562795736327,397.9685900603804,142.61562795736327,407.9685900603804,1.0
1,54,137.77085563571347,402.5050945109893,132.77085563571347,397.5050945109893,142.77085563571347,407.5050945109893,1.0
1,55,138.32639180604653,401.7707078737023,133.32639180604653,396.7707078737023,143.32639180604653,406.7707078737023,1.0
1,56,139.5032987510489,401.56929654380946,134.5032987510489,396.56929654380946,144.5032987510489,406.56929654380946,1.0
1,57,139.74915692017217,401.4355846778469,134.74915692017217,396.4355846778469,144.74915692017217,406.4355846778469,1.0
1,58,140.9189913943694,401.95141770308567,135.9189913943694,396.95141770308567,145.9189913943694,406.95141770308567,1.0
1,59,140.96409079120008,403.0795584782678,135.96409079120008,398.0795584782678,145.96409079120008,408.0795584782678,1.0
1,60,142.01937433241505,404.1415637416626,137.01937433241505,399.1415637416626,147.01937433241505,409.1415637416626,1.0
1,61,143.05041050816288,405.0924362561886,138.05041050816288,400.0924362561886,148.05041050816288,410.0924362561886,1.0
1,62,142.2437169030586,404.3546512144985,137.2437169030586,399.3546512144985,147.2437169030586,409.3546512144985,1.0
1,63,141.6786503754729,405.46519292852685,136.6786503754729,400.46519292852685,146.6786503754729,410.46519292852685,1.0
1,64,141.18202844933344,406.1302227830112,136.18202844933344,401.1302227830112,146.18202844933344,411.1302227830112,1.0
1,65,140.65136926041058,406.83295584614547,135.65136926041058,401.83295584614547,145.65136926041058,411.83295584614547,1.0
1,66,140.7744946683554,406.4200608113506,135.7744946683554,401.4200608113506,145.7744946683554,411.4200608113506,1.0
1,67,141.03342130797006,406.5262713263887,136.03342130797006,401.5262713263887,146.03342130797006,411.5262713263887,1.0
1,68,140.96189425804107,406.346532525841,135.96189425804107,401.346532525841,145.96189425804107,411.346532525841,1.0
1,69,140.68184376535058,405.22064953341857,135.68184376535058,400.22064953341857,145.68184376535058,410.22064953341857,1.0
1,70,140.34193841919267,404.13311457563583,135.34193841919267,399.13311457563583,145.34193841919267,409.13311457563583,1.0
1,71,140.89302929355668,403.14176085908633,135.89302929355668,398.14176085908633,145.89302929355668,408.14176085908633,1.0
1,72,141.26508149447008,403.15251749844964,136.26508149447008,398.15251749844964,146.26508149447008,408.15251749844964,1.0
1,73,142.01273850907,402.94009002194326,137.01273850907,397.94009002194326,147.01273850907,407.94009002194326,1.0
1,74,142.40672961038635,401.8494215114221,137.40672961038635,396.8494215114221,147.40672961038635,406.8494215114221,1.0
1,75,142.69145307061345,400.3029768588186,137.69145307061345,395.3029768588186,147.69145307061345,405.3029768588186,1.0
1,76,142.63819206420044,398.80683546194905,137.63819206420044,393.80683546194905,147.63819206420044,403.80683546194905,1.0
1,77,142.77869055106805,398.20780314652995,137.77869055106805,393.20780314652995,147.77869055106805,403.20780314652995,1.0
1,78,142.94010219428276,398.1128783832189,137.94010219428276,393.1128783832189,147.94010219428276,403.1128783832189,1.0
1,79,142.26641858399498,398.8548853002139,137.26641858399498,393.8548853002139,147.26641858399498,403.8548853002139,1.0
1,80,141.70628962514846,398.82879159646865,136.70628962514846,393.82879159646865,146.70628962514846,403.82879159646865,1.0
1,81,141.71824256673224,398.61934127140023,136.71824256673224,393.61934127140023,146.71824256673224,403.61934127140023,1.0
1,82,140.86590962044778,400.0698853538328,135.86590962044778,395.0698853538328,145.86590962044778,405.0698853538328,1.0
1,83,140.71501515412143,400.3073840268165,135.71501515412143,395.3073840268165,145.71501515412143,405.3073840268165,1.0
1,84,141.7556385141197,400.40703731318587,136.7556385141197,395.40703731318587,146.7556385141197,405.40703731318587,1.0
1,85,142.3939447853089,399.736787502365,137.3939447853089,394.736787502365,147.3939447853089,404.736787502365,1.0
1,86,143.13391891616286,399.0657867876593,138.13391891616286,394.0657867876593,148.13391891616286,404.0657867876593,1.0
1,87,144.09860589730337,398.5321800868038,139.09860589730337,393.5321800868038,149.09860589730337,403.5321800868038,1.0
1,88,146.18221170769542,397.4837965384564,141.18221170769542,392.4837965384564,151.18221170769542,402.4837965384564,1.0
1,89,147.2709489425222,396.49720653044477,142.2709489425222,391.49720653044477,152.2709489425222,401.49720653044477,1.0
1,90,147.33958776997395,396.16410486725596,142.33958776997395,391.16410486725596,152.33958776997395,401.16410486725596,1.0
1,91,147.28544799385594,395.68650093536314,142.28544799385594,390.68650093536314,152.28544799385594,400.68650093536314,1.0
1,92,147.67489926238062,395.3946553218053,142.67489926238062,390.3946553218053,152.67489926238062,400.3946553218053,1.0
1,93,148.07665071093172,395.43639108069345,143.07665071093172,390.43639108069345,153.07665071093172,400.43639108069345,1.0
1,94,149.61665079438586,394.5796603008799,144.61665079438586,389.5796603008799,154.61665079438586,399.5796603008799,1.0
1,95,149.3957957801167,393.286749970763,144.3957957801167,388.286749970763,154.3957957801167,398.286749970763,1.0
1,96,149.1789271580827,393.18122729113117,144.1789271580827,388.18122729113117,154.1789271580827,398.18122729113117,1.0
1,97,148.52994326594074,394.3612947095861,143.52994326594074,389.3612947095861,153.52994326594074,399.3612947095861,1.0
1,98,147.38643411172842,393.8838675463582,142.38643411172842,388.8838675463582,152.38643411172842,398.8838675463582,1.0
1,99,146.3100315380653,392.7799117227657,141.3100315380653,387.7799117227657,151.3100315380653,397.7799117227657,1.0
1,100,144.71282266613974,391.75864969835493,139.71282266613974,386.75864969835493,149.71282266613974,396.75864969835493,1.0
1,101,143.83095246461662,390.6074149414798,138.83095246461662,385.6074149414798,148.83095246461662,395.6074149414798,1.0
1,102,143.0904149083553,390.37704989026923,138.0904149083553,385.37704989026923,148.0904149083553,395.37704989026923,1.0
1,103,143.1954892157331,390.539624518279,138.1954892157331,385.539624518279,148.1954892157331,395.539624518279,1.0
1,104,143.2533518674154,390.82503669561163,138.2533518674154,385.82503669561163,148.2533518674154,395.82503669561163,1.0
1,105,142.50135127393432,390.9931705829149,137.50135127393432,385.9931705829149,147.50135127393432,395.9931705829149,1.0
1,106,143.02519679424077,390.63378631931664,138.02519679424077,385.63378631931664,148.02519679424077,395.63378631931664,1.0
1,107,143.01219420383532,390.71135173008685,138.01219420383532,385.71135173008685,148.01219420383532,395.71135173008685,1.0
1,108,143.20354185507878,390.39302025542463,138.20354185507878,385.39302025542463,148.20354185507878,395.39302025542463,1.0
1,109,142.3201413554304,390.06421104640344,137.3201413554304,385.06421104640344,147.3201413554304,395.06421104640344,1.0
1,110,141.62329179944044,389.52754521264535,136.62329179944044,384.52754521264535,146.62329179944044,394.52754521264535,1.0
1,111,141.23848183690092,389.549167412754,136.23848183690092,384.549167412754,146.23848183690092,394.549167412754,1.0
1,112,141.84550423652976,389.53056384804063,136.84550423652976,384.53056384804063,146.84550423652976,394.53056384804063,1.0
1,113,141.61566180879427,391.0210824953816,136.61566180879427,386.0210824953816,146.61566180879427,396.0210824953816,1.0
1,114,140.01933690004134,392.7627016740813,135.01933690004134,387.7627016740813,145.01933690004134,397.7627016740813,1.0
1,115,139.5033163433004,392.9893611180945,134.5033163433004,387.9893611180945,144.5033163433004,397.9893611180945,1.0
1,116,137.49564551734701,392.3844604703356,132.49564551734701,387.3844604703356,142.49564551734701,397.3844604703356,1.0
1,117,136.6782515823468,391.6614952882213,131.6782515823468,386.6614952882213,141.6782515823468,396.6614952882213,1.0
1,118,136.47970263365215,391.6036739020766,131.47970263365215,386.6036739020766,141.47970263365215,396.6036739020766,1.0
1,119,135.69560329603087,391.18408802524095,130.69560329603087,386.18408802524095,140.69560329603087,396.18408802524095,1.0
1,120,135.90766698270133,390.935320685706,130.90766698270133,385.935320685706,140.90766698270133,395.935320685706,1.0
1,121,135.74116638396163,390.9896459201017,130.74116638396163,385.9896459201017,140.74116638396163,395.9896459201017,1.0
1,122,135.20165082994694,391.3333354271833,130.20165082994694,386.3333354271833,140.20165082994694,396.3333354271833,1.0
1,123,134.61358452904804,391.48570140643204,129.61358452904804,386.48570140643204,139.61358452904804,396.48570140643204,1.0
1,124,134.60052310896657,392.64660157200126,129.60052310896657,387.64660157200126,139.60052310896657,397.64660157200126,1.0
1,125,135.78212704104916,393.4408908194713,130.78212704104916,388.4408908194713,140.78212704104916,398.4408908194713,1.0
1,126,136.13603923370897,393.6589679733304,131.13603923370897,388.6589679733304,141.13603923370897,398.6589679733304,1.0
1,127,136.80058037899167,394.1882976655992,131.80058037899167,389.1882976655992,141.80058037899167,399.1882976655992,1.0
1,128,136.6159442890412,393.872716480511,131.6159442890412,388.872716480511,141.6159442890412,398.872716480511,1.0
1,129,135.1737621755673,392.84068024119887,130.1737621755673,387.84068024119887,140.1737621755673,397.84068024119887,1.0
1,130,134.9689949041204,391.9902978922773,129.9689949041204,386.9902978922773,139.9689949041204,396.9902978922773,1.0
1,131,135.28964731541143,391.943350514878,130.28964731541143,386.943350514878,140.28964731541143,396.943350514878,1.0
1,132,136.50449415400547,391.7447723487199,131.50449415400547,386.7447723487199,141.50449415400547,396.7447723487199,1.0
1,133,137.17573171903845,391.8505445391241,132.17573171903845,386.8505445391241,142.17573171903845,396.8505445391241,1.0
1,134,136.94807058572263,391.7059966799473,131.94807058572263,386.7059966799473,141.94807058572263,396.7059966799473,1.0
1,135,137.068865897792,391.0815403658235,132.068865897792,386.0815403658235,142.068865897792,396.0815403658235,1.0
1,136,136.14172666401345,391.0724482705453,131.14172666401345,386.0724482705453,141.14172666401345,396.0724482705453,1.0
1,137,137.18194249892306,392.03625233464027,132.18194249892306,387.03625233464027,142.18194249892306,397.03625233464027,1.0
1,138,137.19715790389435,392.4872258824664,132.19715790389435,387.4872258824664,142.19715790389435,397.4872258824664,1.0
1,139,136.5311554418107,392.6427162156885,131.5311554418107,387.6427162156885,141.5311554418107,397.6427162156885,1.0
1,140,136.95374552590786,393.16979846316457,131.95374552590786,388.16979846316457,141.95374552590786,398.16979846316457,1.0
1,141,136.5765795280575,392.97834772549055,131.5765795280575,387.97834772549055,141.5765795280575,397.97834772549055,1.0
1,142,136.1593011579598,393.53346602119444,131.1593011579598,388.53346602119444,141.1593011579598,398.53346602119444,1.0
1,143,135.68166955534338,394.0179926141116,130.68166955534338,389.0179926141116,140.68166955534338,399.0179926141116,1.0
1,144,135.6354572998691,394.5448032681872,130.6354572998691,389.5448032681872,140.6354572998691,399.5448032681872,1.0
1,145,135.89643518698261,394.27327586924815,130.89643518698261,389.27327586924815,140.89643518698261,399.27327586924815,1.0
1,146,135.82185985058018,395.1390155026508,130.82185985058018,390.1390155026508,140.82185985058018,400.1390155026508,1.0
1,147,135.7828873872834,395.24645758577424,130.7828873872834,390.24645758577424,140.7828873872834,400.24645758577424,1.0
1,148,135.38626447544635,394.7295848842289,130.38626447544635,389.7295848842289,140.38626447544635,399.7295848842289,1.0
1,149,134.9083425210046,396.0711235120381,129.9083425210046,391.0711235120381,139.9083425210046,401.0711235120381,1.0
1,150,135.64767613791355,397.4937736345352,130.64767613791355,392.4937736345352,140.64767613791355,402.4937736345352,1.0
1,151,137.24296085717788,399.1613483297591,132.24296085717788,394.1613483297591,142.24296085717788,404.1613483297591,1.0
1,152,137.60416965732634,399.6134026586934,132.60416965732634,394.6134026586934,142.60416965732634,404.6134026586934,1.0
1,153,136.62952470437074,400.9787738601568,131.62952470437074,395.9787738601568,141.62952470437074,405.9787738601568,1.0
1,154,136.5759317215076,400.93704087934367,131.5759317215076,395.93704087934367,141.5759317215076,405.93704087934367,1.0
1,155,136.27819787612913,400.709941770262,131.27819787612913,395.709941770262,141.27819787612913,405.709941770262,1.0
1,156,136.94844837972698,401.83537484135087,131.94844837972698,396.83537484135087,141.94844837972698,406.83537484135087,1.0
1,157,137.4215141998325,403.7366209759753,132.4215141998325,398.7366209759753,142.4215141998325,408.7366209759753,1.0
1,158,137.6686252422265,405.44912921045113,132.6686252422265,400.44912921045113,142.6686252422265,410.44912921045113,1.0
1,159,136.67674929680817,405.71992663489885,131.67674929680817,400.71992663489885,141.67674929680817,410.71992663489885,1.0
1,160,137.46107668268382,405.7622222968718,132.46107668268382,400.7622222968718,142.46107668268382,410.7622222968718,1.0
1,161,137.21049638776276,405.20278117740696,132.21049638776276,400.20278117740696,142.21049638776276,410.20278117740696,1.0
1,162,137.5529460195045,405.4811438281804,132.5529460195045,400.4811438281804,142.5529460195045,410.4811438281804,1.0
1,163,137.31787628009283,404.9615608452983,132.31787628009283,399.9615608452983,142.31787628009283,409.9615608452983,1.0
1,164,136.96396849986783,404.17653628424796,131.96396849986783,399.17653628424796,141.96396849986783,409.17653628424796,1.0
1,165,135.4562562341647,404.2092621613627,130.4562562341647,399.2092621613627,140.4562562341647,409.2092621613627,1.0
1,166,134.97036005393105,404.5083744088781,129.97036005393105,399.5083744088781,139.97036005393105,409.5083744088781,1.0
1,167,134.8696951152148,404.23659693469875,129.8696951152148,399.23659693469875,139.8696951152148,409.23659693469875,1.0
1,168,134.38946295774804,403.50992951017406,129.38946295774804,398.50992951017406,139.38946295774804,408.50992951017406,1.0
1,169,134.1177892304861,403.0331715574955,129.1177892304861,398.0331715574955,139.1177892304861,408.0331715574955,1.0
1,170,134.00652056071695,401.99176498530494,129.00652056071695,396.99176498530494,139.00652056071695,406.99176498530494,1.0
1,171,132.8613552683411,400.48473413503825,127.8613552683411,395.48473413503825,137.8613552683411,405.48473413503825,1.0
1,172,131.5803144487645,400.93798288668955,126.58031444876451,395.93798288668955,136.5803144487645,405.93798288668955,1.0
1,173,132.1420158614259,401.9916953246147,127.1420158614259,396.9916953246147,137.1420158614259,406.9916953246147,1.0
1,174,132.04249085851305,402.270506663007,127.04249085851305,397.270506663007,137.04249085851305,407.270506663007,1.0
1,175,131.81565594942478,402.75125445472185,126.81565594942478,397.75125445472185,136.81565594942478,407.75125445472185,1.0
1,176,130.90068040508828,403.7255716254307,125.90068040508828,398.7255716254307,135.90068040508828,408.7255716254307,1.0
1,177,129.3599598342723,403.69729569057137,124.3599598342723,398.69729569057137,134.3599598342723,408.69729569057137,1.0
1,178,127.93549542808712,403.1839312279468,122.93549542808712,398.1839312279468,132.9354954280871,408.1839312279468,1.0
1,179,128.03619047115598,403.8131687850283,123.03619047115598,398.8131687850283,133.03619047115598,408.8131687850283,1.0
1,180,127.91841028388583,404.5851598321704,122.91841028388583,399.5851598321704,132.91841028388583,409.5851598321704,1.0
1,181,127.2415334446548,406.28187389256004,122.2415334446548,401.28187389256004,132.2415334446548,411.28187389256004,1.0
1,182,127.36219523157827,407.8611725051245,122.36219523157827,402.8611725051245,132.36219523157826,412.8611725051245,1.0
1,183,127.36960063773058,408.60385774808054,122.36960063773058,403.60385774808054,132.36960063773057,413.60385774808054,1.0
1,184,128.0930512161973,410.06203136893373,123.0930512161973,405.06203136893373,133.0930512161973,415.06203136893373,1.0
1,185,128.9106137118125,410.0229980379695,123.91061371181249,405.0229980379695,133.9106137118125,415.0229980379695,1.0
1,186,128.96723073298136,408.63233427761435,123.96723073298136,403.63233427761435,133.96723073298136,413.63233427761435,1.0
1,187,128.9347179761982,408.8849504587606,123.93471797619819,403.8849504587606,133.9347179761982,413.8849504587606,1.0
1,188,128.80438744667296,408.8495648451833,123.80438744667296,403.8495648451833,133.80438744667296,413.8495648451833,1.0
1,189,128.65767643736203,408.26320440743973,123.65767643736203,403.26320440743973,133.65767643736203,413.26320440743973,1.0
1,190,127.78695211089237,407.97322995400214,122.78695211089237,402.97322995400214,132.78695211089237,412.97322995400214,1.0
1,191,127.71947716089629,406.8937034763786,122.71947716089629,401.8937034763786,132.7194771608963,411.8937034763786,1.0
1,192,126.93204647369886,405.918175821904,121.93204647369886,400.918175821904,131.93204647369885,410.918175821904,1.0
1,193,126.48439599952957,404.4172821797071,121.48439599952957,399.4172821797071,131.48439599952957,409.4172821797071,1.0
1,194,126.65907698554989,402.3347945655981,121.65907698554989,397.3347945655981,131.6590769855499,407.3347945655981,1.0
1,195,126.39057287491062,402.5686441500722,121.39057287491062,397.5686441500722,131.39057287491062,407.5686441500722,1.0
1,196,126.57098039460523,403.1603079738641,121.57098039460523,398.1603079738641,131.57098039460521,408.1603079738641,1.0
1,197,125.61687393667316,403.8982950691841,120.61687393667316,398.8982950691841,130.61687393667316,408.8982950691841,1.0
1,198,125.98885352381897,404.1217785636053,120.98885352381897,399.1217785636053,130.988853523819,409.1217785636053,1.0
1,199,124.71853184538644,404.5401165466772,119.71853184538644,399.5401165466772,129.71853184538645,409.5401165466772,1.0
1,200,122.74362499593236,405.95002714792605,117.74362499593236,400.95002714792605,127.74362499593236,410.95002714792605,1.0
1,201,120.22751824436071,406.9840305061879,115.22751824436071,401.9840305061879,125.22751824436071,411.9840305061879,1.0
1,202,118.39284508116961,407.59608830143156,113.39284508116961,402.59608830143156,123.39284508116961,412.59608830143156,1.0
1,203,117.60923944205354,407.3781662618028,112.60923944205354,402.3781662618028,122.60923944205354,412.3781662618028,1.0
1,204,116.27312487737456,406.470199392843,111.27312487737456,401.470199392843,121.27312487737456,411.470199392843,1.0
1,205,115.12653930179339,405.8952595744555,110.12653930179339,400.8952595744555,120.12653930179339,410.8952595744555,1.0
1,206,114.03399647601464,405.9053947530689,109.03399647601464,400.9053947530689,119.03399647601464,410.9053947530689,1.0
1,207,113.9694171553407,407.03188939571726,108.9694171553407,402.03188939571726,118.9694171553407,412.03188939571726,1.0
1,208,112.84316136173737,408.4308600737898,107.84316136173737,403.4308600737898,117.84316136173737,413.4308600737898,1.0
1,209,112.7243002153046,409.51464003332967,107.7243002153046,404.51464003332967,117.7243002153046,414.51464003332967,1.0
1,210,113.44214167071121,410.49452263516304,108.44214167071121,405.49452263516304,118.44214167071121,415.49452263516304,1.0
1,211,114.43054057865974,410.523938589179,109.43054057865974,405.523938589179,119.43054057865974,415.523938589179,1.0
1,212,114.91570836414692,410.153327409332,109.91570836414692,405.153327409332,119.91570836414692,415.153327409332,1.0
1,213,115.26033926112218,409.7616034304267,110.26033926112218,404.7616034304267,120.26033926112218,414.7616034304267,1.0
1,214,115.23124456685532,409.93747850244074,110.23124456685532,404.93747850244074,120.23124456685532,414.93747850244074,1.0
1,215,115.79788295741824,409.84908806583456,110.79788295741824,404.84908806583456,120.79788295741824,414.84908806583456,1.0
1,216,116.35344509524306,409.41217464426035,111.35344509524306,404.41217464426035,121.35344509524306,414.41217464426035,1.0
1,217,116.43427500482078,408.1996981228637,111.43427500482078,403.1996981228637,121.43427500482078,413.1996981228637,1.0
1,218,115.59812818262682,407.59364730393844,110.59812818262682,402.59364730393844,120.59812818262682,412.59364730393844,1.0
1,219,115.3564164779005,407.957038312814,110.3564164779005,402.957038312814,120.3564164779005,412.957038312814,1.0
1,220,115.14119949811727,409.1212116328716,110.14119949811727,404.1212116328716,120.14119949811727,414.1212116328716,1.0
1,221,114.93077911336451,409.4833513314024,109.93077911336451,404.4833513314024,119.93077911336451,414.4833513314024,1.0
1,222,114.09424847257074,409.38402498381055,109.09424847257074,404.38402498381055,119.09424847257074,414.38402498381055,1.0
1,223,114.35584417846084,410.0327348305854,109.35584417846084,405.0327348305854,119.35584417846084,415.0327348305854,1.0
1,224,114.3474912939157,409.80338303111097,109.3474912939157,404.80338303111097,119.3474912939157,414.80338303111097,1.0
1,225,113.5847753765174,409.7808268777059,108.5847753765174,404.7808268777059,118.5847753765174,414.7808268777059,1.0
1,226,113.06913560771984,409.6163730196723,108.06913560771984,404.6163730196723,118.06913560771984,414.6163730196723,1.0
1,227,112.75079594039389,408.9689294595638,107.75079594039389,403.9689294595638,117.75079594039389,413.9689294595638,1.0
1,228,113.8514709668844,407.9643520569111,108.8514709668844,402.9643520569111,118.8514709668844,412.9643520569111,1.0
1,229,115.43544533026409,406.4374905145517,110.43544533026409,401.4374905145517,120.43544533026409,411.4374905145517,1.0
1,230,117.16070919457444,405.8005806523067,112.16070919457444,400.8005806523067,122.16070919457444,410.8005806523067,1.0
1,231,118.92946802371034,405.2366645785689,113.92946802371034,400.2366645785689,123.92946802371034,410.2366645785689,1.0
1,232,119.8320110550196,404.03827794106996,114.8320110550196,399.03827794106996,124.8320110550196,409.03827794106996,1.0
1,233,120.43225215204608,404.3975851707911,115.43225215204608,399.3975851707911,125.43225215204608,409.3975851707911,1.0
1,234,121.52193406990588,404.53257917013565,116.52193406990588,399.53257917013565,126.52193406990588,409.53257917013565,1.0
1,235,122.86427871675066,403.8388588712655,117.86427871675066,398.8388588712655,127.86427871675066,408.8388588712655,1.0
1,236,125.08147473383394,402.85596935273395,120.08147473383394,397.85596935273395,130.08147473383394,407.85596935273395,1.0
1,237,126.74613032026552,402.68254338151706,121.74613032026552,397.68254338151706,131.74613032026554,407.68254338151706,1.0
1,238,127.82028165015542,403.5316175951636,122.82028165015542,398.5316175951636,132.82028165015544,408.5316175951636,1.0
1,239,128.76399675023552,404.0824184882018,123.76399675023552,399.0824184882018,133.76399675023552,409.0824184882018,1.0
1,240,129.90160765186255,404.71659159200846,124.90160765186255,399.71659159200846,134.90160765186255,409.71659159200846,1.0
1,241,131.83013107788963,405.6497819575331,126.83013107788963,400.6497819575331,136.83013107788963,410.6497819575331,1.0
1,242,133.18583422504003,406.3545623162572,128.18583422504003,401.3545623162572,138.18583422504003,411.3545623162572,1.0
1,243,133.5589238900137,406.62997402783316,128.5589238900137,401.62997402783316,138.5589238900137,411.62997402783316,1.0
1,244,133.34953764608738,406.82267460290143,128.34953764608738,401.82267460290143,138.34953764608738,411.82267460290143,1.0
1,245,133.92683222831687,407.0349263068549,128.92683222831687,402.0349263068549,138.92683222831687,412.0349263068549,1.0
1,246,133.98941230917305,406.61343825313344,128.98941230917305,401.61343825313344,138.98941230917305,411.61343825313344,1.0
1,247,133.28481587660826,405.74229486680593,128.28481587660826,400.74229486680593,138.28481587660826,410.74229486680593,1.0
1,248,132.91225160340736,405.0805386503541,127.91225160340736,400.0805386503541,137.91225160340736,410.0805386503541,1.0
1,249,132.95610371753227,403.9945574929139,127.95610371753227,398.9945574929139,137.95610371753227,408.9945574929139,1.0
1,250,133.49636045369974,402.8473900470905,128.49636045369974,397.8473900470905,138.49636045369974,407.8473900470905,1.0
1,251,133.42814510185354,401.77229300260774,128.42814510185354,396.77229300260774,138.42814510185354,406.77229300260774,1.0
1,252,133.26660520333303,401.6800498008464,128.26660520333303,396.6800498008464,138.26660520333303,406.6800498008464,1.0
1,253,133.12113230034223,401.51514982532154,128.12113230034223,396.51514982532154,138.12113230034223,406.51514982532154,1.0
1,254,133.71753101758264,401.0620327125877,128.71753101758264,396.0620327125877,138.71753101758264,406.0620327125877,1.0
1,255,133.37944721510814,400.1143208357667,128.37944721510814,395.1143208357667,138.37944721510814,405.1143208357667,1.0
1,256,134.28009836793763,399.5830579344166,129.28009836793763,394.5830579344166,139.28009836793763,404.5830579344166,1.0
1,257,134.8668830665465,399.04996996744745,129.8668830665465,394.04996996744745,139.8668830665465,404.04996996744745,1.0
1,258,135.84740377348126,399.26032227370337,130.84740377348126,394.26032227370337,140.84740377348126,404.26032227370337,1.0
1,259,135.71181664312886,398.7355180080523,130.71181664312886,393.7355180080523,140.71181664312886,403.7355180080523,1.0
1,260,136.10936390996125,398.54033539037334,131.10936390996125,393.54033539037334,141.10936390996125,403.54033539037334,1.0
1,261,136.55108950643626,398.50455640343273,131.55108950643626,393.50455640343273,141.55108950643626,403.50455640343273,1.0
1,262,137.08078508411202,397.8109335736423,132.08078508411202,392.8109335736423,142.08078508411202,402.8109335736423,1.0
1,263,136.62760532209535,397.92340941013714,131.62760532209535,392.92340941013714,141.62760532209535,402.92340941013714,1.0
1,264,135.16751210247952,398.6473043315962,130.16751210247952,393.6473043315962,140.16751210247952,403.6473043315962,1.0
1,265,134.68046340020766,399.29529100732714,129.68046340020766,394.29529100732714,139.68046340020766,404.29529100732714,1.0
1,266,134.5474347642061,399.71433828685434,129.5474347642061,394.71433828685434,139.5474347642061,404.71433828685434,1.0
1,267,134.52281489567025,398.6258366230447,129.52281489567025,393.6258366230447,139.52281489567025,403.6258366230447,1.0
1,268,134.37815682442167,397.9956689070723,129.37815682442167,392.9956689070723,139.37815682442167,402.9956689070723,1.0
1,269,132.71749998729518,396.8099420751102,127.71749998729518,391.8099420751102,137.71749998729518,401.8099420751102,1.0
1,270,131.84626745270702,395.69637948390687,126.84626745270702,390.69637948390687,136.84626745270702,400.69637948390687,1.0
1,271,132.08315464636993,395.52578895427644,127.08315464636993,390.52578895427644,137.08315464636993,400.52578895427644,1.0
1,272,131.51025338714436,395.07714683835565,126.51025338714436,390.07714683835565,136.51025338714436,400.07714683835565,1.0
1,273,132.54997238021141,393.9991235750365,127.54997238021141,388.9991235750365,137.54997238021141,398.9991235750365,1.0
1,274,133.94830819928106,393.09986343145135,128.94830819928106,388.09986343145135,138.94830819928106,398.09986343145135,1.0
1,275,134.92744062553405,392.1300790920126,129.92744062553405,387.1300790920126,139.92744062553405,397.1300790920126,1.0
1,276,135.53282442004104,391.61122193321074,130.53282442004104,386.61122193321074,140.53282442004104,396.61122193321074,1.0
1,277,135.72409341997863,391.63513527073394,130.72409341997863,386.63513527073394,140.72409341997863,396.63513527073394,1.0
1,278,135.80837279968912,392.55326037273767,130.80837279968912,387.55326037273767,140.80837279968912,397.55326037273767,1.0
1,279,135.02737415347303,393.08299663423503,130.02737415347303,388.08299663423503,140.02737415347303,398.08299663423503,1.0
1,280,133.9497332265947,392.9916353231291,128.9497332265947,387.9916353231291,138.9497332265947,397.9916353231291,1.0
1,281,134.2436344852207,392.7097564715709,129.2436344852207,387.7097564715709,139.2436344852207,397.7097564715709,1.0
1,282,134.89089017845376,393.80173581956495,129.89089017845376,388.80173581956495,139.89089017845376,398.80173581956495,1.0
1,283,134.8130421979633,394.91481221514204,129.8130421979633,389.91481221514204,139.8130421979633,399.91481221514204,1.0
1,284,134.48476237291027,397.07623819658284,129.48476237291027,392.07623819658284,139.48476237291027,402.07623819658284,1.0
1,285,134.2830746519167,399.22063878994845,129.2830746519167,394.22063878994845,139.2830746519167,404.22063878994845,1.0
1,286,133.69609807852453,400.11062859275745,128.69609807852453,395.11062859275745,138.69609807852453,405.11062859275745,1.0
1,287,133.33025399908283,401.1791651631244,128.33025399908283,396.1791651631244,138.33025399908283,406.1791651631244,1.0
1,288,132.91482632036207,402.9300478368905,127.91482632036207,397.9300478368905,137.91482632036207,407.9300478368905,1.0
1,289,132.77403943991112,404.04292666257203,127.77403943991112,399.04292666257203,137.77403943991112,409.04292666257203,1.0
1,290,132.7219929169908,404.6685712453409,127.72199291699081,399.6685712453409,137.7219929169908,409.6685712453409,1.0
1,291,133.3878463534382,404.93898537123414,128.3878463534382,399.93898537123414,138.3878463534382,409.93898537123414,1.0
1,292,133.17018964435871,404.42477043925595,128.17018964435871,399.42477043925595,138.17018964435871,409.42477043925595,1.0
1,293,133.69223416772647,404.9476729730253,128.69223416772647,399.9476729730253,138.69223416772647,409.9476729730253,1.0
1,294,134.41905647526312,405.15079595164866,129.41905647526312,400.15079595164866,139.41905647526312,410.15079595164866,1.0
1,295,135.03038468851346,405.3831105221359,130.03038468851346,400.3831105221359,140.03038468851346,410.3831105221359,1.0
1,296,135.41118450477478,405.42096256208083,130.41118450477478,400.42096256208083,140.41118450477478,410.42096256208083,1.0
1,297,136.04461924479855,404.88183011708156,131.04461924479855,399.88183011708156,141.04461924479855,409.88183011708156,1.0
1,298,136.75072761418863,404.26978467075213,131.75072761418863,399.26978467075213,141.75072761418863,409.26978467075213,1.0
1,299,137.5108246629827,404.42337316139555,132.5108246629827,399.42337316139555,142.5108246629827,409.42337316139555,1.0
1,300,137.12362176539045,404.73289895717926,132.12362176539045,399.73289895717926,142.12362176539045,409.73289895717926,1.0
1,301,137.65316225259238,405.00230619901214,132.65316225259238,400.00230619901214,142.65316225259238,410.00230619901214,1.0
1,302,138.3940466574914,405.27649389374267,133.3940466574914,400.27649389374267,143.3940466574914,410.27649389374267,1.0
1,303,138.20946546907058,405.20999945827964,133.20946546907058,400.20999945827964,143.20946546907058,410.20999945827964,1.0
1,304,138.32553887445857,405.26374688918855,133.32553887445857,400.26374688918855,143.32553887445857,410.26374688918855,1.0
1,305,137.9737479068135,404.6532358218174,132.9737479068135,399.6532358218174,142.9737479068135,409.6532358218174,1.0
1,306,138.02568215886672,403.44819298178226,133.02568215886672,398.44819298178226,143.02568215886672,408.44819298178226,1.0
1,307,138.18739373205435,403.1766432133804,133.18739373205435,398.1766432133804,143.18739373205435,408.1766432133804,1.0
1,308,139.8865803472786,403.8690310640497,134.8865803472786,398.8690310640497,144.8865803472786,408.8690310640497,1.0
1,309,141.56797238904204,405.60580823304457,136.56797238904204,400.60580823304457,146.56797238904204,410.60580823304457,1.0
1,310,141.69869376674944,405.3955112785299,136.69869376674944,400.3955112785299,146.69869376674944,410.3955112785299,1.0
1,311,142.09517552776416,405.30889532373715,137.09517552776416,400.30889532373715,147.09517552776416,410.30889532373715,1.0
1,312,142.8022161487494,405.4892075049172,137.8022161487494,400.4892075049172,147.8022161487494,410.4892075049172,1.0
1,313,143.17356335698764,406.2521461126317,138.17356335698764,401.2521461126317,148.17356335698764,411.2521461126317,1.0
1,314,142.80715597040003,406.96552270853675,137.80715597040003,401.96552270853675,147.80715597040003,411.96552270853675,1.0
1,315,142.65586798853866,407.56551277084617,137.65586798853866,402.56551277084617,147.65586798853866,412.56551277084617,1.0
1,316,142.81117905184996,408.8393755960269,137.81117905184996,403.8393755960269,147.81117905184996,413.8393755960269,1.0
1,317,142.00550735493832,409.11312742914726,137.00550735493832,404.11312742914726,147.00550735493832,414.11312742914726,1.0
1,318,140.82647254344278,409.23738571254603,135.82647254344278,404.23738571254603,145.82647254344278,414.23738571254603,1.0
1,319,140.5858396954196,409.83780530656077,135.5858396954196,404.83780530656077,145.5858396954196,414.83780530656077,1.0
1,320,140.54783168694414,409.6773705088289,135.54783168694414,404.6773705088289,145.54783168694414,414.6773705088289,1.0
1,321,140.2018310044767,408.56707337112215,135.2018310044767,403.56707337112215,145.2018310044767,413.56707337112215,1.0
1,322,140.63712352155142,409.3082314316846,135.63712352155142,404.3082314316846,145.63712352155142,414.3082314316846,1.0
1,323,140.60257237992744,410.18891961374624,135.60257237992744,405.18891961374624,145.60257237992744,415.18891961374624,1.0
1,324,140.55723278604668,410.6329960641887,135.55723278604668,405.6329960641887,145.55723278604668,415.6329960641887,1.0
1,325,140.62833759175152,410.6882155990951,135.62833759175152,405.6882155990951,145.62833759175152,415.6882155990951,1.0
1,326,140.55405453467054,411.08772030664176,135.55405453467054,406.08772030664176,145.55405453467054,416.08772030664176,1.0
1,327,140.7876549425977,411.4474181003706,135.7876549425977,406.4474181003706,145.7876549425977,416.4474181003706,1.0
1,328,141.0401949189325,411.0150118210829,136.0401949189325,406.0150118210829,146.0401949189325,416.0150118210829,1.0
1,329,139.86910092079967,410.2379583662838,134.86910092079967,405.2379583662838,144.86910092079967,415.2379583662838,1.0
1,330,139.6702124058402,408.03989983897213,134.6702124058402,403.03989983897213,144.6702124058402,413.03989983897213,1.0
1,331,138.70640709571262,407.31800477189506,133.70640709571262,402.31800477189506,143.70640709571262,412.31800477189506,1.0
1,332,138.699177009298,406.67432772766534,133.699177009298,401.67432772766534,143.699177009298,411.67432772766534,1.0
1,333,139.49531783156993,406.553154563864,134.49531783156993,401.553154563864,144.49531783156993,411.553154563864,1.0
1,334,140.06021867383248,405.9075626139188,135.06021867383248,400.9075626139188,145.06021867383248,410.9075626139188,1.0
1,335,140.95677492467598,404.5695941061947,135.95677492467598,399.5695941061947,145.95677492467598,409.5695941061947,1.0
1,336,141.74310055811193,403.8139963275567,136.74310055811193,398.8139963275567,146.74310055811193,408.8139963275567,1.0
1,337,142.13790923515646,403.19532235435395,137.13790923515646,398.19532235435395,147.13790923515646,408.19532235435395,1.0
1,338,142.9881393706547,404.4682249466418,137.9881393706547,399.4682249466418,147.9881393706547,409.4682249466418,1.0
1,339,143.8877023802916,405.67202305510176,138.8877023802916,400.67202305510176,148.8877023802916,410.67202305510176,1.0
1,340,145.5976114218716,406.67385085152944,140.5976114218716,401.67385085152944,150.5976114218716,411.67385085152944,1.0
1,341,146.98866452624824,407.33907382929647,141.98866452624824,402.33907382929647,151.98866452624824,412.33907382929647,1.0
1,342,148.02581912250267,407.90320522566657,143.02581912250267,402.90320522566657,153.02581912250267,412.90320522566657,1.0
1,343,148.4273474697109,407.89793607748487,143.4273474697109,402.89793607748487,153.4273474697109,412.89793607748487,1.0
1,344,149.15175648721709,407.53181041865025,144.15175648721709,402.53181041865025,154.15175648721709,412.53181041865025,1.0
1,345,149.00583985074724,406.2007553240665,144.00583985074724,401.2007553240665,154.00583985074724,411.2007553240665,1.0
1,346,148.14949226083266,405.7594494738668,143.14949226083266,400.7594494738668,153.14949226083266,410.7594494738668,1.0
1,347,147.32802323757312,406.18297526548514,142.32802323757312,401.18297526548514,152.32802323757312,411.18297526548514,1.0
1,348,147.29697726681925,407.29981835783667,142.29697726681925,402.29981835783667,152.29697726681925,412.29981835783667,1.0
1,349,145.95353657085616,407.19107345444337,140.95353657085616,402.19107345444337,150.95353657085616,412.19107345444337,1.0
1,350,145.5735405016995,406.92102666015836,140.5735405016995,401.92102666015836,150.5735405016995,411.92102666015836,1.0
1,351,146.24441548903945,407.3335744797886,141.24441548903945,402.3335744797886,151.24441548903945,412.3335744797886,1.0
1,352,146.68542749808145,407.09964146297636,141.68542749808145,402.09964146297636,151.68542749808145,412.09964146297636,1.0
1,353,146.6837290457188,407.0827645303049,141.6837290457188,402.0827645303049,151.6837290457188,412.0827645303049,1.0
1,354,146.20295937365432,407.3153793237646,141.20295937365432,402.3153793237646,151.20295937365432,412.3153793237646,1.0
1,355,144.58170262395504,407.706236693467,139.58170262395504,402.706236693467,149.58170262395504,412.706236693467,1.0
1,356,143.97705683785966,406.8271284968762,138.97705683785966,401.8271284968762,148.97705683785966,411.8271284968762,1.0
1,357,143.0241532761848,406.53653058794737,138.0241532761848,401.53653058794737,148.0241532761848,411.53653058794737,1.0
1,358,141.7079107488539,406.3314578723541,136.7079107488539,401.3314578723541,146.7079107488539,411.3314578723541,1.0
1,359,140.81742268134192,406.37867801776457,135.81742268134192,401.37867801776457,145.81742268134192,411.37867801776457,1.0
1,360,139.77484616098118,405.18844548210916,134.77484616098118,400.18844548210916,144.77484616098118,410.18844548210916,1.0
1,361,139.2624904063482,405.0549960226641,134.2624904063482,400.0549960226641,144.2624904063482,410.0549960226641,1.0
1,362,138.23211833305567,405.5509366701732,133.23211833305567,400.5509366701732,143.23211833305567,410.5509366701732,1.0
1,363,136.90869351350494,406.88716465559435,131.90869351350494,401.88716465559435,141.90869351350494,411.88716465559435,1.0
1,364,136.66357901353365,408.0377151054002,131.66357901353365,403.0377151054002,141.66357901353365,413.0377151054002,1.0
1,365,136.0007551122621,409.340303068571,131.0007551122621,404.340303068571,141.0007551122621,414.340303068571,1.0
1,366,135.80276752879016,410.42033378310106,130.80276752879016,405.42033378310106,140.80276752879016,415.42033378310106,1.0
1,367,135.35166841622402,412.1495247272522,130.35166841622402,407.1495247272522,140.35166841622402,417.1495247272522,1.0
1,368,134.82494567388255,412.707380434621,129.82494567388255,407.707380434621,139.82494567388255,417.707380434621,1.0
1,369,133.20597007498867,413.35163149011754,128.20597007498867,408.35163149011754,138.20597007498867,418.35163149011754,1.0
1,370,133.08994667952342,414.58737866579344,128.08994667952342,409.58737866579344,138.08994667952342,419.58737866579344,1.0
1,371,133.3640993024468,415.6511618476987,128.3640993024468,410.6511618476987,138.3640993024468,420.6511618476987,1.0
1,372,134.36015675737443,416.35333723390397,129.36015675737443,411.35333723390397,139.36015675737443,421.35333723390397,1.0
1,373,134.9273815093484,417.38330983858054,129.9273815093484,412.38330983858054,139.9273815093484,422.38330983858054,1.0
1,374,134.97001095254024,418.94126714376745,129.97001095254024,413.94126714376745,139.97001095254024,423.94126714376745,1.0
1,375,133.957747961429,419.7365171567021,128.957747961429,414.7365171567021,138.957747961429,424.7365171567021,1.0
1,376,131.86162247565687,420.0771972469287,126.86162247565687,415.0771972469287,136.86162247565687,425.0771972469287,1.0
1,377,131.21857333021538,419.97485601014455,126.21857333021538,414.97485601014455,136.21857333021538,424.97485601014455,1.0
1,378,129.29568017545373,420.7584430692561,124.29568017545373,415.7584430692561,134.29568017545373,425.7584430692561,1.0
1,379,128.6154451459533,421.80833819345753,123.61544514595329,416.80833819345753,133.6154451459533,426.80833819345753,1.0
1,380,127.99341457172893,421.5854844472377,122.99341457172893,416.5854844472377,132.99341457172892,426.5854844472377,1.0
1,381,128.38544764752316,421.8578773138574,123.38544764752316,416.8578773138574,133.38544764752316,426.8578773138574,1.0
1,382,128.66943195456568,422.884519586729,123.66943195456568,417.884519586729,133.66943195456568,427.884519586729,1.0
1,383,128.08080339655484,424.0897863007577,123.08080339655484,419.0897863007577,133.08080339655484,429.0897863007577,1.0
1,384,128.27091560609182,424.49840704222385,123.27091560609182,419.49840704222385,133.27091560609182,429.49840704222385,1.0
1,385,128.0571752378289,425.0838620342407,123.05717523782889,420.0838620342407,133.0571752378289,430.0838620342407,1.0
1,386,128.15359372487328,425.99175560087605,123.15359372487328,420.99175560087605,133.15359372487328,430.99175560087605,1.0
1,387,128.2486994547498,427.2220686919515,123.24869945474981,422.2220686919515,133.2486994547498,432.2220686919515,1.0
1,388,127.0273659732479,428.38349671650514,122.0273659732479,423.38349671650514,132.0273659732479,433.38349671650514,1.0
1,389,126.74651057833404,428.642391827826,121.74651057833404,423.642391827826,131.74651057833404,433.642391827826,1.0
1,390,126.4012904379403,429.4247170039713,121.4012904379403,424.4247170039713,131.4012904379403,434.4247170039713,1.0
1,391,125.75687504638032,429.6355956922439,120.75687504638032,424.6355956922439,130.75687504638032,434.6355956922439,1.0
1,392,126.35783341723835,429.68412715640886,121.35783341723835,424.68412715640886,131.35783341723834,434.68412715640886,1.0
1,393,127.01485613434662,429.1949699346238,122.01485613434662,424.1949699346238,132.01485613434662,434.1949699346238,1.0
1,394,128.46413104397976,428.9188041112452,123.46413104397976,423.9188041112452,133.46413104397976,433.9188041112452,1.0
1,395,129.32801291260125,429.07764629197584,124.32801291260125,424.07764629197584,134.32801291260125,434.07764629197584,1.0
1,396,130.10643394804248,428.8120937341617,125.10643394804248,423.8120937341617,135.10643394804248,433.8120937341617,1.0
1,397,130.7415428064666,428.97128754280766,125.74154280646661,423.97128754280766,135.7415428064666,433.97128754280766,1.0
1,398,130.7427415263284,429.1205914444847,125.74274152632839,424.1205914444847,135.7427415263284,434.1205914444847,1.0
1,399,130.8218919477842,429.43414373809907,125.8218919477842,424.43414373809907,135.8218919477842,434.43414373809907,1.0
1,400,130.30383591279724,429.2522775072978,125.30383591279724,424.2522775072978,135.30383591279724,434.2522775072978,1.0
1,401,130.5680296530307,429.1832826232542,125.56802965303069,424.1832826232542,135.5680296530307,434.1832826232542,1.0
1,402,129.6433279720705,429.87488214806206,124.6433279720705,424.87488214806206,134.6433279720705,434.87488214806206,1.0
1,403,129.41505581409115,430.21832666967816,124.41505581409115,425.21832666967816,134.41505581409115,435.21832666967816,1.0
1,404,130.44847059385583,430.3276295748784,125.44847059385583,425.3276295748784,135.44847059385583,435.3276295748784,1.0
1,405,131.10153204722346,430.7934184776163,126.10153204722346,425.7934184776163,136.10153204722346,435.7934184776163,1.0
1,406,131.58470174063842,431.91322659391227,126.58470174063842,426.91322659391227,136.58470174063842,436.91322659391227,1.0
1,407,131.73642118986123,432.47540066771967,126.73642118986123,427.47540066771967,136.73642118986123,437.47540066771967,1.0
1,408,130.80818612583823,431.63137947280785,125.80818612583823,426.63137947280785,135.80818612583823,436.63137947280785,1.0
1,409,129.64138503610528,431.32251911231515,124.64138503610528,426.32251911231515,134.64138503610528,436.32251911231515,1.0
1,410,128.9302448919966,431.2393244545595,123.93024489199661,426.2393244545595,133.9302448919966,436.2393244545595,1.0
1,411,128.95634113909836,431.13242552066527,123.95634113909836,426.13242552066527,133.95634113909836,436.13242552066527,1.0
1,412,129.09263572746593,431.49630050911014,124.09263572746593,426.49630050911014,134.09263572746593,436.49630050911014,1.0
1,413,128.8271147485819,432.63543267420647,123.82711474858189,427.63543267420647,133.8271147485819,437.63543267420647,1.0
1,414,128.9681453095064,433.64878723566636,123.96814530950641,428.64878723566636,133.9681453095064,438.64878723566636,1.0
1,415,128.23280157371352,434.95894284285924,123.23280157371352,429.95894284285924,133.23280157371352,439.95894284285924,1.0
1,416,127.34358720561215,434.4083501451448,122.34358720561215,429.4083501451448,132.34358720561215,439.4083501451448,1.0
1,417,126.59745136280132,434.06414931282495,121.59745136280132,429.06414931282495,131.59745136280134,439.06414931282495,1.0
1,418,127.89281001626541,433.6483158837266,122.89281001626541,428.6483158837266,132.8928100162654,438.6483158837266,1.0
1,419,128.42921534129266,433.63050131999034,123.42921534129266,428.63050131999034,133.42921534129266,438.63050131999034,1.0
1,420,129.47091915681114,433.73935251028644,124.47091915681114,428.73935251028644,134.47091915681114,438.73935251028644,1.0
1,421,130.2009976115733,434.64968687805606,125.20099761157331,429.64968687805606,135.2009976115733,439.64968687805606,1.0
1,422,131.86329541312347,435.1500657678431,126.86329541312347,430.1500657678431,136.86329541312347,440.1500657678431,1.0
1,423,132.45175672561282,434.8622385695233,127.45175672561282,429.8622385695233,137.45175672561282,439.8622385695233,1.0
1,424,131.97889814817466,435.5902887465584,126.97889814817466,430.5902887465584,136.97889814817466,440.5902887465584,1.0
1,425,132.68262101816032,436.45513291686717,127.68262101816032,431.45513291686717,137.68262101816032,441.45513291686717,1.0
1,426,132.2625857501505,437.21058783007174,127.26258575015049,432.21058783007174,137.2625857501505,442.21058783007174,1.0
1,427,131.46726244055094,437.5910643019963,126.46726244055094,432.5910643019963,136.46726244055094,442.5910643019963,1.0
1,428,131.7511638387256,437.77005615711647,126.7511638387256,432.77005615711647,136.7511638387256,442.77005615711647,1.0
1,429,132.0692970220572,438.1030819860728,127.06929702205721,433.1030819860728,137.0692970220572,443.1030819860728,1.0
1,430,131.92495916961275,438.24507611768325,126.92495916961275,433.24507611768325,136.92495916961275,443.24507611768325,1.0
1,431,131.36607833697275,439.13441153888226,126.36607833697275,434.13441153888226,136.36607833697275,444.13441153888226,1.0
1,432,130.58046565487228,439.9090808580485,125.58046565487228,434.9090808580485,135.58046565487228,444.9090808580485,1.0
1,433,129.7293935264822,439.641775689636,124.7293935264822,434.641775689636,134.7293935264822,444.641775689636,1.0
1,434,129.5879984802709,439.6034145658626,124.5879984802709,434.6034145658626,134.5879984802709,444.6034145658626,1.0
1,435,130.86746381236821,439.30440912826276,125.86746381236821,434.30440912826276,135.86746381236821,444.30440912826276,1.0
1,436,131.8984022426929,440.0188147771696,126.8984022426929,435.0188147771696,136.8984022426929,445.0188147771696,1.0
1,437,134.09311278770545,440.94752603513166,129.09311278770545,435.94752603513166,139.09311278770545,445.94752603513166,1.0
1,438,134.9937148822899,442.21306559609025,129.9937148822899,437.21306559609025,139.9937148822899,447.21306559609025,1.0
1,439,135.90640007715768,444.20592397972024,130.90640007715768,439.20592397972024,140.90640007715768,449.20592397972024,1.0
1,440,136.62460331077799,445.39830803589314,131.62460331077799,440.39830803589314,141.62460331077799,450.39830803589314,1.0
1,441,136.27727268990031,445.6785969184254,131.27727268990031,440.6785969184254,141.27727268990031,450.6785969184254,1.0
1,442,136.5319570592488,445.80781821458737,131.5319570592488,440.80781821458737,141.5319570592488,450.80781821458737,1.0
1,443,138.2798851145559,445.3695073176443,133.2798851145559,440.3695073176443,143.2798851145559,450.3695073176443,1.0
1,444,139.694124789424,445.0677403715368,134.694124789424,440.0677403715368,144.694124789424,450.0677403715368,1.0
1,445,139.63955587382628,444.76714293418183,134.63955587382628,439.76714293418183,144.63955587382628,449.76714293418183,1.0
1,446,140.1673239670333,444.1410004927178,135.1673239670333,439.1410004927178,145.1673239670333,449.1410004927178,1.0
1,447,138.63393259741437,442.61807239054724,133.63393259741437,437.61807239054724,143.63393259741437,447.61807239054724,1.0
1,448,138.0018817351235,440.9601531650742,133.0018817351235,435.9601531650742,143.0018817351235,445.9601531650742,1.0
1,449,138.7586608580229,440.6890906930289,133.7586608580229,435.6890906930289,143.7586608580229,445.6890906930289,1.0
1,450,139.3946451403581,440.4024565870688,134.3946451403581,435.4024565870688,144.3946451403581,445.4024565870688,1.0
1,451,140.02608938344284,440.4100735154531,135.02608938344284,435.4100735154531,145.02608938344284,445.4100735154531,1.0
1,452,139.88129699634388,440.49368313230826,134.88129699634388,435.49368313230826,144.88129699634388,445.49368313230826,1.0
1,453,140.62834737104197,440.91639628542487,135.62834737104197,435.91639628542487,145.62834737104197,445.91639628542487,1.0
1,454,141.36066095145972,441.21020860606563,136.36066095145972,436.21020860606563,146.36066095145972,446.21020860606563,1.0
1,455,141.82945806218103,441.20279824884807,136.82945806218103,436.20279824884807,146.82945806218103,446.20279824884807,1.0
1,456,142.35434621129536,440.30018265263675,137.35434621129536,435.30018265263675,147.35434621129536,445.30018265263675,1.0
1,457,142.3352510413356,439.74895035971116,137.3352510413356,434.74895035971116,147.3352510413356,444.74895035971116,1.0
1,458,142.54508570679852,440.6179850642169,137.54508570679852,435.6179850642169,147.54508570679852,445.6179850642169,1.0
1,459,142.07363751528283,440.36874370354263,137.07363751528283,435.36874370354263,147.07363751528283,445.36874370354263,1.0
1,460,142.29054324136644,440.65218064192646,137.29054324136644,435.65218064192646,147.29054324136644,445.65218064192646,1.0
1,461,142.57364320866907,440.2913459062954,137.57364320866907,435.2913459062954,147.57364320866907,445.2913459062954,1.0
1,462,141.62673643928463,439.8732973859449,136.62673643928463,434.8732973859449,146.62673643928463,444.8732973859449,1.0
1,463,140.39997551875123,439.15537666027495,135.39997551875123,434.15537666027495,145.39997551875123,444.15537666027495,1.0
1,464,139.97624130840364,439.66516991907355,134.97624130840364,434.66516991907355,144.97624130840364,444.66516991907355,1.0
1,465,140.49994789556635,439.51496358245186,135.49994789556635,434.51496358245186,145.49994789556635,444.51496358245186,1.0
1,466,140.48757693035893,439.9718446840993,135.48757693035893,434.9718446840993,145.48757693035893,444.9718446840993,1.0
1,467,141.25979948635054,440.65026826227177,136.25979948635054,435.65026826227177,146.25979948635054,445.65026826227177,1.0
1,468,141.3323431315712,440.4684635790883,136.3323431315712,435.4684635790883,146.3323431315712,445.4684635790883,1.0
1,469,141.88782001632111,439.854317876205,136.88782001632111,434.854317876205,146.88782001632111,444.854317876205,1.0
1,470,143.38487751097585,439.90859735245226,138.38487751097585,434.90859735245226,148.38487751097585,444.90859735245226,1.0
1,471,145.33321458050003,439.62018579400336,140.33321458050003,434.62018579400336,150.33321458050003,444.62018579400336,1.0
1,472,146.24932429988672,440.07866113852486,141.24932429988672,435.07866113852486,151.24932429988672,445.07866113852486,1.0
1,473,145.71476976349865,440.589714401725,140.71476976349865,435.589714401725,150.71476976349865,445.589714401725,1.0
1,474,146.4340413493218,440.65899835212576,141.4340413493218,435.65899835212576,151.4340413493218,445.65899835212576,1.0
1,475,146.92763642104313,439.82584562388195,141.92763642104313,434.82584562388195,151.92763642104313,444.82584562388195,1.0
1,476,147.4949637761585,437.5402407334236,142.4949637761585,432.5402407334236,152.4949637761585,442.5402407334236,1.0
1,477,147.66857251060452,436.56741214250656,142.66857251060452,431.56741214250656,152.66857251060452,441.56741214250656,1.0
1,478,146.53583880531426,434.9385185085953,141.53583880531426,429.9385185085953,151.53583880531426,439.9385185085953,1.0
1,479,146.1541301185087,434.4967353934414,141.1541301185087,429.4967353934414,151.1541301185087,439.4967353934414,1.0
1,480,146.34735017877716,433.2399284260072,141.34735017877716,428.2399284260072,151.34735017877716,438.2399284260072,1.0
1,481,146.5567785811981,432.5850929241173,141.5567785811981,427.5850929241173,151.5567785811981,437.5850929241173,1.0
1,482,145.5422164023799,431.5390010547076,140.5422164023799,426.5390010547076,150.5422164023799,436.5390010547076,1.0
1,483,145.0947904055321,430.2014344411786,140.0947904055321,425.2014344411786,150.0947904055321,435.2014344411786,1.0
1,484,145.04927008194167,430.25034430542667,140.04927008194167,425.25034430542667,150.04927008194167,435.25034430542667,1.0
1,485,144.23067506216665,430.2963031919898,139.23067506216665,425.2963031919898,149.23067506216665,435.2963031919898,1.0
1,486,143.75468182376633,430.16693149803626,138.75468182376633,425.16693149803626,148.75468182376633,435.16693149803626,1.0
1,487,143.68904166305032,431.1642432377381,138.68904166305032,426.1642432377381,148.68904166305032,436.1642432377381,1.0
1,488,143.64532868192228,431.44003338106074,138.64532868192228,426.44003338106074,148.64532868192228,436.44003338106074,1.0
1,489,144.01722667066954,431.88446484283355,139.01722667066954,426.88446484283355,149.01722667066954,436.88446484283355,1.0
1,490,144.2347571452256,432.429977645148,139.2347571452256,427.429977645148,149.2347571452256,437.429977645148,1.0
1,491,144.34754778992425,433.4569943953579,139.34754778992425,428.4569943953579,149.34754778992425,438.4569943953579,1.0
1,492,144.16157130816222,434.08315592829274,139.16157130816222,429.08315592829274,149.16157130816222,439.08315592829274,1.0
1,493,144.12331977171303,435.3103534181375,139.12331977171303,430.3103534181375,149.12331977171303,440.3103534181375,1.0
1,494,144.63570830306136,436.3787304759874,139.63570830306136,431.3787304759874,149.63570830306136,441.3787304759874,1.0
1,495,144.2679126702239,437.35849445761346,139.2679126702239,432.35849445761346,149.2679126702239,442.35849445761346,1.0
1,496,143.7997026196703,438.61017686046915,138.7997026196703,433.61017686046915,148.7997026196703,443.61017686046915,1.0
1,497,143.1012057415611,439.9024963354828,138.1012057415611,434.9024963354828,148.1012057415611,444.9024963354828,1.0
1,498,141.60447782791778,441.2742351871242,136.60447782791778,436.2742351871242,146.60447782791778,446.2742351871242,1.0
1,499,141.17227462136992,441.53058964678877,136.17227462136992,436.53058964678877,146.17227462136992,446.53058964678877,1.0
1,500,140.1595601547957,440.22900770822986,135.1595601547957,435.22900770822986,145.1595601547957,445.22900770822986,1.0
1,501,139.8285838970281,440.1160731702396,134.8285838970281,435.1160731702396,144.8285838970281,445.1160731702396,1.0
1,502,139.3554935442627,439.70955965373406,134.3554935442627,434.70955965373406,144.3554935442627,444.70955965373406,1.0
1,503,139.6747376514471,439.3529889801359,134.6747376514471,434.3529889801359,144.6747376514471,444.3529889801359,1.0
1,504,139.29203522206865,438.0043801089795,134.29203522206865,433.0043801089795,144.29203522206865,443.0043801089795,1.0
1,505,139.1436523777496,437.4154816791758,134.1436523777496,432.4154816791758,144.1436523777496,442.4154816791758,1.0
1,506,139.32274107975417,437.27460716500804,134.32274107975417,432.27460716500804,144.32274107975417,442.27460716500804,1.0
1,507,138.86302532861296,437.1920134762257,133.86302532861296,432.1920134762257,143.86302532861296,442.1920134762257,1.0
1,508,140.1007986504444,437.37901999009165,135.1007986504444,432.37901999009165,145.1007986504444,442.37901999009165,1.0
1,509,140.5233097558029,436.6558190895528,135.5233097558029,431.6558190895528,145.5233097558029,441.6558190895528,1.0
1,510,141.00376012272525,437.12907847754724,136.00376012272525,432.12907847754724,146.00376012272525,442.12907847754724,1.0
1,511,141.28923679342785,437.53648852148405,136.28923679342785,432.53648852148405,146.28923679342785,442.53648852148405,1.0
1,512,141.12320949840912,438.9818985195257,136.12320949840912,433.9818985195257,146.12320949840912,443.9818985195257,1.0
1,513,141.44611249923332,439.68360371444817,136.44611249923332,434.68360371444817,146.44611249923332,444.68360371444817,1.0
1,514,142.12912714810878,440.6859901198756,137.12912714810878,435.6859901198756,147.12912714810878,445.6859901198756,1.0
1,515,143.0104822789495,440.7297056805477,138.0104822789495,435.7297056805477,148.0104822789495,445.7297056805477,1.0
1,516,144.5567123138759,440.23755659544787,139.5567123138759,435.23755659544787,149.5567123138759,445.23755659544787,1.0
1,517,146.10219759921554,439.86411142524423,141.10219759921554,434.86411142524423,151.10219759921554,444.86411142524423,1.0
1,518,147.7843415047749,440.05985693104435,142.7843415047749,435.05985693104435,152.7843415047749,445.05985693104435,1.0
1,519,148.94836789511845,440.1619873894197,143.94836789511845,435.1619873894197,153.94836789511845,445.1619873894197,1.0
1,520,149.77097660337245,440.0128431700751,144.77097660337245,435.0128431700751,154.77097660337245,445.0128431700751,1.0
1,521,150.33547040493355,439.69623324461486,145.33547040493355,434.69623324461486,155.33547040493355,444.69623324461486,1.0
1,522,149.78685336708702,439.43254875624837,144.78685336708702,434.43254875624837,154.78685336708702,444.43254875624837,1.0
1,523,148.54898169043085,438.80733702364205,143.54898169043085,433.80733702364205,153.54898169043085,443.80733702364205,1.0
1,524,147.45937140239516,437.53630152597873,142.45937140239516,432.53630152597873,152.45937140239516,442.53630152597873,1.0
1,525,146.41200213672414,436.5966470759054,141.41200213672414,431.5966470759054,151.41200213672414,441.5966470759054,1.0
1,526,145.61260578790782,435.9582054780832,140.61260578790782,430.9582054780832,150.61260578790782,440.9582054780832,1.0
1,527,146.01515867285943,435.83006650319635,141.01515867285943,430.83006650319635,151.01515867285943,440.83006650319635,1.0
1,528,145.15410127065257,435.42634621937174,140.15410127065257,430.42634621937174,150.15410127065257,440.42634621937174,1.0
1,529,144.23505891348063,435.1265176373068,139.23505891348063,430.1265176373068,149.23505891348063,440.1265176373068,1.0
1,530,143.92895484276252,435.65272731808443,138.92895484276252,430.65272731808443,148.92895484276252,440.65272731808443,1.0
1,531,143.70120995309608,436.1409114725527,138.70120995309608,431.1409114725527,148.70120995309608,441.1409114725527,1.0
1,532,143.5647759171853,436.31200586217597,138.5647759171853,431.31200586217597,148.5647759171853,441.31200586217597,1.0
1,533,143.6515600619143,437.57503981603264,138.6515600619143,432.57503981603264,148.6515600619143,442.57503981603264,1.0
1,534,142.73338310902713,439.19887053015196,137.73338310902713,434.19887053015196,147.73338310902713,444.19887053015196,1.0
1,535,142.7621858763727,440.24344380272,137.7621858763727,435.24344380272,147.7621858763727,445.24344380272,1.0
1,536,142.86581730327492,441.13306966606336,137.86581730327492,436.13306966606336,147.86581730327492,446.13306966606336,1.0
1,537,143.09011968476193,441.56117223222685,138.09011968476193,436.56117223222685,148.09011968476193,446.56117223222685,1.0
1,538,143.74214219257425,441.8937232685165,138.74214219257425,436.8937232685165,148.74214219257425,446.8937232685165,1.0
1,539,144.05481239216917,442.25930319454596,139.05481239216917,437.25930319454596,149.05481239216917,447.25930319454596,1.0
1,540,144.95422689239572,441.75802209992105,139.95422689239572,436.75802209992105,149.95422689239572,446.75802209992105,1.0
1,541,144.97774961015122,440.9858255866337,139.97774961015122,435.9858255866337,149.97774961015122,445.9858255866337,1.0
1,542,145.15618745147745,441.4490706870626,140.15618745147745,436.4490706870626,150.15618745147745,446.4490706870626,1.0
1,543,144.98690942825377,442.39512571544367,139.98690942825377,437.39512571544367,149.98690942825377,447.39512571544367,1.0
1,544,144.55876745026146,443.0576364859804,139.55876745026146,438.0576364859804,149.55876745026146,448.0576364859804,1.0
1,545,145.3370451454386,443.69032842220525,140.3370451454386,438.69032842220525,150.3370451454386,448.69032842220525,1.0
1,546,145.3162726312128,443.30692358602903,140.3162726312128,438.30692358602903,150.3162726312128,448.30692358602903,1.0
1,547,145.30311646533806,443.9695254008186,140.30311646533806,438.9695254008186,150.30311646533806,448.9695254008186,1.0
1,548,144.92556804407332,444.73597420275223,139.92556804407332,439.73597420275223,149.92556804407332,449.73597420275223,1.0
1,549,145.16087327476808,445.22307182231054,140.16087327476808,440.22307182231054,150.16087327476808,450.22307182231054,1.0
1,550,146.00545588121165,445.8401814361877,141.00545588121165,440.8401814361877,151.00545588121165,450.8401814361877,1.0
1,551,145.5198266565996,446.31835060200035,140.5198266565996,441.31835060200035,150.5198266565996,451.31835060200035,1.0
1,552,145.08561800998274,446.67537136072326,140.08561800998274,441.67537136072326,150.08561800998274,451.67537136072326,1.0
1,553,145.06931784704813,447.8351750924735,140.06931784704813,442.8351750924735,150.06931784704813,452.8351750924735,1.0
1,554,145.3369535542898,449.31286463092795,140.3369535542898,444.31286463092795,150.3369535542898,454.31286463092795,1.0
1,555,145.47550060174447,449.91202934705166,140.47550060174447,444.91202934705166,150.47550060174447,454.91202934705166,1.0
1,556,146.64646101712313,451.4905249117204,141.64646101712313,446.4905249117204,151.64646101712313,456.4905249117204,1.0
1,557,147.09541204153473,451.2843266188508,142.09541204153473,446.2843266188508,152.09541204153473,456.2843266188508,1.0
1,558,147.60274687041414,451.03152891572756,142.60274687041414,446.03152891572756,152.60274687041414,456.03152891572756,1.0
1,559,147.43704705508245,450.65470311451895,142.43704705508245,445.65470311451895,152.43704705508245,455.65470311451895,1.0
1,560,146.99834169319521,449.551122821829,141.99834169319521,444.551122821829,151.99834169319521,454.551122821829,1.0
1,561,146.56240545995556,449.2567369008353,141.56240545995556,444.2567369008353,151.56240545995556,454.2567369008353,1.0
1,562,145.19601478754123,448.46187908495085,140.19601478754123,443.46187908495085,150.19601478754123,453.46187908495085,1.0
1,563,143.62529489999207,447.76021674360913,138.62529489999207,442.76021674360913,148.62529489999207,452.76021674360913,1.0
1,564,144.29576217013437,446.495968858829,139.29576217013437,441.495968858829,149.29576217013437,451.495968858829,1.0
1,565,145.28365290569803,445.87429571765034,140.28365290569803,440.87429571765034,150.28365290569803,450.87429571765034,1.0
1,566,145.78789023054514,445.7118015181854,140.78789023054514,440.7118015181854,150.78789023054514,450.7118015181854,1.0
1,567,145.2372878772438,445.1316778766325,140.2372878772438,440.1316778766325,150.2372878772438,450.1316778766325,1.0
1,568,145.22585124020523,444.2324653375065,140.22585124020523,439.2324653375065,150.22585124020523,449.2324653375065,1.0
1,569,145.74645719770268,444.2431898460011,140.74645719770268,439.2431898460011,150.74645719770268,449.2431898460011,1.0
1,570,145.97793858954014,443.68619443123885,140.97793858954014,438.68619443123885,150.97793858954014,448.68619443123885,1.0
1,571,146.6360587405303,442.696664235554,141.6360587405303,437.696664235554,151.6360587405303,447.696664235554,1.0
1,572,147.00258833882657,442.3055562470319,142.00258833882657,437.3055562470319,152.00258833882657,447.3055562470319,1.0
1,573,146.95894490144315,442.87322569943007,141.95894490144315,437.87322569943007,151.95894490144315,447.87322569943007,1.0
1,574,147.5703200297363,444.42149273259554,142.5703200297363,439.42149273259554,152.5703200297363,449.42149273259554,1.0
1,575,147.87227721522888,445.26752868910404,142.87227721522888,440.26752868910404,152.87227721522888,450.26752868910404,1.0
1,576,148.5728543995812,444.9941504533311,143.5728543995812,439.9941504533311,153.5728543995812,449.9941504533311,1.0
1,577,147.967888258933,445.6108234267028,142.967888258933,440.6108234267028,152.967888258933,450.6108234267028,1.0
1,578,148.54971984623643,446.32658819184235,143.54971984623643,441.32658819184235,153.54971984623643,451.32658819184235,1.0
1,579,150.01625591769724,447.558928468816,145.01625591769724,442.558928468816,155.01625591769724,452.558928468816,1.0
1,580,150.54939121591033,448.66486926242834,145.54939121591033,443.66486926242834,155.54939121591033,453.66486926242834,1.0
1,581,151.4051706045068,448.84051865040703,146.4051706045068,443.84051865040703,156.4051706045068,453.84051865040703,1.0
1,582,151.75468174940096,450.30977090181096,146.75468174940096,445.30977090181096,156.75468174940096,455.30977090181096,1.0
1,583,152.5122695451037,450.57315271683154,147.5122695451037,445.57315271683154,157.5122695451037,455.57315271683154,1.0
1,584,153.2613833200454,450.53100730379947,148.2613833200454,445.53100730379947,158.2613833200454,455.53100730379947,1.0
1,585,153.238566261428,450.7108907101768,148.238566261428,445.7108907101768,158.238566261428,455.7108907101768,1.0
1,586,153.35246633237375,451.5429685438406,148.35246633237375,446.5429685438406,158.35246633237375,456.5429685438406,1.0
1,587,153.31761031906652,452.4181613151609,148.31761031906652,447.4181613151609,158.31761031906652,457.4181613151609,1.0
1,588,153.32851459133957,452.5117482584676,148.32851459133957,447.5117482584676,158.32851459133957,457.5117482584676,1.0
1,589,153.35427748518288,452.1557603442213,148.35427748518288,447.1557603442213,158.35427748518288,457.1557603442213,1.0
1,590,153.00401313424862,451.9716124945715,148.00401313424862,446.9716124945715,158.00401313424862,456.9716124945715,1.0
1,591,154.03272733491946,451.86548792737835,149.03272733491946,446.86548792737835,159.03272733491946,456.86548792737835,1.0
1,592,155.11896620058036,451.9076647433242,150.11896620058036,446.9076647433242,160.11896620058036,456.9076647433242,1.0
1,593,154.5869199999945,451.7446846446452,149.5869199999945,446.7446846446452,159.5869199999945,456.7446846446452,1.0
1,594,152.62024097551244,451.8063081255744,147.62024097551244,446.8063081255744,157.62024097551244,456.8063081255744,1.0
1,595,151.94542118196514,451.191420666345,146.94542118196514,446.191420666345,156.94542118196514,456.191420666345,1.0
1,596,151.3104737282534,450.5803810365372,146.3104737282534,445.5803810365372,156.3104737282534,455.5803810365372,1.0
1,597,150.36696051041508,450.62622524670815,145.36696051041508,445.62622524670815,155.36696051041508,455.62622524670815,1.0
1,598,150.41954581335972,451.26239307485486,145.41954581335972,446.26239307485486,155.41954581335972,456.26239307485486,1.0
1,599,150.94662257529473,451.29204213646983,145.94662257529473,446.29204213646983,155.94662257529473,456.29204213646983,1.0
1,600,150.55654115184424,451.2168879822387,145.55654115184424,446.2168879822387,155.55654115184424,456.2168879822387,1.0
1,601,150.485924672631,450.5979465100408,145.485924672631,445.5979465100408,155.485924672631,455.5979465100408,1.0
1,602,149.77377893300797,450.40400415524334,144.77377893300797,445.40400415524334,154.77377893300797,455.40400415524334,1.0
1,603,149.43515916748686,449.00528893766864,144.43515916748686,444.00528893766864,154.43515916748686,454.00528893766864,1.0
1,604,149.13498435189746,448.3027811908239,144.13498435189746,443.3027811908239,154.13498435189746,453.3027811908239,1.0
1,605,148.80517476760852,448.028139495813,143.80517476760852,443.028139495813,153.80517476760852,453.028139495813,1.0
1,606,148.74052267431665,446.5211055869572,143.74052267431665,441.5211055869572,153.74052267431665,451.5211055869572,1.0
1,607,148.27410303050718,445.5415660138235,143.27410303050718,440.5415660138235,153.27410303050718,450.5415660138235,1.0
1,608,147.64461513894324,444.4592453208033,142.64461513894324,439.4592453208033,152.64461513894324,449.4592453208033,1.0
1,609,146.3756441316815,443.62823822645123,141.3756441316815,438.62823822645123,151.3756441316815,448.62823822645123,1.0
1,610,145.14014673903594,442.37064189619616,140.14014673903594,437.37064189619616,150.14014673903594,447.37064189619616,1.0
1,611,143.10894507063963,441.60274123405367,138.10894507063963,436.60274123405367,148.10894507063963,446.60274123405367,1.0
1,612,141.6756148288341,440.23347653021136,136.6756148288341,435.23347653021136,146.6756148288341,445.23347653021136,1.0
1,613,141.340787751198,439.2276765311583,136.340787751198,434.2276765311583,146.340787751198,444.2276765311583,1.0
1,614,140.5769163428804,438.8072247107924,135.5769163428804,433.8072247107924,145.5769163428804,443.8072247107924,1.0
1,615,140.7149510855192,438.61900543694765,135.7149510855192,433.61900543694765,145.7149510855192,443.61900543694765,1.0
1,616,140.51195682076838,437.352837256637,135.51195682076838,432.352837256637,145.51195682076838,442.352837256637,1.0
1,617,139.2360808453269,436.33875791728246,134.2360808453269,431.33875791728246,144.2360808453269,441.33875791728246,1.0
1,618,139.07541608275568,436.32481720856146,134.07541608275568,431.32481720856146,144.07541608275568,441.32481720856146,1.0
1,619,139.07943846423422,436.15022976652267,134.07943846423422,431.15022976652267,144.07943846423422,441.15022976652267,1.0
1,620,138.55450602383843,435.3671672955843,133.55450602383843,430.3671672955843,143.55450602383843,440.3671672955843,1.0
1,621,138.3306403638972,434.49813269710523,133.3306403638972,429.49813269710523,143.3306403638972,439.49813269710523,1.0
1,622,138.08923892490833,434.5400907540847,133.08923892490833,429.5400907540847,143.08923892490833,439.5400907540847,1.0
1,623,138.2431024854473,433.82895724298896,133.2431024854473,428.82895724298896,143.2431024854473,438.82895724298896,1.0
1,624,137.8970250531888,433.4646762756721,132.8970250531888,428.4646762756721,142.8970250531888,438.4646762756721,1.0
1,625,138.1715642953691,433.12756846768843,133.1715642953691,428.12756846768843,143.1715642953691,438.12756846768843,1.0
1,626,138.422269470749,433.90051286938785,133.422269470749,428.90051286938785,143.422269470749,438.90051286938785,1.0
1,627,138.65505484748223,434.055305964487,133.65505484748223,429.055305964487,143.65505484748223,439.055305964487,1.0
1,628,138.71749793890632,434.61474216946266,133.71749793890632,429.61474216946266,143.71749793890632,439.61474216946266,1.0
1,629,137.8520735811357,435.23031034233156,132.8520735811357,430.23031034233156,142.8520735811357,440.23031034233156,1.0
1,630,136.76048139439692,436.1807126963161,131.76048139439692,431.1807126963161,141.76048139439692,441.1807126963161,1.0
1,631,135.59453830149567,435.6938894872654,130.59453830149567,430.6938894872654,140.59453830149567,440.6938894872654,1.0
1,632,134.65178003265055,435.9270626274868,129.65178003265055,430.9270626274868,139.65178003265055,440.9270626274868,1.0
1,633,135.8425521989297,436.19741078070876,130.8425521989297,431.19741078070876,140.8425521989297,441.19741078070876,1.0
1,634,136.45650093410583,435.90916457501993,131.45650093410583,430.90916457501993,141.45650093410583,440.90916457501993,1.0
1,635,137.32523604017572,434.82875759964685,132.32523604017572,429.82875759964685,142.32523604017572,439.82875759964685,1.0
1,636,137.72358529153212,434.2435783335072,132.72358529153212,429.2435783335072,142.72358529153212,439.2435783335072,1.0
1,637,138.12014280740377,434.06130791501533,133.12014280740377,429.06130791501533,143.12014280740377,439.06130791501533,1.0
1,638,138.50501941044948,433.6126179680772,133.50501941044948,428.6126179680772,143.50501941044948,438.6126179680772,1.0
1,639,139.22833344161575,432.6430256039859,134.22833344161575,427.6430256039859,144.22833344161575,437.6430256039859,1.0
1,640,140.85084683731566,432.1159870804495,135.85084683731566,427.1159870804495,145.85084683731566,437.1159870804495,1.0
1,641,142.1120879630616,432.18439491908447,137.1120879630616,427.18439491908447,147.1120879630616,437.18439491908447,1.0
1,642,143.57528826209128,432.72563053713736,138.57528826209128,427.72563053713736,148.57528826209128,437.72563053713736,1.0
1,643,145.50902530329864,434.0082355829409,140.50902530329864,429.0082355829409,150.50902530329864,439.0082355829409,1.0
1,644,146.34465728830943,434.8832392352075,141.34465728830943,429.8832392352075,151.34465728830943,439.8832392352075,1.0
1,645,146.76036295826532,435.2745587693528,141.76036295826532,430.2745587693528,151.76036295826532,440.2745587693528,1.0
1,646,146.2185860037948,435.00347473647025,141.2185860037948,430.00347473647025,151.2185860037948,440.00347473647025,1.0
1,647,146.0235911281075,435.246905482943,141.0235911281075,430.246905482943,151.0235911281075,440.246905482943,1.0
1,648,146.7628670125983,435.5449725342219,141.7628670125983,430.5449725342219,151.7628670125983,440.5449725342219,1.0
1,649,147.97364661324602,435.58385444291207,142.97364661324602,430.58385444291207,152.97364661324602,440.58385444291207,1.0
1,650,148.91122874961957,434.96001182175587,143.91122874961957,429.96001182175587,153.91122874961957,439.96001182175587,1.0
1,651,149.34765025793035,434.375693765298,144.34765025793035,429.375693765298,154.34765025793035,439.375693765298,1.0
1,652,150.19797436145973,434.1917460831224,145.19797436145973,429.1917460831224,155.19797436145973,439.1917460831224,1.0
1,653,149.5169268914139,434.0289468646506,144.5169268914139,429.0289468646506,154.5169268914139,439.0289468646506,1.0
1,654,148.78584557960218,434.14151970102154,143.78584557960218,429.14151970102154,153.78584557960218,439.14151970102154,1.0
1,655,147.80841865184402,434.9424969161258,142.80841865184402,429.9424969161258,152.80841865184402,439.9424969161258,1.0
1,656,147.8998103022678,435.22190495517196,142.8998103022678,430.22190495517196,152.8998103022678,440.22190495517196,1.0
1,657,149.16398088936415,435.341248408408,144.16398088936415,430.341248408408,154.16398088936415,440.341248408408,1.0
1,658,148.73820510725002,435.30080103112573,143.73820510725002,430.30080103112573,153.73820510725002,440.30080103112573,1.0
1,659,148.03066403092913,434.75862172040803,143.03066403092913,429.75862172040803,153.03066403092913,439.75862172040803,1.0
1,660,146.71985966144712,435.09075988760156,141.71985966144712,430.09075988760156,151.71985966144712,440.09075988760156,1.0
1,661,145.9333728369839,435.17853758128774,140.9333728369839,430.17853758128774,150.9333728369839,440.17853758128774,1.0
1,662,144.5201220222269,435.4332998945162,139.5201220222269,430.4332998945162,149.5201220222269,440.4332998945162,1.0
1,663,143.2666852640161,435.78054181667557,138.2666852640161,430.78054181667557,148.2666852640161,440.78054181667557,1.0
1,664,142.24275472403858,435.8487598764372,137.24275472403858,430.8487598764372,147.24275472403858,440.8487598764372,1.0
1,665,139.36902462674465,435.23318525798686,134.36902462674465,430.23318525798686,144.36902462674465,440.23318525798686,1.0
1,666,138.2005788373221,436.38939712604764,133.2005788373221,431.38939712604764,143.2005788373221,441.38939712604764,1.0
1,667,136.6115019405745,437.47806787953857,131.6115019405745,432.47806787953857,141.6115019405745,442.47806787953857,1.0
1,668,135.92470953184227,438.46289131045387,130.92470953184227,433.46289131045387,140.92470953184227,443.46289131045387,1.0
1,669,135.86422248739856,439.01564225107586,130.86422248739856,434.01564225107586,140.86422248739856,444.01564225107586,1.0
1,670,135.73498238480508,438.7969431781117,130.73498238480508,433.7969431781117,140.73498238480508,443.7969431781117,1.0
1,671,134.62081099915227,439.25147953561094,129.62081099915227,434.25147953561094,139.62081099915227,444.25147953561094,1.0
1,672,133.97248813767783,440.03338356313986,128.97248813767783,435.03338356313986,138.97248813767783,445.03338356313986,1.0
1,673,134.6974626797938,440.7089780175418,129.6974626797938,435.7089780175418,139.6974626797938,445.7089780175418,1.0
1,674,135.52456623169874,441.301232997479,130.52456623169874,436.301232997479,140.52456623169874,446.301232997479,1.0
1,675,136.04786598946714,442.70663190097224,131.04786598946714,437.70663190097224,141.04786598946714,447.70663190097224,1.0
1,676,136.34551344971322,444.768819585969,131.34551344971322,439.768819585969,141.34551344971322,449.768819585969,1.0
1,677,135.41780931659795,446.77533860353515,130.41780931659795,441.77533860353515,140.41780931659795,451.77533860353515,1.0
1,678,135.3411187929542,448.8491484055167,130.3411187929542,443.8491484055167,140.3411187929542,453.8491484055167,1.0
1,679,135.9842902775551,449.1562035611455,130.9842902775551,444.1562035611455,140.9842902775551,454.1562035611455,1.0
1,680,136.2812901013371,448.9976837007897,131.2812901013371,443.9976837007897,141.2812901013371,453.9976837007897,1.0
1,681,137.29318618624902,447.88434166323174,132.29318618624902,442.88434166323174,142.29318618624902,452.88434166323174,1.0
1,682,138.13714578504178,447.44973781346255,133.13714578504178,442.44973781346255,143.13714578504178,452.44973781346255,1.0
1,683,137.9721243003482,447.7943264114426,132.9721243003482,442.7943264114426,142.9721243003482,452.7943264114426,1.0
1,684,137.89410937320648,447.2014942378968,132.89410937320648,442.2014942378968,142.89410937320648,452.2014942378968,1.0
1,685,137.16468603079272,446.28422362402995,132.16468603079272,441.28422362402995,142.16468603079272,451.28422362402995,1.0
1,686,136.79016482189252,445.58138116185916,131.79016482189252,440.58138116185916,141.79016482189252,450.58138116185916,1.0
1,687,136.82623615193026,444.5458693072785,131.82623615193026,439.5458693072785,141.82623615193026,449.5458693072785,1.0
1,688,135.80080293846046,443.57499751726846,130.80080293846046,438.57499751726846,140.80080293846046,448.57499751726846,1.0
1,689,135.51668788065064,444.5589671427648,130.51668788065064,439.5589671427648,140.51668788065064,449.5589671427648,1.0
1,690,134.36370728041686,445.67609420929637,129.36370728041686,440.67609420929637,139.36370728041686,450.67609420929637,1.0
1,691,132.88898011399954,446.73408056262633,127.88898011399954,441.73408056262633,137.88898011399954,451.73408056262633,1.0
1,692,132.09082399255755,446.4304254908539,127.09082399255755,441.4304254908539,137.09082399255755,451.4304254908539,1.0
1,693,132.28865785913803,447.2828554814148,127.28865785913803,442.2828554814148,137.28865785913803,452.2828554814148,1.0
1,694,132.5178808657646,449.6010261488581,127.5178808657646,444.6010261488581,137.5178808657646,454.6010261488581,1.0
1,695,133.05776386734124,451.23229780332804,128.05776386734124,446.23229780332804,138.05776386734124,456.23229780332804,1.0
1,696,132.64275904323503,452.0144962771707,127.64275904323503,447.0144962771707,137.64275904323503,457.0144962771707,1.0
1,697,132.5170360382926,452.1002803109834,127.51703603829259,447.1002803109834,137.5170360382926,457.1002803109834,1.0
1,698,131.83930579072302,451.85553185699865,126.83930579072302,446.85553185699865,136.83930579072302,456.85553185699865,1.0
1,699,131.53502307740777,451.5435984794668,126.53502307740777,446.5435984794668,136.53502307740777,456.5435984794668,1.0
1,700,132.5392949453437,451.0091088493918,127.5392949453437,446.0091088493918,137.5392949453437,456.0091088493918,1.0
1,701,133.87859457915184,449.96203413247196,128.87859457915184,444.96203413247196,138.87859457915184,454.96203413247196,1.0
1,702,134.47047544961578,448.49480847503173,129.47047544961578,443.49480847503173,139.47047544961578,453.49480847503173,1.0
1,703,135.0391676660468,448.88211649135934,130.0391676660468,443.88211649135934,140.0391676660468,453.88211649135934,1.0
1,704,135.1565243992361,449.09939778526,130.1565243992361,444.09939778526,140.1565243992361,454.09939778526,1.0
1,705,135.05802936433352,449.06991073917925,130.05802936433352,444.06991073917925,140.05802936433352,454.06991073917925,1.0
1,706,134.62603280555652,449.9215803889823,129.62603280555652,444.9215803889823,139.62603280555652,454.9215803889823,1.0
1,707,134.57051916891348,449.90290988734773,129.57051916891348,444.90290988734773,139.57051916891348,454.90290988734773,1.0
1,708,133.40153632745114,450.58218648722954,128.40153632745114,445.58218648722954,138.40153632745114,455.58218648722954,1.0
1,709,132.3445660981071,450.96387421599223,127.3445660981071,445.96387421599223,137.3445660981071,455.96387421599223,1.0
1,710,130.79495984575283,450.5016310634353,125.79495984575283,445.5016310634353,135.79495984575283,455.5016310634353,1.0
1,711,130.57220585326678,450.48231118968863,125.57220585326678,445.48231118968863,135.57220585326678,455.48231118968863,1.0
1,712,129.9836022013748,450.7513109229252,124.9836022013748,445.7513109229252,134.9836022013748,455.7513109229252,1.0
1,713,130.6038236346411,451.27273063978805,125.60382363464109,446.27273063978805,135.6038236346411,456.27273063978805,1.0
1,714,130.92699345275878,451.22505707164726,125.92699345275878,446.22505707164726,135.92699345275878,456.22505707164726,1.0
1,715,130.4491513176935,450.997830094533,125.44915131769349,445.997830094533,135.4491513176935,455.997830094533,1.0
1,716,128.80252797187245,451.02098210700046,123.80252797187245,446.02098210700046,133.80252797187245,456.02098210700046,1.0
1,717,128.54527627068788,450.82315494351786,123.54527627068788,445.82315494351786,133.54527627068788,455.82315494351786,1.0
1,718,129.64359657051514,450.1951028335426,124.64359657051514,445.1951028335426,134.64359657051514,455.1951028335426,1.0
1,719,129.5818113628858,449.7879878786363,124.58181136288579,444.7879878786363,134.5818113628858,454.7879878786363,1.0
1,720,128.734840654359,448.54656895623475,123.734840654359,443.54656895623475,133.734840654359,453.54656895623475,1.0
1,721,127.4505427812241,448.54734736777186,122.4505427812241,443.54734736777186,132.4505427812241,453.54734736777186,1.0
1,722,126.92526267474756,449.4789293177528,121.92526267474756,444.4789293177528,131.92526267474756,454.4789293177528,1.0
1,723,126.08576406398561,450.693900179209,121.08576406398561,445.693900179209,131.0857640639856,455.693900179209,1.0
1,724,124.6340144380216,451.6346329042267,119.6340144380216,446.6346329042267,129.6340144380216,456.6346329042267,1.0
1,725,124.79641696551036,452.1615181714626,119.79641696551036,447.1615181714626,129.79641696551036,457.1615181714626,1.0
1,726,124.09833871454602,452.25886377820535,119.09833871454602,447.25886377820535,129.098338714546,457.25886377820535,1.0
1,727,123.97035107069115,453.2293028125823,118.97035107069115,448.2293028125823,128.97035107069115,458.2293028125823,1.0
1,728,124.07418106473293,453.5848145527354,119.07418106473293,448.5848145527354,129.07418106473293,458.5848145527354,1.0
1,729,123.6556544446569,454.57455017389856,118.6556544446569,449.57455017389856,128.6556544446569,459.57455017389856,1.0
1,730,122.85846925265648,455.567433249586,117.85846925265648,450.567433249586,127.85846925265648,460.567433249586,1.0
1,731,122.18244980624739,456.2119358810795,117.18244980624739,451.2119358810795,127.18244980624739,461.2119358810795,1.0
1,732,121.25906624810787,456.19240374598974,116.25906624810787,451.19240374598974,126.25906624810787,461.19240374598974,1.0
1,733,120.28121424167196,456.6928003351828,115.28121424167196,451.6928003351828,125.28121424167196,461.6928003351828,1.0
1,734,118.84832703908143,456.25244182709343,113.84832703908143,451.25244182709343,123.84832703908143,461.25244182709343,1.0
1,735,118.00963948859531,456.2033691974031,113.00963948859531,451.2033691974031,123.00963948859531,461.2033691974031,1.0
1,736,117.15523794370353,456.66107630477626,112.15523794370353,451.66107630477626,122.15523794370353,461.66107630477626,1.0
1,737,116.36437965797575,456.862999514688,111.36437965797575,451.862999514688,121.36437965797575,461.862999514688,1.0
1,738,116.12784456870718,457.16691872510637,111.12784456870718,452.16691872510637,121.12784456870718,462.16691872510637,1.0
1,739,116.39396733012855,457.3867437823876,111.39396733012855,452.3867437823876,121.39396733012855,462.3867437823876,1.0
1,740,115.91004557811094,457.6406232835901,110.91004557811094,452.6406232835901,120.91004557811094,462.6406232835901,1.0
1,741,114.6908560172422,457.24936451605805,109.6908560172422,452.24936451605805,119.6908560172422,462.24936451605805,1.0
1,742,115.51422017896289,457.30511272149323,110.51422017896289,452.30511272149323,120.51422017896289,462.30511272149323,1.0
1,743,115.48177652023162,457.4354392623541,110.48177652023162,452.4354392623541,120.48177652023162,462.4354392623541,1.0
1,744,115.14206720163315,457.75373947638496,110.14206720163315,452.75373947638496,120.14206720163315,462.75373947638496,1.0
1,745,115.2346653140056,457.12258701164143,110.2346653140056,452.12258701164143,120.2346653140056,462.12258701164143,1.0
1,746,115.2153614054669,455.9924148241082,110.2153614054669,450.9924148241082,120.2153614054669,460.9924148241082,1.0
1,747,114.58916674914111,455.295310515641,109.58916674914111,450.295310515641,119.58916674914111,460.295310515641,1.0
1,748,113.65412989502474,454.4983723018841,108.65412989502474,449.4983723018841,118.65412989502474,459.4983723018841,1.0
2,0,509.5,383.0,504.5,378.0,514.5,388.0,1.0
2,1,508.58185030129385,382.6585305605719,503.58185030129385,377.6585305605719,513.5818503012938,387.6585305605719,1.0
2,2,508.1237032548914,383.34922453632487,503.1237032548914,378.34922453632487,513.1237032548913,388.34922453632487,1.0
2,3,508.96372523426277,383.7564844238129,503.96372523426277,378.7564844238129,513.9637252342627,388.7564844238129,1.0
2,4,509.0044638509708,384.3969395118324,504.0044638509708,379.3969395118324,514.0044638509708,389.3969395118324,1.0
2,5,509.31682410692775,384.5702200210425,504.31682410692775,379.5702200210425,514.3168241069277,389.5702200210425,1.0
2,6,508.75903652524727,384.5401599299664,503.75903652524727,379.5401599299664,513.7590365252472,389.5401599299664,1.0
2,7,508.64955721355335,385.53419515899634,503.64955721355335,380.53419515899634,513.6495572135534,390.53419515899634,1.0
2,8,508.55251759019103,385.9759884319145,503.55251759019103,380.9759884319145,513.552517590191,390.9759884319145,1.0
2,9,508.3842445803404,386.24805164880644,503.3842445803404,381.24805164880644,513.3842445803405,391.24805164880644,1.0
2,10,508.89254673071554,385.2395784657195,503.89254673071554,380.2395784657195,513.8925467307156,390.2395784657195,1.0
2,11,509.9932402305258,384.8599704257515,504.9932402305258,379.8599704257515,514.9932402305258,389.8599704257515,1.0
2,12,510.0238200902114,383.967429036949,505.0238200902114,378.967429036949,515.0238200902114,388.967429036949,1.0
2,13,510.57727971984343,383.9202727107405,505.57727971984343,378.9202727107405,515.5772797198434,388.9202727107405,1.0
2,14,510.0808464312601,383.23580856715415,505.0808464312601,378.23580856715415,515.0808464312602,388.23580856715415,1.0
2,15,508.65129805192504,384.00172360392895,503.65129805192504,379.00172360392895,513.6512980519251,389.00172360392895,1.0
2,16,507.62129017475735,385.0602924257938,502.62129017475735,380.0602924257938,512.6212901747574,390.0602924257938,1.0
2,17,507.01070191408445,385.76788671702076,502.01070191408445,380.76788671702076,512.0107019140844,390.76788671702076,1.0
2,18,506.2136227349628,385.6954005774396,501.2136227349628,380.6954005774396,511.2136227349628,390.6954005774396,1.0
2,19,506.54535497908694,384.58290014274456,501.54535497908694,379.58290014274456,511.54535497908694,389.58290014274456,1.0
2,20,507.45569162169045,383.15666943634966,502.45569162169045,378.15666943634966,512.4556916216904,388.15666943634966,1.0
2,21,507.90520928228807,382.65874834496054,502.90520928228807,377.65874834496054,512.9052092822881,387.65874834496054,1.0
2,22,507.44450426106374,383.6122297276244,502.44450426106374,378.6122297276244,512.4445042610637,388.6122297276244,1.0
2,23,507.61631836486066,384.3192499072647,502.61631836486066,379.3192499072647,512.6163183648607,389.3192499072647,1.0
2,24,508.1834755077792,385.19050505957387,503.1834755077792,380.19050505957387,513.1834755077791,390.19050505957387,1.0
2,25,508.35275878665897,385.83216968970544,503.35275878665897,380.83216968970544,513.352758786659,390.83216968970544,1.0
2,26,507.59788064008086,386.65178924776524,502.59788064008086,381.65178924776524,512.5978806400808,391.65178924776524,1.0
2,27,507.1973307511544,387.2643084183982,502.1973307511544,382.2643084183982,512.1973307511544,392.2643084183982,1.0
2,28,507.8204633750385,388.7665757418623,502.8204633750385,383.7665757418623,512.8204633750386,393.7665757418623,1.0
2,29,508.6844680897796,390.2911814992713,503.6844680897796,385.2911814992713,513.6844680897796,395.2911814992713,1.0
2,30,509.1450528474257,390.3612064334515,504.1450528474257,385.3612064334515,514.1450528474256,395.3612064334515,1.0
2,31,509.9723709509007,389.8502013567044,504.9723709509007,384.8502013567044,514.9723709509008,394.8502013567044,1.0
2,32,511.224624324704,389.550954632654,506.224624324704,384.550954632654,516.224624324704,394.550954632654,1.0
2,33,512.4734262540421,388.8292664212635,507.4734262540421,383.8292664212635,517.4734262540421,393.8292664212635,1.0
2,34,512.6615643578684,388.03245644769765,507.66156435786843,383.03245644769765,517.6615643578684,393.03245644769765,1.0
2,35,512.3792892874171,387.24136432416236,507.3792892874171,382.24136432416236,517.3792892874171,392.24136432416236,1.0
2,36,513.0085559290676,387.451075841867,508.0085559290676,382.451075841867,518.0085559290676,392.451075841867,1.0
2,37,513.6132349241336,387.48488132236946,508.6132349241336,382.48488132236946,518.6132349241336,392.48488132236946,1.0
2,38,513.8005065605923,386.6103165950374,508.80050656059234,381.6103165950374,518.8005065605923,391.6103165950374,1.0
2,39,512.6282964189755,386.59671466098257,507.62829641897554,381.59671466098257,517.6282964189755,391.59671466098257,1.0
2,40,512.1543410651132,386.8493357611145,507.15434106511316,381.8493357611145,517.1543410651132,391.8493357611145,1.0
2,41,512.317014686561,386.5372462355714,507.31701468656104,381.5372462355714,517.317014686561,391.5372462355714,1.0
2,42,511.12785198309837,386.0296986983243,506.12785198309837,381.0296986983243,516.1278519830984,391.0296986983243,1.0
2,43,511.32389735208915,385.64466998574363,506.32389735208915,380.64466998574363,516.3238973520891,390.64466998574363,1.0
2,44,512.2329451631562,385.4671560571831,507.23294516315616,380.4671560571831,517.2329451631562,390.4671560571831,1.0
2,45,513.152571110972,385.92858212653186,508.15257111097196,380.92858212653186,518.152571110972,390.92858212653186,1.0
2,46,514.8989064921624,386.0981579503836,509.8989064921624,381.0981579503836,519.8989064921624,391.0981579503836,1.0
2,47,514.4749707856831,386.8623554394529,509.4749707856831,381.8623554394529,519.4749707856831,391.8623554394529,1.0
2,48,514.2182820348861,387.23046312187853,509.2182820348861,382.23046312187853,519.2182820348861,392.23046312187853,1.0
2,49,515.5493243813164,386.9694144397506,510.5493243813164,381.9694144397506,520.5493243813164,391.9694144397506,1.0
2,50,515.986349077959,386.9194350119662,510.98634907795895,381.9194350119662,520.986349077959,391.9194350119662,1.0
2,51,516.8169940830783,386.7286398389832,511.81699408307827,381.7286398389832,521.8169940830783,391.7286398389832,1.0
2,52,517.890220353035,385.9384877394783,512.890220353035,380.9384877394783,522.890220353035,390.9384877394783,1.0
2,53,518.0862912067423,385.22764975117036,513.0862912067423,380.22764975117036,523.0862912067423,390.22764975117036,1.0
2,54,518.1927656354696,384.36159467478427,513.1927656354696,379.36159467478427,523.1927656354696,389.36159467478427,1.0
2,55,517.7908008231395,384.4887867182307,512.7908008231395,379.4887867182307,522.7908008231395,389.4887867182307,1.0
2,56,518.6352216282769,384.5517525529196,513.6352216282769,379.5517525529196,523.6352216282769,389.5517525529196,1.0
2,57,517.7471339530256,385.0605369432861,512.7471339530256,380.0605369432861,522.7471339530256,390.0605369432861,1.0
2,58,517.4460714739083,385.6623845192041,512.4460714739083,380.6623845192041,522.4460714739083,390.6623845192041,1.0
2,59,516.9868497333225,386.52939814835054,511.9868497333225,381.52939814835054,521.9868497333225,391.52939814835054,1.0
2,60,516.6205658810013,385.8550927537924,511.6205658810013,380.8550927537924,521.6205658810013,390.8550927537924,1.0
2,61,516.4696086788598,385.24090648835426,511.4696086788598,380.24090648835426,521.4696086788598,390.24090648835426,1.0
2,62,515.7892218883736,384.0428216768264,510.7892218883736,379.0428216768264,520.7892218883736,389.0428216768264,1.0
2,63,516.041673160341,383.9282854110758,511.041673160341,378.9282854110758,521.041673160341,388.9282854110758,1.0
2,64,515.4019351092395,383.0452189208968,510.4019351092395,378.0452189208968,520.4019351092395,388.0452189208968,1.0
2,65,514.6274341097713,382.0942842283491,509.62743410977134,377.0942842283491,519.6274341097713,387.0942842283491,1.0
2,66,514.4393499638368,381.262546935626,509.4393499638368,376.262546935626,519.4393499638368,386.262546935626,1.0
2,67,514.2735860875931,380.37337638252455,509.2735860875931,375.37337638252455,519.2735860875931,385.37337638252455,1.0
2,68,513.8315164991866,379.3521919669635,508.8315164991866,374.3521919669635,518.8315164991866,384.3521919669635,1.0
2,69,512.9120903364958,379.26348304335556,507.9120903364958,374.26348304335556,517.9120903364958,384.26348304335556,1.0
2,70,512.7323994810668,379.7473978116973,507.73239948106675,374.7473978116973,517.7323994810668,384.7473978116973,1.0
2,71,513.3547844472578,379.83715649212394,508.35478444725777,374.83715649212394,518.3547844472578,384.83715649212394,1.0
2,72,513.9618890731854,379.40837165792084,508.9618890731854,374.40837165792084,518.9618890731854,384.40837165792084,1.0
2,73,513.5557115773482,379.30273877165666,508.55571157734823,374.30273877165666,518.5557115773482,384.30273877165666,1.0
2,74,512.5175530902492,378.63718615478865,507.5175530902492,373.63718615478865,517.5175530902492,383.63718615478865,1.0
2,75,511.8023572761351,377.7890128083763,506.8023572761351,372.7890128083763,516.8023572761351,382.7890128083763,1.0
2,76,510.63063661603735,376.62002896535796,505.63063661603735,371.62002896535796,515.6306366160373,381.62002896535796,1.0
2,77,509.93541302280676,375.8580306523273,504.93541302280676,370.8580306523273,514.9354130228068,380.8580306523273,1.0
2,78,509.30586808901137,375.08638974178024,504.30586808901137,370.08638974178024,514.3058680890114,380.08638974178024,1.0
2,79,509.11232564528035,375.30499578261544,504.11232564528035,370.30499578261544,514.1123256452804,380.30499578261544,1.0
2,80,508.3589651512608,374.3700081359542,503.3589651512608,369.3700081359542,513.3589651512608,379.3700081359542,1.0
2,81,507.39599023892504,374.1432095879804,502.39599023892504,369.1432095879804,512.395990238925,379.1432095879804,1.0
2,82,508.2741314784597,374.32956331040475,503.2741314784597,369.32956331040475,513.2741314784597,379.32956331040475,1.0
2,83,509.10893195612795,374.4489935194123,504.10893195612795,369.4489935194123,514.1089319561279,379.4489935194123,1.0
2,84,507.96617237489323,375.6811467297756,502.96617237489323,370.6811467297756,512.9661723748932,380.6811467297756,1.0
2,85,507.3282944898244,376.8788608126648,502.3282944898244,371.8788608126648,512.3282944898244,381.8788608126648,1.0
2,86,507.2226149150904,377.14569752760525,502.2226149150904,372.14569752760525,512.2226149150904,382.14569752760525,1.0
2,87,507.0385287773008,376.976468234093,502.0385287773008,371.976468234093,512.0385287773008,381.976468234093,1.0
2,88,506.8418908605415,375.9727686451043,501.8418908605415,370.9727686451043,511.8418908605415,380.9727686451043,1.0
2,89,505.10933300285024,375.20355977777024,500.10933300285024,370.20355977777024,510.10933300285024,380.20355977777024,1.0
2,90,505.1472261088934,374.34801409262667,500.1472261088934,369.34801409262667,510.1472261088934,379.34801409262667,1.0
2,91,504.69996434228557,372.20783668063206,499.69996434228557,367.20783668063206,509.69996434228557,377.20783668063206,1.0
2,92,503.62081921092096,369.60026791704774,498.62081921092096,364.60026791704774,508.62081921092096,374.60026791704774,1.0
2,93,502.21578541503953,368.9420686974279,497.21578541503953,363.9420686974279,507.21578541503953,373.9420686974279,1.0
2,94,502.1477383898249,368.87036034345664,497.1477383898249,363.87036034345664,507.1477383898249,373.87036034345664,1.0
2,95,502.0772353279223,368.140385812329,497.0772353279223,363.140385812329,507.0772353279223,373.140385812329,1.0
2,96,501.4604541418332,368.6315625324478,496.4604541418332,363.6315625324478,506.4604541418332,373.6315625324478,1.0
2,97,501.1431755183442,367.8986692946386,496.1431755183442,362.8986692946386,506.1431755183442,372.8986692946386,1.0
2,98,501.6359129741012,366.9932774178193,496.6359129741012,361.9932774178193,506.6359129741012,371.9932774178193,1.0
2,99,501.83924225042233,366.5545053029266,496.83924225042233,361.5545053029266,506.83924225042233,371.5545053029266,1.0
2,100,502.3861055534086,365.8232611204215,497.3861055534086,360.8232611204215,507.3861055534086,370.8232611204215,1.0
2,101,503.77185759717435,365.5124460497466,498.77185759717435,360.5124460497466,508.77185759717435,370.5124460497466,1.0
2,102,505.28408017079687,365.7058451206442,500.28408017079687,360.7058451206442,510.28408017079687,370.7058451206442,1.0
2,103,506.7045267201465,366.37736100234133,501.7045267201465,361.37736100234133,511.7045267201465,371.37736100234133,1.0
2,104,506.19191181217457,367.4133303245122,501.19191181217457,362.4133303245122,511.19191181217457,372.4133303245122,1.0
2,105,505.99240258428614,367.46292949489305,500.99240258428614,362.46292949489305,510.99240258428614,372.46292949489305,1.0
2,106,504.84409790264993,367.5424925191848,499.84409790264993,362.5424925191848,509.84409790264993,372.5424925191848,1.0
2,107,503.82892565651196,368.41160104921266,498.82892565651196,363.41160104921266,508.82892565651196,373.41160104921266,1.0
2,108,503.09826993249106,368.85778353322564,498.09826993249106,363.85778353322564,508.09826993249106,373.85778353322564,1.0
2,109,502.9203329996167,368.44738172369904,497.9203329996167,363.44738172369904,507.9203329996167,373.44738172369904,1.0
2,110,502.33907867908465,367.98825112039736,497.33907867908465,362.98825112039736,507.33907867908465,372.98825112039736,1.0
2,111,503.3359914255023,367.9378907331842,498.3359914255023,362.9378907331842,508.3359914255023,372.9378907331842,1.0
2,112,502.64633181539637,368.1261217385011,497.64633181539637,363.1261217385011,507.64633181539637,373.1261217385011,1.0
2,113,501.3444796930825,369.1218025128698,496.3444796930825,364.1218025128698,506.3444796930825,374.1218025128698,1.0
2,114,500.48992262653684,369.9155709915933,495.48992262653684,364.9155709915933,505.48992262653684,374.9155709915933,1.0
2,115,499.96545631579045,369.70055566015367,494.96545631579045,364.70055566015367,504.96545631579045,374.70055566015367,1.0
2,116,500.0635665549819,369.38489177219316,495.0635665549819,364.38489177219316,505.0635665549819,374.38489177219316,1.0
2,117,499.16889551840484,370.00275001664846,494.16889551840484,365.00275001664846,504.16889551840484,375.00275001664846,1.0
2,118,497.8368525770981,369.9563674712581,492.8368525770981,364.9563674712581,502.8368525770981,374.9563674712581,1.0
2,119,496.606112563841,370.52208496759124,491.606112563841,365.52208496759124,501.606112563841,375.52208496759124,1.0
2,120,495.9176176960637,370.9181315973792,490.9176176960637,365.9181315973792,500.9176176960637,375.9181315973792,1.0
2,121,495.71858737178815,370.1259003845218,490.71858737178815,365.1259003845218,500.71858737178815,375.1259003845218,1.0
2,122,496.551775712369,369.3232982643768,491.551775712369,364.3232982643768,501.551775712369,374.3232982643768,1.0
2,123,497.56181455563376,367.2555360377465,492.56181455563376,362.2555360377465,502.56181455563376,372.2555360377465,1.0
2,124,497.76329453627204,365.6817390029786,492.76329453627204,360.6817390029786,502.76329453627204,370.6817390029786,1.0
2,125,497.83801083552294,364.6027661960625,492.83801083552294,359.6027661960625,502.83801083552294,369.6027661960625,1.0
2,126,499.02595145671194,363.88904582580466,494.02595145671194,358.88904582580466,504.02595145671194,368.88904582580466,1.0
2,127,499.6073330064877,363.11266872202805,494.6073330064877,358.11266872202805,504.6073330064877,368.11266872202805,1.0
2,128,498.7892041960739,362.478981413618,493.7892041960739,357.478981413618,503.7892041960739,367.478981413618,1.0
2,129,499.11724348350344,361.3110006141075,494.11724348350344,356.3110006141075,504.11724348350344,366.3110006141075,1.0
2,130,499.0262072297199,361.4111569379798,494.0262072297199,356.4111569379798,504.0262072297199,366.4111569379798,1.0
2,131,499.22642601080065,363.3996098257515,494.22642601080065,358.3996098257515,504.22642601080065,368.3996098257515,1.0
2,132,499.07751109757777,364.70384409463804,494.07751109757777,359.70384409463804,504.07751109757777,369.70384409463804,1.0
2,133,498.52745247867216,364.3062558885325,493.52745247867216,359.3062558885325,503.52745247867216,369.3062558885325,1.0
2,134,497.5891606002974,364.94676659528005,492.5891606002974,359.94676659528005,502.5891606002974,369.94676659528005,1.0
2,135,496.3670550781585,365.4729351451691,491.3670550781585,360.4729351451691,501.3670550781585,370.4729351451691,1.0
2,136,496.9834678246902,367.07995576097187,491.9834678246902,362.07995576097187,501.9834678246902,372.07995576097187,1.0
2,137,497.93411598342504,368.89940124739553,492.93411598342504,363.89940124739553,502.93411598342504,373.89940124739553,1.0
2,138,498.201105896761,370.5169156588684,493.201105896761,365.5169156588684,503.201105896761,375.5169156588684,1.0
2,139,499.57090791126325,370.99563860442976,494.57090791126325,365.99563860442976,504.57090791126325,375.99563860442976,1.0
2,140,499.5962776692844,371.73293795919705,494.5962776692844,366.73293795919705,504.5962776692844,376.73293795919705,1.0
2,141,498.9432826405013,372.66636578846885,493.9432826405013,367.66636578846885,503.9432826405013,377.66636578846885,1.0
2,142,499.26721905778214,373.1694982997593,494.26721905778214,368.1694982997593,504.26721905778214,378.1694982997593,1.0
2,143,499.4464907550519,373.728891860443,494.4464907550519,368.728891860443,504.4464907550519,378.728891860443,1.0
2,144,499.46502340546095,375.0882618558344,494.46502340546095,370.0882618558344,504.46502340546095,380.0882618558344,1.0
2,145,500.68620577190114,375.05627918638106,495.68620577190114,370.05627918638106,505.68620577190114,380.05627918638106,1.0
2,146,500.97808496910153,375.18827099893224,495.97808496910153,370.18827099893224,505.97808496910153,380.18827099893224,1.0
2,147,500.746772739849,375.6525794427165,495.746772739849,370.6525794427165,505.746772739849,380.6525794427165,1.0
2,148,500.39111602546694,376.28352716391873,495.39111602546694,371.28352716391873,505.39111602546694,381.28352716391873,1.0
2,149,501.43423462927666,377.3396144569692,496.43423462927666,372.3396144569692,506.43423462927666,382.3396144569692,1.0
2,150,502.88583004575446,378.9079686077295,497.88583004575446,373.9079686077295,507.88583004575446,383.9079686077295,1.0
2,151,504.21106847125446,380.11016134514415,499.21106847125446,375.11016134514415,509.21106847125446,385.11016134514415,1.0
2,152,504.0408430672367,381.02458308082214,499.0408430672367,376.02458308082214,509.0408430672367,386.02458308082214,1.0
2,153,503.0161438450531,382.5783050425515,498.0161438450531,377.5783050425515,508.0161438450531,387.5783050425515,1.0
2,154,502.19447861331963,382.9730624124574,497.19447861331963,377.9730624124574,507.19447861331963,387.9730624124574,1.0
2,155,502.00602822561615,382.4540751733929,497.00602822561615,377.4540751733929,507.00602822561615,387.4540751733929,1.0
2,156,502.0204235428084,382.12763864649935,497.0204235428084,377.12763864649935,507.0204235428084,387.12763864649935,1.0
2,157,501.8253162244643,382.0559076542728,496.8253162244643,377.0559076542728,506.8253162244643,387.0559076542728,1.0
2,158,501.6274678514067,382.3716979887121,496.6274678514067,377.3716979887121,506.6274678514067,387.3716979887121,1.0
2,159,501.2265569038241,382.95879538173955,496.2265569038241,377.95879538173955,506.2265569038241,387.95879538173955,1.0
2,160,499.99501038064733,384.1358196067854,494.99501038064733,379.1358196067854,504.99501038064733,389.1358196067854,1.0
2,161,498.9135394397745,384.49054974565337,493.9135394397745,379.49054974565337,503.9135394397745,389.49054974565337,1.0
2,162,499.58678240843625,385.6384742613177,494.58678240843625,380.6384742613177,504.58678240843625,390.6384742613177,1.0
2,163,499.9769210109045,386.72599552503,494.9769210109045,381.72599552503,504.9769210109045,391.72599552503,1.0
2,164,500.2515500021569,387.1657174927879,495.2515500021569,382.1657174927879,505.2515500021569,392.1657174927879,1.0
2,165,499.7735327869148,387.36742935664256,494.7735327869148,382.36742935664256,504.7735327869148,392.36742935664256,1.0
2,166,499.64201990949846,388.50310984944105,494.64201990949846,383.50310984944105,504.64201990949846,393.50310984944105,1.0
2,167,500.0831612276769,388.4092315847948,495.0831612276769,383.4092315847948,505.0831612276769,393.4092315847948,1.0
2,168,499.94409106839146,387.91455596774085,494.94409106839146,382.91455596774085,504.94409106839146,392.91455596774085,1.0
2,169,500.028708011155,386.3886904699273,495.028708011155,381.3886904699273,505.028708011155,391.3886904699273,1.0
2,170,500.3907897327502,385.16415953565115,495.3907897327502,380.16415953565115,505.3907897327502,390.16415953565115,1.0
2,171,501.2780634471619,384.3732294655423,496.2780634471619,379.3732294655423,506.2780634471619,389.3732294655423,1.0
2,172,501.92952804481945,383.7257740743513,496.92952804481945,378.7257740743513,506.92952804481945,388.7257740743513,1.0
2,173,503.7945318558696,383.5259052418178,498.7945318558696,378.5259052418178,508.7945318558696,388.5259052418178,1.0
2,174,505.42345813023724,383.23540441496,500.42345813023724,378.23540441496,510.42345813023724,388.23540441496,1.0
2,175,506.70575580525576,382.32021524112196,501.70575580525576,377.32021524112196,511.70575580525576,387.32021524112196,1.0
2,176,507.02461798331757,382.130106716843,502.02461798331757,377.130106716843,512.0246179833175,387.130106716843,1.0
2,177,505.96686076165776,382.40524157966263,500.96686076165776,377.40524157966263,510.96686076165776,387.40524157966263,1.0
2,178,505.73036188607534,381.35882381031695,500.73036188607534,376.35882381031695,510.73036188607534,386.35882381031695,1.0
2,179,506.1399302125405,381.2414865999071,501.1399302125405,376.2414865999071,511.1399302125405,386.2414865999071,1.0
2,180,506.63784803343907,381.1166956105264,501.63784803343907,376.1166956105264,511.63784803343907,386.1166956105264,1.0
2,181,506.87115141067324,381.01462434657304,501.87115141067324,376.01462434657304,511.87115141067324,386.01462434657304,1.0
2,182,507.3611566811636,381.0112215449532,502.3611566811636,376.0112215449532,512.3611566811636,386.0112215449532,1.0
2,183,506.9238132752093,380.25786921689104,501.9238132752093,375.25786921689104,511.9238132752093,385.25786921689104,1.0
2,184,507.1102784662474,379.9749176508561,502.1102784662474,374.9749176508561,512.1102784662473,384.9749176508561,1.0
2,185,507.7217771884254,379.99252343698987,502.7217771884254,374.99252343698987,512.7217771884254,384.99252343698987,1.0
2,186,507.91216950414224,380.7711473106104,502.91216950414224,375.7711473106104,512.9121695041422,385.7711473106104,1.0
2,187,507.87109082176426,381.35561124713,502.87109082176426,376.35561124713,512.8710908217643,386.35561124713,1.0
2,188,507.5286946371868,381.36245266926346,502.5286946371868,376.36245266926346,512.5286946371868,386.36245266926346,1.0
2,189,507.258017929297,381.68261685525067,502.258017929297,376.68261685525067,512.258017929297,386.68261685525067,1.0
2,190,507.7782327327606,381.60526147715467,502.7782327327606,376.60526147715467,512.7782327327607,386.60526147715467,1.0
2,191,507.2765813132977,381.5260347049746,502.2765813132977,376.5260347049746,512.2765813132977,386.5260347049746,1.0
2,192,506.760316315767,381.8862739573001,501.760316315767,376.8862739573001,511.760316315767,386.8862739573001,1.0
2,193,506.92279928811143,382.4171117947524,501.92279928811143,377.4171117947524,511.92279928811143,387.4171117947524,1.0
2,194,508.30251977469123,382.8194427777946,503.30251977469123,377.8194427777946,513.3025197746913,387.8194427777946,1.0
2,195,507.4925772355914,382.6422022933528,502.4925772355914,377.6422022933528,512.4925772355914,387.6422022933528,1.0
2,196,506.25061733933035,382.56504184172957,501.25061733933035,377.56504184172957,511.25061733933035,387.56504184172957,1.0
2,197,506.1385015973621,382.0157641322864,501.1385015973621,377.0157641322864,511.1385015973621,387.0157641322864,1.0
2,198,506.3505372305561,381.5721281442297,501.3505372305561,376.5721281442297,511.3505372305561,386.5721281442297,1.0
2,199,505.96217280753774,381.1866563161012,500.96217280753774,376.1866563161012,510.96217280753774,386.1866563161012,1.0
2,200,504.9933937327469,380.8924031185322,499.9933937327469,375.8924031185322,509.9933937327469,385.8924031185322,1.0
2,201,502.79619727402826,379.94585262777184,497.79619727402826,374.94585262777184,507.79619727402826,384.94585262777184,1.0
2,202,501.9642305846848,379.94242532061287,496.9642305846848,374.94242532061287,506.9642305846848,384.94242532061287,1.0
2,203,501.1703720278545,380.16145737987847,496.1703720278545,375.16145737987847,506.1703720278545,385.16145737987847,1.0
2,204,500.0359952174447,379.6655828372961,495.0359952174447,374.6655828372961,505.0359952174447,384.6655828372961,1.0
2,205,498.97797731043636,378.97459180212235,493.97797731043636,373.97459180212235,503.97797731043636,383.97459180212235,1.0
2,206,499.1998340003183,378.7188614859217,494.1998340003183,373.7188614859217,504.1998340003183,383.7188614859217,1.0
2,207,499.2761085547812,378.02216014735455,494.2761085547812,373.02216014735455,504.2761085547812,383.02216014735455,1.0
2,208,497.65793161298546,378.2981284722453,492.65793161298546,373.2981284722453,502.65793161298546,383.2981284722453,1.0
2,209,497.0603755420383,379.84651578209497,492.0603755420383,374.84651578209497,502.0603755420383,384.84651578209497,1.0
2,210,496.98020672631276,380.37013185803744,491.98020672631276,375.37013185803744,501.98020672631276,385.37013185803744,1.0
2,211,497.4282673414824,380.9861498786032,492.4282673414824,375.9861498786032,502.4282673414824,385.9861498786032,1.0
2,212,497.42108907689726,380.517127922737,492.42108907689726,375.517127922737,502.42108907689726,385.517127922737,1.0
2,213,497.7888688962994,380.17130221542203,492.7888688962994,375.17130221542203,502.7888688962994,385.17130221542203,1.0
2,214,498.0945370064146,379.58262119291555,493.0945370064146,374.58262119291555,503.0945370064146,384.58262119291555,1.0
2,215,498.6154264557347,379.7423942055223,493.6154264557347,374.7423942055223,503.6154264557347,384.7423942055223,1.0
2,216,498.44427352393893,379.95772122282466,493.44427352393893,374.95772122282466,503.44427352393893,384.95772122282466,1.0
2,217,497.7053844707258,381.0619458825016,492.7053844707258,376.0619458825016,502.7053844707258,386.0619458825016,1.0
2,218,497.41277010359926,381.7327048154261,492.41277010359926,376.7327048154261,502.41277010359926,386.7327048154261,1.0
2,219,497.17938240898326,381.4103697557134,492.17938240898326,376.4103697557134,502.17938240898326,386.4103697557134,1.0
2,220,497.21192304785967,381.85734896206,492.21192304785967,376.85734896206,502.21192304785967,386.85734896206,1.0
2,221,497.12530577976554,382.77098480916436,492.12530577976554,377.77098480916436,502.12530577976554,387.77098480916436,1.0
2,222,495.558811150392,383.9040759420595,490.558811150392,378.9040759420595,500.558811150392,388.9040759420595,1.0
2,223,493.819859803358,385.78364218344495,488.819859803358,380.78364218344495,498.819859803358,390.78364218344495,1.0
2,224,492.39781241703395,387.2925651506559,487.39781241703395,382.2925651506559,497.39781241703395,392.2925651506559,1.0
2,225,491.2891461753146,388.13774027671315,486.2891461753146,383.13774027671315,496.2891461753146,393.13774027671315,1.0
2,226,491.8573488201743,388.92122165343693,486.8573488201743,383.92122165343693,496.8573488201743,393.92122165343693,1.0
2,227,492.64256292508605,389.0251906885397,487.64256292508605,384.0251906885397,497.64256292508605,394.0251906885397,1.0
2,228,493.02413226601413,388.1307536282091,488.02413226601413,383.1307536282091,498.02413226601413,393.1307536282091,1.0
2,229,494.11094779459575,388.15038327213836,489.11094779459575,383.15038327213836,499.11094779459575,393.15038327213836,1.0
2,230,495.6602768319692,388.2007593108299,490.6602768319692,383.2007593108299,500.6602768319692,393.2007593108299,1.0
2,231,496.4895124716229,388.6616434251067,491.4895124716229,383.6616434251067,501.4895124716229,393.6616434251067,1.0
2,232,497.4564297787177,389.5328497977044,492.4564297787177,384.5328497977044,502.4564297787177,394.5328497977044,1.0
2,233,496.89636867788386,390.96994767802096,491.89636867788386,385.96994767802096,501.89636867788386,395.96994767802096,1.0
2,234,495.6732526722275,391.384016037893,490.6732526722275,386.384016037893,500.6732526722275,396.384016037893,1.0
2,235,494.2512729395578,391.39130245320865,489.2512729395578,386.39130245320865,499.2512729395578,396.39130245320865,1.0
2,236,493.7106921743451,391.46840502617493,488.7106921743451,386.46840502617493,498.7106921743451,396.46840502617493,1.0
2,237,494.336214370085,391.80789918874336,489.336214370085,386.80789918874336,499.336214370085,396.80789918874336,1.0
2,238,494.3190410707823,392.3758500707258,489.3190410707823,387.3758500707258,499.3190410707823,397.3758500707258,1.0
2,239,494.10438629448805,393.3611642429153,489.10438629448805,388.3611642429153,499.10438629448805,398.3611642429153,1.0
2,240,493.5976737636535,392.55427250830803,488.5976737636535,387.55427250830803,498.5976737636535,397.55427250830803,1.0
2,241,493.97451538474587,390.98383495194076,488.97451538474587,385.98383495194076,498.97451538474587,395.98383495194076,1.0
2,242,494.6260046501546,389.7559646082149,489.6260046501546,384.7559646082149,499.6260046501546,394.7559646082149,1.0
2,243,494.420470309024,389.28833735420835,489.420470309024,384.28833735420835,499.420470309024,394.28833735420835,1.0
2,244,493.9849275631865,388.2708466027116,488.9849275631865,383.2708466027116,498.9849275631865,393.2708466027116,1.0
2,245,493.20790313292366,387.5933562501576,488.20790313292366,382.5933562501576,498.20790313292366,392.5933562501576,1.0
2,246,493.66206217697084,386.36451936331616,488.66206217697084,381.36451936331616,498.66206217697084,391.36451936331616,1.0
2,247,493.47332056163646,386.60625705139944,488.47332056163646,381.60625705139944,498.47332056163646,391.60625705139944,1.0
2,248,491.78836931958045,386.8099781322271,486.78836931958045,381.8099781322271,496.78836931958045,391.8099781322271,1.0
2,249,489.928606229009,385.64589498633825,484.928606229009,380.64589498633825,494.928606229009,390.64589498633825,1.0
2,250,488.2321024934798,385.62318739764663,483.2321024934798,380.62318739764663,493.2321024934798,390.62318739764663,1.0
2,251,488.228368550449,385.2888718837978,483.228368550449,380.2888718837978,493.228368550449,390.2888718837978,1.0
2,252,488.4024934744223,386.0377348287645,483.4024934744223,381.0377348287645,493.4024934744223,391.0377348287645,1.0
2,253,489.14315405746083,386.979441761041,484.14315405746083,381.979441761041,494.14315405746083,391.979441761041,1.0
2,254,489.9149579892776,387.08649448194524,484.9149579892776,382.08649448194524,494.9149579892776,392.08649448194524,1.0
2,255,490.4465590613246,386.86759513870106,485.4465590613246,381.86759513870106,495.4465590613246,391.86759513870106,1.0
2,256,491.08970704074886,386.8403657875044,486.08970704074886,381.8403657875044,496.08970704074886,391.8403657875044,1.0
2,257,491.1576298261506,385.64725199731,486.1576298261506,380.64725199731,496.1576298261506,390.64725199731,1.0
2,258,491.30950849240776,385.804773607288,486.30950849240776,380.804773607288,496.30950849240776,390.804773607288,1.0
2,259,490.86488438112787,386.03969558753226,485.86488438112787,381.03969558753226,495.86488438112787,391.03969558753226,1.0
2,260,491.0452754824951,385.68881985858326,486.0452754824951,380.68881985858326,496.0452754824951,390.68881985858326,1.0
2,261,491.431341150016,386.5854526492332,486.431341150016,381.5854526492332,496.431341150016,391.5854526492332,1.0
2,262,491.82965757444595,386.8684538141398,486.82965757444595,381.8684538141398,496.82965757444595,391.8684538141398,1.0
2,263,492.21030411671677,386.7143587298214,487.21030411671677,381.7143587298214,497.21030411671677,391.7143587298214,1.0
2,264,492.6818215230098,387.1917294045157,487.6818215230098,382.1917294045157,497.6818215230098,392.1917294045157,1.0
2,265,492.63850001706044,388.29242539549966,487.63850001706044,383.29242539549966,497.63850001706044,393.29242539549966,1.0
2,266,493.1576712018648,389.2777186537407,488.1576712018648,384.2777186537407,498.1576712018648,394.2777186537407,1.0
2,267,493.7717953261068,390.4762554044068,488.7717953261068,385.4762554044068,498.7717953261068,395.4762554044068,1.0
2,268,493.69215233456237,391.1965912071722,488.69215233456237,386.1965912071722,498.69215233456237,396.1965912071722,1.0
2,269,495.641206242876,391.8905550929253,490.641206242876,386.8905550929253,500.641206242876,396.8905550929253,1.0
2,270,496.5419895738089,392.3595941982087,491.5419895738089,387.3595941982087,501.5419895738089,397.3595941982087,1.0
2,271,496.5666102863338,391.71108701998594,491.5666102863338,386.71108701998594,501.5666102863338,396.71108701998594,1.0
2,272,496.71266909448343,390.96981932638255,491.71266909448343,385.96981932638255,501.71266909448343,395.96981932638255,1.0
2,273,497.47128646811467,389.8852445546046,492.47128646811467,384.8852445546046,502.47128646811467,394.8852445546046,1.0
2,274,498.5976018380172,389.2296227559216,493.5976018380172,384.2296227559216,503.5976018380172,394.2296227559216,1.0
2,275,498.808215195587,389.1268337096279,493.808215195587,384.1268337096279,503.808215195587,394.1268337096279,1.0
2,276,499.0221853498391,389.8016336266838,494.0221853498391,384.8016336266838,504.0221853498391,394.8016336266838,1.0
2,277,499.36486545477584,390.7501887444507,494.36486545477584,385.7501887444507,504.36486545477584,395.7501887444507,1.0
2,278,498.85817846384964,391.55877367168875,493.85817846384964,386.55877367168875,503.85817846384964,396.55877367168875,1.0
2,279,498.28688731418714,391.1622969828966,493.28688731418714,386.1622969828966,503.28688731418714,396.1622969828966,1.0
2,280,498.3343380771677,391.0146422600246,493.3343380771677,386.0146422600246,503.3343380771677,396.0146422600246,1.0
2,281,498.468446934999,391.4395210531388,493.468446934999,386.4395210531388,503.468446934999,396.4395210531388,1.0
2,282,499.01166051306944,392.7123913407585,494.01166051306944,387.7123913407585,504.01166051306944,397.7123913407585,1.0
2,283,499.171398263974,393.3934533504997,494.171398263974,388.3934533504997,504.171398263974,398.3934533504997,1.0
2,284,499.6678597901222,393.91240003211726,494.6678597901222,388.91240003211726,504.6678597901222,398.91240003211726,1.0
2,285,499.0428856111446,393.7430713276834,494.0428856111446,388.7430713276834,504.0428856111446,398.7430713276834,1.0
2,286,499.2211082414229,392.92786702973206,494.2211082414229,387.92786702973206,504.2211082414229,397.92786702973206,1.0
2,287,499.21700378424197,392.4075115374108,494.21700378424197,387.4075115374108,504.21700378424197,397.4075115374108,1.0
2,288,499.2954763850441,391.5970391254964,494.2954763850441,386.5970391254964,504.2954763850441,396.5970391254964,1.0
2,289,499.4220621484039,391.70643800113857,494.4220621484039,386.70643800113857,504.4220621484039,396.70643800113857,1.0
2,290,498.64868136681633,393.3631246008484,493.64868136681633,388.3631246008484,503.64868136681633,398.3631246008484,1.0
2,291,497.9942768928051,394.5549934280488,492.9942768928051,389.5549934280488,502.9942768928051,399.5549934280488,1.0
2,292,498.14876468124345,394.78835310208837,493.14876468124345,389.78835310208837,503.14876468124345,399.78835310208837,1.0
2,293,498.33771476398533,394.5482959115847,493.33771476398533,389.5482959115847,503.33771476398533,399.5482959115847,1.0
2,294,499.5025175081988,395.554704658302,494.5025175081988,390.554704658302,504.5025175081988,400.554704658302,1.0
2,295,500.78096625303806,396.1200363260541,495.78096625303806,391.1200363260541,505.78096625303806,401.1200363260541,1.0
2,296,502.0933011042732,395.92694461040725,497.0933011042732,390.92694461040725,507.0933011042732,400.92694461040725,1.0
2,297,503.3358657216302,396.7665308819397,498.3358657216302,391.7665308819397,508.3358657216302,401.7665308819397,1.0
2,298,503.3856609131917,397.75721444818356,498.3856609131917,392.75721444818356,508.3856609131917,402.75721444818356,1.0
2,299,504.67845955258093,398.5453473330325,499.67845955258093,393.5453473330325,509.67845955258093,403.5453473330325,1.0
2,300,504.5489248069919,399.2087406431818,499.5489248069919,394.2087406431818,509.5489248069919,404.2087406431818,1.0
2,301,503.80430324363914,399.8869426087755,498.80430324363914,394.8869426087755,508.80430324363914,404.8869426087755,1.0
2,302,504.1398521411403,400.3378607071495,499.1398521411403,395.3378607071495,509.1398521411403,405.3378607071495,1.0
2,303,504.7403781931854,401.2595374690112,499.7403781931854,396.2595374690112,509.7403781931854,406.2595374690112,1.0
2,304,505.0161435336478,401.48339544430706,500.0161435336478,396.48339544430706,510.0161435336478,406.48339544430706,1.0
2,305,504.1310417007925,401.8948369040716,499.1310417007925,396.8948369040716,509.1310417007925,406.8948369040716,1.0
2,306,504.4833147277968,402.33732047630167,499.4833147277968,397.33732047630167,509.4833147277968,407.33732047630167,1.0
2,307,506.0198308813874,402.8473673563343,501.0198308813874,397.8473673563343,511.0198308813874,407.8473673563343,1.0
2,308,506.79526419157213,403.0612756122282,501.79526419157213,398.0612756122282,511.79526419157213,408.0612756122282,1.0
2,309,508.17309657148127,404.1917119028722,503.17309657148127,399.1917119028722,513.1730965714812,409.1917119028722,1.0
2,310,508.8235709104923,403.78118012598105,503.8235709104923,398.78118012598105,513.8235709104923,408.78118012598105,1.0
2,311,509.8440812912954,402.6099702841424,504.8440812912954,397.6099702841424,514.8440812912954,407.6099702841424,1.0
2,312,510.20977870997893,401.47931898443085,505.20977870997893,396.47931898443085,515.209778709979,406.47931898443085,1.0
2,313,511.5623336361198,401.1977783382572,506.5623336361198,396.1977783382572,516.5623336361198,406.1977783382572,1.0
2,314,512.5798457861545,401.20334870260774,507.57984578615446,396.20334870260774,517.5798457861545,406.20334870260774,1.0
2,315,513.1219503583943,401.64670887192574,508.1219503583943,396.64670887192574,518.1219503583943,406.64670887192574,1.0
2,316,513.9621966751426,402.6015304229538,508.96219667514265,397.6015304229538,518.9621966751426,407.6015304229538,1.0
2,317,513.9555785072672,402.4560655905175,508.9555785072672,397.4560655905175,518.9555785072672,407.4560655905175,1.0
2,318,512.9481190027724,402.8723458431964,507.9481190027724,397.8723458431964,517.9481190027724,407.8723458431964,1.0
2,319,512.8686168734758,402.8567206165793,507.86861687347584,397.8567206165793,517.8686168734758,407.8567206165793,1.0
2,320,513.2687378513571,402.76456324540936,508.26873785135706,397.76456324540936,518.2687378513571,407.76456324540936,1.0
2,321,513.6292340602095,403.03260954993516,508.62923406020946,398.03260954993516,518.6292340602095,408.03260954993516,1.0
2,322,514.1621443253541,403.69102109823683,509.1621443253541,398.69102109823683,519.1621443253541,408.69102109823683,1.0
2,323,514.3502682388519,403.1456243195328,509.35026823885187,398.1456243195328,519.3502682388519,408.1456243195328,1.0
2,324,514.0820396634593,402.2970904790554,509.08203966345934,397.2970904790554,519.0820396634593,407.2970904790554,1.0
2,325,514.15861798131,401.59102546177166,509.15861798131004,396.59102546177166,519.15861798131,406.59102546177166,1.0
2,326,514.3502091649192,401.6513089520711,509.3502091649192,396.6513089520711,519.3502091649192,406.6513089520711,1.0
2,327,514.84939109845,401.91736728618207,509.84939109845004,396.91736728618207,519.84939109845,406.91736728618207,1.0
2,328,515.8662616313336,402.12685447336924,510.8662616313336,397.12685447336924,520.8662616313336,407.12685447336924,1.0
2,329,517.8042004559477,401.3581966483199,512.8042004559477,396.3581966483199,522.8042004559477,406.3581966483199,1.0
2,330,518.9902732585653,402.3595641091277,513.9902732585653,397.3595641091277,523.9902732585653,407.3595641091277,1.0
2,331,520.2915677132631,402.75892938755084,515.2915677132631,397.75892938755084,525.2915677132631,407.75892938755084,1.0
2,332,521.5924629936786,403.1423890614712,516.5924629936786,398.1423890614712,526.5924629936786,408.1423890614712,1.0
2,333,521.4614260098369,404.2558241817854,516.4614260098369,399.2558241817854,526.4614260098369,409.2558241817854,1.0
2,334,521.7575368787118,405.8697388634703,516.7575368787118,400.8697388634703,526.7575368787118,410.8697388634703,1.0
2,335,522.0586245281245,407.6448667130029,517.0586245281245,402.6448667130029,527.0586245281245,412.6448667130029,1.0
2,336,521.8767129961007,408.9416242070182,516.8767129961007,403.9416242070182,526.8767129961007,413.9416242070182,1.0
2,337,522.5272587544105,409.2539657377661,517.5272587544105,404.2539657377661,527.5272587544105,414.2539657377661,1.0
2,338,521.7437540564756,409.3041317362527,516.7437540564756,404.3041317362527,526.7437540564756,414.3041317362527,1.0
2,339,520.619980639562,409.6923603982599,515.619980639562,404.6923603982599,525.619980639562,414.6923603982599,1.0
2,340,519.9800798394677,410.1831954177898,514.9800798394677,405.1831954177898,524.9800798394677,415.1831954177898,1.0
2,341,519.4469370441392,409.80350552059997,514.4469370441392,404.80350552059997,524.4469370441392,414.80350552059997,1.0
2,342,518.7652061873589,410.8734427648407,513.7652061873589,405.8734427648407,523.7652061873589,415.8734427648407,1.0
2,343,518.2566033580293,411.7552480225758,513.2566033580293,406.7552480225758,523.2566033580293,416.7552480225758,1.0
2,344,518.001445290332,412.1522712126322,513.001445290332,407.1522712126322,523.001445290332,417.1522712126322,1.0
2,345,517.2262464429513,412.0643762842824,512.2262464429513,407.0643762842824,522.2262464429513,417.0643762842824,1.0
2,346,517.6473902407746,412.1631191920676,512.6473902407746,407.1631191920676,522.6473902407746,417.1631191920676,1.0
2,347,517.4928326515205,412.03488345685986,512.4928326515205,407.03488345685986,522.4928326515205,417.03488345685986,1.0
2,348,517.3191824945444,412.8280310436236,512.3191824945444,407.8280310436236,522.3191824945444,417.8280310436236,1.0
2,349,518.1809676666967,414.0957787847428,513.1809676666967,409.0957787847428,523.1809676666967,419.0957787847428,1.0
2,350,518.9298782933759,414.3342334744992,513.9298782933759,409.3342334744992,523.9298782933759,419.3342334744992,1.0
2,351,518.6910786789621,415.3335138073156,513.6910786789621,410.3335138073156,523.6910786789621,420.3335138073156,1.0
2,352,517.499787457169,415.63512441638926,512.499787457169,410.63512441638926,522.499787457169,420.63512441638926,1.0
2,353,515.6502520582656,414.96204849160563,510.65025205826555,409.96204849160563,520.6502520582656,419.96204849160563,1.0
2,354,515.5395477535199,415.3013190145853,510.53954775351986,410.3013190145853,520.5395477535199,420.3013190145853,1.0
2,355,516.0906125725882,415.88438517162353,511.09061257258816,410.88438517162353,521.0906125725882,420.88438517162353,1.0
2,356,517.272133488678,416.91455757389247,512.272133488678,411.91455757389247,522.272133488678,421.91455757389247,1.0
2,357,517.7245845650036,417.76371439427766,512.7245845650036,412.76371439427766,522.7245845650036,422.76371439427766,1.0
2,358,518.8437635263741,417.6936361797077,513.8437635263741,412.6936361797077,523.8437635263741,422.6936361797077,1.0
2,359,519.1575732707503,419.15240646111613,514.1575732707503,414.15240646111613,524.1575732707503,424.15240646111613,1.0
2,360,519.3439230635634,419.89504346249026,514.3439230635634,414.89504346249026,524.3439230635634,424.89504346249026,1.0
2,361,518.5724568521744,420.5017639641912,513.5724568521744,415.5017639641912,523.5724568521744,425.5017639641912,1.0
2,362,518.9423119354544,420.61432332927166,513.9423119354544,415.61432332927166,523.9423119354544,425.61432332927166,1.0
2,363,519.4156618491598,419.68661311193387,514.4156618491598,414.68661311193387,524.4156618491598,424.68661311193387,1.0
2,364,520.2273023823125,419.38763697832894,515.2273023823125,414.38763697832894,525.2273023823125,424.38763697832894,1.0
2,365,520.5743865778121,419.6118577386024,515.5743865778121,414.6118577386024,525.5743865778121,424.6118577386024,1.0
2,366,521.7985064295162,420.0222712473132,516.7985064295162,415.0222712473132,526.7985064295162,425.0222712473132,1.0
2,367,522.2327233199371,421.3029846816697,517.2327233199371,416.3029846816697,527.2327233199371,426.3029846816697,1.0
2,368,521.9383921564106,421.30386783892925,516.9383921564106,416.30386783892925,526.9383921564106,426.30386783892925,1.0
2,369,521.4735032414276,420.9348149809299,516.4735032414276,415.9348149809299,526.4735032414276,425.9348149809299,1.0
2,370,521.1209587338718,420.65889646580155,516.1209587338718,415.65889646580155,526.1209587338718,425.65889646580155,1.0
2,371,520.9923761159807,421.22938430731654,515.9923761159807,416.22938430731654,525.9923761159807,426.22938430731654,1.0
2,372,520.8477692925164,421.85110258099576,515.8477692925164,416.85110258099576,525.8477692925164,426.85110258099576,1.0
2,373,522.4345645548991,422.74009065603104,517.4345645548991,417.74009065603104,527.4345645548991,427.74009065603104,1.0
2,374,522.2358179871358,423.5007315849177,517.2358179871358,418.5007315849177,527.2358179871358,428.5007315849177,1.0
2,375,522.3347690099007,423.5054880000873,517.3347690099007,418.5054880000873,527.3347690099007,428.5054880000873,1.0
2,376,522.0436308832825,422.89237135047745,517.0436308832825,417.89237135047745,527.0436308832825,427.89237135047745,1.0
2,377,521.8138670444843,423.3406715005752,516.8138670444843,418.3406715005752,526.8138670444843,428.3406715005752,1.0
2,378,522.3137104967177,423.6971293067926,517.3137104967177,418.6971293067926,527.3137104967177,428.6971293067926,1.0
2,379,521.9071774972444,423.82941806501583,516.9071774972444,418.82941806501583,526.9071774972444,428.82941806501583,1.0
2,380,522.0995203329768,423.80742426084123,517.0995203329768,418.80742426084123,527.0995203329768,428.80742426084123,1.0
2,381,522.4389351971071,424.05063638816335,517.4389351971071,419.05063638816335,527.4389351971071,429.05063638816335,1.0
2,382,522.8446797906627,424.40715183658085,517.8446797906627,419.40715183658085,527.8446797906627,429.40715183658085,1.0
2,383,521.4357635753171,423.89485875424424,516.4357635753171,418.89485875424424,526.4357635753171,428.89485875424424,1.0
2,384,519.9638207368545,424.3085854063734,514.9638207368545,419.3085854063734,524.9638207368545,429.3085854063734,1.0
2,385,519.4889355715255,423.7469173281531,514.4889355715255,418.7469173281531,524.4889355715255,428.7469173281531,1.0
2,386,520.2336231514062,424.4731731427355,515.2336231514062,419.4731731427355,525.2336231514062,429.4731731427355,1.0
2,387,521.8570274311528,425.101308705992,516.8570274311528,420.101308705992,526.8570274311528,430.101308705992,1.0
2,388,522.5803145786039,425.9732339099375,517.5803145786039,420.9732339099375,527.5803145786039,430.9732339099375,1.0
2,389,522.6720702646795,426.8711205159284,517.6720702646795,421.8711205159284,527.6720702646795,431.8711205159284,1.0
2,390,522.0897081471395,427.73331531216473,517.0897081471395,422.73331531216473,527.0897081471395,432.73331531216473,1.0
2,391,521.9840364724517,428.1296274111327,516.9840364724517,423.1296274111327,526.9840364724517,433.1296274111327,1.0
2,392,521.9253837947302,428.0068858111969,516.9253837947302,423.0068858111969,526.9253837947302,433.0068858111969,1.0
2,393,521.3380064787092,427.68163590004565,516.3380064787092,422.68163590004565,526.3380064787092,432.68163590004565,1.0
2,394,521.4119080849587,427.59946783207357,516.4119080849587,422.59946783207357,526.4119080849587,432.59946783207357,1.0
2,395,521.9793622053895,426.8536490489437,516.9793622053895,421.8536490489437,526.9793622053895,431.8536490489437,1.0
2,396,522.5178867410208,426.63909668639974,517.5178867410208,421.63909668639974,527.5178867410208,431.63909668639974,1.0
2,397,523.2323504686292,427.252113395195,518.2323504686292,422.252113395195,528.2323504686292,432.252113395195,1.0
2,398,522.965560574995,428.5068151675107,517.965560574995,423.5068151675107,527.965560574995,433.5068151675107,1.0
2,399,522.6624548707048,429.254662970783,517.6624548707048,424.254662970783,527.6624548707048,434.254662970783,1.0
2,400,522.7279528014989,429.68467956319046,517.7279528014989,424.68467956319046,527.7279528014989,434.68467956319046,1.0
2,401,523.361946743269,429.47433893194096,518.361946743269,424.47433893194096,528.361946743269,434.47433893194096,1.0
2,402,524.8538506475726,429.17001946391963,519.8538506475726,424.17001946391963,529.8538506475726,434.17001946391963,1.0
2,403,525.4039471932732,429.2862388218373,520.4039471932732,424.2862388218373,530.4039471932732,434.2862388218373,1.0
2,404,525.6393695449647,429.5973380301441,520.6393695449647,424.5973380301441,530.6393695449647,434.5973380301441,1.0
2,405,525.3889032514422,429.5622695005986,520.3889032514422,424.5622695005986,530.3889032514422,434.5622695005986,1.0
2,406,525.0660055048882,429.0229514441446,520.0660055048882,424.0229514441446,530.0660055048882,434.0229514441446,1.0
2,407,524.6078660595001,428.89654786333404,519.6078660595001,423.89654786333404,529.6078660595001,433.89654786333404,1.0
2,408,523.3685742829421,428.41348067404226,518.3685742829421,423.41348067404226,528.3685742829421,433.41348067404226,1.0
2,409,522.1937724438574,428.05558078202773,517.1937724438574,423.05558078202773,527.1937724438574,433.05558078202773,1.0
2,410,522.9760665005024,426.86636795537004,517.9760665005024,421.86636795537004,527.9760665005024,431.86636795537004,1.0
2,411,524.29569529588,426.0638991490062,519.29569529588,421.0638991490062,529.29569529588,431.0638991490062,1.0
2,412,525.7382211142653,425.5653818243696,520.7382211142653,420.5653818243696,530.7382211142653,430.5653818243696,1.0
2,413,527.54568520249,425.684253380535,522.54568520249,420.684253380535,532.54568520249,430.684253380535,1.0
2,414,527.981965709038,425.2484607358814,522.981965709038,420.2484607358814,532.981965709038,430.2484607358814,1.0
2,415,528.4570859889437,425.2103173292367,523.4570859889437,420.2103173292367,533.4570859889437,430.2103173292367,1.0
2,416,529.7227176869116,425.06252535580813,524.7227176869116,420.06252535580813,534.7227176869116,430.06252535580813,1.0
2,417,530.0368973548398,425.1016811602742,525.0368973548398,420.1016811602742,535.0368973548398,430.1016811602742,1.0
2,418,530.7274034242764,425.51027796839657,525.7274034242764,420.51027796839657,535.7274034242764,430.51027796839657,1.0
2,419,530.2771143953925,425.2679153170933,525.2771143953925,420.2679153170933,535.2771143953925,430.2679153170933,1.0
2,420,530.7184772211041,425.1549165228934,525.7184772211041,420.1549165228934,535.7184772211041,430.1549165228934,1.0
2,421,531.2573248237145,425.6839942359823,526.2573248237145,420.6839942359823,536.2573248237145,430.6839942359823,1.0
2,422,531.5352055959686,425.73962947096,526.5352055959686,420.73962947096,536.5352055959686,430.73962947096,1.0
2,423,532.423594673722,426.5996575711896,527.423594673722,421.5996575711896,537.423594673722,431.5996575711896,1.0
2,424,534.2380669909443,427.3483933230341,529.2380669909443,422.3483933230341,539.2380669909443,432.3483933230341,1.0
2,425,534.365821817274,428.0918326263778,529.365821817274,423.0918326263778,539.365821817274,433.0918326263778,1.0
2,426,534.8980671829231,428.414566524103,529.8980671829231,423.414566524103,539.8980671829231,433.414566524103,1.0
2,427,534.5669453488078,428.4651117764179,529.5669453488078,423.4651117764179,539.5669453488078,433.4651117764179,1.0
2,428,532.9634248359058,427.955567334991,527.9634248359058,422.955567334991,537.9634248359058,432.955567334991,1.0
2,429,530.8787585838194,427.2043689150822,525.8787585838194,422.2043689150822,535.8787585838194,432.2043689150822,1.0
2,430,530.113459563263,426.63482593399675,525.113459563263,421.63482593399675,535.113459563263,431.63482593399675,1.0
2,431,531.3897505595232,425.6903336890641,526.3897505595232,420.6903336890641,536.3897505595232,430.6903336890641,1.0
2,432,531.0498668051056,424.1254759254569,526.0498668051056,419.1254759254569,536.0498668051056,429.1254759254569,1.0
2,433,530.7947912412029,423.6961416803632,525.7947912412029,418.6961416803632,535.7947912412029,428.6961416803632,1.0
2,434,530.4940207548038,422.77664069166894,525.4940207548038,417.77664069166894,535.4940207548038,427.77664069166894,1.0
2,435,530.180933718703,421.61875699221525,525.180933718703,416.61875699221525,535.180933718703,426.61875699221525,1.0
2,436,530.2670589883654,420.6628734753751,525.2670589883654,415.6628734753751,535.2670589883654,425.6628734753751,1.0
2,437,530.5524243913674,420.203995040024,525.5524243913674,415.203995040024,535.5524243913674,425.203995040024,1.0
2,438,530.5209742637344,419.8539496995318,525.5209742637344,414.8539496995318,535.5209742637344,424.8539496995318,1.0
2,439,530.8465098533617,419.3544377185002,525.8465098533617,414.3544377185002,535.8465098533617,424.3544377185002,1.0
2,440,530.6730268868288,419.517187160521,525.6730268868288,414.517187160521,535.6730268868288,424.517187160521,1.0
2,441,530.6217945423641,419.5296557028201,525.6217945423641,414.5296557028201,535.6217945423641,424.5296557028201,1.0
2,442,531.0462724361017,421.1804176803229,526.0462724361017,416.1804176803229,536.0462724361017,426.1804176803229,1.0
2,443,531.0198284339024,422.27037423118713,526.0198284339024,417.27037423118713,536.0198284339024,427.27037423118713,1.0
2,444,530.985593754858,423.8466731486169,525.985593754858,418.8466731486169,535.985593754858,428.8466731486169,1.0
2,445,531.726900710694,423.8476874894711,526.726900710694,418.8476874894711,536.726900710694,428.8476874894711,1.0
2,446,531.1264020466118,423.1801450046109,526.1264020466118,418.1801450046109,536.1264020466118,428.1801450046109,1.0
2,447,530.2350821286379,423.0383376487749,525.2350821286379,418.0383376487749,535.2350821286379,428.0383376487749,1.0
2,448,530.4507097972612,423.17149882655275,525.4507097972612,418.17149882655275,535.4507097972612,428.17149882655275,1.0
2,449,529.9792107997263,424.0413696292984,524.9792107997263,419.0413696292984,534.9792107997263,429.0413696292984,1.0
2,450,529.2839996966555,424.08229238383115,524.2839996966555,419.08229238383115,534.2839996966555,429.08229238383115,1.0
2,451,528.8541700783263,424.0888205127633,523.8541700783263,419.0888205127633,533.8541700783263,429.0888205127633,1.0
2,452,527.6603208634327,423.930157242609,522.6603208634327,418.930157242609,532.6603208634327,428.930157242609,1.0
2,453,528.4618085651077,422.9126064927086,523.4618085651077,417.9126064927086,533.4618085651077,427.9126064927086,1.0
2,454,529.4023111340084,422.2738966474926,524.4023111340084,417.2738966474926,534.4023111340084,427.2738966474926,1.0
2,455,529.8184246101943,421.70925211430506,524.8184246101943,416.70925211430506,534.8184246101943,426.70925211430506,1.0
2,456,530.1136671444639,420.58815182277226,525.1136671444639,415.58815182277226,535.1136671444639,425.58815182277226,1.0
2,457,530.8289766732706,421.23303937770663,525.8289766732706,416.23303937770663,535.8289766732706,426.23303937770663,1.0
2,458,531.0063714522912,422.19666141398903,526.0063714522912,417.19666141398903,536.0063714522912,427.19666141398903,1.0
2,459,532.1852423432274,423.58057874066094,527.1852423432274,418.58057874066094,537.1852423432274,428.58057874066094,1.0
2,460,531.9147983708784,424.6810296370824,526.9147983708784,419.6810296370824,536.9147983708784,429.6810296370824,1.0
2,461,530.8981467009947,426.0078747661979,525.8981467009947,421.0078747661979,535.8981467009947,431.0078747661979,1.0
2,462,530.9523449448561,428.3001525799102,525.9523449448561,423.3001525799102,535.9523449448561,433.3001525799102,1.0
2,463,531.7801603907668,429.7260340474262,526.7801603907668,424.7260340474262,536.7801603907668,434.7260340474262,1.0
2,464,532.8078450457948,430.21980421289055,527.8078450457948,425.21980421289055,537.8078450457948,435.21980421289055,1.0
2,465,533.8978350897922,430.4324237704012,528.8978350897922,425.4324237704012,538.8978350897922,435.4324237704012,1.0
2,466,534.4283690203973,428.97309095366194,529.4283690203973,423.97309095366194,539.4283690203973,433.97309095366194,1.0
2,467,535.505722799637,427.01677812920764,530.505722799637,422.01677812920764,540.505722799637,432.01677812920764,1.0
2,468,536.5369521854566,424.5762566530063,531.5369521854566,419.5762566530063,541.5369521854566,429.5762566530063,1.0
2,469,536.6794589049863,422.49661441372456,531.6794589049863,417.49661441372456,541.6794589049863,427.49661441372456,1.0
2,470,536.2272971365334,420.4009858482651,531.2272971365334,415.4009858482651,541.2272971365334,425.4009858482651,1.0
2,471,535.5674607390621,419.06615534833776,530.5674607390621,414.06615534833776,540.5674607390621,424.06615534833776,1.0
2,472,536.2841216611481,418.4268673462017,531.2841216611481,413.4268673462017,541.2841216611481,423.4268673462017,1.0
2,473,535.5304085435885,417.63306033729094,530.5304085435885,412.63306033729094,540.5304085435885,422.63306033729094,1.0
2,474,535.5361271151811,416.7546820127688,530.5361271151811,411.7546820127688,540.5361271151811,421.7546820127688,1.0
2,475,534.5957589420232,415.3769668044375,529.5957589420232,410.3769668044375,539.5957589420232,420.3769668044375,1.0
2,476,534.7302553960059,413.3541787991618,529.7302553960059,408.3541787991618,539.7302553960059,418.3541787991618,1.0
2,477,534.1918454343603,412.10883613775,529.1918454343603,407.10883613775,539.1918454343603,417.10883613775,1.0
2,478,533.6824845701766,412.28909573563664,528.6824845701766,407.28909573563664,538.6824845701766,417.28909573563664,1.0
2,479,534.2740370375699,411.4767162374052,529.2740370375699,406.4767162374052,539.2740370375699,416.4767162374052,1.0
2,480,534.6520501873432,411.1098304723342,529.6520501873432,406.1098304723342,539.6520501873432,416.1098304723342,1.0
2,481,534.9687535180398,410.7018130936592,529.9687535180398,405.7018130936592,539.9687535180398,415.7018130936592,1.0
2,482,535.2868560283756,409.798439781117,530.2868560283756,404.798439781117,540.2868560283756,414.798439781117,1.0
2,483,535.0160717635155,409.2284495473155,530.0160717635155,404.2284495473155,540.0160717635155,414.2284495473155,1.0
2,484,535.4084506500733,408.405151199302,530.4084506500733,403.405151199302,540.4084506500733,413.405151199302,1.0
2,485,534.8723022184729,407.19381598594896,529.8723022184729,402.19381598594896,539.8723022184729,412.19381598594896,1.0
2,486,535.2066750340578,406.1824678048423,530.2066750340578,401.1824678048423,540.2066750340578,411.1824678048423,1.0
2,487,536.2952337736149,405.3533186089174,531.2952337736149,400.3533186089174,541.2952337736149,410.3533186089174,1.0
2,488,537.1025069398257,405.37434637300703,532.1025069398257,400.37434637300703,542.1025069398257,410.37434637300703,1.0
2,489,537.9082538404235,405.6153114674154,532.9082538404235,400.6153114674154,542.9082538404235,410.6153114674154,1.0
2,490,538.9863381348272,406.0051557822899,533.9863381348272,401.0051557822899,543.9863381348272,411.0051557822899,1.0
2,491,539.5543329100901,405.71359339041527,534.5543329100901,400.71359339041527,544.5543329100901,410.71359339041527,1.0
2,492,539.4172649380026,405.93251482613886,534.4172649380026,400.93251482613886,544.4172649380026,410.93251482613886,1.0
2,493,539.4992208760041,405.7366532250119,534.4992208760041,400.7366532250119,544.4992208760041,410.7366532250119,1.0
2,494,540.5198649221353,405.46942912872487,535.5198649221353,400.46942912872487,545.5198649221353,410.46942912872487,1.0
2,495,541.3585009392222,405.151746999128,536.3585009392222,400.151746999128,546.3585009392222,410.151746999128,1.0
2,496,541.2255015786625,405.0248263795176,536.2255015786625,400.0248263795176,546.2255015786625,410.0248263795176,1.0
2,497,540.7596525418653,404.6424518369109,535.7596525418653,399.6424518369109,545.7596525418653,409.6424518369109,1.0
2,498,541.0820990086653,404.5070499459387,536.0820990086653,399.5070499459387,546.0820990086653,409.5070499459387,1.0
2,499,540.707705209703,404.68983473012685,535.707705209703,399.68983473012685,545.707705209703,409.68983473012685,1.0
2,500,540.8919734624664,405.0737161321691,535.8919734624664,400.0737161321691,545.8919734624664,410.0737161321691,1.0
2,501,541.0734943862016,405.14863670385137,536.0734943862016,400.14863670385137,546.0734943862016,410.14863670385137,1.0
2,502,542.4139518888724,406.1790771941519,537.4139518888724,401.1790771941519,547.4139518888724,411.1790771941519,1.0
2,503,542.8960613191042,407.4725481266785,537.8960613191042,402.4725481266785,547.8960613191042,412.4725481266785,1.0
2,504,543.4272174652266,409.671195959679,538.4272174652266,404.671195959679,548.4272174652266,414.671195959679,1.0
2,505,544.1509215201487,410.4747738968176,539.1509215201487,405.4747738968176,549.1509215201487,415.4747738968176,1.0
2,506,544.4746730626694,411.39877791517034,539.4746730626694,406.39877791517034,549.4746730626694,416.39877791517034,1.0
2,507,544.476348432717,411.5630426192491,539.476348432717,406.5630426192491,549.476348432717,416.5630426192491,1.0
2,508,545.0028536098235,411.0834390190809,540.0028536098235,406.0834390190809,550.0028536098235,416.0834390190809,1.0
2,509,544.3479507263082,411.4904996544109,539.3479507263082,406.4904996544109,549.3479507263082,416.4904996544109,1.0
2,510,543.6027946539082,410.8973287712404,538.6027946539082,405.8973287712404,548.6027946539082,415.8973287712404,1.0
2,511,542.7828278876328,410.5469436515566,537.7828278876328,405.5469436515566,547.7828278876328,415.5469436515566,1.0
2,512,542.6995981664321,409.85565824509735,537.6995981664321,404.85565824509735,547.6995981664321,414.85565824509735,1.0
2,513,542.902837334459,408.76389140320725,537.902837334459,403.76389140320725,547.902837334459,413.76389140320725,1.0
2,514,542.116248223979,408.82723853039784,537.116248223979,403.82723853039784,547.116248223979,413.82723853039784,1.0
2,515,542.0750027155312,409.69154179132255,537.0750027155312,404.69154179132255,547.0750027155312,414.69154179132255,1.0
2,516,542.6873779694353,410.2271430915022,537.6873779694353,405.2271430915022,547.6873779694353,415.2271430915022,1.0
2,517,543.3358187860781,409.7207912865016,538.3358187860781,404.7207912865016,548.3358187860781,414.7207912865016,1.0
2,518,543.5212724307017,409.31554920072307,538.5212724307017,404.31554920072307,548.5212724307017,414.31554920072307,1.0
2,519,543.3412475997302,408.7116269691948,538.3412475997302,403.7116269691948,548.3412475997302,413.7116269691948,1.0
2,520,543.237239341033,408.80396452774096,538.237239341033,403.80396452774096,548.237239341033,413.80396452774096,1.0
2,521,543.3675977410289,409.1645557879373,538.3675977410289,404.1645557879373,548.3675977410289,414.1645557879373,1.0
2,522,543.3948702685882,410.0880559469541,538.3948702685882,405.0880559469541,548.3948702685882,415.0880559469541,1.0
2,523,543.1886776140625,411.11741522654916,538.1886776140625,406.11741522654916,548.1886776140625,416.11741522654916,1.0
2,524,544.1385804494513,412.26405927618606,539.1385804494513,407.26405927618606,549.1385804494513,417.26405927618606,1.0
2,525,544.9691194642113,412.6738477380056,539.9691194642113,407.6738477380056,549.9691194642113,417.6738477380056,1.0
2,526,545.2480419583599,411.7081561178388,540.2480419583599,406.7081561178388,550.2480419583599,416.7081561178388,1.0
2,527,545.3811716602006,411.4941570830515,540.3811716602006,406.4941570830515,550.3811716602006,416.4941570830515,1.0
2,528,545.4412925464056,410.5111599663324,540.4412925464056,405.5111599663324,550.4412925464056,415.5111599663324,1.0
2,529,545.4324477509554,409.88957067500934,540.4324477509554,404.88957067500934,550.4324477509554,414.88957067500934,1.0
2,530,544.992681125434,409.59410615491197,539.992681125434,404.59410615491197,549.992681125434,414.59410615491197,1.0
2,531,543.9537351766071,409.98898066125867,538.9537351766071,404.98898066125867,548.9537351766071,414.98898066125867,1.0
2,532,542.6585296637033,411.3205081399796,537.6585296637033,406.3205081399796,547.6585296637033,416.3205081399796,1.0
2,533,542.3774132903399,411.0882684049647,537.3774132903399,406.0882684049647,547.3774132903399,416.0882684049647,1.0
2,534,540.6723499670338,411.6943365835008,535.6723499670338,406.6943365835008,545.6723499670338,416.6943365835008,1.0
2,535,539.1862178329865,413.07987635459557,534.1862178329865,408.07987635459557,544.1862178329865,418.07987635459557,1.0
2,536,537.9743018630666,413.93015491619275,532.9743018630666,408.93015491619275,542.9743018630666,418.93015491619275,1.0
2,537,537.8439664219981,414.1212376874501,532.8439664219981,409.1212376874501,542.8439664219981,419.1212376874501,1.0
2,538,537.6889699200768,414.8995210996704,532.6889699200768,409.8995210996704,542.6889699200768,419.8995210996704,1.0
2,539,537.4436170431862,416.3753756137825,532.4436170431862,411.3753756137825,542.4436170431862,421.3753756137825,1.0
2,540,537.1547538098511,417.2061242030944,532.1547538098511,412.2061242030944,542.1547538098511,422.2061242030944,1.0
2,541,537.7220321870617,416.5259601818341,532.7220321870617,411.5259601818341,542.7220321870617,421.5259601818341,1.0
2,542,537.6246545924637,413.9928086361924,532.6246545924637,408.9928086361924,542.6246545924637,418.9928086361924,1.0
2,543,536.9944998178485,412.489186903216,531.9944998178485,407.489186903216,541.9944998178485,417.489186903216,1.0
2,544,537.8418747287703,411.25743481613824,532.8418747287703,406.25743481613824,542.8418747287703,416.25743481613824,1.0
2,545,540.2894872832856,411.0569792634875,535.2894872832856,406.0569792634875,545.2894872832856,416.0569792634875,1.0
2,546,541.3215717841339,411.700149815645,536.3215717841339,406.700149815645,546.3215717841339,416.700149815645,1.0
2,547,541.9601660518299,410.9776009419592,536.9601660518299,405.9776009419592,546.9601660518299,415.9776009419592,1.0
2,548,543.0121969579267,411.1387446283836,538.0121969579267,406.1387446283836,548.0121969579267,416.1387446283836,1.0
2,549,543.4193617105308,410.61746654284707,538.4193617105308,405.61746654284707,548.4193617105308,415.61746654284707,1.0
2,550,543.1674938771699,410.71972564705317,538.1674938771699,405.71972564705317,548.1674938771699,415.71972564705317,1.0
2,551,543.0868060314949,410.636996651632,538.0868060314949,405.636996651632,548.0868060314949,415.636996651632,1.0
2,552,543.7093784924671,410.9292806052931,538.7093784924671,405.9292806052931,548.7093784924671,415.9292806052931,1.0
2,553,543.9694901192632,411.8300463864962,538.9694901192632,406.8300463864962,548.9694901192632,416.8300463864962,1.0
2,554,544.7148502997991,411.80091655559625,539.7148502997991,406.80091655559625,549.7148502997991,416.80091655559625,1.0
2,555,545.5490130961576,412.39641673000415,540.5490130961576,407.39641673000415,550.5490130961576,417.39641673000415,1.0
2,556,547.7569619823739,412.7555109236987,542.7569619823739,407.7555109236987,552.7569619823739,417.7555109236987,1.0
2,557,547.9285972612449,413.90703969730527,542.9285972612449,408.90703969730527,552.9285972612449,418.90703969730527,1.0
2,558,546.7136725553833,414.2911845151255,541.7136725553833,409.2911845151255,551.7136725553833,419.2911845151255,1.0
2,559,545.4816659342132,415.16959331426216,540.4816659342132,410.16959331426216,550.4816659342132,420.16959331426216,1.0
2,560,544.0731570533094,415.4638406052182,539.0731570533094,410.4638406052182,549.0731570533094,420.4638406052182,1.0
2,561,543.2989014653724,415.00421351533043,538.2989014653724,410.00421351533043,548.2989014653724,420.00421351533043,1.0
2,562,543.6546357126518,414.7789481642703,538.6546357126518,409.7789481642703,548.6546357126518,419.7789481642703,1.0
2,563,543.2037102484427,415.20935291436734,538.2037102484427,410.20935291436734,548.2037102484427,420.20935291436734,1.0
2,564,543.0566632124326,414.6600650730215,538.0566632124326,409.6600650730215,548.0566632124326,419.6600650730215,1.0
2,565,543.5404413921688,414.10254642271985,538.5404413921688,409.10254642271985,548.5404413921688,419.10254642271985,1.0
2,566,543.9912360008963,413.8393549768012,538.9912360008963,408.8393549768012,548.9912360008963,418.8393549768012,1.0
2,567,545.08384897808,413.21312695178926,540.08384897808,408.21312695178926,550.08384897808,418.21312695178926,1.0
2,568,546.1648237988542,412.9015477962371,541.1648237988542,407.9015477962371,551.1648237988542,417.9015477962371,1.0
2,569,546.0925013168813,412.12368196881954,541.0925013168813,407.12368196881954,551.0925013168813,417.12368196881954,1.0
2,570,545.9434333156769,411.98272628492,540.9434333156769,406.98272628492,550.9434333156769,416.98272628492,1.0
2,571,546.5447728686141,411.0842645628048,541.5447728686141,406.0842645628048,551.5447728686141,416.0842645628048,1.0
2,572,547.025316751767,410.1374057730386,542.025316751767,405.1374057730386,552.025316751767,415.1374057730386,1.0
2,573,547.5983216468745,409.73841170258453,542.5983216468745,404.73841170258453,552.5983216468745,414.73841170258453,1.0
2,574,548.2788549053736,409.0747608578922,543.2788549053736,404.0747608578922,553.2788549053736,414.0747608578922,1.0
2,575,549.3581116400643,408.04555437500835,544.3581116400643,403.04555437500835,554.3581116400643,413.04555437500835,1.0
2,576,550.5278849663704,407.8897413581678,545.5278849663704,402.8897413581678,555.5278849663704,412.8897413581678,1.0
2,577,551.0847349313616,407.18805432811655,546.0847349313616,402.18805432811655,556.0847349313616,412.18805432811655,1.0
2,578,551.7854066541819,406.66404408997835,546.7854066541819,401.66404408997835,556.7854066541819,411.66404408997835,1.0
2,579,552.7290583610343,407.4684736818418,547.7290583610343,402.4684736818418,557.7290583610343,412.4684736818418,1.0
2,580,552.7779941639476,407.9039839009049,547.7779941639476,402.9039839009049,557.7779941639476,412.9039839009049,1.0
2,581,552.6612239524086,408.1920414434005,547.6612239524086,403.1920414434005,557.6612239524086,413.1920414434005,1.0
2,582,552.4597063696752,407.61578675581075,547.4597063696752,402.61578675581075,557.4597063696752,412.61578675581075,1.0
2,583,552.8195050290524,407.43860551843915,547.8195050290524,402.43860551843915,557.8195050290524,412.43860551843915,1.0
2,584,551.7689004133965,406.8469388298488,546.7689004133965,401.8469388298488,556.7689004133965,411.8469388298488,1.0
2,585,550.7487474743175,405.47178391434943,545.7487474743175,400.47178391434943,555.7487474743175,410.47178391434943,1.0
2,586,549.5920710194742,404.7838814508101,544.5920710194742,399.7838814508101,554.5920710194742,409.7838814508101,1.0
2,587,548.406554474992,404.3181440821199,543.406554474992,399.3181440821199,553.406554474992,409.3181440821199,1.0
2,588,548.0216039827906,403.08510628439853,543.0216039827906,398.08510628439853,553.0216039827906,408.08510628439853,1.0
2,589,547.814722301749,403.12932299956543,542.814722301749,398.12932299956543,552.814722301749,408.12932299956543,1.0
2,590,547.2674343869953,401.9847532085226,542.2674343869953,396.9847532085226,552.2674343869953,406.9847532085226,1.0
2,591,545.6382010167533,401.3736360542242,540.6382010167533,396.3736360542242,550.6382010167533,406.3736360542242,1.0
2,592,544.5431124893894,401.28297275782637,539.5431124893894,396.28297275782637,549.5431124893894,406.28297275782637,1.0
2,593,543.5562679897461,401.05816671500924,538.5562679897461,396.05816671500924,548.5562679897461,406.05816671500924,1.0
2,594,542.7715298388632,401.21202127827524,537.7715298388632,396.21202127827524,547.7715298388632,406.21202127827524,1.0
2,595,542.1892805238533,400.9262940008594,537.1892805238533,395.9262940008594,547.1892805238533,405.9262940008594,1.0
2,596,542.1764689330535,399.7894464253723,537.1764689330535,394.7894464253723,547.1764689330535,404.7894464253723,1.0
2,597,543.6909396457856,399.1581980142067,538.6909396457856,394.1581980142067,548.6909396457856,404.1581980142067,1.0
2,598,544.154366492166,399.21620319390183,539.154366492166,394.21620319390183,549.154366492166,404.21620319390183,1.0
2,599,544.8701155616004,399.00405674441583,539.8701155616004,394.00405674441583,549.8701155616004,404.00405674441583,1.0
2,600,545.7020204888846,398.96867947120217,540.7020204888846,393.96867947120217,550.7020204888846,403.96867947120217,1.0
2,601,546.2764891841366,399.9759603529368,541.2764891841366,394.9759603529368,551.2764891841366,404.9759603529368,1.0
2,602,546.1236282030873,400.4066322875362,541.1236282030873,395.4066322875362,551.1236282030873,405.4066322875362,1.0
2,603,546.1822055245827,400.7541074292403,541.1822055245827,395.7541074292403,551.1822055245827,405.7541074292403,1.0
2,604,545.558353060063,400.4315421450562,540.558353060063,395.4315421450562,550.558353060063,405.4315421450562,1.0
2,605,545.4442099654902,400.1764390499248,540.4442099654902,395.1764390499248,550.4442099654902,405.1764390499248,1.0
2,606,546.0637828013986,401.41836072079843,541.0637828013986,396.41836072079843,551.0637828013986,406.41836072079843,1.0
2,607,546.7668792088281,401.5101980386861,541.7668792088281,396.5101980386861,551.7668792088281,406.5101980386861,1.0
2,608,546.9795591598561,401.81664852642604,541.9795591598561,396.81664852642604,551.9795591598561,406.81664852642604,1.0
2,609,545.7148928877368,401.3159989014628,540.7148928877368,396.3159989014628,550.7148928877368,406.3159989014628,1.0
2,610,544.6647959576562,401.88085641387704,539.6647959576562,396.88085641387704,549.6647959576562,406.88085641387704,1.0
2,611,543.8336108341286,401.62718631433444,538.8336108341286,396.62718631433444,548.8336108341286,406.62718631433444,1.0
2,612,542.8445092344185,401.04872334540966,537.8445092344185,396.04872334540966,547.8445092344185,406.04872334540966,1.0
2,613,542.5296376685703,402.0181500034654,537.5296376685703,397.0181500034654,547.5296376685703,407.0181500034654,1.0
2,614,542.0411054475054,401.403514482334,537.0411054475054,396.403514482334,547.0411054475054,406.403514482334,1.0
2,615,540.750970294405,401.2821649010182,535.750970294405,396.2821649010182,545.750970294405,406.2821649010182,1.0
2,616,539.5604128355391,401.276731278564,534.5604128355391,396.276731278564,544.5604128355391,406.276731278564,1.0
2,617,538.8289992588128,400.8243848467531,533.8289992588128,395.8243848467531,543.8289992588128,405.8243848467531,1.0
2,618,538.0859612802072,401.0224124857302,533.0859612802072,396.0224124857302,543.0859612802072,406.0224124857302,1.0
2,619,538.8568144144509,401.68446452749845,533.8568144144509,396.68446452749845,543.8568144144509,406.68446452749845,1.0
2,620,537.9974919148194,402.5034078326079,532.9974919148194,397.5034078326079,542.9974919148194,407.5034078326079,1.0
2,621,537.6392917742245,402.239254422079,532.6392917742245,397.239254422079,542.6392917742245,407.239254422079,1.0
2,622,538.9659721641641,402.2827947901901,533.9659721641641,397.2827947901901,543.9659721641641,407.2827947901901,1.0
2,623,540.011320916365,402.44055611937995,535.011320916365,397.44055611937995,545.011320916365,407.44055611937995,1.0
2,624,541.455866757565,402.25049432068784,536.455866757565,397.25049432068784,546.455866757565,407.25049432068784,1.0
2,625,543.4582265980679,403.0526479743344,538.4582265980679,398.0526479743344,548.4582265980679,408.0526479743344,1.0
2,626,544.2901736726465,403.71336642364525,539.2901736726465,398.71336642364525,549.2901736726465,408.71336642364525,1.0
2,627,546.1749152824034,404.31348993182644,541.1749152824034,399.31348993182644,551.1749152824034,409.31348993182644,1.0
2,628,548.0631752612074,405.10306583402917,543.0631752612074,400.10306583402917,553.0631752612074,410.10306583402917,1.0
2,629,549.2780774556435,406.0802784238689,544.2780774556435,401.0802784238689,554.2780774556435,411.0802784238689,1.0
2,630,550.3584045016279,406.9387217788357,545.3584045016279,401.9387217788357,555.3584045016279,411.9387217788357,1.0
2,631,550.4072858415699,407.32418962318064,545.4072858415699,402.32418962318064,555.4072858415699,412.32418962318064,1.0
2,632,550.300361615307,406.8209003034024,545.300361615307,401.8209003034024,555.300361615307,411.8209003034024,1.0
2,633,550.9557260945173,407.0958296042572,545.9557260945173,402.0958296042572,555.9557260945173,412.0958296042572,1.0
2,634,551.0263756695468,406.5466844497224,546.0263756695468,401.5466844497224,556.0263756695468,411.5466844497224,1.0
2,635,550.4412079212311,406.2565198774134,545.4412079212311,401.2565198774134,555.4412079212311,411.2565198774134,1.0
2,636,550.135328926855,406.1157865811495,545.135328926855,401.1157865811495,555.135328926855,411.1157865811495,1.0
2,637,549.2453749203901,406.3782472388108,544.2453749203901,401.3782472388108,554.2453749203901,411.3782472388108,1.0
2,638,549.1385624964043,405.3927554514535,544.1385624964043,400.3927554514535,554.1385624964043,410.3927554514535,1.0
2,639,548.5768442939576,403.9729134478488,543.5768442939576,398.9729134478488,553.5768442939576,408.9729134478488,1.0
2,640,547.4211288865689,403.57018311295633,542.4211288865689,398.57018311295633,552.4211288865689,408.57018311295633,1.0
2,641,546.5470663156631,403.91404972715117,541.5470663156631,398.91404972715117,551.5470663156631,408.91404972715117,1.0
2,642,546.1489231152719,404.4165152734203,541.1489231152719,399.4165152734203,551.1489231152719,409.4165152734203,1.0
2,643,544.669337314415,405.3673324751658,539.669337314415,400.3673324751658,549.669337314415,410.3673324751658,1.0
2,644,543.3572755592799,406.3378850547439,538.3572755592799,401.3378850547439,548.3572755592799,411.3378850547439,1.0
2,645,542.5626161176103,407.311307346779,537.5626161176103,402.311307346779,547.5626161176103,412.311307346779,1.0
2,646,541.4536130660873,408.04613988546885,536.4536130660873,403.04613988546885,546.4536130660873,413.04613988546885,1.0
2,647,540.1869146197831,408.1008240590352,535.1869146197831,403.1008240590352,545.1869146197831,413.1008240590352,1.0
2,648,539.0476634122849,407.41774415175223,534.0476634122849,402.41774415175223,544.0476634122849,412.41774415175223,1.0
2,649,538.2357319952301,406.9442567238641,533.2357319952301,401.9442567238641,543.2357319952301,411.9442567238641,1.0
2,650,537.8211811728677,406.01121917986745,532.8211811728677,401.01121917986745,542.8211811728677,411.01121917986745,1.0
2,651,537.3595739811459,404.94800927610845,532.3595739811459,399.94800927610845,542.3595739811459,409.94800927610845,1.0
2,652,536.6553112003575,404.21427005572957,531.6553112003575,399.21427005572957,541.6553112003575,409.21427005572957,1.0
2,653,535.6551941567521,404.03751625051314,530.6551941567521,399.03751625051314,540.6551941567521,409.03751625051314,1.0
2,654,535.5710729437392,403.244118718113,530.5710729437392,398.244118718113,540.5710729437392,408.244118718113,1.0
2,655,534.748641376105,402.83834421415355,529.748641376105,397.83834421415355,539.748641376105,407.83834421415355,1.0
2,656,534.2351178539477,403.3705784971907,529.2351178539477,398.3705784971907,539.2351178539477,408.3705784971907,1.0
2,657,534.3461574397005,403.27675392709466,529.3461574397005,398.27675392709466,539.3461574397005,408.27675392709466,1.0
2,658,534.4132499626985,402.6596889412349,529.4132499626985,397.6596889412349,539.4132499626985,407.6596889412349,1.0
2,659,533.3888859583067,402.22532107017116,528.3888859583067,397.22532107017116,538.3888859583067,407.22532107017116,1.0
2,660,531.9834050394793,401.86437193951576,526.9834050394793,396.86437193951576,536.9834050394793,406.86437193951576,1.0
2,661,531.9915167708172,402.1905422817586,526.9915167708172,397.1905422817586,536.9915167708172,407.1905422817586,1.0
2,662,532.663160260468,401.9241564154456,527.663160260468,396.9241564154456,537.663160260468,406.9241564154456,1.0
2,663,533.4424653538978,401.1070519088588,528.4424653538978,396.1070519088588,538.4424653538978,406.1070519088588,1.0
2,664,534.3248064546101,400.7247016349411,529.3248064546101,395.7247016349411,539.3248064546101,405.7247016349411,1.0
2,665,534.9904039480066,399.631906473808,529.9904039480066,394.631906473808,539.9904039480066,404.631906473808,1.0
2,666,535.6019812647021,399.81636186671824,530.6019812647021,394.81636186671824,540.6019812647021,404.81636186671824,1.0
2,667,536.8854479345671,400.85917377549123,531.8854479345671,395.85917377549123,541.8854479345671,405.85917377549123,1.0
2,668,537.9401267432137,400.8793058344889,532.9401267432137,395.8793058344889,542.9401267432137,405.8793058344889,1.0
2,669,538.407494503083,400.7561952071514,533.407494503083,395.7561952071514,543.407494503083,405.7561952071514,1.0
2,670,538.0911380334074,400.7894698361912,533.0911380334074,395.7894698361912,543.0911380334074,405.7894698361912,1.0
2,671,536.4922649475448,401.0539228922806,531.4922649475448,396.0539228922806,541.4922649475448,406.0539228922806,1.0
2,672,535.3823171831791,400.8882452019719,530.3823171831791,395.8882452019719,540.3823171831791,405.8882452019719,1.0
2,673,534.8010417156745,400.00494368901525,529.8010417156745,395.00494368901525,539.8010417156745,405.00494368901525,1.0
2,674,535.5139137914741,399.5289768219296,530.5139137914741,394.5289768219296,540.5139137914741,404.5289768219296,1.0
2,675,536.8733231824982,398.86319776287985,531.8733231824982,393.86319776287985,541.8733231824982,403.86319776287985,1.0
2,676,538.5646504745339,399.11298593031563,533.5646504745339,394.11298593031563,543.5646504745339,404.11298593031563,1.0
2,677,538.3950773318661,399.69074274402067,533.3950773318661,394.69074274402067,543.3950773318661,404.69074274402067,1.0
2,678,538.0829619276786,400.6295536562814,533.0829619276786,395.6295536562814,543.0829619276786,405.6295536562814,1.0
2,679,537.1355498593413,400.14437862708337,532.1355498593413,395.14437862708337,542.1355498593413,405.14437862708337,1.0
2,680,536.8451822314066,399.31968995701686,531.8451822314066,394.31968995701686,541.8451822314066,404.31968995701686,1.0
2,681,536.1701276914197,400.19674815534546,531.1701276914197,395.19674815534546,541.1701276914197,405.19674815534546,1.0
2,682,535.9174845807,401.450655451666,530.9174845807,396.450655451666,540.9174845807,406.450655451666,1.0
2,683,536.2616090871954,403.02148150819664,531.2616090871954,398.02148150819664,541.2616090871954,408.02148150819664,1.0
2,684,536.9750363602275,403.4312288317725,531.9750363602275,398.4312288317725,541.9750363602275,408.4312288317725,1.0
2,685,537.2319409118488,404.21783907330456,532.2319409118488,399.21783907330456,542.2319409118488,409.21783907330456,1.0
2,686,536.9036069024153,405.2534425195862,531.9036069024153,400.2534425195862,541.9036069024153,410.2534425195862,1.0
2,687,536.3231499357815,404.7696983885057,531.3231499357815,399.7696983885057,541.3231499357815,409.7696983885057,1.0
2,688,535.9735934577093,405.3085475414169,530.9735934577093,400.3085475414169,540.9735934577093,410.3085475414169,1.0
2,689,537.0979383792035,406.56381072555484,532.0979383792035,401.56381072555484,542.0979383792035,411.56381072555484,1.0
2,690,537.4753360851661,407.26993520626377,532.4753360851661,402.26993520626377,542.4753360851661,412.26993520626377,1.0
2,691,537.0720537572964,407.31508755990666,532.0720537572964,402.31508755990666,542.0720537572964,412.31508755990666,1.0
2,692,536.5346839752254,407.4829164674252,531.5346839752254,402.4829164674252,541.5346839752254,412.4829164674252,1.0
2,693,536.6326018824604,408.96960437926555,531.6326018824604,403.96960437926555,541.6326018824604,413.96960437926555,1.0
2,694,536.1619557598848,410.4882245187324,531.1619557598848,405.4882245187324,541.1619557598848,415.4882245187324,1.0
2,695,535.3277238558867,411.45569698050406,530.3277238558867,406.45569698050406,540.3277238558867,416.45569698050406,1.0
2,696,534.909387390331,412.4331761889623,529.909387390331,407.4331761889623,539.909387390331,417.4331761889623,1.0
2,697,534.3079567977461,413.2302446019169,529.3079567977461,408.2302446019169,539.3079567977461,418.2302446019169,1.0
2,698,534.052690503716,413.35243938712927,529.052690503716,408.35243938712927,539.052690503716,418.35243938712927,1.0
2,699,533.9873726069989,413.9408828301114,528.9873726069989,408.9408828301114,538.9873726069989,418.9408828301114,1.0
2,700,534.9732538421318,413.4946389450187,529.9732538421318,408.4946389450187,539.9732538421318,418.4946389450187,1.0
2,701,535.1056993047395,413.3350889301982,530.1056993047395,408.3350889301982,540.1056993047395,418.3350889301982,1.0
2,702,534.7685034058035,413.15489744238783,529.7685034058035,408.15489744238783,539.7685034058035,418.15489744238783,1.0
2,703,535.3656132188232,412.8243299356761,530.3656132188232,407.8243299356761,540.3656132188232,417.8243299356761,1.0
2,704,535.1435346595267,413.3149902544834,530.1435346595267,408.3149902544834,540.1435346595267,418.3149902544834,1.0
2,705,534.1708561825144,413.11294063794855,529.1708561825144,408.11294063794855,539.1708561825144,418.11294063794855,1.0
2,706,532.9944976418121,413.8130805723157,527.9944976418121,408.8130805723157,537.9944976418121,418.8130805723157,1.0
2,707,532.1197952777738,414.75064520847627,527.1197952777738,409.75064520847627,537.1197952777738,419.75064520847627,1.0
2,708,530.9095215994811,415.3187226777723,525.9095215994811,410.3187226777723,535.9095215994811,420.3187226777723,1.0
2,709,530.4454712349543,415.49539873151537,525.4454712349543,410.49539873151537,535.4454712349543,420.49539873151537,1.0
2,710,530.7566923394809,414.83844560334194,525.7566923394809,409.83844560334194,535.7566923394809,419.83844560334194,1.0
2,711,531.1257220244798,415.28889748475035,526.1257220244798,410.28889748475035,536.1257220244798,420.28889748475035,1.0
2,712,530.6078866890948,415.0237679471287,525.6078866890948,410.0237679471287,535.6078866890948,420.0237679471287,1.0
2,713,530.1077916954084,414.6786653158506,525.1077916954084,409.6786653158506,535.1077916954084,419.6786653158506,1.0
2,714,530.6822826832731,414.8499259608127,525.6822826832731,409.8499259608127,535.6822826832731,419.8499259608127,1.0
2,715,531.1441839740347,413.7307121060706,526.1441839740347,408.7307121060706,536.1441839740347,418.7307121060706,1.0
2,716,531.546454777328,413.7664862283615,526.546454777328,408.7664862283615,536.546454777328,418.7664862283615,1.0
2,717,531.7729149001844,413.9541146009406,526.7729149001844,408.9541146009406,536.7729149001844,418.9541146009406,1.0
2,718,532.0411275800651,414.2620709339063,527.0411275800651,409.2620709339063,537.0411275800651,419.2620709339063,1.0
2,719,531.6018071445853,414.0241872731197,526.6018071445853,409.0241872731197,536.6018071445853,419.0241872731197,1.0
2,720,532.2915874299639,413.5971759829339,527.2915874299639,408.5971759829339,537.2915874299639,418.5971759829339,1.0
2,721,532.1327864880417,414.36121304994083,527.1327864880417,409.36121304994083,537.1327864880417,419.36121304994083,1.0
2,722,531.6145460199929,415.22195411388765,526.6145460199929,410.22195411388765,536.6145460199929,420.22195411388765,1.0
2,723,531.3855723049495,415.1651156141577,526.3855723049495,410.1651156141577,536.3855723049495,420.1651156141577,1.0
2,724,532.0929931087157,415.13320558391854,527.0929931087157,410.13320558391854,537.0929931087157,420.13320558391854,1.0
2,725,532.8842841479557,414.27725397551984,527.8842841479557,409.27725397551984,537.8842841479557,419.27725397551984,1.0
2,726,532.6123720293114,413.5224313266374,527.6123720293114,408.5224313266374,537.6123720293114,418.5224313266374,1.0
2,727,532.7229669586588,412.10909668283955,527.7229669586588,407.10909668283955,537.7229669586588,417.10909668283955,1.0
2,728,533.4258963614486,410.55325862553906,528.4258963614486,405.55325862553906,538.4258963614486,415.55325862553906,1.0
2,729,533.4182034917173,409.0156166785843,528.4182034917173,404.0156166785843,538.4182034917173,414.0156166785843,1.0
2,730,533.6893628119095,408.1895818380372,528.6893628119095,403.1895818380372,538.6893628119095,413.1895818380372,1.0
2,731,533.6432148908633,407.85833808063967,528.6432148908633,402.85833808063967,538.6432148908633,412.85833808063967,1.0
2,732,534.6499377956374,407.1660839704399,529.6499377956374,402.1660839704399,539.6499377956374,412.1660839704399,1.0
2,733,535.5697121651447,406.29680432668414,530.5697121651447,401.29680432668414,540.5697121651447,411.29680432668414,1.0
2,734,535.6522405275725,404.6431581373436,530.6522405275725,399.6431581373436,540.6522405275725,409.6431581373436,1.0
2,735,535.7752517176643,404.23717634643896,530.7752517176643,399.23717634643896,540.7752517176643,409.23717634643896,1.0
2,736,536.5068219488647,404.5907973217991,531.5068219488647,399.5907973217991,541.5068219488647,409.5907973217991,1.0
2,737,536.3450967429857,405.39838902345366,531.3450967429857,400.39838902345366,541.3450967429857,410.39838902345366,1.0
2,738,535.7053113316671,405.74922658116606,530.7053113316671,400.74922658116606,540.7053113316671,410.74922658116606,1.0
2,739,535.6881744725251,405.20168215634294,530.6881744725251,400.20168215634294,540.6881744725251,410.20168215634294,1.0
2,740,535.8365299229422,405.2729585552428,530.8365299229422,400.2729585552428,540.8365299229422,410.2729585552428,1.0
2,741,535.9355940959114,405.43841138949756,530.9355940959114,400.43841138949756,540.9355940959114,410.43841138949756,1.0
2,742,535.1234451301093,406.1748721007752,530.1234451301093,401.1748721007752,540.1234451301093,411.1748721007752,1.0
2,743,533.9944277614641,407.4653263720057,528.9944277614641,402.4653263720057,538.9944277614641,412.4653263720057,1.0
2,744,533.3576870049878,407.7137854513005,528.3576870049878,402.7137854513005,538.3576870049878,412.7137854513005,1.0
2,745,532.5577197426722,407.8240121735207,527.5577197426722,402.8240121735207,537.5577197426722,412.8240121735207,1.0
2,746,532.2670252030874,407.9015181205938,527.2670252030874,402.9015181205938,537.2670252030874,412.9015181205938,1.0
2,747,531.8068756357137,407.22234879206957,526.8068756357137,402.22234879206957,536.8068756357137,412.22234879206957,1.0
2,748,531.2777982677267,405.5762193942662,526.2777982677267,400.5762193942662,536.2777982677267,410.5762193942662,1.0
3,0,529.5,59.5,524.5,54.5,534.5,64.5,1.0
3,1,529.0690383529059,58.99179739198032,524.0690383529059,53.99179739198032,534.0690383529059,63.99179739198032,1.0
3,2,529.6249172827697,59.13070173855928,524.6249172827697,54.13070173855928,534.6249172827697,64.13070173855928,1.0
3,3,530.0301890594895,60.66936846222214,525.0301890594895,55.66936846222214,535.0301890594895,65.66936846222214,1.0
3,4,530.5970382861087,60.96741281037864,525.5970382861087,55.96741281037864,535.5970382861087,65.96741281037865,1.0
3,5,530.5301541674413,60.32105830442154,525.5301541674413,55.32105830442154,535.5301541674413,65.32105830442154,1.0
3,6,532.0563019990448,60.60497735484835,527.0563019990448,55.60497735484835,537.0563019990448,65.60497735484836,1.0
3,7,533.6532417452586,59.5592589595511,528.6532417452586,54.5592589595511,538.6532417452586,64.5592589595511,1.0
3,8,534.3086248815969,59.43480670908468,529.3086248815969,54.43480670908468,539.3086248815969,64.43480670908468,1.0
3,9,534.1170374268862,58.981960085234405,529.1170374268862,53.981960085234405,539.1170374268862,63.981960085234405,1.0
3,10,534.3757072887013,58.37782851715094,529.3757072887013,53.37782851715094,539.3757072887013,63.37782851715094,1.0
3,11,534.5773352450041,58.399089286417954,529.5773352450041,53.399089286417954,539.5773352450041,63.399089286417954,1.0
3,12,535.0283939213414,58.207655790350486,530.0283939213414,53.207655790350486,540.0283939213414,63.207655790350486,1.0
3,13,534.340911078203,58.23061055049495,529.340911078203,53.23061055049495,539.340911078203,63.23061055049495,1.0
3,14,533.4011351410054,57.7012959722998,528.4011351410054,52.7012959722998,538.4011351410054,62.7012959722998,1.0
3,15,533.3591917159184,57.30052820899445,528.3591917159184,52.30052820899445,538.3591917159184,62.30052820899445,1.0
3,16,532.9707274555251,57.42523921214627,527.9707274555251,52.42523921214627,537.9707274555251,62.42523921214627,1.0
3,17,533.4052016917027,57.980828013679464,528.4052016917027,52.980828013679464,538.4052016917027,62.980828013679464,1.0
3,18,533.7812544411123,58.54502669219094,528.7812544411123,53.54502669219094,538.7812544411123,63.54502669219094,1.0
3,19,534.7146071167394,59.36618325891606,529.7146071167394,54.36618325891606,539.7146071167394,64.36618325891607,1.0
3,20,535.248984463438,59.56561160496456,530.248984463438,54.56561160496456,540.248984463438,64.56561160496456,1.0
3,21,535.1641445385764,59.65701524368074,530.1641445385764,54.65701524368074,540.1641445385764,64.65701524368075,1.0
3,22,535.1802624598955,60.5824874171305,530.1802624598955,55.5824874171305,540.1802624598955,65.5824874171305,1.0
3,23,534.833268759455,61.66919296574784,529.833268759455,56.66919296574784,539.833268759455,66.66919296574784,1.0
3,24,534.4619484329603,62.91488174170793,529.4619484329603,57.91488174170793,539.4619484329603,67.91488174170793,1.0
3,25,534.4542138410336,63.157374913662906,529.4542138410336,58.157374913662906,539.4542138410336,68.1573749136629,1.0
3,26,534.8581837780025,63.906945993576045,529.8581837780025,58.906945993576045,539.8581837780025,68.90694599357604,1.0
3,27,535.9026912837011,64.44128116476558,530.9026912837011,59.441281164765584,540.9026912837011,69.44128116476558,1.0
3,28,537.1564306912229,64.76344345454196,532.1564306912229,59.76344345454196,542.1564306912229,69.76344345454196,1.0
3,29,537.2746105976312,64.72642893123681,532.2746105976312,59.72642893123681,542.2746105976312,69.72642893123681,1.0
3,30,536.764492167351,64.48968514597794,531.764492167351,59.489685145977944,541.764492167351,69.48968514597794,1.0
3,31,535.8920709612436,64.27356129076614,530.8920709612436,59.27356129076614,540.8920709612436,69.27356129076614,1.0
3,32,536.0837061213093,63.47721277498695,531.0837061213093,58.47721277498695,541.0837061213093,68.47721277498695,1.0
3,33,536.5464004699003,63.03179221696516,531.5464004699003,58.03179221696516,541.5464004699003,68.03179221696516,1.0
3,34,537.0200513803477,63.64115709667029,532.0200513803477,58.64115709667029,542.0200513803477,68.6411570966703,1.0
3,35,537.3466523019943,63.847402187313875,532.3466523019943,58.847402187313875,542.3466523019943,68.84740218731388,1.0
3,36,536.4254042100354,64.03111302803688,531.4254042100354,59.031113028036884,541.4254042100354,69.03111302803688,1.0
3,37,534.957953727754,63.59365402275905,529.957953727754,58.59365402275905,539.957953727754,68.59365402275904,1.0
3,38,535.4395957062081,63.81270508788768,530.4395957062081,58.81270508788768,540.4395957062081,68.81270508788768,1.0
3,39,536.9211645330349,64.1762081027107,531.9211645330349,59.1762081027107,541.9211645330349,69.1762081027107,1.0
3,40,538.1070848720834,64.49342434274543,533.1070848720834,59.49342434274543,543.1070848720834,69.49342434274543,1.0
3,41,538.3723639243576,63.954892184780284,533.3723639243576,58.954892184780284,543.3723639243576,68.95489218478028,1.0
3,42,538.7675897763264,63.848425112072945,533.7675897763264,58.848425112072945,543.7675897763264,68.84842511207295,1.0
3,43,538.9421080615235,64.21524858356742,533.9421080615235,59.215248583567416,543.9421080615235,69.21524858356742,1.0
3,44,540.5184845211885,63.91156148946534,535.5184845211885,58.91156148946534,545.5184845211885,68.91156148946534,1.0
3,45,541.6200847375889,63.04310646686953,536.6200847375889,58.04310646686953,546.6200847375889,68.04310646686953,1.0
3,46,541.481485848913,61.89758125501475,536.481485848913,56.89758125501475,546.481485848913,66.89758125501476,1.0
3,47,541.8561764186204,61.709156420059266,536.8561764186204,56.709156420059266,546.8561764186204,66.70915642005926,1.0
3,48,540.7258156163876,60.65441076133965,535.7258156163876,55.65441076133965,545.7258156163876,65.65441076133965,1.0
3,49,540.2750624812809,59.50480421009919,535.2750624812809,54.50480421009919,545.2750624812809,64.5048042100992,1.0
3,50,539.9018537148974,58.517980228504086,534.9018537148974,53.517980228504086,544.9018537148974,63.517980228504086,1.0
3,51,539.7124242654317,58.55989186477027,534.7124242654317,53.55989186477027,544.7124242654317,63.55989186477027,1.0
3,52,538.8146610406503,59.5624541953722,533.8146610406503,54.5624541953722,543.8146610406503,64.5624541953722,1.0
3,53,538.0236431984308,60.711256227596095,533.0236431984308,55.711256227596095,543.0236431984308,65.7112562275961,1.0
3,54,536.9709319083046,61.828048317156565,531.9709319083046,56.828048317156565,541.9709319083046,66.82804831715657,1.0
3,55,537.0296423627975,63.599361021772886,532.0296423627975,58.599361021772886,542.0296423627975,68.59936102177289,1.0
3,56,537.1953400890242,63.65489733334238,532.1953400890242,58.65489733334238,542.1953400890242,68.65489733334238,1.0
3,57,537.0832837995345,64.24533550535845,532.0832837995345,59.245335505358454,542.0832837995345,69.24533550535845,1.0
3,58,537.077188107973,64.30879380408446,532.077188107973,59.30879380408446,542.077188107973,69.30879380408446,1.0
3,59,536.0499916582819,63.83199909716535,531.0499916582819,58.83199909716535,541.0499916582819,68.83199909716535,1.0
3,60,535.3605329142947,63.958753922895475,530.3605329142947,58.958753922895475,540.3605329142947,68.95875392289548,1.0
3,61,534.5366726399375,64.00275932994484,529.5366726399375,59.00275932994484,539.5366726399375,69.00275932994484,1.0
3,62,533.9609140388059,64.26658719932571,528.9609140388059,59.26658719932571,538.9609140388059,69.26658719932571,1.0
3,63,533.7329758385597,64.63977391581099,528.7329758385597,59.63977391581099,538.7329758385597,69.63977391581099,1.0
3,64,532.2332738152102,65.01050926091227,527.2332738152102,60.01050926091227,537.2332738152102,70.01050926091227,1.0
3,65,530.884738995752,65.75621576483175,525.884738995752,60.75621576483175,535.884738995752,70.75621576483175,1.0
3,66,529.7871184922299,67.96519271519395,524.7871184922299,62.96519271519395,534.7871184922299,72.96519271519395,1.0
3,67,529.3123954379975,70.2941765351946,524.3123954379975,65.2941765351946,534.3123954379975,75.2941765351946,1.0
3,68,529.1140393535678,71.61154161322759,524.1140393535678,66.61154161322759,534.1140393535678,76.61154161322759,1.0
3,69,528.9095209250545,73.55074902448776,523.9095209250545,68.55074902448776,533.9095209250545,78.55074902448776,1.0
3,70,528.0243359430082,74.05336725780522,523.0243359430082,69.05336725780522,533.0243359430082,79.05336725780522,1.0
3,71,527.1704446938749,74.96897054050234,522.1704446938749,69.96897054050234,532.1704446938749,79.96897054050234,1.0
3,72,527.6274594467731,75.77264924496448,522.6274594467731,70.77264924496448,532.6274594467731,80.77264924496448,1.0
3,73,527.4060026653228,75.5793130031838,522.4060026653228,70.5793130031838,532.4060026653228,80.5793130031838,1.0
3,74,527.6198416209818,75.60312161546665,522.6198416209818,70.60312161546665,532.6198416209818,80.60312161546665,1.0
3,75,527.8144919956571,77.39906620406725,522.8144919956571,72.39906620406725,532.8144919956571,82.39906620406725,1.0
3,76,527.6940308637104,78.8577409743534,522.6940308637104,73.8577409743534,532.6940308637104,83.8577409743534,1.0
3,77,526.6886497520726,78.93869714367442,521.6886497520726,73.93869714367442,531.6886497520726,83.93869714367442,1.0
3,78,525.6305522690749,79.19185683486367,520.6305522690749,74.19185683486367,530.6305522690749,84.19185683486367,1.0
3,79,524.8598310416198,78.41109028611181,519.8598310416198,73.41109028611181,529.8598310416198,83.41109028611181,1.0
3,80,524.2785713854369,77.69039966603916,519.2785713854369,72.69039966603916,529.2785713854369,82.69039966603916,1.0
3,81,523.1862159708586,77.78497643635629,518.1862159708586,72.78497643635629,528.1862159708586,82.78497643635629,1.0
3,82,522.8720796195497,78.70897908817597,517.8720796195497,73.70897908817597,527.8720796195497,83.70897908817597,1.0
3,83,522.0434703352769,78.44216310512148,517.0434703352769,73.44216310512148,527.0434703352769,83.44216310512148,1.0
3,84,521.5185882593407,77.7916919406884,516.5185882593407,72.7916919406884,526.5185882593407,82.7916919406884,1.0
3,85,520.6929398196693,77.71267343651868,515.6929398196693,72.71267343651868,525.6929398196693,82.71267343651868,1.0
3,86,520.7188338597045,78.29909895015814,515.7188338597045,73.29909895015814,525.7188338597045,83.29909895015814,1.0
3,87,520.3037257435064,78.59104475047396,515.3037257435064,73.59104475047396,525.3037257435064,83.59104475047396,1.0
3,88,521.0047485952546,78.69215865753837,516.0047485952546,73.69215865753837,526.0047485952546,83.69215865753837,1.0
3,89,519.8179790511156,78.48231848898936,514.8179790511156,73.48231848898936,524.8179790511156,83.48231848898936,1.0
3,90,519.7154891115279,76.88772785932477,514.7154891115279,71.88772785932477,524.7154891115279,81.88772785932477,1.0
3,91,518.8635303436168,75.77581320493982,513.8635303436168,70.77581320493982,523.8635303436168,80.77581320493982,1.0
3,92,519.0240100995965,74.56560753898805,514.0240100995965,69.56560753898805,524.0240100995965,79.56560753898805,1.0
3,93,518.8546668455988,73.92560856229063,513.8546668455988,68.92560856229063,523.8546668455988,78.92560856229063,1.0
3,94,519.0909207199862,73.09835443064075,514.0909207199862,68.09835443064075,524.0909207199862,78.09835443064075,1.0
3,95,519.2959586849802,73.54142944303833,514.2959586849802,68.54142944303833,524.2959586849802,78.54142944303833,1.0
3,96,520.182632449975,73.35617828136441,515.182632449975,68.35617828136441,525.182632449975,78.35617828136441,1.0
3,97,520.8272412230795,72.77695498807525,515.8272412230795,67.77695498807525,525.8272412230795,77.77695498807525,1.0
3,98,521.85182009405,72.80303701752527,516.85182009405,67.80303701752527,526.85182009405,77.80303701752527,1.0
3,99,522.2574158064378,72.96967898115514,517.2574158064378,67.96967898115514,527.2574158064378,77.96967898115514,1.0
3,100,522.4609666692983,72.58299091465243,517.4609666692983,67.58299091465243,527.4609666692983,77.58299091465243,1.0
3,101,522.3342412598666,70.87843299277992,517.3342412598666,65.87843299277992,527.3342412598666,75.87843299277992,1.0
3,102,522.2559405436051,69.43242583584404,517.2559405436051,64.43242583584404,527.2559405436051,74.43242583584404,1.0
3,103,522.9458624094078,68.35620917158958,517.9458624094078,63.35620917158958,527.9458624094078,73.35620917158958,1.0
3,104,523.7281461059279,67.59137021537163,518.7281461059279,62.591370215371626,528.7281461059279,72.59137021537163,1.0
3,105,525.3619268481295,66.86488357609308,520.3619268481295,61.86488357609308,530.3619268481295,71.86488357609308,1.0
3,106,525.8316750878286,67.05604522446741,520.8316750878286,62.05604522446741,530.8316750878286,72.05604522446741,1.0
3,107,526.0635591460621,67.88883050839164,521.0635591460621,62.888830508391635,531.0635591460621,72.88883050839164,1.0
3,108,526.7935339261786,67.99277853454238,521.7935339261786,62.99277853454238,531.7935339261786,72.99277853454238,1.0
3,109,526.6991847374022,68.57284014551186,521.6991847374022,63.57284014551186,531.6991847374022,73.57284014551186,1.0
3,110,525.9827583388548,68.67542868515591,520.9827583388548,63.67542868515591,530.9827583388548,73.67542868515591,1.0
3,111,526.6577218849565,68.06248702793026,521.6577218849565,63.06248702793026,531.6577218849565,73.06248702793026,1.0
3,112,527.2291075164262,68.49959076985556,522.2291075164262,63.49959076985556,532.2291075164262,73.49959076985556,1.0
3,113,527.5828813629602,69.46938931724516,522.5828813629602,64.46938931724516,532.5828813629602,74.46938931724516,1.0
3,114,527.3411685727052,68.39870238493357,522.3411685727052,63.39870238493357,532.3411685727052,73.39870238493357,1.0
3,115,527.9569774117742,66.60355025420698,522.9569774117742,61.60355025420698,532.9569774117742,71.60355025420698,1.0
3,116,528.2580137759752,65.78673023725335,523.2580137759752,60.78673023725335,533.2580137759752,70.78673023725335,1.0
3,117,528.3790086379339,64.9937642495351,523.3790086379339,59.993764249535104,533.3790086379339,69.9937642495351,1.0
3,118,528.9303551049647,64.19814561124177,523.9303551049647,59.19814561124177,533.9303551049647,69.19814561124177,1.0
3,119,528.6958998509452,63.63237304894324,523.6958998509452,58.63237304894324,533.6958998509452,68.63237304894324,1.0
3,120,528.2105588822568,63.89986684848607,523.2105588822568,58.89986684848607,533.2105588822568,68.89986684848607,1.0
3,121,528.4505577119166,62.80313109880769,523.4505577119166,57.80313109880769,533.4505577119166,67.80313109880768,1.0
3,122,529.0914853141062,61.03562557569148,524.0914853141062,56.03562557569148,534.0914853141062,66.03562557569148,1.0
3,123,528.9287489930898,58.40115926031391,523.9287489930898,53.40115926031391,533.9287489930898,63.40115926031391,1.0
3,124,528.5964031467364,56.76909378124824,523.5964031467364,51.76909378124824,533.5964031467364,61.76909378124824,1.0
3,125,528.5776704514262,55.257013213082786,523.5776704514262,50.257013213082786,533.5776704514262,60.257013213082786,1.0
3,126,529.166760256725,55.05319227822359,524.166760256725,50.05319227822359,534.166760256725,60.05319227822359,1.0
3,127,529.7470883181984,54.66194304368724,524.7470883181984,49.66194304368724,534.7470883181984,59.66194304368724,1.0
3,128,529.1849716658542,54.042536028743015,524.1849716658542,49.042536028743015,534.1849716658542,59.042536028743015,1.0
3,129,529.8344394856949,54.61923469624016,524.8344394856949,49.61923469624016,534.8344394856949,59.61923469624016,1.0
3,130,530.3369736871289,54.14554516250008,525.3369736871289,49.14554516250008,535.3369736871289,59.14554516250008,1.0
3,131,531.0791344332795,53.536252835832705,526.0791344332795,48.536252835832705,536.0791344332795,58.536252835832705,1.0
3,132,531.6654126634404,52.49817879406147,526.6654126634404,47.49817879406147,536.6654126634404,57.49817879406147,1.0
3,133,531.686464883204,52.65651188655635,526.686464883204,47.65651188655635,536.686464883204,57.65651188655635,1.0
3,134,531.9262199574983,52.57355736541825,526.9262199574983,47.57355736541825,536.9262199574983,57.57355736541825,1.0
3,135,532.0382502973454,52.57490244332908,527.0382502973454,47.57490244332908,537.0382502973454,57.57490244332908,1.0
3,136,531.9261676441133,53.00119011904525,526.9261676441133,48.00119011904525,536.9261676441133,58.00119011904525,1.0
3,137,531.8295467223802,52.6390816776386,526.8295467223802,47.6390816776386,536.8295467223802,57.6390816776386,1.0
3,138,531.9342321031047,53.65566254424226,526.9342321031047,48.65566254424226,536.9342321031047,58.65566254424226,1.0
3,139,531.8201862690763,54.59038602161034,526.8201862690763,49.59038602161034,536.8201862690763,59.59038602161034,1.0
3,140,531.4520726486348,55.350450835880736,526.4520726486348,50.350450835880736,536.4520726486348,60.350450835880736,1.0
3,141,531.666292479805,55.65421870142416,526.666292479805,50.65421870142416,536.666292479805,60.65421870142416,1.0
3,142,532.0767600144356,56.8794557052208,527.0767600144356,51.8794557052208,537.0767600144356,61.8794557052208,1.0
3,143,532.3345617893682,57.31998270386449,527.3345617893682,52.31998270386449,537.3345617893682,62.31998270386449,1.0
3,144,533.0802290819852,57.805091757584215,528.0802290819852,52.805091757584215,538.0802290819852,62.805091757584215,1.0
3,145,533.5478357492212,59.07391401963013,528.5478357492212,54.07391401963013,538.5478357492212,64.07391401963014,1.0
3,146,534.4202146861332,59.66492537335709,529.4202146861332,54.66492537335709,539.4202146861332,64.6649253733571,1.0
3,147,535.7250217621161,59.33075959288483,530.7250217621161,54.33075959288483,540.7250217621161,64.33075959288483,1.0
3,148,536.7357202000741,59.17901132719556,531.7357202000741,54.17901132719556,541.7357202000741,64.17901132719555,1.0
3,149,536.5328839094253,59.162008500832314,531.5328839094253,54.162008500832314,541.5328839094253,64.16200850083231,1.0
3,150,536.6309436689478,59.392881023216056,531.6309436689478,54.392881023216056,541.6309436689478,64.39288102321606,1.0
3,151,537.0076126129902,59.89650073194908,532.0076126129902,54.89650073194908,542.0076126129902,64.89650073194909,1.0
3,152,537.1330604027775,60.27597237746928,532.1330604027775,55.27597237746928,542.1330604027775,65.27597237746929,1.0
3,153,537.6090653704628,60.38557430766758,532.6090653704628,55.38557430766758,542.6090653704628,65.38557430766758,1.0
3,154,537.0439822994267,60.69667211201049,532.0439822994267,55.69667211201049,542.0439822994267,65.69667211201049,1.0
3,155,537.4343561183781,60.349081088972994,532.4343561183781,55.349081088972994,542.4343561183781,65.349081088973,1.0
3,156,539.0517393056463,60.51056316984431,534.0517393056463,55.51056316984431,544.0517393056463,65.51056316984432,1.0
3,157,540.7481361316972,60.81346592158092,535.7481361316972,55.81346592158092,545.7481361316972,65.81346592158093,1.0
3,158,541.0417994250812,60.08763325385377,536.0417994250812,55.08763325385377,546.0417994250812,65.08763325385377,1.0
3,159,540.7093498402139,58.699770329209805,535.7093498402139,53.699770329209805,545.7093498402139,63.699770329209805,1.0
3,160,540.7602508364807,56.70930647691738,535.7602508364807,51.70930647691738,545.7602508364807,61.70930647691738,1.0
3,161,540.9942451694504,55.84926779909888,535.9942451694504,50.84926779909888,545.9942451694504,60.84926779909888,1.0
3,162,541.7364306250166,55.16815463852021,536.7364306250166,50.16815463852021,546.7364306250166,60.16815463852021,1.0
3,163,543.30883621038,55.87958122432173,538.30883621038,50.87958122432173,548.30883621038,60.87958122432173,1.0
3,164,544.4413364483943,54.901762328244246,539.4413364483943,49.901762328244246,549.4413364483943,59.901762328244246,1.0
3,165,543.5762011512256,53.691909789648236,538.5762011512256,48.691909789648236,548.5762011512256,58.691909789648236,1.0
3,166,541.9994044333185,52.8073039500098,536.9994044333185,47.8073039500098,546.9994044333185,57.8073039500098,1.0
3,167,541.035795183473,52.435977194477786,536.035795183473,47.435977194477786,546.035795183473,57.435977194477786,1.0
3,168,541.2824989744562,52.69529935380075,536.2824989744562,47.69529935380075,546.2824989744562,57.69529935380075,1.0
3,169,541.3872618123746,52.86863857902536,536.3872618123746,47.86863857902536,546.3872618123746,57.86863857902536,1.0
3,170,540.7964513462854,52.87081421166961,535.7964513462854,47.87081421166961,545.7964513462854,57.87081421166961,1.0
3,171,539.9690127756094,52.51809510552833,534.9690127756094,47.51809510552833,544.9690127756094,57.51809510552833,1.0
3,172,539.5403334619429,52.342638991534976,534.5403334619429,47.342638991534976,544.5403334619429,57.342638991534976,1.0
3,173,539.696275431097,52.52401694900236,534.696275431097,47.52401694900236,544.696275431097,57.52401694900236,1.0
3,174,539.69879947865,52.87384570911102,534.69879947865,47.87384570911102,544.69879947865,57.87384570911102,1.0
3,175,539.3160454054688,52.826563207021884,534.3160454054688,47.826563207021884,544.3160454054688,57.826563207021884,1.0
3,176,538.6888356318909,51.90233738952287,533.6888356318909,46.90233738952287,543.6888356318909,56.90233738952287,1.0
3,177,538.2788091191785,51.61204822860928,533.2788091191785,46.61204822860928,543.2788091191785,56.61204822860928,1.0
3,178,537.5257162638862,50.35128914433979,532.5257162638862,45.35128914433979,542.5257162638862,55.35128914433979,1.0
3,179,536.6863172060616,48.92642798259211,531.6863172060616,43.92642798259211,541.6863172060616,53.92642798259211,1.0
3,180,536.4192099168348,48.74217272867516,531.4192099168348,43.74217272867516,541.4192099168348,53.74217272867516,1.0
3,181,536.3627370692229,48.977032624203865,531.3627370692229,43.977032624203865,541.3627370692229,53.977032624203865,1.0
3,182,535.3220764751765,48.70721323809463,530.3220764751765,43.70721323809463,540.3220764751765,53.70721323809463,1.0
3,183,536.2411782893952,49.10091796030848,531.2411782893952,44.10091796030848,541.2411782893952,54.10091796030848,1.0
3,184,537.2005751779338,50.64184182275379,532.2005751779338,45.64184182275379,542.2005751779338,55.64184182275379,1.0
3,185,538.8026199401079,51.38420298916863,533.8026199401079,46.38420298916863,543.8026199401079,56.38420298916863,1.0
3,186,540.1284625601495,52.14362981959055,535.1284625601495,47.14362981959055,545.1284625601495,57.14362981959055,1.0
3,187,541.0062487880573,51.64517357832314,536.0062487880573,46.64517357832314,546.0062487880573,56.64517357832314,1.0
3,188,541.7180064893768,51.14569900847457,536.7180064893768,46.14569900847457,546.7180064893768,56.14569900847457,1.0
3,189,542.2362373753525,51.74719305149327,537.2362373753525,46.74719305149327,547.2362373753525,56.74719305149327,1.0
3,190,541.9283213532998,52.4267049237106,536.9283213532998,47.4267049237106,546.9283213532998,57.4267049237106,1.0
3,191,540.4528537305897,53.55192506718939,535.4528537305897,48.55192506718939,545.4528537305897,58.55192506718939,1.0
3,192,540.188406621248,53.84435973037051,535.188406621248,48.84435973037051,545.188406621248,58.84435973037051,1.0
3,193,539.6856066444124,53.643085943906996,534.6856066444124,48.643085943906996,544.6856066444124,58.643085943906996,1.0
3,194,538.7366468674402,52.651489174097456,533.7366468674402,47.651489174097456,543.7366468674402,57.651489174097456,1.0
3,195,537.9496740693827,50.77901597554326,532.9496740693827,45.77901597554326,542.9496740693827,55.77901597554326,1.0
3,196,539.0423103469841,50.0278888457592,534.0423103469841,45.0278888457592,544.0423103469841,55.0278888457592,1.0
3,197,540.1859934823988,49.40351142633962,535.1859934823988,44.40351142633962,545.1859934823988,54.40351142633962,1.0
3,198,541.0777797788732,47.98293735875406,536.0777797788732,42.98293735875406,546.0777797788732,52.98293735875406,1.0
3,199,542.1161591196005,46.20817016905133,537.1161591196005,41.20817016905133,547.1161591196005,51.20817016905133,1.0
3,200,541.6818059616355,45.51586958056629,536.6818059616355,40.51586958056629,546.6818059616355,50.51586958056629,1.0
3,201,541.6111612610083,46.31369376453651,536.6111612610083,41.31369376453651,546.6111612610083,51.31369376453651,1.0
3,202,541.4223822847237,47.65126929599455,536.4223822847237,42.65126929599455,546.4223822847237,52.65126929599455,1.0
3,203,541.1852806155998,49.009947225158584,536.1852806155998,44.009947225158584,546.1852806155998,54.009947225158584,1.0
3,204,539.6211595093058,50.71853606969229,534.6211595093058,45.71853606969229,544.6211595093058,55.71853606969229,1.0
3,205,538.6660416832003,51.67658849772139,533.6660416832003,46.67658849772139,543.6660416832003,56.67658849772139,1.0
3,206,537.8761849272379,51.146354750616545,532.8761849272379,46.146354750616545,542.8761849272379,56.146354750616545,1.0
3,207,538.0831752907538,51.28687552183516,533.0831752907538,46.28687552183516,543.0831752907538,56.28687552183516,1.0
3,208,538.0224406870803,50.751768220500466,533.0224406870803,45.751768220500466,543.0224406870803,55.751768220500466,1.0
3,209,538.8366718544715,51.80494727111433,533.8366718544715,46.80494727111433,543.8366718544715,56.80494727111433,1.0
3,210,540.331045349445,51.48706226996635,535.331045349445,46.48706226996635,545.331045349445,56.48706226996635,1.0
3,211,541.8587156345486,50.82271800905027,536.8587156345486,45.82271800905027,546.8587156345486,55.82271800905027,1.0
3,212,542.9690584694865,50.20214466636796,537.9690584694865,45.20214466636796,547.9690584694865,55.20214466636796,1.0
3,213,542.5293720155748,50.35776388843365,537.5293720155748,45.35776388843365,547.5293720155748,55.35776388843365,1.0
3,214,541.4237084434354,50.148584454515934,536.4237084434354,45.148584454515934,546.4237084434354,55.148584454515934,1.0
3,215,539.9763802751191,50.0372445906816,534.9763802751191,45.0372445906816,544.9763802751191,55.0372445906816,1.0
3,216,539.9379646512324,50.74240777756882,534.9379646512324,45.74240777756882,544.9379646512324,55.74240777756882,1.0
3,217,540.1286439410612,51.43208947934062,535.1286439410612,46.43208947934062,545.1286439410612,56.43208947934062,1.0
3,218,539.6685983412183,52.78089149996748,534.6685983412183,47.78089149996748,544.6685983412183,57.78089149996748,1.0
3,219,538.454105850093,53.874755514192344,533.454105850093,48.874755514192344,543.454105850093,58.874755514192344,1.0
3,220,537.8345860301857,53.880963953011694,532.8345860301857,48.880963953011694,542.8345860301857,58.880963953011694,1.0
3,221,537.0930945349685,53.02849980878112,532.0930945349685,48.02849980878112,542.0930945349685,58.02849980878112,1.0
3,222,537.0575036264429,52.69385828409556,532.0575036264429,47.69385828409556,542.0575036264429,57.69385828409556,1.0
3,223,537.0836928276811,53.45077817069601,532.0836928276811,48.45077817069601,542.0836928276811,58.45077817069601,1.0
3,224,536.3885016297293,53.29063297056342,531.3885016297293,48.29063297056342,541.3885016297293,58.29063297056342,1.0
3,225,535.570759908044,53.209824292446946,530.570759908044,48.209824292446946,540.570759908044,58.209824292446946,1.0
3,226,534.6239907783789,52.47076189843765,529.6239907783789,47.47076189843765,539.6239907783789,57.47076189843765,1.0
3,227,534.6600525156098,51.88161016860388,529.6600525156098,46.88161016860388,539.6600525156098,56.88161016860388,1.0
3,228,534.3824885451116,51.2754565922504,529.3824885451116,46.2754565922504,539.3824885451116,56.2754565922504,1.0
3,229,534.2145164307162,50.85967585090329,529.2145164307162,45.85967585090329,539.2145164307162,55.85967585090329,1.0
3,230,534.3327322056326,51.35775535167805,529.3327322056326,46.35775535167805,539.3327322056326,56.35775535167805,1.0
3,231,535.1060166252608,51.988724492880635,530.1060166252608,46.988724492880635,540.1060166252608,56.988724492880635,1.0
3,232,534.6069704465469,52.97627765969633,529.6069704465469,47.97627765969633,539.6069704465469,57.97627765969633,1.0
3,233,534.0759863560208,53.28816827058699,529.0759863560208,48.28816827058699,539.0759863560208,58.28816827058699,1.0
3,234,533.2598458095392,53.89555069821889,528.2598458095392,48.89555069821889,538.2598458095392,58.89555069821889,1.0
3,235,532.7663272159754,53.85179692996969,527.7663272159754,48.85179692996969,537.7663272159754,58.85179692996969,1.0
3,236,533.0048834945288,52.97372208892007,528.0048834945288,47.97372208892007,538.0048834945288,57.97372208892007,1.0
3,237,532.0138702697084,52.77412367317793,527.0138702697084,47.77412367317793,537.0138702697084,57.77412367317793,1.0
3,238,531.5234568021505,52.77803827077532,526.5234568021505,47.77803827077532,536.5234568021505,57.77803827077532,1.0
3,239,532.1975606977795,52.035763058536325,527.1975606977795,47.035763058536325,537.1975606977795,57.035763058536325,1.0
3,240,532.3342667556782,51.64290688272498,527.3342667556782,46.64290688272498,537.3342667556782,56.64290688272498,1.0
3,241,533.0685406894763,51.75748509963891,528.0685406894763,46.75748509963891,538.0685406894763,56.75748509963891,1.0
3,242,534.6613303752505,51.22461432780647,529.6613303752505,46.22461432780647,539.6613303752505,56.22461432780647,1.0
3,243,536.1549737959771,52.52182871679766,531.1549737959771,47.52182871679766,541.1549737959771,57.52182871679766,1.0
3,244,537.6236202759709,52.289001979688635,532.6236202759709,47.289001979688635,542.6236202759709,57.289001979688635,1.0
3,245,538.9681564558199,52.6349873521783,533.9681564558199,47.6349873521783,543.9681564558199,57.6349873521783,1.0
3,246,539.7860674360434,52.074656429119614,534.7860674360434,47.074656429119614,544.7860674360434,57.074656429119614,1.0
3,247,541.4745908443165,51.42538223964857,536.4745908443165,46.42538223964857,546.4745908443165,56.42538223964857,1.0
3,248,542.3736207078624,50.678408015357014,537.3736207078624,45.678408015357014,547.3736207078624,55.678408015357014,1.0
3,249,541.9773831601774,50.42849112446071,536.9773831601774,45.42849112446071,546.9773831601774,55.42849112446071,1.0
3,250,540.9686470548371,51.26193929852986,535.9686470548371,46.26193929852986,545.9686470548371,56.26193929852986,1.0
3,251,541.4629535609126,52.14366536946979,536.4629535609126,47.14366536946979,546.4629535609126,57.14366536946979,1.0
3,252,541.543188250515,52.87408629592432,536.543188250515,47.87408629592432,546.543188250515,57.87408629592432,1.0
3,253,540.9330529889946,53.09361372978029,535.9330529889946,48.09361372978029,545.9330529889946,58.09361372978029,1.0
3,254,541.1627616006245,53.28513839317752,536.1627616006245,48.28513839317752,546.1627616006245,58.28513839317752,1.0
3,255,542.4025208533728,53.92887892848587,537.4025208533728,48.92887892848587,547.4025208533728,58.92887892848587,1.0
3,256,543.0595847232246,55.10571022808232,538.0595847232246,50.10571022808232,548.0595847232246,60.10571022808232,1.0
3,257,542.6361902506953,55.55238227047258,537.6361902506953,50.55238227047258,547.6361902506953,60.55238227047258,1.0
3,258,543.0558528396224,54.75558767786799,538.0558528396224,49.75558767786799,548.0558528396224,59.75558767786799,1.0
3,259,543.5695057885049,54.47809355713754,538.5695057885049,49.47809355713754,548.5695057885049,59.47809355713754,1.0
3,260,542.6551188676879,54.776002228051645,537.6551188676879,49.776002228051645,547.6551188676879,59.776002228051645,1.0
3,261,542.9436746634144,55.01814086799082,537.9436746634144,50.01814086799082,547.9436746634144,60.01814086799082,1.0
3,262,543.185059009546,54.45680469141015,538.185059009546,49.45680469141015,548.185059009546,59.45680469141015,1.0
3,263,543.3875592668982,54.76655641270575,538.3875592668982,49.76655641270575,548.3875592668982,59.76655641270575,1.0
3,264,543.4996468362143,54.2797213371617,538.4996468362143,49.2797213371617,548.4996468362143,59.2797213371617,1.0
3,265,544.3054002534278,53.76638854162296,539.3054002534278,48.76638854162296,549.3054002534278,58.76638854162296,1.0
3,266,545.4517485867814,53.117917100926775,540.4517485867814,48.117917100926775,550.4517485867814,58.117917100926775,1.0
3,267,546.5589398790239,53.55714862532932,541.5589398790239,48.55714862532932,551.5589398790239,58.55714862532932,1.0
3,268,547.5218077474965,54.77595054591562,542.5218077474965,49.77595054591562,552.5218077474965,59.77595054591562,1.0
3,269,548.1341817546671,56.68200775895859,543.1341817546671,51.68200775895859,553.1341817546671,61.68200775895859,1.0
3,270,548.5159721351571,57.916747399148875,543.5159721351571,52.916747399148875,553.5159721351571,62.916747399148875,1.0
3,271,548.6812264876661,58.11107710977369,543.6812264876661,53.11107710977369,553.6812264876661,63.11107710977369,1.0
3,272,549.3274772791822,58.11061674454131,544.3274772791822,53.11061674454131,554.3274772791822,63.11061674454131,1.0
3,273,549.1814534204822,57.70152406196201,544.1814534204822,52.70152406196201,554.1814534204822,62.70152406196201,1.0
3,274,548.4121718618549,57.29094542048657,543.4121718618549,52.29094542048657,553.4121718618549,62.29094542048657,1.0
3,275,547.4785492251325,58.086893723883435,542.4785492251325,53.086893723883435,552.4785492251325,63.086893723883435,1.0
3,276,546.8528866985162,59.068311245451866,541.8528866985162,54.068311245451866,551.8528866985162,64.06831124545187,1.0
3,277,547.1641589098627,59.00974700696451,542.1641589098627,54.00974700696451,552.1641589098627,64.00974700696452,1.0
3,278,546.8261016410653,59.12761070806303,541.8261016410653,54.12761070806303,551.8261016410653,64.12761070806303,1.0
3,279,546.3682454021647,58.07950059324694,541.3682454021647,53.07950059324694,551.3682454021647,63.07950059324694,1.0
3,280,545.845332987556,57.38145214748741,540.845332987556,52.38145214748741,550.845332987556,62.38145214748741,1.0
3,281,545.8844156458557,56.522163727823205,540.8844156458557,51.522163727823205,550.8844156458557,61.522163727823205,1.0
3,282,546.2863837422334,55.936226148917484,541.2863837422334,50.936226148917484,551.2863837422334,60.936226148917484,1.0
3,283,546.0226758204883,55.60391261039636,541.0226758204883,50.60391261039636,551.0226758204883,60.60391261039636,1.0
3,284,545.8528578819952,56.443098526650935,540.8528578819952,51.443098526650935,550.8528578819952,61.443098526650935,1.0
3,285,544.0972097122371,56.79210734548152,539.0972097122371,51.79210734548152,549.0972097122371,61.79210734548152,1.0
3,286,541.6987522512117,57.105350095160475,536.6987522512117,52.105350095160475,546.6987522512117,62.105350095160475,1.0
3,287,540.7859612295924,57.03822436956117,535.7859612295924,52.03822436956117,545.7859612295924,62.03822436956117,1.0
3,288,540.257707067559,56.828119871081554,535.257707067559,51.828119871081554,545.257707067559,61.828119871081554,1.0
3,289,539.6905896849748,57.99025007538791,534.6905896849748,52.99025007538791,544.6905896849748,62.99025007538791,1.0
3,290,539.6581542629625,57.75097923637087,534.6581542629625,52.75097923637087,544.6581542629625,62.75097923637087,1.0
3,291,541.147545093021,57.83668890653991,536.147545093021,52.83668890653991,546.147545093021,62.83668890653991,1.0
3,292,542.6686223979525,57.2464210132013,537.6686223979525,52.2464210132013,547.6686223979525,62.2464210132013,1.0
3,293,544.3653687828775,57.1802927179114,539.3653687828775,52.1802927179114,549.3653687828775,62.1802927179114,1.0
3,294,545.4749664358449,57.40093941084818,540.4749664358449,52.40093941084818,550.4749664358449,62.40093941084818,1.0
3,295,546.9733540968957,57.281327831905,541.9733540968957,52.281327831905,551.9733540968957,62.281327831905,1.0
3,296,548.3454482142083,57.404550343207646,543.3454482142083,52.404550343207646,553.3454482142083,62.404550343207646,1.0
3,297,549.4276525963147,57.64527270175688,544.4276525963147,52.64527270175688,554.4276525963147,62.64527270175688,1.0
3,298,551.2674029591141,57.10698174681574,546.2674029591141,52.10698174681574,556.2674029591141,62.10698174681574,1.0
3,299,551.6919779327868,56.55634518329952,546.6919779327868,51.55634518329952,556.6919779327868,61.55634518329952,1.0
3,300,552.6726313580316,57.15203291609344,547.6726313580316,52.15203291609344,557.6726313580316,62.15203291609344,1.0
3,301,554.2822691199292,58.50477799783861,549.2822691199292,53.50477799783861,559.2822691199292,63.50477799783861,1.0
3,302,555.6651646970126,58.771594097370034,550.6651646970126,53.771594097370034,560.6651646970126,63.771594097370034,1.0
3,303,555.9310813326537,59.23040186491841,550.9310813326537,54.23040186491841,560.9310813326537,64.2304018649184,1.0
3,304,556.4031285467664,60.411263425496045,551.4031285467664,55.411263425496045,561.4031285467664,65.41126342549605,1.0
3,305,557.0316183386968,61.23473848429121,552.0316183386968,56.23473848429121,562.0316183386968,66.23473848429121,1.0
3,306,556.5578287010451,61.899876745045944,551.5578287010451,56.899876745045944,561.5578287010451,66.89987674504594,1.0
3,307,556.8537530743483,61.72511863340246,551.8537530743483,56.72511863340246,561.8537530743483,66.72511863340246,1.0
3,308,556.2909665755994,62.44112768211006,551.2909665755994,57.44112768211006,561.2909665755994,67.44112768211005,1.0
3,309,555.3532546012023,62.52850711048793,550.3532546012023,57.52850711048793,560.3532546012023,67.52850711048794,1.0
3,310,555.4766018820733,62.75478045434236,550.4766018820733,57.75478045434236,560.4766018820733,67.75478045434235,1.0
3,311,555.0140374127429,63.18468416222316,550.0140374127429,58.18468416222316,560.0140374127429,68.18468416222316,1.0
3,312,554.0009310927913,63.180335620383325,549.0009310927913,58.180335620383325,559.0009310927913,68.18033562038332,1.0
3,313,553.4967581488991,63.76313711690302,548.4967581488991,58.76313711690302,558.4967581488991,68.76313711690301,1.0
3,314,553.292894555654,64.4761840491264,548.292894555654,59.4761840491264,558.292894555654,69.4761840491264,1.0
3,315,552.2730316236085,64.75390811425011,547.2730316236085,59.75390811425011,557.2730316236085,69.75390811425011,1.0
3,316,552.1323757034525,64.83287720033184,547.1323757034525,59.832877200331836,557.1323757034525,69.83287720033184,1.0
3,317,551.7253087205646,65.02701769094888,546.7253087205646,60.02701769094888,556.7253087205646,70.02701769094888,1.0
3,318,552.1461690126791,64.93785135635103,547.1461690126791,59.93785135635103,557.1461690126791,69.93785135635103,1.0
3,319,552.1822216107479,65.73663209107536,547.1822216107479,60.736632091075364,557.1822216107479,70.73663209107536,1.0
3,320,552.966394063358,65.31105980461547,547.966394063358,60.31105980461547,557.966394063358,70.31105980461547,1.0
3,321,553.9824475135891,65.238200669894,548.9824475135891,60.238200669894,558.9824475135891,70.238200669894,1.0
3,322,554.684699045098,65.40156283836846,549.684699045098,60.40156283836846,559.684699045098,70.40156283836846,1.0
3,323,555.0644035618368,65.76668692344278,550.0644035618368,60.766686923442776,560.0644035618368,70.76668692344278,1.0
3,324,555.9956693602625,67.47564181778733,550.9956693602625,62.475641817787334,560.9956693602625,72.47564181778733,1.0
3,325,555.6122649902017,68.63306199657356,550.6122649902017,63.63306199657356,560.6122649902017,73.63306199657356,1.0
3,326,555.724759211476,70.23645566603766,550.724759211476,65.23645566603766,560.724759211476,75.23645566603766,1.0
3,327,557.1716495465193,70.9540985564561,552.1716495465193,65.9540985564561,562.1716495465193,75.9540985564561,1.0
3,328,557.6363957616221,72.5971080442743,552.6363957616221,67.5971080442743,562.6363957616221,77.5971080442743,1.0
3,329,558.7100808573011,72.92055344080497,553.7100808573011,67.92055344080497,563.7100808573011,77.92055344080497,1.0
3,330,559.3217338022305,71.75004071570976,554.3217338022305,66.75004071570976,564.3217338022305,76.75004071570976,1.0
3,331,559.4010610392589,72.0081730079839,554.4010610392589,67.0081730079839,564.4010610392589,77.0081730079839,1.0
3,332,559.4375528555051,72.05264642218476,554.4375528555051,67.05264642218476,564.4375528555051,77.05264642218476,1.0
3,333,558.6620054346922,72.72790274987793,553.6620054346922,67.72790274987793,563.6620054346922,77.72790274987793,1.0
3,334,557.6004034116906,72.73303913069884,552.6004034116906,67.73303913069884,562.6004034116906,77.73303913069884,1.0
3,335,556.930311367832,72.5340998438003,551.930311367832,67.5340998438003,561.930311367832,77.5340998438003,1.0
3,336,556.9881192864354,72.6161605216954,551.9881192864354,67.6161605216954,561.9881192864354,77.6161605216954,1.0
3,337,556.843579376471,72.31305824663174,551.843579376471,67.31305824663174,561.843579376471,77.31305824663174,1.0
3,338,556.3650738430719,72.32142734600508,551.3650738430719,67.32142734600508,561.3650738430719,77.32142734600508,1.0
3,339,555.6955642824166,72.99312288663032,550.6955642824166,67.99312288663032,560.6955642824166,77.99312288663032,1.0
3,340,555.1821254526561,73.36037736002645,550.1821254526561,68.36037736002645,560.1821254526561,78.36037736002645,1.0
3,341,555.7488750145169,74.60419578407934,550.7488750145169,69.60419578407934,560.7488750145169,79.60419578407934,1.0
3,342,557.9145270070844,75.70988158732071,552.9145270070844,70.70988158732071,562.9145270070844,80.70988158732071,1.0
3,343,560.0093514814915,76.21860849394827,555.0093514814915,71.21860849394827,565.0093514814915,81.21860849394827,1.0
3,344,561.4169611548177,76.84052017750784,556.4169611548177,71.84052017750784,566.4169611548177,81.84052017750784,1.0
3,345,562.587605913805,77.6197797459654,557.587605913805,72.6197797459654,567.587605913805,82.6197797459654,1.0
3,346,562.4789456523383,77.17032301549624,557.4789456523383,72.17032301549624,567.4789456523383,82.17032301549624,1.0
3,347,562.5551358632865,76.27760851394333,557.5551358632865,71.27760851394333,567.5551358632865,81.27760851394333,1.0
3,348,563.5864432078868,75.7433926433348,558.5864432078868,70.7433926433348,568.5864432078868,80.7433926433348,1.0
3,349,564.6021878844008,76.24112877714236,559.6021878844008,71.24112877714236,569.6021878844008,81.24112877714236,1.0
3,350,565.522026146688,76.98059163084459,560.522026146688,71.98059163084459,570.522026146688,81.98059163084459,1.0
3,351,566.6098733486332,77.48955823184333,561.6098733486332,72.48955823184333,571.6098733486332,82.48955823184333,1.0
3,352,566.8113390892222,77.4361141115699,561.8113390892222,72.4361141115699,571.8113390892222,82.4361141115699,1.0
3,353,567.4867451829903,77.70408485404283,562.4867451829903,72.70408485404283,572.4867451829903,82.70408485404283,1.0
3,354,567.4785862786435,77.3313147968934,562.4785862786435,72.3313147968934,572.4785862786435,82.3313147968934,1.0
3,355,568.1185738544414,77.61238182208349,563.1185738544414,72.61238182208349,573.1185738544414,82.61238182208349,1.0
3,356,568.1537741221675,76.98938609747043,563.1537741221675,71.98938609747043,573.1537741221675,81.98938609747043,1.0
3,357,568.1362140696444,77.15304620106932,563.1362140696444,72.15304620106932,573.1362140696444,82.15304620106932,1.0
3,358,568.7947669412251,77.02503718417537,563.7947669412251,72.02503718417537,573.7947669412251,82.02503718417537,1.0
3,359,570.0477428430218,77.27834649751058,565.0477428430218,72.27834649751058,575.0477428430218,82.27834649751058,1.0
3,360,570.3195544557957,76.65725749474528,565.3195544557957,71.65725749474528,575.3195544557957,81.65725749474528,1.0
3,361,570.8456775054667,77.00886859897847,565.8456775054667,72.00886859897847,575.8456775054667,82.00886859897847,1.0
3,362,571.5681733279187,76.77293507338989,566.5681733279187,71.77293507338989,576.5681733279187,81.77293507338989,1.0
3,363,571.3830893387277,76.83929735071035,566.3830893387277,71.83929735071035,576.3830893387277,81.83929735071035,1.0
3,364,573.1171200089045,78.22131664494594,568.1171200089045,73.22131664494594,578.1171200089045,83.22131664494594,1.0
3,365,574.3442437561091,79.2536786976571,569.3442437561091,74.2536786976571,579.3442437561091,84.2536786976571,1.0
3,366,575.329827927217,81.17758953199763,570.329827927217,76.17758953199763,580.329827927217,86.17758953199763,1.0
3,367,575.3655874154762,82.8817050824826,570.3655874154762,77.8817050824826,580.3655874154762,87.8817050824826,1.0
3,368,574.7387603029964,84.91654884590798,569.7387603029964,79.91654884590798,579.7387603029964,89.91654884590798,1.0
3,369,574.370335077273,86.26451595646185,569.370335077273,81.26451595646185,579.370335077273,91.26451595646185,1.0
3,370,573.5265969733132,86.12370605253622,568.5265969733132,81.12370605253622,578.5265969733132,91.12370605253622,1.0
3,371,573.0140172132495,85.6842565229703,568.0140172132495,80.6842565229703,578.0140172132495,90.6842565229703,1.0
3,372,572.9823355531491,84.78220560394942,567.9823355531491,79.78220560394942,577.9823355531491,89.78220560394942,1.0
3,373,572.5336114811099,84.16468561252353,567.5336114811099,79.16468561252353,577.5336114811099,89.16468561252353,1.0
3,374,572.1090001496196,83.14634280218068,567.1090001496196,78.14634280218068,577.1090001496196,88.14634280218068,1.0
3,375,571.7910859687893,82.68277691536639,566.7910859687893,77.68277691536639,576.7910859687893,87.68277691536639,1.0
3,376,571.5385709492979,82.58789116075428,566.5385709492979,77.58789116075428,576.5385709492979,87.58789116075428,1.0
3,377,571.2248133072303,83.21418186004894,566.2248133072303,78.21418186004894,576.2248133072303,88.21418186004894,1.0
3,378,570.6214898492058,83.48151698273145,565.6214898492058,78.48151698273145,575.6214898492058,88.48151698273145,1.0
3,379,569.87054222237,83.07043519146242,564.87054222237,78.07043519146242,574.87054222237,88.07043519146242,1.0
3,380,569.8296983969295,83.32816353699212,564.8296983969295,78.32816353699212,574.8296983969295,88.32816353699212,1.0
3,381,568.8632755033142,83.56890900636351,563.8632755033142,78.56890900636351,573.8632755033142,88.56890900636351,1.0
3,382,568.0083921031419,84.52502761548516,563.0083921031419,79.52502761548516,573.0083921031419,89.52502761548516,1.0
3,383,566.7860175590095,85.28155756973935,561.7860175590095,80.28155756973935,571.7860175590095,90.28155756973935,1.0
3,384,566.3059009271125,85.90659210843445,561.3059009271125,80.90659210843445,571.3059009271125,90.90659210843445,1.0
3,385,565.8262895315988,86.63264320323924,560.8262895315988,81.63264320323924,570.8262895315988,91.63264320323924,1.0
3,386,565.3095319587113,87.76062810388943,560.3095319587113,82.76062810388943,570.3095319587113,92.76062810388943,1.0
3,387,564.3352793459234,88.45863553529944,559.3352793459234,83.45863553529944,569.3352793459234,93.45863553529944,1.0
3,388,563.7457544970334,88.43049591678374,558.7457544970334,83.43049591678374,568.7457544970334,93.43049591678374,1.0
3,389,563.7667257552871,87.55764338506033,558.7667257552871,82.55764338506033,568.7667257552871,92.55764338506033,1.0
3,390,563.9368838955456,87.8111248382512,558.9368838955456,82.8111248382512,568.9368838955456,92.8111248382512,1.0
3,391,563.7047674566832,88.19434752974726,558.7047674566832,83.19434752974726,568.7047674566832,93.19434752974726,1.0
3,392,564.3087035104913,87.4099767056155,559.3087035104913,82.4099767056155,569.3087035104913,92.4099767056155,1.0
3,393,564.5699812426066,86.1872986918014,559.5699812426066,81.1872986918014,569.5699812426066,91.1872986918014,1.0
3,394,563.8580439079735,86.02483730101495,558.8580439079735,81.02483730101495,568.8580439079735,91.02483730101495,1.0
3,395,563.1741549906487,86.2185851168106,558.1741549906487,81.2185851168106,568.1741549906487,91.2185851168106,1.0
3,396,562.3789565875762,85.28194145556661,557.3789565875762,80.28194145556661,567.3789565875762,90.28194145556661,1.0
3,397,561.7398822290985,84.32758463177461,556.7398822290985,79.32758463177461,566.7398822290985,89.32758463177461,1.0
3,398,561.6040055213582,84.28530747829656,556.6040055213582,79.28530747829656,566.6040055213582,89.28530747829656,1.0
3,399,560.903856991835,84.2657886855922,555.903856991835,79.2657886855922,565.903856991835,89.2657886855922,1.0
3,400,560.0025968834071,84.17164102081777,555.0025968834071,79.17164102081777,565.0025968834071,89.17164102081777,1.0
3,401,559.9020069982633,84.25325248033181,554.9020069982633,79.25325248033181,564.9020069982633,89.25325248033181,1.0
3,402,559.0889123317306,83.08902226295027,554.0889123317306,78.08902226295027,564.0889123317306,88.08902226295027,1.0
3,403,558.4155659495316,80.96811215850833,553.4155659495316,75.96811215850833,563.4155659495316,85.96811215850833,1.0
3,404,557.9787168878586,79.39027947762963,552.9787168878586,74.39027947762963,562.9787168878586,84.39027947762963,1.0
3,405,557.9270741260834,78.91766371936232,552.9270741260834,73.91766371936232,562.9270741260834,83.91766371936232,1.0
3,406,557.0770076051446,79.00039086741138,552.0770076051446,74.00039086741138,562.0770076051446,84.00039086741138,1.0
3,407,557.6174194039768,78.94926984615812,552.6174194039768,73.94926984615812,562.6174194039768,83.94926984615812,1.0
3,408,557.2899447963399,79.19324371338887,552.2899447963399,74.19324371338887,562.2899447963399,84.19324371338887,1.0
3,409,556.7638501870418,79.9735845389817,551.7638501870418,74.9735845389817,561.7638501870418,84.9735845389817,1.0
3,410,555.9512311488949,81.04528923862482,550.9512311488949,76.04528923862482,560.9512311488949,86.04528923862482,1.0
3,411,556.1552852082486,81.29429627020247,551.1552852082486,76.29429627020247,561.1552852082486,86.29429627020247,1.0
3,412,556.4588821489988,81.05583056475182,551.4588821489988,76.05583056475182,561.4588821489988,86.05583056475182,1.0
3,413,557.5830764035915,81.05006194017872,552.5830764035915,76.05006194017872,562.5830764035915,86.05006194017872,1.0
3,414,557.28782187172,81.45466826383672,552.28782187172,76.45466826383672,562.28782187172,86.45466826383672,1.0
3,415,556.9365351945736,82.46346154047944,551.9365351945736,77.46346154047944,561.9365351945736,87.46346154047944,1.0
3,416,556.0646372512792,83.99212554594607,551.0646372512792,78.99212554594607,561.0646372512792,88.99212554594607,1.0
3,417,555.2335613625885,85.36800333745393,550.2335613625885,80.36800333745393,560.2335613625885,90.36800333745393,1.0
3,418,554.0539425245291,86.9445567468427,549.0539425245291,81.9445567468427,559.0539425245291,91.9445567468427,1.0
3,419,553.5929157883198,87.61737212770704,548.5929157883198,82.61737212770704,558.5929157883198,92.61737212770704,1.0
3,420,553.4234358817642,88.44092808357772,548.4234358817642,83.44092808357772,558.4234358817642,93.44092808357772,1.0
3,421,553.4720270038569,90.20448320776454,548.4720270038569,85.20448320776454,558.4720270038569,95.20448320776454,1.0
3,422,553.5303857980435,90.63574531604756,548.5303857980435,85.63574531604756,558.5303857980435,95.63574531604756,1.0
3,423,553.6653393225472,90.8056705249368,548.6653393225472,85.8056705249368,558.6653393225472,95.8056705249368,1.0
3,424,552.9907867525925,91.49893870065691,547.9907867525925,86.49893870065691,557.9907867525925,96.49893870065691,1.0
3,425,551.7694054888105,90.83166912820855,546.7694054888105,85.83166912820855,556.7694054888105,95.83166912820855,1.0
3,426,550.5243093171479,90.33964435523573,545.5243093171479,85.33964435523573,555.5243093171479,95.33964435523573,1.0
3,427,549.2805806730283,90.24647600880058,544.2805806730283,85.24647600880058,554.2805806730283,95.24647600880058,1.0
3,428,548.2332341551264,90.05336901936482,543.2332341551264,85.05336901936482,553.2332341551264,95.05336901936482,1.0
3,429,548.3184853388077,90.58836552727342,543.3184853388077,85.58836552727342,553.3184853388077,95.58836552727342,1.0
3,430,548.7702798808514,91.21313350213742,543.7702798808514,86.21313350213742,553.7702798808514,96.21313350213742,1.0
3,431,547.7369553524418,91.64115712465517,542.7369553524418,86.64115712465517,552.7369553524418,96.64115712465517,1.0
3,432,547.1595807728236,92.90816998452121,542.1595807728236,87.90816998452121,552.1595807728236,97.90816998452121,1.0
3,433,546.3423453410023,94.38149901003706,541.3423453410023,89.38149901003706,551.3423453410023,99.38149901003706,1.0
3,434,546.2704670264654,94.93591968939361,541.2704670264654,89.93591968939361,551.2704670264654,99.93591968939361,1.0
3,435,545.6907754367687,95.30832095612922,540.6907754367687,90.30832095612922,550.6907754367687,100.30832095612922,1.0
3,436,544.3793293095453,95.56664320347534,539.3793293095453,90.56664320347534,549.3793293095453,100.56664320347534,1.0
3,437,543.8416755220652,96.28083479091532,538.8416755220652,91.28083479091532,548.8416755220652,101.28083479091532,1.0
3,438,544.0530374593055,95.26018134457196,539.0530374593055,90.26018134457196,549.0530374593055,100.26018134457196,1.0
3,439,544.1359120309419,94.76824411578781,539.1359120309419,89.76824411578781,549.1359120309419,99.76824411578781,1.0
3,440,543.2306647706307,93.42312041122952,538.2306647706307,88.42312041122952,548.2306647706307,98.42312041122952,1.0
3,441,542.521330568681,91.62868216401583,537.521330568681,86.62868216401583,547.521330568681,96.62868216401583,1.0
3,442,541.7104123665205,91.9232423879507,536.7104123665205,86.9232423879507,546.7104123665205,96.9232423879507,1.0
3,443,541.0555556418174,93.17046585423975,536.0555556418174,88.17046585423975,546.0555556418174,98.17046585423975,1.0
3,444,540.45217459527,93.61508313832528,535.45217459527,88.61508313832528,545.45217459527,98.61508313832528,1.0
3,445,540.043149977002,92.28481068984087,535.043149977002,87.28481068984087,545.043149977002,97.28481068984087,1.0
3,446,540.6076871214754,91.06390164946481,535.6076871214754,86.06390164946481,545.6076871214754,96.06390164946481,1.0
3,447,539.2997837355638,90.38289597937792,534.2997837355638,85.38289597937792,544.2997837355638,95.38289597937792,1.0
3,448,538.1468826459605,90.45540713952461,533.1468826459605,85.45540713952461,543.1468826459605,95.45540713952461,1.0
3,449,538.1698631951074,90.52876693896854,533.1698631951074,85.52876693896854,543.1698631951074,95.52876693896854,1.0
3,450,537.7473826333903,90.87184742712886,532.7473826333903,85.87184742712886,542.7473826333903,95.87184742712886,1.0
3,451,537.5968293389559,91.11955959775821,532.5968293389559,86.11955959775821,542.5968293389559,96.11955959775821,1.0
3,452,537.5924334172917,90.65247425703723,532.5924334172917,85.65247425703723,542.5924334172917,95.65247425703723,1.0
3,453,538.0587679848041,90.4893952668305,533.0587679848041,85.4893952668305,543.0587679848041,95.4893952668305,1.0
3,454,537.3884090244082,89.77507276592249,532.3884090244082,84.77507276592249,542.3884090244082,94.77507276592249,1.0
3,455,535.080207153146,88.12109063567381,530.080207153146,83.12109063567381,540.080207153146,93.12109063567381,1.0
3,456,532.5928158191886,86.57936616342765,527.5928158191886,81.57936616342765,537.5928158191886,91.57936616342765,1.0
3,457,531.8225516689597,85.46178962871788,526.8225516689597,80.46178962871788,536.8225516689597,90.46178962871788,1.0
3,458,530.3906550942886,85.02194546934246,525.3906550942886,80.02194546934246,535.3906550942886,90.02194546934246,1.0
3,459,528.3945458477439,84.84381125883036,523.3945458477439,79.84381125883036,533.3945458477439,89.84381125883036,1.0
3,460,528.4532017382095,83.64541934768896,523.4532017382095,78.64541934768896,533.4532017382095,88.64541934768896,1.0
3,461,528.3221256949953,82.5174629872736,523.3221256949953,77.5174629872736,533.3221256949953,87.5174629872736,1.0
3,462,528.7078665136901,81.42249161548774,523.7078665136901,76.42249161548774,533.7078665136901,86.42249161548774,1.0
3,463,529.0456700956452,81.22809179377384,524.0456700956452,76.22809179377384,534.0456700956452,86.22809179377384,1.0
3,464,530.7927869923338,80.9284218127429,525.7927869923338,75.9284218127429,535.7927869923338,85.9284218127429,1.0
3,465,531.5395101641283,80.99140804264,526.5395101641283,75.99140804264,536.5395101641283,85.99140804264,1.0
3,466,531.0096719723466,81.21448657828981,526.0096719723466,76.21448657828981,536.0096719723466,86.21448657828981,1.0
3,467,530.3676862609638,81.02167280800157,525.3676862609638,76.02167280800157,535.3676862609638,86.02167280800157,1.0
3,468,531.1928851643993,80.82943102793317,526.1928851643993,75.82943102793317,536.1928851643993,85.82943102793317,1.0
3,469,531.4686624847564,80.96669153402739,526.4686624847564,75.96669153402739,536.4686624847564,85.96669153402739,1.0
3,470,532.6201263855107,80.14210226595817,527.6201263855107,75.14210226595817,537.6201263855107,85.14210226595817,1.0
3,471,532.2254374188565,80.26535933936549,527.2254374188565,75.26535933936549,537.2254374188565,85.26535933936549,1.0
3,472,530.9268796787628,79.71302647975727,525.9268796787628,74.71302647975727,535.9268796787628,84.71302647975727,1.0
3,473,530.4856287630369,78.60631982500989,525.4856287630369,73.60631982500989,535.4856287630369,83.60631982500989,1.0
3,474,530.7290939332241,78.85400451581647,525.7290939332241,73.85400451581647,535.7290939332241,83.85400451581647,1.0
3,475,530.8134456375677,79.52788148624157,525.8134456375677,74.52788148624157,535.8134456375677,84.52788148624157,1.0
3,476,531.4016637068163,79.49596933573682,526.4016637068163,74.49596933573682,536.4016637068163,84.49596933573682,1.0
3,477,531.6416520753158,79.7038497805768,526.6416520753158,74.7038497805768,536.6416520753158,84.7038497805768,1.0
3,478,530.9884560619017,79.43691464337084,525.9884560619017,74.43691464337084,535.9884560619017,84.43691464337084,1.0
3,479,531.4174168870194,79.85178473976391,526.4174168870194,74.85178473976391,536.4174168870194,84.85178473976391,1.0
3,480,531.7709071962631,80.67692582837014,526.7709071962631,75.67692582837014,536.7709071962631,85.67692582837014,1.0
3,481,532.2135906220375,80.36984938598698,527.2135906220375,75.36984938598698,537.2135906220375,85.36984938598698,1.0
3,482,531.146217171296,79.9970770411609,526.146217171296,74.9970770411609,536.146217171296,84.9970770411609,1.0
3,483,529.977283668455,79.02568734746076,524.977283668455,74.02568734746076,534.977283668455,84.02568734746076,1.0
3,484,528.73892610852,77.72829921524595,523.73892610852,72.72829921524595,533.73892610852,82.72829921524595,1.0
3,485,527.5849797100373,76.12471250079739,522.5849797100373,71.12471250079739,532.5849797100373,81.12471250079739,1.0
3,486,526.4105770908926,75.17097833926744,521.4105770908926,70.17097833926744,531.4105770908926,80.17097833926744,1.0
3,487,525.0265610654474,74.1585008741713,520.0265610654474,69.1585008741713,530.0265610654474,79.1585008741713,1.0
3,488,524.4817080326784,74.52450370269136,519.4817080326784,69.52450370269136,529.4817080326784,79.52450370269136,1.0
3,489,524.413374973298,74.54645839516954,519.413374973298,69.54645839516954,529.413374973298,79.54645839516954,1.0
3,490,523.325617064364,75.47994448269912,518.325617064364,70.47994448269912,528.325617064364,80.47994448269912,1.0
3,491,522.6223503496749,77.25050195923282,517.6223503496749,72.25050195923282,527.6223503496749,82.25050195923282,1.0
3,492,521.6753396958555,78.60932452694874,516.6753396958555,73.60932452694874,526.6753396958555,83.60932452694874,1.0
3,493,521.0463533918597,78.79032171411568,516.0463533918597,73.79032171411568,526.0463533918597,83.79032171411568,1.0
3,494,519.3795984584557,79.0971818415604,514.3795984584557,74.0971818415604,524.3795984584557,84.0971818415604,1.0
3,495,517.6337185714756,79.73902064998403,512.6337185714756,74.73902064998403,522.6337185714756,84.73902064998403,1.0
3,496,516.6243764509154,79.57072164155119,511.6243764509154,74.57072164155119,521.6243764509154,84.57072164155119,1.0
3,497,516.4279224208852,80.27939184116549,511.42792242088524,75.27939184116549,521.4279224208852,85.27939184116549,1.0
3,498,517.1720571990381,81.2324929032325,512.1720571990381,76.2324929032325,522.1720571990381,86.2324929032325,1.0
3,499,518.0180042582303,81.64509686761724,513.0180042582303,76.64509686761724,523.0180042582303,86.64509686761724,1.0
3,500,518.3228649453534,82.53137777914037,513.3228649453534,77.53137777914037,523.3228649453534,87.53137777914037,1.0
3,501,519.3936083265077,82.68454263173845,514.3936083265077,77.68454263173845,524.3936083265077,87.68454263173845,1.0
3,502,519.5632899801715,83.3139007320977,514.5632899801715,78.3139007320977,524.5632899801715,88.3139007320977,1.0
3,503,520.1039340710867,82.87374226174646,515.1039340710867,77.87374226174646,525.1039340710867,87.87374226174646,1.0
3,504,519.5709163325089,81.68469077450547,514.5709163325089,76.68469077450547,524.5709163325089,86.68469077450547,1.0
3,505,520.183822227193,80.60691725081622,515.183822227193,75.60691725081622,525.183822227193,85.60691725081622,1.0
3,506,519.7102493827045,79.67646849266737,514.7102493827045,74.67646849266737,524.7102493827045,84.67646849266737,1.0
3,507,518.8380043003294,79.6652445553475,513.8380043003294,74.6652445553475,523.8380043003294,84.6652445553475,1.0
3,508,517.6011293736682,78.86827805572412,512.6011293736682,73.86827805572412,522.6011293736682,83.86827805572412,1.0
3,509,516.1915046349327,77.89313159157811,511.1915046349327,72.89313159157811,521.1915046349327,82.89313159157811,1.0
3,510,515.7672146697763,77.19648623159503,510.7672146697763,72.19648623159503,520.7672146697763,82.19648623159503,1.0
3,511,515.3965402358583,76.3127271339263,510.3965402358583,71.3127271339263,520.3965402358583,81.3127271339263,1.0
3,512,514.7171083168312,76.09934527968682,509.7171083168312,71.09934527968682,519.7171083168312,81.09934527968682,1.0
3,513,514.0852656244957,75.57011873643495,509.0852656244957,70.57011873643495,519.0852656244957,80.57011873643495,1.0
3,514,513.7599654989762,74.93383256202877,508.75996549897616,69.93383256202877,518.7599654989762,79.93383256202877,1.0
3,515,513.0305345990504,74.75553859236345,508.0305345990504,69.75553859236345,518.0305345990504,79.75553859236345,1.0
3,516,512.7681328431736,75.2187391561887,507.7681328431736,70.2187391561887,517.7681328431736,80.2187391561887,1.0
3,517,512.7560737385583,75.3198523186022,507.75607373855826,70.3198523186022,517.7560737385583,80.3198523186022,1.0
3,518,513.3059198309437,75.58215836601157,508.3059198309437,70.58215836601157,518.3059198309437,80.58215836601157,1.0
3,519,513.419391355331,75.71607476269129,508.41939135533096,70.71607476269129,518.419391355331,80.71607476269129,1.0
3,520,514.2305041151848,75.32848185541832,509.2305041151848,70.32848185541832,519.2305041151848,80.32848185541832,1.0
3,521,514.2867605650188,74.41998254448191,509.28676056501877,69.41998254448191,519.2867605650188,79.41998254448191,1.0
3,522,513.8350418900994,72.81185341443602,508.83504189009943,67.81185341443602,518.8350418900994,77.81185341443602,1.0
3,523,513.0096530677363,72.10621122832997,508.0096530677363,67.10621122832997,518.0096530677363,77.10621122832997,1.0
3,524,512.8612293844922,70.8623087788479,507.86122938449216,65.8623087788479,517.8612293844922,75.8623087788479,1.0
3,525,513.2977057862249,69.8808288866887,508.2977057862249,64.8808288866887,518.2977057862249,74.8808288866887,1.0
3,526,513.5100673657986,69.55724038344293,508.5100673657986,64.55724038344293,518.5100673657986,74.55724038344293,1.0
3,527,514.2587486357901,69.54268651631635,509.2587486357901,64.54268651631635,519.2587486357901,74.54268651631635,1.0
3,528,515.6565558719617,68.73311926676224,510.6565558719617,63.733119266762245,520.6565558719617,73.73311926676224,1.0
3,529,516.425614280012,68.12151124140239,511.42561428001204,63.12151124140239,521.425614280012,73.12151124140239,1.0
3,530,516.3796848514215,68.2222004504306,511.37968485142153,63.222200450430606,521.3796848514215,73.2222004504306,1.0
3,531,517.6839189737665,68.24681386361114,512.6839189737665,63.24681386361114,522.6839189737665,73.24681386361114,1.0
3,532,519.4796389109722,68.27406600822435,514.4796389109722,63.27406600822435,524.4796389109722,73.27406600822435,1.0
3,533,520.1522212539904,70.33871992422337,515.1522212539904,65.33871992422337,525.1522212539904,75.33871992422337,1.0
3,534,520.5390002986296,72.2555359404675,515.5390002986296,67.2555359404675,525.5390002986296,77.2555359404675,1.0
3,535,520.2292865847778,72.4584563266175,515.2292865847778,67.4584563266175,525.2292865847778,77.4584563266175,1.0
3,536,520.4454657063033,72.3333813954199,515.4454657063033,67.3333813954199,525.4454657063033,77.3333813954199,1.0
3,537,522.0854548400977,72.73437204090773,517.0854548400977,67.73437204090773,527.0854548400977,77.73437204090773,1.0
3,538,522.928644258346,72.70092486003385,517.928644258346,67.70092486003385,527.928644258346,77.70092486003385,1.0
3,539,523.2308749657911,73.75372462578336,518.2308749657911,68.75372462578336,528.2308749657911,78.75372462578336,1.0
3,540,522.7013077410257,74.82100949759796,517.7013077410257,69.82100949759796,527.7013077410257,79.82100949759796,1.0
3,541,523.5304864161569,76.26451568829259,518.5304864161569,71.26451568829259,528.5304864161569,81.26451568829259,1.0
3,542,523.6885000059256,77.10581414266832,518.6885000059256,72.10581414266832,528.6885000059256,82.10581414266832,1.0
3,543,524.1230650654305,78.91591836774532,519.1230650654305,73.91591836774532,529.1230650654305,83.91591836774532,1.0
3,544,524.8468657960567,80.28646554044404,519.8468657960567,75.28646554044404,529.8468657960567,85.28646554044404,1.0
3,545,525.1083605098345,81.73825355182038,520.1083605098345,76.73825355182038,530.1083605098345,86.73825355182038,1.0
3,546,525.5341994496115,81.44823487419292,520.5341994496115,76.44823487419292,530.5341994496115,86.44823487419292,1.0
3,547,525.2932822539445,81.13014361424135,520.2932822539445,76.13014361424135,530.2932822539445,86.13014361424135,1.0
3,548,525.9547987719318,81.3449395121624,520.9547987719318,76.3449395121624,530.9547987719318,86.3449395121624,1.0
3,549,525.42495503527,80.77252497754763,520.42495503527,75.77252497754763,530.42495503527,85.77252497754763,1.0
3,550,524.4771517902884,79.5446681543174,519.4771517902884,74.5446681543174,529.4771517902884,84.5446681543174,1.0
3,551,523.6244282781142,79.06504896484441,518.6244282781142,74.06504896484441,528.6244282781142,84.06504896484441,1.0
3,552,521.7289030875979,78.22646523626184,516.7289030875979,73.22646523626184,526.7289030875979,83.22646523626184,1.0
3,553,522.2903748691664,78.11942732243385,517.2903748691664,73.11942732243385,527.2903748691664,83.11942732243385,1.0
3,554,522.2330643203211,78.44156267939749,517.2330643203211,73.44156267939749,527.2330643203211,83.44156267939749,1.0
3,555,522.8096429212573,78.96528524227845,517.8096429212573,73.96528524227845,527.8096429212573,83.96528524227845,1.0
3,556,523.0215552523097,79.580995603052,518.0215552523097,74.580995603052,528.0215552523097,84.580995603052,1.0
3,557,523.3259792942246,80.1876883800474,518.3259792942246,75.1876883800474,528.3259792942246,85.1876883800474,1.0
3,558,523.2976667607334,80.65194110758598,518.2976667607334,75.65194110758598,528.2976667607334,85.65194110758598,1.0
3,559,523.559662268951,81.3579237100848,518.559662268951,76.3579237100848,528.559662268951,86.3579237100848,1.0
3,560,525.1542971110529,81.34747562079417,520.1542971110529,76.34747562079417,530.1542971110529,86.34747562079417,1.0
3,561,526.3654252029845,81.00103867725664,521.3654252029845,76.00103867725664,531.3654252029845,86.00103867725664,1.0
3,562,527.2012731527066,81.53984839120152,522.2012731527066,76.53984839120152,532.2012731527066,86.53984839120152,1.0
3,563,526.8205497442242,81.88090705527586,521.8205497442242,76.88090705527586,531.8205497442242,86.88090705527586,1.0
3,564,526.3840644586897,82.4542629341613,521.3840644586897,77.4542629341613,531.3840644586897,87.4542629341613,1.0
3,565,526.3280853153996,82.41339731319087,521.3280853153996,77.41339731319087,531.3280853153996,87.41339731319087,1.0
3,566,525.2800804772957,81.82415981532634,520.2800804772957,76.82415981532634,530.2800804772957,86.82415981532634,1.0
3,567,525.3635933961422,80.88442653938804,520.3635933961422,75.88442653938804,530.3635933961422,85.88442653938804,1.0
3,568,526.0508297370283,79.54221881736224,521.0508297370283,74.54221881736224,531.0508297370283,84.54221881736224,1.0
3,569,525.3188250950745,78.06399106575691,520.3188250950745,73.06399106575691,530.3188250950745,83.06399106575691,1.0
3,570,525.3171070395555,76.75278756640705,520.3171070395555,71.75278756640705,530.3171070395555,81.75278756640705,1.0
3,571,524.6556261653018,75.67622276340936,519.6556261653018,70.67622276340936,529.6556261653018,80.67622276340936,1.0
3,572,524.0342006633615,76.17163528370244,519.0342006633615,71.17163528370244,529.0342006633615,81.17163528370244,1.0
3,573,523.5357277557262,76.89234082366201,518.5357277557262,71.89234082366201,528.5357277557262,81.89234082366201,1.0
3,574,520.8052784703415,77.42897385034809,515.8052784703415,72.42897385034809,525.8052784703415,82.42897385034809,1.0
3,575,518.955636607727,78.64218705147078,513.955636607727,73.64218705147078,523.955636607727,83.64218705147078,1.0
3,576,517.8184861469254,79.34417682080876,512.8184861469254,74.34417682080876,522.8184861469254,84.34417682080876,1.0
3,577,516.6168449094451,79.01126097175505,511.61684490944515,74.01126097175505,521.6168449094451,84.01126097175505,1.0
3,578,515.8534313864312,78.89333750393851,510.8534313864312,73.89333750393851,520.8534313864312,83.89333750393851,1.0
3,579,515.5184973514009,78.80662637868136,510.5184973514009,73.80662637868136,520.5184973514009,83.80662637868136,1.0
3,580,515.3577427454846,78.286018411871,510.35774274548464,73.286018411871,520.3577427454846,83.286018411871,1.0
3,581,516.2832039787105,77.83123273530926,511.2832039787105,72.83123273530926,521.2832039787105,82.83123273530926,1.0
3,582,516.8930771361009,76.64011346867191,511.89307713610094,71.64011346867191,521.8930771361009,81.64011346867191,1.0
3,583,517.0450157991247,76.24448460352073,512.0450157991247,71.24448460352073,522.0450157991247,81.24448460352073,1.0
3,584,517.6019982910886,75.82106497905258,512.6019982910886,70.82106497905258,522.6019982910886,80.82106497905258,1.0
3,585,518.5636782428888,77.3743021025397,513.5636782428888,72.3743021025397,523.5636782428888,82.3743021025397,1.0
3,586,519.9051567197582,78.92935903488726,514.9051567197582,73.92935903488726,524.9051567197582,83.92935903488726,1.0
3,587,520.5835711151617,80.43886425963161,515.5835711151617,75.43886425963161,525.5835711151617,85.43886425963161,1.0
3,588,520.7411656833565,83.16550680377529,515.7411656833565,78.16550680377529,525.7411656833565,88.16550680377529,1.0
3,589,521.4988140674985,83.66873509518567,516.4988140674985,78.66873509518567,526.4988140674985,88.66873509518567,1.0
3,590,521.6868193552185,83.04623828804644,516.6868193552185,78.04623828804644,526.6868193552185,88.04623828804644,1.0
3,591,521.5054121358907,82.77175413263552,516.5054121358907,77.77175413263552,526.5054121358907,87.77175413263552,1.0
3,592,521.6218581415744,82.48822636997367,516.6218581415744,77.48822636997367,526.6218581415744,87.48822636997367,1.0
3,593,521.7394956460384,83.28129052049144,516.7394956460384,78.28129052049144,526.7394956460384,88.28129052049144,1.0
3,594,520.9918817280998,83.35905043864344,515.9918817280998,78.35905043864344,525.9918817280998,88.35905043864344,1.0
3,595,519.4173183450721,82.68066804110869,514.4173183450721,77.68066804110869,524.4173183450721,87.68066804110869,1.0
3,596,518.5851827358503,81.37657687117667,513.5851827358503,76.37657687117667,523.5851827358503,86.37657687117667,1.0
3,597,517.5651590193138,80.62275086583145,512.5651590193138,75.62275086583145,522.5651590193138,85.62275086583145,1.0
3,598,517.3306415169103,80.26828038645554,512.3306415169103,75.26828038645554,522.3306415169103,85.26828038645554,1.0
3,599,517.2322507928143,80.03976823216854,512.2322507928143,75.03976823216854,522.2322507928143,85.03976823216854,1.0
3,600,516.9915332870524,80.22969311045809,511.99153328705245,75.22969311045809,521.9915332870524,85.22969311045809,1.0
3,601,516.6094480526526,80.08147067919907,511.6094480526526,75.08147067919907,521.6094480526526,85.08147067919907,1.0
3,602,517.2092125921757,80.0032230495539,512.2092125921757,75.0032230495539,522.2092125921757,85.0032230495539,1.0
3,603,517.2470845361228,78.88725294437273,512.2470845361228,73.88725294437273,522.2470845361228,83.88725294437273,1.0
3,604,517.5266714703002,77.75404293315829,512.5266714703002,72.75404293315829,522.5266714703002,82.75404293315829,1.0
3,605,517.2512129610654,76.0096584524649,512.2512129610654,71.0096584524649,522.2512129610654,81.0096584524649,1.0
3,606,516.8566810855949,74.97440643846895,511.8566810855949,69.97440643846895,521.8566810855949,79.97440643846895,1.0
3,607,517.1007359179272,73.90432434052448,512.1007359179272,68.90432434052448,522.1007359179272,78.90432434052448,1.0
3,608,516.625430385495,72.6231638940534,511.62543038549495,67.6231638940534,521.625430385495,77.6231638940534,1.0
3,609,517.0610360595733,71.44372827057855,512.0610360595733,66.44372827057855,522.0610360595733,76.44372827057855,1.0
3,610,517.441109927587,69.96003025505165,512.441109927587,64.96003025505165,522.441109927587,74.96003025505165,1.0
3,611,517.3604503266525,69.67062557098271,512.3604503266525,64.67062557098271,522.3604503266525,74.67062557098271,1.0
3,612,516.7496682796146,70.87703023894416,511.74966827961464,65.87703023894416,521.7496682796146,75.87703023894416,1.0
3,613,516.7946775153182,71.601159886813,511.7946775153182,66.601159886813,521.7946775153182,76.601159886813,1.0
3,614,516.6210726172627,72.46616114109788,511.6210726172627,67.46616114109788,521.6210726172627,77.46616114109788,1.0
3,615,516.435369309116,72.50807913642385,511.435369309116,67.50807913642385,521.435369309116,77.50807913642385,1.0
3,616,516.0676111251189,73.61797169689059,511.0676111251189,68.61797169689059,521.0676111251189,78.61797169689059,1.0
3,617,515.5716619761462,74.08993211454037,510.5716619761462,69.08993211454037,520.5716619761462,79.08993211454037,1.0
3,618,514.5477847902429,74.86697524495757,509.5477847902429,69.86697524495757,519.5477847902429,79.86697524495757,1.0
3,619,512.1481608374045,75.32220867533493,507.1481608374045,70.32220867533493,517.1481608374045,80.32220867533493,1.0
3,620,510.74526031548726,74.44851169949261,505.74526031548726,69.44851169949261,515.7452603154873,79.44851169949261,1.0
3,621,510.14232860457525,73.91163126571135,505.14232860457525,68.91163126571135,515.1423286045753,78.91163126571135,1.0
3,622,509.14066064517,72.96976060139251,504.14066064517,67.96976060139251,514.14066064517,77.96976060139251,1.0
3,623,508.397548918685,73.47615921488969,503.397548918685,68.47615921488969,513.3975489186851,78.47615921488969,1.0
3,624,507.86596277316494,73.12006334541391,502.86596277316494,68.12006334541391,512.8659627731649,78.12006334541391,1.0
3,625,507.57814447530626,72.89664466431667,502.57814447530626,67.89664466431667,512.5781444753063,77.89664466431667,1.0
3,626,507.8979526890974,72.3263163086949,502.8979526890974,67.3263163086949,512.8979526890973,77.3263163086949,1.0
3,627,509.1298934749556,71.57159220539245,504.1298934749556,66.57159220539245,514.1298934749557,76.57159220539245,1.0
3,628,508.65363901251345,71.89066172388125,503.65363901251345,66.89066172388125,513.6536390125134,76.89066172388125,1.0
3,629,508.5967334290512,72.28659058659892,503.5967334290512,67.28659058659892,513.5967334290513,77.28659058659892,1.0
3,630,508.90373133207703,73.06670836206962,503.90373133207703,68.06670836206962,513.9037313320771,78.06670836206962,1.0
3,631,508.2418159176107,73.87253266874367,503.2418159176107,68.87253266874367,513.2418159176107,78.87253266874367,1.0
3,632,507.95184241852286,74.28951119097925,502.95184241852286,69.28951119097925,512.9518424185228,79.28951119097925,1.0
3,633,508.17185811497967,74.78326947282297,503.17185811497967,69.78326947282297,513.1718581149796,79.78326947282297,1.0
3,634,508.80436846954615,74.42819456797541,503.80436846954615,69.42819456797541,513.8043684695461,79.42819456797541,1.0
3,635,509.63927210226376,74.72829688850499,504.63927210226376,69.72829688850499,514.6392721022637,79.72829688850499,1.0
3,636,510.1349634475273,74.65401222828223,505.1349634475273,69.65401222828223,515.1349634475273,79.65401222828223,1.0
3,637,510.35023803921524,74.17148069784508,505.35023803921524,69.17148069784508,515.3502380392152,79.17148069784508,1.0
3,638,510.15486125375406,72.9272712268251,505.15486125375406,67.9272712268251,515.154861253754,77.9272712268251,1.0
3,639,510.78650005301813,71.32820135131263,505.78650005301813,66.32820135131263,515.7865000530181,76.32820135131263,1.0
3,640,511.6528228340844,70.40074194299208,506.6528228340844,65.40074194299208,516.6528228340844,75.40074194299208,1.0
3,641,512.6084784555293,71.44817120219639,507.6084784555293,66.44817120219639,517.6084784555293,76.44817120219639,1.0
3,642,513.3830106620157,72.02098187735686,508.38301066201575,67.02098187735686,518.3830106620157,77.02098187735686,1.0
3,643,513.3062769090066,71.736213704217,508.30627690900656,66.736213704217,518.3062769090066,76.736213704217,1.0
3,644,511.78877773272706,71.10542803099949,506.78877773272706,66.10542803099949,516.7887777327271,76.10542803099949,1.0
3,645,511.1388171915148,70.39640382797495,506.1388171915148,65.39640382797495,516.1388171915148,75.39640382797495,1.0
3,646,511.0279981622024,70.29523574254924,506.0279981622024,65.29523574254924,516.0279981622024,75.29523574254924,1.0
3,647,510.06852533029195,70.69050723144197,505.06852533029195,65.69050723144197,515.068525330292,75.69050723144197,1.0
3,648,511.10115631161216,69.47576551880961,506.10115631161216,64.47576551880961,516.1011563116122,74.47576551880961,1.0
3,649,511.2498682149953,67.25058821533482,506.2498682149953,62.250588215334815,516.2498682149953,72.25058821533482,1.0
3,650,511.3480981910205,66.09091007850965,506.3480981910205,61.09091007850965,516.3480981910204,71.09091007850965,1.0
3,651,511.1162389806359,64.78638425777234,506.1162389806359,59.78638425777234,516.1162389806359,69.78638425777234,1.0
3,652,510.97698920019235,64.53307440958731,505.97698920019235,59.533074409587314,515.9769892001923,69.53307440958731,1.0
3,653,511.11918178326545,64.18460382287822,506.11918178326545,59.184603822878216,516.1191817832655,69.18460382287822,1.0
3,654,511.48369706005235,64.11915819540854,506.48369706005235,59.119158195408545,516.4836970600524,69.11915819540854,1.0
3,655,511.7931887828268,63.81538731264072,506.7931887828268,58.81538731264072,516.7931887828267,68.81538731264072,1.0
3,656,511.50680567715256,63.814300812312574,506.50680567715256,58.814300812312574,516.5068056771526,68.81430081231258,1.0
3,657,511.24414339276376,63.36486543897199,506.24414339276376,58.36486543897199,516.2441433927638,68.36486543897199,1.0
3,658,510.9763753924286,62.53937941501032,505.9763753924286,57.53937941501032,515.9763753924286,67.53937941501033,1.0
3,659,510.6757079408465,62.0727312717111,505.6757079408465,57.0727312717111,515.6757079408465,67.07273127171109,1.0
3,660,509.95304011057516,62.418410038684186,504.95304011057516,57.418410038684186,514.9530401105751,67.41841003868419,1.0
3,661,509.9295168797678,61.97483720515588,504.9295168797678,56.97483720515588,514.9295168797678,66.97483720515588,1.0
3,662,510.2075627817685,62.049544429438235,505.2075627817685,57.049544429438235,515.2075627817685,67.04954442943824,1.0
3,663,510.42579269007774,61.275050150960936,505.42579269007774,56.275050150960936,515.4257926900777,66.27505015096094,1.0
3,664,510.6833255876771,61.50842712231114,505.6833255876771,56.50842712231114,515.683325587677,66.50842712231113,1.0
3,665,510.59332757826684,61.36972951787463,505.59332757826684,56.36972951787463,515.5933275782668,66.36972951787463,1.0
3,666,510.4894972536366,61.053354839531856,505.4894972536366,56.053354839531856,515.4894972536366,66.05335483953186,1.0
3,667,510.5107499100121,61.39676794230852,505.5107499100121,56.39676794230852,515.5107499100121,66.39676794230851,1.0
3,668,509.651065094257,61.53794509221187,504.651065094257,56.53794509221187,514.651065094257,66.53794509221187,1.0
3,669,509.7820913855566,60.87321199883606,504.7820913855566,55.87321199883606,514.7820913855567,65.87321199883607,1.0
3,670,509.5441728561701,60.88099812412319,504.5441728561701,55.88099812412319,514.5441728561701,65.88099812412318,1.0
3,671,509.2355198032551,61.03398270110114,504.2355198032551,56.03398270110114,514.2355198032551,66.03398270110114,1.0
3,672,509.13924338349057,60.617588688099964,504.13924338349057,55.617588688099964,514.1392433834906,65.61758868809997,1.0
3,673,509.0563154336348,59.8322824048971,504.0563154336348,54.8322824048971,514.0563154336348,64.8322824048971,1.0
3,674,508.3986028731078,59.57648518709363,503.3986028731078,54.57648518709363,513.3986028731078,64.57648518709362,1.0
3,675,507.6151926261044,59.671151263421244,502.6151926261044,54.671151263421244,512.6151926261043,64.67115126342125,1.0
3,676,508.36034211052953,60.22714661884948,503.36034211052953,55.22714661884948,513.3603421105295,65.22714661884947,1.0
3,677,509.052808350149,60.765662219440664,504.052808350149,55.765662219440664,514.052808350149,65.76566221944066,1.0
3,678,509.4179849777313,61.55806974377397,504.4179849777313,56.55806974377397,514.4179849777313,66.55806974377397,1.0
3,679,510.02770760479007,61.80851412724362,505.02770760479007,56.80851412724362,515.0277076047901,66.80851412724363,1.0
3,680,511.3854363478803,61.04443165469915,506.3854363478803,56.04443165469915,516.3854363478803,66.04443165469915,1.0
3,681,511.64850654834515,61.23451104436886,506.64850654834515,56.23451104436886,516.6485065483452,66.23451104436886,1.0
3,682,511.7645473556461,62.04775406759494,506.7645473556461,57.04775406759494,516.7645473556461,67.04775406759494,1.0
3,683,512.0693477805374,62.33973640113978,507.06934778053744,57.33973640113978,517.0693477805374,67.33973640113979,1.0
3,684,510.78267307219335,63.348133936006576,505.78267307219335,58.348133936006576,515.7826730721933,68.34813393600658,1.0
3,685,509.69798784318715,64.12131056977196,504.69798784318715,59.121310569771964,514.6979878431871,69.12131056977196,1.0
3,686,509.90903056123176,64.5568792747325,504.90903056123176,59.556879274732495,514.9090305612317,69.5568792747325,1.0
3,687,510.17319451664554,65.28025136434778,505.17319451664554,60.28025136434778,515.1731945166455,70.28025136434778,1.0
3,688,510.44247886417014,67.19720436484346,505.44247886417014,62.19720436484346,515.4424788641702,72.19720436484346,1.0
3,689,511.5965639485075,67.83526236236351,506.5965639485075,62.83526236236351,516.5965639485075,72.83526236236351,1.0
3,690,512.7021436310247,68.29799982685911,507.7021436310247,63.29799982685911,517.7021436310247,73.29799982685911,1.0
3,691,513.3824935165956,69.24137248413433,508.38249351659556,64.24137248413433,518.3824935165956,74.24137248413433,1.0
3,692,513.5303037477552,69.87031833070931,508.53030374775517,64.87031833070931,518.5303037477552,74.87031833070931,1.0
3,693,513.5813340403198,71.11314477666424,508.5813340403198,66.11314477666424,518.5813340403198,76.11314477666424,1.0
3,694,513.427603832727,71.34305853245968,508.42760383272696,66.34305853245968,518.427603832727,76.34305853245968,1.0
3,695,512.9558222493717,71.81033932961371,507.95582224937175,66.81033932961371,517.9558222493717,76.81033932961371,1.0
3,696,511.4030590313409,72.1898864095009,506.4030590313409,67.1898864095009,516.403059031341,77.1898864095009,1.0
3,697,509.94499305981395,72.94434470971309,504.94499305981395,67.94434470971309,514.9449930598139,77.94434470971309,1.0
3,698,509.74713530960446,73.8264624912493,504.74713530960446,68.8264624912493,514.7471353096045,78.8264624912493,1.0
3,699,509.5025276782717,74.7492457555763,504.5025276782717,69.7492457555763,514.5025276782717,79.7492457555763,1.0
3,700,510.6037796959523,75.75311660319515,505.6037796959523,70.75311660319515,515.6037796959523,80.75311660319515,1.0
3,701,511.2374654519466,76.41410725010152,506.2374654519466,71.41410725010152,516.2374654519466,81.41410725010152,1.0
3,702,511.69474498583514,76.85523004873785,506.69474498583514,71.85523004873785,516.6947449858351,81.85523004873785,1.0
3,703,511.9321018701478,77.52337563522094,506.9321018701478,72.52337563522094,516.9321018701478,82.52337563522094,1.0
3,704,511.754980582127,78.4916736998888,506.754980582127,73.4916736998888,516.754980582127,83.4916736998888,1.0
3,705,511.74349047689907,79.53079252904445,506.74349047689907,74.53079252904445,516.7434904768991,84.53079252904445,1.0
3,706,511.84272884312804,80.21085783338131,506.84272884312804,75.21085783338131,516.842728843128,85.21085783338131,1.0
3,707,511.37634230849136,80.431249148808,506.37634230849136,75.431249148808,516.3763423084913,85.431249148808,1.0
3,708,512.3233944347314,79.994466582117,507.3233944347314,74.994466582117,517.3233944347314,84.994466582117,1.0
3,709,512.8433239759242,79.35594609746175,507.84332397592425,74.35594609746175,517.8433239759242,84.35594609746175,1.0
3,710,512.7614866485723,79.0783667514593,507.76148664857226,74.0783667514593,517.7614866485723,84.0783667514593,1.0
3,711,512.3888594402855,79.88123940574408,507.3888594402855,74.88123940574408,517.3888594402855,84.88123940574408,1.0
3,712,512.6362236373743,79.86077676345644,507.6362236373743,74.86077676345644,517.6362236373743,84.86077676345644,1.0
3,713,512.3618299424284,78.72439033183883,507.36182994242836,73.72439033183883,517.3618299424284,83.72439033183883,1.0
3,714,512.827193375781,77.71522710366494,507.827193375781,72.71522710366494,517.827193375781,82.71522710366494,1.0
3,715,513.8170249583296,77.25778217408893,508.8170249583296,72.25778217408893,518.8170249583296,82.25778217408893,1.0
3,716,515.4310828934671,77.06909860113466,510.4310828934671,72.06909860113466,520.4310828934671,82.06909860113466,1.0
3,717,516.2082088448797,76.3134084227973,511.20820884487966,71.3134084227973,521.2082088448797,81.3134084227973,1.0
3,718,517.2350182072242,76.04776481632717,512.2350182072242,71.04776481632717,522.2350182072242,81.04776481632717,1.0
3,719,518.0741709603062,75.45121986187492,513.0741709603062,70.45121986187492,523.0741709603062,80.45121986187492,1.0
3,720,518.1655265630893,74.50150599347849,513.1655265630893,69.50150599347849,523.1655265630893,79.50150599347849,1.0
3,721,518.4676596262501,73.95230968288833,513.4676596262501,68.95230968288833,523.4676596262501,78.95230968288833,1.0
3,722,517.7058044468359,72.86775702353901,512.7058044468359,67.86775702353901,522.7058044468359,77.86775702353901,1.0
3,723,516.4360204181176,72.29813963815313,511.43602041811755,67.29813963815313,521.4360204181176,77.29813963815313,1.0
3,724,517.0751835902349,70.81069111008337,512.0751835902349,65.81069111008337,522.0751835902349,75.81069111008337,1.0
3,725,517.2215213648462,68.58077587630343,512.2215213648462,63.580775876303434,522.2215213648462,73.58077587630343,1.0
3,726,516.3471127712579,67.97157677198074,511.3471127712579,62.971576771980736,521.3471127712579,72.97157677198074,1.0
3,727,514.103233383897,67.93036469107204,509.10323338389696,62.93036469107204,519.103233383897,72.93036469107204,1.0
3,728,512.3334551624645,68.85077277233808,507.3334551624645,63.850772772338075,517.3334551624645,73.85077277233808,1.0
3,729,511.3893603758353,69.16240229645123,506.3893603758353,64.16240229645123,516.3893603758353,74.16240229645123,1.0
3,730,510.37727811933564,69.24362095038767,505.37727811933564,64.24362095038767,515.3772781193356,74.24362095038767,1.0
3,731,509.5835736945789,69.27269077452425,504.5835736945789,64.27269077452425,514.583573694579,74.27269077452425,1.0
3,732,509.8647315800217,69.8660147658097,504.8647315800217,64.8660147658097,514.8647315800217,74.8660147658097,1.0
3,733,512.1455611176517,70.54978744576512,507.1455611176517,65.54978744576512,517.1455611176517,75.54978744576512,1.0
3,734,513.4175486548748,70.76900210996403,508.41754865487485,65.76900210996403,518.4175486548748,75.76900210996403,1.0
3,735,514.7896290451556,71.10792846764716,509.7896290451556,66.10792846764716,519.7896290451556,76.10792846764716,1.0
3,736,515.1095758493124,70.39425347981945,510.10957584931236,65.39425347981945,520.1095758493124,75.39425347981945,1.0
3,737,513.8201550372528,69.31899493341007,508.8201550372528,64.31899493341007,518.8201550372528,74.31899493341007,1.0
3,738,513.8497619620595,69.3247055343001,508.84976196205946,64.3247055343001,518.8497619620595,74.3247055343001,1.0
3,739,513.0101498594463,69.28741960707302,508.0101498594463,64.28741960707302,518.0101498594463,74.28741960707302,1.0
3,740,512.3320350279363,69.1189554252823,507.3320350279363,64.1189554252823,517.3320350279363,74.1189554252823,1.0
3,741,512.074820317759,69.64075594924745,507.07482031775896,64.64075594924745,517.074820317759,74.64075594924745,1.0
3,742,514.1985664394931,69.15053463846836,509.1985664394931,64.15053463846836,519.1985664394931,74.15053463846836,1.0
3,743,516.1023094712162,68.51401551975205,511.10230947121624,63.51401551975205,521.1023094712162,73.51401551975205,1.0
3,744,517.0595046031125,66.67873711806219,512.0595046031125,61.67873711806219,522.0595046031125,71.67873711806219,1.0
3,745,517.20294516686,64.61303501282181,512.20294516686,59.61303501282181,522.20294516686,69.61303501282181,1.0
3,746,518.446419922034,64.2819465075134,513.446419922034,59.281946507513396,523.446419922034,69.2819465075134,1.0
3,747,518.4671759201951,64.15064636001209,513.4671759201951,59.15064636001209,523.4671759201951,69.15064636001209,1.0
3,748,518.8960526998227,64.36421093232426,513.8960526998227,59.364210932324255,523.8960526998227,69.36421093232426,1.0
4,749,51.0,186.0,46.0,181.0,56.0,191.0,1.0
4,750,51.91267453071674,185.634990600716,46.91267453071674,180.634990600716,56.91267453071674,190.634990600716,1.0
4,751,52.21595765271559,184.86620408837524,47.21595765271559,179.86620408837524,57.21595765271559,189.86620408837524,1.0
4,752,52.32059185663547,184.77020519357285,47.32059185663547,179.77020519357285,57.32059185663547,189.77020519357285,1.0
4,753,52.5994896091628,185.64013002982225,47.5994896091628,180.64013002982225,57.5994896091628,190.64013002982225,1.0
4,754,53.320004109359964,186.61469028300087,48.320004109359964,181.61469028300087,58.320004109359964,191.61469028300087,1.0
4,755,53.906619376328855,187.02952626186251,48.906619376328855,182.02952626186251,58.906619376328855,192.02952626186251,1.0
4,756,55.02438778003781,186.79959270716967,50.02438778003781,181.79959270716967,60.02438778003781,191.79959270716967,1.0
4,757,55.889905990512425,186.92442648946587,50.889905990512425,181.92442648946587,60.889905990512425,191.92442648946587,1.0
4,758,56.497456487967355,187.58571973848956,51.497456487967355,182.58571973848956,61.497456487967355,192.58571973848956,1.0
4,759,56.56222354490754,188.74410162809917,51.56222354490754,183.74410162809917,61.56222354490754,193.74410162809917,1.0
4,760,57.33184541036321,190.2300777896324,52.33184541036321,185.2300777896324,62.33184541036321,195.2300777896324,1.0
4,761,57.395672536086856,191.3864903270825,52.395672536086856,186.3864903270825,62.395672536086856,196.3864903270825,1.0
4,762,56.75326095181855,191.93830303961093,51.75326095181855,186.93830303961093,61.75326095181855,196.93830303961093,1.0
4,763,57.35390587908647,192.3831567289946,52.35390587908647,187.3831567289946,62.35390587908647,197.3831567289946,1.0
4,764,57.334208669741834,192.34824841862005,52.334208669741834,187.34824841862005,62.334208669741834,197.34824841862005,1.0
4,765,57.539086683464795,191.75643437307798,52.539086683464795,186.75643437307798,62.539086683464795,196.75643437307798,1.0
4,766,58.994871493414095,192.22379242198087,53.994871493414095,187.22379242198087,63.994871493414095,197.22379242198087,1.0
4,767,60.819206444372256,191.7380041481801,55.819206444372256,186.7380041481801,65.81920644437226,196.7380041481801,1.0
4,768,62.11924524951813,190.5737994851894,57.11924524951813,185.5737994851894,67.11924524951813,195.5737994851894,1.0
4,769,61.200942082752704,190.5537723344346,56.200942082752704,185.5537723344346,66.2009420827527,195.5537723344346,1.0
4,770,60.1489471225332,190.11718701097354,55.1489471225332,185.11718701097354,65.1489471225332,195.11718701097354,1.0
4,771,58.96311063201933,190.13930821870892,53.96311063201933,185.13930821870892,63.96311063201933,195.13930821870892,1.0
4,772,58.21466511110429,189.9544493242095,53.21466511110429,184.9544493242095,63.21466511110429,194.9544493242095,1.0
4,773,58.1323964485073,188.69206358314392,53.1323964485073,183.69206358314392,63.1323964485073,193.69206358314392,1.0
4,774,58.03766155197385,188.72823553639566,53.03766155197385,183.72823553639566,63.03766155197385,193.72823553639566,1.0
4,775,58.64796276133557,188.59165641120975,53.64796276133557,183.59165641120975,63.64796276133557,193.59165641120975,1.0
4,776,58.512765956362074,188.87247817898995,53.512765956362074,183.87247817898995,63.512765956362074,193.87247817898995,1.0
4,777,58.98417069097397,188.33926096631632,53.98417069097397,183.33926096631632,63.98417069097397,193.33926096631632,1.0
4,778,59.0201417118049,188.06651786492256,54.0201417118049,183.06651786492256,64.0201417118049,193.06651786492256,1.0
4,779,58.97817286761015,187.036055727852,53.97817286761015,182.036055727852,63.97817286761015,192.036055727852,1.0
4,780,59.38564607119774,186.4517471732088,54.38564607119774,181.4517471732088,64.38564607119774,191.4517471732088,1.0
4,781,60.43472671058024,185.34136219159583,55.43472671058024,180.34136219159583,65.43472671058024,190.34136219159583,1.0
4,782,61.42913118407731,185.44660445449253,56.42913118407731,180.44660445449253,66.4291311840773,190.44660445449253,1.0
4,783,62.291168408210545,186.7715327371438,57.291168408210545,181.7715327371438,67.29116840821055,191.7715327371438,1.0
4,784,62.66822236198112,188.09599735423433,57.66822236198112,183.09599735423433,67.66822236198112,193.09599735423433,1.0
4,785,62.57596312452988,189.23026040833307,57.57596312452988,184.23026040833307,67.57596312452988,194.23026040833307,1.0
4,786,63.346187767998224,190.05560691639644,58.346187767998224,185.05560691639644,68.34618776799823,195.05560691639644,1.0
4,787,63.3401417559204,190.20046072557955,58.3401417559204,185.20046072557955,68.3401417559204,195.20046072557955,1.0
4,788,63.25586842726423,190.14838937841535,58.25586842726423,185.14838937841535,68.25586842726423,195.14838937841535,1.0
4,789,63.228238476434115,189.2972485358572,58.228238476434115,184.2972485358572,68.22823847643411,194.2972485358572,1.0
4,790,63.41822354842888,187.76479163560887,58.41822354842888,182.76479163560887,68.41822354842887,192.76479163560887,1.0
4,791,63.32620935377654,186.83478000042578,58.32620935377654,181.83478000042578,68.32620935377653,191.83478000042578,1.0
4,792,63.777363229055226,185.43591729029862,58.777363229055226,180.43591729029862,68.77736322905523,190.43591729029862,1.0
4,793,63.60687857513906,184.38504607117557,58.60687857513906,179.38504607117557,68.60687857513906,189.38504607117557,1.0
4,794,64.37796426180199,183.89353752556974,59.37796426180199,178.89353752556974,69.37796426180199,188.89353752556974,1.0
4,795,64.49260776377704,183.74128424779317,59.492607763777045,178.74128424779317,69.49260776377704,188.74128424779317,1.0
4,796,65.33731066066176,183.6953996963701,60.33731066066176,178.6953996963701,70.33731066066176,188.6953996963701,1.0
4,797,66.1814809301715,183.3600347356847,61.1814809301715,178.3600347356847,71.1814809301715,188.3600347356847,1.0
4,798,66.99897000073784,183.9047065379277,61.99897000073784,178.9047065379277,71.99897000073784,188.9047065379277,1.0
4,799,67.82885908081175,184.63692825450883,62.82885908081175,179.63692825450883,72.82885908081175,189.63692825450883,1.0
4,800,67.50301046217201,185.11431622770604,62.503010462172014,180.11431622770604,72.50301046217201,190.11431622770604,1.0
4,801,67.38191366831794,184.7148940793332,62.381913668317935,179.7148940793332,72.38191366831794,189.7148940793332,1.0
4,802,67.3984140443451,185.3008525512157,62.3984140443451,180.3008525512157,72.3984140443451,190.3008525512157,1.0
4,803,67.66291507293619,186.97067405937605,62.66291507293619,181.97067405937605,72.66291507293619,191.97067405937605,1.0
4,804,67.83046150140977,187.7318445475831,62.83046150140977,182.7318445475831,72.83046150140977,192.7318445475831,1.0
4,805,68.05681839335863,188.18324219859477,63.056818393358625,183.18324219859477,73.05681839335863,193.18324219859477,1.0
4,806,67.39153543035479,188.01241339059112,62.39153543035479,183.01241339059112,72.39153543035479,193.01241339059112,1.0
4,807,66.56841343179585,188.42628139180945,61.56841343179585,183.42628139180945,71.56841343179585,193.42628139180945,1.0
4,808,65.9058093098179,188.56721743166224,60.9058093098179,183.56721743166224,70.9058093098179,193.56721743166224,1.0
4,809,64.59124796504153,188.61980053247868,59.59124796504153,183.61980053247868,69.59124796504153,193.61980053247868,1.0
4,810,62.35879549886763,188.70498277314204,57.35879549886763,183.70498277314204,67.35879549886764,193.70498277314204,1.0
4,811,60.795104476145895,187.62446944903135,55.795104476145895,182.62446944903135,65.7951044761459,192.62446944903135,1.0
4,812,60.77100869270266,186.47579564393274,55.77100869270266,181.47579564393274,65.77100869270265,191.47579564393274,1.0
4,813,60.903803385263906,185.72856610113575,55.903803385263906,180.72856610113575,65.9038033852639,190.72856610113575,1.0
4,814,61.009999578313916,185.58476249511017,56.009999578313916,180.58476249511017,66.00999957831391,190.58476249511017,1.0
4,815,60.67772011660147,185.3587209900542,55.67772011660147,180.3587209900542,65.67772011660148,190.3587209900542,1.0
4,816,60.179391385619255,185.26668109853316,55.179391385619255,180.26668109853316,65.17939138561925,190.26668109853316,1.0
4,817,59.54653052998359,186.2201407285162,54.54653052998359,181.2201407285162,64.54653052998358,191.2201407285162,1.0
4,818,59.000156145351866,186.71674229980937,54.000156145351866,181.71674229980937,64.00015614535187,191.71674229980937,1.0
4,819,58.39181881709693,186.72927763131284,53.39181881709693,181.72927763131284,63.39181881709693,191.72927763131284,1.0
4,820,57.514444644401806,186.4474517642911,52.514444644401806,181.4474517642911,62.514444644401806,191.4474517642911,1.0
4,821,55.65968029954028,185.5290869933659,50.65968029954028,180.5290869933659,60.65968029954028,190.5290869933659,1.0
4,822,54.50179411353301,185.87154960876154,49.50179411353301,180.87154960876154,59.50179411353301,190.87154960876154,1.0
4,823,53.247126312301354,185.23436370836643,48.247126312301354,180.23436370836643,58.247126312301354,190.23436370836643,1.0
4,824,51.730650039171245,184.7397721086816,46.730650039171245,179.7397721086816,56.730650039171245,189.7397721086816,1.0
4,825,51.022663771354004,184.90435917992576,46.022663771354004,179.90435917992576,56.022663771354004,189.90435917992576,1.0
4,826,48.89992663949739,185.01148932877706,43.89992663949739,180.01148932877706,53.89992663949739,190.01148932877706,1.0
4,827,48.369029568290436,185.60587980426723,43.369029568290436,180.60587980426723,53.369029568290436,190.60587980426723,1.0
4,828,48.21221108322285,184.8959374184936,43.21221108322285,179.8959374184936,53.21221108322285,189.8959374184936,1.0
4,829,48.71669965056646,184.79943981317024,43.71669965056646,179.79943981317024,53.71669965056646,189.79943981317024,1.0
4,830,49.58339984881277,184.85104528689462,44.58339984881277,179.85104528689462,54.58339984881277,189.85104528689462,1.0
4,831,51.34797157017864,185.04727849876667,46.34797157017864,180.04727849876667,56.34797157017864,190.04727849876667,1.0
4,832,52.25911180174129,185.55800320381132,47.25911180174129,180.55800320381132,57.25911180174129,190.55800320381132,1.0
4,833,52.22177441103587,185.23539506075508,47.22177441103587,180.23539506075508,57.22177441103587,190.23539506075508,1.0
4,834,51.49340917102584,185.11616672495708,46.49340917102584,180.11616672495708,56.49340917102584,190.11616672495708,1.0
4,835,52.091338250471715,185.02365549586216,47.091338250471715,180.02365549586216,57.091338250471715,190.02365549586216,1.0
4,836,51.12623908813205,186.24817788886318,46.12623908813205,181.24817788886318,56.12623908813205,191.24817788886318,1.0
4,837,51.545127414629945,185.71839671293935,46.545127414629945,180.71839671293935,56.545127414629945,190.71839671293935,1.0
4,838,51.7511062865815,185.2797638214781,46.7511062865815,180.2797638214781,56.7511062865815,190.2797638214781,1.0
4,839,52.09610937046269,185.86534433506205,47.09610937046269,180.86534433506205,57.09610937046269,190.86534433506205,1.0
4,840,52.658917710469034,186.7540501910768,47.658917710469034,181.7540501910768,57.658917710469034,191.7540501910768,1.0
4,841,52.497265141699934,186.91652237466843,47.497265141699934,181.91652237466843,57.497265141699934,191.91652237466843,1.0
4,842,52.489906088172276,186.80801223095318,47.489906088172276,181.80801223095318,57.489906088172276,191.80801223095318,1.0
4,843,53.167821423491695,187.63890770236864,48.167821423491695,182.63890770236864,58.167821423491695,192.63890770236864,1.0
4,844,53.249377202536216,187.51675533149114,48.249377202536216,182.51675533149114,58.249377202536216,192.51675533149114,1.0
4,845,52.78014591194778,186.77630446627168,47.78014591194778,181.77630446627168,57.78014591194778,191.77630446627168,1.0
4,846,52.25398334311957,186.79220141191945,47.25398334311957,181.79220141191945,57.25398334311957,191.79220141191945,1.0
4,847,50.83505572158251,186.07027725594466,45.83505572158251,181.07027725594466,55.83505572158251,191.07027725594466,1.0
4,848,49.6793849001361,185.37110219943133,44.6793849001361,180.37110219943133,54.6793849001361,190.37110219943133,1.0
4,849,48.0824940614822,184.09318814167003,43.0824940614822,179.09318814167003,53.0824940614822,189.09318814167003,1.0
4,850,47.46175434179168,183.59163363755044,42.46175434179168,178.59163363755044,52.46175434179168,188.59163363755044,1.0
4,851,47.23820373216149,183.074116694176,42.23820373216149,178.074116694176,52.23820373216149,188.074116694176,1.0
4,852,47.975490883520926,182.4241700003936,42.975490883520926,177.4241700003936,52.975490883520926,187.4241700003936,1.0
4,853,49.110331231609116,181.4686292695393,44.110331231609116,176.4686292695393,54.110331231609116,186.4686292695393,1.0
4,854,49.64866142053767,180.35194128639296,44.64866142053767,175.35194128639296,54.64866142053767,185.35194128639296,1.0
4,855,49.78000521564139,179.25458683693725,44.78000521564139,174.25458683693725,54.78000521564139,184.25458683693725,1.0
4,856,49.25957941672683,179.57991367161733,44.25957941672683,174.57991367161733,54.25957941672683,184.57991367161733,1.0
4,857,48.7526354592474,181.69656209974465,43.7526354592474,176.69656209974465,53.7526354592474,186.69656209974465,1.0
4,858,48.3959799708036,183.95290540973684,43.3959799708036,178.95290540973684,53.3959799708036,188.95290540973684,1.0
4,859,48.40258523263021,185.65497155764328,43.40258523263021,180.65497155764328,53.40258523263021,190.65497155764328,1.0
4,860,49.86070783459343,186.33428649090484,44.86070783459343,181.33428649090484,54.86070783459343,191.33428649090484,1.0
4,861,50.38867110636862,187.5492015720886,45.38867110636862,182.5492015720886,55.38867110636862,192.5492015720886,1.0
4,862,50.784693310480414,188.9952812955082,45.784693310480414,183.9952812955082,55.784693310480414,193.9952812955082,1.0
4,863,51.12435420437685,188.90502854206972,46.12435420437685,183.90502854206972,56.12435420437685,193.90502854206972,1.0
4,864,52.533369685321965,188.50725455196778,47.533369685321965,183.50725455196778,57.533369685321965,193.50725455196778,1.0
4,865,51.69824013158031,187.0353508169854,46.69824013158031,182.0353508169854,56.69824013158031,192.0353508169854,1.0
4,866,50.846763844793735,186.04808645702545,45.846763844793735,181.04808645702545,55.846763844793735,191.04808645702545,1.0
4,867,50.71369390047711,185.72161731076088,45.71369390047711,180.72161731076088,55.71369390047711,190.72161731076088,1.0
4,868,49.962632630839394,185.06524246163744,44.962632630839394,180.06524246163744,54.962632630839394,190.06524246163744,1.0
4,869,49.52997810725893,185.0143607118026,44.52997810725893,180.0143607118026,54.52997810725893,190.0143607118026,1.0
4,870,50.186607584532155,185.2730895890813,45.186607584532155,180.2730895890813,55.186607584532155,190.2730895890813,1.0
4,871,50.592204702920256,185.3611943103989,45.592204702920256,180.3611943103989,55.592204702920256,190.3611943103989,1.0
4,872,50.49344120145749,184.73563594787282,45.49344120145749,179.73563594787282,55.49344120145749,189.73563594787282,1.0
4,873,51.923913499603756,184.39178091250088,46.923913499603756,179.39178091250088,56.923913499603756,189.39178091250088,1.0
4,874,52.647422120855836,184.14448370660767,47.647422120855836,179.14448370660767,57.647422120855836,189.14448370660767,1.0
4,875,52.00982033271096,182.7397356873797,47.00982033271096,177.7397356873797,57.00982033271096,187.7397356873797,1.0
4,876,51.5217348038622,182.47191774758656,46.5217348038622,177.47191774758656,56.5217348038622,187.47191774758656,1.0
4,877,52.34607442712907,181.6974286926583,47.34607442712907,176.6974286926583,57.34607442712907,186.6974286926583,1.0
4,878,52.82155554323851,180.96063436513475,47.82155554323851,175.96063436513475,57.82155554323851,185.96063436513475,1.0
4,879,52.92689499360491,181.05842799981036,47.92689499360491,176.05842799981036,57.92689499360491,186.05842799981036,1.0
4,880,52.96917319604075,181.0060493294861,47.96917319604075,176.0060493294861,57.96917319604075,186.0060493294861,1.0
4,881,53.24348530860479,181.02531618363415,48.24348530860479,176.02531618363415,58.24348530860479,186.02531618363415,1.0
4,882,54.03265486275301,180.8357988150972,49.03265486275301,175.8357988150972,59.03265486275301,185.8357988150972,1.0
4,883,53.72454791261584,180.49319575216305,48.72454791261584,175.49319575216305,58.72454791261584,185.49319575216305,1.0
4,884,53.54249638897669,180.5942687600758,48.54249638897669,175.5942687600758,58.54249638897669,185.5942687600758,1.0
4,885,54.017501521978495,180.6501515737709,49.017501521978495,175.6501515737709,59.017501521978495,185.6501515737709,1.0
4,886,55.5558422318648,180.56762636525943,50.5558422318648,175.56762636525943,60.5558422318648,185.56762636525943,1.0
4,887,56.75383399336738,181.2994450494379,51.75383399336738,176.2994450494379,61.75383399336738,186.2994450494379,1.0
4,888,58.56591638432416,182.22946807307892,53.56591638432416,177.22946807307892,63.56591638432416,187.22946807307892,1.0
4,889,58.57474790951718,183.31627822932384,53.57474790951718,178.31627822932384,63.57474790951718,188.31627822932384,1.0
4,890,58.21126341472298,183.84119248449502,53.21126341472298,178.84119248449502,63.21126341472298,188.84119248449502,1.0
4,891,58.070284718970406,183.58388475216725,53.070284718970406,178.58388475216725,63.070284718970406,188.58388475216725,1.0
4,892,57.94516961153467,183.3497083583523,52.94516961153467,178.3497083583523,62.94516961153467,188.3497083583523,1.0
4,893,57.52074478030814,183.5693120051351,52.52074478030814,178.5693120051351,62.52074478030814,188.5693120051351,1.0
4,894,57.2320062078343,185.1849381654022,52.2320062078343,180.1849381654022,62.2320062078343,190.1849381654022,1.0
4,895,58.0899040176868,186.73479098358007,53.0899040176868,181.73479098358007,63.0899040176868,191.73479098358007,1.0
4,896,59.03471014786863,187.55663371831673,54.03471014786863,182.55663371831673,64.03471014786862,192.55663371831673,1.0
4,897,58.58243277718642,189.01148948139914,53.58243277718642,184.01148948139914,63.58243277718642,194.01148948139914,1.0
4,898,58.06075204540217,190.5833147445365,53.06075204540217,185.5833147445365,63.06075204540217,195.5833147445365,1.0
4,899,57.98653306960671,191.25445598368933,52.98653306960671,186.25445598368933,62.98653306960671,196.25445598368933,1.0
4,900,57.976350275247825,191.27668953064864,52.976350275247825,186.27668953064864,62.976350275247825,196.27668953064864,1.0
4,901,60.57426013567665,190.05795042786121,55.57426013567665,185.05795042786121,65.57426013567665,195.05795042786121,1.0
4,902,62.15616791617298,189.12254450757652,57.15616791617298,184.12254450757652,67.15616791617299,194.12254450757652,1.0
4,903,63.241361551214226,187.89290857755398,58.241361551214226,182.89290857755398,68.24136155121423,192.89290857755398,1.0
4,904,62.55851841294991,187.51375188551862,57.55851841294991,182.51375188551862,67.55851841294991,192.51375188551862,1.0
4,905,61.69496171879281,187.80961087013017,56.69496171879281,182.80961087013017,66.69496171879281,192.80961087013017,1.0
4,906,61.43631186431384,187.83868067050008,56.43631186431384,182.83868067050008,66.43631186431384,192.83868067050008,1.0
4,907,60.65089196335433,186.76370410527258,55.65089196335433,181.76370410527258,65.65089196335433,191.76370410527258,1.0
4,908,60.39782780634681,186.99775653255756,55.39782780634681,181.99775653255756,65.39782780634681,191.99775653255756,1.0
4,909,60.42913486670508,186.65415854418913,55.42913486670508,181.65415854418913,65.42913486670508,191.65415854418913,1.0
4,910,61.497023110185665,186.84804086990624,56.497023110185665,181.84804086990624,66.49702311018567,191.84804086990624,1.0
4,911,61.63514938033381,186.64169710758478,56.63514938033381,181.64169710758478,66.63514938033381,191.64169710758478,1.0
4,912,60.80712665107451,186.82025285536042,55.80712665107451,181.82025285536042,65.80712665107451,191.82025285536042,1.0
4,913,61.33533993364892,187.2733744091426,56.33533993364892,182.2733744091426,66.33533993364892,192.2733744091426,1.0
4,914,61.959599505664514,187.84740570096608,56.959599505664514,182.84740570096608,66.95959950566451,192.84740570096608,1.0
4,915,62.30944027984348,188.1981900112573,57.30944027984348,183.1981900112573,67.30944027984347,193.1981900112573,1.0
4,916,62.34815870783544,188.57801040816827,57.34815870783544,183.57801040816827,67.34815870783544,193.57801040816827,1.0
4,917,61.17652206648454,188.9048586365029,56.17652206648454,183.9048586365029,66.17652206648454,193.9048586365029,1.0
4,918,59.98661271341064,189.517987505569,54.98661271341064,184.517987505569,64.98661271341064,194.517987505569,1.0
4,919,59.102107908622585,190.42770473843467,54.102107908622585,185.42770473843467,64.10210790862259,195.42770473843467,1.0
4,920,58.49744953987941,190.17376847643712,53.49744953987941,185.17376847643712,63.49744953987941,195.17376847643712,1.0
4,921,58.30561072217495,190.78206571704743,53.30561072217495,185.78206571704743,63.30561072217495,195.78206571704743,1.0
4,922,57.84031983691783,190.49160853812106,52.84031983691783,185.49160853812106,62.84031983691783,195.49160853812106,1.0
4,923,57.891684523465834,189.9658427372971,52.891684523465834,184.9658427372971,62.891684523465834,194.9658427372971,1.0
4,924,58.7053057219264,189.39549605597347,53.7053057219264,184.39549605597347,63.7053057219264,194.39549605597347,1.0
4,925,59.18202164994429,189.16771898516376,54.18202164994429,184.16771898516376,64.18202164994429,194.16771898516376,1.0
4,926,59.55577051279195,189.31498881195543,54.55577051279195,184.31498881195543,64.55577051279195,194.31498881195543,1.0
4,927,60.049781419079096,189.73275043443186,55.049781419079096,184.73275043443186,65.0497814190791,194.73275043443186,1.0
4,928,59.951037683606316,189.40407899426114,54.951037683606316,184.40407899426114,64.95103768360632,194.40407899426114,1.0
4,929,60.7048462961562,189.07718982602108,55.7048462961562,184.07718982602108,65.7048462961562,194.07718982602108,1.0
4,930,61.130807162369685,188.64264672901265,56.130807162369685,183.64264672901265,66.13080716236968,193.64264672901265,1.0
4,931,61.87593785343395,188.53458887335313,56.87593785343395,183.53458887335313,66.87593785343395,193.53458887335313,1.0
4,932,61.73921222558581,187.98647664809266,56.73921222558581,182.98647664809266,66.73921222558582,192.98647664809266,1.0
4,933,61.96217104764905,187.4723714568953,56.96217104764905,182.4723714568953,66.96217104764905,192.4723714568953,1.0
4,934,61.81330580381464,186.97289236922592,56.81330580381464,181.97289236922592,66.81330580381464,191.97289236922592,1.0
4,935,62.17700315887522,186.89035677994153,57.17700315887522,181.89035677994153,67.17700315887522,191.89035677994153,1.0
4,936,62.14139282126794,186.23283356664356,57.14139282126794,181.23283356664356,67.14139282126794,191.23283356664356,1.0
4,937,61.92938915654477,184.74612939038823,56.92938915654477,179.74612939038823,66.92938915654477,189.74612939038823,1.0
4,938,63.05594693589686,182.87748645247217,58.05594693589686,177.87748645247217,68.05594693589686,187.87748645247217,1.0
4,939,64.16465508905843,181.7661682978339,59.16465508905843,176.7661682978339,69.16465508905843,186.7661682978339,1.0
4,940,65.36361757118405,180.78797546715006,60.36361757118405,175.78797546715006,70.36361757118405,185.78797546715006,1.0
4,941,65.85125870663599,179.5010017434209,60.85125870663599,174.5010017434209,70.85125870663599,184.5010017434209,1.0
4,942,65.26347187853543,178.76039480142998,60.26347187853543,173.76039480142998,70.26347187853543,183.76039480142998,1.0
4,943,64.78014489242668,179.1621775828873,59.78014489242668,174.1621775828873,69.78014489242668,184.1621775828873,1.0
4,944,63.47040269170777,178.71227326594965,58.47040269170777,173.71227326594965,68.47040269170776,183.71227326594965,1.0
4,945,62.04898407118128,177.36060391231624,57.04898407118128,172.36060391231624,67.04898407118128,182.36060391231624,1.0
4,946,61.408376326067604,176.3127941321636,56.408376326067604,171.3127941321636,66.40837632606761,181.3127941321636,1.0
4,947,60.88967244808221,176.06009987895445,55.88967244808221,171.06009987895445,65.88967244808221,181.06009987895445,1.0
4,948,60.56084200935518,175.57286924840233,55.56084200935518,170.57286924840233,65.56084200935518,180.57286924840233,1.0
4,949,59.22010650481465,175.39891702084282,54.22010650481465,170.39891702084282,64.22010650481465,180.39891702084282,1.0
4,950,58.80175392080518,174.89917687336754,53.80175392080518,169.89917687336754,63.80175392080518,179.89917687336754,1.0
4,951,57.59718323330007,174.05695682853568,52.59718323330007,169.05695682853568,62.59718323330007,179.05695682853568,1.0
4,952,56.33009560874867,174.58229146002063,51.33009560874867,169.58229146002063,61.33009560874867,179.58229146002063,1.0
4,953,55.13649652280303,175.0109481000837,50.13649652280303,170.0109481000837,60.13649652280303,180.0109481000837,1.0
4,954,54.82199045112655,174.96785164419282,49.82199045112655,169.96785164419282,59.82199045112655,179.96785164419282,1.0
4,955,55.65528565240769,174.0075567589232,50.65528565240769,169.0075567589232,60.65528565240769,179.0075567589232,1.0
4,956,55.81206311336774,173.34844915890736,50.81206311336774,168.34844915890736,60.81206311336774,178.34844915890736,1.0
4,957,56.261180514388826,172.21862253905658,51.261180514388826,167.21862253905658,61.261180514388826,177.21862253905658,1.0
4,958,57.89084225271289,172.20032207007364,52.89084225271289,167.20032207007364,62.89084225271289,177.20032207007364,1.0
4,959,59.188967780698846,172.81843721253264,54.188967780698846,167.81843721253264,64.18896778069885,177.81843721253264,1.0
4,960,60.235444844605624,173.32846619508044,55.235444844605624,168.32846619508044,65.23544484460562,178.32846619508044,1.0
4,961,59.583217817888276,173.8923755518259,54.583217817888276,168.8923755518259,64.58321781788828,178.8923755518259,1.0
4,962,59.13213856980712,174.84337719571175,54.13213856980712,169.84337719571175,64.13213856980713,179.84337719571175,1.0
4,963,58.974992992503935,175.2022899673291,53.974992992503935,170.2022899673291,63.974992992503935,180.2022899673291,1.0
4,964,57.39052214647653,175.27727979983638,52.39052214647653,170.27727979983638,62.39052214647653,180.27727979983638,1.0
4,965,57.70094523611853,174.3555553126642,52.70094523611853,169.3555553126642,62.70094523611853,179.3555553126642,1.0
4,966,56.412130430277244,172.98214920501832,51.412130430277244,167.98214920501832,61.412130430277244,177.98214920501832,1.0
4,967,54.94003797389992,172.92284899069853,49.94003797389992,167.92284899069853,59.94003797389992,177.92284899069853,1.0
4,968,53.58887701879836,173.2727898722085,48.58887701879836,168.2727898722085,58.58887701879836,178.2727898722085,1.0
4,969,52.33124858559814,172.89567364383407,47.33124858559814,167.89567364383407,57.33124858559814,177.89567364383407,1.0
4,970,52.44479979599377,173.38079395384503,47.44479979599377,168.38079395384503,57.44479979599377,178.38079395384503,1.0
4,971,53.47097996971974,172.70054011196987,48.47097996971974,167.70054011196987,58.47097996971974,177.70054011196987,1.0
4,972,54.127332523291926,171.33126687903032,49.127332523291926,166.33126687903032,59.127332523291926,176.33126687903032,1.0
4,973,55.83725535541286,169.76180695552623,50.83725535541286,164.76180695552623,60.83725535541286,174.76180695552623,1.0
4,974,57.47142659751249,168.68727203711816,52.47142659751249,163.68727203711816,62.47142659751249,173.68727203711816,1.0
4,975,58.592164348587225,167.23286224641163,53.592164348587225,162.23286224641163,63.592164348587225,172.23286224641163,1.0
4,976,58.42001614619619,166.80332585812042,53.42001614619619,161.80332585812042,63.42001614619619,171.80332585812042,1.0
4,977,58.4379128272534,166.50070498025894,53.4379128272534,161.50070498025894,63.4379128272534,171.50070498025894,1.0
4,978,57.15212220694754,166.94242947233707,52.15212220694754,161.94242947233707,62.15212220694754,171.94242947233707,1.0
4,979,57.91579066373496,168.02231753400656,52.91579066373496,163.02231753400656,62.91579066373496,173.02231753400656,1.0
4,980,57.95512872450052,168.3422731278004,52.95512872450052,163.3422731278004,62.95512872450052,173.3422731278004,1.0
4,981,58.06440253051783,168.9198941829938,53.06440253051783,163.9198941829938,63.06440253051783,173.9198941829938,1.0
4,982,58.485397156480516,168.59083451040078,53.485397156480516,163.59083451040078,63.485397156480516,173.59083451040078,1.0
4,983,59.595216282621585,169.0246329606051,54.595216282621585,164.0246329606051,64.59521628262158,174.0246329606051,1.0
4,984,60.626977935456615,169.5896552871856,55.626977935456615,164.5896552871856,65.62697793545661,174.5896552871856,1.0
4,985,60.42641787569974,170.06986302000217,55.42641787569974,165.06986302000217,65.42641787569974,175.06986302000217,1.0
4,986,60.126573806718795,171.19541410437017,55.126573806718795,166.19541410437017,65.1265738067188,176.19541410437017,1.0
4,987,60.220676620702186,171.6700633631295,55.220676620702186,166.6700633631295,65.22067662070219,176.6700633631295,1.0
4,988,60.802680287203316,171.854925216078,55.802680287203316,166.854925216078,65.80268028720332,176.854925216078,1.0
4,989,62.36742274465328,172.28215781245956,57.36742274465328,167.28215781245956,67.36742274465328,177.28215781245956,1.0
4,990,63.151617394025905,172.0556009593099,58.151617394025905,167.0556009593099,68.1516173940259,177.0556009593099,1.0
4,991,63.76341860177197,172.6749449383282,58.76341860177197,167.6749449383282,68.76341860177197,177.6749449383282,1.0
4,992,64.59639841610579,172.4392125852412,59.596398416105785,167.4392125852412,69.59639841610579,177.4392125852412,1.0
4,993,64.90695325598628,172.47021445554952,59.90695325598628,167.47021445554952,69.90695325598628,177.47021445554952,1.0
4,994,64.84014056464605,171.5469992173284,59.84014056464605,166.5469992173284,69.84014056464605,176.5469992173284,1.0
4,995,63.890160466535036,170.31327669217663,58.890160466535036,165.31327669217663,68.89016046653504,175.31327669217663,1.0
4,996,63.38404991103206,169.86101074645035,58.38404991103206,164.86101074645035,68.38404991103206,174.86101074645035,1.0
4,997,63.16921302578218,170.91947416787974,58.16921302578218,165.91947416787974,68.16921302578217,175.91947416787974,1.0
4,998,63.49665471898352,169.96424566377763,58.49665471898352,164.96424566377763,68.49665471898352,174.96424566377763,1.0
4,999,64.03425705800544,169.4979599828727,59.03425705800544,164.4979599828727,69.03425705800544,174.4979599828727,1.0
4,1000,64.14753435425969,169.33401789216626,59.14753435425969,164.33401789216626,69.14753435425969,174.33401789216626,1.0
4,1001,64.30804883539345,170.15588043700018,59.30804883539345,165.15588043700018,69.30804883539345,175.15588043700018,1.0
4,1002,64.08878834601065,171.06519960061956,59.088788346010645,166.06519960061956,69.08878834601065,176.06519960061956,1.0
4,1003,62.945021644965706,170.61533088240859,57.945021644965706,165.61533088240859,67.9450216449657,175.61533088240859,1.0
4,1004,63.147693584556436,170.56612280577679,58.147693584556436,165.56612280577679,68.14769358455644,175.56612280577679,1.0
4,1005,62.584067486159306,169.86739085656853,57.584067486159306,164.86739085656853,67.58406748615931,174.86739085656853,1.0
4,1006,61.26614435515408,169.1877120336245,56.26614435515408,164.1877120336245,66.26614435515408,174.1877120336245,1.0
4,1007,59.89049061161373,169.8092272656923,54.89049061161373,164.8092272656923,64.89049061161373,174.8092272656923,1.0
4,1008,57.97052012616524,169.61920159048785,52.97052012616524,164.61920159048785,62.97052012616524,174.61920159048785,1.0
4,1009,55.310480976239035,169.59348086479912,50.310480976239035,164.59348086479912,60.310480976239035,174.59348086479912,1.0
4,1010,53.734091080748684,169.61976229973942,48.734091080748684,164.61976229973942,58.734091080748684,174.61976229973942,1.0
4,1011,52.55769256062342,167.9966307846365,47.55769256062342,162.9966307846365,57.55769256062342,172.9966307846365,1.0
4,1012,53.114954976775124,167.89431111236954,48.114954976775124,162.89431111236954,58.114954976775124,172.89431111236954,1.0
4,1013,54.48613166412035,167.74360167310314,49.48613166412035,162.74360167310314,59.48613166412035,172.74360167310314,1.0
4,1014,56.562308905069024,168.57347296363164,51.562308905069024,163.57347296363164,61.562308905069024,173.57347296363164,1.0
4,1015,57.06109148373754,168.84788192067305,52.06109148373754,163.84788192067305,62.06109148373754,173.84788192067305,1.0
4,1016,57.07053465890178,169.0537357515576,52.07053465890178,164.0537357515576,62.07053465890178,174.0537357515576,1.0
4,1017,57.35635132252803,169.3318310543849,52.35635132252803,164.3318310543849,62.35635132252803,174.3318310543849,1.0
4,1018,57.67061634849347,168.50114037006128,52.67061634849347,163.50114037006128,62.67061634849347,173.50114037006128,1.0
4,1019,58.0330792248076,168.11047164839744,53.0330792248076,163.11047164839744,63.0330792248076,173.11047164839744,1.0
4,1020,57.799314118912704,166.856380858851,52.799314118912704,161.856380858851,62.799314118912704,171.856380858851,1.0
4,1021,56.98499914900257,166.25560539452175,51.98499914900257,161.25560539452175,61.98499914900257,171.25560539452175,1.0
4,1022,56.55880260677775,165.26956657157507,51.55880260677775,160.26956657157507,61.55880260677775,170.26956657157507,1.0
4,1023,55.69195575897369,164.18371910389695,50.69195575897369,159.18371910389695,60.69195575897369,169.18371910389695,1.0
4,1024,55.14207735943346,163.280220618883,50.14207735943346,158.280220618883,60.14207735943346,168.280220618883,1.0
4,1025,54.33445311255673,162.98233002941154,49.33445311255673,157.98233002941154,59.33445311255673,167.98233002941154,1.0
4,1026,53.64228009043915,163.3017454879822,48.64228009043915,158.3017454879822,58.64228009043915,168.3017454879822,1.0
4,1027,53.39405492279029,163.15192564403281,48.39405492279029,158.15192564403281,58.39405492279029,168.15192564403281,1.0
4,1028,52.77426959361807,163.57681377775543,47.77426959361807,158.57681377775543,57.77426959361807,168.57681377775543,1.0
4,1029,52.22457914629558,163.9260600067992,47.22457914629558,158.9260600067992,57.22457914629558,168.9260600067992,1.0
4,1030,52.30044372042118,163.39672716995165,47.30044372042118,158.39672716995165,57.30044372042118,168.39672716995165,1.0
4,1031,53.004875750340645,164.40909193220017,48.004875750340645,159.40909193220017,58.004875750340645,169.40909193220017,1.0
4,1032,53.35978416291146,165.50463507981186,48.35978416291146,160.50463507981186,58.35978416291146,170.50463507981186,1.0
4,1033,53.27876149814825,166.65867128553208,48.27876149814825,161.65867128553208,58.27876149814825,171.65867128553208,1.0
4,1034,53.296504239200736,165.6568270032136,48.296504239200736,160.6568270032136,58.296504239200736,170.6568270032136,1.0
4,1035,53.95687092105464,165.15868786820607,48.95687092105464,160.15868786820607,58.95687092105464,170.15868786820607,1.0
4,1036,54.24297684830492,165.79568440805963,49.24297684830492,160.79568440805963,59.24297684830492,170.79568440805963,1.0
4,1037,54.27385487613664,167.43776202987212,49.27385487613664,162.43776202987212,59.27385487613664,172.43776202987212,1.0
4,1038,54.357884894236705,167.60925899201945,49.357884894236705,162.60925899201945,59.357884894236705,172.60925899201945,1.0
4,1039,54.839166343164436,168.57709563525836,49.839166343164436,163.57709563525836,59.839166343164436,173.57709563525836,1.0
4,1040,55.96754475050218,169.17080222989387,50.96754475050218,164.17080222989387,60.96754475050218,174.17080222989387,1.0
4,1041,56.847799054824854,169.09513476990384,51.847799054824854,164.09513476990384,61.847799054824854,174.09513476990384,1.0
4,1042,57.79537647364279,167.32706780278156,52.79537647364279,162.32706780278156,62.79537647364279,172.32706780278156,1.0
4,1043,58.34195237606774,166.7631312751631,53.34195237606774,161.7631312751631,63.34195237606774,171.7631312751631,1.0
4,1044,59.060146244447004,167.4484591398375,54.060146244447004,162.4484591398375,64.060146244447,172.4484591398375,1.0
4,1045,58.90372487201489,169.20534294077507,53.90372487201489,164.20534294077507,63.90372487201489,174.20534294077507,1.0
4,1046,57.96121435771169,170.9382033270496,52.96121435771169,165.9382033270496,62.96121435771169,175.9382033270496,1.0
4,1047,56.32767499410163,172.65314815504854,51.32767499410163,167.65314815504854,61.32767499410163,177.65314815504854,1.0
4,1048,53.97439524255107,174.6321419123109,48.97439524255107,169.6321419123109,58.97439524255107,179.6321419123109,1.0
4,1049,52.35551530299638,175.91245841142938,47.35551530299638,170.91245841142938,57.35551530299638,180.91245841142938,1.0
4,1050,52.18890590143782,176.92050267913206,47.18890590143782,171.92050267913206,57.18890590143782,181.92050267913206,1.0
4,1051,52.149437595163576,177.68426533537752,47.149437595163576,172.68426533537752,57.149437595163576,182.68426533537752,1.0
4,1052,52.573832692393935,179.15339620902736,47.573832692393935,174.15339620902736,57.573832692393935,184.15339620902736,1.0
4,1053,53.12860166864904,180.19481508778802,48.12860166864904,175.19481508778802,58.12860166864904,185.19481508778802,1.0
4,1054,53.70714190593307,180.4643972296202,48.70714190593307,175.4643972296202,58.70714190593307,185.4643972296202,1.0
4,1055,54.82031971149934,181.14455882059076,49.82031971149934,176.14455882059076,59.82031971149934,186.14455882059076,1.0
4,1056,55.32904140990345,180.72497734398388,50.32904140990345,175.72497734398388,60.32904140990345,185.72497734398388,1.0
4,1057,55.84087328749079,180.74944496640077,50.84087328749079,175.74944496640077,60.84087328749079,185.74944496640077,1.0
4,1058,56.42228135580812,180.90605023271524,51.42228135580812,175.90605023271524,61.42228135580812,185.90605023271524,1.0
4,1059,56.935728144646546,181.2971956661317,51.935728144646546,176.2971956661317,61.935728144646546,186.2971956661317,1.0
4,1060,57.10358503113786,182.10871447672955,52.10358503113786,177.10871447672955,62.10358503113786,187.10871447672955,1.0
4,1061,57.175099537809196,182.9230349338705,52.175099537809196,177.9230349338705,62.175099537809196,187.9230349338705,1.0
4,1062,58.008221714048965,183.7330696325507,53.008221714048965,178.7330696325507,63.008221714048965,188.7330696325507,1.0
4,1063,59.08475626464376,183.4685196676675,54.08475626464376,178.4685196676675,64.08475626464376,188.4685196676675,1.0
4,1064,60.65809635960609,182.5212845555565,55.65809635960609,177.5212845555565,65.65809635960609,187.5212845555565,1.0
4,1065,60.71362127642312,181.98923911319315,55.71362127642312,176.98923911319315,65.71362127642311,186.98923911319315,1.0
4,1066,61.23931549606094,182.24521528523138,56.23931549606094,177.24521528523138,66.23931549606094,187.24521528523138,1.0
4,1067,60.844776700405184,182.3779381512593,55.844776700405184,177.3779381512593,65.84477670040519,187.3779381512593,1.0
4,1068,60.631336847820236,182.0997353943093,55.631336847820236,177.0997353943093,65.63133684782024,187.0997353943093,1.0
4,1069,60.77018903562415,181.43339300091216,55.77018903562415,176.43339300091216,65.77018903562416,186.43339300091216,1.0
4,1070,61.25236031319967,181.45379412252436,56.25236031319967,176.45379412252436,66.25236031319966,186.45379412252436,1.0
4,1071,61.51920006354193,180.8643732739024,56.51920006354193,175.8643732739024,66.51920006354193,185.8643732739024,1.0
4,1072,62.60212788262121,180.3610726704287,57.60212788262121,175.3610726704287,67.6021278826212,185.3610726704287,1.0
4,1073,62.83934543000183,179.90297115957267,57.83934543000183,174.90297115957267,67.83934543000183,184.90297115957267,1.0
4,1074,63.403965982823024,180.2296034535258,58.403965982823024,175.2296034535258,68.40396598282302,185.2296034535258,1.0
4,1075,64.9209784165846,180.66589948445008,59.9209784165846,175.66589948445008,69.9209784165846,185.66589948445008,1.0
4,1076,64.88280861346009,180.6578532018962,59.882808613460085,175.6578532018962,69.88280861346009,185.6578532018962,1.0
4,1077,64.81105491467991,180.15643901339482,59.811054914679914,175.15643901339482,69.81105491467991,185.15643901339482,1.0
4,1078,64.50817183005576,179.69225968689312,59.50817183005576,174.69225968689312,69.50817183005576,184.69225968689312,1.0
4,1079,64.4449137236851,179.17382613517947,59.444913723685104,174.17382613517947,69.4449137236851,184.17382613517947,1.0
4,1080,63.87125176829959,177.6589695968351,58.87125176829959,172.6589695968351,68.87125176829959,182.6589695968351,1.0
4,1081,63.95944916623409,178.0535770615997,58.95944916623409,173.0535770615997,68.9594491662341,183.0535770615997,1.0
4,1082,64.27045112865554,178.18462748284816,59.27045112865554,173.18462748284816,69.27045112865554,183.18462748284816,1.0
4,1083,63.8734005676217,177.3161935980082,58.8734005676217,172.3161935980082,68.8734005676217,182.3161935980082,1.0
4,1084,63.830907704396324,177.7898853010549,58.830907704396324,172.7898853010549,68.83090770439632,182.7898853010549,1.0
4,1085,63.731216916573516,177.89691670983015,58.731216916573516,172.89691670983015,68.73121691657352,182.89691670983015,1.0
4,1086,64.49398702595383,177.1208928606639,59.49398702595383,172.1208928606639,69.49398702595383,182.1208928606639,1.0
4,1087,64.96791979199415,176.40749799911347,59.96791979199415,171.40749799911347,69.96791979199415,181.40749799911347,1.0
4,1088,65.34834896039773,176.37555874664722,60.34834896039773,171.37555874664722,70.34834896039773,181.37555874664722,1.0
4,1089,65.42774932271006,176.09232598669132,60.427749322710056,171.09232598669132,70.42774932271006,181.09232598669132,1.0
4,1090,64.92387494563857,175.20970759093316,59.92387494563857,170.20970759093316,69.92387494563857,180.20970759093316,1.0
4,1091,64.54753132017689,174.4650492868363,59.54753132017689,169.4650492868363,69.54753132017689,179.4650492868363,1.0
4,1092,64.0258699676047,173.47305321544948,59.025869967604706,168.47305321544948,69.0258699676047,178.47305321544948,1.0
4,1093,63.40345755422602,172.3810873384041,58.40345755422602,167.3810873384041,68.40345755422602,177.3810873384041,1.0
4,1094,62.0577064809688,171.6728445017468,57.0577064809688,166.6728445017468,67.05770648096879,176.6728445017468,1.0
4,1095,61.017431634133224,170.97857450521857,56.017431634133224,165.97857450521857,66.01743163413323,175.97857450521857,1.0
4,1096,61.87490593103267,170.9378698370054,56.87490593103267,165.9378698370054,66.87490593103267,175.9378698370054,1.0
4,1097,62.270150073359446,170.09531381936154,57.270150073359446,165.09531381936154,67.27015007335945,175.09531381936154,1.0
4,1098,61.84336309932884,170.0531760701447,56.84336309932884,165.0531760701447,66.84336309932884,175.0531760701447,1.0
4,1099,60.6800783735493,169.66933380971628,55.6800783735493,164.66933380971628,65.68007837354929,174.66933380971628,1.0
4,1100,60.26518914744563,169.75995993607864,55.26518914744563,164.75995993607864,65.26518914744562,174.75995993607864,1.0
4,1101,59.74114332782672,169.05046439653555,54.74114332782672,164.05046439653555,64.74114332782672,174.05046439653555,1.0
4,1102,59.00603869725568,169.14635882900208,54.00603869725568,164.14635882900208,64.00603869725569,174.14635882900208,1.0
4,1103,58.165893535899926,169.58881565104582,53.165893535899926,164.58881565104582,63.165893535899926,174.58881565104582,1.0
4,1104,57.51546820651941,169.71085917271512,52.51546820651941,164.71085917271512,62.51546820651941,174.71085917271512,1.0
4,1105,57.45745320462971,170.12256586411874,52.45745320462971,165.12256586411874,62.45745320462971,175.12256586411874,1.0
4,1106,57.21173201715058,170.01765390322632,52.21173201715058,165.01765390322632,62.21173201715058,175.01765390322632,1.0
4,1107,57.477783524047844,170.8037915622442,52.477783524047844,165.8037915622442,62.477783524047844,175.8037915622442,1.0
4,1108,58.078875852004096,170.84067366345386,53.078875852004096,165.84067366345386,63.078875852004096,175.84067366345386,1.0
4,1109,58.00031189733185,169.89244089804225,53.00031189733185,164.89244089804225,63.00031189733185,174.89244089804225,1.0
4,1110,57.75279855446501,169.5656704690238,52.75279855446501,164.5656704690238,62.75279855446501,174.5656704690238,1.0
4,1111,57.47073009467418,168.43131046874382,52.47073009467418,163.43131046874382,62.47073009467418,173.43131046874382,1.0
4,1112,58.05412460569385,167.81463241258467,53.05412460569385,162.81463241258467,63.05412460569385,172.81463241258467,1.0
4,1113,59.523949422306764,166.62919359595605,54.523949422306764,161.62919359595605,64.52394942230677,171.62919359595605,1.0
4,1114,60.41921796776439,165.258316022097,55.41921796776439,160.258316022097,65.41921796776438,170.258316022097,1.0
4,1115,61.30367735036987,163.6943203296215,56.30367735036987,158.6943203296215,66.30367735036987,168.6943203296215,1.0
4,1116,61.37928483227142,162.67093905151293,56.37928483227142,157.67093905151293,66.37928483227142,167.67093905151293,1.0
4,1117,61.90061115526378,161.63299920006557,56.90061115526378,156.63299920006557,66.90061115526379,166.63299920006557,1.0
4,1118,61.34838294065425,160.41709036579843,56.34838294065425,155.41709036579843,66.34838294065425,165.41709036579843,1.0
4,1119,61.45161076069064,159.81864951351076,56.45161076069064,154.81864951351076,66.45161076069064,164.81864951351076,1.0
4,1120,61.65978906833984,160.30996630381864,56.65978906833984,155.30996630381864,66.65978906833985,165.30996630381864,1.0
4,1121,61.131254757654844,160.9971679954796,56.131254757654844,155.9971679954796,66.13125475765484,165.9971679954796,1.0
4,1122,59.972064505902765,161.81011819227402,54.972064505902765,156.81011819227402,64.97206450590276,166.81011819227402,1.0
4,1123,58.50924838056879,163.75458739835602,53.50924838056879,158.75458739835602,63.50924838056879,168.75458739835602,1.0
4,1124,57.842374128213244,165.92867501670167,52.842374128213244,160.92867501670167,62.842374128213244,170.92867501670167,1.0
4,1125,57.99665184428054,166.33402382935802,52.99665184428054,161.33402382935802,62.99665184428054,171.33402382935802,1.0
4,1126,57.78541898564491,166.03133942609222,52.78541898564491,161.03133942609222,62.78541898564491,171.03133942609222,1.0
4,1127,57.22456954903444,166.01893418927486,52.22456954903444,161.01893418927486,62.22456954903444,171.01893418927486,1.0
4,1128,55.92034311571204,165.8941446975088,50.92034311571204,160.8941446975088,60.92034311571204,170.8941446975088,1.0
4,1129,55.05965893954806,166.562742041511,50.05965893954806,161.562742041511,60.05965893954806,171.562742041511,1.0
4,1130,53.26175108614912,167.91959677107127,48.26175108614912,162.91959677107127,58.26175108614912,172.91959677107127,1.0
4,1131,52.63583793771734,167.69110897309056,47.63583793771734,162.69110897309056,57.63583793771734,172.69110897309056,1.0
4,1132,52.195657634191,167.20679294326163,47.195657634191,162.20679294326163,57.195657634191,172.20679294326163,1.0
4,1133,53.37176458155284,166.50380357406343,48.37176458155284,161.50380357406343,58.37176458155284,171.50380357406343,1.0
4,1134,54.20241354006294,165.00740369770466,49.20241354006294,160.00740369770466,59.20241354006294,170.00740369770466,1.0
4,1135,54.29925423664757,164.51829291694287,49.29925423664757,159.51829291694287,59.29925423664757,169.51829291694287,1.0
4,1136,53.83532665795182,164.07630608149765,48.83532665795182,159.07630608149765,58.83532665795182,169.07630608149765,1.0
4,1137,54.01968092601618,162.63149484954775,49.01968092601618,157.63149484954775,59.01968092601618,167.63149484954775,1.0
4,1138,54.475893137889955,161.7622115741033,49.475893137889955,156.7622115741033,59.475893137889955,166.7622115741033,1.0
4,1139,54.88429936038929,161.8034578398068,49.88429936038929,156.8034578398068,59.88429936038929,166.8034578398068,1.0
4,1140,55.41576870770413,161.08110845709177,50.41576870770413,156.08110845709177,60.41576870770413,166.08110845709177,1.0
4,1141,56.24762816843811,160.49653504236315,51.24762816843811,155.49653504236315,61.24762816843811,165.49653504236315,1.0
4,1142,57.06720045689442,160.69514390043383,52.06720045689442,155.69514390043383,62.06720045689442,165.69514390043383,1.0
4,1143,58.32294449531403,161.28443965849735,53.32294449531403,156.28443965849735,63.32294449531403,166.28443965849735,1.0
4,1144,59.60500856416865,161.51739118418703,54.60500856416865,156.51739118418703,64.60500856416866,166.51739118418703,1.0
4,1145,61.1018251061586,162.96070424565238,56.1018251061586,157.96070424565238,66.1018251061586,167.96070424565238,1.0
4,1146,61.46179573972993,163.12079533063465,56.46179573972993,158.12079533063465,66.46179573972992,168.12079533063465,1.0
4,1147,63.64403546191738,163.00383898424022,58.64403546191738,158.00383898424022,68.64403546191738,168.00383898424022,1.0
4,1148,63.604966227733776,163.46776844846434,58.604966227733776,158.46776844846434,68.60496622773377,168.46776844846434,1.0
4,1149,63.80708416162794,163.78117039618,58.80708416162794,158.78117039618,68.80708416162794,168.78117039618,1.0
4,1150,65.75500312669124,164.7693916995242,60.755003126691236,159.7693916995242,70.75500312669124,169.7693916995242,1.0
4,1151,66.34795308797119,165.39254877670749,61.34795308797119,160.39254877670749,71.34795308797119,170.39254877670749,1.0
4,1152,65.67489926978439,165.49325532190448,60.67489926978439,160.49325532190448,70.67489926978439,170.49325532190448,1.0
4,1153,65.45740704909925,165.54502514720204,60.457407049099245,160.54502514720204,70.45740704909925,170.54502514720204,1.0
4,1154,65.30008934627274,165.19397057379902,60.30008934627274,160.19397057379902,70.30008934627274,170.19397057379902,1.0
4,1155,65.7331602307065,165.64252803966474,60.7331602307065,160.64252803966474,70.7331602307065,170.64252803966474,1.0
4,1156,66.66571376859662,165.06598579350833,61.66571376859662,160.06598579350833,71.66571376859662,170.06598579350833,1.0
4,1157,67.29667000285306,165.5216349203577,62.29667000285306,160.5216349203577,72.29667000285306,170.5216349203577,1.0
4,1158,67.95197251424958,166.45102747393136,62.951972514249576,161.45102747393136,72.95197251424958,171.45102747393136,1.0
4,1159,69.18378550286344,167.82322356142797,64.18378550286344,162.82322356142797,74.18378550286344,172.82322356142797,1.0
4,1160,69.84294956824647,168.40513148490942,64.84294956824647,163.40513148490942,74.84294956824647,173.40513148490942,1.0
4,1161,70.00258980269143,168.66511225334395,65.00258980269143,163.66511225334395,75.00258980269143,173.66511225334395,1.0
4,1162,70.05764946346436,168.29266477838453,65.05764946346436,163.29266477838453,75.05764946346436,173.29266477838453,1.0
4,1163,70.44283617222041,169.39893889639274,65.44283617222041,164.39893889639274,75.44283617222041,174.39893889639274,1.0
4,1164,71.43160641616836,170.00351242342066,66.43160641616836,165.00351242342066,76.43160641616836,175.00351242342066,1.0
4,1165,71.51957900947528,170.07839680805512,66.51957900947528,165.07839680805512,76.51957900947528,175.07839680805512,1.0
4,1166,70.78194659389636,169.57868131031552,65.78194659389636,164.57868131031552,75.78194659389636,174.57868131031552,1.0
4,1167,69.75715639394912,168.74874572216785,64.75715639394912,163.74874572216785,74.75715639394912,173.74874572216785,1.0
4,1168,68.98322254158019,167.74355471264633,63.98322254158019,162.74355471264633,73.98322254158019,172.74355471264633,1.0
4,1169,67.78972915253527,168.02552694105884,62.78972915253527,163.02552694105884,72.78972915253527,173.02552694105884,1.0
4,1170,68.04969974330824,167.987197108782,63.04969974330824,162.987197108782,73.04969974330824,172.987197108782,1.0
4,1171,68.61719509093919,166.68301533977615,63.61719509093919,161.68301533977615,73.61719509093919,171.68301533977615,1.0
4,1172,69.44782726631456,166.21263679370443,64.44782726631456,161.21263679370443,74.44782726631456,171.21263679370443,1.0
4,1173,70.20288685603295,165.7820898059659,65.20288685603295,160.7820898059659,75.20288685603295,170.7820898059659,1.0
4,1174,71.40315464364119,165.18483090527812,66.40315464364119,160.18483090527812,76.40315464364119,170.18483090527812,1.0
4,1175,71.98961786960281,165.20592975262232,66.98961786960281,160.20592975262232,76.98961786960281,170.20592975262232,1.0
4,1176,72.7185298266581,165.56355987212666,67.7185298266581,160.56355987212666,77.7185298266581,170.56355987212666,1.0
4,1177,72.8055938387746,166.52117507778038,67.8055938387746,161.52117507778038,77.8055938387746,171.52117507778038,1.0
4,1178,72.72554364340994,166.11951456389193,67.72554364340994,161.11951456389193,77.72554364340994,171.11951456389193,1.0
4,1179,72.92967192230078,165.85663257457895,67.92967192230078,160.85663257457895,77.92967192230078,170.85663257457895,1.0
4,1180,72.59032107513437,166.30970940436978,67.59032107513437,161.30970940436978,77.59032107513437,171.30970940436978,1.0
4,1181,72.20540806177775,166.2220815965822,67.20540806177775,161.2220815965822,77.20540806177775,171.2220815965822,1.0
4,1182,71.64381733113314,165.8055491175082,66.64381733113314,160.8055491175082,76.64381733113314,170.8055491175082,1.0
4,1183,72.5112498192733,166.0393720315543,67.5112498192733,161.0393720315543,77.5112498192733,171.0393720315543,1.0
4,1184,73.75117463487312,166.04302206853373,68.75117463487312,161.04302206853373,78.75117463487312,171.04302206853373,1.0
4,1185,74.63208296259093,166.10800214660964,69.63208296259093,161.10800214660964,79.63208296259093,171.10800214660964,1.0
4,1186,76.08507726328679,166.45343048130113,71.08507726328679,161.45343048130113,81.08507726328679,171.45343048130113,1.0
4,1187,77.2213826031733,166.06908642500443,72.2213826031733,161.06908642500443,82.2213826031733,171.06908642500443,1.0
4,1188,78.95255877682644,165.3434629115759,73.95255877682644,160.3434629115759,83.95255877682644,170.3434629115759,1.0
4,1189,80.53609044033806,165.15079135506537,75.53609044033806,160.15079135506537,85.53609044033806,170.15079135506537,1.0
4,1190,81.83098180820555,163.52116868157913,76.83098180820555,158.52116868157913,86.83098180820555,168.52116868157913,1.0
4,1191,82.94641196552665,162.2958422266934,77.94641196552665,157.2958422266934,87.94641196552665,167.2958422266934,1.0
4,1192,82.91285748047865,161.66058681945955,77.91285748047865,156.66058681945955,87.91285748047865,166.66058681945955,1.0
4,1193,82.6779415202848,161.0541309168741,77.6779415202848,156.0541309168741,87.6779415202848,166.0541309168741,1.0
4,1194,83.3543108096701,161.11106938317153,78.3543108096701,156.11106938317153,88.3543108096701,166.11106938317153,1.0
4,1195,84.56461305820264,161.03853350979745,79.56461305820264,156.03853350979745,89.56461305820264,166.03853350979745,1.0
4,1196,84.35398829166073,161.16066884193634,79.35398829166073,156.16066884193634,89.35398829166073,166.16066884193634,1.0
4,1197,84.35972533421207,160.8060141654765,79.35972533421207,155.8060141654765,89.35972533421207,165.8060141654765,1.0
4,1198,84.49531746090248,159.68845457868065,79.49531746090248,154.68845457868065,89.49531746090248,164.68845457868065,1.0
4,1199,84.31737804788222,158.99779881294384,79.31737804788222,153.99779881294384,89.31737804788222,163.99779881294384,1.0
4,1200,84.24705141717189,158.16875504200758,79.24705141717189,153.16875504200758,89.24705141717189,163.16875504200758,1.0
4,1201,83.08529362712024,157.28344197999752,78.08529362712024,152.28344197999752,88.08529362712024,162.28344197999752,1.0
4,1202,82.97353357493039,156.39725786119482,77.97353357493039,151.39725786119482,87.97353357493039,161.39725786119482,1.0
4,1203,83.30314287327232,155.46824877353754,78.30314287327232,150.46824877353754,88.30314287327232,160.46824877353754,1.0
4,1204,83.57924768600503,154.49609390036994,78.57924768600503,149.49609390036994,88.57924768600503,159.49609390036994,1.0
4,1205,83.57317931671648,154.55599242806122,78.57317931671648,149.55599242806122,88.57317931671648,159.55599242806122,1.0
4,1206,82.2951525323898,153.3000860834067,77.2951525323898,148.3000860834067,87.2951525323898,158.3000860834067,1.0
4,1207,81.56612442483562,153.52646480968735,76.56612442483562,148.52646480968735,86.56612442483562,158.52646480968735,1.0
4,1208,81.90553488594685,153.43074544495207,76.90553488594685,148.43074544495207,86.90553488594685,158.43074544495207,1.0
4,1209,82.15138530274461,152.98805301819033,77.15138530274461,147.98805301819033,87.15138530274461,157.98805301819033,1.0
4,1210,82.41004550852392,153.88702922647542,77.41004550852392,148.88702922647542,87.41004550852392,158.88702922647542,1.0
4,1211,82.01086364297132,154.7154790003496,77.01086364297132,149.7154790003496,87.01086364297132,159.7154790003496,1.0
4,1212,81.47699675521238,155.07065677386686,76.47699675521238,150.07065677386686,86.47699675521238,160.07065677386686,1.0
4,1213,80.7066425382157,156.69967871737234,75.7066425382157,151.69967871737234,85.7066425382157,161.69967871737234,1.0
4,1214,79.56209716360223,156.97047595742805,74.56209716360223,151.97047595742805,84.56209716360223,161.97047595742805,1.0
4,1215,78.69783210609552,157.5293043299477,73.69783210609552,152.5293043299477,83.69783210609552,162.5293043299477,1.0
4,1216,77.52822345531658,158.50643268044485,72.52822345531658,153.50643268044485,82.52822345531658,163.50643268044485,1.0
4,1217,76.13604340878825,158.7879864689336,71.13604340878825,153.7879864689336,81.13604340878825,163.7879864689336,1.0
4,1218,75.26535250620306,158.58846294662118,70.26535250620306,153.58846294662118,80.26535250620306,163.58846294662118,1.0
4,1219,74.40375698609962,158.7129093246658,69.40375698609962,153.7129093246658,79.40375698609962,163.7129093246658,1.0
4,1220,73.95598033100438,157.89481790013642,68.95598033100438,152.89481790013642,78.95598033100438,162.89481790013642,1.0
4,1221,73.6535120309509,156.70061150521363,68.6535120309509,151.70061150521363,78.6535120309509,161.70061150521363,1.0
4,1222,73.01539228851348,156.02764340400057,68.01539228851348,151.02764340400057,78.01539228851348,161.02764340400057,1.0
4,1223,72.73094501976274,156.7555456223778,67.73094501976274,151.7555456223778,77.73094501976274,161.7555456223778,1.0
4,1224,72.19797478615632,157.01494938615124,67.19797478615632,152.01494938615124,77.19797478615632,162.01494938615124,1.0
4,1225,71.2559160401896,157.37451306274767,66.2559160401896,152.37451306274767,76.2559160401896,162.37451306274767,1.0
4,1226,71.39087442484444,157.73785979388305,66.39087442484444,152.73785979388305,76.39087442484444,162.73785979388305,1.0
4,1227,70.74758918301487,157.29765572354515,65.74758918301487,152.29765572354515,75.74758918301487,162.29765572354515,1.0
4,1228,70.39084173423282,157.68157276708396,65.39084173423282,152.68157276708396,75.39084173423282,162.68157276708396,1.0
4,1229,69.36927567470693,157.94956130386518,64.36927567470693,152.94956130386518,74.36927567470693,162.94956130386518,1.0
4,1230,69.36961294529083,157.92239773979975,64.36961294529083,152.92239773979975,74.36961294529083,162.92239773979975,1.0
4,1231,70.33089827675524,157.6912415322191,65.33089827675524,152.6912415322191,75.33089827675524,162.6912415322191,1.0
4,1232,71.12523101245796,158.6923273598931,66.12523101245796,153.6923273598931,76.12523101245796,163.6923273598931,1.0
4,1233,71.13506152758654,159.85453253416566,66.13506152758654,154.85453253416566,76.13506152758654,164.85453253416566,1.0
4,1234,70.83842590866045,160.83629171590044,65.83842590866045,155.83629171590044,75.83842590866045,165.83629171590044,1.0
4,1235,72.02876162358822,161.43156764595625,67.02876162358822,156.43156764595625,77.02876162358822,166.43156764595625,1.0
4,1236,73.21000790462209,162.13713189893429,68.21000790462209,157.13713189893429,78.21000790462209,167.13713189893429,1.0
4,1237,73.2977177077591,162.66798735303203,68.2977177077591,157.66798735303203,78.2977177077591,167.66798735303203,1.0
4,1238,73.1788703519756,162.79788555003248,68.1788703519756,157.79788555003248,78.1788703519756,167.79788555003248,1.0
4,1239,72.96106734414269,164.11038698176628,67.96106734414269,159.11038698176628,77.96106734414269,169.11038698176628,1.0
4,1240,71.19132974032851,166.3966961914966,66.19132974032851,161.3966961914966,76.19132974032851,171.3966961914966,1.0
4,1241,70.09338605440449,167.9472551781178,65.09338605440449,162.9472551781178,75.09338605440449,172.9472551781178,1.0
4,1242,70.27206616866097,169.41796142522622,65.27206616866097,164.41796142522622,75.27206616866097,174.41796142522622,1.0
4,1243,69.73559365125853,169.7376828106419,64.73559365125853,164.7376828106419,74.73559365125853,174.7376828106419,1.0
4,1244,68.45714939385537,169.21821112267628,63.457149393855374,164.21821112267628,73.45714939385537,174.21821112267628,1.0
4,1245,67.66306493407492,168.97230835921673,62.663064934074924,163.97230835921673,72.66306493407492,173.97230835921673,1.0
4,1246,66.49017521448957,169.5068050866832,61.49017521448957,164.5068050866832,71.49017521448957,174.5068050866832,1.0
4,1247,65.47078840167114,170.27216273417613,60.47078840167114,165.27216273417613,70.47078840167114,175.27216273417613,1.0
4,1248,64.69764313149312,170.38210993885414,59.69764313149312,165.38210993885414,69.69764313149312,175.38210993885414,1.0
4,1249,63.620734134077296,171.0436624111005,58.620734134077296,166.0436624111005,68.6207341340773,176.0436624111005,1.0
4,1250,62.460574034649746,171.80933995385925,57.460574034649746,166.80933995385925,67.46057403464974,176.80933995385925,1.0
4,1251,61.6087847377819,172.85157839805598,56.6087847377819,167.85157839805598,66.6087847377819,177.85157839805598,1.0
4,1252,60.980491418951935,173.17612313127756,55.980491418951935,168.17612313127756,65.98049141895194,178.17612313127756,1.0
4,1253,60.264070572795745,173.7425099470089,55.264070572795745,168.7425099470089,65.26407057279575,178.7425099470089,1.0
4,1254,60.42157269966048,174.76658798538773,55.42157269966048,169.76658798538773,65.42157269966049,179.76658798538773,1.0
4,1255,59.5365284361968,176.44240979961825,54.5365284361968,171.44240979961825,64.53652843619679,181.44240979961825,1.0
4,1256,58.9290597672488,177.58885559574128,53.9290597672488,172.58885559574128,63.9290597672488,182.58885559574128,1.0
4,1257,58.71203786071007,178.10984796537764,53.71203786071007,173.10984796537764,63.71203786071007,183.10984796537764,1.0
4,1258,59.64926041982352,177.95680739330282,54.64926041982352,172.95680739330282,64.64926041982352,182.95680739330282,1.0
4,1259,60.93243280044323,177.41165358281683,55.93243280044323,172.41165358281683,65.93243280044322,182.41165358281683,1.0
4,1260,61.6076950469679,176.24603297921922,56.6076950469679,171.24603297921922,66.6076950469679,181.24603297921922,1.0
4,1261,62.06949818833815,176.1554206641384,57.06949818833815,171.1554206641384,67.06949818833814,181.1554206641384,1.0
4,1262,61.432713047760274,176.76748351454955,56.432713047760274,171.76748351454955,66.43271304776027,181.76748351454955,1.0
4,1263,60.65126810599792,176.3156667948348,55.65126810599792,171.3156667948348,65.65126810599793,181.3156667948348,1.0
4,1264,60.12035294365249,175.09730501225096,55.12035294365249,170.09730501225096,65.12035294365249,180.09730501225096,1.0
4,1265,59.76328396664983,175.26709504859838,54.76328396664983,170.26709504859838,64.76328396664982,180.26709504859838,1.0
4,1266,59.6875567353527,175.01552136649758,54.6875567353527,170.01552136649758,64.6875567353527,180.01552136649758,1.0
4,1267,59.44286506050214,174.8695049050309,54.44286506050214,169.8695049050309,64.44286506050214,179.8695049050309,1.0
4,1268,59.67550912077243,174.4439679104639,54.67550912077243,169.4439679104639,64.67550912077243,179.4439679104639,1.0
4,1269,60.62820558591494,174.89407260960218,55.62820558591494,169.89407260960218,65.62820558591494,179.89407260960218,1.0
4,1270,61.0162073754086,175.39862293559204,56.0162073754086,170.39862293559204,66.0162073754086,180.39862293559204,1.0
4,1271,62.39225366724257,175.17601716541648,57.39225366724257,170.17601716541648,67.39225366724257,180.17601716541648,1.0
4,1272,63.10891777338427,174.81125223627663,58.10891777338427,169.81125223627663,68.10891777338426,179.81125223627663,1.0
4,1273,63.836237569941616,173.82774355264453,58.836237569941616,168.82774355264453,68.83623756994162,178.82774355264453,1.0
4,1274,63.718345097732495,173.08453952467798,58.718345097732495,168.08453952467798,68.7183450977325,178.08453952467798,1.0
4,1275,63.00785833034598,172.94068744190798,58.00785833034598,167.94068744190798,68.00785833034598,177.94068744190798,1.0
4,1276,62.767156424924195,172.9142147442246,57.767156424924195,167.9142147442246,67.7671564249242,177.9142147442246,1.0
4,1277,63.69953891258749,171.3921603865237,58.69953891258749,166.3921603865237,68.69953891258749,176.3921603865237,1.0
4,1278,63.876519277920025,171.9277449733295,58.876519277920025,166.9277449733295,68.87651927792002,176.9277449733295,1.0
4,1279,63.745014571980214,171.74139726319743,58.745014571980214,166.74139726319743,68.74501457198022,176.74139726319743,1.0
4,1280,63.32480195493414,171.42519292483058,58.32480195493414,166.42519292483058,68.32480195493414,176.42519292483058,1.0
4,1281,63.991551862729814,172.0683921720735,58.991551862729814,167.0683921720735,68.9915518627298,177.0683921720735,1.0
4,1282,64.91487551818452,171.94399916440443,59.914875518184516,166.94399916440443,69.91487551818452,176.94399916440443,1.0
4,1283,66.2933098861532,172.19418272975085,61.293309886153196,167.19418272975085,71.2933098861532,177.19418272975085,1.0
4,1284,66.76821215037711,172.84860136669468,61.76821215037711,167.84860136669468,71.76821215037711,177.84860136669468,1.0
4,1285,65.64665326726805,173.4241895445877,60.64665326726805,168.4241895445877,70.64665326726805,178.4241895445877,1.0
4,1286,64.73177159795851,175.12634407934783,59.73177159795851,170.12634407934783,69.73177159795851,180.12634407934783,1.0
4,1287,64.28225869163586,176.80874369236722,59.28225869163586,171.80874369236722,69.28225869163586,181.80874369236722,1.0
4,1288,64.62247010681652,179.32102133613063,59.62247010681652,174.32102133613063,69.62247010681652,184.32102133613063,1.0
4,1289,64.99730560044674,180.30388791489997,59.99730560044674,175.30388791489997,69.99730560044674,185.30388791489997,1.0
4,1290,64.54883055151353,179.08251755063654,59.54883055151353,174.08251755063654,69.54883055151353,184.08251755063654,1.0
4,1291,65.26822470759298,178.68746650033722,60.26822470759298,173.68746650033722,70.26822470759298,183.68746650033722,1.0
4,1292,65.02614271449038,178.1856991294051,60.026142714490376,173.1856991294051,70.02614271449038,183.1856991294051,1.0
4,1293,64.29489219914845,178.71361804634887,59.29489219914845,173.71361804634887,69.29489219914845,183.71361804634887,1.0
4,1294,65.33075513780356,178.78356807409503,60.330755137803564,173.78356807409503,70.33075513780356,183.78356807409503,1.0
4,1295,66.71959603870327,178.5631830674785,61.71959603870327,173.5631830674785,71.71959603870327,183.5631830674785,1.0
4,1296,66.80407954123902,178.40785515878702,61.80407954123902,173.40785515878702,71.80407954123902,183.40785515878702,1.0
4,1297,65.97179515424692,177.6735436771655,60.97179515424692,172.6735436771655,70.97179515424692,182.6735436771655,1.0
4,1298,66.09961999256507,175.99362875268662,61.09961999256507,170.99362875268662,71.09961999256507,180.99362875268662,1.0
4,1299,65.45371274414643,174.7980863621036,60.45371274414643,169.7980863621036,70.45371274414643,179.7980863621036,1.0
4,1300,64.2316511521859,175.1320705797414,59.231651152185904,170.1320705797414,69.2316511521859,180.1320705797414,1.0
4,1301,63.86490873388446,175.22728823807165,58.86490873388446,170.22728823807165,68.86490873388446,180.22728823807165,1.0
4,1302,63.395461197900296,175.50018334148405,58.395461197900296,170.50018334148405,68.39546119790029,180.50018334148405,1.0
4,1303,63.665756988614376,175.30516607890084,58.665756988614376,170.30516607890084,68.66575698861438,180.30516607890084,1.0
4,1304,63.678931057455955,175.47614392647623,58.678931057455955,170.47614392647623,68.67893105745596,180.47614392647623,1.0
4,1305,63.55729667161863,176.01526570748047,58.55729667161863,171.01526570748047,68.55729667161863,181.01526570748047,1.0
4,1306,62.9785704186203,175.95712908448584,57.9785704186203,170.95712908448584,67.97857041862031,180.95712908448584,1.0
4,1307,61.519322544104654,176.6243952166264,56.519322544104654,171.6243952166264,66.51932254410465,181.6243952166264,1.0
4,1308,60.66450005349182,176.55264859243306,55.66450005349182,171.55264859243306,65.66450005349182,181.55264859243306,1.0
4,1309,59.69603570273365,176.66487544053408,54.69603570273365,171.66487544053408,64.69603570273365,181.66487544053408,1.0
4,1310,59.51662807414898,176.6247392202317,54.51662807414898,171.6247392202317,64.51662807414898,181.6247392202317,1.0
4,1311,60.11291098354678,176.94971032422544,55.11291098354678,171.94971032422544,65.11291098354678,181.94971032422544,1.0
4,1312,60.14816270605842,177.3429730517409,55.14816270605842,172.3429730517409,65.14816270605843,182.3429730517409,1.0
4,1313,60.38631306766036,177.76232697050236,55.38631306766036,172.76232697050236,65.38631306766035,182.76232697050236,1.0
4,1314,59.890309219904545,177.31819843810072,54.890309219904545,172.31819843810072,64.89030921990454,182.31819843810072,1.0
4,1315,58.3524158969843,176.95723542654684,53.3524158969843,171.95723542654684,63.3524158969843,181.95723542654684,1.0
4,1316,57.996307603688706,176.3493872625329,52.996307603688706,171.3493872625329,62.996307603688706,181.3493872625329,1.0
4,1317,57.767489516294454,177.48318623403148,52.767489516294454,172.48318623403148,62.767489516294454,182.48318623403148,1.0
4,1318,56.880557293205236,178.77941993715996,51.880557293205236,173.77941993715996,61.880557293205236,183.77941993715996,1.0
4,1319,56.312720200671045,178.76303098061592,51.312720200671045,173.76303098061592,61.312720200671045,183.76303098061592,1.0
4,1320,56.488840066642744,178.35786759382773,51.488840066642744,173.35786759382773,61.488840066642744,183.35786759382773,1.0
4,1321,56.830972596406724,178.79888268614658,51.830972596406724,173.79888268614658,61.830972596406724,183.79888268614658,1.0
4,1322,57.19388203243213,180.3880120675906,52.19388203243213,175.3880120675906,62.19388203243213,185.3880120675906,1.0
4,1323,57.08751243138541,181.4914088377106,52.08751243138541,176.4914088377106,62.08751243138541,186.4914088377106,1.0
4,1324,57.09813702494929,181.86315590986044,52.09813702494929,176.86315590986044,62.09813702494929,186.86315590986044,1.0
4,1325,57.31337262578401,182.24805825245247,52.31337262578401,177.24805825245247,62.31337262578401,187.24805825245247,1.0
4,1326,57.06516610678031,183.3600506403845,52.06516610678031,178.3600506403845,62.06516610678031,188.3600506403845,1.0
4,1327,56.693118450622435,183.7583450741136,51.693118450622435,178.7583450741136,61.693118450622435,188.7583450741136,1.0
4,1328,54.97888270674229,184.3925972628984,49.97888270674229,179.3925972628984,59.97888270674229,189.3925972628984,1.0
4,1329,54.185226999803845,185.00883936572242,49.185226999803845,180.00883936572242,59.185226999803845,190.00883936572242,1.0
4,1330,53.710143538860954,185.37153720361272,48.710143538860954,180.37153720361272,58.710143538860954,190.37153720361272,1.0
4,1331,53.53681115951787,184.4347881921877,48.53681115951787,179.4347881921877,58.53681115951787,189.4347881921877,1.0
4,1332,53.30851323640755,183.7823418126315,48.30851323640755,178.7823418126315,58.30851323640755,188.7823418126315,1.0
4,1333,53.16238776526736,183.7270683563669,48.16238776526736,178.7270683563669,58.16238776526736,188.7270683563669,1.0
4,1334,54.44989907367488,183.7325178333593,49.44989907367488,178.7325178333593,59.44989907367488,188.7325178333593,1.0
4,1335,56.03114211228612,183.20506108083976,51.03114211228612,178.20506108083976,61.03114211228612,188.20506108083976,1.0
4,1336,57.44617778933915,182.60494751940655,52.44617778933915,177.60494751940655,62.44617778933915,187.60494751940655,1.0
4,1337,58.049535192251355,182.7147936512483,53.049535192251355,177.7147936512483,63.049535192251355,187.7147936512483,1.0
4,1338,58.22021651675874,183.62591810036395,53.22021651675874,178.62591810036395,63.22021651675874,188.62591810036395,1.0
4,1339,58.135467532585764,183.68262559116997,53.135467532585764,178.68262559116997,63.135467532585764,188.68262559116997,1.0
4,1340,58.12387665963838,182.5321511273616,53.12387665963838,177.5321511273616,63.12387665963838,187.5321511273616,1.0
4,1341,58.61445455552908,181.12516554757332,53.61445455552908,176.12516554757332,63.61445455552908,186.12516554757332,1.0
4,1342,59.222831616307346,180.1484485799597,54.222831616307346,175.1484485799597,64.22283161630735,185.1484485799597,1.0
4,1343,59.46359414475061,180.31258549711404,54.46359414475061,175.31258549711404,64.4635941447506,185.31258549711404,1.0
4,1344,58.613158851115855,180.76411197193164,53.613158851115855,175.76411197193164,63.613158851115855,185.76411197193164,1.0
4,1345,57.793068099560784,180.63126362545185,52.793068099560784,175.63126362545185,62.793068099560784,185.63126362545185,1.0
4,1346,57.551057235344786,181.04599748897175,52.551057235344786,176.04599748897175,62.551057235344786,186.04599748897175,1.0
4,1347,58.33804057112934,180.99291143143049,53.33804057112934,175.99291143143049,63.33804057112934,185.99291143143049,1.0
4,1348,59.23609264754156,180.63135154059663,54.23609264754156,175.63135154059663,64.23609264754157,185.63135154059663,1.0
4,1349,59.99414279669231,180.36595260003378,54.99414279669231,175.36595260003378,64.9941427966923,185.36595260003378,1.0
4,1350,61.93571200995459,181.0297740746695,56.93571200995459,176.0297740746695,66.93571200995459,186.0297740746695,1.0
4,1351,63.74732430029587,181.66392783512717,58.74732430029587,176.66392783512717,68.74732430029587,186.66392783512717,1.0
4,1352,64.7635374244735,181.7416872636429,59.7635374244735,176.7416872636429,69.7635374244735,186.7416872636429,1.0
4,1353,65.17796640206353,180.69485045129602,60.17796640206353,175.69485045129602,70.17796640206353,185.69485045129602,1.0
4,1354,65.2379752390851,180.8397972668109,60.2379752390851,175.8397972668109,70.2379752390851,185.8397972668109,1.0
4,1355,65.96084087628611,180.47046539465967,60.96084087628611,175.47046539465967,70.96084087628611,185.47046539465967,1.0
4,1356,65.90023213082517,181.57202436638104,60.900232130825174,176.57202436638104,70.90023213082517,186.57202436638104,1.0
4,1357,65.59306616472101,181.54559846890044,60.59306616472101,176.54559846890044,70.59306616472101,186.54559846890044,1.0
4,1358,65.0769270832784,182.09590412800515,60.076927083278406,177.09590412800515,70.0769270832784,187.09590412800515,1.0
4,1359,65.13497513503606,183.36189942129005,60.13497513503606,178.36189942129005,70.13497513503606,188.36189942129005,1.0
4,1360,66.3041954661944,183.3765866028969,61.3041954661944,178.3765866028969,71.3041954661944,188.3765866028969,1.0
4,1361,66.98467094716415,183.7664108191542,61.98467094716415,178.7664108191542,71.98467094716415,188.7664108191542,1.0
4,1362,66.33423750601587,185.07962272953276,61.33423750601587,180.07962272953276,71.33423750601587,190.07962272953276,1.0
4,1363,65.3978699307317,186.11567704021218,60.3978699307317,181.11567704021218,70.3978699307317,191.11567704021218,1.0
4,1364,66.21705991513085,187.31822679724002,61.21705991513085,182.31822679724002,71.21705991513085,192.31822679724002,1.0
4,1365,66.32675183857734,187.5797050058364,61.32675183857734,182.5797050058364,71.32675183857734,192.5797050058364,1.0
4,1366,66.47016406115411,187.02895169269564,61.47016406115411,182.02895169269564,71.47016406115411,192.02895169269564,1.0
4,1367,67.21027185679063,186.85473595889303,62.21027185679063,181.85473595889303,72.21027185679063,191.85473595889303,1.0
4,1368,67.45667225211074,187.4539964453803,62.456672252110735,182.4539964453803,72.45667225211074,192.4539964453803,1.0
4,1369,67.62670549525467,187.8421390775705,62.62670549525467,182.8421390775705,72.62670549525467,192.8421390775705,1.0
4,1370,67.7417681352667,188.58071498256837,62.741768135266696,183.58071498256837,72.7417681352667,193.58071498256837,1.0
4,1371,67.5650968687487,188.3209200084169,62.5650968687487,183.3209200084169,72.5650968687487,193.3209200084169,1.0
4,1372,67.95024611412369,187.60623552846803,62.950246114123686,182.60623552846803,72.95024611412369,192.60623552846803,1.0
4,1373,68.04056696730981,188.19167438266626,63.040566967309815,183.19167438266626,73.04056696730981,193.19167438266626,1.0
4,1374,67.64401345282161,188.10358114557656,62.64401345282161,183.10358114557656,72.64401345282161,193.10358114557656,1.0
4,1375,67.83597731693924,187.67715599977527,62.835977316939235,182.67715599977527,72.83597731693924,192.67715599977527,1.0
4,1376,67.59953780578444,187.60077206938425,62.599537805784436,182.60077206938425,72.59953780578444,192.60077206938425,1.0
4,1377,67.2094668464688,188.041495854697,62.2094668464688,183.041495854697,72.2094668464688,193.041495854697,1.0
4,1378,67.3974522867948,188.16191708861027,62.3974522867948,183.16191708861027,72.3974522867948,193.16191708861027,1.0
4,1379,66.89887120291996,187.19536266880866,61.89887120291996,182.19536266880866,71.89887120291996,192.19536266880866,1.0
4,1380,67.35279336848343,185.92667310991573,62.35279336848343,180.92667310991573,72.35279336848343,190.92667310991573,1.0
4,1381,67.1730455554475,186.05813911724402,62.1730455554475,181.05813911724402,72.1730455554475,191.05813911724402,1.0
4,1382,66.64498334579866,186.38360268420556,61.644983345798664,181.38360268420556,71.64498334579866,191.38360268420556,1.0
4,1383,67.66404580092328,186.37260021756296,62.664045800923276,181.37260021756296,72.66404580092328,191.37260021756296,1.0
4,1384,68.36415879534823,186.75762616767045,63.36415879534823,181.75762616767045,73.36415879534823,191.75762616767045,1.0
4,1385,68.21961956054523,188.16701562234442,63.219619560545226,183.16701562234442,73.21961956054523,193.16701562234442,1.0
4,1386,67.55353221392662,188.6107374424671,62.553532213926616,183.6107374424671,72.55353221392662,193.6107374424671,1.0
4,1387,67.00516390255471,188.90633977057576,62.00516390255471,183.90633977057576,72.00516390255471,193.90633977057576,1.0
4,1388,67.41865456219529,189.51777955208095,62.418654562195286,184.51777955208095,72.41865456219529,194.51777955208095,1.0
4,1389,67.71081301029038,189.09896973009035,62.71081301029038,184.09896973009035,72.71081301029038,194.09896973009035,1.0
4,1390,67.79480910054494,190.05155165647835,62.79480910054494,185.05155165647835,72.79480910054494,195.05155165647835,1.0
4,1391,68.26949953077228,190.55540307133714,63.26949953077228,185.55540307133714,73.26949953077228,195.55540307133714,1.0
4,1392,67.57614471071798,190.21717517248086,62.57614471071798,185.21717517248086,72.57614471071798,195.21717517248086,1.0
4,1393,67.07617685320065,190.94504992417194,62.07617685320065,185.94504992417194,72.07617685320065,195.94504992417194,1.0
4,1394,67.1356581229348,191.02768259539036,62.1356581229348,186.02768259539036,72.1356581229348,196.02768259539036,1.0
4,1395,66.76365162104324,191.20309678259383,61.76365162104324,186.20309678259383,71.76365162104324,196.20309678259383,1.0
4,1396,66.93526918430466,191.91028777659727,61.93526918430466,186.91028777659727,71.93526918430466,196.91028777659727,1.0
4,1397,67.98930158428311,191.07748982164568,62.98930158428311,186.07748982164568,72.98930158428311,196.07748982164568,1.0
4,1398,69.03235520657863,191.9097435044871,64.03235520657863,186.9097435044871,74.03235520657863,196.9097435044871,1.0
4,1399,70.21117774609141,192.60929140899003,65.21117774609141,187.60929140899003,75.21117774609141,197.60929140899003,1.0
4,1400,71.13154442888923,192.99143612485173,66.13154442888923,187.99143612485173,76.13154442888923,197.99143612485173,1.0
4,1401,71.25573357598378,192.9666065014798,66.25573357598378,187.9666065014798,76.25573357598378,197.9666065014798,1.0
4,1402,70.746356517895,193.00503951834892,65.746356517895,188.00503951834892,75.746356517895,198.00503951834892,1.0
4,1403,70.33177974695747,193.08433053465592,65.33177974695747,188.08433053465592,75.33177974695747,198.08433053465592,1.0
4,1404,70.13835400261782,193.02633296570744,65.13835400261782,188.02633296570744,75.13835400261782,198.02633296570744,1.0
4,1405,70.07350923542168,193.48485236201054,65.07350923542168,188.48485236201054,75.07350923542168,198.48485236201054,1.0
4,1406,70.97887740496223,194.22581531822104,65.97887740496223,189.22581531822104,75.97887740496223,199.22581531822104,1.0
4,1407,70.49309068575118,194.87502888156897,65.49309068575118,189.87502888156897,75.49309068575118,199.87502888156897,1.0
4,1408,69.00954445841369,194.51044573645717,64.00954445841369,189.51044573645717,74.00954445841369,199.51044573645717,1.0
4,1409,67.8409363740905,194.29574684638627,62.840936374090504,189.29574684638627,72.8409363740905,199.29574684638627,1.0
4,1410,67.10314447928045,193.40846401817598,62.103144479280445,188.40846401817598,72.10314447928045,198.40846401817598,1.0
4,1411,66.96421293849743,192.8493662363658,61.964212938497425,187.8493662363658,71.96421293849743,197.8493662363658,1.0
4,1412,65.65674896840765,192.17844721900323,60.656748968407655,187.17844721900323,70.65674896840765,197.17844721900323,1.0
4,1413,64.57542303564573,192.24950570151557,59.57542303564573,187.24950570151557,69.57542303564573,197.24950570151557,1.0
4,1414,63.63208166862276,191.8987065879763,58.63208166862276,186.8987065879763,68.63208166862276,196.8987065879763,1.0
4,1415,62.16610023363978,191.01121065403012,57.16610023363978,186.01121065403012,67.16610023363978,196.01121065403012,1.0
4,1416,61.330022173631804,190.2842375835511,56.330022173631804,185.2842375835511,66.3300221736318,195.2842375835511,1.0
4,1417,61.18594285558473,190.36564560021006,56.18594285558473,185.36564560021006,66.18594285558473,195.36564560021006,1.0
4,1418,60.772880843553395,190.34618808862515,55.772880843553395,185.34618808862515,65.7728808435534,195.34618808862515,1.0
4,1419,59.98473373002106,191.17090563028532,54.98473373002106,186.17090563028532,64.98473373002106,196.17090563028532,1.0
4,1420,59.540401655995,191.3122772625372,54.540401655995,186.3122772625372,64.540401655995,196.3122772625372,1.0
4,1421,60.948325019605925,190.82614699118574,55.948325019605925,185.82614699118574,65.94832501960593,195.82614699118574,1.0
4,1422,61.17853389998227,190.83864011814237,56.17853389998227,185.83864011814237,66.17853389998227,195.83864011814237,1.0
4,1423,60.90777711644002,190.2510219246701,55.90777711644002,185.2510219246701,65.90777711644003,195.2510219246701,1.0
4,1424,61.27720203112409,190.96944515468215,56.27720203112409,185.96944515468215,66.27720203112409,195.96944515468215,1.0
4,1425,61.4382021222069,191.34425778057047,56.4382021222069,186.34425778057047,66.4382021222069,196.34425778057047,1.0
4,1426,61.669940613481735,191.0796819543518,56.669940613481735,186.0796819543518,66.66994061348174,196.0796819543518,1.0
4,1427,62.37841400896457,191.70068160518363,57.37841400896457,186.70068160518363,67.37841400896457,196.70068160518363,1.0
4,1428,62.98147072965815,192.69519117759575,57.98147072965815,187.69519117759575,67.98147072965816,197.69519117759575,1.0
4,1429,62.672217987271154,192.60305880053102,57.672217987271154,187.60305880053102,67.67221798727115,197.60305880053102,1.0
4,1430,61.54484402070942,192.0218413224792,56.54484402070942,187.0218413224792,66.54484402070942,197.0218413224792,1.0
4,1431,60.95150942358035,192.01491643287096,55.95150942358035,187.01491643287096,65.95150942358035,197.01491643287096,1.0
4,1432,60.66573066156951,191.20476170273355,55.66573066156951,186.20476170273355,65.66573066156951,196.20476170273355,1.0
4,1433,61.13201268332683,190.84710253241812,56.13201268332683,185.84710253241812,66.13201268332682,195.84710253241812,1.0
4,1434,60.94759346815586,190.71589853397725,55.94759346815586,185.71589853397725,65.94759346815586,195.71589853397725,1.0
4,1435,61.63786616135954,191.6419398584294,56.63786616135954,186.6419398584294,66.63786616135954,196.6419398584294,1.0
4,1436,62.11925972653499,192.21809221769618,57.11925972653499,187.21809221769618,67.11925972653499,197.21809221769618,1.0
4,1437,62.109526236618464,192.1658577974493,57.109526236618464,187.1658577974493,67.10952623661846,197.1658577974493,1.0
4,1438,62.85144777309558,192.08488894510262,57.85144777309558,187.08488894510262,67.85144777309557,197.08488894510262,1.0
4,1439,63.54543506031499,191.7510504458371,58.54543506031499,186.7510504458371,68.54543506031499,196.7510504458371,1.0
4,1440,63.25158613645948,191.03230623894765,58.25158613645948,186.03230623894765,68.25158613645948,196.03230623894765,1.0
4,1441,62.47764933735854,191.1507203268482,57.47764933735854,186.1507203268482,67.47764933735854,196.1507203268482,1.0
4,1442,61.6506928829483,192.30840787400982,56.6506928829483,187.30840787400982,66.6506928829483,197.30840787400982,1.0
4,1443,60.96196574090764,192.82818501887587,55.96196574090764,187.82818501887587,65.96196574090763,197.82818501887587,1.0
4,1444,59.59716283340538,193.01879015294492,54.59716283340538,188.01879015294492,64.59716283340538,198.01879015294492,1.0
4,1445,58.932836457872526,193.03251814212817,53.932836457872526,188.03251814212817,63.932836457872526,198.03251814212817,1.0
4,1446,59.030753946105314,193.74644412853746,54.030753946105314,188.74644412853746,64.0307539461053,198.74644412853746,1.0
4,1447,59.34020260286102,193.99620951636317,54.34020260286102,188.99620951636317,64.34020260286101,198.99620951636317,1.0
4,1448,60.33285330759932,194.6767100492786,55.33285330759932,189.6767100492786,65.33285330759932,199.6767100492786,1.0
4,1449,62.709667909301864,195.22419502439158,57.709667909301864,190.22419502439158,67.70966790930186,200.22419502439158,1.0
4,1450,64.03325685168491,195.32040494248253,59.03325685168491,190.32040494248253,69.03325685168491,200.32040494248253,1.0
4,1451,64.0123435625264,196.24715176333797,59.0123435625264,191.24715176333797,69.0123435625264,201.24715176333797,1.0
4,1452,63.50868043445017,196.7224853881757,58.50868043445017,191.7224853881757,68.50868043445017,201.7224853881757,1.0
4,1453,62.23011295954615,196.75504894244426,57.23011295954615,191.75504894244426,67.23011295954615,201.75504894244426,1.0
4,1454,62.104948408202155,196.8008347671104,57.104948408202155,191.8008347671104,67.10494840820215,201.8008347671104,1.0
4,1455,61.00103821007214,196.3083077269051,56.00103821007214,191.3083077269051,66.00103821007214,201.3083077269051,1.0
4,1456,61.14662258059329,195.58085230950937,56.14662258059329,190.58085230950937,66.14662258059329,200.58085230950937,1.0
4,1457,61.56232770461395,195.24619555648468,56.56232770461395,190.24619555648468,66.56232770461395,200.24619555648468,1.0
4,1458,61.8659064332792,195.61760308034533,56.8659064332792,190.61760308034533,66.8659064332792,200.61760308034533,1.0
4,1459,61.99904883318683,198.1891068635879,56.99904883318683,193.1891068635879,66.99904883318683,203.1891068635879,1.0
4,1460,62.640708507961946,199.96181748385828,57.640708507961946,194.96181748385828,67.64070850796195,204.96181748385828,1.0
4,1461,61.78335074369098,201.42482012151518,56.78335074369098,196.42482012151518,66.78335074369099,206.42482012151518,1.0
4,1462,60.084259865315204,201.92890044240306,55.084259865315204,196.92890044240306,65.0842598653152,206.92890044240306,1.0
4,1463,59.205253369566954,203.01588711767627,54.205253369566954,198.01588711767627,64.20525336956695,208.01588711767627,1.0
4,1464,58.75632219364151,203.85337847084548,53.75632219364151,198.85337847084548,63.75632219364151,208.85337847084548,1.0
4,1465,58.42785703257231,205.3527672024564,53.42785703257231,200.3527672024564,63.42785703257231,210.3527672024564,1.0
4,1466,58.12796003353549,206.28866439669446,53.12796003353549,201.28866439669446,63.12796003353549,211.28866439669446,1.0
4,1467,58.611632724089226,206.60739192619624,53.611632724089226,201.60739192619624,63.611632724089226,211.60739192619624,1.0
4,1468,59.13842378350709,207.56930908818984,54.13842378350709,202.56930908818984,64.1384237835071,212.56930908818984,1.0
4,1469,60.80380256738763,208.19688112450964,55.80380256738763,203.19688112450964,65.80380256738763,213.19688112450964,1.0
5,749,227.5,306.5,222.5,301.5,232.5,311.5,1.0
5,750,226.39121984316085,307.2593095218047,221.39121984316085,302.2593095218047,231.39121984316085,312.2593095218047,1.0
5,751,226.30724909373495,307.5939505930205,221.30724909373495,302.5939505930205,231.30724909373495,312.5939505930205,1.0
5,752,225.84960660196563,308.7872057169622,220.84960660196563,303.7872057169622,230.84960660196563,313.7872057169622,1.0
5,753,225.32952111724876,309.21204455893246,220.32952111724876,304.21204455893246,230.32952111724876,314.21204455893246,1.0
5,754,224.9227782008777,309.7588258582771,219.9227782008777,304.7588258582771,229.9227782008777,314.7588258582771,1.0
5,755,224.07437386518347,309.3102260645065,219.07437386518347,304.3102260645065,229.07437386518347,314.3102260645065,1.0
5,756,222.8124373358831,308.897908691469,217.8124373358831,303.897908691469,227.8124373358831,313.897908691469,1.0
5,757,221.24422532895923,309.28853815321196,216.24422532895923,304.28853815321196,226.24422532895923,314.28853815321196,1.0
5,758,220.1866339950375,308.37188864167473,215.1866339950375,303.37188864167473,225.1866339950375,313.37188864167473,1.0
5,759,219.99886861348324,307.6388094090874,214.99886861348324,302.6388094090874,224.99886861348324,312.6388094090874,1.0
5,760,219.43873092059854,307.34617637986645,214.43873092059854,302.34617637986645,224.43873092059854,312.34617637986645,1.0
5,761,218.79170510450993,307.18145759800575,213.79170510450993,302.18145759800575,223.79170510450993,312.18145759800575,1.0
5,762,218.65875414026493,307.56140248001265,213.65875414026493,302.56140248001265,223.65875414026493,312.56140248001265,1.0
5,763,218.93360953262237,308.03000184307507,213.93360953262237,303.03000184307507,223.93360953262237,313.03000184307507,1.0
5,764,218.59782668317024,308.31343048237255,213.59782668317024,303.31343048237255,223.59782668317024,313.31343048237255,1.0
5,765,219.05819246932938,308.45210742446613,214.05819246932938,303.45210742446613,224.05819246932938,313.45210742446613,1.0
5,766,217.86176087688756,308.9737750203028,212.86176087688756,303.9737750203028,222.86176087688756,313.9737750203028,1.0
5,767,216.9863474797226,309.58879879860325,211.9863474797226,304.58879879860325,221.9863474797226,314.58879879860325,1.0
5,768,215.79220860165645,310.5260629073587,210.79220860165645,305.5260629073587,220.79220860165645,315.5260629073587,1.0
5,769,215.75816648379677,310.96536991479434,210.75816648379677,305.96536991479434,220.75816648379677,315.96536991479434,1.0
5,770,216.14502137522243,310.9318734077593,211.14502137522243,305.9318734077593,221.14502137522243,315.9318734077593,1.0
5,771,216.80754675222164,310.45975608143607,211.80754675222164,305.45975608143607,221.80754675222164,315.45975608143607,1.0
5,772,218.0708832165485,310.2805863528885,213.0708832165485,305.2805863528885,223.0708832165485,315.2805863528885,1.0
5,773,218.73935282924597,310.54875555894984,213.73935282924597,305.54875555894984,223.73935282924597,315.54875555894984,1.0
5,774,219.57179231748012,311.9822781067742,214.57179231748012,306.9822781067742,224.57179231748012,316.9822781067742,1.0
5,775,220.89687094546858,312.76253287579317,215.89687094546858,307.76253287579317,225.89687094546858,317.76253287579317,1.0
5,776,221.587479572397,314.4549071875476,216.587479572397,309.4549071875476,226.587479572397,319.4549071875476,1.0
5,777,222.52007245622488,315.78445478137655,217.52007245622488,310.78445478137655,227.52007245622488,320.78445478137655,1.0
5,778,223.1603408518866,316.81130041984744,218.1603408518866,311.81130041984744,228.1603408518866,321.81130041984744,1.0
5,779,223.65652422920036,316.8381181797714,218.65652422920036,311.8381181797714,228.65652422920036,321.8381181797714,1.0
5,780,224.72747732815057,317.90910320015035,219.72747732815057,312.90910320015035,229.72747732815057,322.90910320015035,1.0
5,781,225.76413684575255,318.7062477051669,220.76413684575255,313.7062477051669,230.76413684575255,323.7062477051669,1.0
5,782,226.84940129896228,319.46344348044147,221.84940129896228,314.46344348044147,231.84940129896228,324.46344348044147,1.0
5,783,227.21336153691124,320.3806477203654,222.21336153691124,315.3806477203654,232.21336153691124,325.3806477203654,1.0
5,784,226.34418241673686,321.1668847939124,221.34418241673686,316.1668847939124,231.34418241673686,326.1668847939124,1.0
5,785,225.30692737309715,321.5236698870992,220.30692737309715,316.5236698870992,230.30692737309715,326.5236698870992,1.0
5,786,225.57233437649452,321.93831552337775,220.57233437649452,316.93831552337775,230.57233437649452,326.93831552337775,1.0
5,787,225.85338586640518,321.7596828458232,220.85338586640518,316.7596828458232,230.85338586640518,326.7596828458232,1.0
5,788,225.9048929253088,322.57758594577615,220.9048929253088,317.57758594577615,230.9048929253088,327.57758594577615,1.0
5,789,226.48579764461041,323.86028407156573,221.48579764461041,318.86028407156573,231.48579764461041,328.86028407156573,1.0
5,790,226.54141262154377,325.25575335822555,221.54141262154377,320.25575335822555,231.54141262154377,330.25575335822555,1.0
5,791,225.6427497193467,326.51808967068257,220.6427497193467,321.51808967068257,230.6427497193467,331.51808967068257,1.0
5,792,225.1238510547029,327.5532797948592,220.1238510547029,322.5532797948592,230.1238510547029,332.5532797948592,1.0
5,793,224.51897480539606,327.7003615007958,219.51897480539606,322.7003615007958,229.51897480539606,332.7003615007958,1.0
5,794,222.90599613845075,327.8314930177731,217.90599613845075,322.8314930177731,227.90599613845075,332.8314930177731,1.0
5,795,222.21493039086064,327.0547169274081,217.21493039086064,322.0547169274081,227.21493039086064,332.0547169274081,1.0
5,796,220.74408947567963,325.9355985181863,215.74408947567963,320.9355985181863,225.74408947567963,330.9355985181863,1.0
5,797,220.30456502295155,325.9849325233361,215.30456502295155,320.9849325233361,225.30456502295155,330.9849325233361,1.0
5,798,220.72202563230832,325.97629032638565,215.72202563230832,320.97629032638565,225.72202563230832,330.97629032638565,1.0
5,799,220.23137813018045,325.63620866282554,215.23137813018045,320.63620866282554,225.23137813018045,330.63620866282554,1.0
5,800,221.03570110041989,325.30780719773304,216.03570110041989,320.30780719773304,226.03570110041989,330.30780719773304,1.0
5,801,221.92195949605681,324.4345930828724,216.92195949605681,319.4345930828724,226.92195949605681,329.4345930828724,1.0
5,802,223.85733319453965,323.1011106804945,218.85733319453965,318.1011106804945,228.85733319453965,328.1011106804945,1.0
5,803,225.57403849395095,323.5433185370418,220.57403849395095,318.5433185370418,230.57403849395095,328.5433185370418,1.0
5,804,226.6473630719884,324.083726965562,221.6473630719884,319.083726965562,231.6473630719884,329.083726965562,1.0
5,805,227.6712077678447,324.8785911453382,222.6712077678447,319.8785911453382,232.6712077678447,329.8785911453382,1.0
5,806,227.9126146353554,324.5993722203722,222.9126146353554,319.5993722203722,232.9126146353554,329.5993722203722,1.0
5,807,227.9038266692574,324.78115140619644,222.9038266692574,319.78115140619644,232.9038266692574,329.78115140619644,1.0
5,808,228.53872616345998,324.963865221546,223.53872616345998,319.963865221546,233.53872616345998,329.963865221546,1.0
5,809,228.92638200945996,324.19489301074367,223.92638200945996,319.19489301074367,233.92638200945996,329.19489301074367,1.0
5,810,229.67813369919153,323.79054889453295,224.67813369919153,318.79054889453295,234.67813369919153,328.79054889453295,1.0
5,811,230.4331393614128,323.93342995175897,225.4331393614128,318.93342995175897,235.4331393614128,328.93342995175897,1.0
5,812,230.0583971751619,324.62194717806545,225.0583971751619,319.62194717806545,235.0583971751619,329.62194717806545,1.0
5,813,230.33240859017906,324.2302766665178,225.33240859017906,319.2302766665178,235.33240859017906,329.2302766665178,1.0
5,814,229.33326443156233,323.9054965225984,224.33326443156233,318.9054965225984,234.33326443156233,328.9054965225984,1.0
5,815,228.78018268331962,324.3515041941829,223.78018268331962,319.3515041941829,233.78018268331962,329.3515041941829,1.0
5,816,228.1921449972473,325.0626388286347,223.1921449972473,320.0626388286347,233.1921449972473,330.0626388286347,1.0
5,817,227.34569599838457,325.5650156927839,222.34569599838457,320.5650156927839,232.34569599838457,330.5650156927839,1.0
5,818,227.04994167165418,324.8370700409698,222.04994167165418,319.8370700409698,232.04994167165418,329.8370700409698,1.0
5,819,227.19282978216253,324.72529734978247,222.19282978216253,319.72529734978247,232.19282978216253,329.72529734978247,1.0
5,820,227.5675959453348,324.9483375244707,222.5675959453348,319.9483375244707,232.5675959453348,329.9483375244707,1.0
5,821,228.74005889294972,325.3050189294101,223.74005889294972,320.3050189294101,233.74005889294972,330.3050189294101,1.0
5,822,229.39409195642614,325.5128005785092,224.39409195642614,320.5128005785092,234.39409195642614,330.5128005785092,1.0
5,823,229.82553808374806,327.0815535426158,224.82553808374806,322.0815535426158,234.82553808374806,332.0815535426158,1.0
5,824,230.3950509666385,328.852740732593,225.3950509666385,323.852740732593,235.3950509666385,333.852740732593,1.0
5,825,230.7378835036182,329.5774947151239,225.7378835036182,324.5774947151239,235.7378835036182,334.5774947151239,1.0
5,826,231.60419270731367,330.20901699808127,226.60419270731367,325.20901699808127,236.60419270731367,335.20901699808127,1.0
5,827,231.90007893215133,330.53885208762296,226.90007893215133,325.53885208762296,236.90007893215133,335.53885208762296,1.0
5,828,231.35144592181976,330.15782067999373,226.35144592181976,325.15782067999373,236.35144592181976,335.15782067999373,1.0
5,829,231.50801054997626,329.6951560101346,226.50801054997626,324.6951560101346,236.50801054997626,334.6951560101346,1.0
5,830,231.2459339472277,331.00004118098946,226.2459339472277,326.00004118098946,236.2459339472277,336.00004118098946,1.0
5,831,231.75185852530024,331.59365326723275,226.75185852530024,326.59365326723275,236.75185852530024,336.59365326723275,1.0
5,832,231.60132496038392,332.7649711752885,226.60132496038392,327.7649711752885,236.60132496038392,337.7649711752885,1.0
5,833,231.5479106011671,332.1723894734667,226.5479106011671,327.1723894734667,236.5479106011671,337.1723894734667,1.0
5,834,231.10095769087818,332.523741106448,226.10095769087818,327.523741106448,236.10095769087818,337.523741106448,1.0
5,835,231.03026071176956,333.3726167670188,226.03026071176956,328.3726167670188,236.03026071176956,338.3726167670188,1.0
5,836,230.8336115452248,334.0909675731066,225.8336115452248,329.0909675731066,235.8336115452248,339.0909675731066,1.0
5,837,231.8532733997818,335.2545594988196,226.8532733997818,330.2545594988196,236.8532733997818,340.2545594988196,1.0
5,838,232.3996038579528,335.1664449579442,227.3996038579528,330.1664449579442,237.3996038579528,340.1664449579442,1.0
5,839,233.48359919997273,334.4747752896217,228.48359919997273,329.4747752896217,238.48359919997273,339.4747752896217,1.0
5,840,235.10143395275023,334.748732482529,230.10143395275023,329.748732482529,240.10143395275023,339.748732482529,1.0
5,841,236.04422398422034,333.85338307544316,231.04422398422034,328.85338307544316,241.04422398422034,338.85338307544316,1.0
5,842,236.41524319935726,332.99586705610625,231.41524319935726,327.99586705610625,241.41524319935726,337.99586705610625,1.0
5,843,236.38557209907356,331.883419430288,231.38557209907356,326.883419430288,241.38557209907356,336.883419430288,1.0
5,844,236.35698263758889,330.90618042388456,231.35698263758889,325.90618042388456,241.35698263758889,335.90618042388456,1.0
5,845,236.2592100629889,329.9790557373275,231.2592100629889,324.9790557373275,241.2592100629889,334.9790557373275,1.0
5,846,236.62630698987795,329.3455689322099,231.62630698987795,324.3455689322099,241.62630698987795,334.3455689322099,1.0
5,847,237.51477446217632,328.5651059447041,232.51477446217632,323.5651059447041,242.51477446217632,333.5651059447041,1.0
5,848,238.08844911850701,328.0268218670273,233.08844911850701,323.0268218670273,243.08844911850701,333.0268218670273,1.0
5,849,238.4281320512089,327.38067501103876,233.4281320512089,322.38067501103876,243.4281320512089,332.38067501103876,1.0
5,850,238.15420034633075,327.21665313296177,233.15420034633075,322.21665313296177,243.15420034633075,332.21665313296177,1.0
5,851,239.60459138394097,327.58923646940536,234.60459138394097,322.58923646940536,244.60459138394097,332.58923646940536,1.0
5,852,240.56942356402016,328.64379584303924,235.56942356402016,323.64379584303924,245.56942356402016,333.64379584303924,1.0
5,853,240.76744562472146,328.7324045281385,235.76744562472146,323.7324045281385,245.76744562472146,333.7324045281385,1.0
5,854,241.24423893985772,329.4805508735035,236.24423893985772,324.4805508735035,246.24423893985772,334.4805508735035,1.0
5,855,242.52554050927375,329.99997423045187,237.52554050927375,324.99997423045187,247.52554050927375,334.99997423045187,1.0
5,856,242.24987400329016,331.44282555558357,237.24987400329016,326.44282555558357,247.24987400329016,336.44282555558357,1.0
5,857,242.8685534272022,332.2041827912501,237.8685534272022,327.2041827912501,247.8685534272022,337.2041827912501,1.0
5,858,243.53135678153578,333.19057059101465,238.53135678153578,328.19057059101465,248.53135678153578,338.19057059101465,1.0
5,859,244.81245556819877,334.552030728243,239.81245556819877,329.552030728243,249.81245556819877,339.552030728243,1.0
5,860,244.6166532915116,336.5659946131707,239.6166532915116,331.5659946131707,249.6166532915116,341.5659946131707,1.0
5,861,244.7786846751928,337.4172510386156,239.7786846751928,332.4172510386156,249.7786846751928,342.4172510386156,1.0
5,862,244.60382654823744,338.1363403032595,239.60382654823744,333.1363403032595,249.60382654823744,343.1363403032595,1.0
5,863,245.13649880614165,339.12430362942735,240.13649880614165,334.12430362942735,250.13649880614165,344.12430362942735,1.0
5,864,244.81910169481873,339.8958042203107,239.81910169481873,334.8958042203107,249.81910169481873,344.8958042203107,1.0
5,865,243.48079200278593,340.2602231050465,238.48079200278593,335.2602231050465,248.48079200278593,345.2602231050465,1.0
5,866,243.08393074629265,340.6758951141031,238.08393074629265,335.6758951141031,248.08393074629265,345.6758951141031,1.0
5,867,243.29733441779132,341.5631188462885,238.29733441779132,336.5631188462885,248.29733441779132,346.5631188462885,1.0
5,868,243.57327628836546,340.6488647624296,238.57327628836546,335.6488647624296,248.57327628836546,345.6488647624296,1.0
5,869,243.9577391855874,340.1218551029658,238.9577391855874,335.1218551029658,248.9577391855874,345.1218551029658,1.0
5,870,243.64899580377758,339.72087221865684,238.64899580377758,334.72087221865684,248.64899580377758,344.72087221865684,1.0
5,871,243.90183242249762,338.38435897641796,238.90183242249762,333.38435897641796,248.90183242249762,343.38435897641796,1.0
5,872,243.68474147299548,338.4374078568135,238.68474147299548,333.4374078568135,248.68474147299548,343.4374078568135,1.0
5,873,243.66377245330779,338.34271770994656,238.66377245330779,333.34271770994656,248.66377245330779,343.34271770994656,1.0
5,874,243.30728878933755,337.5587142672754,238.30728878933755,332.5587142672754,248.30728878933755,342.5587142672754,1.0
5,875,243.73992817665436,335.92699223366833,238.73992817665436,330.92699223366833,248.73992817665436,340.92699223366833,1.0
5,876,244.30664012703122,335.3956803000839,239.30664012703122,330.3956803000839,249.30664012703122,340.3956803000839,1.0
5,877,245.05641128194935,335.2296061255565,240.05641128194935,330.2296061255565,250.05641128194935,340.2296061255565,1.0
5,878,244.46964475811006,334.83469582868827,239.46964475811006,329.83469582868827,249.46964475811006,339.83469582868827,1.0
5,879,245.01638955069546,334.1889826771401,240.01638955069546,329.1889826771401,250.01638955069546,339.1889826771401,1.0
5,880,245.78791496956183,334.4047766882125,240.78791496956183,329.4047766882125,250.78791496956183,339.4047766882125,1.0
5,881,245.07232084636402,334.95155710503707,240.07232084636402,329.95155710503707,250.07232084636402,339.95155710503707,1.0
5,882,245.27187762432098,334.8523348499687,240.27187762432098,329.8523348499687,250.27187762432098,339.8523348499687,1.0
5,883,245.25598678099024,335.3364612723452,240.25598678099024,330.3364612723452,250.25598678099024,340.3364612723452,1.0
5,884,244.59698946725993,335.05846863260905,239.59698946725993,330.05846863260905,249.59698946725993,340.05846863260905,1.0
5,885,243.29062084629388,334.3026483160629,238.29062084629388,329.3026483160629,248.29062084629388,339.3026483160629,1.0
5,886,241.15651615399022,333.4659209212666,236.15651615399022,328.4659209212666,246.15651615399022,338.4659209212666,1.0
5,887,239.35617076374083,333.1734102151695,234.35617076374083,328.1734102151695,244.35617076374083,338.1734102151695,1.0
5,888,237.70876699094703,332.51313968266527,232.70876699094703,327.51313968266527,242.70876699094703,337.51313968266527,1.0
5,889,236.088629187047,332.1667073163475,231.088629187047,327.1667073163475,241.088629187047,337.1667073163475,1.0
5,890,235.637064096285,331.6987291032249,230.637064096285,326.6987291032249,240.637064096285,336.6987291032249,1.0
5,891,234.64584862658404,330.50611046427656,229.64584862658404,325.50611046427656,239.64584862658404,335.50611046427656,1.0
5,892,234.54425062273918,330.55339760067073,229.54425062273918,325.55339760067073,239.54425062273918,335.55339760067073,1.0
5,893,234.10031038652886,330.9531991978064,229.10031038652886,325.9531991978064,239.10031038652886,335.9531991978064,1.0
5,894,234.37991200138637,330.33155639705996,229.37991200138637,325.33155639705996,239.37991200138637,335.33155639705996,1.0
5,895,235.52777940681258,330.41914237863045,230.52777940681258,325.41914237863045,240.52777940681258,335.41914237863045,1.0
5,896,236.5578553631854,329.7406792476999,231.5578553631854,324.7406792476999,241.5578553631854,334.7406792476999,1.0
5,897,238.1125319652116,329.4044295910769,233.1125319652116,324.4044295910769,243.1125319652116,334.4044295910769,1.0
5,898,240.2857904518587,329.4444538441593,235.2857904518587,324.4444538441593,245.2857904518587,334.4444538441593,1.0
5,899,241.34370030601164,330.40060673058,236.34370030601164,325.40060673058,246.34370030601164,335.40060673058,1.0
5,900,241.5391125928512,330.4632848641426,236.5391125928512,325.4632848641426,246.5391125928512,335.4632848641426,1.0
5,901,240.6331413818784,329.6617111047138,235.6331413818784,324.6617111047138,245.6331413818784,334.6617111047138,1.0
5,902,240.1185960238457,329.1529706553637,235.1185960238457,324.1529706553637,245.1185960238457,334.1529706553637,1.0
5,903,240.6138028465201,328.6776181256526,235.6138028465201,323.6776181256526,245.6138028465201,333.6776181256526,1.0
5,904,240.8897535806531,327.78566595869734,235.8897535806531,322.78566595869734,245.8897535806531,332.78566595869734,1.0
5,905,240.85839574867853,327.1035449431092,235.85839574867853,322.1035449431092,245.85839574867853,332.1035449431092,1.0
5,906,240.85214343561464,327.56893508886094,235.85214343561464,322.56893508886094,245.85214343561464,332.56893508886094,1.0
5,907,241.14464469172523,327.9823331274173,236.14464469172523,322.9823331274173,246.14464469172523,332.9823331274173,1.0
5,908,239.83199368844012,328.06022857078545,234.83199368844012,323.06022857078545,244.83199368844012,333.06022857078545,1.0
5,909,238.8578714055412,327.5418678191102,233.8578714055412,322.5418678191102,243.8578714055412,332.5418678191102,1.0
5,910,237.4234016358175,327.1336766875281,232.4234016358175,322.1336766875281,242.4234016358175,332.1336766875281,1.0
5,911,235.59089996134668,327.1041232563703,230.59089996134668,322.1041232563703,240.59089996134668,332.1041232563703,1.0
5,912,235.3140226245597,326.4649724286203,230.3140226245597,321.4649724286203,240.3140226245597,331.4649724286203,1.0
5,913,235.17520195248576,326.15099520554304,230.17520195248576,321.15099520554304,240.17520195248576,331.15099520554304,1.0
5,914,235.39688093961934,326.3720740687294,230.39688093961934,321.3720740687294,240.39688093961934,331.3720740687294,1.0
5,915,235.93262885304628,327.088791513254,230.93262885304628,322.088791513254,240.93262885304628,332.088791513254,1.0
5,916,236.06401916754598,326.13627688747584,231.06401916754598,321.13627688747584,241.06401916754598,331.13627688747584,1.0
5,917,235.60828177585637,326.2227342679269,230.60828177585637,321.2227342679269,240.60828177585637,331.2227342679269,1.0
5,918,235.19596533647453,327.0514946927167,230.19596533647453,322.0514946927167,240.19596533647453,332.0514946927167,1.0
5,919,235.39404461488522,326.91434850336617,230.39404461488522,321.91434850336617,240.39404461488522,331.91434850336617,1.0
5,920,236.1102001715716,326.8476382819789,231.1102001715716,321.8476382819789,241.1102001715716,331.8476382819789,1.0
5,921,237.79904155280315,327.3604626664184,232.79904155280315,322.3604626664184,242.79904155280315,332.3604626664184,1.0
5,922,238.83788297277061,327.4623867849516,233.83788297277061,322.4623867849516,243.83788297277061,332.4623867849516,1.0
5,923,239.27643156220927,326.73794735574114,234.27643156220927,321.73794735574114,244.27643156220927,331.73794735574114,1.0
5,924,239.60081235772017,325.71958548902967,234.60081235772017,320.71958548902967,244.60081235772017,330.71958548902967,1.0
5,925,239.77926792839008,326.2918846751651,234.77926792839008,321.2918846751651,244.77926792839008,331.2918846751651,1.0
5,926,239.56010757223754,326.3014793824462,234.56010757223754,321.3014793824462,244.56010757223754,331.3014793824462,1.0
5,927,239.0353623692587,326.5087386819099,234.0353623692587,321.5087386819099,244.0353623692587,331.5087386819099,1.0
5,928,239.8781152867457,326.8522671600795,234.8781152867457,321.8522671600795,244.8781152867457,331.8522671600795,1.0
5,929,239.9676552775943,326.7928480837174,234.9676552775943,321.7928480837174,244.9676552775943,331.7928480837174,1.0
5,930,240.44030912510257,326.63982562975855,235.44030912510257,321.63982562975855,245.44030912510257,331.63982562975855,1.0
5,931,241.02159995853413,327.08894689843123,236.02159995853413,322.08894689843123,246.02159995853413,332.08894689843123,1.0
5,932,240.80666564017125,327.2466360816459,235.80666564017125,322.2466360816459,245.80666564017125,332.2466360816459,1.0
5,933,241.2363383012591,327.16934657406244,236.2363383012591,322.16934657406244,246.2363383012591,332.16934657406244,1.0
5,934,240.95403954991508,327.76967247738287,235.95403954991508,322.76967247738287,245.95403954991508,332.76967247738287,1.0
5,935,240.47564075703286,327.49768034337933,235.47564075703286,322.49768034337933,245.47564075703286,332.49768034337933,1.0
5,936,240.26065758774848,328.51288664943667,235.26065758774848,323.51288664943667,245.26065758774848,333.51288664943667,1.0
5,937,240.628679266049,329.17828643342096,235.628679266049,324.17828643342096,245.628679266049,334.17828643342096,1.0
5,938,239.97985357102024,329.82876672008587,234.97985357102024,324.82876672008587,244.97985357102024,334.82876672008587,1.0
5,939,240.1968656516989,331.16990860958884,235.1968656516989,326.16990860958884,245.1968656516989,336.16990860958884,1.0
5,940,239.25165608653208,331.61846475914314,234.25165608653208,326.61846475914314,244.25165608653208,336.61846475914314,1.0
5,941,238.2706732845384,332.3144663265566,233.2706732845384,327.3144663265566,243.2706732845384,337.3144663265566,1.0
5,942,237.60675284672521,332.484401086439,232.60675284672521,327.484401086439,242.60675284672521,337.484401086439,1.0
5,943,236.8147155332144,331.3064381035287,231.8147155332144,326.3064381035287,241.8147155332144,336.3064381035287,1.0
5,944,236.78058757731424,330.6201850618428,231.78058757731424,325.6201850618428,241.78058757731424,335.6201850618428,1.0
5,945,237.11994933420985,329.99871562393434,232.11994933420985,324.99871562393434,242.11994933420985,334.99871562393434,1.0
5,946,237.65700774335096,329.3293220623507,232.65700774335096,324.3293220623507,242.65700774335096,334.3293220623507,1.0
5,947,237.71315738985032,329.41301822770635,232.71315738985032,324.41301822770635,242.71315738985032,334.41301822770635,1.0
5,948,237.4671438324777,329.34755290714435,232.4671438324777,324.34755290714435,242.4671438324777,334.34755290714435,1.0
5,949,237.22045208608344,329.9777982767851,232.22045208608344,324.9777982767851,242.22045208608344,334.9777982767851,1.0
5,950,236.3549963035528,329.8431314796349,231.3549963035528,324.8431314796349,241.3549963035528,334.8431314796349,1.0
5,951,236.27410622160866,329.9747640736868,231.27410622160866,324.9747640736868,241.27410622160866,334.9747640736868,1.0
5,952,236.2922796618639,329.3108156781409,231.2922796618639,324.3108156781409,241.2922796618639,334.3108156781409,1.0
5,953,235.3477613441115,328.9852231721153,230.3477613441115,323.9852231721153,240.3477613441115,333.9852231721153,1.0
5,954,235.7107080238221,329.60081164881785,230.7107080238221,324.60081164881785,240.7107080238221,334.60081164881785,1.0
5,955,235.37775504763866,329.8976426282708,230.37775504763866,324.8976426282708,240.37775504763866,334.8976426282708,1.0
5,956,235.67663451107612,329.51021692949377,230.67663451107612,324.51021692949377,240.67663451107612,334.51021692949377,1.0
5,957,236.11826543857435,329.68655798993194,231.11826543857435,324.68655798993194,241.11826543857435,334.68655798993194,1.0
5,958,235.83868505505862,329.81399595341827,230.83868505505862,324.81399595341827,240.83868505505862,334.81399595341827,1.0
5,959,236.54740413895206,329.5585572179922,231.54740413895206,324.5585572179922,241.54740413895206,334.5585572179922,1.0
5,960,237.76731896349747,329.5480789028776,232.76731896349747,324.5480789028776,242.76731896349747,334.5480789028776,1.0
5,961,238.31674499928397,330.3861307464737,233.31674499928397,325.3861307464737,243.31674499928397,335.3861307464737,1.0
5,962,238.4380112254876,330.36807552313394,233.4380112254876,325.36807552313394,243.4380112254876,335.36807552313394,1.0
5,963,238.49088344579621,330.5919685405489,233.49088344579621,325.5919685405489,243.49088344579621,335.5919685405489,1.0
5,964,238.69210592827488,330.400087817561,233.69210592827488,325.400087817561,243.69210592827488,335.400087817561,1.0
5,965,239.1039844513483,329.5012612789455,234.1039844513483,324.5012612789455,244.1039844513483,334.5012612789455,1.0
5,966,238.71009301525268,329.68275093240527,233.71009301525268,324.68275093240527,243.71009301525268,334.68275093240527,1.0
5,967,238.6203356437959,329.4609193402206,233.6203356437959,324.4609193402206,243.6203356437959,334.4609193402206,1.0
5,968,238.31523617919248,328.79949406431683,233.31523617919248,323.79949406431683,243.31523617919248,333.79949406431683,1.0
5,969,239.12378145556153,327.8933442392447,234.12378145556153,322.8933442392447,244.12378145556153,332.8933442392447,1.0
5,970,239.8031445937542,326.8852901014461,234.8031445937542,321.8852901014461,244.8031445937542,331.8852901014461,1.0
5,971,240.5235443264653,326.7573648375297,235.5235443264653,321.7573648375297,245.5235443264653,331.7573648375297,1.0
5,972,239.96610412611057,327.61681860383703,234.96610412611057,322.61681860383703,244.96610412611057,332.61681860383703,1.0
5,973,238.9521506143948,327.4059290228674,233.9521506143948,322.4059290228674,243.9521506143948,332.4059290228674,1.0
5,974,237.75050477024925,326.7106186766589,232.75050477024925,321.7106186766589,242.75050477024925,331.7106186766589,1.0
5,975,235.2448199880351,327.69165944379466,230.2448199880351,322.69165944379466,240.2448199880351,332.69165944379466,1.0
5,976,234.61737826506334,328.51696961642836,229.61737826506334,323.51696961642836,239.61737826506334,333.51696961642836,1.0
5,977,233.6931656124682,328.7184031473363,228.6931656124682,323.7184031473363,238.6931656124682,333.7184031473363,1.0
5,978,233.41516083124847,328.0827282998923,228.41516083124847,323.0827282998923,238.41516083124847,333.0827282998923,1.0
5,979,234.1211762274841,328.1389364139394,229.1211762274841,323.1389364139394,239.1211762274841,333.1389364139394,1.0
5,980,233.40737648461777,329.3438136802072,228.40737648461777,324.3438136802072,238.40737648461777,334.3438136802072,1.0
5,981,234.09692187102996,331.51623536969475,229.09692187102996,326.51623536969475,239.09692187102996,336.51623536969475,1.0
5,982,235.37892388052524,332.817037136545,230.37892388052524,327.817037136545,240.37892388052524,337.817037136545,1.0
5,983,237.32740169879293,333.1777022961831,232.32740169879293,328.1777022961831,242.32740169879293,338.1777022961831,1.0
5,984,238.6258236659221,333.2607499746572,233.6258236659221,328.2607499746572,243.6258236659221,338.2607499746572,1.0
5,985,240.27042563618545,333.4956968340401,235.27042563618545,328.4956968340401,245.27042563618545,338.4956968340401,1.0
5,986,242.92043015583891,333.7932095977402,237.92043015583891,328.7932095977402,247.92043015583891,338.7932095977402,1.0
5,987,243.4004871331585,332.974380955199,238.4004871331585,327.974380955199,248.4004871331585,337.974380955199,1.0
5,988,242.93943758899596,331.89979977058044,237.93943758899596,326.89979977058044,247.93943758899596,336.89979977058044,1.0
5,989,242.10371875007465,331.4161506152985,237.10371875007465,326.4161506152985,247.10371875007465,336.4161506152985,1.0
5,990,241.57804586563284,330.51847435949753,236.57804586563284,325.51847435949753,246.57804586563284,335.51847435949753,1.0
5,991,240.64764487734465,330.75719294460185,235.64764487734465,325.75719294460185,245.64764487734465,335.75719294460185,1.0
5,992,240.077297805659,329.8694769377167,235.077297805659,324.8694769377167,245.077297805659,334.8694769377167,1.0
5,993,240.4182596718518,329.24492295727487,235.4182596718518,324.24492295727487,245.4182596718518,334.24492295727487,1.0
5,994,240.36046079899393,327.9077338386426,235.36046079899393,322.9077338386426,245.36046079899393,332.9077338386426,1.0
5,995,240.21435896037423,326.42250430807536,235.21435896037423,321.42250430807536,245.21435896037423,331.42250430807536,1.0
5,996,239.84035533303182,325.4044556062633,234.84035533303182,320.4044556062633,244.84035533303182,330.4044556062633,1.0
5,997,241.02557003473285,324.32522963556653,236.02557003473285,319.32522963556653,246.02557003473285,329.32522963556653,1.0
5,998,241.56181060842553,323.89014724182533,236.56181060842553,318.89014724182533,246.56181060842553,328.89014724182533,1.0
5,999,242.10217364435772,323.02916288154955,237.10217364435772,318.02916288154955,247.10217364435772,328.02916288154955,1.0
5,1000,242.13606912838748,322.5109820734719,237.13606912838748,317.5109820734719,247.13606912838748,327.5109820734719,1.0
5,1001,241.75071930602851,322.73159800429545,236.75071930602851,317.73159800429545,246.75071930602851,327.73159800429545,1.0
5,1002,241.22279633914428,323.0048046545765,236.22279633914428,318.0048046545765,246.22279633914428,328.0048046545765,1.0
5,1003,240.5337400613612,322.561312233797,235.5337400613612,317.561312233797,245.5337400613612,327.561312233797,1.0
5,1004,240.28642686133657,322.06581425906313,235.28642686133657,317.06581425906313,245.28642686133657,327.06581425906313,1.0
5,1005,239.83015030852692,321.74864072341916,234.83015030852692,316.74864072341916,244.83015030852692,326.74864072341916,1.0
5,1006,239.41403532640078,321.9371169223011,234.41403532640078,316.9371169223011,244.41403532640078,326.9371169223011,1.0
5,1007,238.03489771911927,323.339696821243,233.03489771911927,318.339696821243,243.03489771911927,328.339696821243,1.0
5,1008,236.50159759479396,323.4521165531847,231.50159759479396,318.4521165531847,241.50159759479396,328.4521165531847,1.0
5,1009,235.022765553891,324.13399328910464,230.022765553891,319.13399328910464,240.022765553891,329.13399328910464,1.0
5,1010,233.8539116332484,324.9298584353925,228.8539116332484,319.9298584353925,238.8539116332484,329.9298584353925,1.0
5,1011,233.47196647248768,324.46696527047516,228.47196647248768,319.46696527047516,238.47196647248768,329.46696527047516,1.0
5,1012,233.5723053592216,324.1807783169501,228.5723053592216,319.1807783169501,238.5723053592216,329.1807783169501,1.0
5,1013,232.60958735782896,324.3719871363586,227.60958735782896,319.3719871363586,237.60958735782896,329.3719871363586,1.0
5,1014,229.7099099050478,324.8194324740972,224.7099099050478,319.8194324740972,234.7099099050478,329.8194324740972,1.0
5,1015,227.21009617394046,325.51062669973237,222.21009617394046,320.51062669973237,232.21009617394046,330.51062669973237,1.0
5,1016,225.7955582656875,326.12842385040346,220.7955582656875,321.12842385040346,230.7955582656875,331.12842385040346,1.0
5,1017,225.67405246509824,326.35443316176566,220.67405246509824,321.35443316176566,230.67405246509824,331.35443316176566,1.0
5,1018,226.13879415033998,326.6435516575137,221.13879415033998,321.6435516575137,231.13879415033998,331.6435516575137,1.0
5,1019,227.2039455090021,327.2308305745211,222.2039455090021,322.2308305745211,232.2039455090021,332.2308305745211,1.0
5,1020,227.60670846457526,327.0818041650768,222.60670846457526,322.0818041650768,232.60670846457526,332.0818041650768,1.0
5,1021,227.53819309258031,326.6523883607184,222.53819309258031,321.6523883607184,232.53819309258031,331.6523883607184,1.0
5,1022,228.2757886131161,326.40569253800527,223.2757886131161,321.40569253800527,233.2757886131161,331.40569253800527,1.0
5,1023,229.7488595810673,327.27267095471194,224.7488595810673,322.27267095471194,234.7488595810673,332.27267095471194,1.0
5,1024,230.52143951633926,327.99383939012165,225.52143951633926,322.99383939012165,235.52143951633926,332.99383939012165,1.0
5,1025,230.0520617819067,329.2129509054451,225.0520617819067,324.2129509054451,235.0520617819067,334.2129509054451,1.0
5,1026,230.25584013755514,330.15518433054353,225.25584013755514,325.15518433054353,235.25584013755514,335.15518433054353,1.0
5,1027,230.02840471289446,330.59871247515576,225.02840471289446,325.59871247515576,235.02840471289446,335.59871247515576,1.0
5,1028,229.99290279563076,331.2175083121539,224.99290279563076,326.2175083121539,234.99290279563076,336.2175083121539,1.0
5,1029,230.00854648984824,331.83809776427444,225.00854648984824,326.83809776427444,235.00854648984824,336.83809776427444,1.0
5,1030,230.5491586663386,332.9067181585156,225.5491586663386,327.9067181585156,235.5491586663386,337.9067181585156,1.0
5,1031,230.93789869457518,333.6599900182163,225.93789869457518,328.6599900182163,235.93789869457518,338.6599900182163,1.0
5,1032,231.58584969722423,332.78114179565284,226.58584969722423,327.78114179565284,236.58584969722423,337.78114179565284,1.0
5,1033,232.49576845991692,332.76758544084726,227.49576845991692,327.76758544084726,237.49576845991692,337.76758544084726,1.0
5,1034,233.00558162165632,332.2986872279211,228.00558162165632,327.2986872279211,238.00558162165632,337.2986872279211,1.0
5,1035,233.41938382073022,331.6319062111004,228.41938382073022,326.6319062111004,238.41938382073022,336.6319062111004,1.0
5,1036,234.0059483281502,330.72034806149424,229.0059483281502,325.72034806149424,239.0059483281502,335.72034806149424,1.0
5,1037,234.06528675289582,330.7686790414574,229.06528675289582,325.7686790414574,239.06528675289582,335.7686790414574,1.0
5,1038,234.3758879182392,329.9942048336742,229.3758879182392,324.9942048336742,239.3758879182392,334.9942048336742,1.0
5,1039,233.66674244900224,330.0708071771388,228.66674244900224,325.0708071771388,238.66674244900224,335.0708071771388,1.0
5,1040,234.8310099434183,329.33194888072165,229.8310099434183,324.33194888072165,239.8310099434183,334.33194888072165,1.0
5,1041,235.15649621398921,329.1922791923224,230.15649621398921,324.1922791923224,240.15649621398921,334.1922791923224,1.0
5,1042,234.28917470314275,329.97147932424065,229.28917470314275,324.97147932424065,239.28917470314275,334.97147932424065,1.0
5,1043,232.57585991367762,329.8012837151962,227.57585991367762,324.8012837151962,237.57585991367762,334.8012837151962,1.0
5,1044,231.63629184290596,329.40574533210565,226.63629184290596,324.40574533210565,236.63629184290596,334.40574533210565,1.0
5,1045,229.7847157670568,329.4292931004849,224.7847157670568,324.4292931004849,234.7847157670568,334.4292931004849,1.0
5,1046,229.82317694236318,328.5648806222771,224.82317694236318,323.5648806222771,234.82317694236318,333.5648806222771,1.0
5,1047,229.95050669394624,328.2213530400231,224.95050669394624,323.2213530400231,234.95050669394624,333.2213530400231,1.0
5,1048,229.68279856464972,327.6729865093064,224.68279856464972,322.6729865093064,234.68279856464972,332.6729865093064,1.0
5,1049,229.68761044255908,327.6920452777036,224.68761044255908,322.6920452777036,234.68761044255908,332.6920452777036,1.0
5,1050,230.1590699130605,327.68414542237787,225.1590699130605,322.68414542237787,235.1590699130605,332.68414542237787,1.0
5,1051,230.41595259040687,327.6790161005136,225.41595259040687,322.6790161005136,235.41595259040687,332.6790161005136,1.0
5,1052,230.7141576133239,327.7368034755626,225.7141576133239,322.7368034755626,235.7141576133239,332.7368034755626,1.0
5,1053,230.41849236705406,327.14903615968,225.41849236705406,322.14903615968,235.41849236705406,332.14903615968,1.0
5,1054,229.50251086487143,327.2036104570515,224.50251086487143,322.2036104570515,234.50251086487143,332.2036104570515,1.0
5,1055,227.78159249290985,326.9315567498987,222.78159249290985,321.9315567498987,232.78159249290985,331.9315567498987,1.0
5,1056,227.35304908784008,326.91040191232594,222.35304908784008,321.91040191232594,232.35304908784008,331.91040191232594,1.0
5,1057,227.42899647471307,326.85365103408174,222.42899647471307,321.85365103408174,232.42899647471307,331.85365103408174,1.0
5,1058,227.79130817368628,327.2815627041428,222.79130817368628,322.2815627041428,232.79130817368628,332.2815627041428,1.0
5,1059,228.00418752360983,327.68082589747286,223.00418752360983,322.68082589747286,233.00418752360983,332.68082589747286,1.0
5,1060,228.0204533017666,327.7814321480889,223.0204533017666,322.7814321480889,233.0204533017666,332.7814321480889,1.0
5,1061,227.5372881546674,329.681655785474,222.5372881546674,324.681655785474,232.5372881546674,334.681655785474,1.0
5,1062,227.46340676624317,331.1791949643696,222.46340676624317,326.1791949643696,232.46340676624317,336.1791949643696,1.0
5,1063,227.0669099053917,331.9611056397757,222.0669099053917,326.9611056397757,232.0669099053917,336.9611056397757,1.0
5,1064,226.0809270360494,333.47917877728435,221.0809270360494,328.47917877728435,231.0809270360494,338.47917877728435,1.0
5,1065,225.99564394541704,334.51449251387317,220.99564394541704,329.51449251387317,230.99564394541704,339.51449251387317,1.0
5,1066,225.7997585151738,334.7531188770404,220.7997585151738,329.7531188770404,230.7997585151738,339.7531188770404,1.0
5,1067,224.9982938418193,335.2037523667717,219.9982938418193,330.2037523667717,229.9982938418193,340.2037523667717,1.0
5,1068,224.05311309001377,336.0529297708978,219.05311309001377,331.0529297708978,229.05311309001377,341.0529297708978,1.0
5,1069,223.93194069592124,336.13407946927333,218.93194069592124,331.13407946927333,228.93194069592124,341.13407946927333,1.0
5,1070,223.71899283446467,336.03585064558297,218.71899283446467,331.03585064558297,228.71899283446467,341.03585064558297,1.0
5,1071,223.89292573535968,335.524985933695,218.89292573535968,330.524985933695,228.89292573535968,340.524985933695,1.0
5,1072,224.55271046021977,333.96982987395023,219.55271046021977,328.96982987395023,229.55271046021977,338.96982987395023,1.0
5,1073,226.11609491963338,333.0786162174003,221.11609491963338,328.0786162174003,231.11609491963338,338.0786162174003,1.0
5,1074,226.1806873001617,332.9061055173604,221.1806873001617,327.9061055173604,231.1806873001617,337.9061055173604,1.0
5,1075,227.23927017621997,332.99589817513265,222.23927017621997,327.99589817513265,232.23927017621997,337.99589817513265,1.0
5,1076,227.37617662429548,333.0561258866382,222.37617662429548,328.0561258866382,232.37617662429548,338.0561258866382,1.0
5,1077,226.4068207029378,333.28531714311976,221.4068207029378,328.28531714311976,231.4068207029378,338.28531714311976,1.0
5,1078,226.51457662445497,332.78888387762004,221.51457662445497,327.78888387762004,231.51457662445497,337.78888387762004,1.0
5,1079,226.8415693427905,331.89479052154496,221.8415693427905,326.89479052154496,231.8415693427905,336.89479052154496,1.0
5,1080,227.9021312355983,331.7331500340747,222.9021312355983,326.7331500340747,232.9021312355983,336.7331500340747,1.0
5,1081,228.14669744954827,331.2951892331225,223.14669744954827,326.2951892331225,233.14669744954827,336.2951892331225,1.0
5,1082,227.89009927766304,331.68738352723494,222.89009927766304,326.68738352723494,232.89009927766304,336.68738352723494,1.0
5,1083,227.8647713105586,332.10592407457364,222.8647713105586,327.10592407457364,232.8647713105586,337.10592407457364,1.0
5,1084,228.14341680536072,332.2735844707702,223.14341680536072,327.2735844707702,233.14341680536072,337.2735844707702,1.0
5,1085,226.92191567360234,332.17877330549265,221.92191567360234,327.17877330549265,231.92191567360234,337.17877330549265,1.0
5,1086,226.91299047528668,331.81166037811994,221.91299047528668,326.81166037811994,231.91299047528668,336.81166037811994,1.0
5,1087,228.10646664112932,330.8436334785667,223.10646664112932,325.8436334785667,233.10646664112932,335.8436334785667,1.0
5,1088,228.4381622495369,329.92866300972526,223.4381622495369,324.92866300972526,233.4381622495369,334.92866300972526,1.0
5,1089,229.16606569929846,329.4020106606787,224.16606569929846,324.4020106606787,234.16606569929846,334.4020106606787,1.0
5,1090,228.9876141638937,330.407555903658,223.9876141638937,325.407555903658,233.9876141638937,335.407555903658,1.0
5,1091,229.81809649368935,330.5819454488354,224.81809649368935,325.5819454488354,234.81809649368935,335.5819454488354,1.0
5,1092,230.67565453316584,331.0453288364507,225.67565453316584,326.0453288364507,235.67565453316584,336.0453288364507,1.0
5,1093,230.94686751229182,331.30570413000186,225.94686751229182,326.30570413000186,235.94686751229182,336.30570413000186,1.0
5,1094,230.8119993841268,331.4048579250375,225.8119993841268,326.4048579250375,235.8119993841268,336.4048579250375,1.0
5,1095,230.1740056118201,332.20310618411895,225.1740056118201,327.20310618411895,235.1740056118201,337.20310618411895,1.0
5,1096,228.57682478372996,333.57970251537665,223.57682478372996,328.57970251537665,233.57682478372996,338.57970251537665,1.0
5,1097,227.74940482060347,335.0686747617665,222.74940482060347,330.0686747617665,232.74940482060347,340.0686747617665,1.0
5,1098,227.41373078640123,335.4837546121893,222.41373078640123,330.4837546121893,232.41373078640123,340.4837546121893,1.0
5,1099,227.48444502677268,337.06844233294754,222.48444502677268,332.06844233294754,232.48444502677268,342.06844233294754,1.0
5,1100,228.37236665856625,338.10888170875046,223.37236665856625,333.10888170875046,233.37236665856625,343.10888170875046,1.0
5,1101,230.25791933038172,339.53301868042945,225.25791933038172,334.53301868042945,235.25791933038172,344.53301868042945,1.0
5,1102,231.41939966591588,340.0592931559073,226.41939966591588,335.0592931559073,236.41939966591588,345.0592931559073,1.0
5,1103,233.65970365855034,339.8855081686643,228.65970365855034,334.8855081686643,238.65970365855034,344.8855081686643,1.0
5,1104,233.96038959375073,339.23244800773085,228.96038959375073,334.23244800773085,238.96038959375073,344.23244800773085,1.0
5,1105,235.2371442796547,339.44194588927417,230.2371442796547,334.44194588927417,240.2371442796547,344.44194588927417,1.0
5,1106,236.5871682260427,341.3619378751431,231.5871682260427,336.3619378751431,241.5871682260427,346.3619378751431,1.0
5,1107,235.3503000667072,342.5461158672788,230.3503000667072,337.5461158672788,240.3503000667072,347.5461158672788,1.0
5,1108,233.22316769040134,343.0547176597174,228.22316769040134,338.0547176597174,238.22316769040134,348.0547176597174,1.0
5,1109,232.06372037404552,343.55578725703356,227.06372037404552,338.55578725703356,237.06372037404552,348.55578725703356,1.0
5,1110,230.95086262843878,344.2079388087289,225.95086262843878,339.2079388087289,235.95086262843878,349.2079388087289,1.0
5,1111,229.70267915265762,344.5903547995603,224.70267915265762,339.5903547995603,234.70267915265762,349.5903547995603,1.0
5,1112,229.48194001483915,345.5195639409102,224.48194001483915,340.5195639409102,234.48194001483915,350.5195639409102,1.0
5,1113,229.06384614988394,346.1676284591285,224.06384614988394,341.1676284591285,234.06384614988394,351.1676284591285,1.0
5,1114,227.53968720514374,346.0381047300626,222.53968720514374,341.0381047300626,232.53968720514374,351.0381047300626,1.0
5,1115,227.02483240533385,345.55876096445365,222.02483240533385,340.55876096445365,232.02483240533385,350.55876096445365,1.0
5,1116,227.09472023753355,346.08269441545826,222.09472023753355,341.08269441545826,232.09472023753355,351.08269441545826,1.0
5,1117,227.41526859037378,346.2993921742997,222.41526859037378,341.2993921742997,232.41526859037378,351.2993921742997,1.0
5,1118,227.1269151178779,347.97590858852914,222.1269151178779,342.97590858852914,232.1269151178779,352.97590858852914,1.0
5,1119,227.01333684958394,348.38249725883776,222.01333684958394,343.38249725883776,232.01333684958394,353.38249725883776,1.0
5,1120,227.25437623250025,348.262451565203,222.25437623250025,343.262451565203,232.25437623250025,353.262451565203,1.0
5,1121,226.8464041919952,347.3751640327878,221.8464041919952,342.3751640327878,231.8464041919952,352.3751640327878,1.0
5,1122,226.17505901923337,346.449498173699,221.17505901923337,341.449498173699,231.17505901923337,351.449498173699,1.0
5,1123,226.1990962161073,345.6805464138337,221.1990962161073,340.6805464138337,231.1990962161073,350.6805464138337,1.0
5,1124,226.1454740310816,345.6878014113712,221.1454740310816,340.6878014113712,231.1454740310816,350.6878014113712,1.0
5,1125,227.1252433940559,345.11183892281576,222.1252433940559,340.11183892281576,232.1252433940559,350.11183892281576,1.0
5,1126,227.74017592679013,344.7854702887797,222.74017592679013,339.7854702887797,232.74017592679013,349.7854702887797,1.0
5,1127,227.59973867356337,344.0364155899689,222.59973867356337,339.0364155899689,232.59973867356337,349.0364155899689,1.0
5,1128,226.0600453005348,342.9365756603676,221.0600453005348,337.9365756603676,231.0600453005348,347.9365756603676,1.0
5,1129,225.31510026700045,342.0033527770422,220.31510026700045,337.0033527770422,230.31510026700045,347.0033527770422,1.0
5,1130,224.95968627458686,341.91391973009695,219.95968627458686,336.91391973009695,229.95968627458686,346.91391973009695,1.0
5,1131,225.85252588292434,340.61910864052976,220.85252588292434,335.61910864052976,230.85252588292434,345.61910864052976,1.0
5,1132,226.2690644867899,340.17083541606496,221.2690644867899,335.17083541606496,231.2690644867899,345.17083541606496,1.0
5,1133,226.9146580549288,339.7148047800325,221.9146580549288,334.7148047800325,231.9146580549288,344.7148047800325,1.0
5,1134,227.23923937718584,339.8124395155888,222.23923937718584,334.8124395155888,232.23923937718584,344.8124395155888,1.0
5,1135,227.32606224177857,339.65233750543746,222.32606224177857,334.65233750543746,232.32606224177857,344.65233750543746,1.0
5,1136,227.56830952349245,338.87061397613604,222.56830952349245,333.87061397613604,232.56830952349245,343.87061397613604,1.0
5,1137,227.6428916061587,339.12078471057566,222.6428916061587,334.12078471057566,232.6428916061587,344.12078471057566,1.0
5,1138,227.69075924560184,339.2276871306741,222.69075924560184,334.2276871306741,232.69075924560184,344.2276871306741,1.0
5,1139,227.72311574552893,339.3213088120415,222.72311574552893,334.3213088120415,232.72311574552893,344.3213088120415,1.0
5,1140,228.52359239410288,340.1151264590705,223.52359239410288,335.1151264590705,233.52359239410288,345.1151264590705,1.0
5,1141,228.39344152527948,340.4965548865476,223.39344152527948,335.4965548865476,233.39344152527948,345.4965548865476,1.0
5,1142,228.9411239618974,339.3527984711618,223.9411239618974,334.3527984711618,233.9411239618974,344.3527984711618,1.0
5,1143,229.3231576137613,338.8308742332107,224.3231576137613,333.8308742332107,234.3231576137613,343.8308742332107,1.0
5,1144,229.3394751437695,338.4230231805979,224.3394751437695,333.4230231805979,234.3394751437695,343.4230231805979,1.0
5,1145,228.48774945284262,338.39877567322975,223.48774945284262,333.39877567322975,233.48774945284262,343.39877567322975,1.0
5,1146,226.83901176944505,338.03687588041856,221.83901176944505,333.03687588041856,231.83901176944505,343.03687588041856,1.0
5,1147,226.03609982629038,337.8369003309726,221.03609982629038,332.8369003309726,231.03609982629038,342.8369003309726,1.0
5,1148,224.57382664830794,338.02820813896875,219.57382664830794,333.02820813896875,229.57382664830794,343.02820813896875,1.0
5,1149,225.25407414972233,338.1672763328832,220.25407414972233,333.1672763328832,230.25407414972233,343.1672763328832,1.0
5,1150,224.77958112994793,339.3744231799182,219.77958112994793,334.3744231799182,229.77958112994793,344.3744231799182,1.0
5,1151,225.37109201658998,339.63396357436113,220.37109201658998,334.63396357436113,230.37109201658998,344.63396357436113,1.0
5,1152,225.20522189293374,339.15568670693773,220.20522189293374,334.15568670693773,230.20522189293374,344.15568670693773,1.0
5,1153,225.4632874923631,339.041936309998,220.4632874923631,334.041936309998,230.4632874923631,344.041936309998,1.0
5,1154,225.09453360812427,339.37187136833796,220.09453360812427,334.37187136833796,230.09453360812427,344.37187136833796,1.0
5,1155,224.70586839014214,339.9694526967835,219.70586839014214,334.9694526967835,229.70586839014214,344.9694526967835,1.0
5,1156,224.45830911880807,339.8914774371528,219.45830911880807,334.8914774371528,229.45830911880807,344.8914774371528,1.0
5,1157,224.3871053567435,340.2579757217595,219.3871053567435,335.2579757217595,229.3871053567435,345.2579757217595,1.0
5,1158,224.62753928720954,341.16811249024056,219.62753928720954,336.16811249024056,229.62753928720954,346.16811249024056,1.0
5,1159,225.04714022964063,342.08804999534595,220.04714022964063,337.08804999534595,230.04714022964063,347.08804999534595,1.0
5,1160,224.53939105453134,342.7912873706954,219.53939105453134,337.7912873706954,229.53939105453134,347.7912873706954,1.0
5,1161,224.99858960554067,343.5430158775498,219.99858960554067,338.5430158775498,229.99858960554067,348.5430158775498,1.0
5,1162,225.2740495699349,344.032341490918,220.2740495699349,339.032341490918,230.2740495699349,349.032341490918,1.0
5,1163,225.8285279693522,343.945842791044,220.8285279693522,338.945842791044,230.8285279693522,348.945842791044,1.0
5,1164,225.88210501320427,343.6280572563523,220.88210501320427,338.6280572563523,230.88210501320427,348.6280572563523,1.0
5,1165,224.83540903249303,343.39052450815865,219.83540903249303,338.39052450815865,229.83540903249303,348.39052450815865,1.0
5,1166,225.70413788184484,343.3433615722281,220.70413788184484,338.3433615722281,230.70413788184484,348.3433615722281,1.0
5,1167,226.37484469873488,343.4088665967805,221.37484469873488,338.4088665967805,231.37484469873488,348.4088665967805,1.0
5,1168,227.25333191434802,343.0318580488514,222.25333191434802,338.0318580488514,232.25333191434802,348.0318580488514,1.0
5,1169,228.4212188592342,342.8041197707624,223.4212188592342,337.8041197707624,233.4212188592342,347.8041197707624,1.0
5,1170,228.56017564090075,342.5792173864161,223.56017564090075,337.5792173864161,233.56017564090075,347.5792173864161,1.0
5,1171,228.0744780033384,342.2606805612261,223.0744780033384,337.2606805612261,233.0744780033384,347.2606805612261,1.0
5,1172,227.92604315662868,342.0275560339188,222.92604315662868,337.0275560339188,232.92604315662868,347.0275560339188,1.0
5,1173,228.76675160960298,341.7881009741115,223.76675160960298,336.7881009741115,233.76675160960298,346.7881009741115,1.0
5,1174,228.8468228893856,341.02262584272506,223.8468228893856,336.02262584272506,233.8468228893856,346.02262584272506,1.0
5,1175,228.33240079489946,340.565812826459,223.33240079489946,335.565812826459,233.33240079489946,345.565812826459,1.0
5,1176,228.17985211145574,340.00214038502196,223.17985211145574,335.00214038502196,233.17985211145574,345.00214038502196,1.0
5,1177,227.09364049442564,339.3956777901745,222.09364049442564,334.3956777901745,232.09364049442564,344.3956777901745,1.0
5,1178,226.2091512171845,338.0706645138552,221.2091512171845,333.0706645138552,231.2091512171845,343.0706645138552,1.0
5,1179,225.70801059287828,337.5546114674807,220.70801059287828,332.5546114674807,230.70801059287828,342.5546114674807,1.0
5,1180,226.15100318983156,337.2549745220624,221.15100318983156,332.2549745220624,231.15100318983156,342.2549745220624,1.0
5,1181,226.89807733822448,335.9143207742949,221.89807733822448,330.9143207742949,231.89807733822448,340.9143207742949,1.0
5,1182,226.88081211188285,335.552150426899,221.88081211188285,330.552150426899,231.88081211188285,340.552150426899,1.0
5,1183,227.46062922022364,335.1056413009361,222.46062922022364,330.1056413009361,232.46062922022364,340.1056413009361,1.0
5,1184,226.64981088665667,335.6919816061083,221.64981088665667,330.6919816061083,231.64981088665667,340.6919816061083,1.0
5,1185,225.54359177675835,336.3715005898731,220.54359177675835,331.3715005898731,230.54359177675835,341.3715005898731,1.0
5,1186,223.4247318839096,337.14307250135784,218.4247318839096,332.14307250135784,228.4247318839096,342.14307250135784,1.0
5,1187,221.66311292643516,338.44428194525784,216.66311292643516,333.44428194525784,226.66311292643516,343.44428194525784,1.0
5,1188,220.60992992632762,338.5360413387525,215.60992992632762,333.5360413387525,225.60992992632762,343.5360413387525,1.0
5,1189,220.5535804538469,338.09291996531675,215.5535804538469,333.09291996531675,225.5535804538469,343.09291996531675,1.0
5,1190,220.08835282804003,337.9419347251806,215.08835282804003,332.9419347251806,225.08835282804003,342.9419347251806,1.0
5,1191,219.97897770240763,338.31308759280165,214.97897770240763,333.31308759280165,224.97897770240763,343.31308759280165,1.0
5,1192,219.178025784412,337.8401082861476,214.178025784412,332.8401082861476,224.178025784412,342.8401082861476,1.0
5,1193,218.3643991473756,336.930453919088,213.3643991473756,331.930453919088,223.3643991473756,341.930453919088,1.0
5,1194,218.1197321143216,335.1710006066596,213.1197321143216,330.1710006066596,223.1197321143216,340.1710006066596,1.0
5,1195,218.23962642198433,333.65871364703446,213.23962642198433,328.65871364703446,223.23962642198433,338.65871364703446,1.0
5,1196,217.98020530519597,333.9297174048864,212.98020530519597,328.9297174048864,222.98020530519597,338.9297174048864,1.0
5,1197,217.4413383963148,333.90739233544656,212.4413383963148,328.90739233544656,222.4413383963148,338.90739233544656,1.0
5,1198,216.9000202054676,333.3186874614763,211.9000202054676,328.3186874614763,221.9000202054676,338.3186874614763,1.0
5,1199,216.3722917750339,332.4467430356523,211.3722917750339,327.4467430356523,221.3722917750339,337.4467430356523,1.0
5,1200,215.0666866187354,330.85380279011537,210.0666866187354,325.85380279011537,220.0666866187354,335.85380279011537,1.0
5,1201,214.5845882250959,330.77942303223057,209.5845882250959,325.77942303223057,219.5845882250959,335.77942303223057,1.0
5,1202,214.29760070886616,331.46310779188894,209.29760070886616,326.46310779188894,219.29760070886616,336.46310779188894,1.0
5,1203,214.44298394526604,331.521237594008,209.44298394526604,326.521237594008,219.44298394526604,336.521237594008,1.0
5,1204,214.3147602787795,331.3162012612953,209.3147602787795,326.3162012612953,219.3147602787795,336.3162012612953,1.0
5,1205,215.33787154753546,332.1592203055524,210.33787154753546,327.1592203055524,220.33787154753546,337.1592203055524,1.0
5,1206,215.2541938205272,333.04061124170346,210.2541938205272,328.04061124170346,220.2541938205272,338.04061124170346,1.0
5,1207,214.71435027861585,332.90374042836163,209.71435027861585,327.90374042836163,219.71435027861585,337.90374042836163,1.0
5,1208,215.12054813956624,333.89121146222726,210.12054813956624,328.89121146222726,220.12054813956624,338.89121146222726,1.0
5,1209,215.74226559216527,333.2522187545755,210.74226559216527,328.2522187545755,220.74226559216527,338.2522187545755,1.0
5,1210,216.41415999275168,333.2212309055691,211.41415999275168,328.2212309055691,221.41415999275168,338.2212309055691,1.0
5,1211,216.191893167547,333.68495780161817,211.191893167547,328.68495780161817,221.191893167547,338.68495780161817,1.0
5,1212,215.68972964779243,334.5170803986426,210.68972964779243,329.5170803986426,220.68972964779243,339.5170803986426,1.0
5,1213,215.15671876611,335.5888834261971,210.15671876611,330.5888834261971,220.15671876611,340.5888834261971,1.0
5,1214,214.58431527773254,335.97875141385117,209.58431527773254,330.97875141385117,219.58431527773254,340.97875141385117,1.0
5,1215,214.58468326217638,335.59101927447995,209.58468326217638,330.59101927447995,219.58468326217638,340.59101927447995,1.0
5,1216,214.8352488028879,335.32415496364047,209.8352488028879,330.32415496364047,219.8352488028879,340.32415496364047,1.0
5,1217,214.83299593906838,334.8451786620495,209.83299593906838,329.8451786620495,219.83299593906838,339.8451786620495,1.0
5,1218,215.3146583588916,335.16483694755925,210.3146583588916,330.16483694755925,220.3146583588916,340.16483694755925,1.0
5,1219,215.48650414800065,336.58873182985127,210.48650414800065,331.58873182985127,220.48650414800065,341.58873182985127,1.0
5,1220,215.12342707664138,337.4282045897937,210.12342707664138,332.4282045897937,220.12342707664138,342.4282045897937,1.0
5,1221,215.79915965771025,338.0235756654064,210.79915965771025,333.0235756654064,220.79915965771025,343.0235756654064,1.0
5,1222,215.8278466806426,338.5220159991984,210.8278466806426,333.5220159991984,220.8278466806426,343.5220159991984,1.0
5,1223,215.94762599043375,338.8526979739883,210.94762599043375,333.8526979739883,220.94762599043375,343.8526979739883,1.0
5,1224,215.19225619207901,338.697315667586,210.19225619207901,333.697315667586,220.19225619207901,343.697315667586,1.0
5,1225,214.91637866062982,339.15940058492384,209.91637866062982,334.15940058492384,219.91637866062982,344.15940058492384,1.0
5,1226,214.97967913496564,338.8705645100616,209.97967913496564,333.8705645100616,219.97967913496564,343.8705645100616,1.0
5,1227,214.82535372388443,339.20026798613213,209.82535372388443,334.20026798613213,219.82535372388443,344.20026798613213,1.0
5,1228,214.90822115003596,340.3661091879509,209.90822115003596,335.3661091879509,219.90822115003596,345.3661091879509,1.0
5,1229,215.14978820518107,341.35285848097465,210.14978820518107,336.35285848097465,220.14978820518107,346.35285848097465,1.0
5,1230,214.2312107259192,342.7973884811184,209.2312107259192,337.7973884811184,219.2312107259192,347.7973884811184,1.0
5,1231,212.98015747948534,343.19503759810794,207.98015747948534,338.19503759810794,217.98015747948534,348.19503759810794,1.0
5,1232,212.1913941946034,343.4844658531685,207.1913941946034,338.4844658531685,217.1913941946034,348.4844658531685,1.0
5,1233,211.42663078986362,343.328405420807,206.42663078986362,338.328405420807,216.42663078986362,348.328405420807,1.0
5,1234,211.713716229137,343.5138245822589,206.713716229137,338.5138245822589,216.713716229137,348.5138245822589,1.0
5,1235,212.06841993708915,344.166271177769,207.06841993708915,339.166271177769,217.06841993708915,349.166271177769,1.0
5,1236,212.82359796792693,345.24221956762665,207.82359796792693,340.24221956762665,217.82359796792693,350.24221956762665,1.0
5,1237,212.67316531469942,345.45498891322313,207.67316531469942,340.45498891322313,217.67316531469942,350.45498891322313,1.0
5,1238,212.66926706273438,344.70390682332743,207.66926706273438,339.70390682332743,217.66926706273438,349.70390682332743,1.0
5,1239,212.89767124434175,344.24255170618187,207.89767124434175,339.24255170618187,217.89767124434175,349.24255170618187,1.0
5,1240,213.46431294586716,343.5458811428517,208.46431294586716,338.5458811428517,218.46431294586716,348.5458811428517,1.0
5,1241,213.89092062225345,342.1795598079628,208.89092062225345,337.1795598079628,218.89092062225345,347.1795598079628,1.0
5,1242,213.22294676480334,340.3061275225452,208.22294676480334,335.3061275225452,218.22294676480334,345.3061275225452,1.0
5,1243,211.93397118991055,339.2973877989439,206.93397118991055,334.2973877989439,216.93397118991055,344.2973877989439,1.0
5,1244,211.0495209802349,338.4366100441672,206.0495209802349,333.4366100441672,216.0495209802349,343.4366100441672,1.0
5,1245,210.76318063728115,336.59880494272113,205.76318063728115,331.59880494272113,215.76318063728115,341.59880494272113,1.0
5,1246,211.25174674081248,334.90016672333473,206.25174674081248,329.90016672333473,216.25174674081248,339.90016672333473,1.0
5,1247,212.51718777671692,333.245566404707,207.51718777671692,328.245566404707,217.51718777671692,338.245566404707,1.0
5,1248,213.7131928330189,332.24929317456497,208.7131928330189,327.24929317456497,218.7131928330189,337.24929317456497,1.0
5,1249,213.7806379747285,332.426410379441,208.7806379747285,327.426410379441,218.7806379747285,337.426410379441,1.0
5,1250,213.2452616390065,333.13818836893444,208.2452616390065,328.13818836893444,218.2452616390065,338.13818836893444,1.0
5,1251,212.75088967236292,333.0732679562166,207.75088967236292,328.0732679562166,217.75088967236292,338.0732679562166,1.0
5,1252,212.24934564700845,333.01230367297836,207.24934564700845,328.01230367297836,217.24934564700845,338.01230367297836,1.0
5,1253,211.4669527787743,331.9109179907086,206.4669527787743,326.9109179907086,216.4669527787743,336.9109179907086,1.0
5,1254,210.59839459233933,331.6991762306315,205.59839459233933,326.6991762306315,215.59839459233933,336.6991762306315,1.0
5,1255,210.22026720324953,331.6905919319538,205.22026720324953,326.6905919319538,215.22026720324953,336.6905919319538,1.0
5,1256,208.38233811116712,331.15561861679237,203.38233811116712,326.15561861679237,213.38233811116712,336.15561861679237,1.0
5,1257,206.63639355399653,330.77570084347946,201.63639355399653,325.77570084347946,211.63639355399653,335.77570084347946,1.0
5,1258,205.74382806568102,330.0641641661061,200.74382806568102,325.0641641661061,210.74382806568102,335.0641641661061,1.0
5,1259,205.63035588452806,329.89774144105485,200.63035588452806,324.89774144105485,210.63035588452806,334.89774144105485,1.0
5,1260,205.39595200411878,328.6359200688751,200.39595200411878,323.6359200688751,210.39595200411878,333.6359200688751,1.0
5,1261,205.6718367355366,327.87547967192273,200.6718367355366,322.87547967192273,210.6718367355366,332.87547967192273,1.0
5,1262,206.27011469627809,326.7840537095699,201.27011469627809,321.7840537095699,211.27011469627809,331.7840537095699,1.0
5,1263,206.31743977768684,326.36934825926346,201.31743977768684,321.36934825926346,211.31743977768684,331.36934825926346,1.0
5,1264,206.2171853057983,325.95133138843846,201.2171853057983,320.95133138843846,211.2171853057983,330.95133138843846,1.0
5,1265,206.2568479312331,325.0161464170121,201.2568479312331,320.0161464170121,211.2568479312331,330.0161464170121,1.0
5,1266,205.3860431007597,325.6771156003312,200.3860431007597,320.6771156003312,210.3860431007597,330.6771156003312,1.0
5,1267,204.69472444351302,326.2943032118938,199.69472444351302,321.2943032118938,209.69472444351302,331.2943032118938,1.0
5,1268,204.3861998796527,326.2917775062838,199.3861998796527,321.2917775062838,209.3861998796527,331.2917775062838,1.0
5,1269,204.9806715151524,326.16359153771094,199.9806715151524,321.16359153771094,209.9806715151524,331.16359153771094,1.0
5,1270,205.87178619310637,326.53490621494905,200.87178619310637,321.53490621494905,210.87178619310637,331.53490621494905,1.0
5,1271,206.57482471860732,326.5622919410168,201.57482471860732,321.5622919410168,211.57482471860732,331.5622919410168,1.0
5,1272,207.99379652709135,327.30043745687635,202.99379652709135,322.30043745687635,212.99379652709135,332.30043745687635,1.0
5,1273,209.3704704450841,327.56024951580434,204.3704704450841,322.56024951580434,214.3704704450841,332.56024951580434,1.0
5,1274,211.3274204588161,328.78760755829956,206.3274204588161,323.78760755829956,216.3274204588161,333.78760755829956,1.0
5,1275,211.68663395930457,329.954812684009,206.68663395930457,324.954812684009,216.68663395930457,334.954812684009,1.0
5,1276,211.8516478286847,330.47255559692667,206.8516478286847,325.47255559692667,216.8516478286847,335.47255559692667,1.0
5,1277,212.03120083925938,331.0001597755565,207.03120083925938,326.0001597755565,217.03120083925938,336.0001597755565,1.0
5,1278,213.09300298482412,330.73279466858236,208.09300298482412,325.73279466858236,218.09300298482412,335.73279466858236,1.0
5,1279,213.63252504813522,329.4345342577357,208.63252504813522,324.4345342577357,218.63252504813522,334.4345342577357,1.0
5,1280,213.20291653829292,328.852794535363,208.20291653829292,323.852794535363,218.20291653829292,333.852794535363,1.0
5,1281,213.48342822572954,328.9380504805236,208.48342822572954,323.9380504805236,218.48342822572954,333.9380504805236,1.0
5,1282,213.9567166899828,328.9625564894527,208.9567166899828,323.9625564894527,218.9567166899828,333.9625564894527,1.0
5,1283,213.9132896525807,329.88184582762955,208.9132896525807,324.88184582762955,218.9132896525807,334.88184582762955,1.0
5,1284,214.05502473978393,331.71942055107405,209.05502473978393,326.71942055107405,219.05502473978393,336.71942055107405,1.0
5,1285,213.90956847145267,333.1960940064925,208.90956847145267,328.1960940064925,218.90956847145267,338.1960940064925,1.0
5,1286,213.7160812302668,333.8448303020521,208.7160812302668,328.8448303020521,218.7160812302668,338.8448303020521,1.0
5,1287,213.1194820306715,334.5547978147953,208.1194820306715,329.5547978147953,218.1194820306715,339.5547978147953,1.0
5,1288,212.71087123619506,335.9677071815979,207.71087123619506,330.9677071815979,217.71087123619506,340.9677071815979,1.0
5,1289,211.5378084363642,336.67351561648275,206.5378084363642,331.67351561648275,216.5378084363642,341.67351561648275,1.0
5,1290,211.40413809260298,337.4896143697778,206.40413809260298,332.4896143697778,216.40413809260298,342.4896143697778,1.0
5,1291,212.09086829133457,338.28390258645084,207.09086829133457,333.28390258645084,217.09086829133457,343.28390258645084,1.0
5,1292,213.716568937934,339.4467511625787,208.716568937934,334.4467511625787,218.716568937934,344.4467511625787,1.0
5,1293,214.01991318785605,341.5806912293336,209.01991318785605,336.5806912293336,219.01991318785605,346.5806912293336,1.0
5,1294,214.13376049882808,341.7571984712339,209.13376049882808,336.7571984712339,219.13376049882808,346.7571984712339,1.0
5,1295,213.5475710900811,340.8392148606211,208.5475710900811,335.8392148606211,218.5475710900811,345.8392148606211,1.0
5,1296,212.39876006742946,339.5948335341849,207.39876006742946,334.5948335341849,217.39876006742946,344.5948335341849,1.0
5,1297,211.64099225864385,338.8794616123218,206.64099225864385,333.8794616123218,216.64099225864385,343.8794616123218,1.0
5,1298,211.10980671359354,338.17281285984564,206.10980671359354,333.17281285984564,216.10980671359354,343.17281285984564,1.0
5,1299,211.340167610094,337.71625844022765,206.340167610094,332.71625844022765,216.340167610094,342.71625844022765,1.0
5,1300,211.89622900451056,337.90363388674393,206.89622900451056,332.90363388674393,216.89622900451056,342.90363388674393,1.0
5,1301,212.35052355031885,338.15930225985704,207.35052355031885,333.15930225985704,217.35052355031885,343.15930225985704,1.0
5,1302,212.58299082707413,338.7113391522977,207.58299082707413,333.7113391522977,217.58299082707413,343.7113391522977,1.0
5,1303,212.79950947731356,339.60227743546005,207.79950947731356,334.60227743546005,217.79950947731356,344.60227743546005,1.0
5,1304,212.9560000617093,340.51554139543134,207.9560000617093,335.51554139543134,217.9560000617093,345.51554139543134,1.0
5,1305,212.59298400420556,341.2908745250371,207.59298400420556,336.2908745250371,217.59298400420556,346.2908745250371,1.0
5,1306,212.29854401646412,342.05330304261474,207.29854401646412,337.05330304261474,217.29854401646412,347.05330304261474,1.0
5,1307,213.41138475414652,341.91991121334206,208.41138475414652,336.91991121334206,218.41138475414652,346.91991121334206,1.0
5,1308,212.74696147330818,342.84114541598325,207.74696147330818,337.84114541598325,217.74696147330818,347.84114541598325,1.0
5,1309,212.86695485112529,344.1192338420383,207.86695485112529,339.1192338420383,217.86695485112529,349.1192338420383,1.0
5,1310,213.43131038760924,344.02555101524183,208.43131038760924,339.02555101524183,218.43131038760924,349.02555101524183,1.0
5,1311,213.8644112893261,344.01376620281735,208.8644112893261,339.01376620281735,218.8644112893261,349.01376620281735,1.0
5,1312,214.58561075842394,344.82344059100274,209.58561075842394,339.82344059100274,219.58561075842394,349.82344059100274,1.0
5,1313,214.92513324569381,345.1122504072972,209.92513324569381,340.1122504072972,219.92513324569381,350.1122504072972,1.0
5,1314,216.27519996652268,345.4377402668811,211.27519996652268,340.4377402668811,221.27519996652268,350.4377402668811,1.0
5,1315,218.16306116550658,345.3817155872318,213.16306116550658,340.3817155872318,223.16306116550658,350.3817155872318,1.0
5,1316,219.851195268295,345.827882620147,214.851195268295,340.827882620147,224.851195268295,350.827882620147,1.0
5,1317,221.36052606683808,346.51666663967615,216.36052606683808,341.51666663967615,226.36052606683808,351.51666663967615,1.0
5,1318,222.22728082286991,346.0983097882122,217.22728082286991,341.0983097882122,227.22728082286991,351.0983097882122,1.0
5,1319,221.81123880510043,345.4753404462699,216.81123880510043,340.4753404462699,226.81123880510043,350.4753404462699,1.0
5,1320,220.5984783722629,344.81076744402304,215.5984783722629,339.81076744402304,225.5984783722629,349.81076744402304,1.0
5,1321,220.82452774368272,345.0425673649321,215.82452774368272,340.0425673649321,225.82452774368272,350.0425673649321,1.0
5,1322,220.985964703818,344.5212168524203,215.985964703818,339.5212168524203,225.985964703818,349.5212168524203,1.0
5,1323,222.00181756204404,344.28164417483447,217.00181756204404,339.28164417483447,227.00181756204404,349.28164417483447,1.0
5,1324,223.25719768464853,343.2018137289882,218.25719768464853,338.2018137289882,228.25719768464853,348.2018137289882,1.0
5,1325,223.7843462359893,343.9261404377639,218.7843462359893,338.9261404377639,228.7843462359893,348.9261404377639,1.0
5,1326,224.0675259153392,344.95867658733556,219.0675259153392,339.95867658733556,229.0675259153392,349.95867658733556,1.0
5,1327,224.35591999347506,345.25890238162356,219.35591999347506,340.25890238162356,229.35591999347506,350.25890238162356,1.0
5,1328,225.3817971756791,346.09270555087016,220.3817971756791,341.09270555087016,230.3817971756791,351.09270555087016,1.0
5,1329,226.11135656377522,347.142832976369,221.11135656377522,342.142832976369,231.11135656377522,352.142832976369,1.0
5,1330,227.08245437977567,348.21926624281684,222.08245437977567,343.21926624281684,232.08245437977567,353.21926624281684,1.0
5,1331,227.82402163631556,348.45702678829997,222.82402163631556,343.45702678829997,232.82402163631556,353.45702678829997,1.0
5,1332,229.09359761773248,348.1152666010768,224.09359761773248,343.1152666010768,234.09359761773248,353.1152666010768,1.0
5,1333,229.36484219025067,347.6558483742916,224.36484219025067,342.6558483742916,234.36484219025067,352.6558483742916,1.0
5,1334,228.9792750543783,347.15920407995105,223.9792750543783,342.15920407995105,233.9792750543783,352.15920407995105,1.0
5,1335,227.96019791463618,347.19305149016054,222.96019791463618,342.19305149016054,232.96019791463618,352.19305149016054,1.0
5,1336,226.47204136584512,346.6998869980476,221.47204136584512,341.6998869980476,231.47204136584512,351.6998869980476,1.0
5,1337,226.18372068751466,347.3155332486679,221.18372068751466,342.3155332486679,231.18372068751466,352.3155332486679,1.0
5,1338,226.2980090426962,349.15294545673027,221.2980090426962,344.15294545673027,231.2980090426962,354.15294545673027,1.0
5,1339,225.82729562703648,351.20691208587243,220.82729562703648,346.20691208587243,230.82729562703648,356.20691208587243,1.0
5,1340,224.21336760839196,351.91041846114996,219.21336760839196,346.91041846114996,229.21336760839196,356.91041846114996,1.0
5,1341,222.9789834067865,351.78285407096314,217.9789834067865,346.78285407096314,227.9789834067865,356.78285407096314,1.0
5,1342,222.2581577834247,352.20459810332244,217.2581577834247,347.20459810332244,227.2581577834247,357.20459810332244,1.0
5,1343,221.18193728246578,353.03040917388734,216.18193728246578,348.03040917388734,226.18193728246578,358.03040917388734,1.0
5,1344,219.8293714785211,353.45540368435775,214.8293714785211,348.45540368435775,224.8293714785211,358.45540368435775,1.0
5,1345,219.23202279911052,353.99918162944067,214.23202279911052,348.99918162944067,224.23202279911052,358.99918162944067,1.0
5,1346,218.0928838913095,354.5797582957666,213.0928838913095,349.5797582957666,223.0928838913095,359.5797582957666,1.0
5,1347,217.1057361045728,355.5553639599822,212.1057361045728,350.5553639599822,222.1057361045728,360.5553639599822,1.0
5,1348,216.69795001890637,356.00182773061886,211.69795001890637,351.00182773061886,221.69795001890637,361.00182773061886,1.0
5,1349,216.59104275174806,356.7268254160153,211.59104275174806,351.7268254160153,221.59104275174806,361.7268254160153,1.0
5,1350,215.92369224742933,358.77217277588545,210.92369224742933,353.77217277588545,220.92369224742933,363.77217277588545,1.0
5,1351,215.60219305288766,359.66294403611676,210.60219305288766,354.66294403611676,220.60219305288766,364.66294403611676,1.0
5,1352,215.9249140162362,360.30556729179904,210.9249140162362,355.30556729179904,220.9249140162362,365.30556729179904,1.0
5,1353,216.5294457300628,360.34336778566507,211.5294457300628,355.34336778566507,221.5294457300628,365.34336778566507,1.0
5,1354,216.72019069970543,360.8404880064664,211.72019069970543,355.8404880064664,221.72019069970543,365.8404880064664,1.0
5,1355,216.15976855998647,361.72186417187487,211.15976855998647,356.72186417187487,221.15976855998647,366.72186417187487,1.0
5,1356,215.83418593373023,362.4331395874233,210.83418593373023,357.4331395874233,220.83418593373023,367.4331395874233,1.0
5,1357,216.2563451237786,362.6716241589349,211.2563451237786,357.6716241589349,221.2563451237786,367.6716241589349,1.0
5,1358,217.79932677202143,362.48217889387894,212.79932677202143,357.48217889387894,222.79932677202143,367.48217889387894,1.0
5,1359,220.02214641054374,362.56169075208754,215.02214641054374,357.56169075208754,225.02214641054374,367.56169075208754,1.0
5,1360,222.71761690291962,362.2858757385549,217.71761690291962,357.2858757385549,227.71761690291962,367.2858757385549,1.0
5,1361,224.9104582436612,361.2185513742084,219.9104582436612,356.2185513742084,229.9104582436612,366.2185513742084,1.0
5,1362,226.41383036589122,360.4684623135556,221.41383036589122,355.4684623135556,231.41383036589122,365.4684623135556,1.0
5,1363,226.16259473301778,360.7749085786832,221.16259473301778,355.7749085786832,231.16259473301778,365.7749085786832,1.0
5,1364,226.19732501955622,361.560217020752,221.19732501955622,356.560217020752,231.19732501955622,366.560217020752,1.0
5,1365,226.46867626004465,362.6609470958349,221.46867626004465,357.6609470958349,231.46867626004465,367.6609470958349,1.0
5,1366,226.6358365134944,363.3737667489542,221.6358365134944,358.3737667489542,231.6358365134944,368.3737667489542,1.0
5,1367,226.69325835698427,363.1134605698742,221.69325835698427,358.1134605698742,231.69325835698427,368.1134605698742,1.0
5,1368,226.81260154161686,362.7495150571868,221.81260154161686,357.7495150571868,231.81260154161686,367.7495150571868,1.0
5,1369,225.90422414498775,362.6789576018552,220.90422414498775,357.6789576018552,230.90422414498775,367.6789576018552,1.0
5,1370,224.72093361809368,362.9075341454594,219.72093361809368,357.9075341454594,229.72093361809368,367.9075341454594,1.0
5,1371,223.10429162795424,362.9439685524107,218.10429162795424,357.9439685524107,228.10429162795424,367.9439685524107,1.0
5,1372,220.4746071028083,363.53097015434184,215.4746071028083,358.53097015434184,225.4746071028083,368.53097015434184,1.0
5,1373,218.76471689216356,363.9701213912735,213.76471689216356,358.9701213912735,223.76471689216356,368.9701213912735,1.0
5,1374,217.27520231357747,363.9988675353374,212.27520231357747,358.9988675353374,222.27520231357747,368.9988675353374,1.0
5,1375,216.8704315972331,364.1110881315809,211.8704315972331,359.1110881315809,221.8704315972331,369.1110881315809,1.0
5,1376,216.50855014393215,362.92030378905747,211.50855014393215,357.92030378905747,221.50855014393215,367.92030378905747,1.0
5,1377,216.1334661744123,361.952164736942,211.1334661744123,356.952164736942,221.1334661744123,366.952164736942,1.0
5,1378,215.2536067662813,361.55412123096187,210.2536067662813,356.55412123096187,220.2536067662813,366.55412123096187,1.0
5,1379,215.34377029675665,361.9009656953078,210.34377029675665,356.9009656953078,220.34377029675665,366.9009656953078,1.0
5,1380,215.26739183119489,362.31744694427243,210.26739183119489,357.31744694427243,220.26739183119489,367.31744694427243,1.0
5,1381,214.83700311537612,361.57775814472336,209.83700311537612,356.57775814472336,219.83700311537612,366.57775814472336,1.0
5,1382,214.2356972608651,361.06364135446563,209.2356972608651,356.06364135446563,219.2356972608651,366.06364135446563,1.0
5,1383,212.93624040843798,361.6221987604992,207.93624040843798,356.6221987604992,217.93624040843798,366.6221987604992,1.0
5,1384,211.71300386052658,362.5220098834792,206.71300386052658,357.5220098834792,216.71300386052658,367.5220098834792,1.0
5,1385,211.26619083681106,363.2367677750222,206.26619083681106,358.2367677750222,216.26619083681106,368.2367677750222,1.0
5,1386,211.38750305724682,363.61947735920586,206.38750305724682,358.61947735920586,216.38750305724682,368.61947735920586,1.0
5,1387,211.31077715176085,363.8445519604286,206.31077715176085,358.8445519604286,216.31077715176085,368.8445519604286,1.0
5,1388,210.5980159599412,364.4075563896468,205.5980159599412,359.4075563896468,215.5980159599412,369.4075563896468,1.0
5,1389,208.90898589897063,363.8951949307086,203.90898589897063,358.8951949307086,213.90898589897063,368.8951949307086,1.0
5,1390,208.23239630922697,363.6319693233802,203.23239630922697,358.6319693233802,213.23239630922697,368.6319693233802,1.0
5,1391,207.30118141110535,363.86353185454294,202.30118141110535,358.86353185454294,212.30118141110535,368.86353185454294,1.0
5,1392,206.28463176827483,364.38668934435725,201.28463176827483,359.38668934435725,211.28463176827483,369.38668934435725,1.0
5,1393,205.8534152888394,365.1265296154606,200.8534152888394,360.1265296154606,210.8534152888394,370.1265296154606,1.0
5,1394,206.1304717211202,365.19569309483956,201.1304717211202,360.19569309483956,211.1304717211202,370.19569309483956,1.0
5,1395,207.1921271929082,365.33796971915285,202.1921271929082,360.33796971915285,212.1921271929082,370.33796971915285,1.0
5,1396,208.18505218434274,366.2826776944926,203.18505218434274,361.2826776944926,213.18505218434274,371.2826776944926,1.0
5,1397,208.93065406304365,367.35111975191865,203.93065406304365,362.35111975191865,213.93065406304365,372.35111975191865,1.0
5,1398,209.5076172476428,367.700995540564,204.5076172476428,362.700995540564,214.5076172476428,372.700995540564,1.0
5,1399,209.7953484489717,368.6437795749013,204.7953484489717,363.6437795749013,214.7953484489717,373.6437795749013,1.0
5,1400,209.19629877862508,369.4912305069455,204.19629877862508,364.4912305069455,214.19629877862508,374.4912305069455,1.0
5,1401,207.88662235618574,368.50133532775726,202.88662235618574,363.50133532775726,212.88662235618574,373.50133532775726,1.0
5,1402,207.15549144612325,368.51369758809625,202.15549144612325,363.51369758809625,212.15549144612325,373.51369758809625,1.0
5,1403,207.38454361404123,369.4783967206934,202.38454361404123,364.4783967206934,212.38454361404123,374.4783967206934,1.0
5,1404,207.535935164077,369.8538366704987,202.535935164077,364.8538366704987,212.535935164077,374.8538366704987,1.0
5,1405,208.92455102612806,369.6682532041459,203.92455102612806,364.6682532041459,213.92455102612806,374.6682532041459,1.0
5,1406,209.55865399122752,369.54066850132074,204.55865399122752,364.54066850132074,214.55865399122752,374.54066850132074,1.0
5,1407,210.16953621796264,369.7816418343842,205.16953621796264,364.7816418343842,215.16953621796264,374.7816418343842,1.0
5,1408,210.83914109686475,369.03705747842383,205.83914109686475,364.03705747842383,215.83914109686475,374.03705747842383,1.0
5,1409,211.21185256808263,368.17088584304713,206.21185256808263,363.17088584304713,216.21185256808263,373.17088584304713,1.0
5,1410,211.32670159585618,367.242467041358,206.32670159585618,362.242467041358,216.32670159585618,372.242467041358,1.0
5,1411,211.35039310512548,367.5397587490289,206.35039310512548,362.5397587490289,216.35039310512548,372.5397587490289,1.0
5,1412,211.72741264959402,367.7182109002944,206.72741264959402,362.7182109002944,216.72741264959402,372.7182109002944,1.0
5,1413,212.44796907112737,367.67324990752377,207.44796907112737,362.67324990752377,217.44796907112737,372.67324990752377,1.0
5,1414,213.30249521703035,367.3403556515417,208.30249521703035,362.3403556515417,218.30249521703035,372.3403556515417,1.0
5,1415,212.61234572284587,367.874085868101,207.61234572284587,362.874085868101,217.61234572284587,372.874085868101,1.0
5,1416,211.93123528344378,368.47311749116636,206.93123528344378,363.47311749116636,216.93123528344378,373.47311749116636,1.0
5,1417,211.39408799320705,369.3610778404881,206.39408799320705,364.3610778404881,216.39408799320705,374.3610778404881,1.0
5,1418,210.79168451927384,369.3088226489932,205.79168451927384,364.3088226489932,215.79168451927384,374.3088226489932,1.0
5,1419,211.85178018798754,369.198424743592,206.85178018798754,364.198424743592,216.85178018798754,374.198424743592,1.0
5,1420,212.02568642126153,368.8661031956878,207.02568642126153,363.8661031956878,217.02568642126153,373.8661031956878,1.0
5,1421,211.80838551566703,369.19861723843167,206.80838551566703,364.19861723843167,216.80838551566703,374.19861723843167,1.0
5,1422,211.05027083907262,370.1071889276402,206.05027083907262,365.1071889276402,216.05027083907262,375.1071889276402,1.0
5,1423,210.40931397138817,369.86494953067097,205.40931397138817,364.86494953067097,215.40931397138817,374.86494953067097,1.0
5,1424,210.35544251406833,370.1288489497174,205.35544251406833,365.1288489497174,215.35544251406833,375.1288489497174,1.0
5,1425,210.58039312836235,371.40881188283754,205.58039312836235,366.40881188283754,215.58039312836235,376.40881188283754,1.0
5,1426,210.71498463099243,372.264694185371,205.71498463099243,367.264694185371,215.71498463099243,377.264694185371,1.0
5,1427,211.3069941381798,372.6230739247167,206.3069941381798,367.6230739247167,216.3069941381798,377.6230739247167,1.0
5,1428,212.49093663234106,372.5941351691539,207.49093663234106,367.5941351691539,217.49093663234106,377.5941351691539,1.0
5,1429,214.36412697959872,372.58028804594846,209.36412697959872,367.58028804594846,219.36412697959872,377.58028804594846,1.0
5,1430,215.84506877447217,372.02566083372665,210.84506877447217,367.02566083372665,220.84506877447217,377.02566083372665,1.0
5,1431,217.1983635009441,371.8332234309926,212.1983635009441,366.8332234309926,222.1983635009441,376.8332234309926,1.0
5,1432,218.23445443260164,372.3779828172849,213.23445443260164,367.3779828172849,223.23445443260164,377.3779828172849,1.0
5,1433,218.49383396428692,372.2162794183441,213.49383396428692,367.2162794183441,223.49383396428692,377.2162794183441,1.0
5,1434,218.76969389195003,372.0158325232442,213.76969389195003,367.0158325232442,223.76969389195003,377.0158325232442,1.0
5,1435,219.46333255755428,372.715152531977,214.46333255755428,367.715152531977,224.46333255755428,377.715152531977,1.0
5,1436,220.68714197367544,373.38534563225926,215.68714197367544,368.38534563225926,225.68714197367544,378.38534563225926,1.0
5,1437,222.2300978964854,374.1133109748548,217.2300978964854,369.1133109748548,227.2300978964854,379.1133109748548,1.0
5,1438,223.2728985356587,374.20005823144055,218.2728985356587,369.20005823144055,228.2728985356587,379.20005823144055,1.0
5,1439,224.86247732278915,374.68857085760226,219.86247732278915,369.68857085760226,229.86247732278915,379.68857085760226,1.0
5,1440,226.42011934168266,375.10476138823407,221.42011934168266,370.10476138823407,231.42011934168266,380.10476138823407,1.0
5,1441,226.5967476522682,374.57041220549246,221.5967476522682,369.57041220549246,231.5967476522682,379.57041220549246,1.0
5,1442,227.28415327362774,374.09466128492153,222.28415327362774,369.09466128492153,232.28415327362774,379.09466128492153,1.0
5,1443,228.09973901295686,374.1761441078028,223.09973901295686,369.1761441078028,233.09973901295686,379.1761441078028,1.0
5,1444,228.34609704012576,373.7415206797065,223.34609704012576,368.7415206797065,233.34609704012576,378.7415206797065,1.0
5,1445,228.9409043416231,373.72867704727946,223.9409043416231,368.72867704727946,233.9409043416231,378.72867704727946,1.0
5,1446,229.1862574668682,372.9209749553885,224.1862574668682,367.9209749553885,234.1862574668682,377.9209749553885,1.0
5,1447,229.62990733665762,372.479245975728,224.62990733665762,367.479245975728,234.62990733665762,377.479245975728,1.0
5,1448,229.37863821351334,371.071705395397,224.37863821351334,366.071705395397,234.37863821351334,376.071705395397,1.0
5,1449,229.6827098400828,370.05723651556076,224.6827098400828,365.05723651556076,234.6827098400828,375.05723651556076,1.0
5,1450,230.7723657898662,370.2168113493174,225.7723657898662,365.2168113493174,235.7723657898662,375.2168113493174,1.0
5,1451,231.7106329247281,369.4217441776746,226.7106329247281,364.4217441776746,236.7106329247281,374.4217441776746,1.0
5,1452,232.46949947895865,369.03445172996464,227.46949947895865,364.03445172996464,237.46949947895865,374.03445172996464,1.0
5,1453,233.3902650105328,368.4277871546749,228.3902650105328,363.4277871546749,238.3902650105328,373.4277871546749,1.0
5,1454,234.66142256872973,367.84822521745053,229.66142256872973,362.84822521745053,239.66142256872973,372.84822521745053,1.0
5,1455,234.84285566397526,366.630106874759,229.84285566397526,361.630106874759,239.84285566397526,371.630106874759,1.0
5,1456,234.8906310754358,365.63238358655303,229.8906310754358,360.63238358655303,239.8906310754358,370.63238358655303,1.0
5,1457,235.21832061611315,364.7349192980001,230.21832061611315,359.7349192980001,240.21832061611315,369.7349192980001,1.0
5,1458,234.7783165449307,364.58861140410295,229.7783165449307,359.58861140410295,239.7783165449307,369.58861140410295,1.0
5,1459,233.9713300747176,362.9401523469093,228.9713300747176,357.9401523469093,238.9713300747176,367.9401523469093,1.0
5,1460,233.91517732397918,361.4322215211164,228.91517732397918,356.4322215211164,238.91517732397918,366.4322215211164,1.0
5,1461,233.71808413560112,361.3052106163739,228.71808413560112,356.3052106163739,238.71808413560112,366.3052106163739,1.0
5,1462,234.56244000442402,360.0871014364717,229.56244000442402,355.0871014364717,239.56244000442402,365.0871014364717,1.0
5,1463,235.32448592784692,360.03772696605864,230.32448592784692,355.03772696605864,240.32448592784692,365.03772696605864,1.0
5,1464,236.05584317695093,360.19864313005905,231.05584317695093,355.19864313005905,241.05584317695093,365.19864313005905,1.0
5,1465,235.59904507855757,360.44879108384714,230.59904507855757,355.44879108384714,240.59904507855757,365.44879108384714,1.0
5,1466,235.35169364254944,359.7745228459561,230.35169364254944,354.7745228459561,240.35169364254944,364.7745228459561,1.0
5,1467,234.83417234921222,359.38435590131314,229.83417234921222,354.38435590131314,239.83417234921222,364.38435590131314,1.0
5,1468,234.17603494514933,359.1815087558885,229.17603494514933,354.1815087558885,239.17603494514933,364.1815087558885,1.0
5,1469,233.8019708008321,359.00027794217823,228.8019708008321,354.00027794217823,238.8019708008321,364.00027794217823,1.0
6,749,466.0,306.5,461.0,301.5,471.0,311.5,1.0
6,750,466.73358098219666,307.08127807489814,461.73358098219666,302.08127807489814,471.73358098219666,312.08127807489814,1.0
6,751,467.433698709951,306.0631121165556,462.433698709951,301.0631121165556,472.433698709951,311.0631121165556,1.0
6,752,468.1079203305139,304.871105335,463.1079203305139,299.871105335,473.1079203305139,309.871105335,1.0
6,753,468.54839464983235,304.6055939932347,463.54839464983235,299.6055939932347,473.54839464983235,309.6055939932347,1.0
6,754,469.24898338610865,304.0957646472089,464.24898338610865,299.0957646472089,474.24898338610865,309.0957646472089,1.0
6,755,470.067006811349,303.89516730165633,465.067006811349,298.89516730165633,475.067006811349,308.89516730165633,1.0
6,756,470.95054781448005,303.97747438901143,465.95054781448005,298.97747438901143,475.95054781448005,308.97747438901143,1.0
6,757,470.6620508932332,303.46435035928175,465.6620508932332,298.46435035928175,475.6620508932332,308.46435035928175,1.0
6,758,470.5336331361031,302.4614243795354,465.5336331361031,297.4614243795354,475.5336331361031,307.4614243795354,1.0
6,759,470.4226855295779,302.43655179810565,465.4226855295779,297.43655179810565,475.4226855295779,307.43655179810565,1.0
6,760,470.6734416967016,302.7009638634429,465.6734416967016,297.7009638634429,475.6734416967016,307.7009638634429,1.0
6,761,471.42462834335424,302.3335902503242,466.42462834335424,297.3335902503242,476.42462834335424,307.3335902503242,1.0
6,762,472.2360577476595,301.3029266538988,467.2360577476595,296.3029266538988,477.2360577476595,306.3029266538988,1.0
6,763,472.67259243071635,300.4824387582562,467.67259243071635,295.4824387582562,477.67259243071635,305.4824387582562,1.0
6,764,473.7730884775828,299.7938096450293,468.7730884775828,294.7938096450293,478.7730884775828,304.7938096450293,1.0
6,765,474.8283443745758,298.97127938640295,469.8283443745758,293.97127938640295,479.8283443745758,303.97127938640295,1.0
6,766,475.9841070837912,299.3968966183993,470.9841070837912,294.3968966183993,480.9841070837912,304.3968966183993,1.0
6,767,476.5185177177095,300.0623929126397,471.5185177177095,295.0623929126397,481.5185177177095,305.0623929126397,1.0
6,768,476.9899969477022,301.32108205626383,471.9899969477022,296.32108205626383,481.9899969477022,306.32108205626383,1.0
6,769,476.5971207931438,302.2889873252017,471.5971207931438,297.2889873252017,481.5971207931438,307.2889873252017,1.0
6,770,476.7649089800211,303.24633458303606,471.7649089800211,298.24633458303606,481.7649089800211,308.24633458303606,1.0
6,771,477.1769624172913,303.09826112666883,472.1769624172913,298.09826112666883,482.1769624172913,308.09826112666883,1.0
6,772,477.712230373494,303.2455758856227,472.712230373494,298.2455758856227,482.712230373494,308.2455758856227,1.0
6,773,476.98723491867406,303.6337810205339,471.98723491867406,298.6337810205339,481.98723491867406,308.6337810205339,1.0
6,774,475.9084013796059,304.86103567607523,470.9084013796059,299.86103567607523,480.9084013796059,309.86103567607523,1.0
6,775,475.77239461188867,306.1742886521997,470.77239461188867,301.1742886521997,480.77239461188867,311.1742886521997,1.0
6,776,476.21558791406073,306.51303307863105,471.21558791406073,301.51303307863105,481.21558791406073,311.51303307863105,1.0
6,777,476.71746418196534,306.5189821390139,471.71746418196534,301.5189821390139,481.71746418196534,311.5189821390139,1.0
6,778,477.1961298678502,305.93303699851094,472.1961298678502,300.93303699851094,482.1961298678502,310.93303699851094,1.0
6,779,477.4905757364257,304.6076908361151,472.4905757364257,299.6076908361151,482.4905757364257,309.6076908361151,1.0
6,780,477.7703723486454,304.39460499609044,472.7703723486454,299.39460499609044,482.7703723486454,309.39460499609044,1.0
6,781,477.8527061646093,303.2755609888148,472.8527061646093,298.2755609888148,482.8527061646093,308.2755609888148,1.0
6,782,477.8757794073296,301.40866378018217,472.8757794073296,296.40866378018217,482.8757794073296,306.40866378018217,1.0
6,783,477.3950503517442,300.2172718177182,472.3950503517442,295.2172718177182,482.3950503517442,305.2172718177182,1.0
6,784,477.339963814651,299.10473063303965,472.339963814651,294.10473063303965,482.339963814651,304.10473063303965,1.0
6,785,477.0398502597827,297.6779362739162,472.0398502597827,292.6779362739162,482.0398502597827,302.6779362739162,1.0
6,786,476.875151363829,296.53420820712705,471.875151363829,291.53420820712705,481.875151363829,301.53420820712705,1.0
6,787,477.42511847603424,295.50844689619424,472.42511847603424,290.50844689619424,482.42511847603424,300.50844689619424,1.0
6,788,478.0896846650451,294.6774315525153,473.0896846650451,289.6774315525153,483.0896846650451,299.6774315525153,1.0
6,789,479.1684082389065,294.2477494687116,474.1684082389065,289.2477494687116,484.1684082389065,299.2477494687116,1.0
6,790,479.8971019410234,293.7590439480547,474.8971019410234,288.7590439480547,484.8971019410234,298.7590439480547,1.0
6,791,479.8629946850605,293.32926342843126,474.8629946850605,288.32926342843126,484.8629946850605,298.32926342843126,1.0
6,792,480.39597567361056,293.0443370317955,475.39597567361056,288.0443370317955,485.39597567361056,298.0443370317955,1.0
6,793,479.79115596231526,292.93849935603777,474.79115596231526,287.93849935603777,484.79115596231526,297.93849935603777,1.0
6,794,479.40689717865223,293.42958698788243,474.40689717865223,288.42958698788243,484.40689717865223,298.42958698788243,1.0
6,795,478.95179205321483,292.619614532253,473.95179205321483,287.619614532253,483.95179205321483,297.619614532253,1.0
6,796,477.74599107777976,293.0383285380442,472.74599107777976,288.0383285380442,482.74599107777976,298.0383285380442,1.0
6,797,477.36658553460114,294.30316677830865,472.36658553460114,289.30316677830865,482.36658553460114,299.30316677830865,1.0
6,798,477.3480760551343,295.21351314520496,472.3480760551343,290.21351314520496,482.3480760551343,300.21351314520496,1.0
6,799,477.357939059681,295.815835651316,472.357939059681,290.815835651316,482.357939059681,300.815835651316,1.0
6,800,477.6611255817499,297.1186532121254,472.6611255817499,292.1186532121254,482.6611255817499,302.1186532121254,1.0
6,801,478.6482270231133,297.58223895157033,473.6482270231133,292.58223895157033,483.6482270231133,302.58223895157033,1.0
6,802,479.1558180239837,297.1847981422378,474.1558180239837,292.1847981422378,484.1558180239837,302.1847981422378,1.0
6,803,479.13964171815877,296.7524447874021,474.13964171815877,291.7524447874021,484.13964171815877,301.7524447874021,1.0
6,804,479.64701323777405,296.39116266343217,474.64701323777405,291.39116266343217,484.64701323777405,301.39116266343217,1.0
6,805,479.7289781000315,296.11862363536494,474.7289781000315,291.11862363536494,484.7289781000315,301.11862363536494,1.0
6,806,479.8292279376997,296.77028325336863,474.8292279376997,291.77028325336863,484.8292279376997,301.77028325336863,1.0
6,807,478.58219117661315,296.93443431148467,473.58219117661315,291.93443431148467,483.58219117661315,301.93443431148467,1.0
6,808,477.5757871003184,297.7626272102408,472.5757871003184,292.7626272102408,482.5757871003184,302.7626272102408,1.0
6,809,476.8107642487743,298.391925548107,471.8107642487743,293.391925548107,481.8107642487743,303.391925548107,1.0
6,810,476.6663841495387,297.63910873128805,471.6663841495387,292.63910873128805,481.6663841495387,302.63910873128805,1.0
6,811,476.13968451322387,297.2082850505901,471.13968451322387,292.2082850505901,481.13968451322387,302.2082850505901,1.0
6,812,476.85121720323133,296.1200116884708,471.85121720323133,291.1200116884708,481.85121720323133,301.1200116884708,1.0
6,813,476.6613522997676,295.2255391185384,471.6613522997676,290.2255391185384,481.6613522997676,300.2255391185384,1.0
6,814,476.54752138187536,294.6078340126813,471.54752138187536,289.6078340126813,481.54752138187536,299.6078340126813,1.0
6,815,477.23016283302246,294.0847279548602,472.23016283302246,289.0847279548602,482.23016283302246,299.0847279548602,1.0
6,816,477.3351151309022,293.348050809076,472.3351151309022,288.348050809076,482.3351151309022,298.348050809076,1.0
6,817,477.68178291777804,293.3834813829746,472.68178291777804,288.3834813829746,482.68178291777804,298.3834813829746,1.0
6,818,478.4286698849217,293.30316014377473,473.4286698849217,288.30316014377473,483.4286698849217,298.30316014377473,1.0
6,819,479.2767967247881,292.8405109134579,474.2767967247881,287.8405109134579,484.2767967247881,297.8405109134579,1.0
6,820,479.16926612069176,292.8182144143445,474.16926612069176,287.8182144143445,484.16926612069176,297.8182144143445,1.0
6,821,480.36411458467273,292.33383920005815,475.36411458467273,287.33383920005815,485.36411458467273,297.33383920005815,1.0
6,822,481.7776559739539,293.24514320052504,476.7776559739539,288.24514320052504,486.7776559739539,298.24514320052504,1.0
6,823,481.9452569157317,293.50542262919345,476.9452569157317,288.50542262919345,486.9452569157317,298.50542262919345,1.0
6,824,481.86393151224996,292.91227055917625,476.86393151224996,287.91227055917625,486.86393151224996,297.91227055917625,1.0
6,825,482.27920109075455,293.8753167560434,477.27920109075455,288.8753167560434,487.27920109075455,298.8753167560434,1.0
6,826,482.24765246458173,294.467363573408,477.24765246458173,289.467363573408,487.24765246458173,299.467363573408,1.0
6,827,481.7161134634225,294.5090756336158,476.7161134634225,289.5090756336158,486.7161134634225,299.5090756336158,1.0
6,828,480.5662672803941,294.26466905590024,475.5662672803941,289.26466905590024,485.5662672803941,299.26466905590024,1.0
6,829,480.58849496709905,293.853537742039,475.58849496709905,288.853537742039,485.58849496709905,298.853537742039,1.0
6,830,481.053548133385,294.068576385286,476.053548133385,289.068576385286,486.053548133385,299.068576385286,1.0
6,831,481.1818203375135,294.37403305943064,476.1818203375135,289.37403305943064,486.1818203375135,299.37403305943064,1.0
6,832,480.41682193937913,293.8238831371288,475.41682193937913,288.8238831371288,485.41682193937913,298.8238831371288,1.0
6,833,479.2637787543806,293.05613082107914,474.2637787543806,288.05613082107914,484.2637787543806,298.05613082107914,1.0
6,834,478.4250013323108,291.96389468368307,473.4250013323108,286.96389468368307,483.4250013323108,296.96389468368307,1.0
6,835,477.69566950615456,289.94704458320564,472.69566950615456,284.94704458320564,482.69566950615456,294.94704458320564,1.0
6,836,476.5779625539202,288.72720391099944,471.5779625539202,283.72720391099944,481.5779625539202,293.72720391099944,1.0
6,837,475.9674795784824,288.10923990208687,470.9674795784824,283.10923990208687,480.9674795784824,293.10923990208687,1.0
6,838,475.6877507555453,286.3657126705782,470.6877507555453,281.3657126705782,480.6877507555453,291.3657126705782,1.0
6,839,475.3981756048878,286.6997751466003,470.3981756048878,281.6997751466003,480.3981756048878,291.6997751466003,1.0
6,840,475.48996343736354,287.8324363137534,470.48996343736354,282.8324363137534,480.48996343736354,292.8324363137534,1.0
6,841,475.26564226863456,288.21163842248393,470.26564226863456,283.21163842248393,480.26564226863456,293.21163842248393,1.0
6,842,474.8762936152754,287.92612369498465,469.8762936152754,282.92612369498465,479.8762936152754,292.92612369498465,1.0
6,843,474.3947035515276,288.93412457276196,469.3947035515276,283.93412457276196,479.3947035515276,293.93412457276196,1.0
6,844,474.67007353590816,289.36693547308346,469.67007353590816,284.36693547308346,479.67007353590816,294.36693547308346,1.0
6,845,474.1834959863327,290.1484220965442,469.1834959863327,285.1484220965442,479.1834959863327,295.1484220965442,1.0
6,846,473.8530393436072,291.47627941879784,468.8530393436072,286.47627941879784,478.8530393436072,296.47627941879784,1.0
6,847,473.88742618746386,291.9096664114455,468.88742618746386,286.9096664114455,478.88742618746386,296.9096664114455,1.0
6,848,473.7928783743165,292.82186030791667,468.7928783743165,287.82186030791667,478.7928783743165,297.82186030791667,1.0
6,849,473.2640754013421,291.7417209773472,468.2640754013421,286.7417209773472,478.2640754013421,296.7417209773472,1.0
6,850,473.4390015371046,291.194546162258,468.4390015371046,286.194546162258,478.4390015371046,296.194546162258,1.0
6,851,473.1629983594797,291.30958278187234,468.1629983594797,286.30958278187234,478.1629983594797,296.30958278187234,1.0
6,852,472.220892683634,290.8557681395931,467.220892683634,285.8557681395931,477.220892683634,295.8557681395931,1.0
6,853,471.45861633829355,291.2023851365744,466.45861633829355,286.2023851365744,476.45861633829355,296.2023851365744,1.0
6,854,470.0531295957777,291.4407788179556,465.0531295957777,286.4407788179556,475.0531295957777,296.4407788179556,1.0
6,855,468.8745572713771,290.9966233861819,463.8745572713771,285.9966233861819,473.8745572713771,295.9966233861819,1.0
6,856,467.50099583119476,290.02467615015564,462.50099583119476,285.02467615015564,472.50099583119476,295.02467615015564,1.0
6,857,466.3997294118488,289.9564662663436,461.3997294118488,284.9564662663436,471.3997294118488,294.9564662663436,1.0
6,858,465.22358675785546,288.4714613846536,460.22358675785546,283.4714613846536,470.22358675785546,293.4714613846536,1.0
6,859,464.61492624743903,287.82609582318196,459.61492624743903,282.82609582318196,469.61492624743903,292.82609582318196,1.0
6,860,463.54076217628307,288.61401486396386,458.54076217628307,283.61401486396386,468.54076217628307,293.61401486396386,1.0
6,861,463.4060951143698,288.95689193914427,458.4060951143698,283.95689193914427,468.4060951143698,293.95689193914427,1.0
6,862,464.24349679718216,289.18832166751645,459.24349679718216,284.18832166751645,469.24349679718216,294.18832166751645,1.0
6,863,464.97403515987634,289.63055286361373,459.97403515987634,284.63055286361373,469.97403515987634,294.63055286361373,1.0
6,864,464.27411533458053,291.2069087900358,459.27411533458053,286.2069087900358,469.27411533458053,296.2069087900358,1.0
6,865,463.7447155458745,291.92326181729425,458.7447155458745,286.92326181729425,468.7447155458745,296.92326181729425,1.0
6,866,462.74248061467046,292.0004499174123,457.74248061467046,287.0004499174123,467.74248061467046,297.0004499174123,1.0
6,867,461.42379050689874,292.01982635141667,456.42379050689874,287.01982635141667,466.42379050689874,297.01982635141667,1.0
6,868,460.86522537604833,290.9635871461789,455.86522537604833,285.9635871461789,465.86522537604833,295.9635871461789,1.0
6,869,460.61427084173914,290.1961967862651,455.61427084173914,285.1961967862651,465.61427084173914,295.1961967862651,1.0
6,870,460.41511173591675,289.20166720835124,455.41511173591675,284.20166720835124,465.41511173591675,294.20166720835124,1.0
6,871,460.5543673041675,288.9380663305218,455.5543673041675,283.9380663305218,465.5543673041675,293.9380663305218,1.0
6,872,458.4694272067921,289.071428208566,453.4694272067921,284.071428208566,463.4694272067921,294.071428208566,1.0
6,873,457.7142760934239,288.63354791830443,452.7142760934239,283.63354791830443,462.7142760934239,293.63354791830443,1.0
6,874,456.10384135550254,288.3717004617368,451.10384135550254,283.3717004617368,461.10384135550254,293.3717004617368,1.0
6,875,454.4858095504969,287.7195290960489,449.4858095504969,282.7195290960489,459.4858095504969,292.7195290960489,1.0
6,876,453.9925098818137,287.7945432741422,448.9925098818137,282.7945432741422,458.9925098818137,292.7945432741422,1.0
6,877,453.72479688305276,288.1090418282485,448.72479688305276,283.1090418282485,458.72479688305276,293.1090418282485,1.0
6,878,454.49793748390357,288.40733500653135,449.49793748390357,283.40733500653135,459.49793748390357,293.40733500653135,1.0
6,879,454.99111311795434,287.89237076432556,449.99111311795434,282.89237076432556,459.99111311795434,292.89237076432556,1.0
6,880,454.8941900721202,286.79988480386004,449.8941900721202,281.79988480386004,459.8941900721202,291.79988480386004,1.0
6,881,455.07960225132354,286.4220658718891,450.07960225132354,281.4220658718891,460.07960225132354,291.4220658718891,1.0
6,882,455.3437381265012,286.82263999210517,450.3437381265012,281.82263999210517,460.3437381265012,291.82263999210517,1.0
6,883,455.1613291100569,286.753130565439,450.1613291100569,281.753130565439,460.1613291100569,291.753130565439,1.0
6,884,455.62837948319066,286.5888024569038,450.62837948319066,281.5888024569038,460.62837948319066,291.5888024569038,1.0
6,885,455.95084891862234,287.038375581378,450.95084891862234,282.038375581378,460.95084891862234,292.038375581378,1.0
6,886,456.55924717670695,287.92262914588446,451.55924717670695,282.92262914588446,461.55924717670695,292.92262914588446,1.0
6,887,457.0335805918733,288.3767412200444,452.0335805918733,283.3767412200444,462.0335805918733,293.3767412200444,1.0
6,888,456.8383648363757,287.97045234187465,451.8383648363757,282.97045234187465,461.8383648363757,292.97045234187465,1.0
6,889,457.1212990639375,288.26874669401747,452.1212990639375,283.26874669401747,462.1212990639375,293.26874669401747,1.0
6,890,457.46386754396275,289.7722095026323,452.46386754396275,284.7722095026323,462.46386754396275,294.7722095026323,1.0
6,891,457.63725789856704,290.25908603784836,452.63725789856704,285.25908603784836,462.63725789856704,295.25908603784836,1.0
6,892,456.2995010007233,291.1241318708751,451.2995010007233,286.1241318708751,461.2995010007233,296.1241318708751,1.0
6,893,455.5962826150215,291.3448765562234,450.5962826150215,286.3448765562234,460.5962826150215,296.3448765562234,1.0
6,894,454.44405248134336,291.37428447339954,449.44405248134336,286.37428447339954,459.44405248134336,296.37428447339954,1.0
6,895,453.48709427198327,291.4568637904403,448.48709427198327,286.4568637904403,458.48709427198327,296.4568637904403,1.0
6,896,453.27564636979037,291.2300132241467,448.27564636979037,286.2300132241467,458.27564636979037,296.2300132241467,1.0
6,897,452.4265043760365,291.7067322778396,447.4265043760365,286.7067322778396,457.4265043760365,296.7067322778396,1.0
6,898,452.3672906582174,292.18220423204207,447.3672906582174,287.18220423204207,457.3672906582174,297.18220423204207,1.0
6,899,452.20361094737615,291.36697107508735,447.20361094737615,286.36697107508735,457.20361094737615,296.36697107508735,1.0
6,900,451.94646383027236,290.9882525910273,446.94646383027236,285.9882525910273,456.94646383027236,295.9882525910273,1.0
6,901,451.9562581861262,290.0402418260959,446.9562581861262,285.0402418260959,456.9562581861262,295.0402418260959,1.0
6,902,452.80784124482574,289.30747639791736,447.80784124482574,284.30747639791736,457.80784124482574,294.30747639791736,1.0
6,903,452.6509085163622,288.55361650834124,447.6509085163622,283.55361650834124,457.6509085163622,293.55361650834124,1.0
6,904,452.37670785578973,287.990971298771,447.37670785578973,282.990971298771,457.37670785578973,292.990971298771,1.0
6,905,452.6092771143036,287.76742173370144,447.6092771143036,282.76742173370144,457.6092771143036,292.76742173370144,1.0
6,906,453.3439608544276,288.4000287293473,448.3439608544276,283.4000287293473,458.3439608544276,293.4000287293473,1.0
6,907,452.6630507132892,289.73746579334096,447.6630507132892,284.73746579334096,457.6630507132892,294.73746579334096,1.0
6,908,452.59033560994243,291.7611785627746,447.59033560994243,286.7611785627746,457.59033560994243,296.7611785627746,1.0
6,909,453.391556064568,291.7863805884719,448.391556064568,286.7863805884719,458.391556064568,296.7863805884719,1.0
6,910,454.1690158040554,291.98459361041324,449.1690158040554,286.98459361041324,459.1690158040554,296.98459361041324,1.0
6,911,455.24411507784606,292.71135954840526,450.24411507784606,287.71135954840526,460.24411507784606,297.71135954840526,1.0
6,912,456.2920645915608,294.06986648590174,451.2920645915608,289.06986648590174,461.2920645915608,299.06986648590174,1.0
6,913,457.01510568684057,294.98375849014684,452.01510568684057,289.98375849014684,462.01510568684057,299.98375849014684,1.0
6,914,458.8841988536147,295.7355437101179,453.8841988536147,290.7355437101179,463.8841988536147,300.7355437101179,1.0
6,915,459.4646222558938,295.88908690343874,454.4646222558938,290.88908690343874,464.4646222558938,300.88908690343874,1.0
6,916,459.1159393846928,296.21581513727614,454.1159393846928,291.21581513727614,464.1159393846928,301.21581513727614,1.0
6,917,459.49739342613276,295.7190185510302,454.49739342613276,290.7190185510302,464.49739342613276,300.7190185510302,1.0
6,918,459.1698067740023,296.4206907756792,454.1698067740023,291.4206907756792,464.1698067740023,301.4206907756792,1.0
6,919,457.5867871878586,297.2358909013255,452.5867871878586,292.2358909013255,462.5867871878586,302.2358909013255,1.0
6,920,455.4481347330393,297.1681668735873,450.4481347330393,292.1681668735873,460.4481347330393,302.1681668735873,1.0
6,921,453.5429739800836,297.4308082981848,448.5429739800836,292.4308082981848,458.5429739800836,302.4308082981848,1.0
6,922,452.44545306645813,297.6270821374241,447.44545306645813,292.6270821374241,457.44545306645813,302.6270821374241,1.0
6,923,451.8174010731344,297.15560504092167,446.8174010731344,292.15560504092167,456.8174010731344,302.15560504092167,1.0
6,924,451.5215279180394,296.7932916158627,446.5215279180394,291.7932916158627,456.5215279180394,301.7932916158627,1.0
6,925,451.42909035722306,296.5374485131877,446.42909035722306,291.5374485131877,456.42909035722306,301.5374485131877,1.0
6,926,451.663864416787,296.4093736057645,446.663864416787,291.4093736057645,456.663864416787,301.4093736057645,1.0
6,927,452.43446833825254,296.4795674196416,447.43446833825254,291.4795674196416,457.43446833825254,301.4795674196416,1.0
6,928,453.4964891111319,297.3059527295589,448.4964891111319,292.3059527295589,458.4964891111319,302.3059527295589,1.0
6,929,453.2075007363549,297.8748343563683,448.2075007363549,292.8748343563683,458.2075007363549,302.8748343563683,1.0
6,930,452.2395437545472,298.2424520856538,447.2395437545472,293.2424520856538,457.2395437545472,303.2424520856538,1.0
6,931,451.42797651248804,299.556945888555,446.42797651248804,294.556945888555,456.42797651248804,304.556945888555,1.0
6,932,451.25124234925863,300.05420562253624,446.25124234925863,295.05420562253624,456.25124234925863,305.05420562253624,1.0
6,933,451.3104894539428,299.0387340399714,446.3104894539428,294.0387340399714,456.3104894539428,304.0387340399714,1.0
6,934,451.3068013079094,297.9595350685053,446.3068013079094,292.9595350685053,456.3068013079094,302.9595350685053,1.0
6,935,451.0824279407657,298.3700623441848,446.0824279407657,293.3700623441848,456.0824279407657,303.3700623441848,1.0
6,936,450.95864130956676,298.56466219368576,445.95864130956676,293.56466219368576,455.95864130956676,303.56466219368576,1.0
6,937,451.677490404745,298.16419038185956,446.677490404745,293.16419038185956,456.677490404745,303.16419038185956,1.0
6,938,452.19636616068067,297.54423326875525,447.19636616068067,292.54423326875525,457.19636616068067,302.54423326875525,1.0
6,939,453.73725025077766,296.5767559062069,448.73725025077766,291.5767559062069,458.73725025077766,301.5767559062069,1.0
6,940,454.91276904597856,295.88462571766337,449.91276904597856,290.88462571766337,459.91276904597856,300.88462571766337,1.0
6,941,455.97254577312975,295.80265967147596,450.97254577312975,290.80265967147596,460.97254577312975,300.80265967147596,1.0
6,942,457.3163076109957,295.367031260059,452.3163076109957,290.367031260059,462.3163076109957,300.367031260059,1.0
6,943,459.2043233144386,296.0012429893608,454.2043233144386,291.0012429893608,464.2043233144386,301.0012429893608,1.0
6,944,460.948044747018,296.04784590184875,455.948044747018,291.04784590184875,465.948044747018,301.04784590184875,1.0
6,945,461.55091166065574,296.50780118338986,456.55091166065574,291.50780118338986,466.55091166065574,301.50780118338986,1.0
6,946,461.9811879513735,296.66905452264945,456.9811879513735,291.66905452264945,466.9811879513735,301.66905452264945,1.0
6,947,462.3987698327457,296.915878820324,457.3987698327457,291.915878820324,467.3987698327457,301.915878820324,1.0
6,948,463.0638407490446,296.69911692888786,458.0638407490446,291.69911692888786,468.0638407490446,301.69911692888786,1.0
6,949,463.10083252861597,297.04763822961496,458.10083252861597,292.04763822961496,468.10083252861597,302.04763822961496,1.0
6,950,463.4580926845855,296.41432686783656,458.4580926845855,291.41432686783656,468.4580926845855,301.41432686783656,1.0
6,951,463.93087765567765,296.6858132223149,458.93087765567765,291.6858132223149,468.93087765567765,301.6858132223149,1.0
6,952,463.8062499185866,297.55664023264586,458.8062499185866,292.55664023264586,468.8062499185866,302.55664023264586,1.0
6,953,463.2575670736035,297.9376186598491,458.2575670736035,292.9376186598491,468.2575670736035,302.9376186598491,1.0
6,954,462.8161307513087,297.0567583905967,457.8161307513087,292.0567583905967,467.8161307513087,302.0567583905967,1.0
6,955,462.5920095351609,296.77305291137975,457.5920095351609,291.77305291137975,467.5920095351609,301.77305291137975,1.0
6,956,461.61972250243707,296.75554791224863,456.61972250243707,291.75554791224863,466.61972250243707,301.75554791224863,1.0
6,957,461.4275419155931,296.6857427823483,456.4275419155931,291.6857427823483,466.4275419155931,301.6857427823483,1.0
6,958,459.94356797754193,296.2738688712038,454.94356797754193,291.2738688712038,464.94356797754193,301.2738688712038,1.0
6,959,460.1145547081205,296.1659582278091,455.1145547081205,291.1659582278091,465.1145547081205,301.1659582278091,1.0
6,960,459.5940010886222,296.5766263998155,454.5940010886222,291.5766263998155,464.5940010886222,301.5766263998155,1.0
6,961,459.078559816968,296.30596782054056,454.078559816968,291.30596782054056,464.078559816968,301.30596782054056,1.0
6,962,458.6676688805965,295.8365330766377,453.6676688805965,290.8365330766377,463.6676688805965,300.8365330766377,1.0
6,963,459.40586337255394,295.5389118973131,454.40586337255394,290.5389118973131,464.40586337255394,300.5389118973131,1.0
6,964,459.348559724191,296.0430303635362,454.348559724191,291.0430303635362,464.348559724191,301.0430303635362,1.0
6,965,459.88578916807523,296.5251983794106,454.88578916807523,291.5251983794106,464.88578916807523,301.5251983794106,1.0
6,966,459.31778261490035,296.0106817796044,454.31778261490035,291.0106817796044,464.31778261490035,301.0106817796044,1.0
6,967,458.93847483577065,294.9856554533836,453.93847483577065,289.9856554533836,463.93847483577065,299.9856554533836,1.0
6,968,458.72617096128624,294.47381338041345,453.72617096128624,289.47381338041345,463.72617096128624,299.47381338041345,1.0
6,969,457.4392457983798,294.7048858975595,452.4392457983798,289.7048858975595,462.4392457983798,299.7048858975595,1.0
6,970,456.0270781737377,295.53548120769926,451.0270781737377,290.53548120769926,461.0270781737377,300.53548120769926,1.0
6,971,455.0882266638009,297.389164027585,450.0882266638009,292.389164027585,460.0882266638009,302.389164027585,1.0
6,972,454.73899800474516,297.278460092497,449.73899800474516,292.278460092497,459.73899800474516,302.278460092497,1.0
6,973,453.85219322185276,297.9937133526618,448.85219322185276,292.9937133526618,458.85219322185276,302.9937133526618,1.0
6,974,454.0289724231251,299.015516306819,449.0289724231251,294.015516306819,459.0289724231251,304.015516306819,1.0
6,975,453.33726228783945,299.79884534166627,448.33726228783945,294.79884534166627,458.33726228783945,304.79884534166627,1.0
6,976,452.434858971313,300.54536627386454,447.434858971313,295.54536627386454,457.434858971313,305.54536627386454,1.0
6,977,451.199765940271,300.1747631097056,446.199765940271,295.1747631097056,456.199765940271,305.1747631097056,1.0
6,978,449.5450498304552,300.1570144301935,444.5450498304552,295.1570144301935,454.5450498304552,305.1570144301935,1.0
6,979,449.40985046901335,300.20779104281513,444.40985046901335,295.20779104281513,454.40985046901335,305.20779104281513,1.0
6,980,449.6387120819291,300.20094909035424,444.6387120819291,295.20094909035424,454.6387120819291,305.20094909035424,1.0
6,981,450.33386592572623,301.139885901129,445.33386592572623,296.139885901129,455.33386592572623,306.139885901129,1.0
6,982,450.4266664912751,301.303517806352,445.4266664912751,296.303517806352,455.4266664912751,306.303517806352,1.0
6,983,451.53563097554775,301.51196642927925,446.53563097554775,296.51196642927925,456.53563097554775,306.51196642927925,1.0
6,984,451.80680708331533,301.86563371742363,446.80680708331533,296.86563371742363,456.80680708331533,306.86563371742363,1.0
6,985,452.51188284428065,301.9811347712571,447.51188284428065,296.9811347712571,457.51188284428065,306.9811347712571,1.0
6,986,453.03397810334457,302.845054054333,448.03397810334457,297.845054054333,458.03397810334457,307.845054054333,1.0
6,987,454.19423821107966,302.523508802918,449.19423821107966,297.523508802918,459.19423821107966,307.523508802918,1.0
6,988,455.5655531882639,302.84669739938937,450.5655531882639,297.84669739938937,460.5655531882639,307.84669739938937,1.0
6,989,456.39322165335057,302.63406660924034,451.39322165335057,297.63406660924034,461.39322165335057,307.63406660924034,1.0
6,990,456.28280346750046,301.446138071901,451.28280346750046,296.446138071901,461.28280346750046,306.446138071901,1.0
6,991,455.69856449780497,300.92053542915727,450.69856449780497,295.92053542915727,460.69856449780497,305.92053542915727,1.0
6,992,454.2308478937659,300.9082812807291,449.2308478937659,295.9082812807291,459.2308478937659,305.9082812807291,1.0
6,993,454.8797287984944,300.6859082043331,449.8797287984944,295.6859082043331,459.8797287984944,305.6859082043331,1.0
6,994,454.7540720160253,300.32727351230517,449.7540720160253,295.32727351230517,459.7540720160253,305.32727351230517,1.0
6,995,455.7027201447796,299.10997089139056,450.7027201447796,294.10997089139056,460.7027201447796,304.10997089139056,1.0
6,996,457.0523233676206,298.5076867933971,452.0523233676206,293.5076867933971,462.0523233676206,303.5076867933971,1.0
6,997,457.2389268836344,297.45299738878737,452.2389268836344,292.45299738878737,462.2389268836344,302.45299738878737,1.0
6,998,457.0591729815829,296.680780900423,452.0591729815829,291.680780900423,462.0591729815829,301.680780900423,1.0
6,999,456.9445183245335,296.77395518533666,451.9445183245335,291.77395518533666,461.9445183245335,301.77395518533666,1.0
6,1000,456.54027568151747,296.76121479690755,451.54027568151747,291.76121479690755,461.54027568151747,301.76121479690755,1.0
6,1001,456.6894331182068,297.34319733309263,451.6894331182068,292.34319733309263,461.6894331182068,302.34319733309263,1.0
6,1002,456.0078795031607,296.6255119896384,451.0078795031607,291.6255119896384,461.0078795031607,301.6255119896384,1.0
6,1003,454.69003206752404,296.4183414277376,449.69003206752404,291.4183414277376,459.69003206752404,301.4183414277376,1.0
6,1004,454.26446111478305,295.7022198592731,449.26446111478305,290.7022198592731,459.26446111478305,300.7022198592731,1.0
6,1005,454.7529017541233,294.5532345621375,449.7529017541233,289.5532345621375,459.7529017541233,299.5532345621375,1.0
6,1006,455.23665012935584,293.48017798249504,450.23665012935584,288.48017798249504,460.23665012935584,298.48017798249504,1.0
6,1007,455.2615592924184,292.7491268906148,450.2615592924184,287.7491268906148,460.2615592924184,297.7491268906148,1.0
6,1008,454.71976626235255,292.09449324908496,449.71976626235255,287.09449324908496,459.71976626235255,297.09449324908496,1.0
6,1009,455.10532952929464,292.1046573598304,450.10532952929464,287.1046573598304,460.10532952929464,297.1046573598304,1.0
6,1010,455.0020708498699,291.38364762654425,450.0020708498699,286.38364762654425,460.0020708498699,296.38364762654425,1.0
6,1011,455.470675424075,291.0981910651055,450.470675424075,286.0981910651055,460.470675424075,296.0981910651055,1.0
6,1012,455.14088691378714,290.67448421488723,450.14088691378714,285.67448421488723,460.14088691378714,295.67448421488723,1.0
6,1013,454.6199068713854,291.03350465664937,449.6199068713854,286.03350465664937,459.6199068713854,296.03350465664937,1.0
6,1014,454.67492405166564,291.26428753122184,449.67492405166564,286.26428753122184,459.67492405166564,296.26428753122184,1.0
6,1015,454.8470146591341,291.30351475078953,449.8470146591341,286.30351475078953,459.8470146591341,296.30351475078953,1.0
6,1016,455.27745350745664,291.7234846640195,450.27745350745664,286.7234846640195,460.27745350745664,296.7234846640195,1.0
6,1017,455.473478639965,292.65618039190394,450.473478639965,287.65618039190394,460.473478639965,297.65618039190394,1.0
6,1018,456.2877169470729,293.4727315918653,451.2877169470729,288.4727315918653,461.2877169470729,298.4727315918653,1.0
6,1019,457.39969088372555,293.84660181757874,452.39969088372555,288.84660181757874,462.39969088372555,298.84660181757874,1.0
6,1020,458.2198236059194,294.2679172684124,453.2198236059194,289.2679172684124,463.2198236059194,299.2679172684124,1.0
6,1021,459.1887314823177,295.2693772979078,454.1887314823177,290.2693772979078,464.1887314823177,300.2693772979078,1.0
6,1022,460.92996304320604,296.6301394041361,455.92996304320604,291.6301394041361,465.92996304320604,301.6301394041361,1.0
6,1023,461.6961091892697,298.0665640130382,456.6961091892697,293.0665640130382,466.6961091892697,303.0665640130382,1.0
6,1024,461.8614866997111,299.8166396930003,456.8614866997111,294.8166396930003,466.8614866997111,304.8166396930003,1.0
6,1025,462.23595276313836,301.2491337506811,457.23595276313836,296.2491337506811,467.23595276313836,306.2491337506811,1.0
6,1026,461.29556706485386,302.3909256322413,456.29556706485386,297.3909256322413,466.29556706485386,307.3909256322413,1.0
6,1027,460.8313869402434,303.2477598190135,455.8313869402434,298.2477598190135,465.8313869402434,308.2477598190135,1.0
6,1028,461.73249829312635,303.71542415868294,456.73249829312635,298.71542415868294,466.73249829312635,308.71542415868294,1.0
6,1029,461.8146489266427,303.2889717837433,456.8146489266427,298.2889717837433,466.8146489266427,308.2889717837433,1.0
6,1030,462.6421422377173,302.69524811950356,457.6421422377173,297.69524811950356,467.6421422377173,307.69524811950356,1.0
6,1031,462.5235163023073,301.9645546787364,457.5235163023073,296.9645546787364,467.5235163023073,306.9645546787364,1.0
6,1032,463.7384087025923,302.0684757244713,458.7384087025923,297.0684757244713,468.7384087025923,307.0684757244713,1.0
6,1033,464.4948060631143,302.22134022889304,459.4948060631143,297.22134022889304,469.4948060631143,307.22134022889304,1.0
6,1034,464.5419112004405,301.1541930504019,459.5419112004405,296.1541930504019,469.5419112004405,306.1541930504019,1.0
6,1035,464.64559109308476,299.5802950373697,459.64559109308476,294.5802950373697,469.64559109308476,304.5802950373697,1.0
6,1036,465.7478190988478,297.22317230149804,460.7478190988478,292.22317230149804,470.7478190988478,302.22317230149804,1.0
6,1037,465.3174125438153,295.803207006151,460.3174125438153,290.803207006151,470.3174125438153,300.803207006151,1.0
6,1038,464.4936999505518,294.413371734643,459.4936999505518,289.413371734643,469.4936999505518,299.413371734643,1.0
6,1039,463.00892622220505,294.0049043802727,458.00892622220505,289.0049043802727,468.00892622220505,299.0049043802727,1.0
6,1040,462.90214238482355,294.43235758227866,457.90214238482355,289.43235758227866,467.90214238482355,299.43235758227866,1.0
6,1041,463.18171573369256,294.52161974108145,458.18171573369256,289.52161974108145,468.18171573369256,299.52161974108145,1.0
6,1042,462.1371959707585,293.7426807248688,457.1371959707585,288.7426807248688,467.1371959707585,298.7426807248688,1.0
6,1043,461.5374699429412,293.77351179520167,456.5374699429412,288.77351179520167,466.5374699429412,298.77351179520167,1.0
6,1044,461.3653868685424,293.3172073041162,456.3653868685424,288.3172073041162,466.3653868685424,298.3172073041162,1.0
6,1045,461.0739083647928,293.79169701769115,456.0739083647928,288.79169701769115,466.0739083647928,298.79169701769115,1.0
6,1046,460.2902993592759,293.5977543882016,455.2902993592759,288.5977543882016,465.2902993592759,298.5977543882016,1.0
6,1047,460.33246353744704,293.4095606537324,455.33246353744704,288.4095606537324,465.33246353744704,298.4095606537324,1.0
6,1048,459.8154049962278,293.26155371705465,454.8154049962278,288.26155371705465,464.8154049962278,298.26155371705465,1.0
6,1049,460.3041166741621,294.2504553252973,455.3041166741621,289.2504553252973,465.3041166741621,299.2504553252973,1.0
6,1050,460.103947763197,294.3965841591481,455.103947763197,289.3965841591481,465.103947763197,299.3965841591481,1.0
6,1051,459.13277983490326,294.1730876306177,454.13277983490326,289.1730876306177,464.13277983490326,299.1730876306177,1.0
6,1052,458.0674794295515,293.9894238710482,453.0674794295515,288.9894238710482,463.0674794295515,298.9894238710482,1.0
6,1053,457.5682913376715,293.12482306242356,452.5682913376715,288.12482306242356,462.5682913376715,298.12482306242356,1.0
6,1054,457.5832761374058,293.0555062722771,452.5832761374058,288.0555062722771,462.5832761374058,298.0555062722771,1.0
6,1055,456.5167413748471,292.4640103016959,451.5167413748471,287.4640103016959,461.5167413748471,297.4640103016959,1.0
6,1056,455.9800997511879,292.18931768587356,450.9800997511879,287.18931768587356,460.9800997511879,297.18931768587356,1.0
6,1057,456.91497068286907,291.17394298339735,451.91497068286907,286.17394298339735,461.91497068286907,296.17394298339735,1.0
6,1058,457.61853525699667,290.23134959984804,452.61853525699667,285.23134959984804,462.61853525699667,295.23134959984804,1.0
6,1059,458.2165345179132,289.86244999528753,453.2165345179132,284.86244999528753,463.2165345179132,294.86244999528753,1.0
6,1060,459.6931692749052,289.0379477553496,454.6931692749052,284.0379477553496,464.6931692749052,294.0379477553496,1.0
6,1061,461.7414850899205,289.1854676897692,456.7414850899205,284.1854676897692,466.7414850899205,294.1854676897692,1.0
6,1062,462.3664391791386,289.1459393595559,457.3664391791386,284.1459393595559,467.3664391791386,294.1459393595559,1.0
6,1063,462.8743936441186,289.46212688866103,457.8743936441186,284.46212688866103,467.8743936441186,294.46212688866103,1.0
6,1064,462.8785216367767,289.5809464273944,457.8785216367767,284.5809464273944,467.8785216367767,294.5809464273944,1.0
6,1065,462.6753398157027,290.1898354737496,457.6753398157027,285.1898354737496,467.6753398157027,295.1898354737496,1.0
6,1066,461.5306865492825,291.0056791958045,456.5306865492825,286.0056791958045,466.5306865492825,296.0056791958045,1.0
6,1067,461.21616881827,290.34237410489226,456.21616881827,285.34237410489226,466.21616881827,295.34237410489226,1.0
6,1068,460.4112049712477,290.26243426772703,455.4112049712477,285.26243426772703,465.4112049712477,295.26243426772703,1.0
6,1069,459.3094628718573,290.4252343684525,454.3094628718573,285.4252343684525,464.3094628718573,295.4252343684525,1.0
6,1070,458.70867352123463,290.5907508337223,453.70867352123463,285.5907508337223,463.70867352123463,295.5907508337223,1.0
6,1071,456.9834147952755,290.0800392678102,451.9834147952755,285.0800392678102,461.9834147952755,295.0800392678102,1.0
6,1072,456.13183344636656,289.5144931033286,451.13183344636656,284.5144931033286,461.13183344636656,294.5144931033286,1.0
6,1073,455.56133130367436,290.0199397242483,450.56133130367436,285.0199397242483,460.56133130367436,295.0199397242483,1.0
6,1074,455.9436068101703,290.33847920636254,450.9436068101703,285.33847920636254,460.9436068101703,295.33847920636254,1.0
6,1075,455.8863248507307,291.0737630294184,450.8863248507307,286.0737630294184,460.8863248507307,296.0737630294184,1.0
6,1076,456.0452172504651,290.7809643745359,451.0452172504651,285.7809643745359,461.0452172504651,295.7809643745359,1.0
6,1077,456.14440716997217,290.1610895628356,451.14440716997217,285.1610895628356,461.14440716997217,295.1610895628356,1.0
6,1078,456.9443066849133,289.4036486896296,451.9443066849133,284.4036486896296,461.9443066849133,294.4036486896296,1.0
6,1079,458.49427941665533,289.045689724354,453.49427941665533,284.045689724354,463.49427941665533,294.045689724354,1.0
6,1080,459.192068482773,287.6013121783622,454.192068482773,282.6013121783622,464.192068482773,292.6013121783622,1.0
6,1081,459.4805402956644,286.85054413746815,454.4805402956644,281.85054413746815,464.4805402956644,291.85054413746815,1.0
6,1082,460.56715004495504,286.0099948778751,455.56715004495504,281.0099948778751,465.56715004495504,291.0099948778751,1.0
6,1083,461.7088000002352,286.4843638057424,456.7088000002352,281.4843638057424,466.7088000002352,291.4843638057424,1.0
6,1084,462.4855506794838,286.55862119721337,457.4855506794838,281.55862119721337,467.4855506794838,291.55862119721337,1.0
6,1085,462.3080334356069,286.4849596689528,457.3080334356069,281.4849596689528,467.3080334356069,291.4849596689528,1.0
6,1086,462.7493919094847,287.54272234747543,457.7493919094847,282.54272234747543,467.7493919094847,292.54272234747543,1.0
6,1087,464.2664791676215,288.8067706070774,459.2664791676215,283.8067706070774,469.2664791676215,293.8067706070774,1.0
6,1088,465.40149229507006,289.55036400887747,460.40149229507006,284.55036400887747,470.40149229507006,294.55036400887747,1.0
6,1089,466.4012650520568,290.18901106631864,461.4012650520568,285.18901106631864,471.4012650520568,295.18901106631864,1.0
6,1090,467.7621884233035,291.1345502180295,462.7621884233035,286.1345502180295,472.7621884233035,296.1345502180295,1.0
6,1091,468.9855523256909,291.7070903264455,463.9855523256909,286.7070903264455,473.9855523256909,296.7070903264455,1.0
6,1092,469.4400242729523,292.44431085423645,464.4400242729523,287.44431085423645,474.4400242729523,297.44431085423645,1.0
6,1093,470.1043154143672,292.9722593603935,465.1043154143672,287.9722593603935,475.1043154143672,297.9722593603935,1.0
6,1094,471.1311145769966,292.623910945045,466.1311145769966,287.623910945045,476.1311145769966,297.623910945045,1.0
6,1095,472.3645836898005,293.19008879153773,467.3645836898005,288.19008879153773,477.3645836898005,298.19008879153773,1.0
6,1096,472.4616626604992,293.38182620017926,467.4616626604992,288.38182620017926,477.4616626604992,298.38182620017926,1.0
6,1097,472.8102943530673,294.7728821893557,467.8102943530673,289.7728821893557,477.8102943530673,299.7728821893557,1.0
6,1098,472.42372074125456,296.08792635846146,467.42372074125456,291.08792635846146,477.42372074125456,301.08792635846146,1.0
6,1099,473.29251465741567,295.91335913407903,468.29251465741567,290.91335913407903,478.29251465741567,300.91335913407903,1.0
6,1100,473.267303477721,295.56015813486937,468.267303477721,290.56015813486937,478.267303477721,300.56015813486937,1.0
6,1101,473.1442743957787,295.2949643990668,468.1442743957787,290.2949643990668,478.1442743957787,300.2949643990668,1.0
6,1102,473.0965728181467,295.2103070613944,468.0965728181467,290.2103070613944,478.0965728181467,300.2103070613944,1.0
6,1103,473.05466544760367,295.5138971254036,468.05466544760367,290.5138971254036,478.05466544760367,300.5138971254036,1.0
6,1104,472.4899087910697,295.78706149320345,467.4899087910697,290.78706149320345,477.4899087910697,300.78706149320345,1.0
6,1105,472.57918066115417,296.461128955029,467.57918066115417,291.461128955029,477.57918066115417,301.461128955029,1.0
6,1106,471.69524438937486,296.1491260527029,466.69524438937486,291.1491260527029,476.69524438937486,301.1491260527029,1.0
6,1107,471.09051297147806,296.3527235452883,466.09051297147806,291.3527235452883,476.09051297147806,301.3527235452883,1.0
6,1108,471.4310582555464,296.19593460474,466.4310582555464,291.19593460474,476.4310582555464,301.19593460474,1.0
6,1109,471.80107717350853,297.5921518264248,466.80107717350853,292.5921518264248,476.80107717350853,302.5921518264248,1.0
6,1110,472.05078857334473,297.5614422227834,467.05078857334473,292.5614422227834,477.05078857334473,302.5614422227834,1.0
6,1111,471.71547370015105,298.12441163562795,466.71547370015105,293.12441163562795,476.71547370015105,303.12441163562795,1.0
6,1112,471.2040046224507,298.59960112428195,466.2040046224507,293.59960112428195,476.2040046224507,303.59960112428195,1.0
6,1113,470.2643317303238,298.39885782544417,465.2643317303238,293.39885782544417,475.2643317303238,303.39885782544417,1.0
6,1114,470.198672132926,299.15866569678565,465.198672132926,294.15866569678565,475.198672132926,304.15866569678565,1.0
6,1115,470.3188712859138,299.53009930602207,465.3188712859138,294.53009930602207,475.3188712859138,304.53009930602207,1.0
6,1116,470.8556189188091,299.97535289540855,465.8556189188091,294.97535289540855,475.8556189188091,304.97535289540855,1.0
6,1117,471.27009882141675,300.6285188164672,466.27009882141675,295.6285188164672,476.27009882141675,305.6285188164672,1.0
6,1118,470.81140288032134,300.4712928664179,465.81140288032134,295.4712928664179,475.81140288032134,305.4712928664179,1.0
6,1119,470.7205347032596,300.33269739872355,465.7205347032596,295.33269739872355,475.7205347032596,305.33269739872355,1.0
6,1120,470.75454113539087,300.98866018097914,465.75454113539087,295.98866018097914,475.75454113539087,305.98866018097914,1.0
6,1121,471.2463365977478,302.02114131296423,466.2463365977478,297.02114131296423,476.2463365977478,307.02114131296423,1.0
6,1122,471.91786638942693,302.3395579240063,466.91786638942693,297.3395579240063,476.91786638942693,307.3395579240063,1.0
6,1123,473.05784171751947,302.89913422593924,468.05784171751947,297.89913422593924,478.05784171751947,307.89913422593924,1.0
6,1124,474.31156157580483,302.1806421995542,469.31156157580483,297.1806421995542,479.31156157580483,307.1806421995542,1.0
6,1125,474.4106258257595,302.1849644684026,469.4106258257595,297.1849644684026,479.4106258257595,307.1849644684026,1.0
6,1126,474.3102583491737,303.2234699363276,469.3102583491737,298.2234699363276,479.3102583491737,308.2234699363276,1.0
6,1127,473.2774561305429,304.2309933531845,468.2774561305429,299.2309933531845,478.2774561305429,309.2309933531845,1.0
6,1128,473.20269824375913,305.21036633407977,468.20269824375913,300.21036633407977,478.20269824375913,310.21036633407977,1.0
6,1129,472.06215587368365,306.47131829482095,467.06215587368365,301.47131829482095,477.06215587368365,311.47131829482095,1.0
6,1130,471.0082225391426,307.0591863374608,466.0082225391426,302.0591863374608,476.0082225391426,312.0591863374608,1.0
6,1131,470.9779377984571,306.45151698988525,465.9779377984571,301.45151698988525,475.9779377984571,311.45151698988525,1.0
6,1132,471.79553052658815,306.72144788817394,466.79553052658815,301.72144788817394,476.79553052658815,311.72144788817394,1.0
6,1133,471.6324413499175,307.3536540212637,466.6324413499175,302.3536540212637,476.6324413499175,312.3536540212637,1.0
6,1134,471.0920532297466,307.74813144792023,466.0920532297466,302.74813144792023,476.0920532297466,312.74813144792023,1.0
6,1135,470.0407101077519,307.90491032208587,465.0407101077519,302.90491032208587,475.0407101077519,312.90491032208587,1.0
6,1136,470.9019654052639,307.70249839975224,465.9019654052639,302.70249839975224,475.9019654052639,312.70249839975224,1.0
6,1137,471.4452905655298,307.4124143998831,466.4452905655298,302.4124143998831,476.4452905655298,312.4124143998831,1.0
6,1138,470.8762465475526,308.43842673174026,465.8762465475526,303.43842673174026,475.8762465475526,313.43842673174026,1.0
6,1139,469.53104946927016,308.3801913023429,464.53104946927016,303.3801913023429,474.53104946927016,313.3801913023429,1.0
6,1140,468.99903980053597,308.33150198961135,463.99903980053597,303.33150198961135,473.99903980053597,313.33150198961135,1.0
6,1141,467.8475218505047,308.3963472473264,462.8475218505047,303.3963472473264,472.8475218505047,313.3963472473264,1.0
6,1142,467.3704736945321,308.4839187772683,462.3704736945321,303.4839187772683,472.3704736945321,313.4839187772683,1.0
6,1143,466.53332755052566,307.775914523023,461.53332755052566,302.775914523023,471.53332755052566,312.775914523023,1.0
6,1144,466.69585252931995,308.28485209837413,461.69585252931995,303.28485209837413,471.69585252931995,313.28485209837413,1.0
6,1145,466.08991347743034,309.62931301819236,461.08991347743034,304.62931301819236,471.08991347743034,314.62931301819236,1.0
6,1146,465.6775484866844,309.383450294683,460.6775484866844,304.383450294683,470.6775484866844,314.383450294683,1.0
6,1147,465.9383850758686,309.11013429260527,460.9383850758686,304.11013429260527,470.9383850758686,314.11013429260527,1.0
6,1148,466.6129975390823,309.4985639900775,461.6129975390823,304.4985639900775,471.6129975390823,314.4985639900775,1.0
6,1149,468.0155429459196,309.6099633526739,463.0155429459196,304.6099633526739,473.0155429459196,314.6099633526739,1.0
6,1150,469.4149334830272,309.4834278262662,464.4149334830272,304.4834278262662,474.4149334830272,314.4834278262662,1.0
6,1151,471.14508011266264,309.60562590978395,466.14508011266264,304.60562590978395,476.14508011266264,314.60562590978395,1.0
6,1152,471.99359393659813,309.2969552435867,466.99359393659813,304.2969552435867,476.99359393659813,314.2969552435867,1.0
6,1153,473.6911438273409,309.3008523469253,468.6911438273409,304.3008523469253,478.6911438273409,314.3008523469253,1.0
6,1154,473.84864497748623,309.3309538825193,468.84864497748623,304.3309538825193,478.84864497748623,314.3309538825193,1.0
6,1155,473.90987949726593,309.51223106983616,468.90987949726593,304.51223106983616,478.90987949726593,314.51223106983616,1.0
6,1156,474.2626192975932,308.8620984586753,469.2626192975932,303.8620984586753,479.2626192975932,313.8620984586753,1.0
6,1157,475.02385971943687,308.8404938145638,470.02385971943687,303.8404938145638,480.02385971943687,313.8404938145638,1.0
6,1158,476.2684786486433,309.67369861249125,471.2684786486433,304.67369861249125,481.2684786486433,314.67369861249125,1.0
6,1159,476.3238264115532,311.29800573581815,471.3238264115532,306.29800573581815,481.3238264115532,316.29800573581815,1.0
6,1160,477.1091363105041,312.75761051736794,472.1091363105041,307.75761051736794,482.1091363105041,317.75761051736794,1.0
6,1161,476.56605727977933,313.9069651279435,471.56605727977933,308.9069651279435,481.56605727977933,318.9069651279435,1.0
6,1162,476.8888952058141,314.8605437967302,471.8888952058141,309.8605437967302,481.8888952058141,319.8605437967302,1.0
6,1163,477.4115755591823,315.0949475100801,472.4115755591823,310.0949475100801,482.4115755591823,320.0949475100801,1.0
6,1164,476.6062444620076,315.9754446714624,471.6062444620076,310.9754446714624,481.6062444620076,320.9754446714624,1.0
6,1165,476.9178898262253,315.359572483887,471.9178898262253,310.359572483887,481.9178898262253,320.359572483887,1.0
6,1166,477.4416811517505,314.78327170561215,472.4416811517505,309.78327170561215,482.4416811517505,319.78327170561215,1.0
6,1167,478.08224010897635,315.12441493797616,473.08224010897635,310.12441493797616,483.08224010897635,320.12441493797616,1.0
6,1168,477.57744811952085,315.51468000635464,472.57744811952085,310.51468000635464,482.57744811952085,320.51468000635464,1.0
6,1169,476.89828270273443,314.5084665415604,471.89828270273443,309.5084665415604,481.89828270273443,319.5084665415604,1.0
6,1170,475.09026283199364,313.92100111952647,470.09026283199364,308.92100111952647,480.09026283199364,318.92100111952647,1.0
6,1171,473.9643902314096,313.99594131065487,468.9643902314096,308.99594131065487,478.9643902314096,318.99594131065487,1.0
6,1172,472.9357957761045,314.30702474526004,467.9357957761045,309.30702474526004,477.9357957761045,319.30702474526004,1.0
6,1173,471.6344110624413,314.6465453460439,466.6344110624413,309.6465453460439,476.6344110624413,319.6465453460439,1.0
6,1174,469.93181320983723,314.5068199026267,464.93181320983723,309.5068199026267,474.93181320983723,319.5068199026267,1.0
6,1175,470.2301701276617,315.3767304697347,465.2301701276617,310.3767304697347,475.2301701276617,320.3767304697347,1.0
6,1176,471.06654312493004,315.16539717354465,466.06654312493004,310.16539717354465,476.06654312493004,320.16539717354465,1.0
6,1177,471.91089886532427,314.74746501173126,466.91089886532427,309.74746501173126,476.91089886532427,319.74746501173126,1.0
6,1178,473.09507983708204,315.17220326968817,468.09507983708204,310.17220326968817,478.09507983708204,320.17220326968817,1.0
6,1179,473.6805997018429,315.73316427520376,468.6805997018429,310.73316427520376,478.6805997018429,320.73316427520376,1.0
6,1180,474.01120345327104,316.3633329975908,469.01120345327104,311.3633329975908,479.01120345327104,321.3633329975908,1.0
6,1181,474.1770028230496,316.7657250667748,469.1770028230496,311.7657250667748,479.1770028230496,321.7657250667748,1.0
6,1182,472.9237089377213,316.85569249862704,467.9237089377213,311.85569249862704,477.9237089377213,321.85569249862704,1.0
6,1183,471.31151246030794,316.3674957581769,466.31151246030794,311.3674957581769,476.31151246030794,321.3674957581769,1.0
6,1184,470.85120324870053,315.6906254307007,465.85120324870053,310.6906254307007,475.85120324870053,320.6906254307007,1.0
6,1185,471.0159175595697,314.7169851055558,466.0159175595697,309.7169851055558,476.0159175595697,319.7169851055558,1.0
6,1186,471.11243952347223,313.5475010162635,466.11243952347223,308.5475010162635,476.11243952347223,318.5475010162635,1.0
6,1187,471.9148881013585,312.09655413249084,466.9148881013585,307.09655413249084,476.9148881013585,317.09655413249084,1.0
6,1188,472.83919317400307,311.52982992542314,467.83919317400307,306.52982992542314,477.83919317400307,316.52982992542314,1.0
6,1189,473.11767063174017,311.7290509587691,468.11767063174017,306.7290509587691,478.11767063174017,316.7290509587691,1.0
6,1190,473.3037581018294,312.3870119310513,468.3037581018294,307.3870119310513,478.3037581018294,317.3870119310513,1.0
6,1191,473.8067180473353,312.30291126153554,468.8067180473353,307.30291126153554,478.8067180473353,317.30291126153554,1.0
6,1192,473.71760601735616,312.7948973599042,468.71760601735616,307.7948973599042,478.71760601735616,317.7948973599042,1.0
6,1193,473.69606705713744,314.2251779690175,468.69606705713744,309.2251779690175,478.69606705713744,319.2251779690175,1.0
6,1194,473.99166639497554,313.9056970374645,468.99166639497554,308.9056970374645,478.99166639497554,318.9056970374645,1.0
6,1195,474.9490457061338,314.01184614756306,469.9490457061338,309.01184614756306,479.9490457061338,319.01184614756306,1.0
6,1196,475.4917338780415,314.9680691861428,470.4917338780415,309.9680691861428,480.4917338780415,319.9680691861428,1.0
6,1197,475.74854666120564,314.5496421171891,470.74854666120564,309.5496421171891,480.74854666120564,319.5496421171891,1.0
6,1198,475.8131930466126,315.15229853724605,470.8131930466126,310.15229853724605,480.8131930466126,320.15229853724605,1.0
6,1199,475.65297621802415,316.9932909919914,470.65297621802415,311.9932909919914,480.65297621802415,321.9932909919914,1.0
6,1200,475.636927842762,317.7696836063935,470.636927842762,312.7696836063935,480.636927842762,322.7696836063935,1.0
6,1201,476.4216763460005,318.5421769888774,471.4216763460005,313.5421769888774,481.4216763460005,323.5421769888774,1.0
6,1202,476.7568138442364,318.9610622317192,471.7568138442364,313.9610622317192,481.7568138442364,323.9610622317192,1.0
6,1203,477.4953376314842,320.27850284577784,472.4953376314842,315.27850284577784,482.4953376314842,325.27850284577784,1.0
6,1204,478.25106356472946,320.23130479329905,473.25106356472946,315.23130479329905,483.25106356472946,325.23130479329905,1.0
6,1205,479.6239265269233,320.5403224874754,474.6239265269233,315.5403224874754,484.6239265269233,325.5403224874754,1.0
6,1206,480.36002727548447,320.2920273783981,475.36002727548447,315.2920273783981,485.36002727548447,325.2920273783981,1.0
6,1207,481.9312834543598,320.6986292456642,476.9312834543598,315.6986292456642,486.9312834543598,325.6986292456642,1.0
6,1208,483.77283636193033,319.94833143568644,478.77283636193033,314.94833143568644,488.77283636193033,324.94833143568644,1.0
6,1209,484.5843294181375,320.6230528320844,479.5843294181375,315.6230528320844,489.5843294181375,325.6230528320844,1.0
6,1210,485.311078126687,321.3501445143279,480.311078126687,316.3501445143279,490.311078126687,326.3501445143279,1.0
6,1211,486.0417599620818,321.0597772781549,481.0417599620818,316.0597772781549,491.0417599620818,326.0597772781549,1.0
6,1212,486.62337881868785,321.17930487084664,481.62337881868785,316.17930487084664,491.62337881868785,326.17930487084664,1.0
6,1213,487.5033461019487,320.7345729635488,482.5033461019487,315.7345729635488,492.5033461019487,325.7345729635488,1.0
6,1214,487.6111653162369,320.31657500100306,482.6111653162369,315.31657500100306,492.6111653162369,325.31657500100306,1.0
6,1215,488.1712954175671,320.57893000227625,483.1712954175671,315.57893000227625,493.1712954175671,325.57893000227625,1.0
6,1216,487.4327430764271,320.5084525803924,482.4327430764271,315.5084525803924,492.4327430764271,325.5084525803924,1.0
6,1217,486.85861091751457,320.4853655520772,481.85861091751457,315.4853655520772,491.85861091751457,325.4853655520772,1.0
6,1218,485.73431807752,321.0130968946407,480.73431807752,316.0130968946407,490.73431807752,326.0130968946407,1.0
6,1219,484.07442119714995,320.6044616235924,479.07442119714995,315.6044616235924,489.07442119714995,325.6044616235924,1.0
6,1220,482.7339092138153,319.86436753459463,477.7339092138153,314.86436753459463,487.7339092138153,324.86436753459463,1.0
6,1221,481.8236398511896,320.5756976124119,476.8236398511896,315.5756976124119,486.8236398511896,325.5756976124119,1.0
6,1222,481.25145695039475,321.28987387305654,476.25145695039475,316.28987387305654,486.25145695039475,326.28987387305654,1.0
6,1223,480.36488385914845,321.7442439016509,475.36488385914845,316.7442439016509,485.36488385914845,326.7442439016509,1.0
6,1224,479.0291965222832,322.18021945066755,474.0291965222832,317.18021945066755,484.0291965222832,327.18021945066755,1.0
6,1225,480.11062895166117,322.83281867783006,475.11062895166117,317.83281867783006,485.11062895166117,327.83281867783006,1.0
6,1226,480.4277773314419,323.9221178772525,475.4277773314419,318.9221178772525,485.4277773314419,328.9221178772525,1.0
6,1227,480.45739558943677,323.8262927607122,475.45739558943677,318.8262927607122,485.45739558943677,328.8262927607122,1.0
6,1228,480.85003968601444,324.6784431596259,475.85003968601444,319.6784431596259,485.85003968601444,329.6784431596259,1.0
6,1229,481.25535429173163,324.20034718328276,476.25535429173163,319.20034718328276,486.25535429173163,329.20034718328276,1.0
6,1230,481.74486794540024,324.42303563120566,476.74486794540024,319.42303563120566,486.74486794540024,329.42303563120566,1.0
6,1231,482.17048703520265,323.82089313084,477.17048703520265,318.82089313084,487.17048703520265,328.82089313084,1.0
6,1232,482.92275380273026,322.79520556807574,477.92275380273026,317.79520556807574,487.92275380273026,327.79520556807574,1.0
6,1233,483.7174000807554,320.9004314485662,478.7174000807554,315.9004314485662,488.7174000807554,325.9004314485662,1.0
6,1234,483.96946773396047,319.31315159767854,478.96946773396047,314.31315159767854,488.96946773396047,324.31315159767854,1.0
6,1235,484.26852937081065,319.0066485498935,479.26852937081065,314.0066485498935,489.26852937081065,324.0066485498935,1.0
6,1236,484.29080168113774,318.647740459804,479.29080168113774,313.647740459804,489.29080168113774,323.647740459804,1.0
6,1237,483.45308017417415,317.8804096596785,478.45308017417415,312.8804096596785,488.45308017417415,322.8804096596785,1.0
6,1238,482.8513225730094,316.44143515254007,477.8513225730094,311.44143515254007,487.8513225730094,321.44143515254007,1.0
6,1239,481.82096612605994,316.1855764151975,476.82096612605994,311.1855764151975,486.82096612605994,321.1855764151975,1.0
6,1240,481.447419174905,316.0224860222626,476.447419174905,311.0224860222626,486.447419174905,321.0224860222626,1.0
6,1241,480.642083756159,316.2590686555441,475.642083756159,311.2590686555441,485.642083756159,321.2590686555441,1.0
6,1242,480.91077409547955,317.3814802577432,475.91077409547955,312.3814802577432,485.91077409547955,322.3814802577432,1.0
6,1243,483.26980813226896,318.8483886795022,478.26980813226896,313.8483886795022,488.26980813226896,323.8483886795022,1.0
6,1244,484.3066676969228,319.7044991071364,479.3066676969228,314.7044991071364,489.3066676969228,324.7044991071364,1.0
6,1245,484.8191325251914,320.72577953773447,479.8191325251914,315.72577953773447,489.8191325251914,325.72577953773447,1.0
6,1246,484.817253606545,321.53163537881517,479.817253606545,316.53163537881517,489.817253606545,326.53163537881517,1.0
6,1247,484.8234738955367,321.6811926086153,479.8234738955367,316.6811926086153,489.8234738955367,326.6811926086153,1.0
6,1248,484.2245878291225,321.1214112256275,479.2245878291225,316.1214112256275,489.2245878291225,326.1214112256275,1.0
6,1249,483.6253244054161,320.61666723372633,478.6253244054161,315.61666723372633,488.6253244054161,325.61666723372633,1.0
6,1250,483.86491329749686,319.63621573666757,478.86491329749686,314.63621573666757,488.86491329749686,324.63621573666757,1.0
6,1251,483.5005160825391,318.27186932667917,478.5005160825391,313.27186932667917,488.5005160825391,323.27186932667917,1.0
6,1252,483.25847370762057,316.8827343388182,478.25847370762057,311.8827343388182,488.25847370762057,321.8827343388182,1.0
6,1253,482.14947278302725,315.9937912998333,477.14947278302725,310.9937912998333,487.14947278302725,320.9937912998333,1.0
6,1254,481.23035250791304,315.0546350352566,476.23035250791304,310.0546350352566,486.23035250791304,320.0546350352566,1.0
6,1255,479.5446120723716,315.40066314290465,474.5446120723716,310.40066314290465,484.5446120723716,320.40066314290465,1.0
6,1256,479.4483495323401,315.060865416991,474.4483495323401,310.060865416991,484.4483495323401,320.060865416991,1.0
6,1257,479.55932035436916,314.760413617192,474.55932035436916,309.760413617192,484.55932035436916,319.760413617192,1.0
6,1258,479.7302788719877,314.80990758896536,474.7302788719877,309.80990758896536,484.7302788719877,319.80990758896536,1.0
6,1259,480.3703018391297,314.627448611751,475.3703018391297,309.627448611751,485.3703018391297,319.627448611751,1.0
6,1260,480.9646196620383,314.04887461277553,475.9646196620383,309.04887461277553,485.9646196620383,319.04887461277553,1.0
6,1261,480.79996973975886,313.03802282411436,475.79996973975886,308.03802282411436,485.79996973975886,318.03802282411436,1.0
6,1262,480.29325786154214,312.2297549889727,475.29325786154214,307.2297549889727,485.29325786154214,317.2297549889727,1.0
6,1263,480.1362490420828,312.58586275466644,475.1362490420828,307.58586275466644,485.1362490420828,317.58586275466644,1.0
6,1264,480.5204544153414,313.4390325773786,475.5204544153414,308.4390325773786,485.5204544153414,318.4390325773786,1.0
6,1265,480.1962363022519,314.04447752111867,475.1962363022519,309.04447752111867,485.1962363022519,319.04447752111867,1.0
6,1266,479.7696555798503,314.108407875338,474.7696555798503,309.108407875338,484.7696555798503,319.108407875338,1.0
6,1267,479.82326551125095,313.39337991308633,474.82326551125095,308.39337991308633,484.82326551125095,318.39337991308633,1.0
6,1268,480.27260974197947,313.90222156890957,475.27260974197947,308.90222156890957,485.27260974197947,318.90222156890957,1.0
6,1269,480.54006071339074,313.51112777486907,475.54006071339074,308.51112777486907,485.54006071339074,318.51112777486907,1.0
6,1270,481.1924630793258,313.38624886780394,476.1924630793258,308.38624886780394,486.1924630793258,318.38624886780394,1.0
6,1271,482.0367443446176,313.93173741537646,477.0367443446176,308.93173741537646,487.0367443446176,318.93173741537646,1.0
6,1272,482.32908856904777,314.923548190702,477.32908856904777,309.923548190702,487.32908856904777,319.923548190702,1.0
6,1273,483.2597666794525,316.0207257486097,478.2597666794525,311.0207257486097,488.2597666794525,321.0207257486097,1.0
6,1274,483.60774702119795,316.48743430015344,478.60774702119795,311.48743430015344,488.60774702119795,321.48743430015344,1.0
6,1275,485.13041293115083,316.99793781272444,480.13041293115083,311.99793781272444,490.13041293115083,321.99793781272444,1.0
6,1276,484.9019812376362,317.6437210717348,479.9019812376362,312.6437210717348,489.9019812376362,322.6437210717348,1.0
6,1277,483.9056052252432,318.7722061087015,478.9056052252432,313.7722061087015,488.9056052252432,323.7722061087015,1.0
6,1278,483.75539881540186,319.3356481690551,478.75539881540186,314.3356481690551,488.75539881540186,324.3356481690551,1.0
6,1279,483.9978927489284,320.3106160353674,478.9978927489284,315.3106160353674,488.9978927489284,325.3106160353674,1.0
6,1280,484.2084873532444,320.8262968773248,479.2084873532444,315.8262968773248,489.2084873532444,325.8262968773248,1.0
6,1281,484.3502602923149,320.8426718813392,479.3502602923149,315.8426718813392,489.3502602923149,325.8426718813392,1.0
6,1282,484.7428576489703,320.5554543603913,479.7428576489703,315.5554543603913,489.7428576489703,325.5554543603913,1.0
6,1283,484.61301401775415,319.9540579613814,479.61301401775415,314.9540579613814,489.61301401775415,324.9540579613814,1.0
6,1284,483.80209090873666,319.5268586257882,478.80209090873666,314.5268586257882,488.80209090873666,324.5268586257882,1.0
6,1285,483.99091688038624,318.38138195506485,478.99091688038624,313.38138195506485,488.99091688038624,323.38138195506485,1.0
6,1286,483.27895335016177,318.2082545604621,478.27895335016177,313.2082545604621,488.27895335016177,323.2082545604621,1.0
6,1287,482.3836542255522,316.42832286790014,477.3836542255522,311.42832286790014,487.3836542255522,321.42832286790014,1.0
6,1288,481.74309163431377,315.61963745862346,476.74309163431377,310.61963745862346,486.74309163431377,320.61963745862346,1.0
6,1289,481.3114375875723,314.76187581151044,476.3114375875723,309.76187581151044,486.3114375875723,319.76187581151044,1.0
6,1290,481.083484290393,313.84427853195155,476.083484290393,308.84427853195155,486.083484290393,318.84427853195155,1.0
6,1291,479.9066017279581,313.1256825501443,474.9066017279581,308.1256825501443,484.9066017279581,318.1256825501443,1.0
6,1292,479.3688564402528,312.99849359618213,474.3688564402528,307.99849359618213,484.3688564402528,317.99849359618213,1.0
6,1293,478.84786310594586,312.89023785376475,473.84786310594586,307.89023785376475,483.84786310594586,317.89023785376475,1.0
6,1294,479.2145035073262,313.1166854848144,474.2145035073262,308.1166854848144,484.2145035073262,318.1166854848144,1.0
6,1295,479.38270501421863,313.20979546870313,474.38270501421863,308.20979546870313,484.38270501421863,318.20979546870313,1.0
6,1296,480.56434658481544,313.31554316620446,475.56434658481544,308.31554316620446,485.56434658481544,318.31554316620446,1.0
6,1297,480.8114364580432,313.1335475520564,475.8114364580432,308.1335475520564,485.8114364580432,318.1335475520564,1.0
6,1298,480.4025899886536,313.7114555944167,475.4025899886536,308.7114555944167,485.4025899886536,318.7114555944167,1.0
6,1299,478.9626783721544,314.46180815391523,473.9626783721544,309.46180815391523,483.9626783721544,319.46180815391523,1.0
6,1300,476.20401436148006,314.6361143200034,471.20401436148006,309.6361143200034,481.20401436148006,319.6361143200034,1.0
6,1301,474.0416781674921,314.8106571124386,469.0416781674921,309.8106571124386,479.0416781674921,319.8106571124386,1.0
6,1302,472.70298207524695,314.53181652975394,467.70298207524695,309.53181652975394,477.70298207524695,319.53181652975394,1.0
6,1303,472.53222623197195,314.8571281294769,467.53222623197195,309.8571281294769,477.53222623197195,319.8571281294769,1.0
6,1304,472.14977065807165,314.21915349898364,467.14977065807165,309.21915349898364,477.14977065807165,319.21915349898364,1.0
6,1305,472.31790619460276,314.97961515949635,467.31790619460276,309.97961515949635,477.31790619460276,319.97961515949635,1.0
6,1306,472.7647361259294,316.36580838422014,467.7647361259294,311.36580838422014,477.7647361259294,321.36580838422014,1.0
6,1307,473.3872354350598,317.9985827446081,468.3872354350598,312.9985827446081,478.3872354350598,322.9985827446081,1.0
6,1308,473.8812451189507,318.9989126244147,468.8812451189507,313.9989126244147,478.8812451189507,323.9989126244147,1.0
6,1309,474.1293828247477,320.2671007563734,469.1293828247477,315.2671007563734,479.1293828247477,325.2671007563734,1.0
6,1310,474.3116953342788,320.6914470278459,469.3116953342788,315.6914470278459,479.3116953342788,325.6914470278459,1.0
6,1311,474.4033713199475,321.3680339237519,469.4033713199475,316.3680339237519,479.4033713199475,326.3680339237519,1.0
6,1312,474.24096261884245,322.4285203525154,469.24096261884245,317.4285203525154,479.24096261884245,327.4285203525154,1.0
6,1313,474.1243976732368,322.78917502722516,469.1243976732368,317.78917502722516,479.1243976732368,327.78917502722516,1.0
6,1314,475.23768539862175,322.6579373478513,470.23768539862175,317.6579373478513,480.23768539862175,327.6579373478513,1.0
6,1315,476.02336652573024,322.017969449165,471.02336652573024,317.017969449165,481.02336652573024,327.017969449165,1.0
6,1316,475.9190989647376,322.2276018907571,470.9190989647376,317.2276018907571,480.9190989647376,327.2276018907571,1.0
6,1317,476.285628329017,323.0441905625566,471.285628329017,318.0441905625566,481.285628329017,328.0441905625566,1.0
6,1318,475.0182318173956,323.39832500449194,470.0182318173956,318.39832500449194,480.0182318173956,328.39832500449194,1.0
6,1319,473.3840851666214,324.31138279736024,468.3840851666214,319.31138279736024,478.3840851666214,329.31138279736024,1.0
6,1320,472.2990467595186,324.00639495138086,467.2990467595186,319.00639495138086,477.2990467595186,329.00639495138086,1.0
6,1321,471.97519338743314,323.3873469287174,466.97519338743314,318.3873469287174,476.97519338743314,328.3873469287174,1.0
6,1322,472.1576776513679,322.3856014056723,467.1576776513679,317.3856014056723,477.1576776513679,327.3856014056723,1.0
6,1323,472.8672905484886,322.1205906595435,467.8672905484886,317.1205906595435,477.8672905484886,327.1205906595435,1.0
6,1324,472.2682342404803,322.04298243235917,467.2682342404803,317.04298243235917,477.2682342404803,327.04298243235917,1.0
6,1325,472.05051782077874,322.0921776387001,467.05051782077874,317.0921776387001,477.05051782077874,327.0921776387001,1.0
6,1326,471.1089209394946,324.0233997513875,466.1089209394946,319.0233997513875,476.1089209394946,329.0233997513875,1.0
6,1327,470.141441007583,325.1009550423035,465.141441007583,320.1009550423035,475.141441007583,330.1009550423035,1.0
6,1328,470.0151826610668,326.18267004666427,465.0151826610668,321.18267004666427,475.0151826610668,331.18267004666427,1.0
6,1329,469.1242313333984,327.450752031856,464.1242313333984,322.450752031856,474.1242313333984,332.450752031856,1.0
6,1330,469.2899361653962,327.4762807177587,464.2899361653962,322.4762807177587,474.2899361653962,332.4762807177587,1.0
6,1331,469.7756768163313,327.3888556206257,464.7756768163313,322.3888556206257,474.7756768163313,332.3888556206257,1.0
6,1332,468.7167258435051,328.1670818305443,463.7167258435051,323.1670818305443,473.7167258435051,333.1670818305443,1.0
6,1333,468.6736623743925,328.6783042413127,463.6736623743925,323.6783042413127,473.6736623743925,333.6783042413127,1.0
6,1334,468.50465755171695,328.91703293939787,463.50465755171695,323.91703293939787,473.50465755171695,333.91703293939787,1.0
6,1335,468.5766881683731,328.2776630852533,463.5766881683731,323.2776630852533,473.5766881683731,333.2776630852533,1.0
6,1336,468.80575334148466,327.9690529158327,463.80575334148466,322.9690529158327,473.80575334148466,332.9690529158327,1.0
6,1337,468.82242147396363,328.6444441392377,463.82242147396363,323.6444441392377,473.82242147396363,333.6444441392377,1.0
6,1338,469.8544072056114,329.58815920768996,464.8544072056114,324.58815920768996,474.8544072056114,334.58815920768996,1.0
6,1339,470.1814587835518,330.3821498329017,465.1814587835518,325.3821498329017,475.1814587835518,335.3821498329017,1.0
6,1340,471.0197567139799,329.9926058018507,466.0197567139799,324.9926058018507,476.0197567139799,334.9926058018507,1.0
6,1341,470.92389382172126,329.1711429949029,465.92389382172126,324.1711429949029,475.92389382172126,334.1711429949029,1.0
6,1342,470.83942247898386,329.53437164259856,465.83942247898386,324.53437164259856,475.83942247898386,334.53437164259856,1.0
6,1343,470.8202821017302,329.9100381208956,465.8202821017302,324.9100381208956,475.8202821017302,334.9100381208956,1.0
6,1344,471.64299315144825,330.291137367512,466.64299315144825,325.291137367512,476.64299315144825,335.291137367512,1.0
6,1345,471.94385265146235,330.6627352922733,466.94385265146235,325.6627352922733,476.94385265146235,335.6627352922733,1.0
6,1346,471.9784278722548,330.9326795849282,466.9784278722548,325.9326795849282,476.9784278722548,335.9326795849282,1.0
6,1347,472.9077753070734,331.63225635095404,467.9077753070734,326.63225635095404,477.9077753070734,336.63225635095404,1.0
6,1348,473.9112847037881,332.74066456749034,468.9112847037881,327.74066456749034,478.9112847037881,337.74066456749034,1.0
6,1349,474.865875275696,333.0363671949668,469.865875275696,328.0363671949668,479.865875275696,338.0363671949668,1.0
6,1350,475.173308749062,332.9261688111491,470.173308749062,327.9261688111491,480.173308749062,337.9261688111491,1.0
6,1351,475.3577546468221,333.05439266918654,470.3577546468221,328.05439266918654,480.3577546468221,338.05439266918654,1.0
6,1352,475.76970675315823,333.315151684707,470.76970675315823,328.315151684707,480.76970675315823,338.315151684707,1.0
6,1353,476.11287926314935,333.0154292964735,471.11287926314935,328.0154292964735,481.11287926314935,338.0154292964735,1.0
6,1354,476.044833843212,333.0052817215925,471.044833843212,328.0052817215925,481.044833843212,338.0052817215925,1.0
6,1355,475.4273959948546,333.53387662622197,470.4273959948546,328.53387662622197,480.4273959948546,338.53387662622197,1.0
6,1356,474.572271885636,332.4005572580005,469.572271885636,327.4005572580005,479.572271885636,337.4005572580005,1.0
6,1357,474.4784508989327,331.8563700412721,469.4784508989327,326.8563700412721,479.4784508989327,336.8563700412721,1.0
6,1358,474.484063745892,330.85811308091604,469.484063745892,325.85811308091604,479.484063745892,335.85811308091604,1.0
6,1359,474.63483781426754,330.4309111323217,469.63483781426754,325.4309111323217,479.63483781426754,335.4309111323217,1.0
6,1360,474.52000135995394,329.71814088550815,469.52000135995394,324.71814088550815,479.52000135995394,334.71814088550815,1.0
6,1361,474.6012790918648,328.7813611990666,469.6012790918648,323.7813611990666,479.6012790918648,333.7813611990666,1.0
6,1362,474.4965779695811,328.1231557939289,469.4965779695811,323.1231557939289,479.4965779695811,333.1231557939289,1.0
6,1363,472.9813548595366,327.0187437792964,467.9813548595366,322.0187437792964,477.9813548595366,332.0187437792964,1.0
6,1364,471.25740663144944,326.0980912675545,466.25740663144944,321.0980912675545,476.25740663144944,331.0980912675545,1.0
6,1365,470.16497360810814,326.1505998319691,465.16497360810814,321.1505998319691,475.16497360810814,331.1505998319691,1.0
6,1366,469.1647548592383,325.7851246194264,464.1647548592383,320.7851246194264,474.1647548592383,330.7851246194264,1.0
6,1367,469.1075410940233,326.21160457301545,464.1075410940233,321.21160457301545,474.1075410940233,331.21160457301545,1.0
6,1368,468.6640167651081,326.40748678122355,463.6640167651081,321.40748678122355,473.6640167651081,331.40748678122355,1.0
6,1369,467.6049294818827,325.9377202144696,462.6049294818827,320.9377202144696,472.6049294818827,330.9377202144696,1.0
6,1370,466.41875365760603,325.35062287991434,461.41875365760603,320.35062287991434,471.41875365760603,330.35062287991434,1.0
6,1371,466.3546607185226,324.07023226387025,461.3546607185226,319.07023226387025,471.3546607185226,329.07023226387025,1.0
6,1372,466.3262000356689,323.16473199162465,461.3262000356689,318.16473199162465,471.3262000356689,328.16473199162465,1.0
6,1373,467.2420704655402,323.4527679844962,462.2420704655402,318.4527679844962,472.2420704655402,328.4527679844962,1.0
6,1374,467.5538259232824,324.561125738962,462.5538259232824,319.561125738962,472.5538259232824,329.561125738962,1.0
6,1375,467.42101881697147,324.55891774608267,462.42101881697147,319.55891774608267,472.42101881697147,329.55891774608267,1.0
6,1376,467.9726783916245,324.82695302414623,462.9726783916245,319.82695302414623,472.9726783916245,329.82695302414623,1.0
6,1377,468.04735604275993,325.5156130063142,463.04735604275993,320.5156130063142,473.04735604275993,330.5156130063142,1.0
6,1378,467.5050821605872,325.5651568408271,462.5050821605872,320.5651568408271,472.5050821605872,330.5651568408271,1.0
6,1379,466.9443871383891,325.40466530207345,461.9443871383891,320.40466530207345,471.9443871383891,330.40466530207345,1.0
6,1380,467.3417285677725,326.28370379376236,462.3417285677725,321.28370379376236,472.3417285677725,331.28370379376236,1.0
6,1381,467.2685064626643,326.01337850277497,462.2685064626643,321.01337850277497,472.2685064626643,331.01337850277497,1.0
6,1382,467.87311965657545,325.45041562956874,462.87311965657545,320.45041562956874,472.87311965657545,330.45041562956874,1.0
6,1383,468.6468709515641,325.4851134783704,463.6468709515641,320.4851134783704,473.6468709515641,330.4851134783704,1.0
6,1384,469.748158565297,325.6829451091306,464.748158565297,320.6829451091306,474.748158565297,330.6829451091306,1.0
6,1385,470.42516719792593,325.6183184578575,465.42516719792593,320.6183184578575,475.42516719792593,330.6183184578575,1.0
6,1386,470.5808712283112,325.9911297786643,465.5808712283112,320.9911297786643,475.5808712283112,330.9911297786643,1.0
6,1387,470.1743873066636,327.06749996964834,465.1743873066636,322.06749996964834,475.1743873066636,332.06749996964834,1.0
6,1388,469.08288973656255,328.6524834837283,464.08288973656255,323.6524834837283,474.08288973656255,333.6524834837283,1.0
6,1389,467.94112755164434,329.5787127572228,462.94112755164434,324.5787127572228,472.94112755164434,334.5787127572228,1.0
6,1390,467.22699272652534,330.5064066555374,462.22699272652534,325.5064066555374,472.22699272652534,335.5064066555374,1.0
6,1391,467.84420085999506,332.46834649309307,462.84420085999506,327.46834649309307,472.84420085999506,337.46834649309307,1.0
6,1392,468.77198231230074,333.05971214235814,463.77198231230074,328.05971214235814,473.77198231230074,338.05971214235814,1.0
6,1393,468.9047074626373,333.26102578230933,463.9047074626373,328.26102578230933,473.9047074626373,338.26102578230933,1.0
6,1394,468.9136372453792,334.22115541724435,463.9136372453792,329.22115541724435,473.9136372453792,339.22115541724435,1.0
6,1395,469.1504623396445,334.6346376402021,464.1504623396445,329.6346376402021,474.1504623396445,339.6346376402021,1.0
6,1396,468.8006955250322,334.265182352275,463.8006955250322,329.265182352275,473.8006955250322,339.265182352275,1.0
6,1397,469.04214302619613,334.38261988163595,464.04214302619613,329.38261988163595,474.04214302619613,339.38261988163595,1.0
6,1398,469.35069596824866,334.16360464035955,464.35069596824866,329.16360464035955,474.35069596824866,339.16360464035955,1.0
6,1399,469.7056215889315,334.11218622182776,464.7056215889315,329.11218622182776,474.7056215889315,339.11218622182776,1.0
6,1400,470.7928717355913,332.133887726864,465.7928717355913,327.133887726864,475.7928717355913,337.133887726864,1.0
6,1401,472.88807346868674,331.8507450410105,467.88807346868674,326.8507450410105,477.88807346868674,336.8507450410105,1.0
6,1402,474.1815347648533,331.3435418070874,469.1815347648533,326.3435418070874,479.1815347648533,336.3435418070874,1.0
6,1403,474.7947002651239,330.05868781713593,469.7947002651239,325.05868781713593,479.7947002651239,335.05868781713593,1.0
6,1404,474.9077575671115,330.82605007316425,469.9077575671115,325.82605007316425,479.9077575671115,335.82605007316425,1.0
6,1405,474.96222975657037,331.8051128941138,469.96222975657037,326.8051128941138,479.96222975657037,336.8051128941138,1.0
6,1406,474.79339909037094,332.75568482391674,469.79339909037094,327.75568482391674,479.79339909037094,337.75568482391674,1.0
6,1407,474.64626808708755,334.31552538083787,469.64626808708755,329.31552538083787,479.64626808708755,339.31552538083787,1.0
6,1408,474.46030004860097,334.27080370143614,469.46030004860097,329.27080370143614,479.46030004860097,339.27080370143614,1.0
6,1409,473.05886766708977,334.02879900691073,468.05886766708977,329.02879900691073,478.05886766708977,339.02879900691073,1.0
6,1410,471.4502376590909,333.96022143421214,466.4502376590909,328.96022143421214,476.4502376590909,338.96022143421214,1.0
6,1411,469.9855641929443,334.3075027375317,464.9855641929443,329.3075027375317,474.9855641929443,339.3075027375317,1.0
6,1412,468.8493373155376,334.76845637876977,463.8493373155376,329.76845637876977,473.8493373155376,339.76845637876977,1.0
6,1413,468.0444970849462,335.19947031264553,463.0444970849462,330.19947031264553,473.0444970849462,340.19947031264553,1.0
6,1414,468.0502413240608,335.1229398390193,463.0502413240608,330.1229398390193,473.0502413240608,340.1229398390193,1.0
6,1415,468.5721915191388,336.04884307774324,463.5721915191388,331.04884307774324,473.5721915191388,341.04884307774324,1.0
6,1416,468.5197149304773,335.91781968516926,463.5197149304773,330.91781968516926,473.5197149304773,340.91781968516926,1.0
6,1417,467.2077376015187,335.95077666030613,462.2077376015187,330.95077666030613,472.2077376015187,340.95077666030613,1.0
6,1418,467.2583125409213,334.9894074836734,462.2583125409213,329.9894074836734,472.2583125409213,339.9894074836734,1.0
6,1419,467.8194542908181,333.4678350242041,462.8194542908181,328.4678350242041,472.8194542908181,338.4678350242041,1.0
6,1420,468.38429875296094,332.3713027715333,463.38429875296094,327.3713027715333,473.38429875296094,337.3713027715333,1.0
6,1421,467.69890315197205,331.6266067360908,462.69890315197205,326.6266067360908,472.69890315197205,336.6266067360908,1.0
6,1422,468.07294683372584,330.950039589516,463.07294683372584,325.950039589516,473.07294683372584,335.950039589516,1.0
6,1423,467.9963216837983,330.15719933831633,462.9963216837983,325.15719933831633,472.9963216837983,335.15719933831633,1.0
6,1424,469.25325791572965,329.2752471517942,464.25325791572965,324.2752471517942,474.25325791572965,334.2752471517942,1.0
6,1425,469.8406737033292,328.1734682441188,464.8406737033292,323.1734682441188,474.8406737033292,333.1734682441188,1.0
6,1426,469.6813430810515,327.0884325639866,464.6813430810515,322.0884325639866,474.6813430810515,332.0884325639866,1.0
6,1427,469.4206059798892,326.4842523279824,464.4206059798892,321.4842523279824,474.4206059798892,331.4842523279824,1.0
6,1428,469.24943246484924,325.49204807020334,464.24943246484924,320.49204807020334,474.24943246484924,330.49204807020334,1.0
6,1429,469.3141600561693,325.8257970107053,464.3141600561693,320.8257970107053,474.3141600561693,330.8257970107053,1.0
6,1430,469.3270701995274,325.6516985990061,464.3270701995274,320.6516985990061,474.3270701995274,330.6516985990061,1.0
6,1431,468.67572972996544,324.94443414542945,463.67572972996544,319.94443414542945,473.67572972996544,329.94443414542945,1.0
6,1432,467.5375269209223,324.8269883440762,462.5375269209223,319.8269883440762,472.5375269209223,329.8269883440762,1.0
6,1433,466.42366250410214,325.58888504032274,461.42366250410214,320.58888504032274,471.42366250410214,330.58888504032274,1.0
6,1434,466.17612272849215,326.62956939414465,461.17612272849215,321.62956939414465,471.17612272849215,331.62956939414465,1.0
6,1435,464.87263997796333,326.4151708214886,459.87263997796333,321.4151708214886,469.87263997796333,331.4151708214886,1.0
6,1436,463.55583571768653,326.6304587079166,458.55583571768653,321.6304587079166,468.55583571768653,331.6304587079166,1.0
6,1437,462.2906000888952,327.367899777204,457.2906000888952,322.367899777204,467.2906000888952,332.367899777204,1.0
6,1438,461.9971128504326,328.2178889752056,456.9971128504326,323.2178889752056,466.9971128504326,333.2178889752056,1.0
6,1439,463.0244886330776,329.08962191264544,458.0244886330776,324.08962191264544,468.0244886330776,334.08962191264544,1.0
6,1440,463.8044762893928,328.9656200455503,458.8044762893928,323.9656200455503,468.8044762893928,333.9656200455503,1.0
6,1441,464.09294846317044,328.76596143630456,459.09294846317044,323.76596143630456,469.09294846317044,333.76596143630456,1.0
6,1442,463.9415096306915,329.5418531178643,458.9415096306915,324.5418531178643,468.9415096306915,334.5418531178643,1.0
6,1443,464.3901570365189,329.6745543521565,459.3901570365189,324.6745543521565,469.3901570365189,334.6745543521565,1.0
6,1444,464.2536978989101,329.24811904675965,459.2536978989101,324.24811904675965,469.2536978989101,334.24811904675965,1.0
6,1445,463.2714726239748,328.79537122620826,458.2714726239748,323.79537122620826,468.2714726239748,333.79537122620826,1.0
6,1446,463.8342314902457,327.676319326465,458.8342314902457,322.676319326465,468.8342314902457,332.676319326465,1.0
6,1447,464.13542591368343,327.804103054505,459.13542591368343,322.804103054505,469.13542591368343,332.804103054505,1.0
6,1448,463.26676273145216,327.4982310764204,458.26676273145216,322.4982310764204,468.26676273145216,332.4982310764204,1.0
6,1449,462.53637207457194,327.40732736193024,457.53637207457194,322.40732736193024,467.53637207457194,332.40732736193024,1.0
6,1450,462.9711134417952,326.922105799378,457.9711134417952,321.922105799378,467.9711134417952,331.922105799378,1.0
6,1451,464.0642435236177,326.211808971269,459.0642435236177,321.211808971269,469.0642435236177,331.211808971269,1.0
6,1452,464.25237193444974,326.2598520338971,459.25237193444974,321.2598520338971,469.25237193444974,331.2598520338971,1.0
6,1453,464.9746965980653,327.5547861769871,459.9746965980653,322.5547861769871,469.9746965980653,332.5547861769871,1.0
6,1454,464.68397957927766,329.1160112857476,459.68397957927766,324.1160112857476,469.68397957927766,334.1160112857476,1.0
6,1455,466.44644712136244,329.50343346317777,461.44644712136244,324.50343346317777,471.44644712136244,334.50343346317777,1.0
6,1456,467.29402775880123,329.8814777012193,462.29402775880123,324.8814777012193,472.29402775880123,334.8814777012193,1.0
6,1457,467.6141212264159,330.12004153387716,462.6141212264159,325.12004153387716,472.6141212264159,335.12004153387716,1.0
6,1458,468.4761103503381,329.84927092939154,463.4761103503381,324.84927092939154,473.4761103503381,334.84927092939154,1.0
6,1459,468.70655316729966,330.0067238760815,463.70655316729966,325.0067238760815,473.70655316729966,335.0067238760815,1.0
6,1460,468.18979896692883,330.1078972762313,463.18979896692883,325.1078972762313,473.18979896692883,335.1078972762313,1.0
6,1461,468.58562449247165,329.8398129524053,463.58562449247165,324.8398129524053,473.58562449247165,334.8398129524053,1.0
6,1462,468.8980605887926,329.55664603799795,463.8980605887926,324.55664603799795,473.8980605887926,334.55664603799795,1.0
6,1463,468.05147929698717,329.3579359397419,463.05147929698717,324.3579359397419,473.05147929698717,334.3579359397419,1.0
6,1464,466.99596654666544,329.5254603515248,461.99596654666544,324.5254603515248,471.99596654666544,334.5254603515248,1.0
6,1465,466.7316077063359,329.9641286439802,461.7316077063359,324.9641286439802,471.7316077063359,334.9641286439802,1.0
6,1466,466.3982399121597,330.5442827741041,461.3982399121597,325.5442827741041,471.3982399121597,335.5442827741041,1.0
6,1467,465.9006061794381,330.8262490619972,460.9006061794381,325.8262490619972,470.9006061794381,335.8262490619972,1.0
6,1468,465.0098764552872,331.64786338555143,460.0098764552872,326.64786338555143,470.0098764552872,336.64786338555143,1.0
6,1469,463.4977874047074,332.8216600960483,458.4977874047074,327.8216600960483,468.4977874047074,337.8216600960483,1.0
7,749,11.5,143.0,6.5,138.0,16.5,148.0,1.0
7,750,13.989405495550137,142.52415134183224,8.989405495550137,137.52415134183224,18.989405495550137,147.52415134183224,1.0
7,751,16.460586975074506,141.57421999033627,11.460586975074506,136.57421999033627,21.460586975074506,146.57421999033627,1.0
7,752,17.67895014718159,141.25189137609163,12.678950147181592,136.25189137609163,22.67895014718159,146.25189137609163,1.0
7,753,18.684111745642127,142.168065938186,13.684111745642127,137.168065938186,23.684111745642127,147.168065938186,1.0
7,754,18.961035692516596,141.375506973556,13.961035692516596,136.375506973556,23.961035692516596,146.375506973556,1.0
7,755,19.0576307165727,140.8256028678294,14.0576307165727,135.8256028678294,24.0576307165727,145.8256028678294,1.0
7,756,19.08881565548699,141.42346796828653,14.08881565548699,136.42346796828653,24.08881565548699,146.42346796828653,1.0
7,757,18.917879276938198,142.70708995111107,13.917879276938198,137.70708995111107,23.917879276938198,147.70708995111107,1.0
7,758,19.02772358141887,144.67098574716613,14.027723581418869,139.67098574716613,24.02772358141887,149.67098574716613,1.0
7,759,19.910152295680845,146.42747434300216,14.910152295680845,141.42747434300216,24.910152295680845,151.42747434300216,1.0
7,760,21.129027308675663,146.55785530934614,16.129027308675663,141.55785530934614,26.129027308675663,151.55785530934614,1.0
7,761,22.025304823622577,145.9672353289909,17.025304823622577,140.9672353289909,27.025304823622577,150.9672353289909,1.0
7,762,23.453083746603554,145.73437381412973,18.453083746603554,140.73437381412973,28.453083746603554,150.73437381412973,1.0
7,763,24.230780924335885,145.75888487979893,19.230780924335885,140.75888487979893,29.230780924335885,150.75888487979893,1.0
7,764,24.366031539619858,145.61891981155043,19.366031539619858,140.61891981155043,29.366031539619858,150.61891981155043,1.0
7,765,23.769735903730023,144.56296128718301,18.769735903730023,139.56296128718301,28.769735903730023,149.56296128718301,1.0
7,766,22.969110424350777,143.92884892351975,17.969110424350777,138.92884892351975,27.969110424350777,148.92884892351975,1.0
7,767,23.42643597207892,144.83210713953787,18.42643597207892,139.83210713953787,28.42643597207892,149.83210713953787,1.0
7,768,24.419427124775027,146.11644477830774,19.419427124775027,141.11644477830774,29.419427124775027,151.11644477830774,1.0
7,769,24.856461304377937,146.17632808459499,19.856461304377937,141.17632808459499,29.856461304377937,151.17632808459499,1.0
7,770,24.788763600822406,146.37191061151057,19.788763600822406,141.37191061151057,29.788763600822406,151.37191061151057,1.0
7,771,24.295309055552355,147.023701419537,19.295309055552355,142.023701419537,29.295309055552355,152.023701419537,1.0
7,772,23.856299562066816,147.97418181730566,18.856299562066816,142.97418181730566,28.856299562066816,152.97418181730566,1.0
7,773,24.390539330972032,148.16931438160458,19.390539330972032,143.16931438160458,29.390539330972032,153.16931438160458,1.0
7,774,24.720592471353935,148.78585150275094,19.720592471353935,143.78585150275094,29.720592471353935,153.78585150275094,1.0
7,775,24.317872772978532,149.1534691349846,19.317872772978532,144.1534691349846,29.317872772978532,154.1534691349846,1.0
7,776,23.970049179902194,149.03952379456575,18.970049179902194,144.03952379456575,28.970049179902194,154.03952379456575,1.0
7,777,22.89834391716002,148.4190243809742,17.89834391716002,143.4190243809742,27.89834391716002,153.4190243809742,1.0
7,778,22.074266206112817,149.3179520835695,17.074266206112817,144.3179520835695,27.074266206112817,154.3179520835695,1.0
7,779,20.950571781647433,148.7463296920226,15.950571781647433,143.7463296920226,25.950571781647433,153.7463296920226,1.0
7,780,19.23105687497821,148.63776738944287,14.231056874978211,143.63776738944287,24.23105687497821,153.63776738944287,1.0
7,781,17.104887462470813,148.83893726348398,12.104887462470813,143.83893726348398,22.104887462470813,153.83893726348398,1.0
7,782,15.80993883070008,149.82814564507458,10.80993883070008,144.82814564507458,20.80993883070008,154.82814564507458,1.0
7,783,14.401297689770166,151.29046641102985,9.401297689770166,146.29046641102985,19.401297689770168,156.29046641102985,1.0
7,784,14.376264008853584,153.06891805403603,9.376264008853584,148.06891805403603,19.376264008853582,158.06891805403603,1.0
7,785,13.622715752443835,154.7551566805348,8.622715752443835,149.7551566805348,18.622715752443835,159.7551566805348,1.0
7,786,12.533007066105862,155.21288367936074,7.533007066105862,150.21288367936074,17.53300706610586,160.21288367936074,1.0
7,787,11.634389858606518,154.93892009948613,6.634389858606518,149.93892009948613,16.634389858606518,159.93892009948613,1.0
7,788,10.99249992222146,154.70190150196464,5.9924999222214606,149.70190150196464,15.99249992222146,159.70190150196464,1.0
7,789,9.058568210168618,154.76261920861455,4.058568210168618,149.76261920861455,14.058568210168618,159.76261920861455,1.0
7,790,7.79710818285453,155.2551548494172,2.7971081828545303,150.2551548494172,12.79710818285453,160.2551548494172,1.0
7,791,7.388865352704192,154.4598837826714,2.388865352704192,149.4598837826714,12.388865352704192,159.4598837826714,1.0
7,792,6.040026158396341,155.15792317086874,1.0400261583963406,150.15792317086874,11.04002615839634,160.15792317086874,1.0
7,793,5.008334275718491,154.9747690215007,0.008334275718491213,149.9747690215007,10.008334275718491,159.9747690215007,1.0
7,794,5.1863578177486955,154.29018525721239,0.18635781774869553,149.29018525721239,10.186357817748696,159.29018525721239,1.0
7,795,6.660600659585887,153.62359216095155,1.6606006595858869,148.62359216095155,11.660600659585887,158.62359216095155,1.0
7,796,6.359683446512615,153.88067358633586,1.3596834465126149,148.88067358633586,11.359683446512616,158.88067358633586,1.0
7,797,5.1873726112092395,154.16593458400948,0.18737261120923954,149.16593458400948,10.18737261120924,159.16593458400948,1.0
7,798,4.222365849373258,155.33078062314794,-0.7776341506267421,150.33078062314794,9.222365849373258,160.33078062314794,1.0
7,799,3.7323123336559973,155.56703034585468,-1.2676876663440027,150.56703034585468,8.732312333655997,160.56703034585468,1.0
7,800,3.051487812739939,154.8332783027507,-1.9485121872600608,149.8332783027507,8.05148781273994,159.8332783027507,1.0
7,801,2.5363391368604287,156.0667182871922,-2.4636608631395713,151.0667182871922,7.536339136860429,161.0667182871922,1.0
7,802,2.272100941741156,156.8323414211495,-2.727899058258844,151.8323414211495,7.272100941741156,161.8323414211495,1.0
7,803,1.5962041126597715,157.75378524136948,-3.4037958873402285,152.75378524136948,6.5962041126597715,162.75378524136948,1.0
7,804,0.9946818721464563,158.82277669154314,-4.005318127853544,153.82277669154314,5.994681872146456,163.82277669154314,1.0
7,805,-0.059853195367601586,159.82800028812179,-5.059853195367602,154.82800028812179,4.940146804632398,164.82800028812179,1.0
7,806,-0.6250677186941704,160.78639283723368,-5.62506771869417,155.78639283723368,4.37493228130583,165.78639283723368,1.0
7,807,-0.8238365683519415,160.80917502495532,-5.8238365683519415,155.80917502495532,4.1761634316480585,165.80917502495532,1.0
7,808,-0.7383781894998087,161.27843256708104,-5.738378189499809,156.27843256708104,4.261621810500191,166.27843256708104,1.0
7,809,-1.5823919649454474,161.51429381194123,-6.582391964945447,156.51429381194123,3.4176080350545526,166.51429381194123,1.0
7,810,-1.8213735327804024,160.5211228640626,-6.821373532780402,155.5211228640626,3.1786264672195976,165.5211228640626,1.0
7,811,-1.4802625782991399,159.67202192980727,-6.48026257829914,154.67202192980727,3.51973742170086,164.67202192980727,1.0
7,812,-1.6670792517137194,159.27783899354097,-6.667079251713719,154.27783899354097,3.3329207482862806,164.27783899354097,1.0
7,813,-0.7416211348268593,158.24661925742382,-5.741621134826859,153.24661925742382,4.258378865173141,163.24661925742382,1.0
7,814,-0.8963406166470502,157.29223475865382,-5.89634061664705,152.29223475865382,4.10365938335295,162.29223475865382,1.0
7,815,-0.38221925057881734,156.98570452376126,-5.382219250578817,151.98570452376126,4.617780749421183,161.98570452376126,1.0
7,816,0.7149684185175182,158.08597368039827,-4.285031581482482,153.08597368039827,5.714968418517518,163.08597368039827,1.0
7,817,-0.3807319214944549,159.86975378321512,-5.380731921494455,154.86975378321512,4.619268078505545,164.86975378321512,1.0
7,818,-1.4802599849422062,160.4646587462389,-6.480259984942206,155.4646587462389,3.5197400150577938,165.4646587462389,1.0
7,819,-1.1058358429488546,160.75549866907042,-6.105835842948855,155.75549866907042,3.8941641570511454,165.75549866907042,1.0
7,820,-1.444920426434832,160.95585251010357,-6.444920426434832,155.95585251010357,3.555079573565168,165.95585251010357,1.0
7,821,-1.7875461442286742,161.48860108002265,-6.787546144228674,156.48860108002265,3.212453855771326,166.48860108002265,1.0
7,822,-1.7431388788823323,162.24302781953745,-6.743138878882332,157.24302781953745,3.2568611211176677,167.24302781953745,1.0
7,823,-1.007535893413495,162.69354355573805,-6.007535893413495,157.69354355573805,3.992464106586505,167.69354355573805,1.0
7,824,0.17735086876844441,162.56080882747546,-4.822649131231556,157.56080882747546,5.177350868768444,167.56080882747546,1.0
7,825,2.2967460832242175,162.6820573125975,-2.7032539167757825,157.6820573125975,7.2967460832242175,167.6820573125975,1.0
7,826,3.919316210782318,162.5725553810608,-1.080683789217682,157.5725553810608,8.919316210782318,167.5725553810608,1.0
7,827,5.393922274541682,163.46044476543068,0.3939222745416817,158.46044476543068,10.393922274541682,168.46044476543068,1.0
7,828,5.068376474860841,164.0671259750337,0.06837647486084109,159.0671259750337,10.068376474860841,169.0671259750337,1.0
7,829,4.789660762303856,165.34130683291818,-0.21033923769614393,160.34130683291818,9.789660762303857,170.34130683291818,1.0
7,830,5.4951213959481295,165.54444545439154,0.49512139594812954,160.54444545439154,10.495121395948129,170.54444545439154,1.0
7,831,6.407453973182698,165.37910846963953,1.4074539731826983,160.37910846963953,11.407453973182697,170.37910846963953,1.0
7,832,7.698911193944881,166.02390888183808,2.6989111939448813,161.02390888183808,12.69891119394488,171.02390888183808,1.0
7,833,8.150686489625503,166.26827704494985,3.150686489625503,161.26827704494985,13.150686489625503,171.26827704494985,1.0
7,834,8.416353719324484,166.36145507622592,3.4163537193244835,161.36145507622592,13.416353719324484,171.36145507622592,1.0
7,835,8.436114143280713,166.11506035930512,3.4361141432807134,161.11506035930512,13.436114143280713,171.11506035930512,1.0
7,836,7.960323779754912,165.14958515240983,2.960323779754912,160.14958515240983,12.960323779754912,170.14958515240983,1.0
7,837,8.210433783857424,164.71247760891148,3.2104337838574235,159.71247760891148,13.210433783857424,169.71247760891148,1.0
7,838,8.307132324253583,163.77343000131523,3.3071323242535833,158.77343000131523,13.307132324253583,168.77343000131523,1.0
7,839,8.017836342603688,163.19695334783324,3.0178363426036885,158.19695334783324,13.017836342603688,168.19695334783324,1.0
7,840,8.014158362910676,162.97458947514423,3.014158362910676,157.97458947514423,13.014158362910676,167.97458947514423,1.0
7,841,7.654170531987095,162.36403703012996,2.654170531987095,157.36403703012996,12.654170531987095,167.36403703012996,1.0
7,842,7.09988318082513,162.37086624260863,2.09988318082513,157.37086624260863,12.099883180825131,167.37086624260863,1.0
7,843,6.80399896285769,162.2389026593865,1.8039989628576896,157.2389026593865,11.80399896285769,167.2389026593865,1.0
7,844,6.68334481548537,162.05017753215574,1.6833448154853698,157.05017753215574,11.68334481548537,167.05017753215574,1.0
7,845,6.888999191653581,161.75684525901337,1.888999191653581,156.75684525901337,11.888999191653582,166.75684525901337,1.0
7,846,7.195241938759245,161.53781535260384,2.195241938759245,156.53781535260384,12.195241938759246,166.53781535260384,1.0
7,847,7.3000759564118365,160.60157213779596,2.3000759564118365,155.60157213779596,12.300075956411836,165.60157213779596,1.0
7,848,6.729937032825551,159.95374630484847,1.7299370328255508,154.95374630484847,11.72993703282555,164.95374630484847,1.0
7,849,6.798835363160616,159.44768926963835,1.7988353631606158,154.44768926963835,11.798835363160617,164.44768926963835,1.0
7,850,7.650782317106286,157.64793675870877,2.6507823171062856,152.64793675870877,12.650782317106286,162.64793675870877,1.0
7,851,7.827451744909661,155.91208029931207,2.827451744909661,150.91208029931207,12.827451744909661,160.91208029931207,1.0
7,852,7.625727051500489,154.34179866645934,2.6257270515004887,149.34179866645934,12.625727051500489,159.34179866645934,1.0
7,853,7.716434283668676,153.69819696687887,2.7164342836686757,148.69819696687887,12.716434283668676,158.69819696687887,1.0
7,854,8.20551697034794,152.4151086269765,3.20551697034794,147.4151086269765,13.20551697034794,157.4151086269765,1.0
7,855,8.8464523756439,152.46096515745964,3.8464523756438993,147.46096515745964,13.8464523756439,157.46096515745964,1.0
7,856,8.629586080665108,153.30198929745117,3.629586080665108,148.30198929745117,13.629586080665108,158.30198929745117,1.0
7,857,8.862578268619137,153.69316402639393,3.862578268619137,148.69316402639393,13.862578268619137,158.69316402639393,1.0
7,858,8.080248664647042,153.2425585665338,3.0802486646470424,148.2425585665338,13.080248664647042,158.2425585665338,1.0
7,859,6.8121459987214275,152.6956934534894,1.8121459987214275,147.6956934534894,11.812145998721427,157.6956934534894,1.0
7,860,6.848371510110382,152.18602704390668,1.8483715101103817,147.18602704390668,11.848371510110383,157.18602704390668,1.0
7,861,6.45780508388766,152.04790819878934,1.45780508388766,147.04790819878934,11.45780508388766,157.04790819878934,1.0
7,862,7.250374665460705,151.52284427627762,2.250374665460705,146.52284427627762,12.250374665460704,156.52284427627762,1.0
7,863,8.347865360774954,150.77620709274782,3.3478653607749536,145.77620709274782,13.347865360774954,155.77620709274782,1.0
7,864,8.538530505275068,150.4000725623706,3.5385305052750677,145.4000725623706,13.538530505275068,155.4000725623706,1.0
7,865,7.812578126870724,150.07969414137088,2.812578126870724,145.07969414137088,12.812578126870724,155.07969414137088,1.0
7,866,8.091654285312371,148.86967042799688,3.091654285312371,143.86967042799688,13.091654285312371,153.86967042799688,1.0
7,867,8.712774008039652,148.3171301800867,3.712774008039652,143.3171301800867,13.712774008039652,153.3171301800867,1.0
7,868,9.448487885913368,148.76023662558106,4.448487885913368,143.76023662558106,14.448487885913368,153.76023662558106,1.0
7,869,9.976069269370663,148.828036578489,4.976069269370663,143.828036578489,14.976069269370663,153.828036578489,1.0
7,870,10.441161101303402,147.99811120133683,5.441161101303402,142.99811120133683,15.441161101303402,152.99811120133683,1.0
7,871,10.859632636403614,146.84032692930333,5.859632636403614,141.84032692930333,15.859632636403614,151.84032692930333,1.0
7,872,11.441430952101951,145.98300547776958,6.4414309521019515,140.98300547776958,16.441430952101953,150.98300547776958,1.0
7,873,11.613460912971052,144.68339934746805,6.6134609129710515,139.68339934746805,16.61346091297105,149.68339934746805,1.0
7,874,12.027688610071861,143.71252363433,7.027688610071861,138.71252363433,17.027688610071863,148.71252363433,1.0
7,875,13.230713456703981,143.43485254844782,8.230713456703981,138.43485254844782,18.23071345670398,148.43485254844782,1.0
7,876,14.064627888785932,144.31410300146686,9.064627888785932,139.31410300146686,19.06462788878593,149.31410300146686,1.0
7,877,15.673796826498382,143.64361974484913,10.673796826498382,138.64361974484913,20.673796826498382,148.64361974484913,1.0
7,878,15.931613482406775,142.81984062447907,10.931613482406775,137.81984062447907,20.931613482406775,147.81984062447907,1.0
7,879,16.92638925217477,142.9046640180221,11.926389252174769,137.9046640180221,21.92638925217477,147.9046640180221,1.0
7,880,17.03176295770632,143.08397872722517,12.03176295770632,138.08397872722517,22.03176295770632,148.08397872722517,1.0
7,881,17.355831628394043,142.07157178829075,12.355831628394043,137.07157178829075,22.355831628394043,147.07157178829075,1.0
7,882,18.60140279576993,141.98694851566867,13.601402795769928,136.98694851566867,23.60140279576993,146.98694851566867,1.0
7,883,18.490012819060226,141.70607514504925,13.490012819060226,136.70607514504925,23.490012819060226,146.70607514504925,1.0
7,884,18.260357282103882,142.0152625209727,13.260357282103882,137.0152625209727,23.260357282103882,147.0152625209727,1.0
7,885,19.223541323909192,142.12665587122396,14.223541323909192,137.12665587122396,24.223541323909192,147.12665587122396,1.0
7,886,19.93438905463044,141.52105936665632,14.93438905463044,136.52105936665632,24.93438905463044,146.52105936665632,1.0
7,887,20.59623009173158,141.94995797296855,15.59623009173158,136.94995797296855,25.59623009173158,146.94995797296855,1.0
7,888,19.969734052294548,141.22027436308377,14.969734052294548,136.22027436308377,24.969734052294548,146.22027436308377,1.0
7,889,19.00187924412715,141.28659788107842,14.00187924412715,136.28659788107842,24.00187924412715,146.28659788107842,1.0
7,890,18.87917314119656,141.54605481168895,13.87917314119656,136.54605481168895,23.87917314119656,146.54605481168895,1.0
7,891,17.929977039241216,141.04714667455383,12.929977039241216,136.04714667455383,22.929977039241216,146.04714667455383,1.0
7,892,16.797773484299512,140.74608798674248,11.797773484299512,135.74608798674248,21.797773484299512,145.74608798674248,1.0
7,893,16.955567457005955,140.03192991452684,11.955567457005955,135.03192991452684,21.955567457005955,145.03192991452684,1.0
7,894,16.747501767875615,138.7435048895661,11.747501767875615,133.7435048895661,21.747501767875615,143.7435048895661,1.0
7,895,16.323427392067625,138.68243083282823,11.323427392067625,133.68243083282823,21.323427392067625,143.68243083282823,1.0
7,896,15.484110887953186,138.29953943463676,10.484110887953186,133.29953943463676,20.484110887953186,143.29953943463676,1.0
7,897,14.791935768678144,138.43856542674305,9.791935768678144,133.43856542674305,19.791935768678144,143.43856542674305,1.0
7,898,14.603697219475434,137.60237819972627,9.603697219475434,132.60237819972627,19.603697219475436,142.60237819972627,1.0
7,899,13.721409083241,137.40139904701024,8.721409083241,132.40139904701024,18.721409083241,142.40139904701024,1.0
7,900,13.173545254555021,135.75925576014947,8.173545254555021,130.75925576014947,18.173545254555023,140.75925576014947,1.0
7,901,13.641931619457118,134.87480678584598,8.641931619457118,129.87480678584598,18.641931619457118,139.87480678584598,1.0
7,902,14.782657783995077,134.29304644538496,9.782657783995077,129.29304644538496,19.782657783995077,139.29304644538496,1.0
7,903,15.50211690877093,133.17240032223,10.50211690877093,128.17240032223,20.50211690877093,138.17240032223,1.0
7,904,16.102425160059596,132.75417410677431,11.102425160059596,127.75417410677431,21.102425160059596,137.75417410677431,1.0
7,905,17.086554338590137,133.08478329438915,12.086554338590137,128.08478329438915,22.086554338590137,138.08478329438915,1.0
7,906,17.930256543217016,132.41667652173754,12.930256543217016,127.41667652173754,22.930256543217016,137.41667652173754,1.0
7,907,18.032875445094593,131.56807167342097,13.032875445094593,126.56807167342097,23.032875445094593,136.56807167342097,1.0
7,908,19.14076959932772,131.16625883917712,14.140769599327719,126.16625883917712,24.14076959932772,136.16625883917712,1.0
7,909,20.20126765752204,130.921418976012,15.201267657522038,125.921418976012,25.20126765752204,135.921418976012,1.0
7,910,19.321351852749466,130.35014599508904,14.321351852749466,125.35014599508904,24.321351852749466,135.35014599508904,1.0
7,911,18.729603297721898,129.97028133570737,13.729603297721898,124.97028133570737,23.729603297721898,134.97028133570737,1.0
7,912,17.73626320330201,129.9693964911314,12.73626320330201,124.96939649113139,22.73626320330201,134.9693964911314,1.0
7,913,17.52518016395097,130.44847832364383,12.52518016395097,125.44847832364383,22.52518016395097,135.44847832364383,1.0
7,914,16.467628757121023,130.23066667466665,11.467628757121023,125.23066667466665,21.467628757121023,135.23066667466665,1.0
7,915,15.0983814286669,129.9395159573986,10.0983814286669,124.93951595739861,20.098381428666897,134.9395159573986,1.0
7,916,14.156473471745423,129.52400258050943,9.156473471745423,124.52400258050943,19.15647347174542,134.52400258050943,1.0
7,917,13.66637783719171,130.10495733594107,8.66637783719171,125.10495733594107,18.66637783719171,135.10495733594107,1.0
7,918,12.969465224287362,130.710592372136,7.969465224287362,125.710592372136,17.96946522428736,135.710592372136,1.0
7,919,12.294221809999039,130.41455820244335,7.294221809999039,125.41455820244335,17.294221809999037,135.41455820244335,1.0
7,920,11.316328520431533,130.30944651964228,6.316328520431533,125.30944651964228,16.316328520431533,135.30944651964228,1.0
7,921,10.561846200023773,129.52687108571388,5.561846200023773,124.52687108571388,15.561846200023773,134.52687108571388,1.0
7,922,10.268306518006947,128.81234502752028,5.268306518006947,123.81234502752028,15.268306518006947,133.81234502752028,1.0
7,923,10.087201389731874,128.6108109457703,5.087201389731874,123.61081094577031,15.087201389731874,133.6108109457703,1.0
7,924,9.4885768421315,127.78130024371941,4.488576842131501,122.78130024371941,14.4885768421315,132.78130024371941,1.0
7,925,9.492840723132478,127.72496491837353,4.492840723132478,122.72496491837353,14.492840723132478,132.72496491837353,1.0
7,926,9.988261663783492,127.73949611339745,4.988261663783492,122.73949611339745,14.988261663783492,132.73949611339745,1.0
7,927,9.274172440823415,128.62754065539113,4.274172440823415,123.62754065539113,14.274172440823415,133.62754065539113,1.0
7,928,9.559422169656866,129.3963785546204,4.559422169656866,124.39637855462041,14.559422169656866,134.3963785546204,1.0
7,929,11.046889837089223,129.9319036929378,6.046889837089223,124.9319036929378,16.046889837089225,134.9319036929378,1.0
7,930,11.320434512901565,130.35007779107116,6.320434512901565,125.35007779107116,16.320434512901564,135.35007779107116,1.0
7,931,11.717984306834984,130.29906267054395,6.717984306834984,125.29906267054395,16.717984306834985,135.29906267054395,1.0
7,932,11.187545499178123,130.13151718975803,6.187545499178123,125.13151718975803,16.18754549917812,135.13151718975803,1.0
7,933,10.8692803263056,129.45765887893575,5.869280326305599,124.45765887893575,15.8692803263056,134.45765887893575,1.0
7,934,10.389557394340205,129.0258888019429,5.389557394340205,124.0258888019429,15.389557394340205,134.0258888019429,1.0
7,935,9.843845129449846,129.42411626305034,4.843845129449846,124.42411626305034,14.843845129449846,134.42411626305034,1.0
7,936,9.592067961843163,130.39115404509255,4.5920679618431635,125.39115404509255,14.592067961843163,135.39115404509255,1.0
7,937,10.225683954531373,131.179962870566,5.225683954531373,126.17996287056599,15.225683954531373,136.179962870566,1.0
7,938,10.407592302295583,132.77605487853555,5.407592302295583,127.77605487853555,15.407592302295583,137.77605487853555,1.0
7,939,10.213630464123677,133.14785632860958,5.213630464123677,128.14785632860958,15.213630464123677,138.14785632860958,1.0
7,940,10.105737819903297,132.33616639272134,5.105737819903297,127.33616639272134,15.105737819903297,137.33616639272134,1.0
7,941,10.252494359073197,131.11254742390008,5.2524943590731965,126.11254742390008,15.252494359073197,136.11254742390008,1.0
7,942,9.656722690469907,129.96783831023487,4.656722690469907,124.96783831023487,14.656722690469907,134.96783831023487,1.0
7,943,9.766022255859504,129.33001830187555,4.766022255859504,124.33001830187555,14.766022255859504,134.33001830187555,1.0
7,944,9.257342174345501,129.3158501977209,4.257342174345501,124.31585019772089,14.257342174345501,134.3158501977209,1.0
7,945,9.38253802791533,129.18729461914,4.382538027915331,124.18729461914,14.38253802791533,134.18729461914,1.0
7,946,9.37392824725148,129.3847381612566,4.373928247251481,124.38473816125659,14.37392824725148,134.3847381612566,1.0
7,947,8.783949721673793,128.56743345063683,3.7839497216737925,123.56743345063683,13.783949721673793,133.56743345063683,1.0
7,948,8.356556538647325,129.50959375737006,3.3565565386473253,124.50959375737006,13.356556538647325,134.50959375737006,1.0
7,949,7.599507401368584,130.4113675395871,2.5995074013685837,125.4113675395871,12.599507401368584,135.4113675395871,1.0
7,950,6.984072598899283,130.11377887334808,1.9840725988992833,125.11377887334808,11.984072598899283,135.11377887334808,1.0
7,951,6.436928779636991,129.5025874215385,1.4369287796369914,124.5025874215385,11.436928779636991,134.5025874215385,1.0
7,952,6.95636525603801,130.5466908396028,1.9563652560380103,125.5466908396028,11.95636525603801,135.5466908396028,1.0
7,953,6.877955209945181,130.33760079196676,1.8779552099451813,125.33760079196676,11.877955209945181,135.33760079196676,1.0
7,954,5.8231890585879835,130.24384219171952,0.8231890585879835,125.24384219171952,10.823189058587984,135.24384219171952,1.0
7,955,5.323882523188527,130.00629888529602,0.3238825231885274,125.00629888529602,10.323882523188527,135.00629888529602,1.0
7,956,5.450679738672334,129.84287136075022,0.450679738672334,124.84287136075022,10.450679738672335,134.84287136075022,1.0
7,957,4.174666325470969,129.8022988334117,-0.8253336745290314,124.8022988334117,9.17466632547097,134.8022988334117,1.0
7,958,3.4519096983904944,130.06495762245333,-1.5480903016095056,125.06495762245333,8.451909698390494,135.06495762245333,1.0
7,959,3.3670966024984015,130.38658636366287,-1.6329033975015985,125.38658636366287,8.367096602498401,135.38658636366287,1.0
7,960,2.487827375226024,130.6126652548607,-2.512172624773976,125.6126652548607,7.487827375226024,135.6126652548607,1.0
7,961,2.0030860966835338,130.41208364268755,-2.9969139033164662,125.41208364268755,7.003086096683534,135.41208364268755,1.0
7,962,3.1389954200944317,129.95531179918487,-1.8610045799055683,124.95531179918487,8.138995420094432,134.95531179918487,1.0
7,963,4.455986138054099,129.27691165325277,-0.544013861945901,124.27691165325277,9.455986138054099,134.27691165325277,1.0
7,964,6.560646353573799,129.82498027551313,1.5606463535737989,124.82498027551313,11.560646353573798,134.82498027551313,1.0
7,965,6.734477553559206,129.16232474397123,1.7344775535592056,124.16232474397123,11.734477553559206,134.16232474397123,1.0
7,966,6.590093081360714,128.4714576835334,1.5900930813607141,123.4714576835334,11.590093081360713,133.4714576835334,1.0
7,967,6.715689446319313,128.75363072781008,1.7156894463193133,123.75363072781008,11.715689446319313,133.75363072781008,1.0
7,968,7.845019957707265,129.32395236946493,2.8450199577072652,124.32395236946493,12.845019957707265,134.32395236946493,1.0
7,969,8.525604776102703,128.79219585228145,3.5256047761027034,123.79219585228145,13.525604776102703,133.79219585228145,1.0
7,970,9.522378623749477,128.87623255564154,4.522378623749477,123.87623255564154,14.522378623749477,133.87623255564154,1.0
7,971,10.595130658545376,129.1156945930488,5.595130658545376,124.1156945930488,15.595130658545376,134.1156945930488,1.0
7,972,10.522016390665318,129.28682413693267,5.522016390665318,124.28682413693267,15.522016390665318,134.28682413693267,1.0
7,973,10.428748025907787,129.01582298410014,5.428748025907787,124.01582298410014,15.428748025907787,134.01582298410014,1.0
7,974,10.251496733844247,129.40043678745045,5.251496733844247,124.40043678745045,15.251496733844247,134.40043678745045,1.0
7,975,10.39776048822571,130.39647827466717,5.39776048822571,125.39647827466717,15.39776048822571,135.39647827466717,1.0
7,976,11.465066741892317,129.9798482588358,6.465066741892317,124.9798482588358,16.465066741892315,134.9798482588358,1.0
7,977,12.863789377841785,128.85662236259935,7.863789377841785,123.85662236259935,17.863789377841783,133.85662236259935,1.0
7,978,13.71642154054527,127.70155599182878,8.71642154054527,122.70155599182878,18.71642154054527,132.7015559918288,1.0
7,979,14.364753180986774,127.55871728741516,9.364753180986774,122.55871728741516,19.364753180986774,132.55871728741516,1.0
7,980,15.160954589186463,128.24360378870227,10.160954589186463,123.24360378870227,20.160954589186463,133.24360378870227,1.0
7,981,15.56294258991034,129.85796987011415,10.56294258991034,124.85796987011415,20.562942589910342,134.85796987011415,1.0
7,982,15.699492656621558,131.2435690806939,10.699492656621558,126.2435690806939,20.69949265662156,136.2435690806939,1.0
7,983,15.341372212424226,131.99039158933826,10.341372212424226,126.99039158933826,20.341372212424226,136.99039158933826,1.0
7,984,14.6501198816024,133.33429978948186,9.6501198816024,128.33429978948186,19.6501198816024,138.33429978948186,1.0
7,985,13.840267133619752,134.1323979980998,8.840267133619752,129.1323979980998,18.840267133619754,139.1323979980998,1.0
7,986,12.48172050011492,135.88231535105257,7.481720500114919,130.88231535105257,17.481720500114918,140.88231535105257,1.0
7,987,12.490722867050257,136.62041936300088,7.490722867050257,131.62041936300088,17.49072286705026,141.62041936300088,1.0
7,988,12.667365704862524,137.29269411886008,7.667365704862524,132.29269411886008,17.667365704862526,142.29269411886008,1.0
7,989,12.709805825941087,137.76203037614874,7.709805825941087,132.76203037614874,17.70980582594109,142.76203037614874,1.0
7,990,12.959609963077355,138.22796340304976,7.959609963077355,133.22796340304976,17.959609963077355,143.22796340304976,1.0
7,991,13.022646015329899,137.81278600309778,8.022646015329899,132.81278600309778,18.022646015329897,142.81278600309778,1.0
7,992,13.760027422142176,137.11099296717993,8.760027422142176,132.11099296717993,18.760027422142176,142.11099296717993,1.0
7,993,14.8943172848547,135.8556744016632,9.8943172848547,130.8556744016632,19.8943172848547,140.8556744016632,1.0
7,994,15.81804442957802,134.51724884392266,10.81804442957802,129.51724884392266,20.81804442957802,139.51724884392266,1.0
7,995,15.145359068079353,134.60947500484758,10.145359068079353,129.60947500484758,20.14535906807935,139.60947500484758,1.0
7,996,15.105014421865029,134.31672593748866,10.105014421865029,129.31672593748866,20.10501442186503,139.31672593748866,1.0
7,997,14.65054011333834,133.62964837350628,9.65054011333834,128.62964837350628,19.65054011333834,138.62964837350628,1.0
7,998,14.654109120756232,132.94850216556608,9.654109120756232,127.94850216556608,19.65410912075623,137.94850216556608,1.0
7,999,15.358511294602215,132.99450875294178,10.358511294602215,127.99450875294178,20.358511294602216,137.99450875294178,1.0
7,1000,15.369389767385297,132.60988826217832,10.369389767385297,127.60988826217832,20.369389767385297,137.60988826217832,1.0
7,1001,15.337082445741611,131.9792587122263,10.337082445741611,126.97925871222631,20.33708244574161,136.9792587122263,1.0
7,1002,15.98812670512038,131.89158081246939,10.98812670512038,126.89158081246939,20.98812670512038,136.89158081246939,1.0
7,1003,16.25808127464407,131.6332585216829,11.25808127464407,126.6332585216829,21.25808127464407,136.6332585216829,1.0
7,1004,15.920824084915473,129.96773615950886,10.920824084915473,124.96773615950886,20.920824084915473,134.96773615950886,1.0
7,1005,15.725563302558392,129.4790481950027,10.725563302558392,124.47904819500269,20.725563302558392,134.4790481950027,1.0
7,1006,15.04188163883624,129.1580894251362,10.04188163883624,124.15808942513621,20.04188163883624,134.1580894251362,1.0
7,1007,15.471087263391517,128.24349207805517,10.471087263391517,123.24349207805517,20.471087263391517,133.24349207805517,1.0
7,1008,16.083681904431447,127.81415841675518,11.083681904431447,122.81415841675518,21.083681904431447,132.81415841675516,1.0
7,1009,15.945384133557788,127.92039083823833,10.945384133557788,122.92039083823833,20.945384133557788,132.92039083823835,1.0
7,1010,15.686109763506115,127.07282281429993,10.686109763506115,122.07282281429993,20.686109763506117,132.0728228142999,1.0
7,1011,15.181300312553885,126.2045383355557,10.181300312553885,121.2045383355557,20.181300312553887,131.2045383355557,1.0
7,1012,14.57918046686644,125.53328800653978,9.57918046686644,120.53328800653978,19.57918046686644,130.53328800653978,1.0
7,1013,14.390698184296753,126.00405400113681,9.390698184296753,121.00405400113681,19.390698184296753,131.0040540011368,1.0
7,1014,15.210235774419502,125.9292304554641,10.210235774419502,120.9292304554641,20.210235774419502,130.9292304554641,1.0
7,1015,15.99927186458385,126.81728832147145,10.99927186458385,121.81728832147145,20.99927186458385,131.81728832147144,1.0
7,1016,18.162729169242454,127.03323426017344,13.162729169242454,122.03323426017344,23.162729169242454,132.03323426017346,1.0
7,1017,18.484101998785558,126.55923928676332,13.484101998785558,121.55923928676332,23.484101998785558,131.55923928676333,1.0
7,1018,18.90866648568,125.60998985640478,13.908666485680001,120.60998985640478,23.90866648568,130.60998985640478,1.0
7,1019,19.137964990876412,125.0231892143515,14.137964990876412,120.0231892143515,24.137964990876412,130.0231892143515,1.0
7,1020,18.823002627372155,125.63752090948276,13.823002627372155,120.63752090948276,23.823002627372155,130.63752090948276,1.0
7,1021,19.058104341718337,125.52877336402463,14.058104341718337,120.52877336402463,24.058104341718337,130.52877336402463,1.0
7,1022,20.443437594543507,126.32450821819987,15.443437594543507,121.32450821819987,25.443437594543507,131.32450821819987,1.0
7,1023,21.273808643603434,127.8546940446387,16.273808643603434,122.8546940446387,26.273808643603434,132.8546940446387,1.0
7,1024,21.463524995487493,129.17772482093253,16.463524995487493,124.17772482093253,26.463524995487493,134.17772482093253,1.0
7,1025,21.243623898981284,130.654744380613,16.243623898981284,125.65474438061301,26.243623898981284,135.654744380613,1.0
7,1026,20.158206548062346,131.5985917583868,15.158206548062346,126.59859175838679,25.158206548062346,136.5985917583868,1.0
7,1027,20.259445725399765,131.40649236794633,15.259445725399765,126.40649236794633,25.259445725399765,136.40649236794633,1.0
7,1028,19.60080909352711,130.72701730035783,14.600809093527111,125.72701730035783,24.60080909352711,135.72701730035783,1.0
7,1029,19.44434551466067,129.97894477245617,14.444345514660672,124.97894477245617,24.44434551466067,134.97894477245617,1.0
7,1030,18.761345580992874,129.57143447076874,13.761345580992874,124.57143447076874,23.761345580992874,134.57143447076874,1.0
7,1031,18.56455873241215,128.49930153721675,13.564558732412149,123.49930153721675,23.56455873241215,133.49930153721675,1.0
7,1032,18.64238917581724,127.42516226149912,13.64238917581724,122.42516226149912,23.64238917581724,132.4251622614991,1.0
7,1033,19.37073327764525,128.01694542507138,14.37073327764525,123.01694542507138,24.37073327764525,133.01694542507138,1.0
7,1034,20.368429877544727,128.44453019722818,15.368429877544727,123.44453019722818,25.368429877544727,133.44453019722818,1.0
7,1035,20.79601589270595,128.62452058849402,15.796015892705949,123.62452058849402,25.79601589270595,133.62452058849402,1.0
7,1036,20.67026071496693,128.4246066280488,15.670260714966929,123.42460662804879,25.67026071496693,133.4246066280488,1.0
7,1037,19.387436074929262,127.68770491965773,14.387436074929262,122.68770491965773,24.387436074929262,132.68770491965773,1.0
7,1038,18.42827398734537,127.81229360889854,13.42827398734537,122.81229360889854,23.42827398734537,132.81229360889853,1.0
7,1039,17.545742043432618,127.03085251222716,12.545742043432618,122.03085251222716,22.545742043432618,132.03085251222717,1.0
7,1040,16.675076055082705,126.44161646375768,11.675076055082705,121.44161646375768,21.675076055082705,131.44161646375767,1.0
7,1041,15.233685314835821,125.40017432690897,10.233685314835821,120.40017432690897,20.23368531483582,130.40017432690897,1.0
7,1042,14.772961513071667,124.25734944355906,9.772961513071667,119.25734944355906,19.772961513071667,129.25734944355906,1.0
7,1043,13.75730972001395,123.85478973147224,8.75730972001395,118.85478973147224,18.75730972001395,128.85478973147224,1.0
7,1044,13.325784879790282,123.25457362944718,8.325784879790282,118.25457362944718,18.325784879790284,128.25457362944718,1.0
7,1045,12.850044834317762,122.56526122924433,7.850044834317762,117.56526122924433,17.850044834317764,127.56526122924433,1.0
7,1046,12.858608435726977,122.5028929704387,7.8586084357269765,117.5028929704387,17.85860843572698,127.5028929704387,1.0
7,1047,12.901967458336046,122.94060307072358,7.9019674583360455,117.94060307072358,17.901967458336046,127.94060307072358,1.0
7,1048,12.212343564607176,122.97929021830814,7.212343564607176,117.97929021830814,17.212343564607174,127.97929021830814,1.0
7,1049,11.220144544643642,122.41628023561717,6.220144544643642,117.41628023561717,16.22014454464364,127.41628023561717,1.0
7,1050,11.054426775257246,123.62421119162761,6.054426775257246,118.62421119162761,16.054426775257248,128.6242111916276,1.0
7,1051,11.751746269569136,124.11922267055051,6.751746269569136,119.11922267055051,16.751746269569136,129.11922267055053,1.0
7,1052,12.80565694877248,124.89639949213361,7.80565694877248,119.89639949213361,17.80565694877248,129.8963994921336,1.0
7,1053,13.227867902985315,125.16221536529387,8.227867902985315,120.16221536529387,18.227867902985317,130.1622153652939,1.0
7,1054,13.91118987930924,125.91323427028564,8.91118987930924,120.91323427028564,18.91118987930924,130.91323427028564,1.0
7,1055,14.596577432655607,125.79252952886067,9.596577432655607,120.79252952886067,19.596577432655607,130.79252952886065,1.0
7,1056,15.6716317934778,126.06148702845297,10.6716317934778,121.06148702845297,20.6716317934778,131.06148702845297,1.0
7,1057,15.752952141775609,125.65617905322017,10.752952141775609,120.65617905322017,20.75295214177561,130.65617905322017,1.0
7,1058,16.35295254989809,124.31141851890916,11.352952549898092,119.31141851890916,21.35295254989809,129.31141851890916,1.0
7,1059,16.999720622219996,124.20253636591652,11.999720622219996,119.20253636591652,21.999720622219996,129.2025363659165,1.0
7,1060,17.631733103188687,122.80766654407665,12.631733103188687,117.80766654407665,22.631733103188687,127.80766654407665,1.0
7,1061,18.51306973851181,121.6914676905659,13.51306973851181,116.6914676905659,23.51306973851181,126.6914676905659,1.0
7,1062,19.441499130749115,120.98351627255053,14.441499130749115,115.98351627255053,24.441499130749115,125.98351627255053,1.0
7,1063,20.080818665734725,120.37877010561722,15.080818665734725,115.37877010561722,25.080818665734725,125.37877010561722,1.0
7,1064,21.294715167568743,119.63601025669837,16.294715167568743,114.63601025669837,26.294715167568743,124.63601025669837,1.0
7,1065,22.0802831943065,119.89291198636796,17.0802831943065,114.89291198636796,27.0802831943065,124.89291198636796,1.0
7,1066,22.373946297281265,120.02314458667344,17.373946297281265,115.02314458667344,27.373946297281265,125.02314458667344,1.0
7,1067,22.79160066662409,120.04336580041016,17.79160066662409,115.04336580041016,27.79160066662409,125.04336580041016,1.0
7,1068,24.17864334753962,120.25592852376738,19.17864334753962,115.25592852376738,29.17864334753962,125.25592852376738,1.0
7,1069,24.386173868016957,121.37330946041132,19.386173868016957,116.37330946041132,29.386173868016957,126.37330946041132,1.0
7,1070,24.28790111647002,121.51012860344089,19.28790111647002,116.51012860344089,29.28790111647002,126.51012860344089,1.0
7,1071,24.44320939328999,122.57937039976534,19.44320939328999,117.57937039976534,29.44320939328999,127.57937039976534,1.0
7,1072,24.494432433850527,123.82801733086347,19.494432433850527,118.82801733086347,29.494432433850527,128.82801733086347,1.0
7,1073,23.686385741614423,124.21625047964123,18.686385741614423,119.21625047964123,28.686385741614423,129.21625047964125,1.0
7,1074,23.657876533199726,123.31148447008891,18.657876533199726,118.31148447008891,28.657876533199726,128.3114844700889,1.0
7,1075,23.66045189940171,122.06323784512671,18.66045189940171,117.06323784512671,28.66045189940171,127.06323784512671,1.0
7,1076,24.557904220123703,122.02870770882883,19.557904220123703,117.02870770882883,29.557904220123703,127.02870770882883,1.0
7,1077,26.308500299191117,121.56703912533531,21.308500299191117,116.56703912533531,31.308500299191117,126.56703912533531,1.0
7,1078,27.272297458583182,120.32758309951939,22.272297458583182,115.32758309951939,32.27229745858318,125.32758309951939,1.0
7,1079,27.37824331972233,119.18313454807421,22.37824331972233,114.18313454807421,32.37824331972233,124.18313454807421,1.0
7,1080,27.08955117893207,118.91240489463458,22.08955117893207,113.91240489463458,32.08955117893207,123.91240489463458,1.0
7,1081,27.089084626715305,119.01698647456362,22.089084626715305,114.01698647456362,32.089084626715305,124.01698647456362,1.0
7,1082,27.289717245806628,119.3875213317873,22.289717245806628,114.3875213317873,32.28971724580663,124.3875213317873,1.0
7,1083,27.064820742649495,119.28851824064671,22.064820742649495,114.28851824064671,32.064820742649495,124.28851824064671,1.0
7,1084,27.92529362135518,119.65462897401895,22.92529362135518,114.65462897401895,32.92529362135518,124.65462897401895,1.0
7,1085,28.340311006359183,119.79989396626377,23.340311006359183,114.79989396626377,33.34031100635919,124.79989396626377,1.0
7,1086,27.96145182114602,119.97290852294913,22.96145182114602,114.97290852294913,32.96145182114602,124.97290852294913,1.0
7,1087,27.755082614357836,119.03092060208519,22.755082614357836,114.03092060208519,32.75508261435783,124.03092060208519,1.0
7,1088,27.687500154035625,119.18710317737991,22.687500154035625,114.18710317737991,32.687500154035625,124.18710317737991,1.0
7,1089,27.007534240924464,119.59196283095429,22.007534240924464,114.59196283095429,32.007534240924464,124.59196283095429,1.0
7,1090,27.634519298807945,120.25515647831622,22.634519298807945,115.25515647831622,32.634519298807945,125.25515647831622,1.0
7,1091,26.990314300960996,120.14526400816257,21.990314300960996,115.14526400816257,31.990314300960996,125.14526400816257,1.0
7,1092,26.394331200265817,120.38551216347233,21.394331200265817,115.38551216347233,31.394331200265817,125.38551216347233,1.0
7,1093,25.865437455768017,120.00901703233669,20.865437455768017,115.00901703233669,30.865437455768017,125.00901703233669,1.0
7,1094,26.122915290647313,120.77862853324497,21.122915290647313,115.77862853324497,31.122915290647313,125.77862853324497,1.0
7,1095,26.20467350392964,120.61700873121278,21.20467350392964,115.61700873121278,31.20467350392964,125.61700873121278,1.0
7,1096,27.369676046899748,120.04399882547754,22.369676046899748,115.04399882547754,32.36967604689975,125.04399882547754,1.0
7,1097,27.822078544226084,119.09278691943837,22.822078544226084,114.09278691943837,32.82207854422609,124.09278691943837,1.0
7,1098,27.126203085093437,118.31203256051379,22.126203085093437,113.31203256051379,32.12620308509344,123.31203256051379,1.0
7,1099,26.58673889410979,118.66855942918798,21.58673889410979,113.66855942918798,31.58673889410979,123.66855942918798,1.0
7,1100,26.34571891891796,117.91694954197732,21.34571891891796,112.91694954197732,31.34571891891796,122.91694954197732,1.0
7,1101,26.794724798793965,116.98087835124507,21.794724798793965,111.98087835124507,31.794724798793965,121.98087835124507,1.0
7,1102,27.22501776175414,117.54838318723834,22.22501776175414,112.54838318723834,32.22501776175414,122.54838318723834,1.0
7,1103,27.73790323234259,117.63227392210231,22.73790323234259,112.63227392210231,32.73790323234259,122.63227392210231,1.0
7,1104,27.80082691367524,118.01518859283055,22.80082691367524,113.01518859283055,32.80082691367524,123.01518859283055,1.0
7,1105,25.966167167977822,117.92777322630391,20.966167167977822,112.92777322630391,30.966167167977822,122.92777322630391,1.0
7,1106,24.47042173803483,117.76369369264435,19.47042173803483,112.76369369264435,29.47042173803483,122.76369369264435,1.0
7,1107,23.630801322719414,117.43225157254398,18.630801322719414,112.43225157254398,28.630801322719414,122.43225157254398,1.0
7,1108,22.16481170024297,117.17772808584726,17.16481170024297,112.17772808584726,27.16481170024297,122.17772808584726,1.0
7,1109,20.951004671557524,117.61014441945692,15.951004671557524,112.61014441945692,25.951004671557524,122.61014441945692,1.0
7,1110,19.904209368463945,118.19823333730554,14.904209368463945,113.19823333730554,24.904209368463945,123.19823333730554,1.0
7,1111,19.838511505236838,118.7090887922401,14.838511505236838,113.7090887922401,24.838511505236838,123.7090887922401,1.0
7,1112,20.251445803622612,118.42613880707319,15.251445803622612,113.42613880707319,25.251445803622612,123.42613880707319,1.0
7,1113,20.069137940936756,117.44898953377678,15.069137940936756,112.44898953377678,25.069137940936756,122.44898953377678,1.0
7,1114,19.498113152064846,116.09433211121666,14.498113152064846,111.09433211121666,24.498113152064846,121.09433211121666,1.0
7,1115,19.403314862980636,115.05325383593468,14.403314862980636,110.05325383593468,24.403314862980636,120.05325383593468,1.0
7,1116,19.02525095636782,114.79184637023901,14.02525095636782,109.79184637023901,24.02525095636782,119.79184637023901,1.0
7,1117,19.001543006832684,113.96170114296295,14.001543006832684,108.96170114296295,24.001543006832684,118.96170114296295,1.0
7,1118,19.44514176562997,113.00931707315233,14.44514176562997,108.00931707315233,24.44514176562997,118.00931707315233,1.0
7,1119,19.349720284254552,113.04695544950404,14.349720284254552,108.04695544950404,24.349720284254552,118.04695544950404,1.0
7,1120,19.199323332193295,113.28275563216226,14.199323332193295,108.28275563216226,24.199323332193295,118.28275563216226,1.0
7,1121,20.36883268129784,115.21402513051287,15.368832681297839,110.21402513051287,25.36883268129784,120.21402513051287,1.0
7,1122,21.658160610998536,116.19449947960369,16.658160610998536,111.19449947960369,26.658160610998536,121.19449947960369,1.0
7,1123,23.87852544799156,117.09968358343227,18.87852544799156,112.09968358343227,28.87852544799156,122.09968358343227,1.0
7,1124,24.422055900413113,117.13483058667798,19.422055900413113,112.13483058667798,29.422055900413113,122.13483058667798,1.0
7,1125,24.858570281237533,118.31049722098562,19.858570281237533,113.31049722098562,29.858570281237533,123.31049722098562,1.0
7,1126,25.26514007718835,119.2236137084839,20.26514007718835,114.2236137084839,30.26514007718835,124.2236137084839,1.0
7,1127,24.603978504494066,119.98124638569249,19.603978504494066,114.98124638569249,29.603978504494066,124.98124638569249,1.0
7,1128,23.82484763743299,119.54822629242533,18.82484763743299,114.54822629242533,28.82484763743299,124.54822629242533,1.0
7,1129,23.98511286380322,119.52861019817797,18.98511286380322,114.52861019817797,28.98511286380322,124.52861019817797,1.0
7,1130,23.1222604974516,119.64287823659325,18.1222604974516,114.64287823659325,28.1222604974516,124.64287823659325,1.0
7,1131,23.042097755992092,120.75640051608941,18.042097755992092,115.75640051608941,28.042097755992092,125.75640051608941,1.0
7,1132,23.344915822315052,121.20864971870989,18.344915822315052,116.20864971870989,28.344915822315052,126.20864971870989,1.0
7,1133,23.280162784086393,122.48338939994665,18.280162784086393,117.48338939994665,28.280162784086393,127.48338939994665,1.0
7,1134,22.415706019894685,122.04201922758568,17.415706019894685,117.04201922758568,27.415706019894685,127.04201922758568,1.0
7,1135,22.228562768763865,122.02646661161985,17.228562768763865,117.02646661161985,27.228562768763865,127.02646661161985,1.0
7,1136,21.91953824416054,121.62449889609258,16.91953824416054,116.62449889609258,26.91953824416054,126.62449889609258,1.0
7,1137,22.466359758501568,123.2236537780505,17.466359758501568,118.2236537780505,27.466359758501568,128.2236537780505,1.0
7,1138,21.948225435422053,125.43495295786201,16.948225435422053,120.43495295786201,26.948225435422053,130.434952957862,1.0
7,1139,22.159630626676538,126.51532290646841,17.159630626676538,121.51532290646841,27.159630626676538,131.5153229064684,1.0
7,1140,21.51464043173173,127.68193949407014,16.51464043173173,122.68193949407014,26.51464043173173,132.68193949407015,1.0
7,1141,20.886815384429248,129.34124353312555,15.886815384429248,124.34124353312555,25.886815384429248,134.34124353312555,1.0
7,1142,20.00341347730121,130.7290278668951,15.003413477301208,125.72902786689511,25.00341347730121,135.7290278668951,1.0
7,1143,19.562415187941447,131.35228098443028,14.562415187941447,126.35228098443028,24.562415187941447,136.35228098443028,1.0
7,1144,20.189149071600635,131.83616918708952,15.189149071600635,126.83616918708952,25.189149071600635,136.83616918708952,1.0
7,1145,21.269751840209526,132.13370500611055,16.269751840209526,127.13370500611055,26.269751840209526,137.13370500611055,1.0
7,1146,22.006067791468123,132.8166513869978,17.006067791468123,127.81665138699779,27.006067791468123,137.8166513869978,1.0
7,1147,22.454218067561456,134.64359038540536,17.454218067561456,129.64359038540536,27.454218067561456,139.64359038540536,1.0
7,1148,21.837986769845262,135.65850922250507,16.837986769845262,130.65850922250507,26.837986769845262,140.65850922250507,1.0
7,1149,22.120151392337718,136.42179605212831,17.120151392337718,131.42179605212831,27.120151392337718,141.42179605212831,1.0
7,1150,22.07281051290044,136.72785138444408,17.07281051290044,131.72785138444408,27.07281051290044,141.72785138444408,1.0
7,1151,21.645368967259614,136.57980654788147,16.645368967259614,131.57980654788147,26.645368967259614,141.57980654788147,1.0
7,1152,20.743236482646942,137.1889390303549,15.743236482646942,132.1889390303549,25.743236482646942,142.1889390303549,1.0
7,1153,20.319382445949593,138.1436211472231,15.319382445949593,133.1436211472231,25.319382445949593,143.1436211472231,1.0
7,1154,19.774239746704765,137.56071796935956,14.774239746704765,132.56071796935956,24.774239746704765,142.56071796935956,1.0
7,1155,19.435211536848847,137.44625794235873,14.435211536848847,132.44625794235873,24.435211536848847,142.44625794235873,1.0
7,1156,20.062474210903197,137.2468985005868,15.062474210903197,132.2468985005868,25.062474210903197,142.2468985005868,1.0
7,1157,19.596757822164378,137.583015649573,14.596757822164378,132.583015649573,24.596757822164378,142.583015649573,1.0
7,1158,20.263384816652614,137.0803459929312,15.263384816652614,132.0803459929312,25.263384816652614,142.0803459929312,1.0
7,1159,22.32172582480107,136.215239849948,17.32172582480107,131.215239849948,27.32172582480107,141.215239849948,1.0
7,1160,23.286558551750566,136.31705061539787,18.286558551750566,131.31705061539787,28.286558551750566,141.31705061539787,1.0
7,1161,23.73798430810463,135.19500681630254,18.73798430810463,130.19500681630254,28.73798430810463,140.19500681630254,1.0
7,1162,24.426176956056914,135.28211916573161,19.426176956056914,130.28211916573161,29.426176956056914,140.28211916573161,1.0
7,1163,24.609586796011055,135.90158964104842,19.609586796011055,130.90158964104842,29.609586796011055,140.90158964104842,1.0
7,1164,24.635503025544985,137.12734255538265,19.635503025544985,132.12734255538265,29.635503025544985,142.12734255538265,1.0
7,1165,23.915053737925515,137.32344481559159,18.915053737925515,132.32344481559159,28.915053737925515,142.32344481559159,1.0
7,1166,23.185893999843508,137.7252273500148,18.185893999843508,132.7252273500148,28.185893999843508,142.7252273500148,1.0
7,1167,22.879236371394903,137.8143938793434,17.879236371394903,132.8143938793434,27.879236371394903,142.8143938793434,1.0
7,1168,22.541863239479376,139.02553152650214,17.541863239479376,134.02553152650214,27.541863239479376,144.02553152650214,1.0
7,1169,22.703483240259136,139.01719400250772,17.703483240259136,134.01719400250772,27.703483240259136,144.01719400250772,1.0
7,1170,23.05837213962194,138.71484151417297,18.05837213962194,133.71484151417297,28.05837213962194,143.71484151417297,1.0
7,1171,21.890750450437356,139.2190198444323,16.890750450437356,134.2190198444323,26.890750450437356,144.2190198444323,1.0
7,1172,21.386548360363513,139.43691135564458,16.386548360363513,134.43691135564458,26.386548360363513,144.43691135564458,1.0
7,1173,20.868494030356956,140.0225127133211,15.868494030356956,135.0225127133211,25.868494030356956,145.0225127133211,1.0
7,1174,20.54773914556157,140.12617916472254,15.547739145561572,135.12617916472254,25.54773914556157,145.12617916472254,1.0
7,1175,20.657443357794797,140.49834552824072,15.657443357794797,135.49834552824072,25.657443357794797,145.49834552824072,1.0
7,1176,21.21227793939454,140.99507666034899,16.21227793939454,135.99507666034899,26.21227793939454,145.99507666034899,1.0
7,1177,21.283579200887186,140.77401635984765,16.283579200887186,135.77401635984765,26.283579200887186,145.77401635984765,1.0
7,1178,22.122056159224456,140.13881789168656,17.122056159224456,135.13881789168656,27.122056159224456,145.13881789168656,1.0
7,1179,22.02422204045756,139.13343912482785,17.02422204045756,134.13343912482785,27.02422204045756,144.13343912482785,1.0
7,1180,21.428558646619464,137.83506514366306,16.428558646619464,132.83506514366306,26.428558646619464,142.83506514366306,1.0
7,1181,20.931361023468988,137.39596965409976,15.931361023468988,132.39596965409976,25.931361023468988,142.39596965409976,1.0
7,1182,20.80479696165031,137.05234630859675,15.804796961650311,132.05234630859675,25.80479696165031,142.05234630859675,1.0
7,1183,20.80279158431153,137.53207753691188,15.802791584311532,132.53207753691188,25.80279158431153,142.53207753691188,1.0
7,1184,19.92975071289262,137.60486782064015,14.92975071289262,132.60486782064015,24.92975071289262,142.60486782064015,1.0
7,1185,18.673904732020617,137.82003409236157,13.673904732020617,132.82003409236157,23.673904732020617,142.82003409236157,1.0
7,1186,16.7791680025079,138.3273287691983,11.779168002507902,133.3273287691983,21.7791680025079,143.3273287691983,1.0
7,1187,14.853582340758262,137.68775587292785,9.853582340758262,132.68775587292785,19.853582340758262,142.68775587292785,1.0
7,1188,14.041749592370035,137.67046292507501,9.041749592370035,132.67046292507501,19.041749592370035,142.67046292507501,1.0
7,1189,13.537472881414882,136.78912451910395,8.537472881414882,131.78912451910395,18.53747288141488,141.78912451910395,1.0
7,1190,14.159750840951503,135.79983896187434,9.159750840951503,130.79983896187434,19.159750840951503,140.79983896187434,1.0
7,1191,14.791319973822096,135.51561270336148,9.791319973822096,130.51561270336148,19.791319973822098,140.51561270336148,1.0
7,1192,14.292987216008934,135.3045678608809,9.292987216008934,130.3045678608809,19.29298721600893,140.3045678608809,1.0
7,1193,12.592044476123595,135.3349316495637,7.592044476123595,130.3349316495637,17.592044476123597,140.3349316495637,1.0
7,1194,10.524648153565785,134.97689662894618,5.524648153565785,129.97689662894618,15.524648153565785,139.97689662894618,1.0
7,1195,9.919329691122396,135.37750917387947,4.919329691122396,130.37750917387947,14.919329691122396,140.37750917387947,1.0
7,1196,10.329241127604465,136.4200687514105,5.329241127604465,131.4200687514105,15.329241127604465,141.4200687514105,1.0
7,1197,9.998710716878914,136.77476886644365,4.998710716878914,131.77476886644365,14.998710716878914,141.77476886644365,1.0
7,1198,10.75279813849322,137.146513148225,5.752798138493221,132.146513148225,15.75279813849322,142.146513148225,1.0
7,1199,10.162668225164214,137.397779280575,5.162668225164214,132.397779280575,15.162668225164214,142.397779280575,1.0
7,1200,10.068450261862605,138.10066267199255,5.068450261862605,133.10066267199255,15.068450261862605,143.10066267199255,1.0
7,1201,8.614865992956167,138.31295362615933,3.614865992956167,133.31295362615933,13.614865992956167,143.31295362615933,1.0
7,1202,6.95977602674509,138.37355508405247,1.9597760267450903,133.37355508405247,11.95977602674509,143.37355508405247,1.0
7,1203,5.885816744115932,138.14898475871533,0.8858167441159317,133.14898475871533,10.885816744115932,143.14898475871533,1.0
7,1204,6.617383998945039,137.29569899255569,1.617383998945039,132.29569899255569,11.617383998945039,142.29569899255569,1.0
7,1205,6.73365542337167,135.66618858785924,1.73365542337167,130.66618858785924,11.733655423371669,140.66618858785924,1.0
7,1206,7.349217405637438,134.55291579446646,2.3492174056374377,129.55291579446646,12.349217405637438,139.55291579446646,1.0
7,1207,8.32934827311244,133.75562975695624,3.3293482731124406,128.75562975695624,13.32934827311244,138.75562975695624,1.0
7,1208,8.672240924810737,133.97245375182098,3.672240924810737,128.97245375182098,13.672240924810737,138.97245375182098,1.0
7,1209,8.755907246176902,134.40908679825984,3.7559072461769016,129.40908679825984,13.755907246176902,139.40908679825984,1.0
7,1210,9.678948272975498,135.01568637794043,4.678948272975498,130.01568637794043,14.678948272975498,140.01568637794043,1.0
7,1211,9.23721869998268,135.79161995710442,4.23721869998268,130.79161995710442,14.23721869998268,140.79161995710442,1.0
7,1212,8.52105861627605,135.866401450475,3.5210586162760507,130.866401450475,13.52105861627605,140.866401450475,1.0
7,1213,9.057565009285726,135.0050450694085,4.057565009285726,130.0050450694085,14.057565009285726,140.0050450694085,1.0
7,1214,9.1682179624607,134.22809508179967,4.1682179624607,129.22809508179967,14.1682179624607,139.22809508179967,1.0
7,1215,9.912280846942757,134.7095705747657,4.912280846942757,129.7095705747657,14.912280846942757,139.7095705747657,1.0
7,1216,10.684053872831075,133.90684143639672,5.684053872831075,128.90684143639672,15.684053872831075,138.90684143639672,1.0
7,1217,11.089787274269836,133.41383437912617,6.0897872742698365,128.41383437912617,16.08978727426984,138.41383437912617,1.0
7,1218,11.368081302308147,132.01759023989118,6.368081302308147,127.01759023989118,16.36808130230815,137.01759023989118,1.0
7,1219,11.435430695941605,130.74867332780246,6.435430695941605,125.74867332780246,16.435430695941605,135.74867332780246,1.0
7,1220,11.39714536696375,129.55506939237247,6.39714536696375,124.55506939237247,16.39714536696375,134.55506939237247,1.0
7,1221,10.772917437942858,129.10913242720807,5.7729174379428585,124.10913242720807,15.772917437942858,134.10913242720807,1.0
7,1222,10.743860522162924,129.1518478313442,5.743860522162924,124.15184783134421,15.743860522162924,134.1518478313442,1.0
7,1223,10.989355391429614,128.7891264690216,5.989355391429614,123.7891264690216,15.989355391429614,133.7891264690216,1.0
7,1224,11.552232384573525,129.26748823359904,6.552232384573525,124.26748823359904,16.552232384573525,134.26748823359904,1.0
7,1225,12.076573636913846,129.3124157321025,7.076573636913846,124.3124157321025,17.076573636913846,134.3124157321025,1.0
7,1226,11.983316886760841,129.6557751034308,6.983316886760841,124.65577510343081,16.98331688676084,134.6557751034308,1.0
7,1227,11.380981325949108,129.9297326707737,6.380981325949108,124.92973267077369,16.380981325949108,134.9297326707737,1.0
7,1228,11.71714197127112,130.73367788636557,6.71714197127112,125.73367788636557,16.71714197127112,135.73367788636557,1.0
7,1229,11.733988214127251,131.07758282500927,6.733988214127251,126.07758282500927,16.73398821412725,136.07758282500927,1.0
7,1230,11.866510425370606,130.51922475908722,6.866510425370606,125.51922475908722,16.866510425370606,135.51922475908722,1.0
7,1231,12.998456375827422,129.6103510060431,7.998456375827422,124.61035100604309,17.998456375827423,134.6103510060431,1.0
7,1232,14.362110543746681,129.0375076511205,9.362110543746681,124.0375076511205,19.36211054374668,134.0375076511205,1.0
7,1233,16.40523840855018,129.58458771692747,11.40523840855018,124.58458771692747,21.40523840855018,134.58458771692747,1.0
7,1234,17.8643142879293,128.89048887119313,12.8643142879293,123.89048887119313,22.8643142879293,133.89048887119313,1.0
7,1235,18.85308861208807,127.75050444448789,13.853088612088069,122.75050444448789,23.85308861208807,132.7505044444879,1.0
7,1236,19.632695540267044,126.57775671983596,14.632695540267044,121.57775671983596,24.632695540267044,131.57775671983597,1.0
7,1237,20.381763606291663,124.86838678218307,15.381763606291663,119.86838678218307,25.381763606291663,129.86838678218305,1.0
7,1238,19.871127267307354,122.86816757830405,14.871127267307354,117.86816757830405,24.871127267307354,127.86816757830405,1.0
7,1239,19.23689410471929,121.90672086388335,14.23689410471929,116.90672086388335,24.23689410471929,126.90672086388335,1.0
7,1240,19.351042470597875,121.2508989220745,14.351042470597875,116.2508989220745,24.351042470597875,126.2508989220745,1.0
7,1241,19.93234420026885,121.01680814323927,14.932344200268851,116.01680814323927,24.93234420026885,126.01680814323927,1.0
7,1242,20.081762161991087,121.11339305524393,15.081762161991087,116.11339305524393,25.081762161991087,126.11339305524393,1.0
7,1243,19.93005205243592,120.54061353153688,14.930052052435919,115.54061353153688,24.93005205243592,125.54061353153688,1.0
7,1244,19.326822405607658,120.13521808788,14.326822405607658,115.13521808788,24.326822405607658,125.13521808788,1.0
7,1245,19.9237764408836,120.65411705542866,14.9237764408836,115.65411705542866,24.9237764408836,125.65411705542866,1.0
7,1246,20.33912253855796,121.52312484800589,15.339122538557959,116.52312484800589,25.33912253855796,126.52312484800589,1.0
7,1247,20.968328111232168,122.00341513055326,15.968328111232168,117.00341513055326,25.968328111232168,127.00341513055326,1.0
7,1248,21.452052475311177,122.6624981105899,16.452052475311177,117.6624981105899,26.452052475311177,127.6624981105899,1.0
7,1249,22.172619487400567,122.71003593389624,17.172619487400567,117.71003593389624,27.172619487400567,127.71003593389624,1.0
7,1250,22.574219071097016,122.21156919770152,17.574219071097016,117.21156919770152,27.574219071097016,127.21156919770152,1.0
7,1251,22.86080096907123,121.41080975983135,17.86080096907123,116.41080975983135,27.86080096907123,126.41080975983135,1.0
7,1252,22.226494129373346,119.79566285295742,17.226494129373346,114.79566285295742,27.226494129373346,124.79566285295742,1.0
7,1253,21.197653803571228,119.06107063889918,16.197653803571228,114.06107063889918,26.197653803571228,124.06107063889918,1.0
7,1254,21.232500108954582,118.50098284552148,16.232500108954582,113.50098284552148,26.232500108954582,123.50098284552148,1.0
7,1255,22.285404924631063,119.45675422397457,17.285404924631063,114.45675422397457,27.285404924631063,124.45675422397457,1.0
7,1256,22.75538522198692,121.09978556704965,17.75538522198692,116.09978556704965,27.75538522198692,126.09978556704965,1.0
7,1257,23.86045857848467,122.60564805806938,18.86045857848467,117.60564805806938,28.86045857848467,127.60564805806938,1.0
7,1258,24.538636319549152,123.28008614243635,19.538636319549152,118.28008614243635,29.538636319549152,128.28008614243635,1.0
7,1259,23.975659302000192,122.2143371447704,18.975659302000192,117.2143371447704,28.975659302000192,127.2143371447704,1.0
7,1260,23.915740492498784,121.27063582262844,18.915740492498784,116.27063582262844,28.915740492498784,126.27063582262844,1.0
7,1261,23.7151384080931,120.50391256177107,18.7151384080931,115.50391256177107,28.7151384080931,125.50391256177107,1.0
7,1262,24.125440345286556,120.15751083567766,19.125440345286556,115.15751083567766,29.125440345286556,125.15751083567766,1.0
7,1263,23.979789667649044,119.5834853933538,18.979789667649044,114.5834853933538,28.979789667649044,124.5834853933538,1.0
7,1264,23.086060018458166,119.15305022234641,18.086060018458166,114.15305022234641,28.086060018458166,124.15305022234641,1.0
7,1265,22.82168944051483,118.97860830501182,17.82168944051483,113.97860830501182,27.82168944051483,123.97860830501182,1.0
7,1266,22.243862265318814,118.82081910639543,17.243862265318814,113.82081910639543,27.243862265318814,123.82081910639543,1.0
7,1267,22.072383072029933,118.32090125277162,17.072383072029933,113.32090125277162,27.072383072029933,123.32090125277162,1.0
7,1268,22.112659047965145,117.79861656735022,17.112659047965145,112.79861656735022,27.112659047965145,122.79861656735022,1.0
7,1269,22.82531405995438,117.77734383993344,17.82531405995438,112.77734383993344,27.82531405995438,122.77734383993344,1.0
7,1270,23.486697311081414,118.0976009930709,18.486697311081414,113.0976009930709,28.486697311081414,123.0976009930709,1.0
7,1271,24.18477071583588,117.91429116119643,19.18477071583588,112.91429116119643,29.18477071583588,122.91429116119643,1.0
7,1272,25.421780914881644,117.49413062917435,20.421780914881644,112.49413062917435,30.421780914881644,122.49413062917435,1.0
7,1273,26.844148966155025,116.75686201149709,21.844148966155025,111.75686201149709,31.844148966155025,121.75686201149709,1.0
7,1274,28.638382338913107,115.62845638279943,23.638382338913107,110.62845638279943,33.638382338913104,120.62845638279943,1.0
7,1275,30.230461443303522,115.28440997430958,25.230461443303522,110.28440997430958,35.230461443303525,120.28440997430958,1.0
7,1276,31.50338600388672,115.28248650038731,26.50338600388672,110.28248650038731,36.50338600388672,120.28248650038731,1.0
7,1277,32.14005716657171,115.64727361231209,27.140057166571708,110.64727361231209,37.14005716657171,120.64727361231209,1.0
7,1278,32.639800391148114,116.09343507597679,27.639800391148114,111.09343507597679,37.639800391148114,121.09343507597679,1.0
7,1279,33.6585294703948,116.88705958655359,28.658529470394797,111.88705958655359,38.6585294703948,121.88705958655359,1.0
7,1280,34.95902517361949,117.57278544899005,29.959025173619487,112.57278544899005,39.95902517361949,122.57278544899005,1.0
7,1281,35.99432294527187,118.38606052696417,30.99432294527187,113.38606052696417,40.99432294527187,123.38606052696417,1.0
7,1282,36.06842660047367,119.95046546560232,31.06842660047367,114.95046546560232,41.06842660047367,124.95046546560232,1.0
7,1283,36.99089256904957,120.60101674065865,31.99089256904957,115.60101674065865,41.99089256904957,125.60101674065865,1.0
7,1284,37.81613333165717,121.0044263233957,32.81613333165717,116.0044263233957,42.81613333165717,126.0044263233957,1.0
7,1285,39.317811927747414,120.50941599147947,34.317811927747414,115.50941599147947,44.317811927747414,125.50941599147947,1.0
7,1286,40.56144213940162,121.05948474056228,35.56144213940162,116.05948474056228,45.56144213940162,126.05948474056228,1.0
7,1287,41.5209727356454,121.02162156050878,36.5209727356454,116.02162156050878,46.5209727356454,126.02162156050878,1.0
7,1288,42.883237603183815,121.02189706874591,37.883237603183815,116.02189706874591,47.883237603183815,126.02189706874591,1.0
7,1289,44.059432295965635,121.00275104515283,39.059432295965635,116.00275104515283,49.059432295965635,126.00275104515283,1.0
7,1290,43.812347889453086,120.2420724104961,38.812347889453086,115.2420724104961,48.812347889453086,125.2420724104961,1.0
7,1291,44.1009679943096,121.11157806724168,39.1009679943096,116.11157806724168,49.1009679943096,126.11157806724168,1.0
7,1292,43.83875999692843,121.6527556766282,38.83875999692843,116.6527556766282,48.83875999692843,126.6527556766282,1.0
7,1293,44.21630376394338,121.5912812184313,39.21630376394338,116.5912812184313,49.21630376394338,126.5912812184313,1.0
7,1294,44.043959488035085,121.34292620324906,39.043959488035085,116.34292620324906,49.043959488035085,126.34292620324906,1.0
7,1295,44.15036079576575,120.77247524826835,39.15036079576575,115.77247524826835,49.15036079576575,125.77247524826835,1.0
7,1296,44.58772743530821,120.23672659004282,39.58772743530821,115.23672659004282,49.58772743530821,125.23672659004282,1.0
7,1297,43.440875506224,119.62798244946818,38.440875506224,114.62798244946818,48.440875506224,124.62798244946818,1.0
7,1298,43.661361837778344,119.08339134646383,38.661361837778344,114.08339134646383,48.661361837778344,124.08339134646383,1.0
7,1299,44.32146528903365,117.97660482275919,39.32146528903365,112.97660482275919,49.32146528903365,122.97660482275919,1.0
7,1300,46.224055603626816,118.50510148211545,41.224055603626816,113.50510148211545,51.224055603626816,123.50510148211545,1.0
7,1301,47.53142517541242,119.3190335844735,42.53142517541242,114.3190335844735,52.53142517541242,124.3190335844735,1.0
7,1302,49.098065591930464,119.13541968206562,44.098065591930464,114.13541968206562,54.098065591930464,124.13541968206562,1.0
7,1303,50.36360693460577,119.14526003178196,45.36360693460577,114.14526003178196,55.36360693460577,124.14526003178196,1.0
7,1304,51.16690974855751,119.22401225832131,46.16690974855751,114.22401225832131,56.16690974855751,124.22401225832131,1.0
7,1305,52.78527649201992,119.40739152747926,47.78527649201992,114.40739152747926,57.78527649201992,124.40739152747926,1.0
7,1306,54.23836289291543,119.3407235976176,49.23836289291543,114.3407235976176,59.23836289291543,124.3407235976176,1.0
7,1307,55.68640446444926,119.18896274386906,50.68640446444926,114.18896274386906,60.68640446444926,124.18896274386906,1.0
7,1308,57.28676737347619,120.72392721838747,52.28676737347619,115.72392721838747,62.28676737347619,125.72392721838747,1.0
7,1309,57.80013776936462,121.62346412982646,52.80013776936462,116.62346412982646,62.80013776936462,126.62346412982646,1.0
7,1310,58.63477918155171,122.68728572811303,53.63477918155171,117.68728572811303,63.63477918155171,127.68728572811303,1.0
7,1311,59.50190561828682,122.77907535449764,54.50190561828682,117.77907535449764,64.50190561828683,127.77907535449764,1.0
7,1312,59.480144509823454,123.0884857822962,54.480144509823454,118.0884857822962,64.48014450982345,128.0884857822962,1.0
7,1313,60.15231760081987,124.4857002844715,55.15231760081987,119.4857002844715,65.15231760081987,129.4857002844715,1.0
7,1314,60.7860400776805,125.66833946110215,55.7860400776805,120.66833946110215,65.7860400776805,130.66833946110216,1.0
7,1315,61.34246030305857,126.95920366224715,56.34246030305857,121.95920366224715,66.34246030305857,131.95920366224715,1.0
7,1316,61.4155150787091,128.40832184038328,56.4155150787091,123.40832184038328,66.41551507870909,133.40832184038328,1.0
7,1317,61.362007808656266,128.30393509202798,56.362007808656266,123.30393509202798,66.36200780865627,133.30393509202798,1.0
7,1318,61.377397663802405,129.282961328427,56.377397663802405,124.282961328427,66.37739766380241,134.282961328427,1.0
7,1319,62.18265930786598,129.24307225300822,57.18265930786598,124.24307225300822,67.18265930786598,134.24307225300822,1.0
7,1320,64.33028029514483,129.45625848659492,59.33028029514483,124.45625848659492,69.33028029514483,134.45625848659492,1.0
7,1321,66.42754954101483,129.79492645415425,61.42754954101483,124.79492645415425,71.42754954101483,134.79492645415425,1.0
7,1322,66.91552252855041,130.41459462762415,61.91552252855041,125.41459462762415,71.91552252855041,135.41459462762415,1.0
7,1323,67.02738511338423,131.5338382550846,62.02738511338423,126.53383825508459,72.02738511338423,136.5338382550846,1.0
7,1324,66.83803096481783,131.07271857283877,61.83803096481783,126.07271857283877,71.83803096481783,136.07271857283877,1.0
7,1325,67.13261914052062,130.2953367875369,62.13261914052062,125.29533678753691,72.13261914052062,135.2953367875369,1.0
7,1326,67.17396479208975,130.12053073013598,62.17396479208975,125.12053073013598,72.17396479208975,135.12053073013598,1.0
7,1327,68.29521488594372,128.81607964220626,63.29521488594372,123.81607964220626,73.29521488594372,133.81607964220626,1.0
7,1328,68.37300032548059,128.84303390067907,63.37300032548059,123.84303390067907,73.37300032548059,133.84303390067907,1.0
7,1329,68.5491096892463,129.51876684402998,63.54910968924629,124.51876684402998,73.5491096892463,134.51876684402998,1.0
7,1330,68.8153194606743,128.8018128962781,63.8153194606743,123.80181289627811,73.8153194606743,133.8018128962781,1.0
7,1331,68.9069532920006,128.9333821155611,63.906953292000594,123.9333821155611,73.9069532920006,133.9333821155611,1.0
7,1332,69.05745359934289,128.53130895139105,64.05745359934289,123.53130895139105,74.05745359934289,133.53130895139105,1.0
7,1333,68.35933751440433,128.35181278795014,63.35933751440433,123.35181278795014,73.35933751440433,133.35181278795014,1.0
7,1334,67.69838703099447,127.93657721088327,62.69838703099447,122.93657721088327,72.69838703099447,132.93657721088329,1.0
7,1335,67.19391054244912,127.15100879617802,62.19391054244912,122.15100879617802,72.19391054244912,132.15100879617802,1.0
7,1336,66.33287979282194,125.67891419586391,61.33287979282194,120.67891419586391,71.33287979282194,130.6789141958639,1.0
7,1337,66.37361015912862,125.21307958847208,61.37361015912862,120.21307958847208,71.37361015912862,130.21307958847208,1.0
7,1338,67.96705311127869,125.54435522368027,62.96705311127869,120.54435522368027,72.96705311127869,130.54435522368027,1.0
7,1339,68.68497603347258,125.83351789742221,63.68497603347258,120.83351789742221,73.68497603347258,130.8335178974222,1.0
7,1340,69.20190651454851,126.00997665618031,64.20190651454851,121.00997665618031,74.20190651454851,131.0099766561803,1.0
7,1341,69.37955478938599,126.46991608933864,64.37955478938599,121.46991608933864,74.37955478938599,131.46991608933865,1.0
7,1342,68.66962702021222,127.23859266455813,63.66962702021222,122.23859266455813,73.66962702021222,132.23859266455813,1.0
7,1343,68.05767845708519,127.16815893745618,63.05767845708519,122.16815893745618,73.05767845708519,132.16815893745618,1.0
7,1344,67.45771686703263,126.8654200455891,62.45771686703263,121.8654200455891,72.45771686703263,131.8654200455891,1.0
7,1345,66.74426594413646,126.26329048608949,61.74426594413646,121.26329048608949,71.74426594413646,131.2632904860895,1.0
7,1346,66.39463523130274,125.92400558478701,61.39463523130274,120.92400558478701,71.39463523130274,130.924005584787,1.0
7,1347,65.69059448581532,125.79044093948193,60.690594485815325,120.79044093948193,70.69059448581532,130.79044093948193,1.0
7,1348,66.63183630946226,125.41672488051347,61.63183630946226,120.41672488051347,71.63183630946226,130.41672488051347,1.0
7,1349,67.33605403982406,125.45150825015655,62.33605403982406,120.45150825015655,72.33605403982406,130.45150825015656,1.0
7,1350,68.21923407085414,126.09513603721439,63.21923407085414,121.09513603721439,73.21923407085414,131.0951360372144,1.0
7,1351,69.77497405518349,126.79978031790411,64.77497405518349,121.79978031790411,74.77497405518349,131.7997803179041,1.0
7,1352,70.5808375115806,127.19560371043335,65.5808375115806,122.19560371043335,75.5808375115806,132.19560371043335,1.0
7,1353,70.62631281912148,125.74912270531564,65.62631281912148,120.74912270531564,75.62631281912148,130.74912270531564,1.0
7,1354,70.00974382392485,125.67394525035891,65.00974382392485,120.67394525035891,75.00974382392485,130.6739452503589,1.0
7,1355,69.90266185981554,128.00435531168287,64.90266185981554,123.00435531168287,74.90266185981554,133.00435531168287,1.0
7,1356,70.12211911219191,129.64318058796556,65.12211911219191,124.64318058796556,75.12211911219191,134.64318058796556,1.0
7,1357,70.92254308681704,131.58245507837412,65.92254308681704,126.58245507837412,75.92254308681704,136.58245507837412,1.0
7,1358,72.09251050092878,132.1936722576856,67.09251050092878,127.19367225768559,77.09251050092878,137.1936722576856,1.0
7,1359,72.9206882353769,132.9371359380492,67.9206882353769,127.93713593804921,77.9206882353769,137.9371359380492,1.0
7,1360,74.07833916382012,132.72271537508286,69.07833916382012,127.72271537508286,79.07833916382012,137.72271537508286,1.0
7,1361,75.48772983905819,131.44730881724396,70.48772983905819,126.44730881724396,80.48772983905819,136.44730881724396,1.0
7,1362,77.25057910871429,131.01483223641526,72.25057910871429,126.01483223641526,82.25057910871429,136.01483223641526,1.0
7,1363,78.82467098007201,131.01237737265075,73.82467098007201,126.01237737265075,83.82467098007201,136.01237737265075,1.0
7,1364,79.62100340973466,130.69855891952574,74.62100340973466,125.69855891952574,84.62100340973466,135.69855891952574,1.0
7,1365,79.55649360793447,131.3294806786453,74.55649360793447,126.3294806786453,84.55649360793447,136.3294806786453,1.0
7,1366,80.30264971663506,132.03159221286663,75.30264971663506,127.03159221286663,85.30264971663506,137.03159221286663,1.0
7,1367,81.73108866670655,132.06027194346115,76.73108866670655,127.06027194346115,86.73108866670655,137.06027194346115,1.0
7,1368,81.91346838806102,132.32783169651864,76.91346838806102,127.32783169651864,86.91346838806102,137.32783169651864,1.0
7,1369,81.53814369620241,131.9493414645793,76.53814369620241,126.9493414645793,86.53814369620241,136.9493414645793,1.0
7,1370,82.25330582005873,130.90363152232192,77.25330582005873,125.90363152232192,87.25330582005873,135.90363152232192,1.0
7,1371,81.45800544608605,130.62439766964695,76.45800544608605,125.62439766964695,86.45800544608605,135.62439766964695,1.0
7,1372,81.33046190181635,130.70135982315384,76.33046190181635,125.70135982315384,86.33046190181635,135.70135982315384,1.0
7,1373,81.27704981860329,130.4155104856214,76.27704981860329,125.41551048562141,86.27704981860329,135.4155104856214,1.0
7,1374,81.8198913006267,130.6689402758466,76.8198913006267,125.66894027584661,86.8198913006267,135.6689402758466,1.0
7,1375,81.25402571669031,130.69806623532955,76.25402571669031,125.69806623532955,86.25402571669031,135.69806623532955,1.0
7,1376,80.30630433508378,130.48114491642667,75.30630433508378,125.48114491642667,85.30630433508378,135.48114491642667,1.0
7,1377,80.4020074228262,130.75912231050634,75.4020074228262,125.75912231050634,85.4020074228262,135.75912231050634,1.0
7,1378,80.08971595402234,131.3418287424009,75.08971595402234,126.3418287424009,85.08971595402234,136.3418287424009,1.0
7,1379,78.67452434756254,131.66866134800216,73.67452434756254,126.66866134800216,83.67452434756254,136.66866134800216,1.0
7,1380,77.25503882456317,132.81005747128532,72.25503882456317,127.81005747128532,82.25503882456317,137.81005747128532,1.0
7,1381,75.97662933065334,133.55015577961308,70.97662933065334,128.55015577961308,80.97662933065334,138.55015577961308,1.0
7,1382,75.11153618942272,134.22750330408417,70.11153618942272,129.22750330408417,80.11153618942272,139.22750330408417,1.0
7,1383,73.73603978019003,134.39037975663584,68.73603978019003,129.39037975663584,78.73603978019003,139.39037975663584,1.0
7,1384,73.52809704417041,134.52894940545798,68.52809704417041,129.52894940545798,78.52809704417041,139.52894940545798,1.0
7,1385,72.72432413550186,134.94783775323253,67.72432413550186,129.94783775323253,77.72432413550186,139.94783775323253,1.0
7,1386,72.10562848129754,135.5998676194916,67.10562848129754,130.5998676194916,77.10562848129754,140.5998676194916,1.0
7,1387,70.48788918910373,136.14634933638004,65.48788918910373,131.14634933638004,75.48788918910373,141.14634933638004,1.0
7,1388,69.0937515179128,137.82786174966992,64.0937515179128,132.82786174966992,74.0937515179128,142.82786174966992,1.0
7,1389,67.72607466772735,138.91611528271602,62.726074667727346,133.91611528271602,72.72607466772735,143.91611528271602,1.0
7,1390,68.23785032869881,138.27418118377287,63.23785032869881,133.27418118377287,73.23785032869881,143.27418118377287,1.0
7,1391,68.340916453554,137.8349581547793,63.340916453554,132.8349581547793,73.340916453554,142.8349581547793,1.0
7,1392,68.3034367707146,137.66831045647976,63.3034367707146,132.66831045647976,73.3034367707146,142.66831045647976,1.0
7,1393,69.27876618657172,138.40992753876773,64.27876618657172,133.40992753876773,74.27876618657172,143.40992753876773,1.0
7,1394,69.47443731209808,137.878982716889,64.47443731209808,132.878982716889,74.47443731209808,142.878982716889,1.0
7,1395,68.86926849180708,137.67542426139417,63.86926849180708,132.67542426139417,73.86926849180708,142.67542426139417,1.0
7,1396,67.58097802401446,137.83459445930916,62.580978024014456,132.83459445930916,72.58097802401446,142.83459445930916,1.0
7,1397,66.10388202107924,138.20025811820526,61.103882021079244,133.20025811820526,71.10388202107924,143.20025811820526,1.0
7,1398,65.33219816498135,138.59196226837835,60.33219816498135,133.59196226837835,70.33219816498135,143.59196226837835,1.0
7,1399,64.36931042583437,138.47039448418218,59.36931042583437,133.47039448418218,69.36931042583437,143.47039448418218,1.0
7,1400,65.91265665150127,137.75939189206542,60.912656651501266,132.75939189206542,70.91265665150127,142.75939189206542,1.0
7,1401,66.93381424220557,137.8341285820173,61.93381424220557,132.8341285820173,71.93381424220557,142.8341285820173,1.0
7,1402,68.10785521674681,138.29353000097552,63.10785521674681,133.29353000097552,73.10785521674681,143.29353000097552,1.0
7,1403,68.80638920459545,139.012669937249,63.80638920459545,134.012669937249,73.80638920459545,144.012669937249,1.0
7,1404,69.45342261722075,139.4446025509248,64.45342261722075,134.4446025509248,74.45342261722075,144.4446025509248,1.0
7,1405,70.09143376015368,140.8944337292921,65.09143376015368,135.8944337292921,75.09143376015368,145.8944337292921,1.0
7,1406,70.55004071173005,141.8916842371698,65.55004071173005,136.8916842371698,75.55004071173005,146.8916842371698,1.0
7,1407,71.23476750989494,142.8245183308822,66.23476750989494,137.8245183308822,76.23476750989494,147.8245183308822,1.0
7,1408,71.21549171927438,144.61205888222707,66.21549171927438,139.61205888222707,76.21549171927438,149.61205888222707,1.0
7,1409,70.90320995420407,145.48897315303253,65.90320995420407,140.48897315303253,75.90320995420407,150.48897315303253,1.0
7,1410,70.84683206894155,146.28644512550852,65.84683206894155,141.28644512550852,75.84683206894155,151.28644512550852,1.0
7,1411,71.9323916800848,146.65713226372492,66.9323916800848,141.65713226372492,76.9323916800848,151.65713226372492,1.0
7,1412,74.05049691393856,146.48395330023115,69.05049691393856,141.48395330023115,79.05049691393856,151.48395330023115,1.0
7,1413,74.08519086624943,146.05392839847144,69.08519086624943,141.05392839847144,79.08519086624943,151.05392839847144,1.0
7,1414,73.99926038110455,146.3436366524311,68.99926038110455,141.3436366524311,78.99926038110455,151.3436366524311,1.0
7,1415,73.62120061898224,146.2861253082042,68.62120061898224,141.2861253082042,78.62120061898224,151.2861253082042,1.0
7,1416,73.34008239338823,146.17562540396318,68.34008239338823,141.17562540396318,78.34008239338823,151.17562540396318,1.0
7,1417,73.05878321557486,145.6440833833565,68.05878321557486,140.6440833833565,78.05878321557486,150.6440833833565,1.0
7,1418,72.51582478136133,145.5267272759541,67.51582478136133,140.5267272759541,77.51582478136133,150.5267272759541,1.0
7,1419,72.39315781235625,145.14309431970827,67.39315781235625,140.14309431970827,77.39315781235625,150.14309431970827,1.0
7,1420,71.22632530904534,144.62290274445965,66.22632530904534,139.62290274445965,76.22632530904534,149.62290274445965,1.0
7,1421,69.14897040875532,144.34757543922063,64.14897040875532,139.34757543922063,74.14897040875532,149.34757543922063,1.0
7,1422,67.63059196719352,143.8178867677037,62.630591967193524,138.8178867677037,72.63059196719352,148.8178867677037,1.0
7,1423,66.53869626676388,144.52660574590732,61.53869626676388,139.52660574590732,71.53869626676388,149.52660574590732,1.0
7,1424,66.08164755889902,144.3663059361221,61.08164755889902,139.3663059361221,71.08164755889902,149.3663059361221,1.0
7,1425,66.2305683750593,144.59351104662952,61.230568375059306,139.59351104662952,71.2305683750593,149.59351104662952,1.0
7,1426,66.10143893176763,145.5312764115469,61.10143893176763,140.5312764115469,71.10143893176763,150.5312764115469,1.0
7,1427,66.08255765263479,146.13683215062318,61.08255765263479,141.13683215062318,71.08255765263479,151.13683215062318,1.0
7,1428,66.04674516031282,146.76502083466286,61.046745160312824,141.76502083466286,71.04674516031282,151.76502083466286,1.0
7,1429,66.08868110070992,146.1143781472214,61.08868110070992,141.1143781472214,71.08868110070992,151.1143781472214,1.0
7,1430,65.28280704404321,145.4722486015799,60.28280704404321,140.4722486015799,70.28280704404321,150.4722486015799,1.0
7,1431,64.46247436293638,145.72789498127557,59.462474362936376,140.72789498127557,69.46247436293638,150.72789498127557,1.0
7,1432,63.3829257680365,145.7469244012344,58.3829257680365,140.7469244012344,68.3829257680365,150.7469244012344,1.0
7,1433,62.33534342363734,145.6001021011298,57.33534342363734,140.6001021011298,67.33534342363734,150.6001021011298,1.0
7,1434,62.651626863717325,145.71542842077577,57.651626863717325,140.71542842077577,67.65162686371733,150.71542842077577,1.0
7,1435,63.41809330061375,145.97783670808178,58.41809330061375,140.97783670808178,68.41809330061375,150.97783670808178,1.0
7,1436,63.77951407420092,146.8315669029671,58.77951407420092,141.8315669029671,68.77951407420092,151.8315669029671,1.0
7,1437,62.964481032470125,147.1618091925717,57.964481032470125,142.1618091925717,67.96448103247013,152.1618091925717,1.0
7,1438,63.58731196943284,146.83683181606816,58.58731196943284,141.83683181606816,68.58731196943285,151.83683181606816,1.0
7,1439,63.72973149360973,146.67196522992347,58.72973149360973,141.67196522992347,68.72973149360973,151.67196522992347,1.0
7,1440,63.61839083507217,145.38281933905202,58.61839083507217,140.38281933905202,68.61839083507218,150.38281933905202,1.0
7,1441,63.323277110312524,144.4454766523294,58.323277110312524,139.4454766523294,68.32327711031252,149.4454766523294,1.0
7,1442,62.4530193664543,144.0469904047616,57.4530193664543,139.0469904047616,67.4530193664543,149.0469904047616,1.0
7,1443,61.765411809185295,142.55089148906544,56.765411809185295,137.55089148906544,66.7654118091853,147.55089148906544,1.0
7,1444,60.476325809110406,141.12159233395482,55.476325809110406,136.12159233395482,65.4763258091104,146.12159233395482,1.0
7,1445,59.668548678201496,140.60410871273453,54.668548678201496,135.60410871273453,64.66854867820149,145.60410871273453,1.0
7,1446,59.71700083054833,139.9796832506798,54.71700083054833,134.9796832506798,64.71700083054833,144.9796832506798,1.0
7,1447,59.314400807116634,139.9382339414795,54.314400807116634,134.9382339414795,64.31440080711664,144.9382339414795,1.0
7,1448,59.22542504274162,140.15608111659373,54.22542504274162,135.15608111659373,64.22542504274162,145.15608111659373,1.0
7,1449,59.823019433526035,140.54400368052598,54.823019433526035,135.54400368052598,64.82301943352604,145.54400368052598,1.0
7,1450,60.65562834303941,141.8326560550757,55.65562834303941,136.8326560550757,65.65562834303941,146.8326560550757,1.0
7,1451,62.493388569539476,143.06517167843046,57.493388569539476,138.06517167843046,67.49338856953948,148.06517167843046,1.0
7,1452,63.833162433862746,143.2420035999451,58.833162433862746,138.2420035999451,68.83316243386275,148.2420035999451,1.0
7,1453,65.03721003628638,143.37442710426154,60.03721003628638,138.37442710426154,70.03721003628638,148.37442710426154,1.0
7,1454,65.80645811609159,143.3507403376951,60.80645811609159,138.3507403376951,70.80645811609159,148.3507403376951,1.0
7,1455,66.50251336781525,141.0594666411614,61.502513367815254,136.0594666411614,71.50251336781525,146.0594666411614,1.0
7,1456,67.3410340543546,139.90949129496704,62.341034054354594,134.90949129496704,72.3410340543546,144.90949129496704,1.0
7,1457,67.78773746017882,138.8517792685678,62.78773746017882,133.8517792685678,72.78773746017882,143.8517792685678,1.0
7,1458,67.89539550285573,137.45467851678174,62.895395502855735,132.45467851678174,72.89539550285573,142.45467851678174,1.0
7,1459,67.68362957410353,136.13146527991873,62.683629574103534,131.13146527991873,72.68362957410353,141.13146527991873,1.0
7,1460,68.6534583286606,135.94538119387434,63.653458328660605,130.94538119387434,73.6534583286606,140.94538119387434,1.0
7,1461,69.75047053892386,134.54924838371505,64.75047053892386,129.54924838371505,74.75047053892386,139.54924838371505,1.0
7,1462,70.45260141141463,133.32878074215307,65.45260141141463,128.32878074215307,75.45260141141463,138.32878074215307,1.0
7,1463,70.48323074079994,133.32679946143605,65.48323074079994,128.32679946143605,75.48323074079994,138.32679946143605,1.0
7,1464,70.98274191166877,132.75383374201968,65.98274191166877,127.75383374201968,75.98274191166877,137.75383374201968,1.0
7,1465,71.55958069894669,132.76435861658803,66.55958069894669,127.76435861658803,76.55958069894669,137.76435861658803,1.0
7,1466,71.4489218535816,131.8173907367189,66.4489218535816,126.81739073671889,76.4489218535816,136.8173907367189,1.0
7,1467,71.29607849789295,131.03580457789266,66.29607849789295,126.03580457789266,76.29607849789295,136.03580457789266,1.0
7,1468,70.55331146801674,130.95899633765524,65.55331146801674,125.95899633765524,75.55331146801674,135.95899633765524,1.0
7,1469,69.75947223387757,132.58059978049346,64.75947223387757,127.58059978049346,74.75947223387757,137.58059978049346,1.0
8,15,544.5,10.0,539.5,5.0,549.5,15.0,1.0
8,16,543.6896984835463,9.601656223869487,538.6896984835463,4.601656223869487,548.6896984835463,14.601656223869487,1.0
8,17,544.1872033871989,9.675060087774034,539.1872033871989,4.675060087774034,549.1872033871989,14.675060087774034,1.0
8,18,544.4053234973287,9.417061039729173,539.4053234973287,4.417061039729173,549.4053234973287,14.417061039729173,1.0
8,19,545.2531854972843,9.461010741667124,540.2531854972843,4.461010741667124,550.2531854972843,14.461010741667124,1.0
8,20,545.4872997986438,9.133731034524175,540.4872997986438,4.133731034524175,550.4872997986438,14.133731034524175,1.0
8,21,546.1666278000447,9.459884504568276,541.1666278000447,4.459884504568276,551.1666278000447,14.459884504568276,1.0
8,22,546.5593816716643,10.693199518039753,541.5593816716643,5.693199518039753,551.5593816716643,15.693199518039753,1.0
8,23,545.8529539975723,11.165082461651622,540.8529539975723,6.165082461651622,550.8529539975723,16.16508246165162,1.0
8,24,545.0188185330591,11.878836728747173,540.0188185330591,6.878836728747173,550.0188185330591,16.878836728747174,1.0
8,25,544.6454633021433,12.392878253125582,539.6454633021433,7.392878253125582,549.6454633021433,17.39287825312558,1.0
8,26,545.5072964817251,12.815601141194492,540.5072964817251,7.815601141194492,550.5072964817251,17.81560114119449,1.0
8,27,546.6254745042532,12.409485152031827,541.6254745042532,7.409485152031827,551.6254745042532,17.409485152031827,1.0
8,28,547.5222136902122,11.577347539395818,542.5222136902122,6.577347539395818,552.5222136902122,16.577347539395817,1.0
8,29,548.4783410243664,12.163267863417795,543.4783410243664,7.163267863417795,553.4783410243664,17.163267863417794,1.0
8,30,549.8086584836658,12.614716630801833,544.8086584836658,7.6147166308018335,554.8086584836658,17.614716630801833,1.0
8,31,551.509211391593,13.96023801210606,546.509211391593,8.96023801210606,556.509211391593,18.96023801210606,1.0
8,32,553.073030675362,13.779406523981882,548.073030675362,8.779406523981882,558.073030675362,18.779406523981883,1.0
8,33,553.8250320626737,13.458805675120962,548.8250320626737,8.458805675120962,558.8250320626737,18.458805675120963,1.0
8,34,554.7325663699457,13.330210985691249,549.7325663699457,8.330210985691249,559.7325663699457,18.33021098569125,1.0
8,35,554.4801528472684,12.675799648097282,549.4801528472684,7.675799648097282,559.4801528472684,17.675799648097282,1.0
8,36,554.8980230522252,12.15826821296087,549.8980230522252,7.15826821296087,559.8980230522252,17.15826821296087,1.0
8,37,554.4472544808823,12.022683856314025,549.4472544808823,7.022683856314025,559.4472544808823,17.022683856314025,1.0
8,38,554.169949882084,10.647659028463952,549.169949882084,5.647659028463952,559.169949882084,15.647659028463952,1.0
8,39,554.0415719900066,9.147050231173989,549.0415719900066,4.1470502311739885,559.0415719900066,14.147050231173989,1.0
8,40,553.6815161812021,8.802776048117092,548.6815161812021,3.8027760481170922,558.6815161812021,13.802776048117092,1.0
8,41,552.5260465026008,6.838617926779311,547.5260465026008,1.8386179267793112,557.5260465026008,11.83861792677931,1.0
8,42,551.8331436271728,5.922971156574775,546.8331436271728,0.9229711565747749,556.8331436271728,10.922971156574775,1.0
8,43,552.231016232996,6.126699052221024,547.231016232996,1.1266990522210243,557.231016232996,11.126699052221024,1.0
8,44,553.1462326878905,6.662601954102504,548.1462326878905,1.662601954102504,558.1462326878905,11.662601954102504,1.0
8,45,554.4446450656443,7.449687338451527,549.4446450656443,2.449687338451527,559.4446450656443,12.449687338451527,1.0
8,46,554.3164571901644,8.758485156697626,549.3164571901644,3.758485156697626,559.3164571901644,13.758485156697626,1.0
8,115,553.4869370476247,8.91374388205547,548.4869370476247,3.9137438820554706,558.4869370476247,13.91374388205547,1.0
8,116,553.8287149057898,9.682248136800355,548.8287149057898,4.6822481368003555,558.8287149057898,14.682248136800355,1.0
8,117,553.9798572074575,9.116105466710014,548.9798572074575,4.116105466710014,558.9798572074575,14.116105466710014,1.0
8,118,553.2214509330212,9.364729481999541,548.2214509330212,4.364729481999541,558.2214509330212,14.364729481999541,1.0
8,119,553.3202128005031,9.638361897988068,548.3202128005031,4.638361897988068,558.3202128005031,14.638361897988068,1.0
8,120,554.1456291708572,8.284761750225599,549.1456291708572,3.2847617502255986,559.1456291708572,13.284761750225599,1.0
8,121,555.0602576124664,7.069900004992522,550.0602576124664,2.0699000049925216,560.0602576124664,12.069900004992522,1.0
8,122,554.7712280292276,5.215565890967506,549.7712280292276,0.21556589096750578,559.7712280292276,10.215565890967506,1.0
8,123,555.5226385476057,4.35521352577498,550.5226385476057,-0.64478647422502,560.5226385476057,9.35521352577498,1.0
8,124,555.7682360121496,4.3599311404154895,550.7682360121496,-0.6400688595845105,560.7682360121496,9.35993114041549,1.0
8,125,556.700080878327,4.219026021434285,551.700080878327,-0.780973978565715,561.700080878327,9.219026021434285,1.0
8,126,556.8958486906017,4.556102974446212,551.8958486906017,-0.4438970255537882,561.8958486906017,9.556102974446212,1.0
8,127,556.5225654327476,4.852535772836644,551.5225654327476,-0.14746422716335594,561.5225654327476,9.852535772836644,1.0
8,128,555.5005343734204,5.342322111094183,550.5005343734204,0.342322111094183,560.5005343734204,10.342322111094184,1.0
8,129,554.9088059439963,5.864828875326803,549.9088059439963,0.8648288753268032,559.9088059439963,10.864828875326804,1.0
8,130,555.6785882846867,6.3203107464913915,550.6785882846867,1.3203107464913915,560.6785882846867,11.32031074649139,1.0
8,131,554.9507715634696,6.787398078667515,549.9507715634696,1.7873980786675148,559.9507715634696,11.787398078667515,1.0
8,132,554.1341980778418,7.984156043875158,549.1341980778418,2.984156043875158,559.1341980778418,12.984156043875158,1.0
8,133,553.1911055090342,7.51558976460255,548.1911055090342,2.5155897646025496,558.1911055090342,12.515589764602549,1.0
8,134,552.9767149176299,6.173946933672385,547.9767149176299,1.1739469336723847,557.9767149176299,11.173946933672385,1.0
8,135,551.4223068215343,5.183474677319021,546.4223068215343,0.18347467731902078,556.4223068215343,10.18347467731902,1.0
8,136,551.6267844626359,4.825078185207435,546.6267844626359,-0.1749218147925653,556.6267844626359,9.825078185207435,1.0
8,137,551.294242654608,4.656070725632248,546.294242654608,-0.3439292743677518,556.294242654608,9.656070725632247,1.0
8,138,551.7245892246465,3.822791144125807,546.7245892246465,-1.177208855874193,556.7245892246465,8.822791144125807,1.0
8,139,551.9848593615501,3.1540523384159114,546.9848593615501,-1.8459476615840886,556.9848593615501,8.154052338415912,1.0
8,140,552.7044609896681,3.7211215857272606,547.7044609896681,-1.2788784142727394,557.7044609896681,8.72112158572726,1.0
8,141,552.6345926932681,3.9105798478534473,547.6345926932681,-1.0894201521465527,557.6345926932681,8.910579847853448,1.0
8,142,552.3277466461344,2.294155748189578,547.3277466461344,-2.705844251810422,557.3277466461344,7.294155748189578,1.0
8,143,552.7184420632931,-0.025725375816049834,547.7184420632931,-5.02572537581605,557.7184420632931,4.97427462418395,1.0
8,144,552.3590614359671,-1.670762072260482,547.3590614359671,-6.670762072260482,557.3590614359671,3.329237927739518,1.0
8,145,551.9045755346202,-2.870299901721303,546.9045755346202,-7.870299901721303,556.9045755346202,2.129700098278697,1.0
8,146,551.7225209275546,-2.6802140801318277,546.7225209275546,-7.680214080131828,556.7225209275546,2.3197859198681723,1.0
8,147,552.1170683135189,-3.1857026873539223,547.1170683135189,-8.185702687353922,557.1170683135189,1.8142973126460777,1.0
8,148,552.883423080232,-2.8093047962220474,547.883423080232,-7.809304796222047,557.883423080232,2.1906952037779526,1.0
8,149,554.6562129723877,-3.2863243954256145,549.6562129723877,-8.286324395425614,559.6562129723877,1.7136756045743855,1.0
8,150,554.9771360451474,-3.6610982973083086,549.9771360451474,-8.661098297308309,559.9771360451474,1.3389017026916914,1.0
8,151,555.3100530730212,-3.611235493297375,550.3100530730212,-8.611235493297375,560.3100530730212,1.3887645067026249,1.0
8,152,555.0950538717171,-3.6667724224910607,550.0950538717171,-8.66677242249106,560.0950538717171,1.3332275775089393,1.0
8,153,555.5726672415904,-4.39507528518539,550.5726672415904,-9.39507528518539,560.5726672415904,0.6049247148146097,1.0
8,154,555.3976682415281,-4.386900720236969,550.3976682415281,-9.38690072023697,560.3976682415281,0.6130992797630306,1.0
8,155,555.0659946637805,-4.034606931337187,550.0659946637805,-9.034606931337187,560.0659946637805,0.9653930686628129,1.0
8,156,553.3477775183138,-3.129166433102954,548.3477775183138,-8.129166433102954,558.3477775183138,1.870833566897046,1.0
8,157,552.3543385300345,-2.688105233914241,547.3543385300345,-7.688105233914241,557.3543385300345,2.311894766085759,1.0
8,158,551.5576698764239,-2.691583109745114,546.5576698764239,-7.691583109745114,556.5576698764239,2.308416890254886,1.0
8,159,552.7129658377677,-3.6780551034228743,547.7129658377677,-8.678055103422874,557.7129658377677,1.3219448965771257,1.0
8,160,552.8383076606651,-4.5062237024908285,547.8383076606651,-9.506223702490828,557.8383076606651,0.4937762975091715,1.0
8,161,553.2129963575842,-5.824173829525323,548.2129963575842,-10.824173829525323,558.2129963575842,-0.8241738295253231,1.0
8,162,553.9000550741816,-6.561021022853549,548.9000550741816,-11.561021022853549,558.9000550741816,-1.5610210228535486,1.0
8,163,554.8071025193794,-5.629830404858897,549.8071025193794,-10.629830404858897,559.8071025193794,-0.6298304048588967,1.0
8,164,554.2152408559638,-4.853971453166139,549.2152408559638,-9.853971453166139,559.2152408559638,0.14602854683386113,1.0
8,165,553.1319685242629,-3.9317367714060385,548.1319685242629,-8.931736771406038,558.1319685242629,1.0682632285939615,1.0
8,166,552.59285316796,-2.8720988286175313,547.59285316796,-7.872098828617531,557.59285316796,2.1279011713824687,1.0
8,167,552.3391110325507,-3.026637212294167,547.3391110325507,-8.026637212294167,557.3391110325507,1.9733627877058328,1.0
8,168,552.8957494306991,-3.254788322616811,547.8957494306991,-8.254788322616811,557.8957494306991,1.745211677383189,1.0
8,169,553.268688618232,-3.894622804289776,548.268688618232,-8.894622804289776,558.268688618232,1.1053771957102239,1.0
8,170,553.4247905482117,-4.121351475225431,548.4247905482117,-9.121351475225431,558.4247905482117,0.8786485247745688,1.0
8,171,553.8557437368928,-3.6884523036262973,548.8557437368928,-8.688452303626297,558.8557437368928,1.3115476963737027,1.0
8,172,554.6329418201913,-2.74647675593733,549.6329418201913,-7.74647675593733,559.6329418201913,2.25352324406267,1.0
8,173,554.7918613391132,-3.509483807562864,549.7918613391132,-8.509483807562864,559.7918613391132,1.490516192437136,1.0
8,174,554.8815966379992,-3.140480871579994,549.8815966379992,-8.140480871579994,559.8815966379992,1.8595191284200059,1.0
8,175,556.1897368617617,-2.270464200381456,551.1897368617617,-7.270464200381456,561.1897368617617,2.729535799618544,1.0
8,176,556.5453510888913,-1.7417591103518717,551.5453510888913,-6.741759110351872,561.5453510888913,3.2582408896481283,1.0
8,177,557.0839231785254,-1.999925390953436,552.0839231785254,-6.999925390953436,562.0839231785254,3.000074609046564,1.0
8,178,557.4829143136188,-2.752725340703515,552.4829143136188,-7.752725340703515,562.4829143136188,2.247274659296485,1.0
8,179,557.1092838316395,-3.6521502729052884,552.1092838316395,-8.652150272905288,562.1092838316395,1.3478497270947116,1.0
8,180,556.7821142936845,-4.405548034099947,551.7821142936845,-9.405548034099947,561.7821142936845,0.5944519659000527,1.0
8,181,557.1458949186087,-4.576016846208194,552.1458949186087,-9.576016846208194,562.1458949186087,0.42398315379180573,1.0
8,182,557.645044085507,-5.048947397543998,552.645044085507,-10.048947397543998,562.645044085507,-0.048947397543997795,1.0
8,183,558.1246076677141,-4.625754603711432,553.1246076677141,-9.625754603711432,563.1246076677141,0.37424539628856834,1.0
8,184,559.2955290901168,-4.623591902275157,554.2955290901168,-9.623591902275157,564.2955290901168,0.37640809772484296,1.0
8,185,559.6572215357739,-4.313440112990838,554.6572215357739,-9.313440112990838,564.6572215357739,0.686559887009162,1.0
8,186,560.9620426826119,-4.8143522361481494,555.9620426826119,-9.81435223614815,565.9620426826119,0.18564776385185056,1.0
8,187,561.8229165542712,-5.208063338143745,556.8229165542712,-10.208063338143745,566.8229165542712,-0.2080633381437451,1.0
8,188,563.769589502468,-5.485358562729559,558.769589502468,-10.485358562729559,568.769589502468,-0.4853585627295587,1.0
8,189,564.468904444717,-5.505863764170515,559.468904444717,-10.505863764170515,569.468904444717,-0.505863764170515,1.0
8,190,564.9482257239002,-6.137242493107166,559.9482257239002,-11.137242493107166,569.9482257239002,-1.1372424931071663,1.0
8,191,565.8227565226272,-7.029744728307989,560.8227565226272,-12.029744728307989,570.8227565226272,-2.029744728307989,1.0
8,192,566.2244866798598,-8.072672316218139,561.2244866798598,-13.072672316218139,571.2244866798598,-3.0726723162181386,1.0
8,193,566.077404538054,-9.156610383366502,561.077404538054,-14.156610383366502,571.077404538054,-4.156610383366502,1.0
8,194,565.97362377091,-9.727314861153395,560.97362377091,-14.727314861153395,570.97362377091,-4.7273148611533955,1.0
8,195,566.3626801415741,-10.054248813775963,561.3626801415741,-15.054248813775963,571.3626801415741,-5.054248813775963,1.0
8,196,566.2696129797532,-10.631342458370419,561.2696129797532,-15.631342458370419,571.2696129797532,-5.631342458370419,1.0
8,197,566.4614304534532,-11.335190561865769,561.4614304534532,-16.33519056186577,571.4614304534532,-6.335190561865769,1.0
8,198,565.7617773540134,-11.542928301605542,560.7617773540134,-16.542928301605542,570.7617773540134,-6.542928301605542,1.0
8,199,565.6573846091381,-11.337898241529679,560.6573846091381,-16.33789824152968,570.6573846091381,-6.337898241529679,1.0
8,200,566.815731533996,-10.404911827891407,561.815731533996,-15.404911827891407,571.815731533996,-5.404911827891407,1.0
8,201,567.1715894133096,-10.437668173451769,562.1715894133096,-15.437668173451769,572.1715894133096,-5.437668173451769,1.0
8,202,566.9581037799913,-10.315196246440703,561.9581037799913,-15.315196246440703,571.9581037799913,-5.315196246440703,1.0
8,203,567.4167496669862,-11.752521352831117,562.4167496669862,-16.752521352831117,572.4167496669862,-6.752521352831117,1.0
8,204,566.6723759797054,-13.332794341280636,561.6723759797054,-18.332794341280636,571.6723759797054,-8.332794341280636,1.0
8,205,566.4017506463493,-13.747612710720439,561.4017506463493,-18.74761271072044,571.4017506463493,-8.747612710720439,1.0
8,206,567.5983504253752,-14.595534923273291,562.5983504253752,-19.59553492327329,572.5983504253752,-9.595534923273291,1.0
8,207,568.3508878973936,-15.554850830390315,563.3508878973936,-20.554850830390315,573.3508878973936,-10.554850830390315,1.0
8,208,569.5800503264287,-16.174875660803906,564.5800503264287,-21.174875660803906,574.5800503264287,-11.174875660803906,1.0
8,209,569.8015059566193,-16.53488742051585,564.8015059566193,-21.53488742051585,574.8015059566193,-11.534887420515851,1.0
8,210,569.6560708891694,-17.485690722431947,564.6560708891694,-22.485690722431947,574.6560708891694,-12.485690722431947,1.0
8,211,569.3887007116555,-18.329364254035966,564.3887007116555,-23.329364254035966,574.3887007116555,-13.329364254035966,1.0
8,212,569.3581988012818,-19.04801096846205,564.3581988012818,-24.04801096846205,574.3581988012818,-14.048010968462052,1.0
8,213,568.9038206202287,-19.801108751899395,563.9038206202287,-24.801108751899395,573.9038206202287,-14.801108751899395,1.0
8,214,567.2358625808175,-20.78151340056554,562.2358625808175,-25.78151340056554,572.2358625808175,-15.78151340056554,1.0
8,215,564.9620756928633,-20.858256557784067,559.9620756928633,-25.858256557784067,569.9620756928633,-15.858256557784067,1.0
8,216,563.5575699685642,-20.87987804422409,558.5575699685642,-25.87987804422409,568.5575699685642,-15.879878044224089,1.0
8,217,562.4070495472109,-20.563133219657505,557.4070495472109,-25.563133219657505,567.4070495472109,-15.563133219657505,1.0
8,218,560.9348713307716,-19.92572491958085,555.9348713307716,-24.92572491958085,565.9348713307716,-14.925724919580851,1.0
8,219,561.3063082000693,-19.07488753338057,556.3063082000693,-24.07488753338057,566.3063082000693,-14.074887533380569,1.0
8,220,561.6434390549658,-17.937203965676375,556.6434390549658,-22.937203965676375,566.6434390549658,-12.937203965676375,1.0
8,221,562.0395726574646,-17.402062501867377,557.0395726574646,-22.402062501867377,567.0395726574646,-12.402062501867377,1.0
8,222,561.5714726530676,-17.81883961012484,556.5714726530676,-22.81883961012484,566.5714726530676,-12.81883961012484,1.0
8,223,560.1711281616647,-16.687964174416937,555.1711281616647,-21.687964174416937,565.1711281616647,-11.687964174416937,1.0
8,224,559.9318345648517,-14.994029483955124,554.9318345648517,-19.994029483955124,564.9318345648517,-9.994029483955124,1.0
8,225,559.1008623052735,-13.020155314437066,554.1008623052735,-18.020155314437066,564.1008623052735,-8.020155314437066,1.0
8,226,558.3269409664916,-11.272610646104607,553.3269409664916,-16.272610646104607,563.3269409664916,-6.2726106461046065,1.0
8,227,558.7367117773416,-10.843212540851574,553.7367117773416,-15.843212540851574,563.7367117773416,-5.8432125408515745,1.0
8,228,559.3993693697122,-10.369801346638667,554.3993693697122,-15.369801346638667,564.3993693697122,-5.369801346638667,1.0
8,229,560.6992392919235,-9.845218733731386,555.6992392919235,-14.845218733731386,565.6992392919235,-4.845218733731386,1.0
8,230,561.8512368351948,-9.65490043305299,556.8512368351948,-14.65490043305299,566.8512368351948,-4.65490043305299,1.0
8,231,562.7646002034727,-9.846790695701248,557.7646002034727,-14.846790695701248,567.7646002034727,-4.846790695701248,1.0
8,232,563.6079240002459,-10.60947796235967,558.6079240002459,-15.60947796235967,568.6079240002459,-5.609477962359669,1.0
8,233,564.4532349999032,-10.61577835527418,559.4532349999032,-15.61577835527418,569.4532349999032,-5.6157783552741805,1.0
8,234,565.0522697001135,-10.414897472996284,560.0522697001135,-15.414897472996284,570.0522697001135,-5.414897472996284,1.0
8,235,564.5423619147396,-10.461683394610294,559.5423619147396,-15.461683394610294,569.5423619147396,-5.461683394610294,1.0
8,236,563.5483053349782,-11.275572612182366,558.5483053349782,-16.275572612182366,568.5483053349782,-6.275572612182366,1.0
8,237,563.2219541399456,-12.04679708659421,558.2219541399456,-17.04679708659421,568.2219541399456,-7.046797086594211,1.0
8,238,561.6724387992015,-11.477716368886156,556.6724387992015,-16.477716368886156,566.6724387992015,-6.477716368886156,1.0
8,239,561.4138235169622,-10.40036004758177,556.4138235169622,-15.40036004758177,566.4138235169622,-5.400360047581771,1.0
8,240,560.8211274787847,-9.850152366097568,555.8211274787847,-14.850152366097568,565.8211274787847,-4.850152366097568,1.0
8,241,559.331690809788,-8.975449284060787,554.331690809788,-13.975449284060787,564.331690809788,-3.9754492840607867,1.0
8,242,558.895478221265,-9.121618126010485,553.895478221265,-14.121618126010485,563.895478221265,-4.121618126010485,1.0
8,243,559.6383506990597,-9.043855990782195,554.6383506990597,-14.043855990782195,564.6383506990597,-4.043855990782195,1.0
8,244,560.7044427845881,-9.207541926255026,555.7044427845881,-14.207541926255026,565.7044427845881,-4.2075419262550255,1.0
8,245,563.2314057051132,-8.062773854473068,558.2314057051132,-13.062773854473068,568.2314057051132,-3.0627738544730683,1.0
8,246,565.5648319830063,-7.989242854847536,560.5648319830063,-12.989242854847536,570.5648319830063,-2.989242854847536,1.0
8,247,567.2273477408338,-6.879004556677476,562.2273477408338,-11.879004556677476,572.2273477408338,-1.8790045566774758,1.0
8,248,567.4886335292814,-5.958294108284379,562.4886335292814,-10.95829410828438,572.4886335292814,-0.9582941082843792,1.0
8,249,568.509880619503,-4.946556216209238,563.509880619503,-9.946556216209238,573.509880619503,0.053443783790761756,1.0
8,250,569.1055369255004,-4.98521709242895,564.1055369255004,-9.98521709242895,574.1055369255004,0.01478290757104972,1.0
8,251,569.9580029298202,-4.953650641746787,564.9580029298202,-9.953650641746787,574.9580029298202,0.04634935825321307,1.0
8,252,570.6312812517032,-5.566057216748774,565.6312812517032,-10.566057216748774,575.6312812517032,-0.5660572167487743,1.0
8,253,570.9099907694317,-4.899461691918605,565.9099907694317,-9.899461691918605,575.9099907694317,0.1005383080813953,1.0
8,254,571.8727469919266,-4.175689557339961,566.8727469919266,-9.175689557339961,576.8727469919266,0.824310442660039,1.0
8,255,572.9900452392109,-3.623857417208203,567.9900452392109,-8.623857417208203,577.9900452392109,1.3761425827917968,1.0
8,256,572.9158523251009,-3.908907036780919,567.9158523251009,-8.908907036780919,577.9158523251009,1.0910929632190811,1.0
8,257,572.1089386783774,-3.9853030388872703,567.1089386783774,-8.98530303888727,577.1089386783774,1.0146969611127297,1.0
8,258,571.7280500320334,-2.6417269110458292,566.7280500320334,-7.641726911045829,576.7280500320334,2.3582730889541708,1.0
8,259,571.275262946341,-1.858868046037399,566.275262946341,-6.858868046037399,576.275262946341,3.141131953962601,1.0
8,260,570.5278791368187,-2.505100326787389,565.5278791368187,-7.505100326787389,575.5278791368187,2.494899673212611,1.0
8,261,570.1197444517509,-3.2889240137823137,565.1197444517509,-8.288924013782314,575.1197444517509,1.7110759862176863,1.0
8,262,570.6418101919318,-3.804762604769399,565.6418101919318,-8.8047626047694,575.6418101919318,1.1952373952306008,1.0
8,263,571.0574158378001,-3.283058380465535,566.0574158378001,-8.283058380465535,576.0574158378001,1.716941619534465,1.0
8,264,572.0640984713425,-4.050497999862891,567.0640984713425,-9.050497999862891,577.0640984713425,0.9495020001371088,1.0
8,265,572.3160939254386,-3.7734068747116574,567.3160939254386,-8.773406874711657,577.3160939254386,1.2265931252883426,1.0
8,266,573.2921129951173,-3.7613942347172937,568.2921129951173,-8.761394234717294,578.2921129951173,1.2386057652827063,1.0
8,267,573.2311292340106,-3.2098738870786327,568.2311292340106,-8.209873887078633,578.2311292340106,1.7901261129213673,1.0
8,268,572.6262224776636,-3.892564965160741,567.6262224776636,-8.89256496516074,577.6262224776636,1.1074350348392592,1.0
8,269,572.2402332981976,-4.134928671752013,567.2402332981976,-9.134928671752013,577.2402332981976,0.8650713282479874,1.0
8,270,571.4972216983851,-4.629267334154381,566.4972216983851,-9.629267334154381,576.4972216983851,0.3707326658456189,1.0
8,271,570.5751300534819,-5.36805925825862,565.5751300534819,-10.36805925825862,575.5751300534819,-0.3680592582586204,1.0
8,272,569.7205854575874,-5.339567483110871,564.7205854575874,-10.339567483110871,574.7205854575874,-0.33956748311087104,1.0
8,273,568.7432537234205,-3.776804964347402,563.7432537234205,-8.776804964347402,573.7432537234205,1.2231950356525978,1.0
8,274,567.6365190576772,-3.0351175474540923,562.6365190576772,-8.035117547454092,572.6365190576772,1.9648824525459077,1.0
8,275,566.629972687874,-2.2763297269808707,561.629972687874,-7.276329726980871,571.629972687874,2.7236702730191293,1.0
8,276,565.667850633565,-1.9380709098404587,560.667850633565,-6.938070909840459,570.667850633565,3.0619290901595413,1.0
8,277,564.5787588345087,-1.8709577027820234,559.5787588345087,-6.8709577027820234,569.5787588345087,3.1290422972179766,1.0
8,278,563.5566496502672,-2.014472707735324,558.5566496502672,-7.014472707735324,568.5566496502672,2.985527292264676,1.0
8,279,564.0086497211843,-2.2577338476251683,559.0086497211843,-7.257733847625168,569.0086497211843,2.7422661523748317,1.0
8,280,563.8749263579142,-3.1044427168736455,558.8749263579142,-8.104442716873645,568.8749263579142,1.8955572831263545,1.0
8,281,563.7926236700556,-4.338912124160943,558.7926236700556,-9.338912124160943,568.7926236700556,0.6610878758390566,1.0
8,282,564.0179142719212,-5.699830382834811,559.0179142719212,-10.699830382834811,569.0179142719212,-0.6998303828348114,1.0
8,283,564.7930797979839,-6.24123139816092,559.7930797979839,-11.24123139816092,569.7930797979839,-1.2412313981609202,1.0
8,284,565.3834302452805,-6.538257982864572,560.3834302452805,-11.538257982864572,570.3834302452805,-1.5382579828645717,1.0
8,285,566.867671888248,-6.966059773763966,561.867671888248,-11.966059773763966,571.867671888248,-1.9660597737639662,1.0
8,286,567.6852568416498,-7.5609254961242165,562.6852568416498,-12.560925496124216,572.6852568416498,-2.5609254961242165,1.0
8,287,568.6059043697535,-7.655751925826753,563.6059043697535,-12.655751925826753,573.6059043697535,-2.6557519258267526,1.0
8,288,569.2484936739369,-7.458171012046172,564.2484936739369,-12.458171012046172,574.2484936739369,-2.458171012046172,1.0
8,289,569.5338325205471,-6.965172509556844,564.5338325205471,-11.965172509556844,574.5338325205471,-1.9651725095568437,1.0
8,290,569.0543571732895,-7.333362397752236,564.0543571732895,-12.333362397752236,574.0543571732895,-2.3333623977522358,1.0
8,291,569.4302620761764,-7.342374630951074,564.4302620761764,-12.342374630951074,574.4302620761764,-2.342374630951074,1.0
8,292,569.8072125431912,-6.433081381131309,564.8072125431912,-11.43308138113131,574.8072125431912,-1.4330813811313092,1.0
8,293,569.3936312897353,-5.689621062090623,564.3936312897353,-10.689621062090623,574.3936312897353,-0.6896210620906231,1.0
8,294,569.7010663985626,-6.75167362052445,564.7010663985626,-11.75167362052445,574.7010663985626,-1.7516736205244499,1.0
8,295,568.8645492489577,-7.410312768212265,563.8645492489577,-12.410312768212265,573.8645492489577,-2.4103127682122647,1.0
8,296,567.1569592425634,-8.41374018061807,562.1569592425634,-13.41374018061807,572.1569592425634,-3.4137401806180705,1.0
8,297,565.9533831884141,-9.286644666198445,560.9533831884141,-14.286644666198445,570.9533831884141,-4.286644666198445,1.0
8,298,564.4210155421572,-10.29996829972314,559.4210155421572,-15.29996829972314,569.4210155421572,-5.29996829972314,1.0
8,299,563.5711589633129,-10.00943846463202,558.5711589633129,-15.00943846463202,568.5711589633129,-5.009438464632019,1.0
8,300,563.4199909113763,-9.957625140214194,558.4199909113763,-14.957625140214194,568.4199909113763,-4.957625140214194,1.0
8,301,563.2217184822013,-10.188432059111552,558.2217184822013,-15.188432059111552,568.2217184822013,-5.188432059111552,1.0
8,302,563.1832258778062,-10.104036997229265,558.1832258778062,-15.104036997229265,568.1832258778062,-5.104036997229265,1.0
8,303,563.6463115752873,-10.725530794089451,558.6463115752873,-15.725530794089451,568.6463115752873,-5.725530794089451,1.0
8,304,563.5744636314429,-11.32250199423719,558.5744636314429,-16.32250199423719,568.5744636314429,-6.322501994237189,1.0
8,305,562.941606236477,-12.311804462419879,557.941606236477,-17.31180446241988,567.941606236477,-7.311804462419879,1.0
8,306,562.7687846521558,-13.12769429960791,557.7687846521558,-18.12769429960791,567.7687846521558,-8.12769429960791,1.0
8,307,562.6961367919647,-13.02926358290279,557.6961367919647,-18.02926358290279,567.6961367919647,-8.02926358290279,1.0
8,308,562.7875489914198,-13.170350487707552,557.7875489914198,-18.17035048770755,567.7875489914198,-8.170350487707552,1.0
8,309,562.9028311408515,-13.403093574406515,557.9028311408515,-18.403093574406515,567.9028311408515,-8.403093574406515,1.0
8,310,563.243186798526,-13.089380670594334,558.243186798526,-18.089380670594334,568.243186798526,-8.089380670594334,1.0
8,311,563.5325891167876,-13.29752042607549,558.5325891167876,-18.29752042607549,568.5325891167876,-8.29752042607549,1.0
8,312,564.7038611139706,-13.052127814371161,559.7038611139706,-18.05212781437116,569.7038611139706,-8.052127814371161,1.0
8,313,565.8353988726707,-12.892695789197706,560.8353988726707,-17.892695789197706,570.8353988726707,-7.892695789197706,1.0
8,314,566.3394036330719,-13.00676068795184,561.3394036330719,-18.00676068795184,571.3394036330719,-8.00676068795184,1.0
8,315,566.2276446594188,-14.098764866206942,561.2276446594188,-19.098764866206942,571.2276446594188,-9.098764866206942,1.0
8,316,565.3474291023905,-14.538744252367398,560.3474291023905,-19.538744252367398,570.3474291023905,-9.538744252367398,1.0
8,317,563.052269985096,-14.63694383665089,558.052269985096,-19.63694383665089,568.052269985096,-9.63694383665089,1.0
8,318,561.6821640910563,-14.543568725889067,556.6821640910563,-19.543568725889067,566.6821640910563,-9.543568725889067,1.0
8,319,560.5456529606723,-15.260245804679236,555.5456529606723,-20.260245804679236,565.5456529606723,-10.260245804679236,1.0
8,320,559.915870284981,-15.191074649498756,554.915870284981,-20.191074649498756,564.915870284981,-10.191074649498756,1.0
8,321,560.2036836568661,-15.231685576229506,555.2036836568661,-20.231685576229506,565.2036836568661,-10.231685576229506,1.0
8,322,560.9131467287272,-16.56712045774027,555.9131467287272,-21.56712045774027,565.9131467287272,-11.56712045774027,1.0
8,323,562.2248300975773,-17.65879901148927,557.2248300975773,-22.65879901148927,567.2248300975773,-12.658799011489268,1.0
8,324,563.3291787922118,-17.68415422580879,558.3291787922118,-22.68415422580879,568.3291787922118,-12.68415422580879,1.0
8,325,563.1547175249872,-17.592303191677065,558.1547175249872,-22.592303191677065,568.1547175249872,-12.592303191677065,1.0
8,326,564.0442013435821,-17.131194211379626,559.0442013435821,-22.131194211379626,569.0442013435821,-12.131194211379626,1.0
8,327,565.3756654382423,-17.175396373385514,560.3756654382423,-22.175396373385514,570.3756654382423,-12.175396373385514,1.0
8,328,565.7696293515364,-17.789225330869378,560.7696293515364,-22.789225330869378,570.7696293515364,-12.789225330869378,1.0
8,329,566.6240905505587,-18.19379300260246,561.6240905505587,-23.19379300260246,571.6240905505587,-13.193793002602462,1.0
8,330,568.632360481175,-18.308115643839006,563.632360481175,-23.308115643839006,573.632360481175,-13.308115643839006,1.0
8,331,569.6113014764511,-18.18251785713091,564.6113014764511,-23.18251785713091,574.6113014764511,-13.182517857130911,1.0
8,332,569.0947841820954,-17.70473324869049,564.0947841820954,-22.70473324869049,574.0947841820954,-12.704733248690491,1.0
8,333,568.5658457835174,-16.033669716602127,563.5658457835174,-21.033669716602127,573.5658457835174,-11.033669716602127,1.0
8,334,569.5221690355966,-15.047395696114073,564.5221690355966,-20.047395696114073,574.5221690355966,-10.047395696114073,1.0
8,335,571.4493594196933,-13.785795904771529,566.4493594196933,-18.78579590477153,576.4493594196933,-8.785795904771529,1.0
8,336,573.0222672623554,-13.33833077775392,568.0222672623554,-18.33833077775392,578.0222672623554,-8.33833077775392,1.0
8,337,573.5738742169635,-12.889481563591662,568.5738742169635,-17.889481563591662,578.5738742169635,-7.889481563591662,1.0
8,338,573.945790617312,-13.142965013543197,568.945790617312,-18.142965013543197,578.945790617312,-8.142965013543197,1.0
8,339,574.6194800807593,-13.769868438562913,569.6194800807593,-18.769868438562913,579.6194800807593,-8.769868438562913,1.0
8,340,574.5324777387386,-15.004016452125363,569.5324777387386,-20.004016452125363,579.5324777387386,-10.004016452125363,1.0
8,341,574.4084837116078,-16.5565041364363,569.4084837116078,-21.5565041364363,579.4084837116078,-11.556504136436299,1.0
8,342,574.2514442393465,-17.879412768299165,569.2514442393465,-22.879412768299165,579.2514442393465,-12.879412768299165,1.0
8,343,574.5592506315265,-17.48232687094381,569.5592506315265,-22.48232687094381,579.5592506315265,-12.482326870943812,1.0
8,344,574.4261488155304,-16.894211527141728,569.4261488155304,-21.894211527141728,579.4261488155304,-11.894211527141728,1.0
8,345,575.0140668183516,-16.496557333776178,570.0140668183516,-21.496557333776178,580.0140668183516,-11.496557333776178,1.0
8,346,575.3761385599672,-16.00336983041318,570.3761385599672,-21.00336983041318,580.3761385599672,-11.003369830413181,1.0
8,347,575.1810196276995,-14.80880944397266,570.1810196276995,-19.80880944397266,580.1810196276995,-9.80880944397266,1.0
8,348,575.9762031701555,-13.894465278586445,570.9762031701555,-18.894465278586445,580.9762031701555,-8.894465278586445,1.0
8,349,575.3567195500356,-13.782211680376331,570.3567195500356,-18.78221168037633,580.3567195500356,-8.782211680376331,1.0
8,350,574.2990194876776,-13.028541047330407,569.2990194876776,-18.028541047330407,579.2990194876776,-8.028541047330407,1.0
8,351,572.8834941647451,-11.968926635910158,567.8834941647451,-16.968926635910158,577.8834941647451,-6.968926635910158,1.0
8,352,571.7285114719159,-11.623911818182012,566.7285114719159,-16.623911818182012,576.7285114719159,-6.6239118181820125,1.0
8,353,571.5511530350718,-10.650858750509371,566.5511530350718,-15.650858750509371,576.5511530350718,-5.6508587505093715,1.0
8,354,571.5140787339747,-12.393241301674369,566.5140787339747,-17.39324130167437,576.5140787339747,-7.393241301674369,1.0
8,355,571.3996519132226,-14.07164031387381,566.3996519132226,-19.07164031387381,576.3996519132226,-9.07164031387381,1.0
8,356,570.9050748352809,-14.212279349083175,565.9050748352809,-19.212279349083175,575.9050748352809,-9.212279349083175,1.0
8,357,570.6429595937581,-14.672055943464205,565.6429595937581,-19.672055943464205,575.6429595937581,-9.672055943464205,1.0
8,358,569.8466213189428,-15.004573426942027,564.8466213189428,-20.004573426942027,574.8466213189428,-10.004573426942027,1.0
8,359,569.7710040214115,-15.719648334674467,564.7710040214115,-20.719648334674467,574.7710040214115,-10.719648334674467,1.0
8,360,568.7116736271205,-15.960834203580422,563.7116736271205,-20.960834203580422,573.7116736271205,-10.960834203580422,1.0
8,361,568.2483457420717,-16.285748498807283,563.2483457420717,-21.285748498807283,573.2483457420717,-11.285748498807283,1.0
8,362,568.4256087852683,-16.22844357098134,563.4256087852683,-21.22844357098134,573.4256087852683,-11.22844357098134,1.0
8,363,568.4081534772448,-16.333005079725655,563.4081534772448,-21.333005079725655,573.4081534772448,-11.333005079725655,1.0
8,364,568.4634307301992,-16.52199973934528,563.4634307301992,-21.52199973934528,573.4634307301992,-11.52199973934528,1.0
8,365,568.0557768901377,-17.108754883136235,563.0557768901377,-22.108754883136235,573.0557768901377,-12.108754883136235,1.0
8,366,567.3054227781214,-18.56550685077407,562.3054227781214,-23.56550685077407,572.3054227781214,-13.56550685077407,1.0
8,367,568.4860795372222,-20.078071636012297,563.4860795372222,-25.078071636012297,573.4860795372222,-15.078071636012297,1.0
8,368,569.8193490452202,-20.856859988406963,564.8193490452202,-25.856859988406963,574.8193490452202,-15.856859988406963,1.0
8,369,570.7276082129771,-22.191865227728215,565.7276082129771,-27.191865227728215,575.7276082129771,-17.191865227728215,1.0
8,370,571.0872061656263,-23.605190645101224,566.0872061656263,-28.605190645101224,576.0872061656263,-18.605190645101224,1.0
8,371,570.9532786936865,-24.775084530156086,565.9532786936865,-29.775084530156086,575.9532786936865,-19.775084530156086,1.0
8,372,570.7697830640611,-25.481295000231604,565.7697830640611,-30.481295000231604,575.7697830640611,-20.481295000231604,1.0
8,373,571.1879490795789,-25.76533598644432,566.1879490795789,-30.76533598644432,576.1879490795789,-20.76533598644432,1.0
8,374,572.7907179503907,-25.458541399664014,567.7907179503907,-30.458541399664014,577.7907179503907,-20.458541399664014,1.0
8,375,572.44850890982,-25.57647000943831,567.44850890982,-30.57647000943831,577.44850890982,-20.57647000943831,1.0
8,376,571.5274347049582,-25.364202087553473,566.5274347049582,-30.364202087553473,576.5274347049582,-20.364202087553473,1.0
8,377,571.441804787808,-26.125144982802112,566.441804787808,-31.125144982802112,576.441804787808,-21.125144982802112,1.0
8,378,571.6460835998059,-25.862730194219665,566.6460835998059,-30.862730194219665,576.6460835998059,-20.862730194219665,1.0
8,379,572.2621156714073,-25.99662163116053,567.2621156714073,-30.99662163116053,577.2621156714073,-20.99662163116053,1.0
8,380,573.3951309162111,-26.500211137183825,568.3951309162111,-31.500211137183825,578.3951309162111,-21.500211137183825,1.0
8,381,574.9061210836034,-26.763792363627985,569.9061210836034,-31.763792363627985,579.9061210836034,-21.763792363627985,1.0
8,382,575.8599225365247,-25.773899515433904,570.8599225365247,-30.773899515433904,580.8599225365247,-20.773899515433904,1.0
8,383,576.9843273365535,-25.435317654495655,571.9843273365535,-30.435317654495655,581.9843273365535,-20.435317654495655,1.0
8,384,576.7898575758044,-25.03947368486584,571.7898575758044,-30.03947368486584,581.7898575758044,-20.03947368486584,1.0
8,385,575.6613207521855,-24.048272026232773,570.6613207521855,-29.048272026232773,580.6613207521855,-19.048272026232773,1.0
8,386,575.7080300829577,-23.23411269103832,570.7080300829577,-28.23411269103832,580.7080300829577,-18.23411269103832,1.0
8,387,575.8034262658704,-22.929426693696996,570.8034262658704,-27.929426693696996,580.8034262658704,-17.929426693696996,1.0
8,388,575.9483205577109,-22.187233390020765,570.9483205577109,-27.187233390020765,580.9483205577109,-17.187233390020765,1.0
8,389,576.2272323461403,-21.915338622516458,571.2272323461403,-26.915338622516458,581.2272323461403,-16.915338622516458,1.0
8,390,576.451107605427,-21.571727930551415,571.451107605427,-26.571727930551415,581.451107605427,-16.571727930551415,1.0
8,391,575.8341956797668,-21.21171078409835,570.8341956797668,-26.21171078409835,580.8341956797668,-16.21171078409835,1.0
8,392,576.4910892895073,-21.7256074039943,571.4910892895073,-26.7256074039943,581.4910892895073,-16.7256074039943,1.0
8,393,576.9973272061404,-21.176732313511557,571.9973272061404,-26.176732313511557,581.9973272061404,-16.176732313511557,1.0
8,394,577.0307938097741,-21.549889392181175,572.0307938097741,-26.549889392181175,582.0307938097741,-16.549889392181175,1.0
8,395,577.5755342460238,-22.15030750884219,572.5755342460238,-27.15030750884219,582.5755342460238,-17.15030750884219,1.0
8,396,577.7911882965648,-21.128884617061964,572.7911882965648,-26.128884617061964,582.7911882965648,-16.128884617061964,1.0
8,397,576.7179167714098,-19.76948467476854,571.7179167714098,-24.76948467476854,581.7179167714098,-14.769484674768542,1.0
8,398,576.0164102107434,-18.82950889759118,571.0164102107434,-23.82950889759118,581.0164102107434,-13.829508897591179,1.0
8,399,574.9882622339467,-18.780924650047773,569.9882622339467,-23.780924650047773,579.9882622339467,-13.780924650047773,1.0
8,400,574.2411415622937,-18.476548570323253,569.2411415622937,-23.476548570323253,579.2411415622937,-13.476548570323253,1.0
8,401,573.5832904046115,-19.215259799739375,568.5832904046115,-24.215259799739375,578.5832904046115,-14.215259799739375,1.0
8,402,573.5409461704767,-20.336378533618415,568.5409461704767,-25.336378533618415,578.5409461704767,-15.336378533618415,1.0
8,403,574.0035820687153,-20.617247234796498,569.0035820687153,-25.617247234796498,579.0035820687153,-15.617247234796498,1.0
8,404,574.2669353175208,-19.775408949949796,569.2669353175208,-24.775408949949796,579.2669353175208,-14.775408949949796,1.0
8,405,573.7590715491681,-19.764716856349235,568.7590715491681,-24.764716856349235,578.7590715491681,-14.764716856349235,1.0
8,406,572.5576879507604,-19.713601347865186,567.5576879507604,-24.713601347865186,577.5576879507604,-14.713601347865186,1.0
8,407,571.8482610662976,-19.988148352339756,566.8482610662976,-24.988148352339756,576.8482610662976,-14.988148352339756,1.0
8,408,570.8631909788239,-20.36138362971999,565.8631909788239,-25.36138362971999,575.8631909788239,-15.361383629719992,1.0
8,409,570.7921935782621,-20.96850624570484,565.7921935782621,-25.96850624570484,575.7921935782621,-15.968506245704841,1.0
8,410,570.9971024034886,-21.04065306882496,565.9971024034886,-26.04065306882496,575.9971024034886,-16.04065306882496,1.0
8,411,570.985445916691,-21.925824297614387,565.985445916691,-26.925824297614387,575.985445916691,-16.925824297614387,1.0
8,412,571.1075727531813,-22.667455891288647,566.1075727531813,-27.667455891288647,576.1075727531813,-17.667455891288647,1.0
8,413,571.0365862852356,-21.775840605955615,566.0365862852356,-26.775840605955615,576.0365862852356,-16.775840605955615,1.0
8,414,571.543736115084,-20.768605432868426,566.543736115084,-25.768605432868426,576.543736115084,-15.768605432868426,1.0
8,415,571.9780789620845,-20.302287037471306,566.9780789620845,-25.302287037471306,576.9780789620845,-15.302287037471306,1.0
8,416,571.7605475851168,-20.151998357664862,566.7605475851168,-25.151998357664862,576.7605475851168,-15.151998357664862,1.0
8,417,571.7959032721163,-20.628926360896838,566.7959032721163,-25.628926360896838,576.7959032721163,-15.628926360896838,1.0
8,418,572.660669523523,-20.111620729742153,567.660669523523,-25.111620729742153,577.660669523523,-15.111620729742153,1.0
8,419,573.8238330247378,-20.02772474700108,568.8238330247378,-25.02772474700108,578.8238330247378,-15.02772474700108,1.0
8,420,574.0849172183947,-20.588712835783276,569.0849172183947,-25.588712835783276,579.0849172183947,-15.588712835783276,1.0
8,421,574.0340737475673,-20.94835952600379,569.0340737475673,-25.94835952600379,579.0340737475673,-15.948359526003792,1.0
8,422,573.5423381662836,-21.62876546832065,568.5423381662836,-26.62876546832065,578.5423381662836,-16.62876546832065,1.0
8,423,573.4776660778997,-21.222453326972744,568.4776660778997,-26.222453326972744,578.4776660778997,-16.222453326972744,1.0
8,424,573.1270961985952,-20.262427762367473,568.1270961985952,-25.262427762367473,578.1270961985952,-15.262427762367473,1.0
8,425,572.8617833416199,-18.796852164450748,567.8617833416199,-23.796852164450748,577.8617833416199,-13.796852164450748,1.0
8,426,572.8574267343017,-18.50876419615052,567.8574267343017,-23.50876419615052,577.8574267343017,-13.50876419615052,1.0
8,427,573.3247647083497,-17.46615775799159,568.3247647083497,-22.46615775799159,578.3247647083497,-12.466157757991589,1.0
8,428,573.6738248083975,-17.965179996200245,568.6738248083975,-22.965179996200245,578.6738248083975,-12.965179996200245,1.0
8,429,573.8609149237639,-17.277439386336866,568.8609149237639,-22.277439386336866,578.8609149237639,-12.277439386336866,1.0
8,430,573.0018046901067,-17.156720357381495,568.0018046901067,-22.156720357381495,578.0018046901067,-12.156720357381495,1.0
8,431,573.0219290561986,-17.991152705417242,568.0219290561986,-22.991152705417242,578.0219290561986,-12.991152705417242,1.0
8,432,572.2856961679073,-18.354809083882213,567.2856961679073,-23.354809083882213,577.2856961679073,-13.354809083882213,1.0
8,433,570.7717274995803,-18.97387002562671,565.7717274995803,-23.97387002562671,575.7717274995803,-13.97387002562671,1.0
8,434,569.2504729009552,-19.508471695532418,564.2504729009552,-24.508471695532418,574.2504729009552,-14.508471695532418,1.0
8,435,568.4654238672434,-20.3319065130667,563.4654238672434,-25.3319065130667,573.4654238672434,-15.331906513066698,1.0
8,436,568.1802210290223,-20.266173325658468,563.1802210290223,-25.266173325658468,573.1802210290223,-15.266173325658468,1.0
8,437,568.1537058008553,-19.958881979159866,563.1537058008553,-24.958881979159866,573.1537058008553,-14.958881979159866,1.0
8,438,567.9922629085377,-19.40597107802745,562.9922629085377,-24.40597107802745,572.9922629085377,-14.405971078027449,1.0
8,439,568.8747460392175,-19.65432818722159,563.8747460392175,-24.65432818722159,573.8747460392175,-14.65432818722159,1.0
8,440,569.1577377364799,-19.26340741512589,564.1577377364799,-24.26340741512589,574.1577377364799,-14.26340741512589,1.0
8,441,569.4704656458247,-19.446750122606566,564.4704656458247,-24.446750122606566,574.4704656458247,-14.446750122606566,1.0
8,442,569.8059475319324,-19.804372275523043,564.8059475319324,-24.804372275523043,574.8059475319324,-14.804372275523043,1.0
8,443,569.4021123525615,-20.17018012006893,564.4021123525615,-25.17018012006893,574.4021123525615,-15.170180120068931,1.0
8,444,569.0148066723588,-20.756062477317528,564.0148066723588,-25.756062477317528,574.0148066723588,-15.756062477317528,1.0
8,445,568.0223134347178,-21.41020934144204,563.0223134347178,-26.41020934144204,573.0223134347178,-16.41020934144204,1.0
8,446,567.9803546189279,-21.651041183898922,562.9803546189279,-26.651041183898922,572.9803546189279,-16.651041183898922,1.0
8,447,568.6692851214541,-23.18517426755116,563.6692851214541,-28.18517426755116,573.6692851214541,-18.18517426755116,1.0
8,448,569.1626316738018,-24.136992015210396,564.1626316738018,-29.136992015210396,574.1626316738018,-19.136992015210396,1.0
8,449,569.3197940736719,-24.109787090157823,564.3197940736719,-29.109787090157823,574.3197940736719,-19.109787090157823,1.0
8,450,568.4803932148969,-23.158120336516724,563.4803932148969,-28.158120336516724,573.4803932148969,-18.158120336516724,1.0
8,451,568.7853075547746,-22.875205253877837,563.7853075547746,-27.875205253877837,573.7853075547746,-17.875205253877837,1.0
8,452,569.2408774048992,-24.015782404943174,564.2408774048992,-29.015782404943174,574.2408774048992,-19.015782404943174,1.0
8,453,570.001700799803,-24.69412760096332,565.001700799803,-29.69412760096332,575.001700799803,-19.69412760096332,1.0
8,454,569.0346197430013,-24.75373330371648,564.0346197430013,-29.75373330371648,574.0346197430013,-19.75373330371648,1.0
8,455,569.136238836346,-24.252093618303498,564.136238836346,-29.252093618303498,574.136238836346,-19.252093618303498,1.0
8,456,570.1423133875802,-24.224682612292874,565.1423133875802,-29.224682612292874,575.1423133875802,-19.224682612292874,1.0
8,457,571.166785663457,-24.59462402989469,566.166785663457,-29.59462402989469,576.166785663457,-19.59462402989469,1.0
8,458,572.7334443641191,-25.438871897177627,567.7334443641191,-30.438871897177627,577.7334443641191,-20.438871897177627,1.0
8,459,573.2182825468865,-27.138364924021644,568.2182825468865,-32.138364924021644,578.2182825468865,-22.138364924021644,1.0
8,460,573.362452581249,-28.25797160407577,568.362452581249,-33.25797160407577,578.362452581249,-23.25797160407577,1.0
8,461,572.0317120880535,-26.70189404074477,567.0317120880535,-31.70189404074477,577.0317120880535,-21.70189404074477,1.0
8,462,570.8391337690883,-25.94785003703422,565.8391337690883,-30.94785003703422,575.8391337690883,-20.94785003703422,1.0
8,463,570.5658722407431,-24.998052801060147,565.5658722407431,-29.998052801060147,575.5658722407431,-19.998052801060147,1.0
8,464,570.3067508711677,-24.535774468203982,565.3067508711677,-29.535774468203982,575.3067508711677,-19.535774468203982,1.0
8,465,570.2534205242706,-24.87719180770192,565.2534205242706,-29.87719180770192,575.2534205242706,-19.87719180770192,1.0
8,466,569.9835298772439,-25.801739819427162,564.9835298772439,-30.801739819427162,574.9835298772439,-20.801739819427162,1.0
8,467,569.5974181761482,-26.329841882376954,564.5974181761482,-31.329841882376954,574.5974181761482,-21.329841882376954,1.0
8,468,568.9523247836364,-26.615176069391246,563.9523247836364,-31.615176069391246,573.9523247836364,-21.615176069391246,1.0
8,469,568.9161980467655,-26.11894702039549,563.9161980467655,-31.11894702039549,573.9161980467655,-21.11894702039549,1.0
8,470,567.6716296321912,-25.067388414309285,562.6716296321912,-30.067388414309285,572.6716296321912,-20.067388414309285,1.0
8,471,566.9714592864976,-24.783497904104216,561.9714592864976,-29.783497904104216,571.9714592864976,-19.783497904104216,1.0
8,472,567.6456550962978,-24.825787145623764,562.6456550962978,-29.825787145623764,572.6456550962978,-19.825787145623764,1.0
8,473,567.6947246261236,-25.81870175103508,562.6947246261236,-30.81870175103508,572.6947246261236,-20.81870175103508,1.0
8,474,569.1574598943628,-25.512791395420045,564.1574598943628,-30.512791395420045,574.1574598943628,-20.512791395420045,1.0
8,475,569.9710363080546,-24.23060610932484,564.9710363080546,-29.23060610932484,574.9710363080546,-19.23060610932484,1.0
8,476,570.5834274089891,-23.01015644210466,565.5834274089891,-28.01015644210466,575.5834274089891,-18.01015644210466,1.0
8,477,570.2816994828548,-21.449744800829155,565.2816994828548,-26.449744800829155,575.2816994828548,-16.449744800829155,1.0
8,478,569.7808050375593,-20.263783699884737,564.7808050375593,-25.263783699884737,574.7808050375593,-15.263783699884737,1.0
8,479,569.3519665498275,-19.953745594616688,564.3519665498275,-24.953745594616688,574.3519665498275,-14.953745594616688,1.0
8,480,568.8067707535079,-18.210555068739104,563.8067707535079,-23.210555068739104,573.8067707535079,-13.210555068739104,1.0
8,481,568.5160227647852,-15.817427879731909,563.5160227647852,-20.81742787973191,573.5160227647852,-10.817427879731909,1.0
8,482,568.6529928592722,-14.495004912742289,563.6529928592722,-19.49500491274229,573.6529928592722,-9.495004912742289,1.0
8,483,569.1833253362038,-13.164257395182378,564.1833253362038,-18.16425739518238,574.1833253362038,-8.164257395182378,1.0
8,484,568.8861674895413,-11.121611869400517,563.8861674895413,-16.121611869400517,573.8861674895413,-6.1216118694005175,1.0
8,485,568.776964044998,-10.239261026187275,563.776964044998,-15.239261026187275,573.776964044998,-5.239261026187275,1.0
8,486,567.5114867581493,-9.231113266669603,562.5114867581493,-14.231113266669603,572.5114867581493,-4.2311132666696025,1.0
8,487,567.1411322000602,-8.185467680278876,562.1411322000602,-13.185467680278876,572.1411322000602,-3.185467680278876,1.0
8,488,566.8957727808184,-8.037035174729802,561.8957727808184,-13.037035174729802,571.8957727808184,-3.0370351747298017,1.0
8,489,565.9448767739839,-8.075566680583261,560.9448767739839,-13.075566680583261,570.9448767739839,-3.075566680583261,1.0
8,490,566.2055581205317,-8.196199420511398,561.2055581205317,-13.196199420511398,571.2055581205317,-3.196199420511398,1.0
8,491,565.4422160782092,-8.265645483489543,560.4422160782092,-13.265645483489543,570.4422160782092,-3.2656454834895428,1.0
8,492,564.2195009855132,-8.711145716076434,559.2195009855132,-13.711145716076434,569.2195009855132,-3.711145716076434,1.0
8,493,563.1036594908869,-9.556495570978093,558.1036594908869,-14.556495570978093,568.1036594908869,-4.556495570978093,1.0
8,494,561.8805070252454,-10.114991327358847,556.8805070252454,-15.114991327358847,566.8805070252454,-5.114991327358847,1.0
8,495,562.4660732860534,-10.11572649629056,557.4660732860534,-15.11572649629056,567.4660732860534,-5.115726496290559,1.0
8,496,562.4440239924437,-10.889457903318036,557.4440239924437,-15.889457903318036,567.4440239924437,-5.889457903318036,1.0
8,497,562.9871814138658,-11.661932091466149,557.9871814138658,-16.66193209146615,567.9871814138658,-6.661932091466149,1.0
8,498,562.9251303433708,-13.067684600283897,557.9251303433708,-18.067684600283897,567.9251303433708,-8.067684600283897,1.0
8,499,563.1772265098883,-14.287656362970626,558.1772265098883,-19.287656362970626,568.1772265098883,-9.287656362970626,1.0
8,500,562.4815079017727,-14.986238114311924,557.4815079017727,-19.986238114311924,567.4815079017727,-9.986238114311924,1.0
8,501,562.8121084000335,-14.809525253333383,557.8121084000335,-19.809525253333383,567.8121084000335,-9.809525253333383,1.0
8,502,563.6042243838393,-13.14717666571854,558.6042243838393,-18.14717666571854,568.6042243838393,-8.14717666571854,1.0
8,503,564.3628166087748,-11.89808570303574,559.3628166087748,-16.89808570303574,569.3628166087748,-6.89808570303574,1.0
8,504,565.9701358554064,-11.60944797219948,560.9701358554064,-16.60944797219948,570.9701358554064,-6.609447972199479,1.0
8,505,566.7868342658433,-11.440290852427783,561.7868342658433,-16.440290852427783,571.7868342658433,-6.440290852427783,1.0
8,506,567.2157348770775,-11.320309238894964,562.2157348770775,-16.320309238894964,572.2157348770775,-6.320309238894964,1.0
8,507,567.561822230169,-11.134391817698472,562.561822230169,-16.13439181769847,572.561822230169,-6.1343918176984715,1.0
8,508,567.7501770201987,-11.175699416464418,562.7501770201987,-16.17569941646442,572.7501770201987,-6.175699416464418,1.0
8,509,567.3873285224702,-10.756179972514651,562.3873285224702,-15.756179972514651,572.3873285224702,-5.756179972514651,1.0
8,510,566.1407430521248,-10.223166785476614,561.1407430521248,-15.223166785476614,571.1407430521248,-5.223166785476614,1.0
8,511,565.0689196255378,-9.137833949139605,560.0689196255378,-14.137833949139605,570.0689196255378,-4.137833949139605,1.0
8,512,564.9292727552737,-8.455139605095063,559.9292727552737,-13.455139605095063,569.9292727552737,-3.455139605095063,1.0
8,513,564.7685441101178,-8.740706698254627,559.7685441101178,-13.740706698254627,569.7685441101178,-3.740706698254627,1.0
8,514,564.0144179478003,-8.733897660028365,559.0144179478003,-13.733897660028365,569.0144179478003,-3.733897660028365,1.0
8,515,563.0401465187972,-7.966998427797005,558.0401465187972,-12.966998427797005,568.0401465187972,-2.966998427797005,1.0
8,516,562.0181845058817,-7.596553365511259,557.0181845058817,-12.596553365511259,567.0181845058817,-2.5965533655112587,1.0
8,517,560.8512425237205,-7.211514173289814,555.8512425237205,-12.211514173289814,565.8512425237205,-2.211514173289814,1.0
8,518,560.1477010825014,-8.15418309270207,555.1477010825014,-13.15418309270207,565.1477010825014,-3.1541830927020698,1.0
8,519,559.6075399402614,-9.065702028629335,554.6075399402614,-14.065702028629335,564.6075399402614,-4.065702028629335,1.0
8,520,559.828480753355,-9.018503433758422,554.828480753355,-14.018503433758422,564.828480753355,-4.018503433758422,1.0
8,521,559.5805138577321,-9.033603864498087,554.5805138577321,-14.033603864498087,564.5805138577321,-4.033603864498087,1.0
8,522,558.6056810665021,-7.76756277725417,553.6056810665021,-12.76756277725417,563.6056810665021,-2.76756277725417,1.0
8,523,557.1908270183526,-7.648992517303846,552.1908270183526,-12.648992517303846,562.1908270183526,-2.6489925173038458,1.0
8,524,556.0996310058462,-7.8784220300473855,551.0996310058462,-12.878422030047386,561.0996310058462,-2.8784220300473855,1.0
8,525,554.941081396654,-7.207456923728699,549.941081396654,-12.2074569237287,559.941081396654,-2.2074569237286994,1.0
8,526,554.5883686363687,-7.020633530021062,549.5883686363687,-12.020633530021062,559.5883686363687,-2.020633530021062,1.0
8,527,554.3084118210818,-6.280944626654684,549.3084118210818,-11.280944626654684,559.3084118210818,-1.2809446266546836,1.0
8,528,553.1292584982831,-5.460622125226212,548.1292584982831,-10.460622125226212,558.1292584982831,-0.4606221252262124,1.0
8,529,552.4639107793088,-5.657116930002928,547.4639107793088,-10.657116930002928,557.4639107793088,-0.6571169300029283,1.0
8,530,551.4572405961163,-5.4039749686197265,546.4572405961163,-10.403974968619726,556.4572405961163,-0.4039749686197265,1.0
8,531,550.7851211445258,-4.293568107469927,545.7851211445258,-9.293568107469927,555.7851211445258,0.7064318925300732,1.0
8,532,550.3669605249625,-3.676373401111457,545.3669605249625,-8.676373401111457,555.3669605249625,1.3236265988885432,1.0
8,533,551.3521042012381,-2.4943909925536722,546.3521042012381,-7.494390992553672,556.3521042012381,2.5056090074463278,1.0
8,534,551.3996597510968,-1.8546099692939322,546.3996597510968,-6.854609969293932,556.3996597510968,3.145390030706068,1.0
8,535,551.6091546953776,-2.0600877352711535,546.6091546953776,-7.0600877352711535,556.6091546953776,2.9399122647288465,1.0
8,536,551.9989155602781,-1.509621023948771,546.9989155602781,-6.509621023948771,556.9989155602781,3.490378976051229,1.0
8,537,552.974603298252,-1.892288534029717,547.974603298252,-6.892288534029717,557.974603298252,3.107711465970283,1.0
8,538,553.7204652795779,-2.635170201473912,548.7204652795779,-7.635170201473912,558.7204652795779,2.364829798526088,1.0
8,539,555.3656285248746,-3.240673524347768,550.3656285248746,-8.240673524347768,560.3656285248746,1.759326475652232,1.0
8,540,555.8422825815563,-3.833313193052545,550.8422825815563,-8.833313193052545,560.8422825815563,1.166686806947455,1.0
8,541,556.1318459440466,-4.5289474864177794,551.1318459440466,-9.52894748641778,561.1318459440466,0.47105251358222056,1.0
8,542,556.5520600140993,-5.644696151059296,551.5520600140993,-10.644696151059296,561.5520600140993,-0.6446961510592963,1.0
8,543,557.1379523919819,-6.5127073673445075,552.1379523919819,-11.512707367344508,562.1379523919819,-1.5127073673445075,1.0
8,544,557.4729202184451,-6.459761612545474,552.4729202184451,-11.459761612545474,562.4729202184451,-1.4597616125454742,1.0
8,545,557.4943568760118,-7.007852398155531,552.4943568760118,-12.007852398155531,562.4943568760118,-2.0078523981555314,1.0
8,546,558.0023277974228,-7.454304020752982,553.0023277974228,-12.454304020752982,563.0023277974228,-2.454304020752982,1.0
8,547,557.8552429943761,-7.1654989886624705,552.8552429943761,-12.16549898866247,562.8552429943761,-2.1654989886624705,1.0
8,548,558.0048594434046,-7.28169622672349,553.0048594434046,-12.28169622672349,563.0048594434046,-2.28169622672349,1.0
8,549,557.5176092634058,-6.048962260521037,552.5176092634058,-11.048962260521037,562.5176092634058,-1.0489622605210371,1.0
8,550,558.1889245446627,-4.66683531554901,553.1889245446627,-9.66683531554901,563.1889245446627,0.3331646844509901,1.0
8,551,558.7300586645023,-3.8096825160289427,553.7300586645023,-8.809682516028943,563.7300586645023,1.1903174839710573,1.0
8,552,558.524173595119,-2.005429628938291,553.524173595119,-7.005429628938291,563.524173595119,2.994570371061709,1.0
8,553,558.3407174776868,-0.4178546282481115,553.3407174776868,-5.4178546282481115,563.3407174776868,4.5821453717518885,1.0
8,554,557.4866955974304,1.1529401701224593,552.4866955974304,-3.8470598298775407,562.4866955974304,6.152940170122459,1.0
8,555,557.2631859571139,2.500178273280291,552.2631859571139,-2.499821726719709,562.2631859571139,7.500178273280291,1.0
8,556,558.0814945222868,2.987882845750029,553.0814945222868,-2.012117154249971,563.0814945222868,7.987882845750029,1.0
8,557,560.3377001283174,2.6904816884107605,555.3377001283174,-2.3095183115892395,565.3377001283174,7.6904816884107605,1.0
8,558,560.7400166477724,2.517492670944142,555.7400166477724,-2.482507329055858,565.7400166477724,7.517492670944142,1.0
8,559,560.1618388548021,2.953801701923174,555.1618388548021,-2.046198298076826,565.1618388548021,7.953801701923174,1.0
8,560,559.565451606164,3.3668048214773005,554.565451606164,-1.6331951785226995,564.565451606164,8.3668048214773,1.0
8,561,560.1499016162888,3.5506136095219025,555.1499016162888,-1.4493863904780975,565.1499016162888,8.550613609521903,1.0
8,562,560.0861443789619,3.5234273041834117,555.0861443789619,-1.4765726958165883,565.0861443789619,8.52342730418341,1.0
8,563,559.9318555661071,3.0433157932462382,554.9318555661071,-1.9566842067537618,564.9318555661071,8.043315793246238,1.0
8,564,560.2329510371646,2.677194400253791,555.2329510371646,-2.322805599746209,565.2329510371646,7.677194400253791,1.0
8,565,560.9227930810746,3.4022913278494986,555.9227930810746,-1.5977086721505014,565.9227930810746,8.402291327849499,1.0
8,566,561.5710074497581,4.345009260902394,556.5710074497581,-0.654990739097606,566.5710074497581,9.345009260902394,1.0
8,567,560.7100459727534,4.870427412122488,555.7100459727534,-0.12957258787751158,565.7100459727534,9.870427412122488,1.0
8,568,560.4133265137062,4.942217855885928,555.4133265137062,-0.05778214411407223,565.4133265137062,9.942217855885929,1.0
8,569,560.9393346694567,5.929326096403107,555.9393346694567,0.9293260964031074,565.9393346694567,10.929326096403107,1.0
8,570,561.5485929223925,5.425663631657545,556.5485929223925,0.42566363165754506,566.5485929223925,10.425663631657546,1.0
8,571,562.9869354610198,4.138138540868914,557.9869354610198,-0.8618614591310862,567.9869354610198,9.138138540868914,1.0
8,572,563.76514192253,3.5183113870978744,558.76514192253,-1.4816886129021256,568.76514192253,8.518311387097874,1.0
8,573,564.2637110934111,3.21708993498199,559.2637110934111,-1.7829100650180099,569.2637110934111,8.21708993498199,1.0
8,574,563.5024055274719,2.5983867183220584,558.5024055274719,-2.4016132816779416,568.5024055274719,7.598386718322058,1.0
8,575,561.4469451086749,2.5202101545041042,556.4469451086749,-2.4797898454958958,566.4469451086749,7.520210154504104,1.0
8,576,559.8989907950994,3.4017428262438862,554.8989907950994,-1.5982571737561138,564.8989907950994,8.401742826243886,1.0
8,577,559.6774952263079,5.146251673158837,554.6774952263079,0.14625167315883658,564.6774952263079,10.146251673158837,1.0
8,578,560.2273712455918,5.902914932815941,555.2273712455918,0.9029149328159409,565.2273712455918,10.902914932815941,1.0
8,579,560.0901631737077,6.622761591307795,555.0901631737077,1.6227615913077953,565.0901631737077,11.622761591307796,1.0
8,580,560.2609709966964,7.4356733088298705,555.2609709966964,2.4356733088298705,565.2609709966964,12.43567330882987,1.0
8,581,560.7530830445047,7.91256566278609,555.7530830445047,2.91256566278609,565.7530830445047,12.91256566278609,1.0
8,582,560.9359673842672,9.100894040673719,555.9359673842672,4.100894040673719,565.9359673842672,14.100894040673719,1.0
8,583,561.5629931284661,9.546357246267487,556.5629931284661,4.546357246267487,566.5629931284661,14.546357246267487,1.0
8,584,562.4195302008494,10.618155964556093,557.4195302008494,5.6181559645560935,567.4195302008494,15.618155964556093,1.0
8,585,561.9394691975191,11.521260131367505,556.9394691975191,6.521260131367505,566.9394691975191,16.521260131367505,1.0
8,586,561.5713242997442,10.862571360428532,556.5713242997442,5.862571360428532,566.5713242997442,15.862571360428532,1.0
8,587,562.4338008481257,10.753507170247133,557.4338008481257,5.753507170247133,567.4338008481257,15.753507170247133,1.0
8,588,562.6701859558383,10.427099827146055,557.6701859558383,5.427099827146055,567.6701859558383,15.427099827146055,1.0
8,589,562.8962767976723,9.786140400952322,557.8962767976723,4.786140400952322,567.8962767976723,14.786140400952322,1.0
8,590,562.5216313616113,9.99891194038048,557.5216313616113,4.998911940380481,567.5216313616113,14.99891194038048,1.0
8,591,562.7763936389524,9.869389694955588,557.7763936389524,4.869389694955588,567.7763936389524,14.869389694955588,1.0
8,592,563.3117565901629,9.81168832102376,558.3117565901629,4.811688321023761,568.3117565901629,14.81168832102376,1.0
8,593,563.9241906427337,9.2757726386723,558.9241906427337,4.275772638672301,568.9241906427337,14.2757726386723,1.0
8,594,564.8219781638187,9.49922194378174,559.8219781638187,4.499221943781739,569.8219781638187,14.49922194378174,1.0
8,595,563.902924446605,10.274268582842394,558.902924446605,5.274268582842394,568.902924446605,15.274268582842394,1.0
8,596,561.9730972381722,12.282669294700234,556.9730972381722,7.282669294700234,566.9730972381722,17.282669294700234,1.0
8,597,560.1159338308206,13.276643142261392,555.1159338308206,8.276643142261392,565.1159338308206,18.276643142261392,1.0
8,598,558.5177575986588,14.773370298671443,553.5177575986588,9.773370298671443,563.5177575986588,19.773370298671445,1.0
8,599,558.3829423330625,15.73244541998114,553.3829423330625,10.73244541998114,563.3829423330625,20.73244541998114,1.0
8,600,558.9040614132249,15.582041609427051,553.9040614132249,10.582041609427051,563.9040614132249,20.58204160942705,1.0
8,601,560.4133467612555,15.852932405979232,555.4133467612555,10.852932405979232,565.4133467612555,20.85293240597923,1.0
8,602,562.0024002205209,15.988090809440191,557.0024002205209,10.988090809440191,567.0024002205209,20.98809080944019,1.0
8,603,563.3621436932899,15.271250727807795,558.3621436932899,10.271250727807795,568.3621436932899,20.271250727807796,1.0
8,604,564.2994041182649,14.744282451325248,559.2994041182649,9.744282451325248,569.2994041182649,19.744282451325248,1.0
8,605,563.2403680190963,14.981360908512466,558.2403680190963,9.981360908512466,568.2403680190963,19.981360908512464,1.0
8,606,561.982111923135,15.365071939025333,556.982111923135,10.365071939025333,566.982111923135,20.365071939025334,1.0
8,607,560.793899138851,15.860119871858796,555.793899138851,10.860119871858796,565.793899138851,20.860119871858796,1.0
8,608,560.4592426565428,16.64860082799525,555.4592426565428,11.64860082799525,565.4592426565428,21.64860082799525,1.0
8,609,561.4574679970818,17.121476633414154,556.4574679970818,12.121476633414154,566.4574679970818,22.121476633414154,1.0
8,610,561.4770265720636,17.019859760974764,556.4770265720636,12.019859760974764,566.4770265720636,22.019859760974764,1.0
8,611,561.8752983743731,17.994883143165556,556.8752983743731,12.994883143165556,566.8752983743731,22.994883143165556,1.0
8,612,563.1070607060856,17.89558508479532,558.1070607060856,12.895585084795322,568.1070607060856,22.89558508479532,1.0
8,613,564.3299928386383,18.414089039749847,559.3299928386383,13.414089039749847,569.3299928386383,23.414089039749847,1.0
8,614,565.3217386685376,19.516959732675463,560.3217386685376,14.516959732675463,570.3217386685376,24.516959732675463,1.0
8,615,566.461468327317,20.2500552473882,561.461468327317,15.2500552473882,571.461468327317,25.2500552473882,1.0
8,616,566.7782144311547,20.172206505354072,561.7782144311547,15.172206505354072,571.7782144311547,25.172206505354072,1.0
8,617,567.5538772533221,20.12950987044021,562.5538772533221,15.12950987044021,572.5538772533221,25.12950987044021,1.0
8,618,567.635014314773,19.179378657666916,562.635014314773,14.179378657666916,572.635014314773,24.179378657666916,1.0
8,619,567.0943594983306,18.241618576558146,562.0943594983306,13.241618576558146,572.0943594983306,23.241618576558146,1.0
8,620,566.2778042502476,17.421066370371236,561.2778042502476,12.421066370371236,571.2778042502476,22.421066370371236,1.0
8,621,565.3667715901048,17.202082142947013,560.3667715901048,12.202082142947013,570.3667715901048,22.202082142947013,1.0
8,622,565.2732809069041,16.590901853898554,560.2732809069041,11.590901853898554,570.2732809069041,21.590901853898554,1.0
8,623,566.0282535190979,16.003599074505725,561.0282535190979,11.003599074505725,571.0282535190979,21.003599074505725,1.0
8,624,566.4932443114154,16.013887778767753,561.4932443114154,11.013887778767753,571.4932443114154,21.013887778767753,1.0
8,625,566.487466099216,16.105907865977695,561.487466099216,11.105907865977695,571.487466099216,21.105907865977695,1.0
8,626,565.8261456938775,16.17655308767053,560.8261456938775,11.17655308767053,570.8261456938775,21.17655308767053,1.0
8,627,566.094986659094,15.92803447748705,561.094986659094,10.92803447748705,571.094986659094,20.92803447748705,1.0
8,628,565.7000024706648,15.377112110613758,560.7000024706648,10.377112110613758,570.7000024706648,20.37711211061376,1.0
8,629,566.3054255578123,16.04153940364293,561.3054255578123,11.041539403642929,571.3054255578123,21.04153940364293,1.0
8,630,566.2863584509714,15.569679968044753,561.2863584509714,10.569679968044753,571.2863584509714,20.569679968044753,1.0
8,631,566.1809478691182,16.320856479836404,561.1809478691182,11.320856479836404,571.1809478691182,21.320856479836404,1.0
8,632,565.6532445697779,16.13194980778628,560.6532445697779,11.131949807786281,570.6532445697779,21.13194980778628,1.0
8,633,565.1037153710391,16.205734339015038,560.1037153710391,11.205734339015038,570.1037153710391,21.205734339015038,1.0
8,634,565.0684932059695,15.699592079223642,560.0684932059695,10.699592079223642,570.0684932059695,20.699592079223642,1.0
8,635,565.790053288107,14.012999473035993,560.790053288107,9.012999473035993,570.790053288107,19.012999473035993,1.0
8,636,565.2701775170234,12.763431500089846,560.2701775170234,7.763431500089846,570.2701775170234,17.763431500089844,1.0
8,637,565.031327255045,12.319331476914247,560.031327255045,7.319331476914247,570.031327255045,17.319331476914247,1.0
8,638,564.3763358091243,11.493033645010474,559.3763358091243,6.493033645010474,569.3763358091243,16.493033645010474,1.0
8,639,563.3323665430386,12.091988698338987,558.3323665430386,7.091988698338987,568.3323665430386,17.091988698338987,1.0
8,640,561.1351540046039,12.33251022687961,556.1351540046039,7.332510226879609,566.1351540046039,17.33251022687961,1.0
8,641,559.3834690450309,11.460238475739299,554.3834690450309,6.460238475739299,564.3834690450309,16.4602384757393,1.0
8,642,558.0684920843535,11.534098670210415,553.0684920843535,6.534098670210415,563.0684920843535,16.534098670210415,1.0
8,643,557.0444508813646,10.587250699994943,552.0444508813646,5.587250699994943,562.0444508813646,15.587250699994943,1.0
8,644,556.2944580869432,10.285691310951876,551.2944580869432,5.285691310951876,561.2944580869432,15.285691310951876,1.0
8,645,556.4253688843465,10.206761227714104,551.4253688843465,5.206761227714104,561.4253688843465,15.206761227714104,1.0
8,646,556.718040192287,10.80123736802391,551.718040192287,5.80123736802391,561.718040192287,15.80123736802391,1.0
8,647,556.0011822633131,10.759058550549383,551.0011822633131,5.759058550549383,561.0011822633131,15.759058550549383,1.0
8,648,555.7266194558815,9.958495805615495,550.7266194558815,4.958495805615495,560.7266194558815,14.958495805615495,1.0
8,649,554.9066339126798,9.325020220362214,549.9066339126798,4.325020220362214,559.9066339126798,14.325020220362214,1.0
8,650,554.2450738961821,9.025128024374881,549.2450738961821,4.025128024374881,559.2450738961821,14.025128024374881,1.0
8,651,554.3178849672906,7.121978451476963,549.3178849672906,2.121978451476963,559.3178849672906,12.121978451476963,1.0
8,652,555.1365766789115,6.162276253125725,550.1365766789115,1.1622762531257251,560.1365766789115,11.162276253125725,1.0
8,653,554.5006836348026,5.345981404705465,549.5006836348026,0.3459814047054648,559.5006836348026,10.345981404705466,1.0
8,654,553.5121133287147,4.6627268624032405,548.5121133287147,-0.3372731375967595,558.5121133287147,9.66272686240324,1.0
8,655,552.1560791094864,3.5623435110394004,547.1560791094864,-1.4376564889605996,557.1560791094864,8.562343511039401,1.0
8,656,550.8792704575287,3.376850812549625,545.8792704575287,-1.623149187450375,555.8792704575287,8.376850812549625,1.0
8,657,549.3495063914146,3.53004071771794,544.3495063914146,-1.4699592822820602,554.3495063914146,8.53004071771794,1.0
8,658,549.344405395037,3.0121581890862963,544.344405395037,-1.9878418109137037,554.344405395037,8.012158189086296,1.0
8,659,548.8795423764104,2.1887697618339885,543.8795423764104,-2.8112302381660115,553.8795423764104,7.1887697618339885,1.0
8,660,549.9001016997192,1.2157556752809509,544.9001016997192,-3.784244324719049,554.9001016997192,6.215755675280951,1.0
8,661,550.5711689759522,0.8836891243801333,545.5711689759522,-4.116310875619867,555.5711689759522,5.883689124380133,1.0
8,662,551.8603246006278,0.30177529322186203,546.8603246006278,-4.698224706778138,556.8603246006278,5.301775293221862,1.0
8,663,553.1835850645543,1.035364072354957,548.1835850645543,-3.964635927645043,558.1835850645543,6.035364072354957,1.0
8,664,554.6817697094792,1.5960172519611007,549.6817697094792,-3.4039827480388993,559.6817697094792,6.596017251961101,1.0
8,665,555.6303519194653,2.023251076052885,550.6303519194653,-2.976748923947115,560.6303519194653,7.023251076052885,1.0
8,666,555.5173143536767,3.301518456443606,550.5173143536767,-1.6984815435563938,560.5173143536767,8.301518456443606,1.0
8,667,554.7924441219993,5.713448016787174,549.7924441219993,0.713448016787174,559.7924441219993,10.713448016787174,1.0
8,668,554.6426248171157,7.133668510260931,549.6426248171157,2.1336685102609314,559.6426248171157,12.133668510260932,1.0
8,669,554.762559223894,9.179562386433506,549.762559223894,4.179562386433506,559.762559223894,14.179562386433506,1.0
8,670,554.8284711989292,10.547032806836675,549.8284711989292,5.547032806836675,559.8284711989292,15.547032806836675,1.0
8,671,555.246411290752,10.692616628151752,550.246411290752,5.692616628151752,560.246411290752,15.692616628151752,1.0
8,719,555.7274056324977,11.459417003154172,550.7274056324977,6.459417003154172,560.7274056324977,16.459417003154172,1.0
8,720,556.0647323019056,12.041777089441746,551.0647323019056,7.041777089441746,561.0647323019056,17.041777089441744,1.0
8,721,556.9095180836445,12.789240181533195,551.9095180836445,7.789240181533195,561.9095180836445,17.789240181533195,1.0
8,722,556.7756363619002,14.033356048079657,551.7756363619002,9.033356048079657,561.7756363619002,19.033356048079657,1.0
8,723,556.8313138818268,15.514201720870222,551.8313138818268,10.514201720870222,561.8313138818268,20.514201720870222,1.0
8,724,557.4686555404882,16.28846843261808,552.4686555404882,11.288468432618082,562.4686555404882,21.28846843261808,1.0
8,725,558.6168641245438,16.564487880190757,553.6168641245438,11.564487880190757,563.6168641245438,21.564487880190757,1.0
8,726,559.4347199215748,16.746266456251842,554.4347199215748,11.746266456251842,564.4347199215748,21.746266456251842,1.0
8,727,558.9391564233382,17.24460064944929,553.9391564233382,12.24460064944929,563.9391564233382,22.24460064944929,1.0
8,728,557.7703896153789,18.483659762725523,552.7703896153789,13.483659762725523,562.7703896153789,23.483659762725523,1.0
8,729,556.6968923303733,19.389959361512805,551.6968923303733,14.389959361512805,561.6968923303733,24.389959361512805,1.0
8,730,556.4646493925682,18.49808199361351,551.4646493925682,13.49808199361351,561.4646493925682,23.49808199361351,1.0
8,731,556.3152648048291,17.695743782521333,551.3152648048291,12.695743782521333,561.3152648048291,22.695743782521333,1.0
8,732,556.1525273872835,17.34134449764983,551.1525273872835,12.341344497649828,561.1525273872835,22.34134449764983,1.0
8,733,556.4035393363711,17.91143596562999,551.4035393363711,12.911435965629991,561.4035393363711,22.91143596562999,1.0
8,734,556.9344592268429,18.01580773826319,551.9344592268429,13.015807738263192,561.9344592268429,23.01580773826319,1.0
8,735,557.7794489937254,18.409616430548084,552.7794489937254,13.409616430548084,562.7794489937254,23.409616430548084,1.0
8,736,558.7280451984037,18.76054739885089,553.7280451984037,13.760547398850889,563.7280451984037,23.76054739885089,1.0
8,737,558.5175617749409,20.11397613254844,553.5175617749409,15.11397613254844,563.5175617749409,25.11397613254844,1.0
8,738,558.0933042498829,20.948933437951172,553.0933042498829,15.948933437951172,563.0933042498829,25.948933437951172,1.0
8,739,558.6166128771815,22.234993122020292,553.6166128771815,17.234993122020292,563.6166128771815,27.234993122020292,1.0
8,740,560.8385250020832,24.33166349942753,555.8385250020832,19.33166349942753,565.8385250020832,29.33166349942753,1.0
8,741,562.1341560071211,25.00306519273758,557.1341560071211,20.00306519273758,567.1341560071211,30.00306519273758,1.0
8,742,562.7053114762434,26.0966891405693,557.7053114762434,21.0966891405693,567.7053114762434,31.0966891405693,1.0
8,743,563.2369333976521,27.47880348985922,558.2369333976521,22.47880348985922,568.2369333976521,32.47880348985922,1.0
8,744,563.5611303852464,27.730842697874774,558.5611303852464,22.730842697874774,568.5611303852464,32.73084269787478,1.0
8,745,562.98604389879,27.433167935669932,557.98604389879,22.433167935669932,567.98604389879,32.43316793566993,1.0
8,746,563.3014064711411,27.3391194631565,558.3014064711411,22.3391194631565,568.3014064711411,32.3391194631565,1.0
8,747,563.0367040702611,27.14055753767713,558.0367040702611,22.14055753767713,568.0367040702611,32.140557537677125,1.0
8,748,562.4415316211133,26.449513435289752,557.4415316211133,21.449513435289752,567.4415316211133,31.449513435289752,1.0
