track_id,frame,cx,cy,x1,y1,x2,y2,conf
1,0,392.0,90.0,387.0,85.0,397.0,95.0,1.0
1,1,392.15821749536536,90.06462917672457,387.15821749536536,85.06462917672457,397.15821749536536,95.06462917672457,1.0
1,2,392.6560875641073,90.17346287395193,387.6560875641073,85.17346287395193,397.6560875641073,95.17346287395193,1.0
1,3,393.1468403849493,89.83680726794344,388.1468403849493,84.83680726794344,398.1468403849493,94.83680726794344,1.0
1,4,393.58079659396867,90.36814766966653,388.58079659396867,85.36814766966653,398.58079659396867,95.36814766966653,1.0
1,5,393.4502892555929,90.32277147802408,388.4502892555929,85.32277147802408,398.4502892555929,95.32277147802408,1.0
1,6,392.16507357794467,90.56323232813499,387.16507357794467,85.56323232813499,397.16507357794467,95.56323232813499,1.0
1,7,390.88858718449023,90.85875208148964,385.88858718449023,85.85875208148964,395.88858718449023,95.85875208148964,1.0
1,8,390.873197205774,91.25484524141505,385.873197205774,86.25484524141505,395.873197205774,96.25484524141505,1.0
1,9,391.1207604171154,90.99504125548955,386.1207604171154,85.99504125548955,396.1207604171154,95.99504125548955,1.0
1,10,391.93474835327567,90.17928753295594,386.93474835327567,85.17928753295594,396.93474835327567,95.17928753295594,1.0
1,11,392.23879795328577,89.49655641503925,387.23879795328577,84.49655641503925,397.23879795328577,94.49655641503925,1.0
1,12,393.0389089984227,89.42339583811922,388.0389089984227,84.42339583811922,398.0389089984227,94.42339583811922,1.0
1,13,393.264315111063,89.40944096450727,388.264315111063,84.40944096450727,398.264315111063,94.40944096450727,1.0
1,14,393.50036972169266,88.93427231722654,388.50036972169266,83.93427231722654,398.50036972169266,93.93427231722654,1.0
1,15,394.37579498270776,89.80731222070332,389.37579498270776,84.80731222070332,399.37579498270776,94.80731222070332,1.0
1,16,395.5155795930002,91.00208879240454,390.5155795930002,86.00208879240454,400.5155795930002,96.00208879240454,1.0
1,17,396.7741078959113,92.07153013604633,391.7741078959113,87.07153013604633,401.7741078959113,97.07153013604633,1.0
1,18,398.01878465327565,92.30107942014189,393.01878465327565,87.30107942014189,403.01878465327565,97.30107942014189,1.0
1,19,398.14555882465817,92.28463106543377,393.14555882465817,87.28463106543377,403.14555882465817,97.28463106543377,1.0
1,20,398.9926196345537,91.95469209313906,393.9926196345537,86.95469209313906,403.9926196345537,96.95469209313906,1.0
1,21,399.32304790382096,91.86755760472484,394.32304790382096,86.86755760472484,404.32304790382096,96.86755760472484,1.0
1,22,399.9600990693093,91.87109834504837,394.9600990693093,86.87109834504837,404.9600990693093,96.87109834504837,1.0
1,23,399.7605582890296,91.15141254653633,394.7605582890296,86.15141254653633,404.7605582890296,96.15141254653633,1.0
1,24,399.8419676922838,90.60586459990598,394.8419676922838,85.60586459990598,404.8419676922838,95.60586459990598,1.0
1,25,400.6238436751952,91.20837899763795,395.6238436751952,86.20837899763795,405.6238436751952,96.20837899763795,1.0
1,26,400.15991504462323,91.28408113501112,395.15991504462323,86.28408113501112,405.15991504462323,96.28408113501112,1.0
1,27,399.8120438740057,90.837919150993,394.8120438740057,85.837919150993,404.8120438740057,95.837919150993,1.0
1,28,399.440575942905,89.47109212177234,394.440575942905,84.47109212177234,404.440575942905,94.47109212177234,1.0
1,29,399.72104076130404,88.86341039222143,394.72104076130404,83.86341039222143,404.72104076130404,93.86341039222143,1.0
1,30,399.76822220457564,88.1495648068621,394.76822220457564,83.1495648068621,404.76822220457564,93.1495648068621,1.0
1,31,399.5180311977166,87.53329278342315,394.5180311977166,82.53329278342315,404.5180311977166,92.53329278342315,1.0
1,32,399.1094824517074,87.39935278059883,394.1094824517074,82.39935278059883,404.1094824517074,92.39935278059883,1.0
1,33,398.5060151047262,88.2788712423011,393.5060151047262,83.2788712423011,403.5060151047262,93.2788712423011,1.0
1,34,397.2377939518881,88.01622036860344,392.2377939518881,83.01622036860344,402.2377939518881,93.01622036860344,1.0
1,35,396.0070665211282,88.57444483710529,391.0070665211282,83.57444483710529,401.0070665211282,93.57444483710529,1.0
1,36,395.12252112494656,89.21484782116427,390.12252112494656,84.21484782116427,400.12252112494656,94.21484782116427,1.0
1,37,393.95893924579764,89.28542460650077,388.95893924579764,84.28542460650077,398.95893924579764,94.28542460650077,1.0
1,38,393.9650819916776,88.59668891423868,388.9650819916776,83.59668891423868,398.9650819916776,93.59668891423868,1.0
1,39,393.93151957120745,88.06827276359348,388.93151957120745,83.06827276359348,398.93151957120745,93.06827276359348,1.0
1,40,393.9411780656121,87.62285268897143,388.9411780656121,82.62285268897143,398.9411780656121,92.62285268897143,1.0
1,41,393.4889310571161,86.88191583254672,388.4889310571161,81.88191583254672,398.4889310571161,91.88191583254672,1.0
1,42,393.88099744350677,86.44046877555826,388.88099744350677,81.44046877555826,398.88099744350677,91.44046877555826,1.0
1,43,395.0430669262847,86.4983646265274,390.0430669262847,81.4983646265274,400.0430669262847,91.4983646265274,1.0
1,44,395.4917860593946,86.51917313619829,390.4917860593946,81.51917313619829,400.4917860593946,91.51917313619829,1.0
1,45,396.2762445945313,86.25816683028962,391.2762445945313,81.25816683028962,401.2762445945313,91.25816683028962,1.0
1,46,396.14376255960553,85.38039451997275,391.14376255960553,80.38039451997275,401.14376255960553,90.38039451997275,1.0
1,47,395.4324570004438,84.96708922646978,390.4324570004438,79.96708922646978,400.4324570004438,89.96708922646978,1.0
1,48,395.1356256126007,85.99784560903989,390.1356256126007,80.99784560903989,400.1356256126007,90.99784560903989,1.0
1,49,395.4096900538033,86.57725742105795,390.4096900538033,81.57725742105795,400.4096900538033,91.57725742105795,1.0
1,50,395.7459011445942,86.44641090315841,390.7459011445942,81.44641090315841,400.7459011445942,91.44641090315841,1.0
1,51,396.6720135278496,86.507360366965,391.6720135278496,81.507360366965,401.6720135278496,91.507360366965,1.0
1,52,397.7884173104208,86.53553609653497,392.7884173104208,81.53553609653497,402.7884173104208,91.53553609653497,1.0
1,53,399.2279691957653,86.0784062264002,394.2279691957653,81.0784062264002,404.2279691957653,91.0784062264002,1.0
1,54,400.9208778125234,85.68631994334402,395.9208778125234,80.68631994334402,405.9208778125234,90.68631994334402,1.0
1,55,400.6330086962197,85.93887183778048,395.6330086962197,80.93887183778048,405.6330086962197,90.93887183778048,1.0
1,56,400.9622642422162,86.76509876717276,395.9622642422162,81.76509876717276,405.9622642422162,91.76509876717276,1.0
1,57,401.09815789734836,86.62726271524886,396.09815789734836,81.62726271524886,406.09815789734836,91.62726271524886,1.0
1,58,401.5123069614215,86.71752053089966,396.5123069614215,81.71752053089966,406.5123069614215,91.71752053089966,1.0
1,59,402.6363126087155,87.23272315178689,397.6363126087155,82.23272315178689,407.6363126087155,92.23272315178689,1.0
1,60,403.479421738767,87.1047033957827,398.479421738767,82.1047033957827,408.479421738767,92.1047033957827,1.0
1,61,404.9383147623781,88.52037021900091,399.9383147623781,83.52037021900091,409.9383147623781,93.52037021900091,1.0
1,62,406.06080243009734,88.00175720266296,401.06080243009734,83.00175720266296,411.06080243009734,93.00175720266296,1.0
1,63,406.33043882694074,87.555232048945,401.33043882694074,82.555232048945,411.33043882694074,92.555232048945,1.0
1,64,406.4509220753214,86.36119050370218,401.4509220753214,81.36119050370218,411.4509220753214,91.36119050370218,1.0
1,65,406.2610053838253,84.9807944780047,401.2610053838253,79.9807944780047,411.2610053838253,89.9807944780047,1.0
1,66,406.3251665132428,84.42093888068943,401.3251665132428,79.42093888068943,411.3251665132428,89.42093888068943,1.0
1,67,405.6487658514673,84.38199873132078,400.6487658514673,79.38199873132078,410.6487658514673,89.38199873132078,1.0
1,68,406.382490435651,82.99442266992085,401.382490435651,77.99442266992085,411.382490435651,87.99442266992085,1.0
1,69,405.3147367413822,81.44868019638905,400.3147367413822,76.44868019638905,410.3147367413822,86.44868019638905,1.0
1,70,405.68450118583314,81.17323403557036,400.68450118583314,76.17323403557036,410.68450118583314,86.17323403557036,1.0
1,71,405.19908629484974,80.24854232786468,400.19908629484974,75.24854232786468,410.19908629484974,85.24854232786468,1.0
1,72,405.44222496888193,80.6826164393662,400.44222496888193,75.6826164393662,410.44222496888193,85.6826164393662,1.0
1,73,405.4049947932789,81.62209402352559,400.4049947932789,76.62209402352559,410.4049947932789,86.62209402352559,1.0
1,74,405.6542029608979,81.7326590796867,400.6542029608979,76.7326590796867,410.6542029608979,86.7326590796867,1.0
1,75,405.740888311338,80.82224679815589,400.740888311338,75.82224679815589,410.740888311338,85.82224679815589,1.0
1,76,405.37148392265146,82.16521463152263,400.37148392265146,77.16521463152263,410.37148392265146,87.16521463152263,1.0
1,77,405.5326132085259,84.63683208824756,400.5326132085259,79.63683208824756,410.5326132085259,89.63683208824756,1.0
1,78,405.4607990154429,85.02642458828787,400.4607990154429,80.02642458828787,410.4607990154429,90.02642458828787,1.0
1,79,405.43340075404865,85.32188258468096,400.43340075404865,80.32188258468096,410.43340075404865,90.32188258468096,1.0
1,80,404.98150870012887,84.46879948104562,399.98150870012887,79.46879948104562,409.98150870012887,89.46879948104562,1.0
1,81,404.8228611556725,83.33024815439691,399.8228611556725,78.33024815439691,409.8228611556725,88.33024815439691,1.0
1,82,404.8092306931152,82.53996802086702,399.8092306931152,77.53996802086702,409.8092306931152,87.53996802086702,1.0
1,83,405.3966522141134,81.71811578021044,400.3966522141134,76.71811578021044,410.3966522141134,86.71811578021044,1.0
1,84,406.17687340656704,82.05558725209586,401.17687340656704,77.05558725209586,411.17687340656704,87.05558725209586,1.0
1,85,406.9910381791787,82.07715801337685,401.9910381791787,77.07715801337685,411.9910381791787,87.07715801337685,1.0
1,86,405.9648785897389,82.87835944112828,400.9648785897389,77.87835944112828,410.9648785897389,87.87835944112828,1.0
1,87,405.39119754124215,82.26366412419613,400.39119754124215,77.26366412419613,410.39119754124215,87.26366412419613,1.0
1,88,404.47027257622625,80.72897216851027,399.47027257622625,75.72897216851027,409.47027257622625,85.72897216851027,1.0
1,89,403.20595101174075,80.3347520044963,398.20595101174075,75.3347520044963,408.20595101174075,85.3347520044963,1.0
1,90,401.7790021915005,80.11863669419624,396.7790021915005,75.11863669419624,406.7790021915005,85.11863669419624,1.0
1,91,401.52232572077656,79.24740183896351,396.52232572077656,74.24740183896351,406.52232572077656,84.24740183896351,1.0
1,92,400.1410484585775,78.80172461699695,395.1410484585775,73.80172461699695,405.1410484585775,83.80172461699695,1.0
1,93,398.2480785985464,78.71532007178186,393.2480785985464,73.71532007178186,403.2480785985464,83.71532007178186,1.0
1,94,397.62750074125194,78.84072191146859,392.62750074125194,73.84072191146859,402.62750074125194,83.84072191146859,1.0
1,95,397.72405707140007,79.46508112059826,392.72405707140007,74.46508112059826,402.72405707140007,84.46508112059826,1.0
1,96,398.4906189200989,80.14901071522056,393.4906189200989,75.14901071522056,403.4906189200989,85.14901071522056,1.0
1,97,399.3631947102688,80.33279101165101,394.3631947102688,75.33279101165101,404.3631947102688,85.33279101165101,1.0
1,98,400.49050472794045,81.13041055020629,395.49050472794045,76.13041055020629,405.49050472794045,86.13041055020629,1.0
1,99,402.2105436000576,81.67355871748113,397.2105436000576,76.67355871748113,407.2105436000576,86.67355871748113,1.0
1,100,402.805008872757,81.16466645458897,397.805008872757,76.16466645458897,407.805008872757,86.16466645458897,1.0
1,101,404.5815087400321,81.69396538925821,399.5815087400321,76.69396538925821,409.5815087400321,86.69396538925821,1.0
1,102,406.2714460914441,82.6114411725479,401.2714460914441,77.6114411725479,411.2714460914441,87.6114411725479,1.0
1,103,407.4914103443779,83.74782523089242,402.4914103443779,78.74782523089242,412.4914103443779,88.74782523089242,1.0
1,104,407.2512614843779,83.4152609241602,402.2512614843779,78.4152609241602,412.2512614843779,88.4152609241602,1.0
1,105,406.53022685044414,84.21319446312009,401.53022685044414,79.21319446312009,411.53022685044414,89.21319446312009,1.0
1,106,405.51085598720965,85.21007861298898,400.51085598720965,80.21007861298898,410.51085598720965,90.21007861298898,1.0
1,107,405.1744650189971,84.69921495360708,400.1744650189971,79.69921495360708,410.1744650189971,89.69921495360708,1.0
1,108,405.06378901807074,83.93033541778551,400.06378901807074,78.93033541778551,410.06378901807074,88.93033541778551,1.0
1,109,403.975146169442,84.31013951992442,398.975146169442,79.31013951992442,408.975146169442,89.31013951992442,1.0
1,110,403.83229709363854,84.5568074721855,398.83229709363854,79.5568074721855,408.83229709363854,89.5568074721855,1.0
1,111,403.50663381755805,84.60033788470126,398.50663381755805,79.60033788470126,408.50663381755805,89.60033788470126,1.0
1,112,403.5699964511121,83.77583723668971,398.5699964511121,78.77583723668971,408.5699964511121,88.77583723668971,1.0
1,113,403.3865740570159,84.1173597607601,398.3865740570159,79.1173597607601,408.3865740570159,89.1173597607601,1.0
1,114,403.35602823883755,83.8028325847267,398.35602823883755,78.8028325847267,408.35602823883755,88.8028325847267,1.0
1,115,403.03150949177535,82.55917813341044,398.03150949177535,77.55917813341044,408.03150949177535,87.55917813341044,1.0
1,116,404.49231721613245,81.15885503658656,399.49231721613245,76.15885503658656,409.49231721613245,86.15885503658656,1.0
1,117,405.46918206185353,80.93421522833414,400.46918206185353,75.93421522833414,410.46918206185353,85.93421522833414,1.0
1,118,406.37934156845085,81.0951854869876,401.37934156845085,76.0951854869876,411.37934156845085,86.0951854869876,1.0
1,119,407.60105497073476,81.17492425831743,402.60105497073476,76.17492425831743,412.60105497073476,86.17492425831743,1.0
1,120,408.53916003579803,80.11907506414246,403.53916003579803,75.11907506414246,413.53916003579803,85.11907506414246,1.0
1,121,408.0720853455006,79.17693805685614,403.0720853455006,74.17693805685614,413.0720853455006,84.17693805685614,1.0
1,122,406.84262956841945,78.37817897906956,401.84262956841945,73.37817897906956,411.84262956841945,83.37817897906956,1.0
1,123,405.57330664475705,78.30609082457782,400.57330664475705,73.30609082457782,410.57330664475705,83.30609082457782,1.0
1,124,404.3905973225167,78.300162488709,399.3905973225167,73.300162488709,409.3905973225167,83.300162488709,1.0
1,125,403.3708298789835,77.46748030565472,398.3708298789835,72.46748030565472,408.3708298789835,82.46748030565472,1.0
1,126,402.87381154961673,76.88263229029664,397.87381154961673,71.88263229029664,407.87381154961673,81.88263229029664,1.0
1,127,402.1504620201762,76.05343408035257,397.1504620201762,71.05343408035257,407.1504620201762,81.05343408035257,1.0
1,128,401.79271629642585,76.0720570393811,396.79271629642585,71.0720570393811,406.79271629642585,81.0720570393811,1.0
1,129,401.5242785457261,76.15063338725027,396.5242785457261,71.15063338725027,406.5242785457261,81.15063338725027,1.0
1,130,400.63948176028947,75.81932043298389,395.63948176028947,70.81932043298389,405.63948176028947,80.81932043298389,1.0
1,131,400.03330018434434,75.06930878444474,395.03330018434434,70.06930878444474,405.03330018434434,80.06930878444474,1.0
1,132,399.9795916141562,75.51278544009588,394.9795916141562,70.51278544009588,404.9795916141562,80.51278544009588,1.0
1,133,399.41441029675997,75.33025736755296,394.41441029675997,70.33025736755296,404.41441029675997,80.33025736755296,1.0
1,134,398.3431335784475,75.65918223928352,393.3431335784475,70.65918223928352,403.3431335784475,80.65918223928352,1.0
1,135,396.90196657197515,74.89401247924343,391.90196657197515,69.89401247924343,401.90196657197515,79.89401247924343,1.0
1,136,396.3440238858959,74.93408817946741,391.3440238858959,69.93408817946741,401.3440238858959,79.93408817946741,1.0
1,137,393.9426966368246,75.07892676437001,388.9426966368246,70.07892676437001,398.9426966368246,80.07892676437001,1.0
1,138,391.13367930986965,75.77196590388291,386.13367930986965,70.77196590388291,396.13367930986965,80.77196590388291,1.0
1,139,388.6320960587203,75.77062698995717,383.6320960587203,70.77062698995717,393.6320960587203,80.77062698995717,1.0
1,140,387.23561130666735,76.19126241024148,382.23561130666735,71.19126241024148,392.23561130666735,81.19126241024148,1.0
1,141,386.65109250473995,76.42381130230441,381.65109250473995,71.42381130230441,391.65109250473995,81.42381130230441,1.0
1,142,386.1298562910663,76.68920506246931,381.1298562910663,71.68920506246931,391.1298562910663,81.68920506246931,1.0
1,143,385.99201246307234,77.18449564046634,380.99201246307234,72.18449564046634,390.99201246307234,82.18449564046634,1.0
1,144,385.7093709891009,77.22640891069537,380.7093709891009,72.22640891069537,390.7093709891009,82.22640891069537,1.0
1,145,384.73072895054815,76.83760813751084,379.73072895054815,71.83760813751084,389.73072895054815,81.83760813751084,1.0
1,146,383.7786356549631,77.3709521355654,378.7786356549631,72.3709521355654,388.7786356549631,82.3709521355654,1.0
1,147,383.4885468990096,77.08160794629387,378.4885468990096,72.08160794629387,388.4885468990096,82.08160794629387,1.0
1,148,382.92218363159316,76.79403597947245,377.92218363159316,71.79403597947245,387.92218363159316,81.79403597947245,1.0
1,149,383.7913033008163,76.33421290779908,378.7913033008163,71.33421290779908,388.7913033008163,81.33421290779908,1.0
1,150,384.9001805539604,75.79970798836592,379.9001805539604,70.79970798836592,389.9001805539604,80.79970798836592,1.0
1,151,386.22936767238974,76.05888007462706,381.22936767238974,71.05888007462706,391.22936767238974,81.05888007462706,1.0
1,152,386.4144468898136,76.04906098903606,381.4144468898136,71.04906098903606,391.4144468898136,81.04906098903606,1.0
1,153,385.91328159559106,75.90650502587577,380.91328159559106,70.90650502587577,390.91328159559106,80.90650502587577,1.0
1,154,385.91894250126546,75.82728963499632,380.91894250126546,70.82728963499632,390.91894250126546,80.82728963499632,1.0
1,155,385.94479048134934,75.64722667366354,380.94479048134934,70.64722667366354,390.94479048134934,80.64722667366354,1.0
1,156,386.8160518923583,75.6097846624208,381.8160518923583,70.6097846624208,391.8160518923583,80.6097846624208,1.0
1,157,387.21694782542346,75.62436715223062,382.21694782542346,70.62436715223062,392.21694782542346,80.62436715223062,1.0
1,158,386.7070835583267,76.71972323689235,381.7070835583267,71.71972323689235,391.7070835583267,81.71972323689235,1.0
1,159,385.8713582859232,77.73560133652538,380.8713582859232,72.73560133652538,390.8713582859232,82.73560133652538,1.0
1,160,385.3439506911125,78.99270436105724,380.3439506911125,73.99270436105724,390.3439506911125,83.99270436105724,1.0
1,161,384.3149059353789,79.22268840082714,379.3149059353789,74.22268840082714,389.3149059353789,84.22268840082714,1.0
1,162,384.1145060092275,79.83383630966483,379.1145060092275,74.83383630966483,389.1145060092275,84.83383630966483,1.0
1,163,383.93956960385066,81.13057189052091,378.93956960385066,76.13057189052091,388.93956960385066,86.13057189052091,1.0
1,164,382.9849256516358,81.12730962502245,377.9849256516358,76.12730962502245,387.9849256516358,86.12730962502245,1.0
1,165,382.6555639384072,80.66859293109194,377.6555639384072,75.66859293109194,387.6555639384072,85.66859293109194,1.0
1,166,382.2847970765419,80.37425625338253,377.2847970765419,75.37425625338253,387.2847970765419,85.37425625338253,1.0
1,167,382.01570364391335,80.66677444441962,377.01570364391335,75.66677444441962,387.01570364391335,85.66677444441962,1.0
1,168,380.723963392944,81.26431361933189,375.723963392944,76.26431361933189,385.723963392944,86.26431361933189,1.0
1,169,380.1367745167945,80.83445901998144,375.1367745167945,75.83445901998144,385.1367745167945,85.83445901998144,1.0
1,170,379.70096600645957,79.7332777938228,374.70096600645957,74.7332777938228,384.70096600645957,84.7332777938228,1.0
1,171,379.6763427400373,78.55383291475171,374.6763427400373,73.55383291475171,384.6763427400373,83.55383291475171,1.0
1,172,379.48284165850805,77.50319668563796,374.48284165850805,72.50319668563796,384.48284165850805,82.50319668563796,1.0
1,173,379.0121449330328,77.58419697914866,374.0121449330328,72.58419697914866,384.0121449330328,82.58419697914866,1.0
1,174,378.7018659339892,77.13435480274723,373.7018659339892,72.13435480274723,383.7018659339892,82.13435480274723,1.0
1,175,378.8593179270231,76.2162726216913,373.8593179270231,71.2162726216913,383.8593179270231,81.2162726216913,1.0
1,176,378.57311437934925,75.8156227723426,373.57311437934925,70.8156227723426,383.57311437934925,80.8156227723426,1.0
1,177,378.5696106658341,75.57731608341612,373.5696106658341,70.57731608341612,383.5696106658341,80.57731608341612,1.0
1,178,379.44006396452755,74.41521951045375,374.44006396452755,69.41521951045375,384.44006396452755,79.41521951045375,1.0
1,179,379.36914262568126,73.78944080021876,374.36914262568126,68.78944080021876,384.36914262568126,78.78944080021876,1.0
1,180,379.46476294473723,72.42686024904503,374.46476294473723,67.42686024904503,384.46476294473723,77.42686024904503,1.0
1,181,379.1659772561346,71.20702686352053,374.1659772561346,66.20702686352053,384.1659772561346,76.20702686352053,1.0
1,182,377.95925855050245,70.40219138707653,372.95925855050245,65.40219138707653,382.95925855050245,75.40219138707653,1.0
1,183,376.4049298686249,70.55848818121963,371.4049298686249,65.55848818121963,381.4049298686249,75.55848818121963,1.0
1,184,373.9836380159402,69.74608079737064,368.9836380159402,64.74608079737064,378.9836380159402,74.74608079737064,1.0
1,185,372.7137039346095,67.86813634473981,367.7137039346095,62.86813634473981,377.7137039346095,72.86813634473981,1.0
1,186,372.9200997494913,65.15270938862326,367.9200997494913,60.152709388623265,377.9200997494913,70.15270938862326,1.0
1,187,373.03767943944496,64.64159260220265,368.03767943944496,59.64159260220265,378.03767943944496,69.64159260220265,1.0
1,188,370.9982578372067,64.92319799754904,365.9982578372067,59.92319799754904,375.9982578372067,69.92319799754904,1.0
1,189,370.3821734818257,65.85573701517617,365.3821734818257,60.855737015176175,375.3821734818257,70.85573701517617,1.0
1,190,369.34458529277293,66.19642078017068,364.34458529277293,61.19642078017068,374.34458529277293,71.19642078017068,1.0
1,191,368.458651113283,66.49190689214053,363.458651113283,61.491906892140534,373.458651113283,71.49190689214053,1.0
1,192,368.42756013061916,66.5567809596675,363.42756013061916,61.556780959667506,373.42756013061916,71.5567809596675,1.0
1,193,368.565180217762,66.80781131753758,363.565180217762,61.807811317537585,373.565180217762,71.80781131753758,1.0
1,194,369.23399891467557,66.55070651071925,364.23399891467557,61.55070651071925,374.23399891467557,71.55070651071925,1.0
1,195,371.53837513672573,66.20861840575438,366.53837513672573,61.20861840575438,376.53837513672573,71.20861840575438,1.0
1,196,373.4525267839948,65.869700794851,368.4525267839948,60.869700794851,378.4525267839948,70.869700794851,1.0
1,197,375.70023413250783,66.76210683253954,370.70023413250783,61.762106832539544,380.70023413250783,71.76210683253954,1.0
1,198,377.4635265065207,68.3338986223854,372.4635265065207,63.333898622385405,382.4635265065207,73.3338986223854,1.0
1,199,378.30238267323256,69.96546503356818,373.30238267323256,64.96546503356818,383.30238267323256,74.96546503356818,1.0
1,200,379.199840517216,71.74516013750836,374.199840517216,66.74516013750836,384.199840517216,76.74516013750836,1.0
1,201,379.38608863520284,72.72477925987133,374.38608863520284,67.72477925987133,384.38608863520284,77.72477925987133,1.0
1,202,379.37143492962383,74.56649812093157,374.37143492962383,69.56649812093157,384.37143492962383,79.56649812093157,1.0
1,203,381.18162622468316,76.11263488174475,376.18162622468316,71.11263488174475,386.18162622468316,81.11263488174475,1.0
1,204,382.10529355956777,77.10207249663154,377.10529355956777,72.10207249663154,387.10529355956777,82.10207249663154,1.0
1,205,381.51146417183816,78.01143941470279,376.51146417183816,73.01143941470279,386.51146417183816,83.01143941470279,1.0
1,206,381.9209575385905,78.32624507875822,376.9209575385905,73.32624507875822,386.9209575385905,83.32624507875822,1.0
1,207,383.03523173633545,78.75236025239057,378.03523173633545,73.75236025239057,388.03523173633545,83.75236025239057,1.0
1,208,383.860748894023,78.34121264244027,378.860748894023,73.34121264244027,388.860748894023,83.34121264244027,1.0
1,209,384.7205297002206,77.39372653623809,379.7205297002206,72.39372653623809,389.7205297002206,82.39372653623809,1.0
1,210,385.18303505623777,77.32498359168996,380.18303505623777,72.32498359168996,390.18303505623777,82.32498359168996,1.0
1,211,386.3934962503567,77.51660956815061,381.3934962503567,72.51660956815061,391.3934962503567,82.51660956815061,1.0
1,212,387.0041389745198,77.9704634165862,382.0041389745198,72.9704634165862,392.0041389745198,82.9704634165862,1.0
1,213,386.9789405943745,78.14314143794286,381.9789405943745,73.14314143794286,391.9789405943745,83.14314143794286,1.0
1,214,387.2761348054443,77.60785064866992,382.2761348054443,72.60785064866992,392.2761348054443,82.60785064866992,1.0
1,215,386.5004049414681,76.40582669868311,381.5004049414681,71.40582669868311,391.5004049414681,81.40582669868311,1.0
1,216,386.4205428778149,75.39128961578811,381.4205428778149,70.39128961578811,391.4205428778149,80.39128961578811,1.0
1,217,385.7028022690607,74.68066266502296,380.7028022690607,69.68066266502296,390.7028022690607,79.68066266502296,1.0
1,218,385.00589844613825,74.70431654635493,380.00589844613825,69.70431654635493,390.00589844613825,79.70431654635493,1.0
1,219,384.9789368932299,74.21609936375542,379.9789368932299,69.21609936375542,389.9789368932299,79.21609936375542,1.0
1,220,383.68630191262304,73.73383536584234,378.68630191262304,68.73383536584234,388.68630191262304,78.73383536584234,1.0
1,221,382.86114353489506,73.6094797695861,377.86114353489506,68.6094797695861,387.86114353489506,78.6094797695861,1.0
1,222,382.54838456016574,72.99330709829358,377.54838456016574,67.99330709829358,387.54838456016574,77.99330709829358,1.0
1,223,382.06153243183377,72.78329895465725,377.06153243183377,67.78329895465725,387.06153243183377,77.78329895465725,1.0
1,224,381.5360026121567,72.37207569152879,376.5360026121567,67.37207569152879,386.5360026121567,77.37207569152879,1.0
1,225,381.22315592119236,71.61442044489668,376.22315592119236,66.61442044489668,386.22315592119236,76.61442044489668,1.0
1,226,381.1206717571753,71.79732259968749,376.1206717571753,66.79732259968749,386.1206717571753,76.79732259968749,1.0
1,227,381.14295819614233,73.0660074458235,376.14295819614233,68.0660074458235,386.14295819614233,78.0660074458235,1.0
1,228,381.0238918128487,73.79065413246268,376.0238918128487,68.79065413246268,386.0238918128487,78.79065413246268,1.0
1,229,381.67210887022225,73.60131146882752,376.67210887022225,68.60131146882752,386.67210887022225,78.60131146882752,1.0
1,230,380.9733171469838,73.88857781215677,375.9733171469838,68.88857781215677,385.9733171469838,78.88857781215677,1.0
1,231,380.486359976557,73.95948244906523,375.486359976557,68.95948244906523,385.486359976557,78.95948244906523,1.0
1,232,379.6777951094439,72.97495069046883,374.6777951094439,67.97495069046883,384.6777951094439,77.97495069046883,1.0
1,233,379.2747111269649,73.24733789973678,374.2747111269649,68.24733789973678,384.2747111269649,78.24733789973678,1.0
1,234,378.4002935511579,73.00418688726555,373.4002935511579,68.00418688726555,383.4002935511579,78.00418688726555,1.0
1,235,377.99060437114764,71.58485213564289,372.99060437114764,66.58485213564289,382.99060437114764,76.58485213564289,1.0
1,236,376.1909460371486,70.8175048576727,371.1909460371486,65.8175048576727,381.1909460371486,75.8175048576727,1.0
1,237,374.98851029257037,69.0817893385968,369.98851029257037,64.0817893385968,379.98851029257037,74.0817893385968,1.0
1,238,373.3738466440898,68.4978571222004,368.3738466440898,63.4978571222004,378.3738466440898,73.4978571222004,1.0
1,239,372.5980227030177,68.38311844014206,367.5980227030177,63.383118440142056,377.5980227030177,73.38311844014206,1.0
1,240,372.72887848792243,67.89697335270037,367.72887848792243,62.89697335270037,377.72887848792243,72.89697335270037,1.0
1,241,373.5631338405852,67.5442926357102,368.5631338405852,62.54429263571021,378.5631338405852,72.5442926357102,1.0
1,242,373.43940181332187,67.15000422509144,368.43940181332187,62.150004225091436,378.43940181332187,72.15000422509144,1.0
1,243,373.2378556605184,66.64159701519559,368.2378556605184,61.641597015195586,378.2378556605184,71.64159701519559,1.0
1,244,374.10279304599493,66.59858713177597,369.10279304599493,61.59858713177597,379.10279304599493,71.59858713177597,1.0
1,245,375.11958972349487,65.9674298117774,370.11958972349487,60.96742981177739,380.11958972349487,70.9674298117774,1.0
1,246,375.47841061188365,64.75015873839935,370.47841061188365,59.75015873839935,380.47841061188365,69.75015873839935,1.0
1,247,375.5735524604092,64.19389413398726,370.5735524604092,59.19389413398726,380.5735524604092,69.19389413398726,1.0
1,248,375.4058897531359,63.57310108394417,370.4058897531359,58.57310108394417,380.4058897531359,68.57310108394417,1.0
1,249,374.61990765723044,63.95902735054173,369.61990765723044,58.95902735054173,379.61990765723044,68.95902735054173,1.0
1,250,373.57608587254293,63.52837999760155,368.57608587254293,58.52837999760155,378.57608587254293,68.52837999760155,1.0
1,251,373.1058777405404,63.700234981886666,368.1058777405404,58.700234981886666,378.1058777405404,68.70023498188667,1.0
1,252,371.5870394130256,63.212290539485366,366.5870394130256,58.212290539485366,376.5870394130256,68.21229053948537,1.0
1,253,370.28379961396575,63.46280068352996,365.28379961396575,58.46280068352996,375.28379961396575,68.46280068352996,1.0
1,254,368.79953412736273,63.450844134094865,363.79953412736273,58.450844134094865,373.79953412736273,68.45084413409487,1.0
1,255,367.54712560887924,63.947951642592756,362.54712560887924,58.947951642592756,372.54712560887924,68.94795164259276,1.0
1,256,367.2883047220699,64.68680609109657,362.2883047220699,59.68680609109657,372.2883047220699,69.68680609109657,1.0
1,257,367.7942764968375,63.673038518004645,362.7942764968375,58.673038518004645,372.7942764968375,68.67303851800465,1.0
1,258,368.1079716539507,63.37229277501967,363.1079716539507,58.37229277501967,373.1079716539507,68.37229277501967,1.0
1,259,368.47701404445144,62.27047701650956,363.47701404445144,57.27047701650956,373.47701404445144,67.27047701650956,1.0
1,260,368.73530299519973,61.193235816909606,363.73530299519973,56.193235816909606,373.73530299519973,66.1932358169096,1.0
1,261,369.3887272771295,60.45677619178151,364.3887272771295,55.45677619178151,374.3887272771295,65.4567761917815,1.0
1,262,369.5215951973329,60.49784506726329,364.5215951973329,55.49784506726329,374.5215951973329,65.49784506726328,1.0
1,263,369.2918593497804,61.95258058911251,364.2918593497804,56.95258058911251,374.2918593497804,66.9525805891125,1.0
1,264,369.0728065905524,63.60580979086801,364.0728065905524,58.60580979086801,374.0728065905524,68.60580979086801,1.0
1,265,368.44590544078176,64.68056102659115,363.44590544078176,59.68056102659115,373.44590544078176,69.68056102659115,1.0
1,266,367.86162511370725,66.0989788144639,362.86162511370725,61.098978814463905,372.86162511370725,71.0989788144639,1.0
1,267,368.3763712723329,67.81886452509222,363.3763712723329,62.81886452509222,373.3763712723329,72.81886452509222,1.0
1,268,368.7233966382766,68.69806700947342,363.7233966382766,63.69806700947342,373.7233966382766,73.69806700947342,1.0
1,269,368.971861780007,68.69703391008026,363.971861780007,63.697033910080265,373.971861780007,73.69703391008026,1.0
1,270,368.585836493595,67.82716012264657,363.585836493595,62.827160122646575,373.585836493595,72.82716012264657,1.0
1,271,369.4302122940911,66.40056873610308,364.4302122940911,61.40056873610308,374.4302122940911,71.40056873610308,1.0
1,272,369.4307177293906,65.74190298528737,364.4307177293906,60.74190298528737,374.4307177293906,70.74190298528737,1.0
1,273,370.5174750612215,64.86844248041159,365.5174750612215,59.86844248041159,375.5174750612215,69.86844248041159,1.0
1,274,372.28044669629764,65.98107063891862,367.28044669629764,60.981070638918624,377.28044669629764,70.98107063891862,1.0
1,275,373.2840572211542,66.83433391580505,368.2840572211542,61.83433391580505,378.2840572211542,71.83433391580505,1.0
1,276,373.38537149162545,66.70050563847138,368.38537149162545,61.700505638471384,378.38537149162545,71.70050563847138,1.0
1,277,374.06063860871456,66.04947539307922,369.06063860871456,61.04947539307922,379.06063860871456,71.04947539307922,1.0
1,278,373.96929490196527,66.38142597199572,368.96929490196527,61.381425971995725,378.96929490196527,71.38142597199572,1.0
1,279,374.01655039320275,66.53785819968377,369.01655039320275,61.53785819968377,379.01655039320275,71.53785819968377,1.0
1,280,372.56165896090164,65.5828938231724,367.56165896090164,60.5828938231724,377.56165896090164,70.5828938231724,1.0
1,281,371.883127197159,65.35151438760816,366.883127197159,60.35151438760816,376.883127197159,70.35151438760816,1.0
1,282,372.3911281885294,65.4297539746034,367.3911281885294,60.4297539746034,377.3911281885294,70.4297539746034,1.0
1,283,372.3772243660704,65.63407156076636,367.3772243660704,60.63407156076636,377.3772243660704,70.63407156076636,1.0
1,284,371.8497190031686,64.72416558394212,366.8497190031686,59.724165583942124,376.8497190031686,69.72416558394212,1.0
1,285,370.9706478953201,62.89299659919835,365.9706478953201,57.89299659919835,375.9706478953201,67.89299659919834,1.0
1,286,371.0763276008803,61.752391052287926,366.0763276008803,56.752391052287926,376.0763276008803,66.75239105228792,1.0
1,287,370.44555790355,61.35480268757051,365.44555790355,56.35480268757051,375.44555790355,66.35480268757051,1.0
1,288,370.44872245637777,61.22974599640431,365.44872245637777,56.22974599640431,375.44872245637777,66.22974599640432,1.0
1,289,369.5553557320354,61.03377526248404,364.5553557320354,56.03377526248404,374.5553557320354,66.03377526248404,1.0
1,290,368.896811997958,60.95371808069649,363.896811997958,55.95371808069649,373.896811997958,65.95371808069649,1.0
1,291,368.4830985946254,61.13872843413639,363.4830985946254,56.13872843413639,373.4830985946254,66.1387284341364,1.0
1,292,368.7791972372774,61.20100509614477,363.7791972372774,56.20100509614477,373.7791972372774,66.20100509614477,1.0
1,293,368.7863932425659,60.71935345005364,363.7863932425659,55.71935345005364,373.7863932425659,65.71935345005363,1.0
1,294,368.76545811358426,60.108260012883896,363.76545811358426,55.108260012883896,373.76545811358426,65.1082600128839,1.0
1,295,368.86839861627476,59.72020908864744,363.86839861627476,54.72020908864744,373.86839861627476,64.72020908864744,1.0
1,296,368.48706049441006,60.82379648555451,363.48706049441006,55.82379648555451,373.48706049441006,65.82379648555451,1.0
1,297,367.8831937498332,61.67932169146576,362.8831937498332,56.67932169146576,372.8831937498332,66.67932169146576,1.0
1,298,367.70310885446145,62.42092069040011,362.70310885446145,57.42092069040011,372.70310885446145,67.42092069040011,1.0
1,299,368.1555086452063,62.90239586902025,363.1555086452063,57.90239586902025,373.1555086452063,67.90239586902025,1.0
1,300,368.4054162598914,62.50494392980941,363.4054162598914,57.50494392980941,373.4054162598914,67.5049439298094,1.0
1,301,368.63018148956235,61.3188619815431,363.63018148956235,56.3188619815431,373.63018148956235,66.31886198154311,1.0
1,302,369.4825154136923,60.49325635012695,364.4825154136923,55.49325635012695,374.4825154136923,65.49325635012696,1.0
1,303,369.89570226554844,60.36924410067154,364.89570226554844,55.36924410067154,374.89570226554844,65.36924410067154,1.0
1,304,370.8253083161725,59.54322429453491,365.8253083161725,54.54322429453491,375.8253083161725,64.54322429453491,1.0
1,305,370.61447719853544,59.75696379789963,365.61447719853544,54.75696379789963,375.61447719853544,64.75696379789963,1.0
1,306,370.0477146475856,60.300335868916505,365.0477146475856,55.300335868916505,375.0477146475856,65.3003358689165,1.0
1,307,369.8026786654069,61.50672545500228,364.8026786654069,56.50672545500228,374.8026786654069,66.50672545500228,1.0
1,308,369.93010113747766,61.45701544542348,364.93010113747766,56.45701544542348,374.93010113747766,66.45701544542348,1.0
1,309,369.41899466342653,61.85237668185023,364.41899466342653,56.85237668185023,374.41899466342653,66.85237668185023,1.0
1,310,368.51518159118535,62.89577876834694,363.51518159118535,57.89577876834694,373.51518159118535,67.89577876834694,1.0
1,311,367.3067724394691,63.49455423707861,362.3067724394691,58.49455423707861,372.3067724394691,68.4945542370786,1.0
1,312,367.42014184202685,63.284486531233455,362.42014184202685,58.284486531233455,372.42014184202685,68.28448653123345,1.0
1,313,368.119920310739,62.437094062024386,363.119920310739,57.437094062024386,373.119920310739,67.43709406202439,1.0
1,314,369.15673573597246,62.372519980776204,364.15673573597246,57.372519980776204,374.15673573597246,67.3725199807762,1.0
1,315,370.25064668238866,61.23328573815745,365.25064668238866,56.23328573815745,375.25064668238866,66.23328573815745,1.0
1,316,370.55380829488035,60.44685948729612,365.55380829488035,55.44685948729612,375.55380829488035,65.44685948729612,1.0
1,317,371.3786700419194,62.08182081158796,366.3786700419194,57.08182081158796,376.3786700419194,67.08182081158796,1.0
1,318,371.48064412806497,62.38405700500728,366.48064412806497,57.38405700500728,376.48064412806497,67.38405700500728,1.0
1,319,372.4459005986327,62.45135286010725,367.4459005986327,57.45135286010725,377.4459005986327,67.45135286010725,1.0
1,320,373.62726564729115,61.99939907882998,368.62726564729115,56.99939907882998,378.62726564729115,66.99939907882998,1.0
1,321,374.26545097250767,61.515476977049815,369.26545097250767,56.515476977049815,379.26545097250767,66.51547697704981,1.0
1,322,374.3552603646204,60.92582280488473,369.3552603646204,55.92582280488473,379.3552603646204,65.92582280488473,1.0
1,323,373.30666036944876,60.00794667714886,368.30666036944876,55.00794667714886,378.30666036944876,65.00794667714885,1.0
1,324,372.2933055640047,60.29683068262385,367.2933055640047,55.29683068262385,377.2933055640047,65.29683068262385,1.0
1,325,371.79749888529057,61.03834115299977,366.79749888529057,56.03834115299977,376.79749888529057,66.03834115299978,1.0
1,326,371.9183869414777,61.16277500194353,366.9183869414777,56.16277500194353,376.9183869414777,66.16277500194353,1.0
1,327,370.98258777369733,62.06061879497555,365.98258777369733,57.06061879497555,375.98258777369733,67.06061879497554,1.0
1,328,370.8772797561094,61.27006779235987,365.8772797561094,56.27006779235987,375.8772797561094,66.27006779235987,1.0
1,329,371.88847691582964,60.48706789522022,366.88847691582964,55.48706789522022,376.88847691582964,65.48706789522022,1.0
1,330,372.5951369088265,60.55249236526724,367.5951369088265,55.55249236526724,377.5951369088265,65.55249236526724,1.0
1,331,373.01812668085546,60.848459693414526,368.01812668085546,55.848459693414526,378.01812668085546,65.84845969341453,1.0
1,332,373.00815547096937,61.50950704299746,368.00815547096937,56.50950704299746,378.00815547096937,66.50950704299746,1.0
1,333,373.5874071351928,62.40537805991302,368.5874071351928,57.40537805991302,378.5874071351928,67.40537805991302,1.0
1,334,373.48926012294214,63.94168923690067,368.48926012294214,58.94168923690067,378.48926012294214,68.94168923690067,1.0
1,335,373.3623899728349,65.4448202276843,368.3623899728349,60.4448202276843,378.3623899728349,70.4448202276843,1.0
1,336,374.34549472132596,66.02402821899666,369.34549472132596,61.02402821899666,379.34549472132596,71.02402821899666,1.0
1,337,374.98817979892596,65.30111596189563,369.98817979892596,60.30111596189563,379.98817979892596,70.30111596189563,1.0
1,338,375.931650539016,65.59499503681934,370.931650539016,60.59499503681934,380.931650539016,70.59499503681934,1.0
1,339,376.35393134987714,65.78946588748774,371.35393134987714,60.78946588748774,381.35393134987714,70.78946588748774,1.0
1,340,376.2661277251887,65.77984245850276,371.2661277251887,60.779842458502756,381.2661277251887,70.77984245850276,1.0
1,341,375.8079705921564,64.46628557336297,370.8079705921564,59.46628557336297,380.8079705921564,69.46628557336297,1.0
1,342,374.87022182293276,63.029438441328864,369.87022182293276,58.029438441328864,379.87022182293276,68.02943844132886,1.0
1,343,374.7050803257364,62.56840441957641,369.7050803257364,57.56840441957641,379.7050803257364,67.56840441957641,1.0
1,344,373.93818388846836,62.38648945166747,368.93818388846836,57.38648945166747,378.93818388846836,67.38648945166747,1.0
1,345,373.8674865841131,61.61125273392203,368.8674865841131,56.61125273392203,378.8674865841131,66.61125273392203,1.0
1,346,373.67597738093446,61.563362036116914,368.67597738093446,56.563362036116914,378.67597738093446,66.56336203611691,1.0
1,347,373.5505073530985,62.56330485178317,368.5505073530985,57.56330485178317,378.5505073530985,67.56330485178317,1.0
1,348,372.8600938633955,62.869189568052526,367.8600938633955,57.869189568052526,377.8600938633955,67.86918956805252,1.0
1,349,372.1196100987002,63.16946757069717,367.1196100987002,58.16946757069717,377.1196100987002,68.16946757069718,1.0
1,350,371.90299581943395,63.075468919851225,366.90299581943395,58.075468919851225,376.90299581943395,68.07546891985123,1.0
1,351,373.07140477038786,63.223554070850255,368.07140477038786,58.223554070850255,378.07140477038786,68.22355407085026,1.0
1,352,372.6543959793175,63.055125096228,367.6543959793175,58.055125096228,377.6543959793175,68.055125096228,1.0
1,353,371.7792655643456,62.3947611924347,366.7792655643456,57.3947611924347,376.7792655643456,67.3947611924347,1.0
1,354,369.70617506658465,61.870799499892144,364.70617506658465,56.870799499892144,374.70617506658465,66.87079949989214,1.0
1,355,368.06939705430574,61.34323733466766,363.06939705430574,56.34323733466766,373.06939705430574,66.34323733466766,1.0
1,356,365.5909123255877,60.37107496935153,360.5909123255877,55.37107496935153,370.5909123255877,65.37107496935153,1.0
1,357,364.65676279912776,58.763834079544935,359.65676279912776,53.763834079544935,369.65676279912776,63.763834079544935,1.0
1,358,363.6001627354639,57.887964786844336,358.6001627354639,52.887964786844336,368.6001627354639,62.887964786844336,1.0
1,359,361.7555486325079,56.517085045224576,356.7555486325079,51.517085045224576,366.7555486325079,61.517085045224576,1.0
1,360,360.5916008026626,54.865182104201075,355.5916008026626,49.865182104201075,365.5916008026626,59.865182104201075,1.0
1,361,360.69109593761846,54.54122738208694,355.69109593761846,49.54122738208694,365.69109593761846,59.54122738208694,1.0
1,362,360.78826544932195,54.16769045103908,355.78826544932195,49.16769045103908,365.78826544932195,59.16769045103908,1.0
1,363,360.4508485038299,55.53922124980068,355.4508485038299,50.53922124980068,365.4508485038299,60.53922124980068,1.0
1,364,359.76194118100966,55.77530446658078,354.76194118100966,50.77530446658078,364.76194118100966,60.77530446658078,1.0
1,365,359.0885483295764,55.03827619468653,354.0885483295764,50.03827619468653,364.0885483295764,60.03827619468653,1.0
1,366,357.50979353501566,54.72936126117348,352.50979353501566,49.72936126117348,362.50979353501566,59.72936126117348,1.0
1,367,357.1713361742882,54.13672744634319,352.1713361742882,49.13672744634319,362.1713361742882,59.13672744634319,1.0
1,368,357.1533089394018,53.26281568070572,352.1533089394018,48.26281568070572,362.1533089394018,58.26281568070572,1.0
1,369,356.2451455875317,51.69059684761284,351.2451455875317,46.69059684761284,361.2451455875317,56.69059684761284,1.0
1,370,354.82051982733816,50.50431237151074,349.82051982733816,45.50431237151074,359.82051982733816,55.50431237151074,1.0
1,371,353.9109640869381,50.23931587002635,348.9109640869381,45.23931587002635,358.9109640869381,55.23931587002635,1.0
1,372,352.9378521431568,50.35512631423272,347.9378521431568,45.35512631423272,357.9378521431568,55.35512631423272,1.0
1,373,352.16759870620547,50.46890159102516,347.16759870620547,45.46890159102516,357.16759870620547,55.46890159102516,1.0
1,374,351.2243356699083,50.90145416114414,346.2243356699083,45.90145416114414,356.2243356699083,55.90145416114414,1.0
1,375,350.0253363321068,51.297115130168955,345.0253363321068,46.297115130168955,355.0253363321068,56.297115130168955,1.0
1,376,350.3467539310434,51.120154440662176,345.3467539310434,46.120154440662176,355.3467539310434,56.120154440662176,1.0
1,377,350.73185646627775,51.26293447394293,345.73185646627775,46.26293447394293,355.73185646627775,56.26293447394293,1.0
1,378,352.16401114392403,51.39162031335048,347.16401114392403,46.39162031335048,357.16401114392403,56.39162031335048,1.0
1,379,352.55374893165566,51.178428226191265,347.55374893165566,46.178428226191265,357.55374893165566,56.178428226191265,1.0
1,380,353.2907420316318,50.71644605285203,348.2907420316318,45.71644605285203,358.2907420316318,55.71644605285203,1.0
1,381,354.69432967716796,49.930032862418955,349.69432967716796,44.930032862418955,359.69432967716796,54.930032862418955,1.0
1,382,356.2894564194381,48.99523172364158,351.2894564194381,43.99523172364158,361.2894564194381,53.99523172364158,1.0
1,383,357.1586367276958,49.07150137294171,352.1586367276958,44.07150137294171,362.1586367276958,54.07150137294171,1.0
1,384,357.59291270719746,48.49205693763853,352.59291270719746,43.49205693763853,362.59291270719746,53.49205693763853,1.0
1,385,357.9226664207048,48.95984517137641,352.9226664207048,43.95984517137641,362.9226664207048,53.95984517137641,1.0
1,386,358.3394294680053,49.69068888090408,353.3394294680053,44.69068888090408,363.3394294680053,54.69068888090408,1.0
1,387,359.4771883957707,50.7824142682263,354.4771883957707,45.7824142682263,364.4771883957707,55.7824142682263,1.0
1,388,359.87318142213485,52.81212720361227,354.87318142213485,47.81212720361227,364.87318142213485,57.81212720361227,1.0
1,389,358.31474219022505,53.86652373746338,353.31474219022505,48.86652373746338,363.31474219022505,58.86652373746338,1.0
1,390,358.0174434081316,54.825779216109886,353.0174434081316,49.825779216109886,363.0174434081316,59.825779216109886,1.0
1,391,357.095853727629,55.030898127438746,352.095853727629,50.030898127438746,362.095853727629,60.030898127438746,1.0
1,392,356.46021595665417,54.176837759583094,351.46021595665417,49.176837759583094,361.46021595665417,59.176837759583094,1.0
1,393,357.13951195052937,53.25182665091676,352.13951195052937,48.25182665091676,362.13951195052937,58.25182665091676,1.0
1,394,356.75573043407394,52.094197138965534,351.75573043407394,47.094197138965534,361.75573043407394,57.094197138965534,1.0
1,395,356.36100003634056,52.55974494003747,351.36100003634056,47.55974494003747,361.36100003634056,57.55974494003747,1.0
1,396,356.1052869457411,52.59609651798126,351.1052869457411,47.59609651798126,361.1052869457411,57.59609651798126,1.0
1,397,355.5599321623984,52.474324898142015,350.5599321623984,47.474324898142015,360.5599321623984,57.474324898142015,1.0
1,398,355.3632472641076,52.18382843920738,350.3632472641076,47.18382843920738,360.3632472641076,57.18382843920738,1.0
1,399,355.91087168525553,51.919312100476326,350.91087168525553,46.919312100476326,360.91087168525553,56.919312100476326,1.0
1,400,356.8141716443034,50.77089431971324,351.8141716443034,45.77089431971324,361.8141716443034,55.77089431971324,1.0
1,401,357.51550363837976,50.42633221832625,352.51550363837976,45.42633221832625,362.51550363837976,55.42633221832625,1.0
1,402,357.62098468642006,50.14005492703101,352.62098468642006,45.14005492703101,362.62098468642006,55.14005492703101,1.0
1,403,357.32600935948994,50.14753557979825,352.32600935948994,45.14753557979825,362.32600935948994,55.14753557979825,1.0
1,404,356.3287821622942,49.89611754380414,351.3287821622942,44.89611754380414,361.3287821622942,54.89611754380414,1.0
1,405,356.1010476855851,49.852190139337395,351.1010476855851,44.852190139337395,361.1010476855851,54.852190139337395,1.0
1,406,357.1691911674633,51.38290203628926,352.1691911674633,46.38290203628926,362.1691911674633,56.38290203628926,1.0
1,407,358.2776927360448,50.959863094798884,353.2776927360448,45.959863094798884,363.2776927360448,55.959863094798884,1.0
1,408,359.14551925385496,51.191303790522674,354.14551925385496,46.191303790522674,364.14551925385496,56.191303790522674,1.0
1,409,359.3280567555456,51.266637454218255,354.3280567555456,46.266637454218255,364.3280567555456,56.266637454218255,1.0
1,410,359.08483800576596,51.62863965408171,354.08483800576596,46.62863965408171,364.08483800576596,56.62863965408171,1.0
1,411,359.1022691285438,51.33114549165045,354.1022691285438,46.33114549165045,364.1022691285438,56.33114549165045,1.0
1,412,359.36019104360673,51.04605870360116,354.36019104360673,46.04605870360116,364.36019104360673,56.04605870360116,1.0
1,413,359.970503489769,50.65432655594687,354.970503489769,45.65432655594687,364.970503489769,55.65432655594687,1.0
1,414,361.73672364422924,49.316065163010265,356.73672364422924,44.316065163010265,366.73672364422924,54.316065163010265,1.0
1,415,361.4832785133278,49.24590176718019,356.4832785133278,44.24590176718019,366.4832785133278,54.24590176718019,1.0
1,416,360.3655132515107,48.79611082557057,355.3655132515107,43.79611082557057,365.3655132515107,53.79611082557057,1.0
1,417,358.9323831758275,48.74821386583173,353.9323831758275,43.74821386583173,363.9323831758275,53.74821386583173,1.0
1,418,357.7991317813203,49.090313408993644,352.7991317813203,44.090313408993644,362.7991317813203,54.090313408993644,1.0
1,419,358.05545997896127,49.65440102905924,353.05545997896127,44.65440102905924,363.05545997896127,54.65440102905924,1.0
1,420,357.6597093202048,49.59778764617007,352.6597093202048,44.59778764617007,362.6597093202048,54.59778764617007,1.0
1,421,358.5685914021307,49.24455665181458,353.5685914021307,44.24455665181458,363.5685914021307,54.24455665181458,1.0
1,422,359.8738528447926,49.30415413099793,354.8738528447926,44.30415413099793,364.8738528447926,54.30415413099793,1.0
1,423,361.8062274875916,49.79911734969234,356.8062274875916,44.79911734969234,366.8062274875916,54.79911734969234,1.0
1,424,363.6170784919464,50.25747916608038,358.6170784919464,45.25747916608038,368.6170784919464,55.25747916608038,1.0
1,425,362.7724975569252,51.45592536056679,357.7724975569252,46.45592536056679,367.7724975569252,56.45592536056679,1.0
1,426,362.3571880802542,53.024217552688526,357.3571880802542,48.024217552688526,367.3571880802542,58.024217552688526,1.0
1,427,361.30680833712523,54.8013718864287,356.30680833712523,49.8013718864287,366.30680833712523,59.8013718864287,1.0
1,428,360.43704332962045,56.056327686735806,355.43704332962045,51.056327686735806,365.43704332962045,61.056327686735806,1.0
1,429,360.1284925217553,57.19577198869718,355.1284925217553,52.19577198869718,365.1284925217553,62.19577198869718,1.0
1,430,359.58603981921465,58.472279243941614,354.58603981921465,53.472279243941614,364.58603981921465,63.472279243941614,1.0
1,431,359.82166261587395,58.72813164601479,354.82166261587395,53.72813164601479,364.82166261587395,63.72813164601479,1.0
1,432,360.27649180058535,59.83683163403761,355.27649180058535,54.83683163403761,365.27649180058535,64.83683163403761,1.0
1,433,360.1834266491606,61.36981768010827,355.1834266491606,56.36981768010827,365.1834266491606,66.36981768010827,1.0
1,434,360.0687191459492,63.280189685226844,355.0687191459492,58.280189685226844,365.0687191459492,68.28018968522684,1.0
1,435,360.38020529703834,65.25652162404143,355.38020529703834,60.256521624041426,365.38020529703834,70.25652162404143,1.0
1,436,360.28304510071194,66.71422169603667,355.28304510071194,61.714221696036674,365.28304510071194,71.71422169603667,1.0
1,437,361.28083675194387,68.61732714685937,356.28083675194387,63.61732714685937,366.28083675194387,73.61732714685937,1.0
1,438,360.98340387072557,70.50882061423042,355.98340387072557,65.50882061423042,365.98340387072557,75.50882061423042,1.0
1,439,361.2156286869018,71.35430281282379,356.2156286869018,66.35430281282379,366.2156286869018,76.35430281282379,1.0
1,440,361.78033623269664,71.62176933787336,356.78033623269664,66.62176933787336,366.78033623269664,76.62176933787336,1.0
1,441,363.0300123117595,72.070749683337,358.0300123117595,67.070749683337,368.0300123117595,77.070749683337,1.0
1,442,363.6390732853906,71.23613281252287,358.6390732853906,66.23613281252287,368.6390732853906,76.23613281252287,1.0
1,443,363.48622420004824,70.4316481709891,358.48622420004824,65.4316481709891,368.48622420004824,75.4316481709891,1.0
1,444,363.78493489340406,70.3923051131474,358.78493489340406,65.3923051131474,368.78493489340406,75.3923051131474,1.0
1,445,363.3210156830524,71.26651655859226,358.3210156830524,66.26651655859226,368.3210156830524,76.26651655859226,1.0
1,446,364.12099494334905,72.42257749222726,359.12099494334905,67.42257749222726,369.12099494334905,77.42257749222726,1.0
1,447,365.8285727867671,72.6132342568055,360.8285727867671,67.6132342568055,370.8285727867671,77.6132342568055,1.0
1,448,367.5420354717359,72.43495322980473,362.5420354717359,67.43495322980473,372.5420354717359,77.43495322980473,1.0
1,449,368.7781374949104,71.70593460127833,363.7781374949104,66.70593460127833,373.7781374949104,76.70593460127833,1.0
1,450,370.01045154373344,71.29593813407693,365.01045154373344,66.29593813407693,375.01045154373344,76.29593813407693,1.0
2,0,117.0,39.0,112.0,34.0,122.0,44.0,1.0
2,1,118.46743956414772,39.70552102958163,113.46743956414772,34.70552102958163,123.46743956414772,44.70552102958163,1.0
2,2,118.73217914368807,39.87822667195821,113.73217914368807,34.87822667195821,123.73217914368807,44.87822667195821,1.0
2,3,118.4697747120612,40.78155096674977,113.4697747120612,35.78155096674977,123.4697747120612,45.78155096674977,1.0
2,4,116.78497066170128,40.51214469156682,111.78497066170128,35.51214469156682,121.78497066170128,45.51214469156682,1.0
2,5,114.84352122239159,40.45890153794263,109.84352122239159,35.45890153794263,119.84352122239159,45.45890153794263,1.0
2,6,113.08113728161223,40.089339260370515,108.08113728161223,35.089339260370515,118.08113728161223,45.089339260370515,1.0
2,7,112.22429161651573,40.63056876596506,107.22429161651573,35.63056876596506,117.22429161651573,45.63056876596506,1.0
2,8,112.16765457374642,41.34571539708471,107.16765457374642,36.34571539708471,117.16765457374642,46.34571539708471,1.0
2,9,112.060460967925,40.975686346275786,107.060460967925,35.975686346275786,117.060460967925,45.975686346275786,1.0
2,10,112.14287269519012,41.12215493335588,107.14287269519012,36.12215493335588,117.14287269519012,46.12215493335588,1.0
2,11,112.20456988409828,41.872458697445474,107.20456988409828,36.872458697445474,117.20456988409828,46.872458697445474,1.0
2,12,112.90312619647916,41.851804211983335,107.90312619647916,36.851804211983335,117.90312619647916,46.851804211983335,1.0
2,13,113.20459955256513,41.18382737778036,108.20459955256513,36.18382737778036,118.20459955256513,46.18382737778036,1.0
2,14,112.86939222199217,42.32755438603742,107.86939222199217,37.32755438603742,117.86939222199217,47.32755438603742,1.0
2,15,111.5298229198064,44.286376674845016,106.5298229198064,39.286376674845016,116.5298229198064,49.286376674845016,1.0
2,16,110.15307583497862,45.10425610944534,105.15307583497862,40.10425610944534,115.15307583497862,50.10425610944534,1.0
2,17,109.29938974595275,45.22941534017499,104.29938974595275,40.22941534017499,114.29938974595275,50.22941534017499,1.0
2,18,109.7101072554172,44.936029666969745,104.7101072554172,39.936029666969745,114.7101072554172,49.936029666969745,1.0
2,19,109.13748236230721,44.764736602000376,104.13748236230721,39.764736602000376,114.13748236230721,49.764736602000376,1.0
2,20,108.55897999364544,44.08489537661529,103.55897999364544,39.08489537661529,113.55897999364544,49.08489537661529,1.0
2,21,108.43581555207248,43.76964303494515,103.43581555207248,38.76964303494515,113.43581555207248,48.76964303494515,1.0
2,22,108.88631569736116,43.856423113847384,103.88631569736116,38.856423113847384,113.88631569736116,48.856423113847384,1.0
2,23,108.64023004691171,44.5463551216312,103.64023004691171,39.5463551216312,113.64023004691171,49.5463551216312,1.0
2,24,108.35521859507978,44.92083926720831,103.35521859507978,39.92083926720831,113.35521859507978,49.92083926720831,1.0
2,25,107.79956230983967,44.490403004718644,102.79956230983967,39.490403004718644,112.79956230983967,49.490403004718644,1.0
2,26,107.92374494070324,43.6636813933886,102.92374494070324,38.6636813933886,112.92374494070324,48.6636813933886,1.0
2,27,108.35403954917919,43.72595114102174,103.35403954917919,38.72595114102174,113.35403954917919,48.72595114102174,1.0
2,28,109.79704877522818,43.33572310572491,104.79704877522818,38.33572310572491,114.79704877522818,48.33572310572491,1.0
2,29,110.66783074733898,43.227318498142594,105.66783074733898,38.227318498142594,115.66783074733898,48.227318498142594,1.0
2,30,111.20972629642372,43.36994006397176,106.20972629642372,38.36994006397176,116.20972629642372,48.36994006397176,1.0
2,31,111.75796853060696,43.43593163864994,106.75796853060696,38.43593163864994,116.75796853060696,48.43593163864994,1.0
2,32,113.02607860855387,44.2915389526811,108.02607860855387,39.2915389526811,118.02607860855387,49.2915389526811,1.0
2,33,113.37417872676482,43.744900533498004,108.37417872676482,38.744900533498004,118.37417872676482,48.744900533498004,1.0
2,34,112.83753951642781,43.91400459775334,107.83753951642781,38.91400459775334,117.83753951642781,48.91400459775334,1.0
2,35,113.1852989100192,44.358644614421415,108.1852989100192,39.358644614421415,118.1852989100192,49.358644614421415,1.0
2,36,114.55346789089387,45.18075794125432,109.55346789089387,40.18075794125432,119.55346789089387,50.18075794125432,1.0
2,37,115.46525460338005,46.673721222404446,110.46525460338005,41.673721222404446,120.46525460338005,51.673721222404446,1.0
2,38,115.66701975878863,48.70955689700028,110.66701975878863,43.70955689700028,120.66701975878863,53.70955689700028,1.0
2,39,115.2737469638396,49.59727200557934,110.2737469638396,44.59727200557934,120.2737469638396,54.59727200557934,1.0
2,40,114.0560481238437,49.86794506022376,109.0560481238437,44.86794506022376,119.0560481238437,54.86794506022376,1.0
2,41,112.38508776490261,48.85171855530628,107.38508776490261,43.85171855530628,117.38508776490261,53.85171855530628,1.0
2,42,111.44574773393865,48.05341700852321,106.44574773393865,43.05341700852321,116.44574773393865,53.05341700852321,1.0
2,43,111.07035260778764,47.166267472388036,106.07035260778764,42.166267472388036,116.07035260778764,52.166267472388036,1.0
2,44,110.7710162747622,46.029289161338234,105.7710162747622,41.029289161338234,115.7710162747622,51.029289161338234,1.0
2,45,109.83941902182009,43.87361915233803,104.83941902182009,38.87361915233803,114.83941902182009,48.87361915233803,1.0
2,46,108.57488544328766,42.02817791583328,103.57488544328766,37.02817791583328,113.57488544328766,47.02817791583328,1.0
2,47,108.84682518480506,41.465945324485816,103.84682518480506,36.465945324485816,113.84682518480506,46.465945324485816,1.0
2,48,108.72921286107866,41.62403032949329,103.72921286107866,36.62403032949329,113.72921286107866,46.62403032949329,1.0
2,49,109.66682015584637,42.05288096008708,104.66682015584637,37.05288096008708,114.66682015584637,47.05288096008708,1.0
2,50,110.97232242588342,41.5132362583057,105.97232242588342,36.5132362583057,115.97232242588342,46.5132362583057,1.0
2,51,110.91702031955877,40.80265382118137,105.91702031955877,35.80265382118137,115.91702031955877,45.80265382118137,1.0
2,52,111.34896754557033,40.04758976424421,106.34896754557033,35.04758976424421,116.34896754557033,45.04758976424421,1.0
2,53,111.3203207924727,39.949881522321064,106.3203207924727,34.949881522321064,116.3203207924727,44.949881522321064,1.0
2,54,110.84816715015218,38.85195057569819,105.84816715015218,33.85195057569819,115.84816715015218,43.85195057569819,1.0
2,55,109.43164952457286,38.46298717082273,104.43164952457286,33.46298717082273,114.43164952457286,43.46298717082273,1.0
2,56,108.33352872761455,38.087320203306255,103.33352872761455,33.087320203306255,113.33352872761455,43.087320203306255,1.0
2,57,107.52480935038894,37.11670195997279,102.52480935038894,32.11670195997279,112.52480935038894,42.11670195997279,1.0
2,58,107.92075109469762,35.926599341002934,102.92075109469762,30.926599341002934,112.92075109469762,40.926599341002934,1.0
2,59,108.42733390775408,34.56874572642461,103.42733390775408,29.56874572642461,113.42733390775408,39.56874572642461,1.0
2,60,108.92960557446347,33.006546393939836,103.92960557446347,28.006546393939836,113.92960557446347,38.006546393939836,1.0
2,61,108.94767442803258,31.709695617219744,103.94767442803258,26.709695617219744,113.94767442803258,36.709695617219744,1.0
2,62,108.58191118253993,30.889222103649228,103.58191118253993,25.889222103649228,113.58191118253993,35.88922210364923,1.0
2,63,108.94227575451497,30.19434053941543,103.94227575451497,25.19434053941543,113.94227575451497,35.19434053941543,1.0
2,64,109.0031477188606,29.761058497173806,104.0031477188606,24.761058497173806,114.0031477188606,34.761058497173806,1.0
2,65,109.68822767115756,29.75461231250371,104.68822767115756,24.75461231250371,114.68822767115756,34.75461231250371,1.0
2,66,109.32700633635298,29.772547140442466,104.32700633635298,24.772547140442466,114.32700633635298,34.77254714044247,1.0
2,67,109.1986919668525,30.602030246670132,104.1986919668525,25.602030246670132,114.1986919668525,35.60203024667013,1.0
2,68,108.69952005174484,31.10951378218423,103.69952005174484,26.10951378218423,113.69952005174484,36.10951378218423,1.0
2,69,108.95427462373617,31.230190790886127,103.95427462373617,26.230190790886127,113.95427462373617,36.23019079088613,1.0
2,70,109.13112166733931,31.04677200969345,104.13112166733931,26.04677200969345,114.13112166733931,36.04677200969345,1.0
2,71,108.10090375428254,29.815847143054704,103.10090375428254,24.815847143054704,113.10090375428254,34.815847143054704,1.0
2,72,107.58275746799384,28.56053204615047,102.58275746799384,23.56053204615047,112.58275746799384,33.56053204615047,1.0
2,73,108.37294852726941,27.898397317920725,103.37294852726941,22.898397317920725,113.37294852726941,32.898397317920725,1.0
2,74,108.88984734851081,27.928217823200903,103.88984734851081,22.928217823200903,113.88984734851081,32.9282178232009,1.0
2,75,108.8007645799456,28.285282288933427,103.8007645799456,23.285282288933427,113.8007645799456,33.28528228893343,1.0
2,76,108.22271290599734,27.765586935760023,103.22271290599734,22.765586935760023,113.22271290599734,32.76558693576003,1.0
2,77,107.9991992663145,27.404712699603802,102.9991992663145,22.404712699603802,112.9991992663145,32.404712699603806,1.0
2,78,108.6261556885594,26.981338069039733,103.6261556885594,21.981338069039733,113.6261556885594,31.981338069039733,1.0
2,79,107.72249281037271,26.814118391237034,102.72249281037271,21.814118391237034,112.72249281037271,31.814118391237034,1.0
2,80,106.90473662038585,26.98448145839978,101.90473662038585,21.98448145839978,111.90473662038585,31.98448145839978,1.0
2,81,105.54020082333841,27.116054768444467,100.54020082333841,22.116054768444467,110.54020082333841,32.11605476844447,1.0
2,82,105.48131492811753,26.69269296806243,100.48131492811753,21.69269296806243,110.48131492811753,31.69269296806243,1.0
2,83,105.77064908907049,27.05287438866386,100.77064908907049,22.05287438866386,110.77064908907049,32.05287438866386,1.0
2,84,105.5326852549778,26.345602636726,100.5326852549778,21.345602636726,110.5326852549778,31.345602636726,1.0
2,85,106.119696232907,26.952297690832822,101.119696232907,21.952297690832822,111.119696232907,31.952297690832822,1.0
2,86,107.3003169432167,27.785367654526738,102.3003169432167,22.785367654526738,112.3003169432167,32.78536765452674,1.0
2,87,107.07088558903405,27.983758409402963,102.07088558903405,22.983758409402963,112.07088558903405,32.98375840940297,1.0
2,88,107.38313843056613,27.54628508108128,102.38313843056613,22.54628508108128,112.38313843056613,32.54628508108128,1.0
2,89,107.24160563888519,27.70785585773406,102.24160563888519,22.70785585773406,112.24160563888519,32.70785585773406,1.0
2,90,106.51937720244803,27.560406239675274,101.51937720244803,22.560406239675274,111.51937720244803,32.560406239675274,1.0
2,91,105.89920656792137,26.579845212340746,100.89920656792137,21.579845212340746,110.89920656792137,31.579845212340746,1.0
2,92,105.41874025770487,24.348073732208803,100.41874025770487,19.348073732208803,110.41874025770487,29.348073732208803,1.0
2,93,104.28716021439,22.850253780786925,99.28716021439,17.850253780786925,109.28716021439,27.850253780786925,1.0
2,94,104.8610512699607,22.451133384153547,99.8610512699607,17.451133384153547,109.8610512699607,27.451133384153547,1.0
2,95,104.77452463216582,21.611559261677037,99.77452463216582,16.611559261677037,109.77452463216582,26.611559261677037,1.0
2,96,104.46280662165839,21.222319660725816,99.46280662165839,16.222319660725816,109.46280662165839,26.222319660725816,1.0
2,97,103.32410890116374,21.821329576775277,98.32410890116374,16.821329576775277,108.32410890116374,26.821329576775277,1.0
2,98,102.81675369601855,22.111634316088765,97.81675369601855,17.111634316088765,107.81675369601855,27.111634316088765,1.0
2,99,102.86477353060936,21.672845058432387,97.86477353060936,16.672845058432387,107.86477353060936,26.672845058432387,1.0
2,100,101.9007844634062,22.45620530278395,96.9007844634062,17.45620530278395,106.9007844634062,27.45620530278395,1.0
2,101,102.01312640273109,23.464616801524762,97.01312640273109,18.464616801524762,107.01312640273109,28.464616801524762,1.0
2,102,101.9744512874436,23.566501745496733,96.9744512874436,18.566501745496733,106.9744512874436,28.566501745496733,1.0
2,103,101.6142972119683,24.10690820348176,96.6142972119683,19.10690820348176,106.6142972119683,29.10690820348176,1.0
2,104,100.60910875585529,24.757484615401673,95.60910875585529,19.757484615401673,105.60910875585529,29.757484615401673,1.0
2,105,101.06430980073769,24.468777535205884,96.06430980073769,19.468777535205884,106.06430980073769,29.468777535205884,1.0
2,106,100.4012799041171,23.15938495820379,95.4012799041171,18.15938495820379,105.4012799041171,28.15938495820379,1.0
2,107,101.53767860651621,22.317739658078494,96.53767860651621,17.317739658078494,106.53767860651621,27.317739658078494,1.0
2,108,103.2140810371442,21.856975683535087,98.2140810371442,16.856975683535087,108.2140810371442,26.856975683535087,1.0
2,109,103.72100339133003,21.737270400972644,98.72100339133003,16.737270400972644,108.72100339133003,26.737270400972644,1.0
2,110,103.99045812634893,21.796569220172348,98.99045812634893,16.796569220172348,108.99045812634893,26.796569220172348,1.0
2,111,104.10265860839637,21.228509230751573,99.10265860839637,16.228509230751573,109.10265860839637,26.228509230751573,1.0
2,112,104.01301903568607,21.17562173031055,99.01301903568607,16.17562173031055,109.01301903568607,26.17562173031055,1.0
2,113,103.17488557834027,19.720589148987667,98.17488557834027,14.720589148987667,108.17488557834027,24.720589148987667,1.0
2,114,102.97777744965764,18.965755355249176,97.97777744965764,13.965755355249176,107.97777744965764,23.965755355249176,1.0
2,115,103.97609776581214,18.023535392269302,98.97609776581214,13.023535392269302,108.97609776581214,23.023535392269302,1.0
2,116,104.39173079198123,17.663993188440433,99.39173079198123,12.663993188440433,109.39173079198123,22.663993188440433,1.0
2,117,103.70293832471941,17.0132014352837,98.70293832471941,12.013201435283701,108.70293832471941,22.0132014352837,1.0
2,118,103.619145329041,17.082600656696435,98.619145329041,12.082600656696435,108.619145329041,22.082600656696435,1.0
2,119,103.74316445189959,16.922199943272876,98.74316445189959,11.922199943272876,108.74316445189959,21.922199943272876,1.0
2,120,103.9925070539097,17.340031198940704,98.9925070539097,12.340031198940704,108.9925070539097,22.340031198940704,1.0
2,121,103.78559400924469,18.578085863552037,98.78559400924469,13.578085863552037,108.78559400924469,23.578085863552037,1.0
2,122,104.42613749838293,19.12940350060066,99.42613749838293,14.12940350060066,109.42613749838293,24.12940350060066,1.0
2,123,104.88819617015004,18.149997620777917,99.88819617015004,13.149997620777917,109.88819617015004,23.149997620777917,1.0
2,124,105.77139530340428,17.75325384813838,100.77139530340428,12.753253848138382,110.77139530340428,22.75325384813838,1.0
2,125,106.74297011576331,18.078133026364757,101.74297011576331,13.078133026364757,111.74297011576331,23.078133026364757,1.0
2,126,106.17675206259354,17.793058310091947,101.17675206259354,12.793058310091947,111.17675206259354,22.793058310091947,1.0
2,127,106.0605379935572,17.05404745856133,101.0605379935572,12.054047458561332,111.0605379935572,22.05404745856133,1.0
2,128,105.48717156824426,14.971327340964365,100.48717156824426,9.971327340964365,110.48717156824426,19.971327340964365,1.0
2,129,104.5344146694355,12.986805250097028,99.5344146694355,7.986805250097028,109.5344146694355,17.986805250097028,1.0
2,130,104.21690207937979,11.562778812233148,99.21690207937979,6.562778812233148,109.21690207937979,16.562778812233148,1.0
2,131,105.21440704230089,11.10195518708764,100.21440704230089,6.10195518708764,110.21440704230089,16.10195518708764,1.0
2,132,105.7189215674385,11.49943373910569,100.7189215674385,6.49943373910569,110.7189215674385,16.49943373910569,1.0
2,133,106.34512663109003,12.807216207255927,101.34512663109003,7.807216207255927,111.34512663109003,17.807216207255927,1.0
2,134,107.04346182877336,13.468148931033049,102.04346182877336,8.468148931033049,112.04346182877336,18.46814893103305,1.0
2,135,107.60473652187281,14.092783280745088,102.60473652187281,9.092783280745088,112.60473652187281,19.09278328074509,1.0
2,136,108.3813092010274,14.881930247419753,103.3813092010274,9.881930247419753,113.3813092010274,19.881930247419753,1.0
2,137,108.77730665576014,15.248396902561794,103.77730665576014,10.248396902561794,113.77730665576014,20.248396902561794,1.0
2,138,108.69294052900173,15.664797550731684,103.69294052900173,10.664797550731684,113.69294052900173,20.664797550731684,1.0
2,139,108.92853401280361,15.311714097632304,103.92853401280361,10.311714097632304,113.92853401280361,20.311714097632304,1.0
2,140,109.2489468605562,14.979945886102783,104.2489468605562,9.979945886102783,114.2489468605562,19.979945886102783,1.0
2,141,109.99602048625361,13.710762281074121,104.99602048625361,8.710762281074121,114.99602048625361,18.71076228107412,1.0
2,142,109.42387569660953,12.422126174991014,104.42387569660953,7.422126174991014,114.42387569660953,17.422126174991014,1.0
2,143,109.43666833330644,11.27021579923925,104.43666833330644,6.270215799239249,114.43666833330644,16.27021579923925,1.0
2,144,109.77633148148227,10.50322004740308,104.77633148148227,5.5032200474030795,114.77633148148227,15.50322004740308,1.0
2,145,110.59300366145345,9.714526583946778,105.59300366145345,4.714526583946778,115.59300366145345,14.714526583946778,1.0
2,146,111.25431580148333,8.807242921593659,106.25431580148333,3.8072429215936587,116.25431580148333,13.807242921593659,1.0
2,147,111.01494023309336,8.421539528129124,106.01494023309336,3.4215395281291237,116.01494023309336,13.421539528129124,1.0
2,148,110.23232519505011,9.068461214067149,105.23232519505011,4.068461214067149,115.23232519505011,14.068461214067149,1.0
2,149,109.05393587651344,9.20114388940381,104.05393587651344,4.201143889403809,114.05393587651344,14.20114388940381,1.0
2,150,108.02661191504417,8.85450606019528,103.02661191504417,3.8545060601952805,113.02661191504417,13.85450606019528,1.0
2,151,108.96005761764357,8.37517665344891,103.96005761764357,3.3751766534489107,113.96005761764357,13.37517665344891,1.0
2,152,109.90020322871469,7.832699364095376,104.90020322871469,2.832699364095376,114.90020322871469,12.832699364095376,1.0
2,153,110.97392639368013,7.667866966583581,105.97392639368013,2.6678669665835812,115.97392639368013,12.667866966583581,1.0
2,154,112.10739406683497,8.17250631342661,107.10739406683497,3.1725063134266094,117.10739406683497,13.17250631342661,1.0
2,155,112.61567857587606,9.166726171496734,107.61567857587606,4.166726171496734,117.61567857587606,14.166726171496734,1.0
2,156,113.0473399134516,9.921541249129664,108.0473399134516,4.921541249129664,118.0473399134516,14.921541249129664,1.0
2,157,113.7628730171837,9.362176229125016,108.7628730171837,4.362176229125016,118.7628730171837,14.362176229125016,1.0
2,158,115.540595154591,8.637383903517662,110.540595154591,3.6373839035176623,120.540595154591,13.637383903517662,1.0
2,159,117.47803593778303,7.549788497255538,112.47803593778303,2.5497884972555376,122.47803593778303,12.549788497255538,1.0
2,160,119.54532722701327,6.9152256460763795,114.54532722701327,1.9152256460763795,124.54532722701327,11.91522564607638,1.0
2,161,120.63077298861793,6.460891831264803,115.63077298861793,1.460891831264803,125.63077298861793,11.460891831264803,1.0
2,162,120.82904520734368,5.869291869402105,115.82904520734368,0.8692918694021046,125.82904520734368,10.869291869402105,1.0
2,163,120.90823021881994,4.275556230517701,115.90823021881994,-0.7244437694822992,125.90823021881994,9.2755562305177,1.0
2,164,120.02337203290796,3.2246722729283945,115.02337203290796,-1.7753277270716055,125.02337203290796,8.224672272928395,1.0
2,165,119.43392545312287,2.287883677348077,114.43392545312287,-2.712116322651923,124.43392545312287,7.287883677348077,1.0
2,166,119.98073100376459,1.6388633415806453,114.98073100376459,-3.3611366584193547,124.98073100376459,6.638863341580645,1.0
2,167,120.05866884509732,1.2849172588513866,115.05866884509732,-3.7150827411486134,125.05866884509732,6.284917258851387,1.0
2,168,120.27494646213148,1.595434451095123,115.27494646213148,-3.404565548904877,125.27494646213148,6.595434451095123,1.0
2,169,120.4124834922676,1.361973906193768,115.4124834922676,-3.638026093806232,125.4124834922676,6.361973906193768,1.0
2,170,120.29825822759713,2.052492471597418,115.29825822759713,-2.947507528402582,125.29825822759713,7.052492471597418,1.0
2,171,119.25834888381131,2.4987892238720946,114.25834888381131,-2.5012107761279054,124.25834888381131,7.498789223872095,1.0
2,172,118.45149085820748,3.2812588678050147,113.45149085820748,-1.7187411321949853,123.45149085820748,8.281258867805015,1.0
2,173,118.13712230137081,3.9171752867782317,113.13712230137081,-1.0828247132217683,123.13712230137081,8.917175286778232,1.0
2,174,116.921374241107,4.8314882739935,111.921374241107,-0.16851172600649988,121.921374241107,9.8314882739935,1.0
2,175,115.6757304743087,6.519557404421775,110.6757304743087,1.519557404421775,120.6757304743087,11.519557404421775,1.0
2,176,115.7941145336896,6.514290180052676,110.7941145336896,1.5142901800526758,120.7941145336896,11.514290180052676,1.0
2,177,117.58392280296673,5.375204047086626,112.58392280296673,0.37520404708662625,122.58392280296673,10.375204047086626,1.0
2,178,118.48568344726414,5.571183224810653,113.48568344726414,0.5711832248106532,123.48568344726414,10.571183224810653,1.0
2,179,118.87519360951417,6.179140972551984,113.87519360951417,1.1791409725519841,123.87519360951417,11.179140972551984,1.0
2,180,119.33981565538404,6.222212816599601,114.33981565538404,1.2222128165996011,124.33981565538404,11.222212816599601,1.0
2,181,119.5948391440445,6.123238080972939,114.5948391440445,1.1232380809729392,124.5948391440445,11.12323808097294,1.0
2,182,119.04713701483665,5.117414691242743,114.04713701483665,0.11741469124274317,124.04713701483665,10.117414691242743,1.0
2,183,118.17730603041345,4.031793544126167,113.17730603041345,-0.9682064558738332,123.17730603041345,9.031793544126167,1.0
2,184,117.96626167449872,2.478457811828825,112.96626167449872,-2.521542188171175,122.96626167449872,7.478457811828825,1.0
2,185,116.62064193469422,1.5268868636433197,111.62064193469422,-3.4731131363566803,121.62064193469422,6.52688686364332,1.0
2,186,116.34031715685488,0.2921502645790852,111.34031715685488,-4.707849735420915,121.34031715685488,5.292150264579085,1.0
2,187,116.12526600833048,-0.24912080180725127,111.12526600833048,-5.249120801807251,121.12526600833048,4.750879198192749,1.0
2,188,116.59321803375943,0.18498990693298367,111.59321803375943,-4.815010093067016,121.59321803375943,5.184989906932984,1.0
2,189,116.5764174818725,0.5371481893553067,111.5764174818725,-4.462851810644693,121.5764174818725,5.537148189355307,1.0
2,190,116.87575141485537,0.04197730867246463,111.87575141485537,-4.958022691327535,121.87575141485537,5.041977308672465,1.0
2,191,116.86808143735634,1.350212040778075,111.86808143735634,-3.649787959221925,121.86808143735634,6.350212040778075,1.0
2,192,117.40785766235328,1.6860056518466848,112.40785766235328,-3.313994348153315,122.40785766235328,6.686005651846685,1.0
2,193,118.3889479996707,2.6352290396207962,113.3889479996707,-2.3647709603792038,123.3889479996707,7.635229039620796,1.0
2,194,118.22089944975679,4.779555236390863,113.22089944975679,-0.22044476360913734,123.22089944975679,9.779555236390863,1.0
2,195,117.21185790403196,5.6282939279645205,112.21185790403196,0.6282939279645205,122.21185790403196,10.62829392796452,1.0
2,196,117.30794348094419,4.632478677491996,112.30794348094419,-0.3675213225080043,122.30794348094419,9.632478677491996,1.0
2,197,117.51064575187515,3.9969512550292023,112.51064575187515,-1.0030487449707977,122.51064575187515,8.996951255029202,1.0
2,198,118.32028440330168,4.084383640868708,113.32028440330168,-0.9156163591312918,123.32028440330168,9.084383640868708,1.0
2,199,119.58769154729679,4.691817317543347,114.58769154729679,-0.30818268245665337,124.58769154729679,9.691817317543347,1.0
2,200,120.90827518345188,4.968320100359065,115.90827518345188,-0.03167989964093465,125.90827518345188,9.968320100359065,1.0
2,201,122.27395000640058,5.739763491468111,117.27395000640058,0.7397634914681106,127.27395000640058,10.73976349146811,1.0
2,202,123.61248218194125,4.809372345336158,118.61248218194125,-0.19062765466384235,128.61248218194123,9.809372345336158,1.0
2,203,124.283638783758,4.075822866582584,119.283638783758,-0.924177133417416,129.283638783758,9.075822866582584,1.0
2,204,125.18600542113711,3.1549363155017076,120.18600542113711,-1.8450636844982924,130.1860054211371,8.154936315501708,1.0
2,205,126.13386159182733,3.834465642574358,121.13386159182733,-1.165534357425642,131.13386159182733,8.834465642574358,1.0
2,206,126.84019336132027,4.633613751041928,121.84019336132027,-0.36638624895807226,131.84019336132027,9.633613751041928,1.0
2,207,126.23227679258727,5.161050177917296,121.23227679258727,0.16105017791729637,131.23227679258727,10.161050177917296,1.0
2,208,125.93719168808607,5.288039754625672,120.93719168808607,0.28803975462567166,130.93719168808607,10.288039754625672,1.0
2,209,125.31615766653087,5.758846236758821,120.31615766653087,0.7588462367588207,130.31615766653087,10.75884623675882,1.0
2,210,124.63166238989069,5.888463843830664,119.63166238989069,0.8884638438306638,129.6316623898907,10.888463843830664,1.0
2,211,125.28758482700205,6.371211986480972,120.28758482700205,1.3712119864809722,130.28758482700204,11.371211986480972,1.0
2,212,125.76185301389971,6.728293639506511,120.76185301389971,1.7282936395065107,130.76185301389972,11.72829363950651,1.0
2,213,126.06395130573296,7.116829271233119,121.06395130573296,2.1168292712331187,131.06395130573296,12.116829271233119,1.0
2,214,127.15696214824368,6.235860684183855,122.15696214824368,1.235860684183855,132.15696214824368,11.235860684183855,1.0
2,215,128.04106896216854,6.433411982733006,123.04106896216854,1.4334119827330056,133.04106896216854,11.433411982733006,1.0
2,216,127.7041171093414,7.1417489605032145,122.7041171093414,2.1417489605032145,132.70411710934138,12.141748960503215,1.0
2,217,127.37961827572346,7.544775294018436,122.37961827572346,2.544775294018436,132.37961827572346,12.544775294018436,1.0
2,218,127.1180913635262,7.3095198332008415,122.1180913635262,2.3095198332008415,132.11809136352622,12.309519833200842,1.0
2,219,127.93190457476669,7.596161892125899,122.93190457476669,2.596161892125899,132.9319045747667,12.596161892125899,1.0
2,220,127.58145640622587,7.517546556179482,122.58145640622587,2.5175465561794823,132.58145640622587,12.517546556179482,1.0
2,221,127.8161627141377,7.205634726630251,122.8161627141377,2.205634726630251,132.8161627141377,12.205634726630251,1.0
2,222,127.3420617795255,7.655237791630473,122.3420617795255,2.655237791630473,132.3420617795255,12.655237791630473,1.0
2,223,126.67022031432505,6.371648058526468,121.67022031432505,1.3716480585264677,131.67022031432504,11.371648058526468,1.0
2,224,127.47162262982472,5.732499172843582,122.47162262982472,0.7324991728435819,132.4716226298247,10.732499172843582,1.0
2,225,128.30570336109673,6.091194856460554,123.30570336109673,1.0911948564605538,133.30570336109673,11.091194856460554,1.0
2,226,128.71577950085532,6.77528847994347,123.71577950085532,1.7752884799434696,133.71577950085532,11.77528847994347,1.0
2,227,129.4156397910953,6.908603537264085,124.41563979109529,1.908603537264085,134.4156397910953,11.908603537264085,1.0
2,228,129.06020570577098,6.89627513207634,124.06020570577098,1.8962751320763402,134.06020570577098,11.89627513207634,1.0
2,229,128.868238569429,7.636965970227372,123.868238569429,2.6369659702273722,133.868238569429,12.636965970227372,1.0
2,230,130.03631076951328,8.049262510241164,125.03631076951328,3.0492625102411637,135.03631076951328,13.049262510241164,1.0
2,231,130.75901409460957,8.274174135147504,125.75901409460957,3.274174135147504,135.75901409460957,13.274174135147504,1.0
2,232,132.00295962325123,8.067807535771717,127.00295962325123,3.067807535771717,137.00295962325123,13.067807535771717,1.0
2,233,131.37041374735918,8.428126439465608,126.37041374735918,3.4281264394656077,136.37041374735918,13.428126439465608,1.0
2,234,131.02524052724482,9.745988228470694,126.02524052724482,4.745988228470694,136.02524052724482,14.745988228470694,1.0
2,235,130.81745448098692,10.938724833131296,125.81745448098692,5.938724833131296,135.81745448098692,15.938724833131296,1.0
2,236,130.2000757974098,11.77881745266544,125.2000757974098,6.7788174526654394,135.2000757974098,16.77881745266544,1.0
2,237,129.38802021200917,12.017362919111328,124.38802021200917,7.017362919111328,134.38802021200917,17.017362919111328,1.0
2,238,129.7817662706503,12.024696589527018,124.78176627065031,7.024696589527018,134.7817662706503,17.024696589527018,1.0
2,239,129.9845163309786,11.813154713090523,124.98451633097861,6.813154713090523,134.9845163309786,16.813154713090523,1.0
2,240,131.21582508784837,11.594635492406077,126.21582508784837,6.594635492406077,136.21582508784837,16.594635492406077,1.0
2,241,132.2040740879616,11.221891848540842,127.2040740879616,6.221891848540842,137.2040740879616,16.221891848540842,1.0
2,242,131.5603979060462,10.334812321605686,126.5603979060462,5.3348123216056855,136.5603979060462,15.334812321605686,1.0
2,243,132.0887674525596,9.487078541013005,127.08876745255961,4.487078541013005,137.0887674525596,14.487078541013005,1.0
2,244,132.05830321880072,8.947922433162727,127.05830321880072,3.947922433162727,137.05830321880072,13.947922433162727,1.0
2,245,132.40116808057323,8.210536850621118,127.40116808057323,3.210536850621118,137.40116808057323,13.210536850621118,1.0
2,246,133.18461646103984,8.713413209973663,128.18461646103984,3.7134132099736625,138.18461646103984,13.713413209973663,1.0
2,247,132.89494291232484,9.221312963033391,127.89494291232484,4.221312963033391,137.89494291232484,14.221312963033391,1.0
2,248,132.69083824668488,9.909262605919729,127.69083824668488,4.909262605919729,137.69083824668488,14.909262605919729,1.0
2,249,133.5027034915162,11.200868874353226,128.5027034915162,6.200868874353226,138.5027034915162,16.200868874353226,1.0
2,250,134.40148900779144,10.773970956812793,129.40148900779144,5.773970956812793,139.40148900779144,15.773970956812793,1.0
2,251,134.97116507527704,10.157722901999442,129.97116507527704,5.157722901999442,139.97116507527704,15.157722901999442,1.0
2,252,135.68853481934053,9.190016999210044,130.68853481934053,4.1900169992100444,140.68853481934053,14.190016999210044,1.0
2,253,136.5012293477016,9.375140179137947,131.5012293477016,4.375140179137947,141.5012293477016,14.375140179137947,1.0
2,254,136.8191904875904,9.848775456001583,131.8191904875904,4.848775456001583,141.8191904875904,14.848775456001583,1.0
2,255,136.37289528138567,9.44583943234188,131.37289528138567,4.445839432341881,141.37289528138567,14.44583943234188,1.0
2,256,136.61003523436347,9.316404650991817,131.61003523436347,4.316404650991817,141.61003523436347,14.316404650991817,1.0
2,257,136.94896525133294,9.318819781030498,131.94896525133294,4.3188197810304985,141.94896525133294,14.318819781030498,1.0
2,258,136.7894406755321,9.255857964925355,131.7894406755321,4.2558579649253545,141.7894406755321,14.255857964925355,1.0
2,259,136.85707021576664,10.468015128729913,131.85707021576664,5.468015128729913,141.85707021576664,15.468015128729913,1.0
2,260,136.61092115554698,11.552827282025003,131.61092115554698,6.552827282025003,141.61092115554698,16.552827282025003,1.0
2,261,135.0175412695839,12.553139916081328,130.0175412695839,7.553139916081328,140.0175412695839,17.553139916081328,1.0
2,262,134.70527202918274,13.315580987975782,129.70527202918274,8.315580987975782,139.70527202918274,18.315580987975782,1.0
2,263,134.88184909363247,13.390761116894762,129.88184909363247,8.390761116894762,139.88184909363247,18.390761116894762,1.0
2,264,135.31738514392183,14.232788700408786,130.31738514392183,9.232788700408786,140.31738514392183,19.232788700408786,1.0
2,265,137.3032294188169,15.1160562846322,132.3032294188169,10.1160562846322,142.3032294188169,20.1160562846322,1.0
2,266,139.79504224225155,16.434704309005426,134.79504224225155,11.434704309005426,144.79504224225155,21.434704309005426,1.0
2,267,140.9443168542844,17.19043109586516,135.9443168542844,12.190431095865161,145.9443168542844,22.19043109586516,1.0
2,268,140.51149635696785,17.193544422727168,135.51149635696785,12.193544422727168,145.51149635696785,22.193544422727168,1.0
2,269,139.6212835684275,17.817730573352325,134.6212835684275,12.817730573352325,144.6212835684275,22.817730573352325,1.0
2,270,138.51696692037655,17.920924592593458,133.51696692037655,12.920924592593458,143.51696692037655,22.920924592593458,1.0
2,271,138.24071309874546,17.90644755279897,133.24071309874546,12.90644755279897,143.24071309874546,22.90644755279897,1.0
2,272,138.74119665240778,18.269937023005625,133.74119665240778,13.269937023005625,143.74119665240778,23.269937023005625,1.0
2,273,138.76503689939267,18.766151363353185,133.76503689939267,13.766151363353185,143.76503689939267,23.766151363353185,1.0
2,274,138.969299748541,18.372644059175077,133.969299748541,13.372644059175077,143.969299748541,23.372644059175077,1.0
2,275,139.51280708583099,18.154709335401623,134.51280708583099,13.154709335401623,144.51280708583099,23.154709335401623,1.0
2,276,140.28842605113988,17.909094598236333,135.28842605113988,12.909094598236333,145.28842605113988,22.909094598236333,1.0
2,277,140.15243892641297,17.19662398346702,135.15243892641297,12.19662398346702,145.15243892641297,22.19662398346702,1.0
2,278,138.66758094074657,16.12970745046469,133.66758094074657,11.12970745046469,143.66758094074657,21.12970745046469,1.0
2,279,137.42299084882535,15.986612540626215,132.42299084882535,10.986612540626215,142.42299084882535,20.986612540626215,1.0
2,280,137.6703070625975,16.286988825925214,132.6703070625975,11.286988825925214,142.6703070625975,21.286988825925214,1.0
2,281,137.04153886252186,16.302684385481395,132.04153886252186,11.302684385481395,142.04153886252186,21.302684385481395,1.0
2,282,136.22217162703276,15.928925563408466,131.22217162703276,10.928925563408466,141.22217162703276,20.928925563408466,1.0
2,283,135.82732089540718,17.270036072586823,130.82732089540718,12.270036072586823,140.82732089540718,22.270036072586823,1.0
2,284,134.6935193596626,17.12567764721369,129.6935193596626,12.125677647213688,139.6935193596626,22.12567764721369,1.0
2,285,135.1847507113675,17.39284291219465,130.1847507113675,12.392842912194649,140.1847507113675,22.39284291219465,1.0
2,286,136.76328599769639,17.685990909997706,131.76328599769639,12.685990909997706,141.76328599769639,22.685990909997706,1.0
2,287,137.5562975715931,18.67531224903362,132.5562975715931,13.67531224903362,142.5562975715931,23.67531224903362,1.0
2,288,138.02774102637824,19.51849458866101,133.02774102637824,14.51849458866101,143.02774102637824,24.51849458866101,1.0
2,289,137.95811163641153,20.41750445022343,132.95811163641153,15.41750445022343,142.95811163641153,25.41750445022343,1.0
2,290,137.23439067208835,19.83318818115927,132.23439067208835,14.833188181159269,142.23439067208835,24.83318818115927,1.0
2,291,137.14712660988133,19.29166634593084,132.14712660988133,14.291666345930839,142.14712660988133,24.29166634593084,1.0
2,292,137.47717186300284,18.555958231985354,132.47717186300284,13.555958231985354,142.47717186300284,23.555958231985354,1.0
2,293,137.7628910968101,17.854173538599905,132.7628910968101,12.854173538599905,142.7628910968101,22.854173538599905,1.0
2,294,137.72956799973448,16.822678115195693,132.72956799973448,11.822678115195693,142.72956799973448,21.822678115195693,1.0
2,295,137.68484622396193,14.856086371415241,132.68484622396193,9.856086371415241,142.68484622396193,19.85608637141524,1.0
2,296,137.41145892101753,13.791398430922687,132.41145892101753,8.791398430922687,142.41145892101753,18.791398430922687,1.0
2,297,137.38160909122732,12.878675560000254,132.38160909122732,7.878675560000254,142.38160909122732,17.878675560000254,1.0
2,298,138.2559382029915,13.678361361790135,133.2559382029915,8.678361361790135,143.2559382029915,18.678361361790135,1.0
2,299,138.10528352732453,14.36120360193939,133.10528352732453,9.36120360193939,143.10528352732453,19.36120360193939,1.0
2,300,138.03012056139184,14.753134041934747,133.03012056139184,9.753134041934747,143.03012056139184,19.753134041934747,1.0
2,301,137.48892443018133,15.899406000496299,132.48892443018133,10.899406000496299,142.48892443018133,20.8994060004963,1.0
2,302,137.56264141623706,17.094938492769746,132.56264141623706,12.094938492769746,142.56264141623706,22.094938492769746,1.0
2,303,137.13169109635973,18.208218472920983,132.13169109635973,13.208218472920983,142.13169109635973,23.208218472920983,1.0
2,304,136.97456251181947,19.051599213887858,131.97456251181947,14.051599213887858,141.97456251181947,24.051599213887858,1.0
2,305,136.6270854110921,19.57657860922256,131.6270854110921,14.576578609222562,141.6270854110921,24.57657860922256,1.0
2,306,137.344124335174,20.003873321592962,132.344124335174,15.003873321592962,142.344124335174,25.003873321592962,1.0
2,307,138.64018602207042,20.67758027110419,133.64018602207042,15.67758027110419,143.64018602207042,25.67758027110419,1.0
2,308,139.43128843514398,21.384596128503247,134.43128843514398,16.384596128503247,144.43128843514398,26.384596128503247,1.0
2,309,140.721708885477,22.269150368165384,135.721708885477,17.269150368165384,145.721708885477,27.269150368165384,1.0
2,310,142.4196453771642,22.998003951208553,137.4196453771642,17.998003951208553,147.4196453771642,27.998003951208553,1.0
2,311,142.96065355903266,23.265858170009956,137.96065355903266,18.265858170009956,147.96065355903266,28.265858170009956,1.0
2,312,142.7156281834553,23.1604598693102,137.7156281834553,18.1604598693102,147.7156281834553,28.1604598693102,1.0
2,313,141.90515951068437,22.054144951521153,136.90515951068437,17.054144951521153,146.90515951068437,27.054144951521153,1.0
2,314,141.86820926747825,20.51341493666811,136.86820926747825,15.51341493666811,146.86820926747825,25.51341493666811,1.0
2,315,141.07155719620985,19.96876848050116,136.07155719620985,14.968768480501161,146.07155719620985,24.96876848050116,1.0
2,316,141.80771521850608,20.417353380544924,136.80771521850608,15.417353380544924,146.80771521850608,25.417353380544924,1.0
2,317,142.3589354803147,21.214493244968455,137.3589354803147,16.214493244968455,147.3589354803147,26.214493244968455,1.0
2,318,143.12607622601737,22.13814985991298,138.12607622601737,17.13814985991298,148.12607622601737,27.13814985991298,1.0
2,319,143.17004268666435,21.756885925444042,138.17004268666435,16.756885925444042,148.17004268666435,26.756885925444042,1.0
2,320,143.4947456636025,20.945842027483515,138.4947456636025,15.945842027483515,148.4947456636025,25.945842027483515,1.0
2,321,144.09490977486294,19.38760007306222,139.09490977486294,14.38760007306222,149.09490977486294,24.38760007306222,1.0
2,322,144.553229678087,19.136860573248835,139.553229678087,14.136860573248835,149.553229678087,24.136860573248835,1.0
2,323,145.2770958706265,18.764699588200056,140.2770958706265,13.764699588200056,150.2770958706265,23.764699588200056,1.0
2,324,145.5047882701307,18.590452047655855,140.5047882701307,13.590452047655855,150.5047882701307,23.590452047655855,1.0
2,325,145.84499370809291,18.24086872864202,140.84499370809291,13.24086872864202,150.84499370809291,23.24086872864202,1.0
2,326,147.2391856990925,16.88274805663683,142.2391856990925,11.882748056636832,152.2391856990925,21.88274805663683,1.0
2,327,146.92428577753037,15.952701345779232,141.92428577753037,10.952701345779232,151.92428577753037,20.952701345779232,1.0
2,328,146.6151298216439,14.847070615884434,141.6151298216439,9.847070615884434,151.6151298216439,19.847070615884434,1.0
2,329,145.28340470726906,14.4223964095317,140.28340470726906,9.4223964095317,150.28340470726906,19.4223964095317,1.0
2,330,144.97749909558968,14.381232142960474,139.97749909558968,9.381232142960474,149.97749909558968,19.381232142960474,1.0
2,331,144.07495487333205,13.832531148544206,139.07495487333205,8.832531148544206,149.07495487333205,18.832531148544206,1.0
2,332,142.39625732949932,13.682575676795118,137.39625732949932,8.682575676795118,147.39625732949932,18.682575676795118,1.0
2,333,140.4027303869451,12.99806147405969,135.4027303869451,7.998061474059689,145.4027303869451,17.99806147405969,1.0
2,334,139.1309845617801,11.873335043118342,134.1309845617801,6.873335043118342,144.1309845617801,16.87333504311834,1.0
2,335,138.36574374576773,10.710701350163564,133.36574374576773,5.710701350163564,143.36574374576773,15.710701350163564,1.0
2,336,138.97871877145792,9.816039631962298,133.97871877145792,4.816039631962298,143.97871877145792,14.816039631962298,1.0
2,337,139.44599701460152,9.493289198917953,134.44599701460152,4.493289198917953,144.44599701460152,14.493289198917953,1.0
2,338,140.2286859875824,9.366097028980498,135.2286859875824,4.366097028980498,145.2286859875824,14.366097028980498,1.0
2,339,141.0990685678855,8.893069420069772,136.0990685678855,3.8930694200697715,146.0990685678855,13.893069420069772,1.0
2,340,141.34589986109924,8.23900802762822,136.34589986109924,3.23900802762822,146.34589986109924,13.23900802762822,1.0
2,341,141.41993557546846,8.815002965676086,136.41993557546846,3.8150029656760864,146.41993557546846,13.815002965676086,1.0
2,342,141.46202183289986,9.153358802244025,136.46202183289986,4.153358802244025,146.46202183289986,14.153358802244025,1.0
2,343,141.88787186046264,9.33726574926673,136.88787186046264,4.337265749266731,146.88787186046264,14.33726574926673,1.0
2,344,141.54675411918495,9.504470055238954,136.54675411918495,4.504470055238954,146.54675411918495,14.504470055238954,1.0
2,345,142.20768807909315,9.681418076202334,137.20768807909315,4.681418076202334,147.20768807909315,14.681418076202334,1.0
2,346,142.4672111096436,8.857695780092527,137.4672111096436,3.857695780092527,147.4672111096436,13.857695780092527,1.0
2,347,142.0231381536277,7.6313112582382985,137.0231381536277,2.6313112582382985,147.0231381536277,12.631311258238298,1.0
2,348,141.95585460987078,5.90676425070172,136.95585460987078,0.9067642507017197,146.95585460987078,10.90676425070172,1.0
2,349,141.33854951345384,5.416232290350159,136.33854951345384,0.41623229035015896,146.33854951345384,10.416232290350159,1.0
2,350,141.18226423722277,4.603656635483624,136.18226423722277,-0.3963433645163761,146.18226423722277,9.603656635483624,1.0
2,351,140.58777894765768,4.866018896832543,135.58777894765768,-0.13398110316745715,145.58777894765768,9.866018896832543,1.0
2,352,139.70355090910644,5.584104528863449,134.70355090910644,0.584104528863449,144.70355090910644,10.584104528863449,1.0
2,353,139.54400634719462,5.8400414252734905,134.54400634719462,0.8400414252734905,144.54400634719462,10.84004142527349,1.0
2,354,139.86868541923658,6.167015862011716,134.86868541923658,1.1670158620117164,144.86868541923658,11.167015862011716,1.0
2,355,140.4403370595094,6.82756113345534,135.4403370595094,1.8275611334553403,145.4403370595094,11.82756113345534,1.0
2,356,141.06996041277975,6.338921378700668,136.06996041277975,1.3389213787006682,146.06996041277975,11.338921378700668,1.0
2,357,141.52434609808006,5.510178446277067,136.52434609808006,0.5101784462770667,146.52434609808006,10.510178446277067,1.0
2,358,141.5223987410957,5.021660132163262,136.5223987410957,0.021660132163262347,146.5223987410957,10.021660132163262,1.0
2,359,142.16346726316016,4.469402371500983,137.16346726316016,-0.5305976284990166,147.16346726316016,9.469402371500983,1.0
2,360,142.68297446421198,4.265073392916364,137.68297446421198,-0.7349266070836364,147.68297446421198,9.265073392916364,1.0
2,361,143.64033011486782,4.8196379300296925,138.64033011486782,-0.18036206997030746,148.64033011486782,9.819637930029693,1.0
2,362,143.96050339967158,5.24319647824138,138.96050339967158,0.24319647824138002,148.96050339967158,10.24319647824138,1.0
2,363,143.8450871812015,5.427322441854308,138.8450871812015,0.427322441854308,148.8450871812015,10.427322441854308,1.0
2,364,144.38573984106694,6.8369792745145475,139.38573984106694,1.8369792745145475,149.38573984106694,11.836979274514547,1.0
2,365,144.65906864418224,7.8956902463213865,139.65906864418224,2.8956902463213865,149.65906864418224,12.895690246321386,1.0
2,366,144.28425002208826,8.941151344136102,139.28425002208826,3.9411513441361024,149.28425002208826,13.941151344136102,1.0
2,367,145.23873607256573,9.234382134040064,140.23873607256573,4.2343821340400645,150.23873607256573,14.234382134040064,1.0
2,368,145.156445718608,10.32476403614261,140.156445718608,5.324764036142611,150.156445718608,15.32476403614261,1.0
2,369,145.32799372241206,10.80175470527615,140.32799372241206,5.801754705276149,150.32799372241206,15.80175470527615,1.0
2,370,145.6575101127087,12.581574456237853,140.6575101127087,7.581574456237853,150.6575101127087,17.581574456237853,1.0
2,371,146.74839029329854,13.34650345179692,141.74839029329854,8.34650345179692,151.74839029329854,18.34650345179692,1.0
2,372,147.37840437143558,13.04759296566074,142.37840437143558,8.04759296566074,152.37840437143558,18.04759296566074,1.0
2,373,147.83238979422927,14.044861461446235,142.83238979422927,9.044861461446235,152.83238979422927,19.044861461446235,1.0
2,374,148.68268641741918,14.796807842888075,143.68268641741918,9.796807842888075,153.68268641741918,19.796807842888075,1.0
2,375,149.4750042856455,15.098161232367389,144.4750042856455,10.098161232367389,154.4750042856455,20.09816123236739,1.0
2,376,149.29534874565692,14.284908182416256,144.29534874565692,9.284908182416256,154.29534874565692,19.284908182416256,1.0
2,377,148.56835502346095,14.233857506547444,143.56835502346095,9.233857506547444,153.56835502346095,19.233857506547444,1.0
2,378,148.32365287846724,13.50210592582184,143.32365287846724,8.50210592582184,153.32365287846724,18.50210592582184,1.0
2,379,147.59900003829182,14.081652963743409,142.59900003829182,9.081652963743409,152.59900003829182,19.08165296374341,1.0
2,380,148.04463853494704,15.442256242160092,143.04463853494704,10.442256242160092,153.04463853494704,20.44225624216009,1.0
2,381,148.3379389589644,16.49215538586004,143.3379389589644,11.492155385860041,153.3379389589644,21.49215538586004,1.0
2,382,147.63680479102894,17.405977758553632,142.63680479102894,12.405977758553632,152.63680479102894,22.405977758553632,1.0
2,383,147.41034703765922,17.854155809953056,142.41034703765922,12.854155809953056,152.41034703765922,22.854155809953056,1.0
2,384,148.3438078975258,17.901801464481476,143.3438078975258,12.901801464481476,153.3438078975258,22.901801464481476,1.0
2,385,148.70446310968867,18.037802086621948,143.70446310968867,13.037802086621948,153.70446310968867,23.037802086621948,1.0
2,386,149.54454386626918,18.64103486792546,144.54454386626918,13.641034867925459,154.54454386626918,23.64103486792546,1.0
2,387,149.2729609353458,18.189902820950735,144.2729609353458,13.189902820950735,154.2729609353458,23.189902820950735,1.0
2,388,148.19299365154671,17.779552701901068,143.19299365154671,12.779552701901068,153.19299365154671,22.779552701901068,1.0
2,389,148.80937864592562,18.414833231168533,143.80937864592562,13.414833231168533,153.80937864592562,23.414833231168533,1.0
2,390,149.8512980811509,18.30004855531747,144.8512980811509,13.30004855531747,154.8512980811509,23.30004855531747,1.0
2,391,150.97606919889373,17.178255310235176,145.97606919889373,12.178255310235176,155.97606919889373,22.178255310235176,1.0
2,392,151.38018362433849,16.958083589431684,146.38018362433849,11.958083589431684,156.38018362433849,21.958083589431684,1.0
2,393,151.5326709066528,16.368093060479584,146.5326709066528,11.368093060479584,156.5326709066528,21.368093060479584,1.0
2,394,150.99423040458908,16.652524206197775,145.99423040458908,11.652524206197775,155.99423040458908,21.652524206197775,1.0
2,395,150.71131815645808,16.238936197564506,145.71131815645808,11.238936197564506,155.71131815645808,21.238936197564506,1.0
2,396,150.06699212643954,15.606614972817997,145.06699212643954,10.606614972817997,155.06699212643954,20.606614972817997,1.0
2,397,148.21799729447207,16.00252272819415,143.21799729447207,11.002522728194151,153.21799729447207,21.00252272819415,1.0
2,398,146.49722242188128,16.259480041931745,141.49722242188128,11.259480041931745,151.49722242188128,21.259480041931745,1.0
2,399,146.10140677836785,17.14425465862977,141.10140677836785,12.14425465862977,151.10140677836785,22.14425465862977,1.0
2,400,144.89107080679952,18.046517427908046,139.89107080679952,13.046517427908046,149.89107080679952,23.046517427908046,1.0
2,401,144.68742293004652,19.186680092254065,139.68742293004652,14.186680092254065,149.68742293004652,24.186680092254065,1.0
2,402,145.03760720643623,19.713205119715465,140.03760720643623,14.713205119715465,150.03760720643623,24.713205119715465,1.0
2,403,144.7342349605278,20.01602220833769,139.7342349605278,15.016022208337692,149.7342349605278,25.01602220833769,1.0
2,404,145.0808366269597,19.810247505938776,140.0808366269597,14.810247505938776,150.0808366269597,24.810247505938776,1.0
2,405,144.18941849955917,19.89891291851054,139.18941849955917,14.89891291851054,149.18941849955917,24.89891291851054,1.0
2,406,143.75901387327906,21.087830604393503,138.75901387327906,16.087830604393503,148.75901387327906,26.087830604393503,1.0
2,407,143.9075349381486,22.663800974813782,138.9075349381486,17.663800974813782,148.9075349381486,27.663800974813782,1.0
2,408,145.76451388310022,23.5352032102828,140.76451388310022,18.5352032102828,150.76451388310022,28.5352032102828,1.0
2,409,146.27116680133415,25.064606476168752,141.27116680133415,20.064606476168752,151.27116680133415,30.064606476168752,1.0
2,410,147.29779578691105,25.947333477012073,142.29779578691105,20.947333477012073,152.29779578691105,30.947333477012073,1.0
2,411,147.98163892167833,26.31012285007266,142.98163892167833,21.31012285007266,152.98163892167833,31.31012285007266,1.0
2,412,147.7516855896947,26.97013923336779,142.7516855896947,21.97013923336779,152.7516855896947,31.97013923336779,1.0
2,413,148.24293122012256,26.778055695866026,143.24293122012256,21.778055695866026,153.24293122012256,31.778055695866026,1.0
2,414,147.04958311056555,27.22358287289751,142.04958311056555,22.22358287289751,152.04958311056555,32.22358287289751,1.0
2,415,146.15196982212464,28.334131574917198,141.15196982212464,23.334131574917198,151.15196982212464,33.334131574917194,1.0
2,416,145.21637903892008,28.53236682432744,140.21637903892008,23.53236682432744,150.21637903892008,33.53236682432744,1.0
2,417,144.68134438216597,27.470692099909602,139.68134438216597,22.470692099909602,149.68134438216597,32.4706920999096,1.0
2,418,143.60525007302425,28.247451363765684,138.60525007302425,23.247451363765684,148.60525007302425,33.247451363765684,1.0
2,419,143.4102324137691,29.034403201293145,138.4102324137691,24.034403201293145,148.4102324137691,34.034403201293145,1.0
2,420,144.2616054955715,29.718376981316425,139.2616054955715,24.718376981316425,149.2616054955715,34.718376981316425,1.0
2,421,143.96573943333166,29.93488193614399,138.96573943333166,24.93488193614399,148.96573943333166,34.934881936143995,1.0
2,422,144.1204860286126,29.532932183776722,139.1204860286126,24.532932183776722,149.1204860286126,34.53293218377672,1.0
2,423,144.55988491368987,29.21833259183175,139.55988491368987,24.21833259183175,149.55988491368987,34.218332591831754,1.0
2,424,144.6667083242676,30.027502327585648,139.6667083242676,25.027502327585648,149.6667083242676,35.02750232758565,1.0
2,425,143.16017672917985,30.097190455166086,138.16017672917985,25.097190455166086,148.16017672917985,35.097190455166086,1.0
2,426,142.9486096133244,30.379374552344046,137.9486096133244,25.379374552344046,147.9486096133244,35.379374552344046,1.0
2,427,142.6746612349633,30.815534894954506,137.6746612349633,25.815534894954506,147.6746612349633,35.81553489495451,1.0
2,428,143.13011046413126,32.07487084680326,138.13011046413126,27.074870846803258,148.13011046413126,37.07487084680326,1.0
2,429,143.2686406072721,32.86482774218648,138.2686406072721,27.864827742186478,148.2686406072721,37.86482774218648,1.0
2,430,142.41455279481863,33.54692679169582,137.41455279481863,28.546926791695817,147.41455279481863,38.54692679169582,1.0
2,431,141.4103973849681,33.76944229619071,136.4103973849681,28.76944229619071,146.4103973849681,38.76944229619071,1.0
2,432,141.24130220566047,33.73979363655626,136.24130220566047,28.739793636556257,146.24130220566047,38.73979363655626,1.0
2,433,142.26772286781681,34.22944678990877,137.26772286781681,29.22944678990877,147.26772286781681,39.22944678990877,1.0
2,434,143.30785060247055,35.96008496728129,138.30785060247055,30.96008496728129,148.30785060247055,40.96008496728129,1.0
2,435,143.61505708595107,37.44038081352087,138.61505708595107,32.44038081352087,148.61505708595107,42.44038081352087,1.0
2,436,144.71111118718164,38.32092783819205,139.71111118718164,33.32092783819205,149.71111118718164,43.32092783819205,1.0
2,437,145.2337868017949,38.848239144872274,140.2337868017949,33.848239144872274,150.2337868017949,43.848239144872274,1.0
2,438,146.57047305547752,39.47795851147555,141.57047305547752,34.47795851147555,151.57047305547752,44.47795851147555,1.0
2,439,147.13136275316748,40.68876072715659,142.13136275316748,35.68876072715659,152.13136275316748,45.68876072715659,1.0
2,440,147.88974967615346,41.48756418060579,142.88974967615346,36.48756418060579,152.88974967615346,46.48756418060579,1.0
2,441,148.8113025331018,42.223553788688264,143.8113025331018,37.223553788688264,153.8113025331018,47.223553788688264,1.0
2,442,149.64891041189526,42.85823957244706,144.64891041189526,37.85823957244706,154.64891041189526,47.85823957244706,1.0
2,443,150.31420705400222,43.81055023932906,145.31420705400222,38.81055023932906,155.31420705400222,48.81055023932906,1.0
2,444,150.2562419449028,45.06855298367525,145.2562419449028,40.06855298367525,155.2562419449028,50.06855298367525,1.0
2,445,149.68434355594206,45.702955944038045,144.68434355594206,40.702955944038045,154.68434355594206,50.702955944038045,1.0
2,446,150.60062797211182,46.406032675205175,145.60062797211182,41.406032675205175,155.60062797211182,51.406032675205175,1.0
2,447,151.423620757273,45.47368848899365,146.423620757273,40.47368848899365,156.423620757273,50.47368848899365,1.0
2,448,152.24032848228643,45.75903666373402,147.24032848228643,40.75903666373402,157.24032848228643,50.75903666373402,1.0
2,449,152.75535602933311,46.50253809994756,147.75535602933311,41.50253809994756,157.75535602933311,51.50253809994756,1.0
2,450,153.46702713777685,46.77808106389711,148.46702713777685,41.77808106389711,158.46702713777685,51.77808106389711,1.0
3,0,269.5,182.5,264.5,177.5,274.5,187.5,1.0
3,1,269.61001381757296,182.0100744893845,264.61001381757296,177.0100744893845,274.61001381757296,187.0100744893845,1.0
3,2,269.8703921169924,181.57279086974597,264.8703921169924,176.57279086974597,274.8703921169924,186.57279086974597,1.0
3,3,269.264287635532,181.12271519695963,264.264287635532,176.12271519695963,274.264287635532,186.12271519695963,1.0
3,4,269.61518478340633,181.47484214062936,264.61518478340633,176.47484214062936,274.61518478340633,186.47484214062936,1.0
3,5,270.0714658619042,181.4837600896575,265.0714658619042,176.4837600896575,275.0714658619042,186.4837600896575,1.0
3,6,270.88289613665955,182.03396691314248,265.88289613665955,177.03396691314248,275.88289613665955,187.03396691314248,1.0
3,7,271.91815987696543,182.15155546440278,266.91815987696543,177.15155546440278,276.91815987696543,187.15155546440278,1.0
3,8,271.9924639391969,182.3944185105363,266.9924639391969,177.3944185105363,276.9924639391969,187.3944185105363,1.0
3,9,271.05030255535377,181.26017625956135,266.05030255535377,176.26017625956135,276.05030255535377,186.26017625956135,1.0
3,10,270.00444137571725,180.5102327315659,265.00444137571725,175.5102327315659,275.00444137571725,185.5102327315659,1.0
3,11,269.6043971847692,179.51733159578106,264.6043971847692,174.51733159578106,274.6043971847692,184.51733159578106,1.0
3,12,270.1351753908099,178.89843689292476,265.1351753908099,173.89843689292476,275.1351753908099,183.89843689292476,1.0
3,13,270.42404155459224,178.0020830950256,265.42404155459224,173.0020830950256,275.42404155459224,183.0020830950256,1.0
3,14,270.2800232746688,177.87333523045712,265.2800232746688,172.87333523045712,275.2800232746688,182.87333523045712,1.0
3,15,269.3525059727964,178.78069386542916,264.3525059727964,173.78069386542916,274.3525059727964,183.78069386542916,1.0
3,16,268.2679031344287,180.56441075943812,263.2679031344287,175.56441075943812,273.2679031344287,185.56441075943812,1.0
3,17,267.5020250385234,182.52377917959882,262.5020250385234,177.52377917959882,272.5020250385234,187.52377917959882,1.0
3,18,266.65750391619156,184.45710577964405,261.65750391619156,179.45710577964405,271.65750391619156,189.45710577964405,1.0
3,19,266.8058375821852,185.97707847209327,261.8058375821852,180.97707847209327,271.8058375821852,190.97707847209327,1.0
3,20,266.89141465128813,187.03384394563972,261.89141465128813,182.03384394563972,271.89141465128813,192.03384394563972,1.0
3,21,266.6981538746078,188.56995143201172,261.6981538746078,183.56995143201172,271.6981538746078,193.56995143201172,1.0
3,22,266.7088218581948,189.07220647736787,261.7088218581948,184.07220647736787,271.7088218581948,194.07220647736787,1.0
3,23,266.8784810869395,190.5447999611847,261.8784810869395,185.5447999611847,271.8784810869395,195.5447999611847,1.0
3,24,266.03499485943706,191.0515747155875,261.03499485943706,186.0515747155875,271.03499485943706,196.0515747155875,1.0
3,25,264.3311127836873,190.68156913291435,259.3311127836873,185.68156913291435,269.3311127836873,195.68156913291435,1.0
3,26,263.9602029378368,190.38453985453634,258.9602029378368,185.38453985453634,268.9602029378368,195.38453985453634,1.0
3,27,264.0361065220464,189.85569171300455,259.0361065220464,184.85569171300455,269.0361065220464,194.85569171300455,1.0
3,28,265.2303609895729,189.35307670493881,260.2303609895729,184.35307670493881,270.2303609895729,194.35307670493881,1.0
3,29,266.12995940326306,189.37681302143355,261.12995940326306,184.37681302143355,271.12995940326306,194.37681302143355,1.0
3,30,266.2987737843229,189.5064860174973,261.2987737843229,184.5064860174973,271.2987737843229,194.5064860174973,1.0
3,31,265.7409051157832,189.70399666569836,260.7409051157832,184.70399666569836,270.7409051157832,194.70399666569836,1.0
3,32,264.99077171882766,189.23517192094516,259.99077171882766,184.23517192094516,269.99077171882766,194.23517192094516,1.0
3,33,265.60952910677025,187.9488250933393,260.60952910677025,182.9488250933393,270.60952910677025,192.9488250933393,1.0
3,34,264.7515194924593,186.95844291807924,259.7515194924593,181.95844291807924,269.7515194924593,191.95844291807924,1.0
3,35,263.3697749598715,186.3824482784839,258.3697749598715,181.3824482784839,268.3697749598715,191.3824482784839,1.0
3,36,262.2850773435503,186.55585479936735,257.2850773435503,181.55585479936735,267.2850773435503,191.55585479936735,1.0
3,37,261.65003341900615,187.09276286733098,256.65003341900615,182.09276286733098,266.65003341900615,192.09276286733098,1.0
3,38,261.2218653639146,186.78603039226718,256.2218653639146,181.78603039226718,266.2218653639146,191.78603039226718,1.0
3,39,260.26993038168706,186.16619973667622,255.26993038168706,181.16619973667622,265.26993038168706,191.16619973667622,1.0
3,40,261.0445653819362,185.53303986913264,256.0445653819362,180.53303986913264,266.0445653819362,190.53303986913264,1.0
3,41,262.7130754460059,183.6815698181021,257.7130754460059,178.6815698181021,267.7130754460059,188.6815698181021,1.0
3,42,263.370082738264,182.83535713118627,258.370082738264,177.83535713118627,268.370082738264,187.83535713118627,1.0
3,43,263.80062502489403,182.28175451890814,258.80062502489403,177.28175451890814,268.80062502489403,187.28175451890814,1.0
3,44,263.1348926207722,182.3824641724198,258.1348926207722,177.3824641724198,268.1348926207722,187.3824641724198,1.0
3,45,262.79706578255525,183.1711507823207,257.79706578255525,178.1711507823207,267.79706578255525,188.1711507823207,1.0
3,46,261.6815084595001,184.4149083403788,256.6815084595001,179.4149083403788,266.6815084595001,189.4149083403788,1.0
3,47,261.14026009794605,185.70920508469433,256.14026009794605,180.70920508469433,266.14026009794605,190.70920508469433,1.0
3,48,260.87063349561026,186.53618403132583,255.87063349561026,181.53618403132583,265.87063349561026,191.53618403132583,1.0
3,49,260.5476953250707,186.8711615453992,255.54769532507072,181.8711615453992,265.5476953250707,191.8711615453992,1.0
3,50,260.8693974575143,186.35247042838242,255.8693974575143,181.35247042838242,265.8693974575143,191.35247042838242,1.0
3,51,260.96995824761143,184.57319044877195,255.96995824761143,179.57319044877195,265.96995824761143,189.57319044877195,1.0
3,52,260.73570784091714,183.6204644527892,255.73570784091714,178.6204644527892,265.73570784091714,188.6204644527892,1.0
3,53,260.41212064469653,182.0656839515882,255.41212064469653,177.0656839515882,265.41212064469653,187.0656839515882,1.0
3,54,259.77684461588143,180.60263238555427,254.77684461588143,175.60263238555427,264.77684461588143,185.60263238555427,1.0
3,55,259.27207508245107,179.62032075777248,254.27207508245107,174.62032075777248,264.27207508245107,184.62032075777248,1.0
3,56,258.74557403911507,178.9020125263279,253.74557403911507,173.9020125263279,263.74557403911507,183.9020125263279,1.0
3,57,258.4267868463614,177.48023841164638,253.42678684636138,172.48023841164638,263.4267868463614,182.48023841164638,1.0
3,58,257.64217600660226,175.77508389922875,252.64217600660226,170.77508389922875,262.64217600660226,180.77508389922875,1.0
3,59,257.2894883909026,175.44907821324992,252.2894883909026,170.44907821324992,262.2894883909026,180.44907821324992,1.0
3,60,257.09083620679456,175.36807599031235,252.09083620679456,170.36807599031235,262.09083620679456,180.36807599031235,1.0
3,61,257.8253300364422,175.42703197374027,252.8253300364422,170.42703197374027,262.8253300364422,180.42703197374027,1.0
3,62,258.16506277717906,175.26959774232833,253.16506277717906,170.26959774232833,263.16506277717906,180.26959774232833,1.0
3,63,258.00012830154725,173.25649404939622,253.00012830154725,168.25649404939622,263.00012830154725,178.25649404939622,1.0
3,64,257.8582493097257,172.17121842171179,252.8582493097257,167.17121842171179,262.8582493097257,177.17121842171179,1.0
3,65,258.15936011126297,171.60796718987592,253.15936011126297,166.60796718987592,263.15936011126297,176.60796718987592,1.0
3,66,256.8038246098717,172.54455627218272,251.8038246098717,167.54455627218272,261.8038246098717,177.54455627218272,1.0
3,67,256.1757112208374,172.3411673146826,251.1757112208374,167.3411673146826,261.1757112208374,177.3411673146826,1.0
3,68,254.989861689657,173.18186467802497,249.989861689657,168.18186467802497,259.989861689657,178.18186467802497,1.0
3,69,253.3277002156176,173.14396438049621,248.3277002156176,168.14396438049621,258.3277002156176,178.14396438049621,1.0
3,70,252.36672159660796,173.87850749237447,247.36672159660796,168.87850749237447,257.36672159660793,178.87850749237447,1.0
3,71,252.17220424468323,174.17251101181816,247.17220424468323,169.17251101181816,257.17220424468326,179.17251101181816,1.0
3,72,252.07386019482277,175.10974199516625,247.07386019482277,170.10974199516625,257.07386019482277,180.10974199516625,1.0
3,73,251.70580560747342,175.91170016993695,246.70580560747342,170.91170016993695,256.7058056074734,180.91170016993695,1.0
3,74,251.26217343794426,176.3365741511911,246.26217343794426,171.3365741511911,256.2621734379443,181.3365741511911,1.0
3,75,250.50735288672493,175.5379914591262,245.50735288672493,170.5379914591262,255.50735288672493,180.5379914591262,1.0
3,76,249.09327677395493,175.47219191736667,244.09327677395493,170.47219191736667,254.09327677395493,180.47219191736667,1.0
3,77,248.15129741131682,174.96311293578427,243.15129741131682,169.96311293578427,253.15129741131682,179.96311293578427,1.0
3,78,247.96697645092559,175.09459033224323,242.96697645092559,170.09459033224323,252.96697645092559,180.09459033224323,1.0
3,79,247.84650554114063,174.94024254999505,242.84650554114063,169.94024254999505,252.84650554114063,179.94024254999505,1.0
3,80,248.8121179554674,174.42142153951312,243.8121179554674,169.42142153951312,253.8121179554674,179.42142153951312,1.0
3,81,249.99315318905235,174.02609862848365,244.99315318905235,169.02609862848365,254.99315318905235,179.02609862848365,1.0
3,82,250.7109067875998,173.95253275404642,245.7109067875998,168.95253275404642,255.7109067875998,178.95253275404642,1.0
3,83,251.65112715928015,173.76618904473997,246.65112715928015,168.76618904473997,256.6511271592801,178.76618904473997,1.0
3,84,252.7830563540957,173.65019965924768,247.7830563540957,168.65019965924768,257.7830563540957,178.65019965924768,1.0
3,85,254.15180277651564,174.04517574595968,249.15180277651564,169.04517574595968,259.15180277651564,179.04517574595968,1.0
3,86,256.0190027410943,174.67676760970997,251.0190027410943,169.67676760970997,261.0190027410943,179.67676760970997,1.0
3,87,257.17840770946646,174.4613224014187,252.17840770946646,169.4613224014187,262.17840770946646,179.4613224014187,1.0
3,88,258.02885866165917,173.48335630498426,253.02885866165917,168.48335630498426,263.02885866165917,178.48335630498426,1.0
3,89,259.5238301538951,172.35434629251563,254.52383015389512,167.35434629251563,264.5238301538951,177.35434629251563,1.0
3,90,261.15318848008906,171.35165937183328,256.15318848008906,166.35165937183328,266.15318848008906,176.35165937183328,1.0
3,91,262.16228798751666,172.28021357956322,257.16228798751666,167.28021357956322,267.16228798751666,177.28021357956322,1.0
3,92,262.15384384991467,173.41344885158807,257.15384384991467,168.41344885158807,267.15384384991467,178.41344885158807,1.0
3,93,261.4712915572715,173.16241735760156,256.4712915572715,168.16241735760156,266.4712915572715,178.16241735760156,1.0
3,94,260.51068342311476,173.56384144074647,255.51068342311476,168.56384144074647,265.51068342311476,178.56384144074647,1.0
3,95,259.94513372383375,174.0908482735801,254.94513372383375,169.0908482735801,264.94513372383375,179.0908482735801,1.0
3,96,260.3927806756104,174.3437474537205,255.39278067561042,169.3437474537205,265.3927806756104,179.3437474537205,1.0
3,97,260.5072207885223,174.70802978186396,255.50722078852232,169.70802978186396,265.5072207885223,179.70802978186396,1.0
3,98,261.26923763770674,175.16431456230205,256.26923763770674,170.16431456230205,266.26923763770674,180.16431456230205,1.0
3,99,261.6817143896655,175.2313462891166,256.6817143896655,170.2313462891166,266.6817143896655,180.2313462891166,1.0
3,100,261.8660856984103,176.05681376617952,256.8660856984103,171.05681376617952,266.8660856984103,181.05681376617952,1.0
3,101,262.8064185623333,176.9583158522967,257.8064185623333,171.9583158522967,267.8064185623333,181.9583158522967,1.0
3,102,263.9423383523653,177.0866082773211,258.9423383523653,172.0866082773211,268.9423383523653,182.0866082773211,1.0
3,103,264.0642855133008,177.8422136366771,259.0642855133008,172.8422136366771,269.0642855133008,182.8422136366771,1.0
3,104,263.71769699805054,177.98795745215966,258.71769699805054,172.98795745215966,268.71769699805054,182.98795745215966,1.0
3,105,263.1784188896638,177.864209989591,258.1784188896638,172.864209989591,268.1784188896638,182.864209989591,1.0
3,106,263.7612975806888,177.79287535165977,258.7612975806888,172.79287535165977,268.7612975806888,182.79287535165977,1.0
3,107,264.86379543863376,178.24414146241543,259.86379543863376,173.24414146241543,269.86379543863376,183.24414146241543,1.0
3,108,265.7201140308347,178.295287729778,260.7201140308347,173.295287729778,270.7201140308347,183.295287729778,1.0
3,109,266.74615437342675,178.23532854234324,261.74615437342675,173.23532854234324,271.74615437342675,183.23532854234324,1.0
3,110,267.2102913080701,178.78885569169074,262.2102913080701,173.78885569169074,272.2102913080701,183.78885569169074,1.0
3,111,267.1178965345527,179.14983687602987,262.1178965345527,174.14983687602987,272.1178965345527,184.14983687602987,1.0
3,112,267.7550748634905,178.87393516614455,262.7550748634905,173.87393516614455,272.7550748634905,183.87393516614455,1.0
3,113,267.2898670379792,179.52069585844976,262.2898670379792,174.52069585844976,272.2898670379792,184.52069585844976,1.0
3,114,266.90522519695054,179.19385351101917,261.90522519695054,174.19385351101917,271.90522519695054,184.19385351101917,1.0
3,115,266.82786869921534,178.94931649370199,261.82786869921534,173.94931649370199,271.82786869921534,183.94931649370199,1.0
3,116,266.3910683670185,178.4324040966104,261.3910683670185,173.4324040966104,271.3910683670185,183.4324040966104,1.0
3,117,266.14089620616096,178.71710818420505,261.14089620616096,173.71710818420505,271.14089620616096,183.71710818420505,1.0
3,118,266.03403132360364,179.3187298921038,261.03403132360364,174.3187298921038,271.03403132360364,184.3187298921038,1.0
3,119,265.89797930329405,179.53403528640064,260.89797930329405,174.53403528640064,270.89797930329405,184.53403528640064,1.0
3,120,265.59596763738216,180.05667737732873,260.59596763738216,175.05667737732873,270.59596763738216,185.05667737732873,1.0
3,121,266.64801462942813,180.00980645359485,261.64801462942813,175.00980645359485,271.64801462942813,185.00980645359485,1.0
3,122,267.2625734852078,180.3992259981474,262.2625734852078,175.3992259981474,272.2625734852078,185.3992259981474,1.0
3,123,266.8751069009016,180.124404915572,261.8751069009016,175.124404915572,271.8751069009016,185.124404915572,1.0
3,124,266.11362420412996,180.32903295937598,261.11362420412996,175.32903295937598,271.11362420412996,185.32903295937598,1.0
3,125,264.2391537309135,179.38946194762238,259.2391537309135,174.38946194762238,269.2391537309135,184.38946194762238,1.0
3,126,262.593941925193,179.52245299206984,257.593941925193,174.52245299206984,267.593941925193,184.52245299206984,1.0
3,127,261.0193174525531,179.62728371412464,256.0193174525531,174.62728371412464,266.0193174525531,184.62728371412464,1.0
3,128,260.24910132427317,180.69951465046847,255.24910132427317,175.69951465046847,265.24910132427317,185.69951465046847,1.0
3,129,259.8149886596432,181.6227306701586,254.81498865964318,176.6227306701586,264.8149886596432,186.6227306701586,1.0
3,130,259.2600529978529,182.24017055158052,254.26005299785288,177.24017055158052,264.2600529978529,187.24017055158052,1.0
3,131,259.4899530052973,181.61895923916575,254.4899530052973,176.61895923916575,264.4899530052973,186.61895923916575,1.0
3,132,259.79138910005827,180.3796414127001,254.79138910005827,175.3796414127001,264.79138910005827,185.3796414127001,1.0
3,133,260.26296506858785,179.38522337152068,255.26296506858785,174.38522337152068,265.26296506858785,184.38522337152068,1.0
3,134,260.57629406268734,179.8433817476025,255.57629406268734,174.8433817476025,265.57629406268734,184.8433817476025,1.0
3,135,259.5655283811747,180.93704177944016,254.56552838117472,175.93704177944016,264.5655283811747,185.93704177944016,1.0
3,136,260.01975668341544,181.01940784263124,255.01975668341544,176.01940784263124,265.01975668341544,186.01940784263124,1.0
3,137,260.23362852035194,179.95228216992345,255.23362852035194,174.95228216992345,265.23362852035194,184.95228216992345,1.0
3,138,261.38325779348474,179.66544621308938,256.38325779348474,174.66544621308938,266.38325779348474,184.66544621308938,1.0
3,139,261.6795473245169,179.5340529603547,256.6795473245169,174.5340529603547,266.6795473245169,184.5340529603547,1.0
3,140,261.71521976637814,178.95926836816022,256.71521976637814,173.95926836816022,266.71521976637814,183.95926836816022,1.0
3,141,262.46932871094396,179.41038482852358,257.46932871094396,174.41038482852358,267.46932871094396,184.41038482852358,1.0
3,142,262.74712796710594,181.15040570168057,257.74712796710594,176.15040570168057,267.74712796710594,186.15040570168057,1.0
3,143,261.87236002354393,182.0053927975604,256.87236002354393,177.0053927975604,266.87236002354393,187.0053927975604,1.0
3,144,262.59266764615876,182.74339237143792,257.59266764615876,177.74339237143792,267.59266764615876,187.74339237143792,1.0
3,145,262.982743526765,182.80636604900133,257.982743526765,177.80636604900133,267.982743526765,187.80636604900133,1.0
3,146,263.33140801272833,182.57965530832618,258.33140801272833,177.57965530832618,268.33140801272833,187.57965530832618,1.0
3,147,263.47412743124465,181.9615503082925,258.47412743124465,176.9615503082925,268.47412743124465,186.9615503082925,1.0
3,148,262.8375854360425,181.88132866484506,257.8375854360425,176.88132866484506,267.8375854360425,186.88132866484506,1.0
3,149,262.3860068129354,181.78705298525188,257.3860068129354,176.78705298525188,267.3860068129354,186.78705298525188,1.0
3,150,261.34613847427045,182.19738930817496,256.34613847427045,177.19738930817496,266.34613847427045,187.19738930817496,1.0
3,151,260.9422159421216,182.49264364907677,255.9422159421216,177.49264364907677,265.9422159421216,187.49264364907677,1.0
3,152,261.0572578291308,182.7725179561949,256.0572578291308,177.7725179561949,266.0572578291308,187.7725179561949,1.0
3,153,260.21867172486964,182.9551680356654,255.21867172486964,177.9551680356654,265.21867172486964,187.9551680356654,1.0
3,154,258.59227016891197,182.44746850349236,253.59227016891197,177.44746850349236,263.59227016891197,187.44746850349236,1.0
3,155,257.14995031908086,182.31507197529518,252.14995031908086,177.31507197529518,262.14995031908086,187.31507197529518,1.0
3,156,257.43104793251683,182.03639416842148,252.43104793251683,177.03639416842148,262.43104793251683,187.03639416842148,1.0
3,157,258.42643839665027,181.98324082119632,253.42643839665027,176.98324082119632,263.42643839665027,186.98324082119632,1.0
3,158,259.19361477548017,181.99413033784174,254.19361477548017,176.99413033784174,264.19361477548017,186.99413033784174,1.0
3,159,259.7128552249128,181.43003239288254,254.7128552249128,176.43003239288254,264.7128552249128,186.43003239288254,1.0
3,160,259.8688062998681,180.51134506763177,254.86880629986808,175.51134506763177,264.8688062998681,185.51134506763177,1.0
3,161,259.69172290275446,180.1650118203614,254.69172290275446,175.1650118203614,264.69172290275446,185.1650118203614,1.0
3,162,260.5732351386299,179.09641994823517,255.5732351386299,174.09641994823517,265.5732351386299,184.09641994823517,1.0
3,163,260.01332132792555,178.47585474022898,255.01332132792555,173.47585474022898,265.01332132792555,183.47585474022898,1.0
3,164,260.49007445402856,177.91678450766435,255.49007445402856,172.91678450766435,265.49007445402856,182.91678450766435,1.0
3,165,260.64430570536587,176.98344317337992,255.64430570536587,171.98344317337992,265.64430570536587,181.98344317337992,1.0
3,166,261.60140782720174,176.6623951744231,256.60140782720174,171.6623951744231,266.60140782720174,181.6623951744231,1.0
3,167,261.7761151392084,176.31371288946573,256.7761151392084,171.31371288946573,266.7761151392084,181.31371288946573,1.0
3,168,262.60738097471665,175.84839016616468,257.60738097471665,170.84839016616468,267.60738097471665,180.84839016616468,1.0
3,169,262.81296490513273,174.58522902139836,257.81296490513273,169.58522902139836,267.81296490513273,179.58522902139836,1.0
3,170,262.8149866083011,173.95502960654713,257.8149866083011,168.95502960654713,267.8149866083011,178.95502960654713,1.0
3,171,263.5224963104199,171.9704952207677,258.5224963104199,166.9704952207677,268.5224963104199,176.9704952207677,1.0
3,172,263.8695071526867,171.35096880342837,258.8695071526867,166.35096880342837,268.8695071526867,176.35096880342837,1.0
3,173,264.7902289357341,170.21125113080666,259.7902289357341,165.21125113080666,269.7902289357341,175.21125113080666,1.0
3,174,266.3355715949748,169.25741577175071,261.3355715949748,164.25741577175071,271.3355715949748,174.25741577175071,1.0
3,175,267.6260386238227,168.43904113020574,262.6260386238227,163.43904113020574,272.6260386238227,173.43904113020574,1.0
3,176,268.8787639137459,166.98128208302293,263.8787639137459,161.98128208302293,273.8787639137459,171.98128208302293,1.0
3,177,270.42674245673453,165.56115661263723,265.42674245673453,160.56115661263723,275.42674245673453,170.56115661263723,1.0
3,178,270.4649767523279,166.5195273603146,265.4649767523279,161.5195273603146,275.4649767523279,171.5195273603146,1.0
3,179,270.5457376431307,166.50911123674751,265.5457376431307,161.50911123674751,275.5457376431307,171.50911123674751,1.0
3,180,268.8274972289794,167.0038376807804,263.8274972289794,162.0038376807804,273.8274972289794,172.0038376807804,1.0
3,181,266.61438566393025,167.53272587280293,261.61438566393025,162.53272587280293,271.61438566393025,172.53272587280293,1.0
3,182,265.315941029532,168.30141191407483,260.315941029532,163.30141191407483,270.315941029532,173.30141191407483,1.0
3,183,263.7662482945981,167.6078643017125,258.7662482945981,162.6078643017125,268.7662482945981,172.6078643017125,1.0
3,184,263.6045974999793,167.5230213020892,258.6045974999793,162.5230213020892,268.6045974999793,172.5230213020892,1.0
3,185,262.2015705464241,166.79002936325884,257.2015705464241,161.79002936325884,267.2015705464241,171.79002936325884,1.0
3,186,259.95669136808584,166.80238904335005,254.95669136808584,161.80238904335005,264.95669136808584,171.80238904335005,1.0
3,187,259.52965855348066,165.13250162274454,254.52965855348066,160.13250162274454,264.52965855348066,170.13250162274454,1.0
3,188,258.6228236028215,164.99591134352315,253.62282360282148,159.99591134352315,263.6228236028215,169.99591134352315,1.0
3,189,259.0044754545118,163.7586858199042,254.0044754545118,158.7586858199042,264.0044754545118,168.7586858199042,1.0
3,190,258.90302156921643,162.24059253011677,253.90302156921643,157.24059253011677,263.90302156921643,167.24059253011677,1.0
3,191,258.345466486099,161.54753148766218,253.34546648609899,156.54753148766218,263.345466486099,166.54753148766218,1.0
3,192,258.00595445189197,161.53472039029506,253.00595445189197,156.53472039029506,263.00595445189197,166.53472039029506,1.0
3,193,257.9530416290876,161.7171562278093,252.95304162908758,156.7171562278093,262.9530416290876,166.7171562278093,1.0
3,194,256.6827985207879,161.3052645801775,251.6827985207879,156.3052645801775,261.6827985207879,166.3052645801775,1.0
3,195,255.37503487229515,162.13988852896497,250.37503487229515,157.13988852896497,260.37503487229515,167.13988852896497,1.0
3,196,254.52221246523172,162.73636655844683,249.52221246523172,157.73636655844683,259.52221246523175,167.73636655844683,1.0
3,197,254.18303064474708,162.8537911282985,249.18303064474708,157.8537911282985,259.1830306447471,167.8537911282985,1.0
3,198,254.62116685819265,163.48690877462298,249.62116685819265,158.48690877462298,259.6211668581926,168.48690877462298,1.0
3,199,255.57567907928734,164.02039576468175,250.57567907928734,159.02039576468175,260.57567907928734,169.02039576468175,1.0
3,200,256.86919783543703,165.05070269666635,251.86919783543703,160.05070269666635,261.86919783543703,170.05070269666635,1.0
3,201,257.528627846016,165.53114809372548,252.52862784601598,160.53114809372548,262.528627846016,170.53114809372548,1.0
3,202,257.14718735751086,165.69894245566445,252.14718735751086,160.69894245566445,262.14718735751086,170.69894245566445,1.0
3,203,258.307723296737,165.58614834568849,253.30772329673698,160.58614834568849,263.307723296737,170.58614834568849,1.0
3,204,258.77871276440993,166.14965647333509,253.77871276440993,161.14965647333509,263.77871276440993,171.14965647333509,1.0
3,205,258.4387693270353,166.46285141620868,253.4387693270353,161.46285141620868,263.4387693270353,171.46285141620868,1.0
3,206,258.06052709203954,165.88445093282064,253.06052709203954,160.88445093282064,263.06052709203954,170.88445093282064,1.0
3,207,256.8704755372061,165.10799168142486,251.87047553720612,160.10799168142486,261.8704755372061,170.10799168142486,1.0
3,208,256.55645153885905,164.57392167302982,251.55645153885905,159.57392167302982,261.55645153885905,169.57392167302982,1.0
3,209,256.6534667469045,164.332036154065,251.65346674690448,159.332036154065,261.6534667469045,169.332036154065,1.0
3,210,256.24304035188277,164.7269806661033,251.24304035188277,159.7269806661033,261.24304035188277,169.7269806661033,1.0
3,211,255.3924043883914,165.36688011559824,250.3924043883914,160.36688011559824,260.3924043883914,170.36688011559824,1.0
3,212,256.1363000234853,166.52993448939375,251.13630002348532,161.52993448939375,261.1363000234853,171.52993448939375,1.0
3,213,255.48554460890267,165.83228852730758,250.48554460890267,160.83228852730758,260.48554460890267,170.83228852730758,1.0
3,214,254.23795241649955,165.3660048661166,249.23795241649955,160.3660048661166,259.2379524164995,170.3660048661166,1.0
3,215,252.3674597128841,164.41676665791186,247.3674597128841,159.41676665791186,257.3674597128841,169.41676665791186,1.0
3,216,251.45257644676255,162.85153590083547,246.45257644676255,157.85153590083547,256.4525764467626,167.85153590083547,1.0
3,217,250.86980488760886,161.92845180832725,245.86980488760886,156.92845180832725,255.86980488760886,166.92845180832725,1.0
3,218,251.20657883986914,160.88396916517237,246.20657883986914,155.88396916517237,256.20657883986917,165.88396916517237,1.0
3,219,250.88272734573584,160.55896851452187,245.88272734573584,155.55896851452187,255.88272734573584,165.55896851452187,1.0
3,220,250.9263273428929,161.2479641352768,245.9263273428929,156.2479641352768,255.9263273428929,166.2479641352768,1.0
3,221,250.5210401945301,161.6860638257551,245.5210401945301,156.6860638257551,255.5210401945301,166.6860638257551,1.0
3,222,249.9337927837281,161.69577453876278,244.9337927837281,156.69577453876278,254.9337927837281,166.69577453876278,1.0
3,223,250.4492179883618,162.00235068685618,245.4492179883618,157.00235068685618,255.4492179883618,167.00235068685618,1.0
3,224,250.47016150328486,162.57983816358035,245.47016150328486,157.57983816358035,255.47016150328486,167.57983816358035,1.0
3,225,251.22045095961482,163.10461584814814,246.22045095961482,158.10461584814814,256.2204509596148,168.10461584814814,1.0
3,226,251.84860116748362,162.60585946479597,246.84860116748362,157.60585946479597,256.8486011674836,167.60585946479597,1.0
3,227,252.2921266580065,163.34853899731672,247.2921266580065,158.34853899731672,257.2921266580065,168.34853899731672,1.0
3,228,252.471653228882,164.7732972080686,247.471653228882,159.7732972080686,257.471653228882,169.7732972080686,1.0
3,229,253.09557852939236,165.54584763829695,248.09557852939236,160.54584763829695,258.09557852939236,170.54584763829695,1.0
3,230,253.8157983283885,166.75284528930314,248.8157983283885,161.75284528930314,258.8157983283885,171.75284528930314,1.0
3,231,253.5726275957305,167.58000548275083,248.5726275957305,162.58000548275083,258.5726275957305,172.58000548275083,1.0
3,232,253.1622308657892,167.30660108232686,248.1622308657892,162.30660108232686,258.1622308657892,172.30660108232686,1.0
3,233,252.88311356631544,167.26787476975122,247.88311356631544,162.26787476975122,257.88311356631544,172.26787476975122,1.0
3,234,252.93228448436972,166.52786738044256,247.93228448436972,161.52786738044256,257.9322844843697,171.52786738044256,1.0
3,235,252.69110656163824,166.2163712281838,247.69110656163824,161.2163712281838,257.6911065616382,171.2163712281838,1.0
3,236,252.90472767162325,165.7772980104868,247.90472767162325,160.7772980104868,257.9047276716233,170.7772980104868,1.0
3,237,252.14618356869718,165.61072889186102,247.14618356869718,160.61072889186102,257.1461835686972,170.61072889186102,1.0
3,238,251.02863402624388,164.75728689034563,246.02863402624388,159.75728689034563,256.0286340262439,169.75728689034563,1.0
3,239,250.3883201938903,164.64152111279475,245.3883201938903,159.64152111279475,255.3883201938903,169.64152111279475,1.0
3,240,250.44889079682446,164.14618192522755,245.44889079682446,159.14618192522755,255.44889079682446,169.14618192522755,1.0
3,241,251.59999086238247,164.25036697925196,246.59999086238247,159.25036697925196,256.59999086238247,169.25036697925196,1.0
3,242,252.6341125492729,164.16683638954777,247.6341125492729,159.16683638954777,257.6341125492729,169.16683638954777,1.0
3,243,254.08432936281048,163.7825550990855,249.08432936281048,158.7825550990855,259.0843293628105,168.7825550990855,1.0
3,244,254.30954458471658,162.34783921577525,249.30954458471658,157.34783921577525,259.3095445847166,167.34783921577525,1.0
3,245,255.1401060240165,160.81903249522472,250.1401060240165,155.81903249522472,260.1401060240165,165.81903249522472,1.0
3,246,255.92654331583645,159.61470937363538,250.92654331583645,154.61470937363538,260.92654331583645,164.61470937363538,1.0
3,247,256.9918437804611,158.54235139208043,251.99184378046112,153.54235139208043,261.9918437804611,163.54235139208043,1.0
3,248,257.29098161011905,156.21180760230862,252.29098161011905,151.21180760230862,262.29098161011905,161.21180760230862,1.0
3,249,257.645206565688,155.50807599051012,252.645206565688,150.50807599051012,262.645206565688,160.50807599051012,1.0
3,250,258.7647222632615,155.07236103093354,253.7647222632615,150.07236103093354,263.7647222632615,160.07236103093354,1.0
3,251,258.9302745408528,154.7315936363615,253.9302745408528,149.7315936363615,263.9302745408528,159.7315936363615,1.0
3,252,258.3670024276527,155.21459193065138,253.36700242765272,150.21459193065138,263.3670024276527,160.21459193065138,1.0
3,253,257.3474116773383,155.58271607740346,252.3474116773383,150.58271607740346,262.3474116773383,160.58271607740346,1.0
3,254,255.85301498273412,155.5141248455368,250.85301498273412,150.5141248455368,260.8530149827341,160.5141248455368,1.0
3,255,255.74184855160775,155.9904822605862,250.74184855160775,150.9904822605862,260.74184855160775,160.9904822605862,1.0
3,256,254.39477351432726,156.67121424667894,249.39477351432726,151.67121424667894,259.39477351432726,161.67121424667894,1.0
3,257,253.09186441468364,157.75281119343893,248.09186441468364,152.75281119343893,258.09186441468364,162.75281119343893,1.0
3,258,253.16874499454508,158.8355652987284,248.16874499454508,153.8355652987284,258.1687449945451,163.8355652987284,1.0
3,259,253.2519824417257,159.52542699660654,248.2519824417257,154.52542699660654,258.25198244172566,164.52542699660654,1.0
3,260,253.27134765248715,160.11565142067172,248.27134765248715,155.11565142067172,258.2713476524872,165.11565142067172,1.0
3,261,254.04866135989897,161.14373557610796,249.04866135989897,156.14373557610796,259.048661359899,166.14373557610796,1.0
3,262,253.9051260723941,161.200188319159,248.9051260723941,156.200188319159,258.90512607239407,166.200188319159,1.0
3,263,254.72605682791743,160.81853761122773,249.72605682791743,155.81853761122773,259.72605682791743,165.81853761122773,1.0
3,264,254.7623433760967,160.60263995611678,249.7623433760967,155.60263995611678,259.76234337609674,165.60263995611678,1.0
3,265,255.36240064921586,159.18495401433066,250.36240064921586,154.18495401433066,260.36240064921583,164.18495401433066,1.0
3,266,255.1817791539976,159.3417559921925,250.1817791539976,154.3417559921925,260.1817791539976,164.3417559921925,1.0
3,267,255.01251501259597,159.69129796627257,250.01251501259597,154.69129796627257,260.01251501259594,164.69129796627257,1.0
3,268,255.5103118011421,159.66605185720684,250.5103118011421,154.66605185720684,260.5103118011421,164.66605185720684,1.0
3,269,256.4722580428969,159.96246606886413,251.4722580428969,154.96246606886413,261.4722580428969,164.96246606886413,1.0
3,270,257.67550639785617,159.4603472209635,252.67550639785617,154.4603472209635,262.67550639785617,164.4603472209635,1.0
3,271,259.02058677217826,159.14375074217432,254.02058677217826,154.14375074217432,264.02058677217826,164.14375074217432,1.0
3,272,260.95442062142087,159.34885010008128,255.95442062142087,154.34885010008128,265.95442062142087,164.34885010008128,1.0
3,273,261.73226170672655,159.20081311133515,256.73226170672655,154.20081311133515,266.73226170672655,164.20081311133515,1.0
3,274,262.6733798865027,158.17762753233953,257.6733798865027,153.17762753233953,267.6733798865027,163.17762753233953,1.0
3,275,262.97086537112676,158.22983134329115,257.97086537112676,153.22983134329115,267.97086537112676,163.22983134329115,1.0
3,276,262.4152636220258,158.66711116935514,257.4152636220258,153.66711116935514,267.4152636220258,163.66711116935514,1.0
3,277,262.5044516925339,159.31506905340996,257.5044516925339,154.31506905340996,267.5044516925339,164.31506905340996,1.0
3,278,262.7453443873404,160.86016770732624,257.7453443873404,155.86016770732624,267.7453443873404,165.86016770732624,1.0
3,279,262.55992856592206,160.75409893628608,257.55992856592206,155.75409893628608,267.55992856592206,165.75409893628608,1.0
3,280,263.3088752530983,161.0183402420189,258.3088752530983,156.0183402420189,268.3088752530983,166.0183402420189,1.0
3,281,263.4029478856907,161.50060150201992,258.4029478856907,156.50060150201992,268.4029478856907,166.50060150201992,1.0
3,282,264.1453665497366,161.8737173608627,259.1453665497366,156.8737173608627,269.1453665497366,166.8737173608627,1.0
3,283,265.3009425307853,162.68635477669827,260.3009425307853,157.68635477669827,270.3009425307853,167.68635477669827,1.0
3,284,266.1211851078451,161.93633144387098,261.1211851078451,156.93633144387098,271.1211851078451,166.93633144387098,1.0
3,285,267.3828652908641,162.75768720637598,262.3828652908641,157.75768720637598,272.3828652908641,167.75768720637598,1.0
3,286,267.23614106420496,162.25179824990565,262.23614106420496,157.25179824990565,272.23614106420496,167.25179824990565,1.0
3,287,266.0181391884953,162.0990938094322,261.0181391884953,157.0990938094322,271.0181391884953,167.0990938094322,1.0
3,288,265.59788232682826,162.26294497256575,260.59788232682826,157.26294497256575,270.59788232682826,167.26294497256575,1.0
3,289,265.3456174511363,163.58185168013858,260.3456174511363,158.58185168013858,270.3456174511363,168.58185168013858,1.0
3,290,264.7197031555047,164.45868972978718,259.7197031555047,159.45868972978718,269.7197031555047,169.45868972978718,1.0
3,291,264.4815302991037,164.5137471362232,259.4815302991037,159.5137471362232,269.4815302991037,169.5137471362232,1.0
3,292,264.5511866693094,164.5725453417982,259.5511866693094,159.5725453417982,269.5511866693094,169.5725453417982,1.0
3,293,264.35900562432573,165.1493767363992,259.35900562432573,160.1493767363992,269.35900562432573,170.1493767363992,1.0
3,294,264.153760366457,165.03694947134682,259.153760366457,160.03694947134682,269.153760366457,170.03694947134682,1.0
3,295,263.69032206921986,165.63028677570603,258.69032206921986,160.63028677570603,268.69032206921986,170.63028677570603,1.0
3,296,263.21916068255115,165.85047562742213,258.21916068255115,160.85047562742213,268.21916068255115,170.85047562742213,1.0
3,297,262.671415790392,166.08116367493307,257.671415790392,161.08116367493307,267.671415790392,171.08116367493307,1.0
3,298,262.58502367452564,165.49714358211133,257.58502367452564,160.49714358211133,267.58502367452564,170.49714358211133,1.0
3,299,262.86802873733143,165.3151625805503,257.86802873733143,160.3151625805503,267.86802873733143,170.3151625805503,1.0
3,300,263.3551198960308,164.9797663552986,258.3551198960308,159.9797663552986,268.3551198960308,169.9797663552986,1.0
3,301,262.4243187947318,164.88856034753692,257.4243187947318,159.88856034753692,267.4243187947318,169.88856034753692,1.0
3,302,262.70652113076227,164.70330962657627,257.70652113076227,159.70330962657627,267.70652113076227,169.70330962657627,1.0
3,303,263.09878112535637,164.22371997612754,258.09878112535637,159.22371997612754,268.09878112535637,169.22371997612754,1.0
3,304,263.8008534966157,164.45188109977698,258.8008534966157,159.45188109977698,268.8008534966157,169.45188109977698,1.0
3,305,264.18063893086367,164.4318294943975,259.18063893086367,159.4318294943975,269.18063893086367,169.4318294943975,1.0
3,306,264.3924057410272,164.22482062549022,259.3924057410272,159.22482062549022,269.3924057410272,169.22482062549022,1.0
3,307,263.46448100295873,163.86660529733535,258.46448100295873,158.86660529733535,268.46448100295873,168.86660529733535,1.0
3,308,262.1730542777586,163.7858604281192,257.1730542777586,158.7858604281192,267.1730542777586,168.7858604281192,1.0
3,309,262.34958452628166,164.32226137377566,257.34958452628166,159.32226137377566,267.34958452628166,169.32226137377566,1.0
3,310,262.6443995251481,165.7324545047729,257.6443995251481,160.7324545047729,267.6443995251481,170.7324545047729,1.0
3,311,263.1658918594122,166.88103467798072,258.1658918594122,161.88103467798072,268.1658918594122,171.88103467798072,1.0
3,312,262.46770833388524,166.98027336525413,257.46770833388524,161.98027336525413,267.46770833388524,171.98027336525413,1.0
3,313,261.24737754861764,168.4347464490607,256.24737754861764,163.4347464490607,266.24737754861764,173.4347464490607,1.0
3,314,261.2455620949957,169.85976057879398,256.2455620949957,164.85976057879398,266.2455620949957,174.85976057879398,1.0
3,315,260.8905373898521,172.37252793517365,255.8905373898521,167.37252793517365,265.8905373898521,177.37252793517365,1.0
3,316,259.5405773087334,174.08201878370502,254.54057730873342,169.08201878370502,264.5405773087334,179.08201878370502,1.0
3,317,258.32953113166144,174.5667623354017,253.32953113166144,169.5667623354017,263.32953113166144,179.5667623354017,1.0
3,318,257.64100214929846,173.71823782616275,252.64100214929846,168.71823782616275,262.64100214929846,178.71823782616275,1.0
3,319,257.0387733556351,173.13807150506273,252.0387733556351,168.13807150506273,262.0387733556351,178.13807150506273,1.0
3,320,256.56255883127403,173.66721804000358,251.56255883127403,168.66721804000358,261.56255883127403,178.66721804000358,1.0
3,321,256.2239455206856,173.23270179413313,251.22394552068562,168.23270179413313,261.2239455206856,178.23270179413313,1.0
3,322,255.6798609882349,172.93106070937142,250.6798609882349,167.93106070937142,260.6798609882349,177.93106070937142,1.0
3,323,254.57984250413332,172.18591341737124,249.57984250413332,167.18591341737124,259.57984250413335,177.18591341737124,1.0
3,324,253.44308406036342,171.85682794358848,248.44308406036342,166.85682794358848,258.4430840603634,176.85682794358848,1.0
3,325,252.77844804693166,171.10541376387468,247.77844804693166,166.10541376387468,257.77844804693166,176.10541376387468,1.0
3,326,251.31657863997873,170.6301141277734,246.31657863997873,165.6301141277734,256.31657863997873,175.6301141277734,1.0
3,327,250.16920480820124,169.59718072002178,245.16920480820124,164.59718072002178,255.16920480820124,174.59718072002178,1.0
3,328,250.04135081128967,169.76286241024727,245.04135081128967,164.76286241024727,255.04135081128967,174.76286241024727,1.0
3,329,248.4754855767969,169.9805351230147,243.4754855767969,164.9805351230147,253.4754855767969,174.9805351230147,1.0
3,330,247.36615845727277,169.89136050018976,242.36615845727277,164.89136050018976,252.36615845727277,174.89136050018976,1.0
3,331,247.0068700243786,168.450190227848,242.0068700243786,163.450190227848,252.0068700243786,173.450190227848,1.0
3,332,247.37101944642035,167.81852733744466,242.37101944642035,162.81852733744466,252.37101944642035,172.81852733744466,1.0
3,333,248.29813065953533,166.5251257135576,243.29813065953533,161.5251257135576,253.29813065953533,171.5251257135576,1.0
3,334,248.1701690714204,166.04710509542872,243.1701690714204,161.04710509542872,253.1701690714204,171.04710509542872,1.0
3,335,247.45848502403908,165.03764468415537,242.45848502403908,160.03764468415537,252.45848502403908,170.03764468415537,1.0
3,336,247.42550360258275,164.5540703713795,242.42550360258275,159.5540703713795,252.42550360258275,169.5540703713795,1.0
3,337,246.7447857257509,163.9618162831113,241.7447857257509,158.9618162831113,251.7447857257509,168.9618162831113,1.0
3,338,245.73804661525566,163.2156780095184,240.73804661525566,158.2156780095184,250.73804661525566,168.2156780095184,1.0
3,339,244.8684900932639,163.74902472675222,239.8684900932639,158.74902472675222,249.8684900932639,168.74902472675222,1.0
3,340,243.70718448174085,163.61623145855884,238.70718448174085,158.61623145855884,248.70718448174085,168.61623145855884,1.0
3,341,242.74590589194656,163.48533788314728,237.74590589194656,158.48533788314728,247.74590589194656,168.48533788314728,1.0
3,342,242.54778861163092,163.0201371465232,237.54778861163092,158.0201371465232,247.54778861163092,168.0201371465232,1.0
3,343,243.4228920469844,162.82660110866604,238.4228920469844,157.82660110866604,248.4228920469844,167.82660110866604,1.0
3,344,244.077899978988,162.16643987682914,239.077899978988,157.16643987682914,249.077899978988,167.16643987682914,1.0
3,345,244.1610107777121,162.31104117194914,239.1610107777121,157.31104117194914,249.1610107777121,167.31104117194914,1.0
3,346,244.27305225552942,163.37181601350628,239.27305225552942,158.37181601350628,249.27305225552942,168.37181601350628,1.0
3,347,245.03397235976513,164.422519101536,240.03397235976513,159.422519101536,250.03397235976513,169.422519101536,1.0
3,348,246.23527396253303,165.05064527592288,241.23527396253303,160.05064527592288,251.23527396253303,170.05064527592288,1.0
3,349,247.50036904622624,166.12220598388842,242.50036904622624,161.12220598388842,252.50036904622624,171.12220598388842,1.0
3,350,248.55616274386466,167.5327713579651,243.55616274386466,162.5327713579651,253.55616274386466,172.5327713579651,1.0
3,351,249.5672765426993,167.92042845086368,244.5672765426993,162.92042845086368,254.5672765426993,172.92042845086368,1.0
3,352,249.52610923766414,167.8795823053043,244.52610923766414,162.8795823053043,254.52610923766414,172.8795823053043,1.0
3,353,250.07526004790412,168.14598437285096,245.07526004790412,163.14598437285096,255.07526004790412,173.14598437285096,1.0
3,354,249.93143449332985,168.6724534276015,244.93143449332985,163.6724534276015,254.93143449332985,173.6724534276015,1.0
3,355,249.50961249455332,169.33039374345765,244.50961249455332,164.33039374345765,254.50961249455332,174.33039374345765,1.0
3,356,249.58452407818106,168.8039795405548,244.58452407818106,163.8039795405548,254.58452407818106,173.8039795405548,1.0
3,357,249.50467627963047,168.1639340680388,244.50467627963047,163.1639340680388,254.50467627963047,173.1639340680388,1.0
3,358,248.82222470431975,166.5610860412379,243.82222470431975,161.5610860412379,253.82222470431975,171.5610860412379,1.0
3,359,248.59021150829196,165.27774851508826,243.59021150829196,160.27774851508826,253.59021150829196,170.27774851508826,1.0
3,360,248.30766080005287,164.1958203864604,243.30766080005287,159.1958203864604,253.30766080005287,169.1958203864604,1.0
3,361,249.26208005506012,164.56199564239023,244.26208005506012,159.56199564239023,254.26208005506012,169.56199564239023,1.0
3,362,250.81312098673484,164.69744460997327,245.81312098673484,159.69744460997327,255.81312098673484,169.69744460997327,1.0
3,363,252.18727061882166,165.32663702012763,247.18727061882166,160.32663702012763,257.1872706188217,170.32663702012763,1.0
3,364,253.16573400159007,165.37651481383278,248.16573400159007,160.37651481383278,258.16573400159007,170.37651481383278,1.0
3,365,254.2247316311901,165.92554582018184,249.2247316311901,160.92554582018184,259.22473163119014,170.92554582018184,1.0
3,366,255.0383960172741,165.23398452265013,250.0383960172741,160.23398452265013,260.03839601727407,170.23398452265013,1.0
3,367,254.4646912226586,165.3393944031202,249.4646912226586,160.3393944031202,259.4646912226586,170.3393944031202,1.0
3,368,254.90493854534495,165.71601785941064,249.90493854534495,160.71601785941064,259.904938545345,170.71601785941064,1.0
3,369,255.5269633130162,166.1650938149945,250.5269633130162,161.1650938149945,260.5269633130162,171.1650938149945,1.0
3,370,256.3185763178438,165.79442920266777,251.3185763178438,160.79442920266777,261.3185763178438,170.79442920266777,1.0
3,371,256.41599600834746,164.91126883575333,251.41599600834746,159.91126883575333,261.41599600834746,169.91126883575333,1.0
3,372,255.74797377519167,164.54016510882641,250.74797377519167,159.54016510882641,260.74797377519167,169.54016510882641,1.0
3,373,255.39120286821893,164.762100647848,250.39120286821893,159.762100647848,260.3912028682189,169.762100647848,1.0
3,374,256.0399230220597,164.2645728310227,251.03992302205972,159.2645728310227,261.0399230220597,169.2645728310227,1.0
3,375,256.55275076015903,164.97422730000736,251.55275076015903,159.97422730000736,261.55275076015903,169.97422730000736,1.0
3,376,255.87962399128605,165.95113417173602,250.87962399128605,160.95113417173602,260.87962399128605,170.95113417173602,1.0
3,377,255.74742870098683,166.11659656181217,250.74742870098683,161.11659656181217,260.7474287009868,171.11659656181217,1.0
3,378,255.42670107085817,165.9560384737645,250.42670107085817,160.9560384737645,260.42670107085814,170.9560384737645,1.0
3,379,254.75174856851203,166.64746793526865,249.75174856851203,161.64746793526865,259.751748568512,171.64746793526865,1.0
3,380,253.30160390526376,166.7654107561985,248.30160390526376,161.7654107561985,258.30160390526373,171.7654107561985,1.0
3,381,253.02996766886807,166.31478961493585,248.02996766886807,161.31478961493585,258.02996766886804,171.31478961493585,1.0
3,382,252.60496832806356,165.68689539570295,247.60496832806356,160.68689539570295,257.6049683280636,170.68689539570295,1.0
3,383,252.27703646222423,166.33952914675206,247.27703646222423,161.33952914675206,257.27703646222426,171.33952914675206,1.0
3,384,252.10010675102063,167.8789586702269,247.10010675102063,162.8789586702269,257.10010675102063,172.8789586702269,1.0
3,385,250.09013193640055,169.30005611111704,245.09013193640055,164.30005611111704,255.09013193640055,174.30005611111704,1.0
3,386,248.87993884158968,169.4726898848411,243.87993884158968,164.4726898848411,253.87993884158968,174.4726898848411,1.0
3,387,248.71229317976315,169.67246647295545,243.71229317976315,164.67246647295545,253.71229317976315,174.67246647295545,1.0
3,388,249.40854437666536,169.4517678719448,244.40854437666536,164.4517678719448,254.40854437666536,174.4517678719448,1.0
3,389,250.2174743345164,168.29023194427327,245.2174743345164,163.29023194427327,255.2174743345164,173.29023194427327,1.0
3,390,250.84102419889422,167.5769799037687,245.84102419889422,162.5769799037687,255.84102419889422,172.5769799037687,1.0
3,391,252.1384387157278,167.08151370930278,247.1384387157278,162.08151370930278,257.13843871572783,172.08151370930278,1.0
3,392,253.24184301842328,166.0800723303746,248.24184301842328,161.0800723303746,258.2418430184233,171.0800723303746,1.0
3,393,254.03652205698288,166.18291979345165,249.03652205698288,161.18291979345165,259.0365220569829,171.18291979345165,1.0
3,394,254.34799438254853,165.9494953928718,249.34799438254853,160.9494953928718,259.34799438254856,170.9494953928718,1.0
3,395,254.34303927474664,165.62114957095142,249.34303927474664,160.62114957095142,259.3430392747466,170.62114957095142,1.0
3,396,254.1415711585082,164.64806087360134,249.1415711585082,159.64806087360134,259.1415711585082,169.64806087360134,1.0
3,397,254.10340495899652,163.11705330349866,249.10340495899652,158.11705330349866,259.1034049589965,168.11705330349866,1.0
3,398,254.27716331763853,163.1408453638609,249.27716331763853,158.1408453638609,259.2771633176385,168.1408453638609,1.0
3,399,255.0305408656451,163.3797414017042,250.0305408656451,158.3797414017042,260.0305408656451,168.3797414017042,1.0
3,400,255.3749408092808,163.213272545214,250.3749408092808,158.213272545214,260.3749408092808,168.213272545214,1.0
3,401,255.67872867465005,163.15262298782886,250.67872867465005,158.15262298782886,260.6787286746501,168.15262298782886,1.0
3,402,255.27467829476933,163.8505128992646,250.27467829476933,158.8505128992646,260.27467829476933,168.8505128992646,1.0
3,403,255.0740085420913,165.11111771585877,250.0740085420913,160.11111771585877,260.0740085420913,170.11111771585877,1.0
3,404,255.26396550511703,165.90987253699544,250.26396550511703,160.90987253699544,260.263965505117,170.90987253699544,1.0
3,405,256.3426942486002,167.32371011297553,251.3426942486002,162.32371011297553,261.3426942486002,172.32371011297553,1.0
3,406,256.6994273602942,168.19719303776168,251.69942736029418,163.19719303776168,261.6994273602942,173.19719303776168,1.0
3,407,257.3320120287606,168.75797919035574,252.33201202876057,163.75797919035574,262.3320120287606,173.75797919035574,1.0
3,408,256.7945943110621,168.72251684700248,251.7945943110621,163.72251684700248,261.7945943110621,173.72251684700248,1.0
3,409,256.57011550175366,168.94164241077155,251.57011550175366,163.94164241077155,261.57011550175366,173.94164241077155,1.0
3,410,256.6948275109355,169.15497589017482,251.6948275109355,164.15497589017482,261.6948275109355,174.15497589017482,1.0
3,411,257.7763663325134,170.95369551393242,252.77636633251342,165.95369551393242,262.7763663325134,175.95369551393242,1.0
3,412,257.66324626007736,172.4793093319881,252.66324626007736,167.4793093319881,262.66324626007736,177.4793093319881,1.0
3,413,256.38786723854264,173.35528990877552,251.38786723854264,168.35528990877552,261.38786723854264,178.35528990877552,1.0
3,414,255.86003538959068,174.71922260411958,250.86003538959068,169.71922260411958,260.8600353895907,179.71922260411958,1.0
3,415,256.12320705779496,175.8044684795039,251.12320705779496,170.8044684795039,261.12320705779496,180.8044684795039,1.0
3,416,257.13881640637214,175.84503334215623,252.13881640637214,170.84503334215623,262.13881640637214,180.84503334215623,1.0
3,417,257.8378138394578,176.54149494567594,252.8378138394578,171.54149494567594,262.8378138394578,181.54149494567594,1.0
3,418,257.4182118074284,177.13715138484778,252.4182118074284,172.13715138484778,262.4182118074284,182.13715138484778,1.0
3,419,256.7504683909712,178.01875967253466,251.7504683909712,173.01875967253466,261.7504683909712,183.01875967253466,1.0
3,420,255.7692599968832,177.60665764710356,250.7692599968832,172.60665764710356,260.7692599968832,182.60665764710356,1.0
3,421,254.54770778531454,177.80726348175682,249.54770778531454,172.80726348175682,259.5477077853145,182.80726348175682,1.0
3,422,253.2596901432326,177.29803014965603,248.2596901432326,172.29803014965603,258.2596901432326,182.29803014965603,1.0
3,423,252.1153378086097,176.77601455136724,247.1153378086097,171.77601455136724,257.1153378086097,181.77601455136724,1.0
3,424,251.08639831411574,176.38143702357465,246.08639831411574,171.38143702357465,256.08639831411574,181.38143702357465,1.0
3,425,251.43820584280778,175.88490262198283,246.43820584280778,170.88490262198283,256.43820584280775,180.88490262198283,1.0
3,426,252.00245001122133,174.60760866809323,247.00245001122133,169.60760866809323,257.0024500112213,179.60760866809323,1.0
3,427,251.97342005345084,174.71074312664229,246.97342005345084,169.71074312664229,256.9734200534508,179.71074312664229,1.0
3,428,252.03314440851835,175.00951945582793,247.03314440851835,170.00951945582793,257.03314440851835,180.00951945582793,1.0
3,429,252.4889904745832,175.25706430104998,247.4889904745832,170.25706430104998,257.4889904745832,180.25706430104998,1.0
3,430,251.71468973539342,175.6458158442029,246.71468973539342,170.6458158442029,256.71468973539345,180.6458158442029,1.0
3,431,251.6781432481125,176.6078771269104,246.6781432481125,171.6078771269104,256.6781432481125,181.6078771269104,1.0
3,432,253.02978968815714,177.24613855694219,248.02978968815714,172.24613855694219,258.02978968815717,182.24613855694219,1.0
3,433,253.36197353573576,177.95699863554907,248.36197353573576,172.95699863554907,258.36197353573573,182.95699863554907,1.0
3,434,253.19553267001237,177.57043958057585,248.19553267001237,172.57043958057585,258.19553267001237,182.57043958057585,1.0
3,435,252.11150796388543,177.9078883401947,247.11150796388543,172.9078883401947,257.1115079638854,182.9078883401947,1.0
3,436,252.01119339625362,177.7757361565832,247.01119339625362,172.7757361565832,257.0111933962536,182.7757361565832,1.0
3,437,251.77832521549217,178.3204666226548,246.77832521549217,173.3204666226548,256.77832521549215,183.3204666226548,1.0
3,438,250.5390092965318,178.85008230817604,245.5390092965318,173.85008230817604,255.5390092965318,183.85008230817604,1.0
3,439,250.55174253073895,179.86171928599435,245.55174253073895,174.86171928599435,255.55174253073895,184.86171928599435,1.0
3,440,251.35890322680723,180.73619889720752,246.35890322680723,175.73619889720752,256.35890322680723,185.73619889720752,1.0
3,441,253.07822205584213,180.98257721618828,248.07822205584213,175.98257721618828,258.07822205584216,185.98257721618828,1.0
3,442,255.48096666281347,182.0788980903005,250.48096666281347,177.0788980903005,260.48096666281344,187.0788980903005,1.0
3,443,257.7900063044517,182.95442535644491,252.7900063044517,177.95442535644491,262.7900063044517,187.95442535644491,1.0
3,444,258.1167253712883,183.3344891217485,253.11672537128828,178.3344891217485,263.1167253712883,188.3344891217485,1.0
3,445,258.8887213151719,183.456056210635,253.8887213151719,178.456056210635,263.8887213151719,188.456056210635,1.0
3,446,259.53753630572476,184.21813102684544,254.53753630572476,179.21813102684544,264.53753630572476,189.21813102684544,1.0
3,447,260.45092548235573,184.30849963747275,255.45092548235573,179.30849963747275,265.45092548235573,189.30849963747275,1.0
3,448,261.310178307769,183.51795837353322,256.310178307769,178.51795837353322,266.310178307769,188.51795837353322,1.0
3,449,261.27240187100887,182.1020293812118,256.27240187100887,177.1020293812118,266.27240187100887,187.1020293812118,1.0
3,450,261.58854351348594,181.08102641976902,256.58854351348594,176.08102641976902,266.58854351348594,186.08102641976902,1.0
4,0,502.5,262.0,497.5,257.0,507.5,267.0,1.0
4,1,503.6426892133729,262.6531789729902,498.6426892133729,257.6531789729902,508.6426892133729,267.6531789729902,1.0
4,2,504.3210276644303,263.4572494522072,499.3210276644303,258.4572494522072,509.3210276644303,268.4572494522072,1.0
4,3,504.75337762140185,263.71775004470146,499.75337762140185,258.71775004470146,509.75337762140185,268.71775004470146,1.0
4,4,505.47023975117514,263.5345235777577,500.47023975117514,258.5345235777577,510.47023975117514,268.5345235777577,1.0
4,5,505.9942043607115,263.9457645702362,500.9942043607115,258.9457645702362,510.9942043607115,268.9457645702362,1.0
4,6,505.9821769183031,262.9809777106092,500.9821769183031,257.9809777106092,510.9821769183031,267.9809777106092,1.0
4,7,506.4642011888673,262.3458277892627,501.4642011888673,257.3458277892627,511.4642011888673,267.3458277892627,1.0
4,8,506.43725849661456,262.5006439398723,501.43725849661456,257.5006439398723,511.43725849661456,267.5006439398723,1.0
4,9,506.88067512426727,262.79877651679857,501.88067512426727,257.79877651679857,511.88067512426727,267.79877651679857,1.0
4,10,507.1996066778265,263.0832528071446,502.1996066778265,258.0832528071446,512.1996066778265,268.0832528071446,1.0
4,11,505.513238263144,263.1171176762199,500.513238263144,258.1171176762199,510.513238263144,268.1171176762199,1.0
4,12,503.83796282282077,263.84194188357895,498.83796282282077,258.84194188357895,508.83796282282077,268.84194188357895,1.0
4,13,502.04338978329463,264.0118219225019,497.04338978329463,259.0118219225019,507.04338978329463,269.0118219225019,1.0
4,14,501.20455715194186,265.3786504214116,496.20455715194186,260.3786504214116,506.20455715194186,270.3786504214116,1.0
4,15,500.88774942074673,264.77554252421237,495.88774942074673,259.77554252421237,505.88774942074673,269.77554252421237,1.0
4,16,500.4127672375837,265.9558539308601,495.4127672375837,260.9558539308601,505.4127672375837,270.9558539308601,1.0
4,17,500.328470247305,266.28944265232366,495.328470247305,261.28944265232366,505.328470247305,271.28944265232366,1.0
4,18,501.1287445403394,266.8536698662324,496.1287445403394,261.8536698662324,506.1287445403394,271.8536698662324,1.0
4,19,501.049458157621,267.5840556628326,496.049458157621,262.5840556628326,506.049458157621,272.5840556628326,1.0
4,20,501.68388998448467,265.96537264060055,496.68388998448467,260.96537264060055,506.68388998448467,270.96537264060055,1.0
4,21,501.8095109324232,265.47186769679735,496.8095109324232,260.47186769679735,506.8095109324232,270.47186769679735,1.0
4,22,501.7492608132534,265.6803451518639,496.7492608132534,260.6803451518639,506.7492608132534,270.6803451518639,1.0
4,23,502.4469329873218,264.830319298917,497.4469329873218,259.830319298917,507.4469329873218,269.830319298917,1.0
4,24,503.61972425575846,264.82868642725526,498.61972425575846,259.82868642725526,508.61972425575846,269.82868642725526,1.0
4,25,504.6888545987978,264.876398825314,499.6888545987978,259.876398825314,509.6888545987978,269.876398825314,1.0
4,26,505.93351101063655,265.31998830908987,500.93351101063655,260.31998830908987,510.93351101063655,270.31998830908987,1.0
4,27,505.85911576163903,265.52554650879193,500.85911576163903,260.52554650879193,510.85911576163903,270.52554650879193,1.0
4,28,505.7884088346211,265.93609507503373,500.7884088346211,260.93609507503373,510.7884088346211,270.93609507503373,1.0
4,29,506.00764273105665,265.868444841909,501.00764273105665,260.868444841909,511.00764273105665,270.868444841909,1.0
4,30,506.13731960996523,266.22557559398564,501.13731960996523,261.22557559398564,511.13731960996523,271.22557559398564,1.0
4,31,506.15813241255927,266.21459240625165,501.15813241255927,261.21459240625165,511.15813241255927,271.21459240625165,1.0
4,32,506.69130715555593,265.40100523667877,501.69130715555593,260.40100523667877,511.69130715555593,270.40100523667877,1.0
4,33,506.1805065075159,265.50110936183944,501.1805065075159,260.50110936183944,511.1805065075159,270.50110936183944,1.0
4,34,505.3103576470277,265.69855687424206,500.3103576470277,260.69855687424206,510.3103576470277,270.69855687424206,1.0
4,35,505.7064322019023,265.02463328061145,500.7064322019023,260.02463328061145,510.7064322019023,270.02463328061145,1.0
4,36,507.06186424152907,265.51359281067056,502.06186424152907,260.51359281067056,512.0618642415291,270.51359281067056,1.0
4,37,506.94865579498304,266.36264665721444,501.94865579498304,261.36264665721444,511.94865579498304,271.36264665721444,1.0
4,38,506.9102060810667,267.16286260878627,501.9102060810667,262.16286260878627,511.9102060810667,272.16286260878627,1.0
4,39,506.4490835516324,267.446140124534,501.4490835516324,262.446140124534,511.4490835516324,272.446140124534,1.0
4,40,506.51543875749275,268.0499847479259,501.51543875749275,263.0499847479259,511.51543875749275,273.0499847479259,1.0
4,41,506.1631231613962,268.48153012770365,501.1631231613962,263.48153012770365,511.1631231613962,273.48153012770365,1.0
4,42,506.1116650693973,268.1430959732295,501.1116650693973,263.1430959732295,511.1116650693973,273.1430959732295,1.0
4,43,505.21643902460636,267.82697895236595,500.21643902460636,262.82697895236595,510.21643902460636,272.82697895236595,1.0
4,44,504.09247140125507,267.69925590119067,499.09247140125507,262.69925590119067,509.09247140125507,272.69925590119067,1.0
4,45,504.50266410624283,268.2947028113847,499.50266410624283,263.2947028113847,509.50266410624283,273.2947028113847,1.0
4,46,504.34360260179545,268.92541511028486,499.34360260179545,263.92541511028486,509.34360260179545,273.92541511028486,1.0
4,47,503.4131914408601,268.7170171808558,498.4131914408601,263.7170171808558,508.4131914408601,273.7170171808558,1.0
4,48,503.38547573255477,269.3551014455098,498.38547573255477,264.3551014455098,508.38547573255477,274.3551014455098,1.0
4,49,503.1278921809246,269.4379410486985,498.1278921809246,264.4379410486985,508.1278921809246,274.4379410486985,1.0
4,50,502.23424585653385,269.71179941850926,497.23424585653385,264.71179941850926,507.23424585653385,274.71179941850926,1.0
4,51,502.7723436453599,269.81673157265897,497.7723436453599,264.81673157265897,507.7723436453599,274.81673157265897,1.0
4,52,503.6956153081871,269.8095955257952,498.6956153081871,264.8095955257952,508.6956153081871,274.8095955257952,1.0
4,53,504.27879987763066,269.0091306490355,499.27879987763066,264.0091306490355,509.27879987763066,274.0091306490355,1.0
4,54,505.9154624500962,268.3763828916371,500.9154624500962,263.3763828916371,510.9154624500962,273.3763828916371,1.0
4,55,506.61619650819006,269.2117392270636,501.61619650819006,264.2117392270636,511.61619650819006,274.2117392270636,1.0
4,56,505.7750911916285,269.7480692430399,500.7750911916285,264.7480692430399,510.7750911916285,274.7480692430399,1.0
4,57,506.14979473580956,270.35120608749406,501.14979473580956,265.35120608749406,511.14979473580956,275.35120608749406,1.0
4,58,507.42351612108774,271.31331682531555,502.42351612108774,266.31331682531555,512.4235161210877,276.31331682531555,1.0
4,59,508.406939488905,271.8425151857868,503.406939488905,266.8425151857868,513.406939488905,276.8425151857868,1.0
4,60,509.67376391062277,271.3477851115775,504.67376391062277,266.3477851115775,514.6737639106227,276.3477851115775,1.0
4,61,510.9997646241886,271.9431590389023,505.9997646241886,266.9431590389023,515.9997646241886,276.9431590389023,1.0
4,62,510.7918881755402,271.154840381269,505.7918881755402,266.154840381269,515.7918881755402,276.154840381269,1.0
4,63,509.89573758268693,269.9626577278134,504.89573758268693,264.9626577278134,514.8957375826869,274.9626577278134,1.0
4,64,509.07198585149536,269.11779042783564,504.07198585149536,264.11779042783564,514.0719858514954,274.11779042783564,1.0
4,65,508.5696114578261,268.1332249634779,503.5696114578261,263.1332249634779,513.5696114578261,273.1332249634779,1.0
4,66,508.43202830468647,268.0339193526162,503.43202830468647,263.0339193526162,513.4320283046865,273.0339193526162,1.0
4,67,509.9169484291211,267.62385595544544,504.9169484291211,262.62385595544544,514.916948429121,272.62385595544544,1.0
4,68,510.5465197921912,266.804252580408,505.5465197921912,261.804252580408,515.5465197921912,271.804252580408,1.0
4,69,510.9756274093767,265.36517820976843,505.9756274093767,260.36517820976843,515.9756274093768,270.36517820976843,1.0
4,70,509.6578462959589,264.0866972602539,504.6578462959589,259.0866972602539,514.657846295959,269.0866972602539,1.0
4,71,508.3731351368295,263.1661702789113,503.3731351368295,258.1661702789113,513.3731351368294,268.1661702789113,1.0
4,72,507.99907629640603,262.6217476260644,502.99907629640603,257.6217476260644,512.999076296406,267.6217476260644,1.0
4,73,507.40304057708664,262.51897947863466,502.40304057708664,257.51897947863466,512.4030405770866,267.51897947863466,1.0
4,74,505.92196239971224,261.87768327985566,500.92196239971224,256.87768327985566,510.92196239971224,266.87768327985566,1.0
4,75,505.13082426391287,263.20196803695,500.13082426391287,258.20196803695,510.13082426391287,268.20196803695,1.0
4,76,504.05274803740014,265.2056677491097,499.05274803740014,260.2056677491097,509.05274803740014,270.2056677491097,1.0
4,77,503.46641992352176,266.7673387505477,498.46641992352176,261.7673387505477,508.46641992352176,271.7673387505477,1.0
4,78,503.1456105498212,267.7159912789945,498.1456105498212,262.7159912789945,508.1456105498212,272.7159912789945,1.0
4,79,503.39116403627725,267.7495897785324,498.39116403627725,262.7495897785324,508.39116403627725,272.7495897785324,1.0
4,80,503.93231362901076,266.8246733579895,498.93231362901076,261.8246733579895,508.93231362901076,271.8246733579895,1.0
4,81,504.41269554993164,267.6013248879925,499.41269554993164,262.6013248879925,509.41269554993164,272.6013248879925,1.0
4,82,504.7178803699617,268.1129309263032,499.7178803699617,263.1129309263032,509.7178803699617,273.1129309263032,1.0
4,83,505.3011159771495,267.9689908903802,500.3011159771495,262.9689908903802,510.3011159771495,272.9689908903802,1.0
4,84,505.62603571036084,267.55935413546314,500.62603571036084,262.55935413546314,510.62603571036084,272.55935413546314,1.0
4,85,505.675347155973,268.57584860402966,500.675347155973,263.57584860402966,510.675347155973,273.57584860402966,1.0
4,86,505.6475734944233,269.25502003977834,500.6475734944233,264.25502003977834,510.6475734944233,274.25502003977834,1.0
4,87,504.4502665650245,269.89937529432785,499.4502665650245,264.89937529432785,509.4502665650245,274.89937529432785,1.0
4,88,504.24231591260406,271.90406194802006,499.24231591260406,266.90406194802006,509.24231591260406,276.90406194802006,1.0
4,89,504.050841267592,272.83076556477755,499.050841267592,267.83076556477755,509.050841267592,277.83076556477755,1.0
4,90,504.4361771500049,273.78771924297024,499.4361771500049,268.78771924297024,509.4361771500049,278.78771924297024,1.0
4,91,505.4383593257072,274.16898658149495,500.4383593257072,269.16898658149495,510.4383593257072,279.16898658149495,1.0
4,92,506.914183268531,274.0210683886813,501.914183268531,269.0210683886813,511.914183268531,279.0210683886813,1.0
4,93,506.9869225749324,273.5016509192678,501.9869225749324,268.5016509192678,511.9869225749324,278.5016509192678,1.0
4,94,507.0472204182569,272.66237248057143,502.0472204182569,267.66237248057143,512.047220418257,277.66237248057143,1.0
4,95,507.194390428001,272.34551093317947,502.194390428001,267.34551093317947,512.194390428001,277.34551093317947,1.0
4,96,507.35811361494854,272.884297495268,502.35811361494854,267.884297495268,512.3581136149485,277.884297495268,1.0
4,97,508.4269554645767,273.24730270514334,503.4269554645767,268.24730270514334,513.4269554645766,278.24730270514334,1.0
4,98,509.8599103689318,272.75911801955573,504.8599103689318,267.75911801955573,514.8599103689319,277.75911801955573,1.0
4,99,511.1989458186338,271.6060106311553,506.1989458186338,266.6060106311553,516.1989458186338,276.6060106311553,1.0
4,100,512.6461994604814,271.16413217908257,507.6461994604814,266.16413217908257,517.6461994604814,276.16413217908257,1.0
4,101,512.8744495285138,270.97813340647303,507.87444952851376,265.97813340647303,517.8744495285138,275.97813340647303,1.0
4,102,512.5159117490806,271.55645851542204,507.5159117490806,266.55645851542204,517.5159117490806,276.55645851542204,1.0
4,103,512.2194087808369,271.4247751257544,507.21940878083694,266.4247751257544,517.2194087808369,276.4247751257544,1.0
4,104,511.2990396877145,271.88082775164,506.2990396877145,266.88082775164,516.2990396877145,276.88082775164,1.0
4,105,511.6950911851856,271.8989407502855,506.6950911851856,266.8989407502855,516.6950911851857,276.8989407502855,1.0
4,106,511.71253055797683,271.34779751349765,506.71253055797683,266.34779751349765,516.7125305579768,276.34779751349765,1.0
4,107,511.74094736131497,271.31810869964085,506.74094736131497,266.31810869964085,516.740947361315,276.31810869964085,1.0
4,108,511.10449985394854,270.76875669207624,506.10449985394854,265.76875669207624,516.1044998539485,275.76875669207624,1.0
4,109,510.60047577116785,270.8575380122947,505.60047577116785,265.8575380122947,515.6004757711678,275.8575380122947,1.0
4,110,510.7939236100061,271.76242947696704,505.7939236100061,266.76242947696704,515.7939236100061,276.76242947696704,1.0
4,111,511.4600063045825,272.6820654190778,506.4600063045825,267.6820654190778,516.4600063045825,277.6820654190778,1.0
4,112,512.0766506677498,274.5287351421405,507.07665066774985,269.5287351421405,517.0766506677498,279.5287351421405,1.0
4,113,512.6164704205055,275.10743805838626,507.6164704205055,270.10743805838626,517.6164704205055,280.10743805838626,1.0
4,114,511.8777412221379,275.20127836086505,506.8777412221379,270.20127836086505,516.877741222138,280.20127836086505,1.0
4,115,512.4440979392941,275.50519317297454,507.4440979392941,270.50519317297454,517.4440979392941,280.50519317297454,1.0
4,116,513.3384069190589,276.5143736212938,508.3384069190589,271.5143736212938,518.3384069190589,281.5143736212938,1.0
4,117,515.3869223649472,277.13422078263545,510.38692236494717,272.13422078263545,520.3869223649472,282.13422078263545,1.0
4,118,517.5023563425382,277.55292144866297,512.5023563425382,272.55292144866297,522.5023563425382,282.55292144866297,1.0
4,119,519.2361745751,277.8497347087132,514.2361745751,272.8497347087132,524.2361745751,282.8497347087132,1.0
4,120,520.1210466769347,277.78290461566735,515.1210466769347,272.78290461566735,525.1210466769347,282.78290461566735,1.0
4,121,519.8916868307825,277.69588245096486,514.8916868307825,272.69588245096486,524.8916868307825,282.69588245096486,1.0
4,122,520.2809740011644,277.7559064631648,515.2809740011644,272.7559064631648,525.2809740011644,282.7559064631648,1.0
4,123,520.4667755657474,277.929627339525,515.4667755657474,272.929627339525,525.4667755657474,282.929627339525,1.0
4,124,519.6202729780247,277.323645666638,514.6202729780247,272.323645666638,524.6202729780247,282.323645666638,1.0
4,125,520.3607431702358,276.9844761167071,515.3607431702358,271.9844761167071,525.3607431702358,281.9844761167071,1.0
4,126,520.792992316697,277.11472136694175,515.792992316697,272.11472136694175,525.792992316697,282.11472136694175,1.0
4,127,520.9442502274385,276.2643484274534,515.9442502274385,271.2643484274534,525.9442502274385,281.2643484274534,1.0
4,128,521.5026427764018,275.80614919536714,516.5026427764018,270.80614919536714,526.5026427764018,280.80614919536714,1.0
4,129,522.207546713424,276.2152233503888,517.207546713424,271.2152233503888,527.207546713424,281.2152233503888,1.0
4,130,522.848209825139,276.55062173715856,517.848209825139,271.55062173715856,527.848209825139,281.55062173715856,1.0
4,131,522.8115480960499,277.1932119117522,517.8115480960499,272.1932119117522,527.8115480960499,282.1932119117522,1.0
4,132,521.9778294083136,277.8745146005307,516.9778294083136,272.8745146005307,526.9778294083136,282.8745146005307,1.0
4,133,521.4533336347763,277.7806224800613,516.4533336347763,272.7806224800613,526.4533336347763,282.7806224800613,1.0
4,134,521.124735061683,277.00224803861863,516.124735061683,272.00224803861863,526.124735061683,282.00224803861863,1.0
4,135,520.7639545816388,276.17528203781393,515.7639545816388,271.17528203781393,525.7639545816388,281.17528203781393,1.0
4,136,520.1754852254965,275.46557680702915,515.1754852254965,270.46557680702915,525.1754852254965,280.46557680702915,1.0
4,137,519.8265460853918,274.7566437679095,514.8265460853918,269.7566437679095,524.8265460853918,279.7566437679095,1.0
4,138,519.7357538271162,274.3558537945398,514.7357538271162,269.3558537945398,524.7357538271162,279.3558537945398,1.0
4,139,519.2888793868359,274.78056321685807,514.2888793868359,269.78056321685807,524.2888793868359,279.78056321685807,1.0
4,140,519.5257600869816,274.1065328163028,514.5257600869816,269.1065328163028,524.5257600869816,279.1065328163028,1.0
4,141,519.1000079141502,273.326099452191,514.1000079141502,268.326099452191,524.1000079141502,278.326099452191,1.0
4,142,519.5534985948011,272.3996131053308,514.5534985948011,267.3996131053308,524.5534985948011,277.3996131053308,1.0
4,143,519.0746938965015,272.00369134033906,514.0746938965015,267.00369134033906,524.0746938965015,277.00369134033906,1.0
4,144,519.5529492571858,271.50325592512513,514.5529492571858,266.50325592512513,524.5529492571858,276.50325592512513,1.0
4,145,520.1280375824904,271.1874465809596,515.1280375824904,266.1874465809596,525.1280375824904,276.1874465809596,1.0
4,146,519.8918001783057,270.51416821068125,514.8918001783057,265.51416821068125,524.8918001783057,275.51416821068125,1.0
4,147,518.8376487104582,269.03342272187564,513.8376487104582,264.03342272187564,523.8376487104582,274.03342272187564,1.0
4,148,518.2342235583151,268.10043623955954,513.2342235583151,263.10043623955954,523.2342235583151,273.10043623955954,1.0
4,149,517.067660164738,268.25081508311615,512.067660164738,263.25081508311615,522.067660164738,273.25081508311615,1.0
4,150,515.6408401541009,267.4939742848837,510.64084015410094,262.4939742848837,520.6408401541009,272.4939742848837,1.0
4,151,514.473953033763,267.1115922114044,509.473953033763,262.1115922114044,519.473953033763,272.1115922114044,1.0
4,152,513.7143443587123,267.3923824572155,508.7143443587123,262.3923824572155,518.7143443587123,272.3923824572155,1.0
4,153,512.6001278116736,268.3358990011141,507.6001278116736,263.3358990011141,517.6001278116736,273.3358990011141,1.0
4,154,511.34348221245193,268.60346235069375,506.34348221245193,263.60346235069375,516.3434822124519,273.60346235069375,1.0
4,155,510.7828376283809,268.67220559631556,505.7828376283809,263.67220559631556,515.7828376283809,273.67220559631556,1.0
4,156,510.51455598041156,268.94256059095693,505.51455598041156,263.94256059095693,515.5145559804116,273.94256059095693,1.0
4,157,511.0090003638092,268.653251402156,506.0090003638092,263.653251402156,516.0090003638093,273.653251402156,1.0
4,158,511.3899112671784,267.70868160474566,506.3899112671784,262.70868160474566,516.3899112671784,272.70868160474566,1.0
4,159,512.1508952548357,268.49037527265256,507.15089525483575,263.49037527265256,517.1508952548357,273.49037527265256,1.0
4,160,513.852404487291,269.97355683604934,508.852404487291,264.97355683604934,518.852404487291,274.97355683604934,1.0
4,161,515.34858633542,271.1882450076221,510.34858633542,266.1882450076221,520.34858633542,276.1882450076221,1.0
4,162,515.8198104269532,271.50517351392085,510.81981042695315,266.50517351392085,520.8198104269532,276.50517351392085,1.0
4,163,516.6630679379783,271.6390007533121,511.6630679379783,266.6390007533121,521.6630679379783,276.6390007533121,1.0
4,164,517.6437589240994,272.5959882638135,512.6437589240994,267.5959882638135,522.6437589240994,277.5959882638135,1.0
4,165,517.1849142289248,272.8133634647053,512.1849142289248,267.8133634647053,522.1849142289248,277.8133634647053,1.0
4,166,517.5501842534076,272.5718700681228,512.5501842534076,267.5718700681228,522.5501842534076,277.5718700681228,1.0
4,167,517.2237665108678,272.6498935050853,512.2237665108678,267.6498935050853,522.2237665108678,277.6498935050853,1.0
4,168,516.6421216505217,273.3091659024549,511.64212165052174,268.3091659024549,521.6421216505217,278.3091659024549,1.0
4,169,516.5967238015215,274.05828041307615,511.59672380152153,269.05828041307615,521.5967238015215,279.05828041307615,1.0
4,170,516.6460709952569,274.62103003918804,511.6460709952569,269.62103003918804,521.6460709952569,279.62103003918804,1.0
4,171,517.1235969487716,274.57744670804664,512.1235969487716,269.57744670804664,522.1235969487716,279.57744670804664,1.0
4,172,516.4652038983074,274.956746133963,511.46520389830744,269.956746133963,521.4652038983074,279.956746133963,1.0
4,173,516.1807669169937,274.6561338223899,511.18076691699366,269.6561338223899,521.1807669169937,279.6561338223899,1.0
4,174,516.4379314819047,274.5832325874795,511.4379314819047,269.5832325874795,521.4379314819047,279.5832325874795,1.0
4,175,516.8520994279229,274.24796237344697,511.8520994279229,269.24796237344697,521.8520994279229,279.24796237344697,1.0
4,176,517.1366199682957,273.8792715689877,512.1366199682957,268.8792715689877,522.1366199682957,278.8792715689877,1.0
4,177,517.087151386802,272.9742532852059,512.087151386802,267.9742532852059,522.087151386802,277.9742532852059,1.0
4,178,516.5988697050792,273.8654115774773,511.5988697050792,268.8654115774773,521.5988697050792,278.8654115774773,1.0
4,179,517.0947443224945,275.20406941000226,512.0947443224945,270.20406941000226,522.0947443224945,280.20406941000226,1.0
4,180,517.1562386857054,275.7773442975424,512.1562386857054,270.7773442975424,522.1562386857054,280.7773442975424,1.0
4,181,516.259165983345,275.9151906826903,511.25916598334504,270.9151906826903,521.259165983345,280.9151906826903,1.0
4,182,515.7817189622925,276.29972338270835,510.78171896229253,271.29972338270835,520.7817189622925,281.29972338270835,1.0
4,183,514.1629073519338,275.87864207619305,509.16290735193377,270.87864207619305,519.1629073519338,280.87864207619305,1.0
4,184,512.9893757130939,275.16693422688263,507.98937571309386,270.16693422688263,517.9893757130939,280.16693422688263,1.0
4,185,512.5865292036025,274.7929706435451,507.5865292036025,269.7929706435451,517.5865292036025,279.7929706435451,1.0
4,186,511.5900781162146,274.7075854671032,506.5900781162146,269.7075854671032,516.5900781162146,279.7075854671032,1.0
4,187,511.3394807965214,274.26773054555537,506.3394807965214,269.26773054555537,516.3394807965215,279.26773054555537,1.0
4,188,511.2470639730183,274.1836984894783,506.2470639730183,269.1836984894783,516.2470639730184,279.1836984894783,1.0
4,189,511.14593028365937,273.40461588781307,506.14593028365937,268.40461588781307,516.1459302836594,278.40461588781307,1.0
4,190,509.6938452304809,273.2455567273341,504.6938452304809,268.2455567273341,514.693845230481,278.2455567273341,1.0
4,191,508.5197144574763,273.66652383419137,503.5197144574763,268.66652383419137,513.5197144574763,278.66652383419137,1.0
4,192,507.44462463983837,274.6724074854591,502.44462463983837,269.6724074854591,512.4446246398384,279.6724074854591,1.0
4,193,507.5857968131462,276.8148603138196,502.5857968131462,271.8148603138196,512.5857968131462,281.8148603138196,1.0
4,194,508.32824259995556,278.2509958799359,503.32824259995556,273.2509958799359,513.3282425999555,283.2509958799359,1.0
4,195,508.2698754204032,278.8182036851682,503.2698754204032,273.8182036851682,513.2698754204032,283.8182036851682,1.0
4,196,508.25575276795007,278.15536386705924,503.25575276795007,273.15536386705924,513.2557527679501,283.15536386705924,1.0
4,197,509.84938380236093,277.7947911064065,504.84938380236093,272.7947911064065,514.849383802361,282.7947911064065,1.0
4,198,510.2452623871236,277.4451853039188,505.2452623871236,272.4451853039188,515.2452623871236,282.4451853039188,1.0
4,199,511.27625741750614,276.68256946659267,506.27625741750614,271.68256946659267,516.2762574175061,281.68256946659267,1.0
4,200,512.051393401171,277.03954014951705,507.051393401171,272.03954014951705,517.051393401171,282.03954014951705,1.0
4,201,512.0064007056692,277.9333158993993,507.0064007056692,272.9333158993993,517.0064007056692,282.9333158993993,1.0
4,202,511.79394442344636,277.9625863887543,506.79394442344636,272.9625863887543,516.7939444234464,282.9625863887543,1.0
4,203,510.91983559831164,277.94258942640886,505.91983559831164,272.94258942640886,515.9198355983117,282.94258942640886,1.0
4,204,510.5835683627207,278.7843075581577,505.5835683627207,273.7843075581577,515.5835683627207,283.7843075581577,1.0
4,205,510.3890312543818,278.49442129198775,505.3890312543818,273.49442129198775,515.3890312543817,283.49442129198775,1.0
4,206,511.53562475413185,277.3404716230053,506.53562475413185,272.3404716230053,516.5356247541318,282.3404716230053,1.0
4,207,512.5879875582925,275.6829707221082,507.5879875582925,270.6829707221082,517.5879875582925,280.6829707221082,1.0
4,208,512.6470004032473,273.3025403695866,507.64700040324726,268.3025403695866,517.6470004032473,278.3025403695866,1.0
4,209,513.1199415900011,270.3736867918798,508.1199415900011,265.3736867918798,518.1199415900011,275.3736867918798,1.0
4,210,512.3337374121378,268.5889980392018,507.3337374121378,263.5889980392018,517.3337374121378,273.5889980392018,1.0
4,211,511.3304187704931,268.00844868168605,506.3304187704931,263.00844868168605,516.3304187704931,273.00844868168605,1.0
4,212,511.39062315595663,268.14701739805577,506.39062315595663,263.14701739805577,516.3906231559566,273.14701739805577,1.0
4,213,511.4720225724593,269.0049612823359,506.4720225724593,264.0049612823359,516.4720225724593,274.0049612823359,1.0
4,214,512.275138841894,268.70765066230524,507.275138841894,263.70765066230524,517.275138841894,273.70765066230524,1.0
4,215,512.9176973476735,269.0448098793954,507.91769734767354,264.0448098793954,517.9176973476735,274.0448098793954,1.0
4,216,512.7675619168517,269.768345587451,507.7675619168517,264.768345587451,517.7675619168517,274.768345587451,1.0
4,217,513.5448094481884,270.34680900021715,508.5448094481884,265.34680900021715,518.5448094481884,275.34680900021715,1.0
4,218,512.5338221633237,271.5187338703354,507.53382216332375,266.5187338703354,517.5338221633237,276.5187338703354,1.0
4,219,511.5739694880418,272.3371152265826,506.5739694880418,267.3371152265826,516.5739694880418,277.3371152265826,1.0
4,220,510.0204811197282,273.23093114975666,505.0204811197282,268.23093114975666,515.0204811197282,278.23093114975666,1.0
4,221,509.59673368812116,273.5033562589027,504.59673368812116,268.5033562589027,514.5967336881212,278.5033562589027,1.0
4,222,510.10075358994357,273.28437513257677,505.10075358994357,268.28437513257677,515.1007535899436,278.28437513257677,1.0
4,223,510.7625066265271,272.8796487810081,505.7625066265271,267.8796487810081,515.762506626527,277.8796487810081,1.0
4,224,511.6288258789144,273.03080936720676,506.6288258789144,268.03080936720676,516.6288258789144,278.03080936720676,1.0
4,225,512.4739079301426,271.54013714366323,507.47390793014256,266.54013714366323,517.4739079301426,276.54013714366323,1.0
4,226,513.0316920530431,271.0017333676857,508.0316920530431,266.0017333676857,518.0316920530431,276.0017333676857,1.0
4,227,513.6571274646824,270.60332737118904,508.6571274646824,265.60332737118904,518.6571274646824,275.60332737118904,1.0
4,228,514.7445253272983,271.10878404521486,509.74452532729833,266.10878404521486,519.7445253272983,276.10878404521486,1.0
4,229,516.0722467778193,272.04715811512057,511.07224677781926,267.04715811512057,521.0722467778193,277.04715811512057,1.0
4,230,516.8766587335591,271.44339874126933,511.8766587335591,266.44339874126933,521.8766587335591,276.44339874126933,1.0
4,231,517.3599192561409,270.5996422876243,512.3599192561409,265.5996422876243,522.3599192561409,275.5996422876243,1.0
4,232,516.8181121927443,269.2569100907875,511.81811219274425,264.2569100907875,521.8181121927443,274.2569100907875,1.0
4,233,515.6507857499494,269.0297144953243,510.65078574994936,264.0297144953243,520.6507857499494,274.0297144953243,1.0
4,234,513.8509673149325,267.3271839118395,508.8509673149325,262.3271839118395,518.8509673149325,272.3271839118395,1.0
4,235,513.1950879636651,265.3542869901969,508.19508796366506,260.3542869901969,518.1950879636651,270.3542869901969,1.0
4,236,512.6482328983977,264.2995729442606,507.64823289839774,259.2995729442606,517.6482328983977,269.2995729442606,1.0
4,237,512.7828333034057,263.3809782969045,507.7828333034057,258.3809782969045,517.7828333034057,268.3809782969045,1.0
4,238,513.0790609422563,263.5943056109909,508.0790609422563,258.5943056109909,518.0790609422563,268.5943056109909,1.0
4,239,513.0733884939852,262.81158250666766,508.07338849398525,257.81158250666766,518.0733884939852,267.81158250666766,1.0
4,240,513.728777548445,261.8331290835933,508.728777548445,256.8331290835933,518.728777548445,266.8331290835933,1.0
4,241,514.6383498599355,261.3075461128489,509.6383498599355,256.3075461128489,519.6383498599355,266.3075461128489,1.0
4,242,514.9935111038978,260.6159174844324,509.99351110389784,255.61591748443237,519.9935111038978,265.6159174844324,1.0
4,243,515.6858753031004,260.55649080918766,510.6858753031004,255.55649080918766,520.6858753031004,265.55649080918766,1.0
4,244,516.6602361949932,259.62253269033795,511.6602361949932,254.62253269033795,521.6602361949932,264.62253269033795,1.0
4,245,516.8214997410012,260.2470045964093,511.82149974100116,255.24700459640928,521.8214997410012,265.2470045964093,1.0
4,246,517.1151267161265,260.573210652328,512.1151267161265,255.573210652328,522.1151267161265,265.573210652328,1.0
4,247,516.9414401659444,260.17665564282004,511.9414401659444,255.17665564282004,521.9414401659444,265.17665564282004,1.0
4,248,516.7664474808462,258.6903002361296,511.7664474808462,253.6903002361296,521.7664474808462,263.6903002361296,1.0
4,249,515.7023390460253,258.16353540676835,510.70233904602526,253.16353540676835,520.7023390460253,263.16353540676835,1.0
4,250,514.415209369778,258.4010350348773,509.41520936977804,253.40103503487728,519.415209369778,263.4010350348773,1.0
4,251,513.7011562041552,259.17747128490674,508.70115620415515,254.17747128490674,518.7011562041552,264.17747128490674,1.0
4,252,513.4497786836389,260.2129259091574,508.4497786836389,255.21292590915738,518.4497786836389,265.2129259091574,1.0
4,253,512.9291161480307,261.7586991295229,507.92911614803074,256.7586991295229,517.9291161480307,266.7586991295229,1.0
4,254,513.2703321845041,263.2925626939874,508.2703321845041,258.2925626939874,518.2703321845041,268.2925626939874,1.0
4,255,515.0540748829297,265.20498768417133,510.05407488292974,260.20498768417133,520.0540748829297,270.20498768417133,1.0
4,256,515.6053686440906,267.0000509682913,510.6053686440906,262.0000509682913,520.6053686440906,272.0000509682913,1.0
4,257,514.763400341374,267.59515041247647,509.763400341374,262.59515041247647,519.763400341374,272.59515041247647,1.0
4,258,514.4848875871005,268.1376213959492,509.4848875871005,263.1376213959492,519.4848875871005,273.1376213959492,1.0
4,259,514.558538701648,268.0288868923584,509.558538701648,263.0288868923584,519.558538701648,273.0288868923584,1.0
4,260,513.9536815428493,267.5884784344912,508.95368154284927,262.5884784344912,518.9536815428493,272.5884784344912,1.0
4,261,515.4806632316074,267.36652738413574,510.4806632316074,262.36652738413574,520.4806632316074,272.36652738413574,1.0
4,262,516.8525478605483,265.6217720742593,511.85254786054827,260.6217720742593,521.8525478605483,270.6217720742593,1.0
4,263,518.7896637437104,265.37456641465565,513.7896637437104,260.37456641465565,523.7896637437104,270.37456641465565,1.0
4,264,520.4962534784197,265.4975324234761,515.4962534784197,260.4975324234761,525.4962534784197,270.4975324234761,1.0
4,265,521.3986798136709,266.292168409399,516.3986798136709,261.292168409399,526.3986798136709,271.292168409399,1.0
4,266,521.6422146025964,266.7194300716136,516.6422146025964,261.7194300716136,526.6422146025964,271.7194300716136,1.0
4,267,522.8628502020189,266.86979625759597,517.8628502020189,261.86979625759597,527.8628502020189,271.86979625759597,1.0
4,268,523.978858355473,266.7589270198384,518.978858355473,261.7589270198384,528.978858355473,271.7589270198384,1.0
4,269,524.9033969746034,267.0428469846684,519.9033969746034,262.0428469846684,529.9033969746034,272.0428469846684,1.0
4,270,525.5419991297234,268.1334908236956,520.5419991297234,263.1334908236956,530.5419991297234,273.1334908236956,1.0
4,271,524.7017509460243,268.57984026604413,519.7017509460243,263.57984026604413,529.7017509460243,273.57984026604413,1.0
4,272,524.7336351551884,268.7908314704542,519.7336351551884,263.7908314704542,529.7336351551884,273.7908314704542,1.0
4,273,525.694065097425,268.38508257345313,520.694065097425,263.38508257345313,530.694065097425,273.38508257345313,1.0
4,274,526.6129356497049,269.3339923155633,521.6129356497049,264.3339923155633,531.6129356497049,274.3339923155633,1.0
4,275,527.5466735258674,269.8712366064775,522.5466735258674,264.8712366064775,532.5466735258674,274.8712366064775,1.0
4,276,528.2454821263221,269.7318656529903,523.2454821263221,264.7318656529903,533.2454821263221,274.7318656529903,1.0
4,277,529.1643565448082,269.37774553987236,524.1643565448082,264.37774553987236,534.1643565448082,274.37774553987236,1.0
4,278,530.1574200419063,268.0206921000535,525.1574200419063,263.0206921000535,535.1574200419063,273.0206921000535,1.0
4,279,529.8939129137342,267.5109437746788,524.8939129137342,262.5109437746788,534.8939129137342,272.5109437746788,1.0
4,280,531.0914321270279,268.0503484123106,526.0914321270279,263.0503484123106,536.0914321270279,273.0503484123106,1.0
4,281,532.2053100368875,268.26084875799427,527.2053100368875,263.26084875799427,537.2053100368875,273.26084875799427,1.0
4,282,534.1573151613248,268.6394391988819,529.1573151613248,263.6394391988819,539.1573151613248,273.6394391988819,1.0
4,283,534.6569694847803,269.50573467623747,529.6569694847803,264.50573467623747,539.6569694847803,274.50573467623747,1.0
4,284,535.621301587253,270.6753391329623,530.621301587253,265.6753391329623,540.621301587253,275.6753391329623,1.0
4,285,535.8260903228162,273.10110228725904,530.8260903228162,268.10110228725904,540.8260903228162,278.10110228725904,1.0
4,286,535.57815936276,274.77304497417464,530.57815936276,269.77304497417464,540.57815936276,279.77304497417464,1.0
4,287,534.5869950637748,275.48962880315514,529.5869950637748,270.48962880315514,539.5869950637748,280.48962880315514,1.0
4,288,534.0554908705818,275.6312041085372,529.0554908705818,270.6312041085372,539.0554908705818,280.6312041085372,1.0
4,289,533.4673318269696,276.3830001649901,528.4673318269696,271.3830001649901,538.4673318269696,281.3830001649901,1.0
4,290,532.7833922209918,277.1660914850486,527.7833922209918,272.1660914850486,537.7833922209918,282.1660914850486,1.0
4,291,532.4684866287307,277.5544410897762,527.4684866287307,272.5544410897762,537.4684866287307,282.5544410897762,1.0
4,292,532.0449209093911,277.10118735246584,527.0449209093911,272.10118735246584,537.0449209093911,282.10118735246584,1.0
4,293,531.8208052236855,278.3163710717641,526.8208052236855,273.3163710717641,536.8208052236855,283.3163710717641,1.0
4,294,532.0087884115353,278.29470158847596,527.0087884115353,273.29470158847596,537.0087884115353,283.29470158847596,1.0
4,295,531.3692862529625,278.3662889117193,526.3692862529625,273.3662889117193,536.3692862529625,283.3662889117193,1.0
4,296,531.5459087697727,279.4319848310126,526.5459087697727,274.4319848310126,536.5459087697727,284.4319848310126,1.0
4,297,532.4568251835447,281.1990033114356,527.4568251835447,276.1990033114356,537.4568251835447,286.1990033114356,1.0
4,298,531.8650455338575,280.94721963259127,526.8650455338575,275.94721963259127,536.8650455338575,285.94721963259127,1.0
4,299,532.0581020770901,280.31144539494784,527.0581020770901,275.31144539494784,537.0581020770901,285.31144539494784,1.0
4,300,531.7574806320653,280.289789951493,526.7574806320653,275.289789951493,536.7574806320653,285.289789951493,1.0
4,301,531.9220271263874,280.76816858168667,526.9220271263874,275.76816858168667,536.9220271263874,285.76816858168667,1.0
4,302,531.148292842269,281.2917864339794,526.148292842269,276.2917864339794,536.148292842269,286.2917864339794,1.0
4,303,531.1954745973718,281.0586596758464,526.1954745973718,276.0586596758464,536.1954745973718,286.0586596758464,1.0
4,304,530.3056950110742,280.85979859109443,525.3056950110742,275.85979859109443,535.3056950110742,285.85979859109443,1.0
4,305,530.4073546750122,280.66102707687645,525.4073546750122,275.66102707687645,535.4073546750122,285.66102707687645,1.0
4,306,530.8862398793344,280.59743303658496,525.8862398793344,275.59743303658496,535.8862398793344,285.59743303658496,1.0
4,307,530.6783842159185,280.86330169432716,525.6783842159185,275.86330169432716,535.6783842159185,285.86330169432716,1.0
4,308,531.1438001174296,282.4380978761346,526.1438001174296,277.4380978761346,536.1438001174296,287.4380978761346,1.0
4,309,532.2972963977597,283.52166136787633,527.2972963977597,278.52166136787633,537.2972963977597,288.52166136787633,1.0
4,310,532.8979192388867,285.3521133428274,527.8979192388867,280.3521133428274,537.8979192388867,290.3521133428274,1.0
4,311,533.3675311766904,286.70937994382234,528.3675311766904,281.70937994382234,538.3675311766904,291.70937994382234,1.0
4,312,533.6559446396224,287.84002777978446,528.6559446396224,282.84002777978446,538.6559446396224,292.84002777978446,1.0
4,313,534.1479276402641,288.34834145712574,529.1479276402641,283.34834145712574,539.1479276402641,293.34834145712574,1.0
4,314,535.1774141764432,288.589548094185,530.1774141764432,283.589548094185,540.1774141764432,293.589548094185,1.0
4,315,535.5947871493879,288.5496056627208,530.5947871493879,283.5496056627208,540.5947871493879,293.5496056627208,1.0
4,316,536.5032052406358,288.8424525008698,531.5032052406358,283.8424525008698,541.5032052406358,293.8424525008698,1.0
4,317,536.9244555096179,289.0925827453235,531.9244555096179,284.0925827453235,541.9244555096179,294.0925827453235,1.0
4,318,536.9810495315426,289.0331533480251,531.9810495315426,284.0331533480251,541.9810495315426,294.0331533480251,1.0
4,319,536.5926075111604,288.71070020514907,531.5926075111604,283.71070020514907,541.5926075111604,293.71070020514907,1.0
4,320,536.8112734312297,289.4648620197385,531.8112734312297,284.4648620197385,541.8112734312297,294.4648620197385,1.0
4,321,536.614394036025,290.0787399728257,531.614394036025,285.0787399728257,541.614394036025,295.0787399728257,1.0
4,322,537.5371555422081,290.87248164335756,532.5371555422081,285.87248164335756,542.5371555422081,295.87248164335756,1.0
4,323,538.2423027325838,291.01844477665986,533.2423027325838,286.01844477665986,543.2423027325838,296.01844477665986,1.0
4,324,539.1238210068059,291.25402826762326,534.1238210068059,286.25402826762326,544.1238210068059,296.25402826762326,1.0
4,325,540.2514101031462,291.24891989899766,535.2514101031462,286.24891989899766,545.2514101031462,296.24891989899766,1.0
4,326,541.7461505730232,289.9950191376233,536.7461505730232,284.9950191376233,546.7461505730232,294.9950191376233,1.0
4,327,541.999913187278,289.890743843387,536.999913187278,284.890743843387,546.999913187278,294.890743843387,1.0
4,328,542.9956902805806,288.717668271785,537.9956902805806,283.717668271785,547.9956902805806,293.717668271785,1.0
4,329,542.5221206962729,288.13040385685474,537.5221206962729,283.13040385685474,547.5221206962729,293.13040385685474,1.0
4,330,542.3983263509276,288.100287428059,537.3983263509276,283.100287428059,547.3983263509276,293.100287428059,1.0
4,331,542.0361652534465,287.9193475553498,537.0361652534465,282.9193475553498,547.0361652534465,292.9193475553498,1.0
4,332,542.5374103835776,288.54817029323175,537.5374103835776,283.54817029323175,547.5374103835776,293.54817029323175,1.0
4,333,543.4519666403443,288.49111921871673,538.4519666403443,283.49111921871673,548.4519666403443,293.49111921871673,1.0
4,334,542.1606729360076,287.597534219386,537.1606729360076,282.597534219386,547.1606729360076,292.597534219386,1.0
4,335,539.6957361741261,286.9999102980143,534.6957361741261,281.9999102980143,544.6957361741261,291.9999102980143,1.0
4,336,538.0905938197034,286.344336046932,533.0905938197034,281.344336046932,543.0905938197034,291.344336046932,1.0
4,337,537.6921715413441,285.8144018563219,532.6921715413441,280.8144018563219,542.6921715413441,290.8144018563219,1.0
4,338,537.6165299151453,284.76439018139655,532.6165299151453,279.76439018139655,542.6165299151453,289.76439018139655,1.0
4,339,538.1858097434064,283.952234998933,533.1858097434064,278.952234998933,543.1858097434064,288.952234998933,1.0
4,340,538.9619759230835,283.879323412294,533.9619759230835,278.879323412294,543.9619759230835,288.879323412294,1.0
4,341,539.613440015496,282.9157755581683,534.613440015496,277.9157755581683,544.613440015496,287.9157755581683,1.0
4,342,540.3819296442323,282.78383403057245,535.3819296442323,277.78383403057245,545.3819296442323,287.78383403057245,1.0
4,343,541.911478442173,281.74351582519034,536.911478442173,276.74351582519034,546.911478442173,286.74351582519034,1.0
4,344,543.1007553497043,280.96994272871694,538.1007553497043,275.96994272871694,548.1007553497043,285.96994272871694,1.0
4,345,544.7933017677678,280.78948569694893,539.7933017677678,275.78948569694893,549.7933017677678,285.78948569694893,1.0
4,346,545.6991910206787,279.23670119131145,540.6991910206787,274.23670119131145,550.6991910206787,284.23670119131145,1.0
4,347,547.3744646068759,277.6752158816441,542.3744646068759,272.6752158816441,552.3744646068759,282.6752158816441,1.0
4,348,548.348877155175,277.25807385552537,543.348877155175,272.25807385552537,553.348877155175,282.25807385552537,1.0
4,349,548.9649143070403,276.5882930571957,543.9649143070403,271.5882930571957,553.9649143070403,281.5882930571957,1.0
4,350,548.3660494145128,276.2945568528854,543.3660494145128,271.2945568528854,553.3660494145128,281.2945568528854,1.0
4,351,548.809566107802,275.97007243004504,543.809566107802,270.97007243004504,553.809566107802,280.97007243004504,1.0
4,352,548.9732203141691,275.47024958091197,543.9732203141691,270.47024958091197,553.9732203141691,280.47024958091197,1.0
4,353,549.467917507976,275.115849792828,544.467917507976,270.115849792828,554.467917507976,280.115849792828,1.0
4,354,548.4438774046835,275.0907293535595,543.4438774046835,270.0907293535595,553.4438774046835,280.0907293535595,1.0
4,355,547.3412257808651,274.5176101811063,542.3412257808651,269.5176101811063,552.3412257808651,279.5176101811063,1.0
4,356,547.2065273117172,273.8660612654512,542.2065273117172,268.8660612654512,552.2065273117172,278.8660612654512,1.0
4,357,546.4206869627875,272.7131380295543,541.4206869627875,267.7131380295543,551.4206869627875,277.7131380295543,1.0
4,358,546.6844181216288,272.2261891627356,541.6844181216288,267.2261891627356,551.6844181216288,277.2261891627356,1.0
4,359,546.4377983470665,271.50159842033185,541.4377983470665,266.50159842033185,551.4377983470665,276.50159842033185,1.0
4,360,546.0791093193459,271.3014252975243,541.0791093193459,266.3014252975243,551.0791093193459,276.3014252975243,1.0
4,361,546.0047157103594,270.64717818157584,541.0047157103594,265.64717818157584,551.0047157103594,275.64717818157584,1.0
4,362,545.0890190567396,269.3431894369433,540.0890190567396,264.3431894369433,550.0890190567396,274.3431894369433,1.0
4,363,543.5437833659217,269.3546621385672,538.5437833659217,264.3546621385672,548.5437833659217,274.3546621385672,1.0
4,364,542.8573057317328,270.09446096162515,537.8573057317328,265.09446096162515,547.8573057317328,275.09446096162515,1.0
4,365,541.7762288459237,270.15711010763664,536.7762288459237,265.15711010763664,546.7762288459237,275.15711010763664,1.0
4,366,540.9492432732676,269.90111448374057,535.9492432732676,264.90111448374057,545.9492432732676,274.90111448374057,1.0
4,367,540.4385435799481,269.10662321982187,535.4385435799481,264.10662321982187,545.4385435799481,274.10662321982187,1.0
4,368,540.9359507022002,269.2259394734359,535.9359507022002,264.2259394734359,545.9359507022002,274.2259394734359,1.0
4,369,541.2751073236749,268.8714897370901,536.2751073236749,263.8714897370901,546.2751073236749,273.8714897370901,1.0
4,370,541.5064746342595,268.7742182512172,536.5064746342595,263.7742182512172,546.5064746342595,273.7742182512172,1.0
4,371,541.5653749439259,269.1245036879118,536.5653749439259,264.1245036879118,546.5653749439259,274.1245036879118,1.0
4,372,541.2409524530401,268.8519759950271,536.2409524530401,263.8519759950271,546.2409524530401,273.8519759950271,1.0
4,373,541.7392071527856,269.58419736974383,536.7392071527856,264.58419736974383,546.7392071527856,274.58419736974383,1.0
4,374,542.4217264634325,269.64640201148626,537.4217264634325,264.64640201148626,547.4217264634325,274.64640201148626,1.0
4,375,542.3483986651895,268.984266293901,537.3483986651895,263.984266293901,547.3483986651895,273.984266293901,1.0
4,376,543.6300034648003,268.6871698986854,538.6300034648003,263.6871698986854,548.6300034648003,273.6871698986854,1.0
4,377,543.9723170170025,268.0770144835222,538.9723170170025,263.0770144835222,548.9723170170025,273.0770144835222,1.0
4,378,544.2958900175951,267.70437868070525,539.2958900175951,262.70437868070525,549.2958900175951,272.70437868070525,1.0
4,379,543.6498254422339,268.2376401191309,538.6498254422339,263.2376401191309,548.6498254422339,273.2376401191309,1.0
4,380,543.2595815835691,269.27012939222055,538.2595815835691,264.27012939222055,548.2595815835691,274.27012939222055,1.0
4,381,542.7669094950883,268.1773335694114,537.7669094950883,263.1773335694114,547.7669094950883,273.1773335694114,1.0
4,382,541.3517453132912,267.3845425025964,536.3517453132912,262.3845425025964,546.3517453132912,272.3845425025964,1.0
4,383,541.221415663238,266.9485133378388,536.221415663238,261.9485133378388,546.221415663238,271.9485133378388,1.0
4,384,540.8003470583844,266.73666334912735,535.8003470583844,261.73666334912735,545.8003470583844,271.73666334912735,1.0
4,385,541.2778773764837,266.1658953487421,536.2778773764837,261.1658953487421,546.2778773764837,271.1658953487421,1.0
4,386,540.3865887001687,265.8178443523012,535.3865887001687,260.8178443523012,545.3865887001687,270.8178443523012,1.0
4,387,539.7848491024527,265.92298294043314,534.7848491024527,260.92298294043314,544.7848491024527,270.92298294043314,1.0
4,388,540.0916436400968,264.8921063263663,535.0916436400968,259.8921063263663,545.0916436400968,269.8921063263663,1.0
4,389,540.1203548027745,263.96328360638347,535.1203548027745,258.96328360638347,545.1203548027745,268.96328360638347,1.0
4,390,541.3200791312137,264.88043967137213,536.3200791312137,259.88043967137213,546.3200791312137,269.88043967137213,1.0
4,391,542.1923492768992,265.3610116455647,537.1923492768992,260.3610116455647,547.1923492768992,270.3610116455647,1.0
4,392,542.5119514302593,265.67103474772057,537.5119514302593,260.67103474772057,547.5119514302593,270.67103474772057,1.0
4,393,542.0152730046436,266.3046228671975,537.0152730046436,261.3046228671975,547.0152730046436,271.3046228671975,1.0
4,394,542.4083177070845,266.9304567501923,537.4083177070845,261.9304567501923,547.4083177070845,271.9304567501923,1.0
4,395,543.188855388248,266.96736638387694,538.188855388248,261.96736638387694,548.188855388248,271.96736638387694,1.0
4,396,543.7420253650013,267.2591590199558,538.7420253650013,262.2591590199558,548.7420253650013,272.2591590199558,1.0
4,397,544.2415200709852,267.75781782907615,539.2415200709852,262.75781782907615,549.2415200709852,272.75781782907615,1.0
4,398,544.247895579037,267.13793427441794,539.247895579037,262.13793427441794,549.247895579037,272.13793427441794,1.0
4,399,543.993839636622,266.53261870584464,538.993839636622,261.53261870584464,548.993839636622,271.53261870584464,1.0
4,400,544.0093990637839,265.36462666708394,539.0093990637839,260.36462666708394,549.0093990637839,270.36462666708394,1.0
4,401,544.0270130453564,265.18306187308633,539.0270130453564,260.18306187308633,549.0270130453564,270.18306187308633,1.0
4,402,543.640536547227,264.65860145536175,538.640536547227,259.65860145536175,548.640536547227,269.65860145536175,1.0
4,403,542.8919102514828,263.68901849844246,537.8919102514828,258.68901849844246,547.8919102514828,268.68901849844246,1.0
4,404,542.9272650585469,262.64463298457935,537.9272650585469,257.64463298457935,547.9272650585469,267.64463298457935,1.0
4,405,541.9690304506588,262.3269243682484,536.9690304506588,257.3269243682484,546.9690304506588,267.3269243682484,1.0
4,406,541.9662817898756,261.3850873802142,536.9662817898756,256.3850873802142,546.9662817898756,266.3850873802142,1.0
4,407,542.3929782832236,260.10351183479224,537.3929782832236,255.10351183479224,547.3929782832236,265.10351183479224,1.0
4,408,542.3279571347787,259.98960767142506,537.3279571347787,254.98960767142506,547.3279571347787,264.98960767142506,1.0
4,409,542.1694401079251,259.3588076934419,537.1694401079251,254.35880769344192,547.1694401079251,264.3588076934419,1.0
4,410,542.6048711190017,258.8456586279156,537.6048711190017,253.8456586279156,547.6048711190017,263.8456586279156,1.0
4,411,542.9345194230302,258.52292837945015,537.9345194230302,253.52292837945015,547.9345194230302,263.52292837945015,1.0
4,412,543.9839975230153,259.7784967437342,538.9839975230153,254.7784967437342,548.9839975230153,264.7784967437342,1.0
4,413,544.3707476551907,261.11751053378816,539.3707476551907,256.11751053378816,549.3707476551907,266.11751053378816,1.0
4,414,544.1178617392673,260.8689334086008,539.1178617392673,255.8689334086008,549.1178617392673,265.8689334086008,1.0
4,415,543.9449975472675,260.30223546140513,538.9449975472675,255.30223546140513,548.9449975472675,265.30223546140513,1.0
4,416,542.6310178836908,259.3665251723891,537.6310178836908,254.36652517238912,547.6310178836908,264.3665251723891,1.0
4,417,542.2759888411122,258.5610267186817,537.2759888411122,253.56102671868172,547.2759888411122,263.5610267186817,1.0
4,418,541.7145636571954,257.71060688421517,536.7145636571954,252.71060688421517,546.7145636571954,262.71060688421517,1.0
4,419,541.1220811298203,258.21731321329554,536.1220811298203,253.21731321329554,546.1220811298203,263.21731321329554,1.0
4,420,540.802506475239,259.21677443857163,535.802506475239,254.21677443857163,545.802506475239,264.21677443857163,1.0
4,421,541.1882741072068,260.65084001703474,536.1882741072068,255.65084001703474,546.1882741072068,265.65084001703474,1.0
4,422,541.0390823274735,260.7599765728559,536.0390823274735,255.75997657285592,546.0390823274735,265.7599765728559,1.0
4,423,541.0471070477716,260.55053211327436,536.0471070477716,255.55053211327436,546.0471070477716,265.55053211327436,1.0
4,424,540.5406679698035,259.84829314142365,535.5406679698035,254.84829314142365,545.5406679698035,264.84829314142365,1.0
4,425,540.5659579937703,259.21198600463157,535.5659579937703,254.21198600463157,545.5659579937703,264.21198600463157,1.0
4,426,540.3021523321313,259.49306583025805,535.3021523321313,254.49306583025805,545.3021523321313,264.49306583025805,1.0
4,427,539.8758707354358,258.9745686400144,534.8758707354358,253.9745686400144,544.8758707354358,263.9745686400144,1.0
4,428,539.89294058854,259.64920705449384,534.89294058854,254.64920705449384,544.89294058854,264.64920705449384,1.0
4,429,539.9292933563411,260.3213674697372,534.9292933563411,255.3213674697372,544.9292933563411,265.3213674697372,1.0
4,430,540.2511506146642,260.27096463924636,535.2511506146642,255.27096463924636,545.2511506146642,265.27096463924636,1.0
4,431,540.0196975029596,260.565903474787,535.0196975029596,255.56590347478698,545.0196975029596,265.565903474787,1.0
4,432,539.9027574693966,260.33448045994106,534.9027574693966,255.33448045994106,544.9027574693966,265.33448045994106,1.0
4,433,539.692080386659,259.42162701517174,534.692080386659,254.42162701517174,544.692080386659,264.42162701517174,1.0
4,434,539.8380928314333,258.9346364561123,534.8380928314333,253.9346364561123,544.8380928314333,263.9346364561123,1.0
4,435,540.0789753832537,258.46629160151826,535.0789753832537,253.46629160151826,545.0789753832537,263.46629160151826,1.0
4,436,540.4742299879113,258.16116603047914,535.4742299879113,253.16116603047914,545.4742299879113,263.16116603047914,1.0
4,437,540.9909305277081,258.2317959906049,535.9909305277081,253.2317959906049,545.9909305277081,263.2317959906049,1.0
4,438,542.2664410069066,258.7107793400441,537.2664410069066,253.7107793400441,547.2664410069066,263.7107793400441,1.0
4,439,544.2977086282866,259.1903801779692,539.2977086282866,254.1903801779692,549.2977086282866,264.1903801779692,1.0
4,440,544.5110770803085,259.5764218310422,539.5110770803085,254.57642183104218,549.5110770803085,264.5764218310422,1.0
4,441,544.2582824858732,260.2263059890264,539.2582824858732,255.2263059890264,549.2582824858732,265.2263059890264,1.0
4,442,544.2840655745736,260.5889925026126,539.2840655745736,255.5889925026126,549.2840655745736,265.5889925026126,1.0
4,443,545.090635614576,260.55744392269816,540.090635614576,255.55744392269816,550.090635614576,265.55744392269816,1.0
4,444,544.825803636398,260.244420582689,539.825803636398,255.24442058268897,549.825803636398,265.244420582689,1.0
4,445,544.1866260806302,259.1517313517266,539.1866260806302,254.1517313517266,549.1866260806302,264.1517313517266,1.0
4,446,544.1081997691433,258.6117908179836,539.1081997691433,253.6117908179836,549.1081997691433,263.6117908179836,1.0
4,447,543.7766043908956,256.9957098378695,538.7766043908956,251.99570983786953,548.7766043908956,261.9957098378695,1.0
4,448,544.023161000705,256.1881971515957,539.023161000705,251.18819715159572,549.023161000705,261.1881971515957,1.0
4,449,543.6042896367118,255.4387259285361,538.6042896367118,250.4387259285361,548.6042896367118,260.4387259285361,1.0
4,450,542.88797778574,254.81754536786445,537.88797778574,249.81754536786445,547.88797778574,259.81754536786445,1.0
5,0,284.5,204.5,279.5,199.5,289.5,209.5,1.0
5,1,283.8144226697207,205.0199587738845,278.8144226697207,200.0199587738845,288.8144226697207,210.0199587738845,1.0
5,2,283.08235943580127,204.7288159385547,278.08235943580127,199.7288159385547,288.08235943580127,209.7288159385547,1.0
5,3,282.1386885713078,205.72678353886283,277.1386885713078,200.72678353886283,287.1386885713078,210.72678353886283,1.0
5,4,281.1223867552395,207.3471049565145,276.1223867552395,202.3471049565145,286.1223867552395,212.3471049565145,1.0
5,5,280.2291554716676,208.27494436502275,275.2291554716676,203.27494436502275,285.2291554716676,213.27494436502275,1.0
5,6,280.26209531748015,208.17528815416372,275.26209531748015,203.17528815416372,285.26209531748015,213.17528815416372,1.0
5,7,279.55834380647536,208.35965585661853,274.55834380647536,203.35965585661853,284.55834380647536,213.35965585661853,1.0
5,8,279.29981359402836,208.33237396056592,274.29981359402836,203.33237396056592,284.29981359402836,213.33237396056592,1.0
5,9,279.45391882300476,208.5897010700888,274.45391882300476,203.5897010700888,284.45391882300476,213.5897010700888,1.0
5,10,279.8244074223166,209.2885371239483,274.8244074223166,204.2885371239483,284.8244074223166,214.2885371239483,1.0
5,11,279.4626115454051,209.62346242207207,274.4626115454051,204.62346242207207,284.4626115454051,214.62346242207207,1.0
5,12,279.54193219723106,209.83579236827765,274.54193219723106,204.83579236827765,284.54193219723106,214.83579236827765,1.0
5,13,278.55914963507354,210.26735198349155,273.55914963507354,205.26735198349155,283.55914963507354,215.26735198349155,1.0
5,14,278.5201518834443,209.45703414712958,273.5201518834443,204.45703414712958,283.5201518834443,214.45703414712958,1.0
5,15,278.26650343067934,209.16076742470165,273.26650343067934,204.16076742470165,283.26650343067934,214.16076742470165,1.0
5,16,278.1447189019043,207.47936533102475,273.1447189019043,202.47936533102475,283.1447189019043,212.47936533102475,1.0
5,17,279.12313886763343,205.88434652356761,274.12313886763343,200.88434652356761,284.12313886763343,210.88434652356761,1.0
5,18,278.831353002979,204.42082652143318,273.831353002979,199.42082652143318,283.831353002979,209.42082652143318,1.0
5,19,277.9303244609256,203.9907990882407,272.9303244609256,198.9907990882407,282.9303244609256,208.9907990882407,1.0
5,20,277.47571790866846,204.8147457449053,272.47571790866846,199.8147457449053,282.47571790866846,209.8147457449053,1.0
5,21,277.1337597876614,204.97596404466324,272.1337597876614,199.97596404466324,282.1337597876614,209.97596404466324,1.0
5,22,276.7230948823383,205.39021977100475,271.7230948823383,200.39021977100475,281.7230948823383,210.39021977100475,1.0
5,23,276.47371774749655,205.7398874390709,271.47371774749655,200.7398874390709,281.47371774749655,210.7398874390709,1.0
5,24,276.36856774839464,205.13236193476192,271.36856774839464,200.13236193476192,281.36856774839464,210.13236193476192,1.0
5,25,274.96892054233484,204.65303102128914,269.96892054233484,199.65303102128914,279.96892054233484,209.65303102128914,1.0
5,26,274.06268665826065,205.0775677954357,269.06268665826065,200.0775677954357,279.06268665826065,210.0775677954357,1.0
5,27,272.3552952114127,205.58496454754308,267.3552952114127,200.58496454754308,277.3552952114127,210.58496454754308,1.0
5,28,271.3278245405443,206.6601903844242,266.3278245405443,201.6601903844242,276.3278245405443,211.6601903844242,1.0
5,29,270.16561533782027,207.43913819848893,265.16561533782027,202.43913819848893,275.16561533782027,212.43913819848893,1.0
5,30,268.1430071917768,208.30623992836559,263.1430071917768,203.30623992836559,273.1430071917768,213.30623992836559,1.0
5,31,267.01379228677894,209.06628173419182,262.01379228677894,204.06628173419182,272.01379228677894,214.06628173419182,1.0
5,32,266.8700802381412,209.8477098365976,261.8700802381412,204.8477098365976,271.8700802381412,214.8477098365976,1.0
5,33,267.31965371598267,210.26522803589842,262.31965371598267,205.26522803589842,272.31965371598267,215.26522803589842,1.0
5,34,267.0254628831722,210.00605811152417,262.0254628831722,205.00605811152417,272.0254628831722,215.00605811152417,1.0
5,35,266.7612789663186,209.69738912277225,261.7612789663186,204.69738912277225,271.7612789663186,214.69738912277225,1.0
5,36,266.6070335200253,209.008351559977,261.6070335200253,204.008351559977,271.6070335200253,214.008351559977,1.0
5,37,266.803302679485,207.88551307653066,261.803302679485,202.88551307653066,271.803302679485,212.88551307653066,1.0
5,38,266.76268382784883,207.8854270948753,261.76268382784883,202.8854270948753,271.76268382784883,212.8854270948753,1.0
5,39,265.8361095680892,209.50392380956526,260.8361095680892,204.50392380956526,270.8361095680892,214.50392380956526,1.0
5,40,265.8230322807883,209.97885392619673,260.8230322807883,204.97885392619673,270.8230322807883,214.97885392619673,1.0
5,41,265.9084608480773,209.89339868373236,260.9084608480773,204.89339868373236,270.9084608480773,214.89339868373236,1.0
5,42,265.5170984682417,208.49281313710657,260.5170984682417,203.49281313710657,270.5170984682417,213.49281313710657,1.0
5,43,264.7148919185709,207.22651988642454,259.7148919185709,202.22651988642454,269.7148919185709,212.22651988642454,1.0
5,44,263.65425175270155,206.32695000040115,258.65425175270155,201.32695000040115,268.65425175270155,211.32695000040115,1.0
5,45,263.13059684770144,205.9032457204821,258.13059684770144,200.9032457204821,268.13059684770144,210.9032457204821,1.0
5,46,264.0195717614558,206.55673407692902,259.0195717614558,201.55673407692902,269.0195717614558,211.55673407692902,1.0
5,47,264.6091004343004,207.1543277977653,259.6091004343004,202.1543277977653,269.6091004343004,212.1543277977653,1.0
5,48,265.7965957431421,208.01429871568592,260.7965957431421,203.01429871568592,270.7965957431421,213.01429871568592,1.0
5,49,268.0298530010954,207.61289715891053,263.0298530010954,202.61289715891053,273.0298530010954,212.61289715891053,1.0
5,50,268.682822261234,208.07995055405308,263.682822261234,203.07995055405308,273.682822261234,213.07995055405308,1.0
5,51,270.50713814767744,208.89886254238684,265.50713814767744,203.89886254238684,275.50713814767744,213.89886254238684,1.0
5,52,271.7535099502005,209.20595575652828,266.7535099502005,204.20595575652828,276.7535099502005,214.20595575652828,1.0
5,53,272.67216833341973,208.82561610634022,267.67216833341973,203.82561610634022,277.67216833341973,213.82561610634022,1.0
5,54,273.8412686553076,208.23660779062197,268.8412686553076,203.23660779062197,278.8412686553076,213.23660779062197,1.0
5,55,274.7359992709063,208.02422202314906,269.7359992709063,203.02422202314906,279.7359992709063,213.02422202314906,1.0
5,56,277.0232883438528,208.33059959348614,272.0232883438528,203.33059959348614,282.0232883438528,213.33059959348614,1.0
5,57,279.84349330782965,208.1946972337206,274.84349330782965,203.1946972337206,284.84349330782965,213.1946972337206,1.0
5,58,281.54138460607913,208.71982146957748,276.54138460607913,203.71982146957748,286.54138460607913,213.71982146957748,1.0
5,59,281.7039179773874,208.02286652135257,276.7039179773874,203.02286652135257,286.7039179773874,213.02286652135257,1.0
5,60,281.3726523624961,207.87443982817317,276.3726523624961,202.87443982817317,286.3726523624961,212.87443982817317,1.0
5,61,281.5077725899186,207.75760246574094,276.5077725899186,202.75760246574094,286.5077725899186,212.75760246574094,1.0
5,62,280.563784282748,207.93744537583018,275.563784282748,202.93744537583018,285.563784282748,212.93744537583018,1.0
5,63,280.091259672615,208.24425083850312,275.091259672615,203.24425083850312,285.091259672615,213.24425083850312,1.0
5,64,280.4923806768671,208.2420828577097,275.4923806768671,203.2420828577097,285.4923806768671,213.2420828577097,1.0
5,65,280.45500416329304,208.4202182916842,275.45500416329304,203.4202182916842,285.45500416329304,213.4202182916842,1.0
5,66,280.36156176595654,209.4488821140751,275.36156176595654,204.4488821140751,285.36156176595654,214.4488821140751,1.0
5,67,279.06905654446257,209.01769399971954,274.06905654446257,204.01769399971954,284.06905654446257,214.01769399971954,1.0
5,68,278.1940308478561,209.31214507825905,273.1940308478561,204.31214507825905,283.1940308478561,214.31214507825905,1.0
5,69,277.24759398203315,209.3320760583091,272.24759398203315,204.3320760583091,282.24759398203315,214.3320760583091,1.0
5,70,276.6295439208033,209.94354286077643,271.6295439208033,204.94354286077643,281.6295439208033,214.94354286077643,1.0
5,71,276.5928335601843,210.584806658,271.5928335601843,205.584806658,281.5928335601843,215.584806658,1.0
5,72,275.4905356114294,210.90658415030893,270.4905356114294,205.90658415030893,280.4905356114294,215.90658415030893,1.0
5,73,276.0676244095359,211.0006255186582,271.0676244095359,206.0006255186582,281.0676244095359,216.0006255186582,1.0
5,74,276.55114548802044,210.59140957094382,271.55114548802044,205.59140957094382,281.55114548802044,215.59140957094382,1.0
5,75,276.6881156578667,210.95196621146977,271.6881156578667,205.95196621146977,281.6881156578667,215.95196621146977,1.0
5,76,276.71639331358574,212.53502195840986,271.71639331358574,207.53502195840986,281.71639331358574,217.53502195840986,1.0
5,77,277.26362959111145,212.6600639202428,272.26362959111145,207.6600639202428,282.26362959111145,217.6600639202428,1.0
5,78,277.3365855009841,211.8725413239792,272.3365855009841,206.8725413239792,282.3365855009841,216.8725413239792,1.0
5,79,277.62436667382724,211.71961629893931,272.62436667382724,206.71961629893931,282.62436667382724,216.71961629893931,1.0
5,80,277.7116969626643,212.69736047576137,272.7116969626643,207.69736047576137,282.7116969626643,217.69736047576137,1.0
5,81,277.908118901175,214.06265190445293,272.908118901175,209.06265190445293,282.908118901175,219.06265190445293,1.0
5,82,277.46650293632877,215.74515786831384,272.46650293632877,210.74515786831384,282.46650293632877,220.74515786831384,1.0
5,83,277.07610255232896,217.6893889048045,272.07610255232896,212.6893889048045,282.07610255232896,222.6893889048045,1.0
5,84,278.381218045763,219.14788519144906,273.381218045763,214.14788519144906,283.381218045763,224.14788519144906,1.0
5,85,277.8262133515399,219.14848240540434,272.8262133515399,214.14848240540434,282.8262133515399,224.14848240540434,1.0
5,86,276.6088523910573,218.96660419407746,271.6088523910573,213.96660419407746,281.6088523910573,223.96660419407746,1.0
5,87,275.8194815522381,218.9100776174026,270.8194815522381,213.9100776174026,280.8194815522381,223.9100776174026,1.0
5,88,274.83774205313296,218.5859959137149,269.83774205313296,213.5859959137149,279.83774205313296,223.5859959137149,1.0
5,89,274.7273209260831,217.84922904946956,269.7273209260831,212.84922904946956,279.7273209260831,222.84922904946956,1.0
5,90,273.15537831674817,216.5986879310954,268.15537831674817,211.5986879310954,278.15537831674817,221.5986879310954,1.0
5,91,272.23078759225984,215.33312089082693,267.23078759225984,210.33312089082693,277.23078759225984,220.33312089082693,1.0
5,92,271.82316832088304,215.37448578783727,266.82316832088304,210.37448578783727,276.82316832088304,220.37448578783727,1.0
5,93,271.5883250734701,215.17929675704903,266.5883250734701,210.17929675704903,276.5883250734701,220.17929675704903,1.0
5,94,270.65609689651785,216.0117173209165,265.65609689651785,211.0117173209165,275.65609689651785,221.0117173209165,1.0
5,95,270.5575671150191,216.95870205568065,265.5575671150191,211.95870205568065,275.5575671150191,221.95870205568065,1.0
5,96,270.00885417773765,217.86815130412398,265.00885417773765,212.86815130412398,275.00885417773765,222.86815130412398,1.0
5,97,269.1312583936308,218.41050709860787,264.1312583936308,213.41050709860787,274.1312583936308,223.41050709860787,1.0
5,98,269.27814168140355,219.09325936271802,264.27814168140355,214.09325936271802,274.27814168140355,224.09325936271802,1.0
5,99,268.86112883924727,218.05708704461145,263.86112883924727,213.05708704461145,273.86112883924727,223.05708704461145,1.0
5,100,269.1954133842456,216.49361134472608,264.1954133842456,211.49361134472608,274.1954133842456,221.49361134472608,1.0
5,101,269.456017406571,215.4518814297314,264.456017406571,210.4518814297314,274.456017406571,220.4518814297314,1.0
5,102,269.7080871517748,213.82219994608363,264.7080871517748,208.82219994608363,274.7080871517748,218.82219994608363,1.0
5,103,271.1661315587384,211.1989870818128,266.1661315587384,206.1989870818128,276.1661315587384,216.1989870818128,1.0
5,104,271.54703402382574,209.95489394630977,266.54703402382574,204.95489394630977,276.54703402382574,214.95489394630977,1.0
5,105,272.5889295434143,208.6695848142848,267.5889295434143,203.6695848142848,277.5889295434143,213.6695848142848,1.0
5,106,273.25615938921425,208.40971289192476,268.25615938921425,203.40971289192476,278.25615938921425,213.40971289192476,1.0
5,107,273.2991607384929,207.90243771395157,268.2991607384929,202.90243771395157,278.2991607384929,212.90243771395157,1.0
5,108,273.0903205838927,207.3804228574163,268.0903205838927,202.3804228574163,278.0903205838927,212.3804228574163,1.0
5,109,272.6859216660337,205.75324380755526,267.6859216660337,200.75324380755526,277.6859216660337,210.75324380755526,1.0
5,110,273.2106632131111,204.50070720131868,268.2106632131111,199.50070720131868,278.2106632131111,209.50070720131868,1.0
5,111,273.13805043990567,203.62857746203036,268.13805043990567,198.62857746203036,278.13805043990567,208.62857746203036,1.0
5,112,272.85397927264864,203.65297977471485,267.85397927264864,198.65297977471485,277.85397927264864,208.65297977471485,1.0
5,113,272.90341113435716,201.60529611380915,267.90341113435716,196.60529611380915,277.90341113435716,206.60529611380915,1.0
5,114,272.9233617627762,200.68578932794276,267.9233617627762,195.68578932794276,277.9233617627762,205.68578932794276,1.0
5,115,273.3164320557997,199.53217113299178,268.3164320557997,194.53217113299178,278.3164320557997,204.53217113299178,1.0
5,116,273.71355841794895,198.2252005530834,268.71355841794895,193.2252005530834,278.71355841794895,203.2252005530834,1.0
5,117,274.50104782863235,197.84372900272373,269.50104782863235,192.84372900272373,279.50104782863235,202.84372900272373,1.0
5,118,274.93882874749266,198.2996701816954,269.93882874749266,193.2996701816954,279.93882874749266,203.2996701816954,1.0
5,119,274.12476304446875,199.1224112999831,269.12476304446875,194.1224112999831,279.12476304446875,204.1224112999831,1.0
5,120,273.4978964533435,200.7725142680267,268.4978964533435,195.7725142680267,278.4978964533435,205.7725142680267,1.0
5,121,273.11951302101573,202.17295646579348,268.11951302101573,197.17295646579348,278.11951302101573,207.17295646579348,1.0
5,122,273.26883458256157,202.24843576098291,268.26883458256157,197.24843576098291,278.26883458256157,207.24843576098291,1.0
5,123,274.33534194841496,202.10388822205044,269.33534194841496,197.10388822205044,279.33534194841496,207.10388822205044,1.0
5,124,274.2482778183241,202.7391326471236,269.2482778183241,197.7391326471236,279.2482778183241,207.7391326471236,1.0
5,125,273.76688033837036,203.538887809859,268.76688033837036,198.538887809859,278.76688033837036,208.538887809859,1.0
5,126,272.2103686032881,203.44764257988638,267.2103686032881,198.44764257988638,277.2103686032881,208.44764257988638,1.0
5,127,271.3506474768827,203.4126753967597,266.3506474768827,198.4126753967597,276.3506474768827,208.4126753967597,1.0
5,128,270.73382693171584,203.5698780695409,265.73382693171584,198.5698780695409,275.73382693171584,208.5698780695409,1.0
5,129,270.54561130409587,203.81827449141446,265.54561130409587,198.81827449141446,275.54561130409587,208.81827449141446,1.0
5,130,270.37026705794295,204.11474752901253,265.37026705794295,199.11474752901253,275.37026705794295,209.11474752901253,1.0
5,131,270.4243644916705,204.6322638236096,265.4243644916705,199.6322638236096,275.4243644916705,209.6322638236096,1.0
5,132,269.95391494820433,205.70525792179123,264.95391494820433,200.70525792179123,274.95391494820433,210.70525792179123,1.0
5,133,269.20499096577583,206.10295345978918,264.20499096577583,201.10295345978918,274.20499096577583,211.10295345978918,1.0
5,134,268.55641900945307,206.24674246548548,263.55641900945307,201.24674246548548,273.55641900945307,211.24674246548548,1.0
5,135,267.8571410919773,206.87094218558806,262.8571410919773,201.87094218558806,272.8571410919773,211.87094218558806,1.0
5,136,265.8277336872036,208.62575478484644,260.8277336872036,203.62575478484644,270.8277336872036,213.62575478484644,1.0
5,137,265.959941765568,210.0196510283674,260.959941765568,205.0196510283674,270.959941765568,215.0196510283674,1.0
5,138,264.91266260579306,211.5509678068218,259.91266260579306,206.5509678068218,269.91266260579306,216.5509678068218,1.0
5,139,264.1808754875378,211.7279310007929,259.1808754875378,206.7279310007929,269.1808754875378,216.7279310007929,1.0
5,140,263.2342758012077,211.6064038035327,258.2342758012077,206.6064038035327,268.2342758012077,216.6064038035327,1.0
5,141,262.0048837515691,210.4152135764625,257.0048837515691,205.4152135764625,267.0048837515691,215.4152135764625,1.0
5,142,261.7309386006785,210.33440662080693,256.7309386006785,205.33440662080693,266.7309386006785,215.33440662080693,1.0
5,143,261.5781217983405,210.4108614170164,256.5781217983405,205.4108614170164,266.5781217983405,215.4108614170164,1.0
5,144,261.13252008254017,210.67030848394995,256.13252008254017,205.67030848394995,266.13252008254017,215.67030848394995,1.0
5,145,261.04115217542716,211.33298550954729,256.04115217542716,206.33298550954729,266.04115217542716,216.33298550954729,1.0
5,146,260.06698649489397,211.54319406419452,255.06698649489397,206.54319406419452,265.06698649489397,216.54319406419452,1.0
5,147,259.14671500799744,211.7897143025733,254.14671500799744,206.7897143025733,264.14671500799744,216.7897143025733,1.0
5,148,258.5973820958641,212.0965695129691,253.59738209586408,207.0965695129691,263.5973820958641,217.0965695129691,1.0
5,149,257.4265370939414,211.99613033464914,252.42653709394142,206.99613033464914,262.4265370939414,216.99613033464914,1.0
5,150,256.07775932461755,212.67374388188526,251.07775932461755,207.67374388188526,261.07775932461755,217.67374388188526,1.0
5,151,255.3309176946103,212.71015576547626,250.3309176946103,207.71015576547626,260.3309176946103,217.71015576547626,1.0
5,152,253.92889434953884,213.78131320568173,248.92889434953884,208.78131320568173,258.92889434953884,218.78131320568173,1.0
5,153,252.01428227363934,214.07319064791395,247.01428227363934,209.07319064791395,257.0142822736393,219.07319064791395,1.0
5,154,249.83216819656664,214.5182824087423,244.83216819656664,209.5182824087423,254.83216819656664,219.5182824087423,1.0
5,155,249.41882821094822,214.88164770990656,244.41882821094822,209.88164770990656,254.41882821094822,219.88164770990656,1.0
5,156,248.56166579504404,215.74423966989477,243.56166579504404,210.74423966989477,253.56166579504404,220.74423966989477,1.0
5,157,247.62198834211995,214.89315175055262,242.62198834211995,209.89315175055262,252.62198834211995,219.89315175055262,1.0
5,158,247.04742768259422,214.29760413461915,242.04742768259422,209.29760413461915,252.04742768259422,219.29760413461915,1.0
5,159,246.37550081508752,214.36705850882697,241.37550081508752,209.36705850882697,251.37550081508752,219.36705850882697,1.0
5,160,245.96633341545322,214.81409325484873,240.96633341545322,209.81409325484873,250.96633341545322,219.81409325484873,1.0
5,161,246.4435248333238,215.54532474502506,241.4435248333238,210.54532474502506,251.4435248333238,220.54532474502506,1.0
5,162,247.49524306260167,215.75639753947675,242.49524306260167,210.75639753947675,252.49524306260167,220.75639753947675,1.0
5,163,248.5226740225453,216.2323064682772,243.5226740225453,211.2323064682772,253.5226740225453,221.2323064682772,1.0
5,164,249.63818172765025,216.6445225875403,244.63818172765025,211.6445225875403,254.63818172765025,221.6445225875403,1.0
5,165,250.14120408605487,216.9138728493254,245.14120408605487,211.9138728493254,255.14120408605487,221.9138728493254,1.0
5,166,250.2950668167908,216.92153792137395,245.2950668167908,211.92153792137395,255.2950668167908,221.92153792137395,1.0
5,167,249.28296832070203,216.55187416875464,244.28296832070203,211.55187416875464,254.28296832070203,221.55187416875464,1.0
5,168,247.98554098386182,216.82513511841375,242.98554098386182,211.82513511841375,252.98554098386182,221.82513511841375,1.0
5,169,246.8811736889069,218.0928316206443,241.8811736889069,213.0928316206443,251.8811736889069,223.0928316206443,1.0
5,170,245.3434942126937,220.23793694956004,240.3434942126937,215.23793694956004,250.3434942126937,225.23793694956004,1.0
5,171,244.23391680711447,221.3843161927415,239.23391680711447,216.3843161927415,249.23391680711447,226.3843161927415,1.0
5,172,243.4360185912688,221.99083835823717,238.4360185912688,216.99083835823717,248.4360185912688,226.99083835823717,1.0
5,173,241.86211802696954,222.16759945381074,236.86211802696954,217.16759945381074,246.86211802696954,227.16759945381074,1.0
5,174,239.93287053418567,222.67983157303044,234.93287053418567,217.67983157303044,244.93287053418567,227.67983157303044,1.0
5,175,238.68020923260812,222.7886454765905,233.68020923260812,217.7886454765905,243.68020923260812,227.7886454765905,1.0
5,176,238.07566620113863,222.2537792694169,233.07566620113863,217.2537792694169,243.07566620113863,227.2537792694169,1.0
5,177,238.4866297359014,221.47731868677812,233.4866297359014,216.47731868677812,243.4866297359014,226.47731868677812,1.0
5,178,239.07959528906812,221.01783754549461,234.07959528906812,216.01783754549461,244.07959528906812,226.01783754549461,1.0
5,179,239.82948297141664,220.3923985995988,234.82948297141664,215.3923985995988,244.82948297141664,225.3923985995988,1.0
5,180,239.76366573051254,220.611725472508,234.76366573051254,215.611725472508,244.76366573051254,225.611725472508,1.0
5,181,237.53144037229015,219.95235937058277,232.53144037229015,214.95235937058277,242.53144037229015,224.95235937058277,1.0
5,182,235.79037462420771,219.31331956159866,230.79037462420771,214.31331956159866,240.79037462420771,224.31331956159866,1.0
5,183,234.70969390701754,218.80239718358246,229.70969390701754,213.80239718358246,239.70969390701754,223.80239718358246,1.0
5,184,233.25583951106177,218.4114513078474,228.25583951106177,213.4114513078474,238.25583951106177,223.4114513078474,1.0
5,185,231.9126003927591,217.49738802835105,226.9126003927591,212.49738802835105,236.9126003927591,222.49738802835105,1.0
5,186,231.8697250369865,216.17491364822376,226.8697250369865,211.17491364822376,236.8697250369865,221.17491364822376,1.0
5,187,232.0615406019701,214.40362868763305,227.0615406019701,209.40362868763305,237.0615406019701,219.40362868763305,1.0
5,188,232.16557254731774,213.23442484262767,227.16557254731774,208.23442484262767,237.16557254731774,218.23442484262767,1.0
5,189,233.5121912897633,212.38809112958765,228.5121912897633,207.38809112958765,238.5121912897633,217.38809112958765,1.0
5,190,234.97851745451527,211.67366021442106,229.97851745451527,206.67366021442106,239.97851745451527,216.67366021442106,1.0
5,191,236.95400434533346,210.97382265459333,231.95400434533346,205.97382265459333,241.95400434533346,215.97382265459333,1.0
5,192,238.69920467285186,209.74378992417346,233.69920467285186,204.74378992417346,243.69920467285186,214.74378992417346,1.0
5,193,239.7601682058959,208.3165607781246,234.7601682058959,203.3165607781246,244.7601682058959,213.3165607781246,1.0
5,194,241.36113678955593,207.85859384014827,236.36113678955593,202.85859384014827,246.36113678955593,212.85859384014827,1.0
5,195,241.88130242533077,207.26283548755418,236.88130242533077,202.26283548755418,246.88130242533077,212.26283548755418,1.0
5,196,242.6945592482162,207.96243141015125,237.6945592482162,202.96243141015125,247.6945592482162,212.96243141015125,1.0
5,197,244.004247096026,208.98013828122922,239.004247096026,203.98013828122922,249.004247096026,213.98013828122922,1.0
5,198,245.43949977352486,209.74386478670672,240.43949977352486,204.74386478670672,250.43949977352486,214.74386478670672,1.0
5,199,247.90991730184433,210.04929585063292,242.90991730184433,205.04929585063292,252.90991730184433,215.04929585063292,1.0
5,200,249.7634041635322,210.40500557752028,244.7634041635322,205.40500557752028,254.7634041635322,215.40500557752028,1.0
5,201,250.70404277818605,210.22881988857134,245.70404277818605,205.22881988857134,255.70404277818605,215.22881988857134,1.0
5,202,252.71627434114126,210.35635743539444,247.71627434114126,205.35635743539444,257.71627434114123,215.35635743539444,1.0
5,203,254.2560924616401,209.74532937527994,249.2560924616401,204.74532937527994,259.2560924616401,214.74532937527994,1.0
5,204,254.67361694349532,209.23199423349098,249.67361694349532,204.23199423349098,259.6736169434953,214.23199423349098,1.0
5,205,254.84130688850846,209.99924263420033,249.84130688850846,204.99924263420033,259.8413068885085,214.99924263420033,1.0
5,206,254.35850263379882,210.6858759926094,249.35850263379882,205.6858759926094,259.3585026337988,215.6858759926094,1.0
5,207,253.99967107943476,211.75741950678028,248.99967107943476,206.75741950678028,258.99967107943473,216.75741950678028,1.0
5,208,254.91392832123705,212.325325484457,249.91392832123705,207.325325484457,259.91392832123705,217.325325484457,1.0
5,209,255.66251307028628,213.29356439055476,250.66251307028628,208.29356439055476,260.6625130702863,218.29356439055476,1.0
5,210,257.1783990230734,213.8904989637349,252.17839902307338,208.8904989637349,262.1783990230734,218.8904989637349,1.0
5,211,258.48833797997565,214.60115281355277,253.48833797997565,209.60115281355277,263.48833797997565,219.60115281355277,1.0
5,212,259.3734935682261,215.15492372796442,254.37349356822608,210.15492372796442,264.3734935682261,220.15492372796442,1.0
5,213,258.83581200205475,216.02157012274805,253.83581200205475,211.02157012274805,263.83581200205475,221.02157012274805,1.0
5,214,257.970886794437,216.0783883747236,252.97088679443698,211.0783883747236,262.970886794437,221.0783883747236,1.0
5,215,258.6487333454874,216.07235238404087,253.64873334548741,211.07235238404087,263.6487333454874,221.07235238404087,1.0
5,216,259.48595541624525,215.5959447869322,254.48595541624525,210.5959447869322,264.48595541624525,220.5959447869322,1.0
5,217,259.28662552593505,215.8293016812107,254.28662552593505,210.8293016812107,264.28662552593505,220.8293016812107,1.0
5,218,260.19981130285737,216.12494993837572,255.19981130285737,211.12494993837572,265.19981130285737,221.12494993837572,1.0
5,219,260.8712274420292,216.6605299648701,255.87122744202918,211.6605299648701,265.8712274420292,221.6605299648701,1.0
5,220,260.8391851395389,217.01416997950747,255.83918513953893,212.01416997950747,265.8391851395389,222.01416997950747,1.0
5,221,261.0734455769406,217.51108025008688,256.0734455769406,212.51108025008688,266.0734455769406,222.51108025008688,1.0
5,222,260.56417534668105,217.04891356197132,255.56417534668105,212.04891356197132,265.56417534668105,222.04891356197132,1.0
5,223,261.16979225923774,216.82462216775426,256.16979225923774,211.82462216775426,266.16979225923774,221.82462216775426,1.0
5,224,262.62080830117753,216.6420434119855,257.62080830117753,211.6420434119855,267.62080830117753,221.6420434119855,1.0
5,225,263.7480738210027,215.97423460074154,258.7480738210027,210.97423460074154,268.7480738210027,220.97423460074154,1.0
5,226,263.0818131590213,215.88505356736982,258.0818131590213,210.88505356736982,268.0818131590213,220.88505356736982,1.0
5,227,262.1978281812435,215.34993277390524,257.1978281812435,210.34993277390524,267.1978281812435,220.34993277390524,1.0
5,228,261.6484278484689,213.66347355260064,256.6484278484689,208.66347355260064,266.6484278484689,218.66347355260064,1.0
5,229,261.3156369123235,211.91772477279218,256.3156369123235,206.91772477279218,266.3156369123235,216.91772477279218,1.0
5,230,261.14422416507057,209.8527541145849,256.14422416507057,204.8527541145849,266.14422416507057,214.8527541145849,1.0
5,231,260.8865399328135,207.58499899545183,255.8865399328135,202.58499899545183,265.8865399328135,212.58499899545183,1.0
5,232,261.2654458057929,205.65772442790956,256.2654458057929,200.65772442790956,266.2654458057929,210.65772442790956,1.0
5,233,261.6166966762541,204.80633836946905,256.6166966762541,199.80633836946905,266.6166966762541,209.80633836946905,1.0
5,234,261.76407558849314,204.4252318475347,256.76407558849314,199.4252318475347,266.76407558849314,209.4252318475347,1.0
5,235,261.1081066491501,203.87738082930187,256.1081066491501,198.87738082930187,266.1081066491501,208.87738082930187,1.0
5,236,260.8759057658666,203.39665927852224,255.8759057658666,198.39665927852224,265.8759057658666,208.39665927852224,1.0
5,237,260.2035402203416,202.2923241563739,255.2035402203416,197.2923241563739,265.2035402203416,207.2923241563739,1.0
5,238,258.82897979321103,202.07024683685427,253.82897979321103,197.07024683685427,263.82897979321103,207.07024683685427,1.0
5,239,257.951877920357,202.23452489613345,252.951877920357,197.23452489613345,262.951877920357,207.23452489613345,1.0
5,240,257.65508276430097,201.7083307445019,252.65508276430097,196.7083307445019,262.65508276430097,206.7083307445019,1.0
5,241,257.34077653933804,201.7901226316117,252.34077653933804,196.7901226316117,262.34077653933804,206.7901226316117,1.0
5,242,258.79826996269645,201.8007111315496,253.79826996269645,196.8007111315496,263.79826996269645,206.8007111315496,1.0
5,243,260.1050401008496,201.56312509116773,255.10504010084958,196.56312509116773,265.1050401008496,206.56312509116773,1.0
5,244,261.05140915225354,202.33435621932722,256.05140915225354,197.33435621932722,266.05140915225354,207.33435621932722,1.0
5,245,261.32988335844504,203.20162276431103,256.32988335844504,198.20162276431103,266.32988335844504,208.20162276431103,1.0
5,246,260.98411320982717,203.74714051758545,255.98411320982717,198.74714051758545,265.98411320982717,208.74714051758545,1.0
5,247,260.82176799162073,204.01182602472306,255.82176799162073,199.01182602472306,265.82176799162073,209.01182602472306,1.0
5,248,260.72198337974373,204.14877938335815,255.72198337974373,199.14877938335815,265.72198337974373,209.14877938335815,1.0
5,249,260.9202643004957,204.15369901453747,255.92026430049572,199.15369901453747,265.9202643004957,209.15369901453747,1.0
5,250,260.9977044775762,203.72868727140673,255.99770447757618,198.72868727140673,265.9977044775762,208.72868727140673,1.0
5,251,261.01074819636545,202.65946278312947,256.01074819636545,197.65946278312947,266.01074819636545,207.65946278312947,1.0
5,252,261.36798266126686,203.5693239507242,256.36798266126686,198.5693239507242,266.36798266126686,208.5693239507242,1.0
5,253,261.38094880412484,203.548162288783,256.38094880412484,198.548162288783,266.38094880412484,208.548162288783,1.0
5,254,262.1749765499825,203.73842168975563,257.1749765499825,198.73842168975563,267.1749765499825,208.73842168975563,1.0
5,255,263.77405814993097,202.7976674554624,258.77405814993097,197.7976674554624,268.77405814993097,207.7976674554624,1.0
5,256,264.7296407048057,202.67876706617224,259.7296407048057,197.67876706617224,269.7296407048057,207.67876706617224,1.0
5,257,266.22440683652684,202.75401745669276,261.22440683652684,197.75401745669276,271.22440683652684,207.75401745669276,1.0
5,258,267.6422457238982,202.68470905192464,262.6422457238982,197.68470905192464,272.6422457238982,207.68470905192464,1.0
5,259,268.7815714107236,202.26847504177525,263.7815714107236,197.26847504177525,273.7815714107236,207.26847504177525,1.0
5,260,268.99561020197314,201.48813529154887,263.99561020197314,196.48813529154887,273.99561020197314,206.48813529154887,1.0
5,261,269.659589089664,200.77528099442196,264.659589089664,195.77528099442196,274.659589089664,205.77528099442196,1.0
5,262,269.75266997080934,201.3484431893763,264.75266997080934,196.3484431893763,274.75266997080934,206.3484431893763,1.0
5,263,270.6635049727487,201.79832104654935,265.6635049727487,196.79832104654935,275.6635049727487,206.79832104654935,1.0
5,264,270.7346511799044,201.97703832885213,265.7346511799044,196.97703832885213,275.7346511799044,206.97703832885213,1.0
5,265,270.7984408430441,202.30684873334414,265.7984408430441,197.30684873334414,275.7984408430441,207.30684873334414,1.0
5,266,270.5181375572507,202.85136151074073,265.5181375572507,197.85136151074073,275.5181375572507,207.85136151074073,1.0
5,267,270.80703504522825,202.46869759220178,265.80703504522825,197.46869759220178,275.80703504522825,207.46869759220178,1.0
5,268,271.41405212163835,202.83869179230305,266.41405212163835,197.83869179230305,276.41405212163835,207.83869179230305,1.0
5,269,270.89585035685036,204.54589337754834,265.89585035685036,199.54589337754834,275.89585035685036,209.54589337754834,1.0
5,270,270.551975602488,206.45255521130872,265.551975602488,201.45255521130872,275.551975602488,211.45255521130872,1.0
5,271,270.2519912267308,207.28578607680564,265.2519912267308,202.28578607680564,275.2519912267308,212.28578607680564,1.0
5,272,269.320506649411,208.04441996196127,264.320506649411,203.04441996196127,274.320506649411,213.04441996196127,1.0
5,273,268.4187547920477,208.15626343758248,263.4187547920477,203.15626343758248,273.4187547920477,213.15626343758248,1.0
5,274,267.53080599319065,208.83422629420787,262.53080599319065,203.83422629420787,272.53080599319065,213.83422629420787,1.0
5,275,266.3159922029689,209.4067980781214,261.3159922029689,204.4067980781214,271.3159922029689,214.4067980781214,1.0
5,276,263.908938404796,209.10253051782772,258.908938404796,204.10253051782772,268.908938404796,214.10253051782772,1.0
5,277,262.3899579405504,209.14917955031416,257.3899579405504,204.14917955031416,267.3899579405504,214.14917955031416,1.0
5,278,262.05450145218634,209.2229882258799,257.05450145218634,204.2229882258799,267.05450145218634,214.2229882258799,1.0
5,279,262.30228904275975,208.92883354965755,257.30228904275975,203.92883354965755,267.30228904275975,213.92883354965755,1.0
5,280,262.401073501783,209.00698469232884,257.401073501783,204.00698469232884,267.401073501783,214.00698469232884,1.0
5,281,261.8722243440624,209.40536647188918,256.8722243440624,204.40536647188918,266.8722243440624,214.40536647188918,1.0
5,282,262.5968007574244,210.03166772934884,257.5968007574244,205.03166772934884,267.5968007574244,215.03166772934884,1.0
5,283,263.0207701858894,210.15430742294177,258.0207701858894,205.15430742294177,268.0207701858894,215.15430742294177,1.0
5,284,263.0294166174704,210.05330149554405,258.0294166174704,205.05330149554405,268.0294166174704,215.05330149554405,1.0
5,285,263.19552492188586,209.27977303008578,258.19552492188586,204.27977303008578,268.19552492188586,214.27977303008578,1.0
5,286,263.7937213521815,208.9817552440189,258.7937213521815,203.9817552440189,268.7937213521815,213.9817552440189,1.0
5,287,264.1964165357288,209.27573164488737,259.1964165357288,204.27573164488737,269.1964165357288,214.27573164488737,1.0
5,288,265.1576973924871,209.68925124960873,260.1576973924871,204.68925124960873,270.1576973924871,214.68925124960873,1.0
5,289,265.6848682076484,209.81670176152082,260.6848682076484,204.81670176152082,270.6848682076484,214.81670176152082,1.0
5,290,265.76024200143615,210.23686739959658,260.76024200143615,205.23686739959658,270.76024200143615,215.23686739959658,1.0
5,291,266.5676022194998,211.74394723787674,261.5676022194998,206.74394723787674,271.5676022194998,216.74394723787674,1.0
5,292,266.1778971701013,212.32750152856119,261.1778971701013,207.32750152856119,271.1778971701013,217.32750152856119,1.0
5,293,266.0676319970167,212.57306327733974,261.0676319970167,207.57306327733974,271.0676319970167,217.57306327733974,1.0
5,294,264.6595654847952,212.88719477251425,259.6595654847952,207.88719477251425,269.6595654847952,217.88719477251425,1.0
5,295,263.26346456951313,213.16310093117352,258.26346456951313,208.16310093117352,268.26346456951313,218.16310093117352,1.0
5,296,262.5254558670677,212.8924581291257,257.5254558670677,207.8924581291257,267.5254558670677,217.8924581291257,1.0
5,297,263.16797257538354,211.8688696715022,258.16797257538354,206.8688696715022,268.16797257538354,216.8688696715022,1.0
5,298,263.7781918963175,211.39810800367655,258.7781918963175,206.39810800367655,268.7781918963175,216.39810800367655,1.0
5,299,264.80032981274894,211.16430464338663,259.80032981274894,206.16430464338663,269.80032981274894,216.16430464338663,1.0
5,300,264.7034449593389,211.6902026546684,259.7034449593389,206.6902026546684,269.7034449593389,216.6902026546684,1.0
5,301,264.7175220613371,212.69797448375536,259.7175220613371,207.69797448375536,269.7175220613371,217.69797448375536,1.0
5,302,263.79580497651443,212.748947267654,258.79580497651443,207.748947267654,268.79580497651443,217.748947267654,1.0
5,303,263.6454751496896,213.53147090301601,258.6454751496896,208.53147090301601,268.6454751496896,218.53147090301601,1.0
5,304,263.2825021429719,213.30091758229236,258.2825021429719,208.30091758229236,268.2825021429719,218.30091758229236,1.0
5,305,261.54246668481824,212.57747720050278,256.54246668481824,207.57747720050278,266.54246668481824,217.57747720050278,1.0
5,306,258.8404804364156,212.54353400081564,253.8404804364156,207.54353400081564,263.8404804364156,217.54353400081564,1.0
5,307,257.2345187465359,212.56451223106535,252.2345187465359,207.56451223106535,262.2345187465359,217.56451223106535,1.0
5,308,256.28290997561186,212.27450848664677,251.28290997561186,207.27450848664677,261.28290997561186,217.27450848664677,1.0
5,309,256.9793808797738,212.7016877955216,251.97938087977383,207.7016877955216,261.9793808797738,217.7016877955216,1.0
5,310,257.48144020228193,213.20282358072782,252.48144020228193,208.20282358072782,262.48144020228193,218.20282358072782,1.0
5,311,257.6512896548302,213.81757786688956,252.65128965483018,208.81757786688956,262.6512896548302,218.81757786688956,1.0
5,312,257.654919884833,214.11901448429063,252.65491988483302,209.11901448429063,262.654919884833,219.11901448429063,1.0
5,313,257.5722487376174,213.87602003794527,252.57224873761737,208.87602003794527,262.5722487376174,218.87602003794527,1.0
5,314,256.27569175642213,213.58510012623782,251.27569175642213,208.58510012623782,261.27569175642213,218.58510012623782,1.0
5,315,256.14835953817567,213.20090453098382,251.14835953817567,208.20090453098382,261.14835953817567,218.20090453098382,1.0
5,316,255.94078613385545,213.39831640812184,250.94078613385545,208.39831640812184,260.94078613385545,218.39831640812184,1.0
5,317,255.51628155328652,214.6723665136404,250.51628155328652,209.6723665136404,260.5162815532865,219.6723665136404,1.0
5,318,254.95197887604968,215.77290785932757,249.95197887604968,210.77290785932757,259.9519788760497,220.77290785932757,1.0
5,319,255.16956433408026,216.6040402176223,250.16956433408026,211.6040402176223,260.1695643340803,221.6040402176223,1.0
5,320,254.82201333591456,216.99442426357078,249.82201333591456,211.99442426357078,259.82201333591456,221.99442426357078,1.0
5,321,254.98018939619618,216.504540049994,249.98018939619618,211.504540049994,259.9801893961962,221.504540049994,1.0
5,322,253.9690690228871,215.88602669302216,248.9690690228871,210.88602669302216,258.9690690228871,220.88602669302216,1.0
5,323,253.78096431288017,215.46487771251836,248.78096431288017,210.46487771251836,258.7809643128802,220.46487771251836,1.0
5,324,254.6138662039186,214.99588677071375,249.6138662039186,209.99588677071375,259.61386620391863,219.99588677071375,1.0
5,325,255.17357273855393,216.1537741914112,250.17357273855393,211.1537741914112,260.17357273855396,221.1537741914112,1.0
5,326,255.81997680171946,217.14726511905417,250.81997680171946,212.14726511905417,260.81997680171946,222.14726511905417,1.0
5,327,256.4064091583374,217.25023171979646,251.4064091583374,212.25023171979646,261.4064091583374,222.25023171979646,1.0
5,328,257.25384432099867,218.26241259903284,252.25384432099867,213.26241259903284,262.25384432099867,223.26241259903284,1.0
5,329,257.90526202424303,219.90255217977523,252.90526202424303,214.90255217977523,262.90526202424303,224.90255217977523,1.0
5,330,259.33339809401525,221.22895062928507,254.33339809401525,216.22895062928507,264.33339809401525,226.22895062928507,1.0
5,331,259.9742979482289,222.29562510765203,254.97429794822892,217.29562510765203,264.9742979482289,227.29562510765203,1.0
5,332,259.83960089331504,222.71531987640847,254.83960089331504,217.71531987640847,264.83960089331504,227.71531987640847,1.0
5,333,259.7385103764818,223.84402238461263,254.73851037648183,218.84402238461263,264.7385103764818,228.84402238461263,1.0
5,334,260.22785324715096,224.90191791893042,255.22785324715096,219.90191791893042,265.22785324715096,229.90191791893042,1.0
5,335,261.5616230266815,224.4585608989015,256.5616230266815,219.4585608989015,266.5616230266815,229.4585608989015,1.0
5,336,263.11299744252506,225.0736502136247,258.11299744252506,220.0736502136247,268.11299744252506,230.0736502136247,1.0
5,337,264.1362827709879,226.04053683380482,259.1362827709879,221.04053683380482,269.1362827709879,231.04053683380482,1.0
5,338,264.5773668841212,226.28674313296128,259.5773668841212,221.28674313296128,269.5773668841212,231.28674313296128,1.0
5,339,265.09759801345245,225.23604754756312,260.09759801345245,220.23604754756312,270.09759801345245,230.23604754756312,1.0
5,340,265.7418747050123,224.19866195274562,260.7418747050123,219.19866195274562,270.7418747050123,229.19866195274562,1.0
5,341,265.694414373775,223.70421154918435,260.694414373775,218.70421154918435,270.694414373775,228.70421154918435,1.0
5,342,266.0725408238207,222.95820999959417,261.0725408238207,217.95820999959417,271.0725408238207,227.95820999959417,1.0
5,343,265.97529992734553,223.90622880254108,260.97529992734553,218.90622880254108,270.97529992734553,228.90622880254108,1.0
5,344,265.2162977630168,224.71639648754456,260.2162977630168,219.71639648754456,270.2162977630168,229.71639648754456,1.0
5,345,264.6602143324079,224.86875674294288,259.6602143324079,219.86875674294288,269.6602143324079,229.86875674294288,1.0
5,346,263.27646575968356,224.34523798244606,258.27646575968356,219.34523798244606,268.27646575968356,229.34523798244606,1.0
5,347,262.04968445507757,224.07551257693294,257.04968445507757,219.07551257693294,267.04968445507757,229.07551257693294,1.0
5,348,261.5403561615702,223.11022425818985,256.5403561615702,218.11022425818985,266.5403561615702,228.11022425818985,1.0
5,349,262.56465799742614,222.83955629007227,257.56465799742614,217.83955629007227,267.56465799742614,227.83955629007227,1.0
5,350,262.30926500507445,222.45229763168552,257.30926500507445,217.45229763168552,267.30926500507445,227.45229763168552,1.0
5,351,261.9539034714674,222.68925253106596,256.9539034714674,217.68925253106596,266.9539034714674,227.68925253106596,1.0
5,352,261.94572684781275,223.28287715254146,256.94572684781275,218.28287715254146,266.94572684781275,228.28287715254146,1.0
5,353,261.90640930593344,223.94889936235967,256.90640930593344,218.94889936235967,266.90640930593344,228.94889936235967,1.0
5,354,261.5349939809557,223.9242549773245,256.5349939809557,218.9242549773245,266.5349939809557,228.9242549773245,1.0
5,355,260.6553446478918,224.19116461994872,255.6553446478918,219.19116461994872,265.6553446478918,229.19116461994872,1.0
5,356,260.4017357979045,223.5172042483527,255.4017357979045,218.5172042483527,265.4017357979045,228.5172042483527,1.0
5,357,261.32528223280514,223.4034837139312,256.32528223280514,218.4034837139312,266.32528223280514,228.4034837139312,1.0
5,358,261.3930553748921,223.26686883082914,256.3930553748921,218.26686883082914,266.3930553748921,228.26686883082914,1.0
5,359,260.1425176105092,223.2380849827802,255.14251761050917,218.2380849827802,265.1425176105092,228.2380849827802,1.0
5,360,259.00910886043897,223.4991525035431,254.00910886043897,218.4991525035431,264.00910886043897,228.4991525035431,1.0
5,361,258.3888336479844,224.97582391908406,253.38883364798443,219.97582391908406,263.3888336479844,229.97582391908406,1.0
5,362,258.1961126690077,225.51686354627464,253.19611266900768,220.51686354627464,263.1961126690077,230.51686354627464,1.0
5,363,258.79445325674425,226.31331905846037,253.79445325674425,221.31331905846037,263.79445325674425,231.31331905846037,1.0
5,364,258.6363705037836,226.7056933032745,253.6363705037836,221.7056933032745,263.6363705037836,231.7056933032745,1.0
5,365,258.13009415270005,227.09553807755682,253.13009415270005,222.09553807755682,263.13009415270005,232.09553807755682,1.0
5,366,258.0932814978195,227.14495079702954,253.09328149781948,222.14495079702954,263.0932814978195,232.14495079702954,1.0
5,367,258.74247301026924,226.41370050907088,253.74247301026924,221.41370050907088,263.74247301026924,231.41370050907088,1.0
5,368,258.538198111978,225.71309950083784,253.53819811197798,220.71309950083784,263.538198111978,230.71309950083784,1.0
5,369,258.323884279541,224.9119368926034,253.323884279541,219.9119368926034,263.323884279541,229.9119368926034,1.0
5,370,257.36512315998675,224.94821130717105,252.36512315998675,219.94821130717105,262.36512315998675,229.94821130717105,1.0
5,371,256.83039776362557,225.33780621268113,251.83039776362557,220.33780621268113,261.83039776362557,230.33780621268113,1.0
5,372,256.96880203675323,226.35527458746395,251.96880203675323,221.35527458746395,261.96880203675323,231.35527458746395,1.0
5,373,257.3484121628686,225.55705408817875,252.3484121628686,220.55705408817875,262.3484121628686,230.55705408817875,1.0
5,374,257.9331870271281,224.8067876403812,252.9331870271281,219.8067876403812,262.9331870271281,229.8067876403812,1.0
5,375,257.856903637486,223.79323760751336,252.85690363748603,218.79323760751336,262.856903637486,228.79323760751336,1.0
5,376,258.677845232702,222.93321066477523,253.677845232702,217.93321066477523,263.677845232702,227.93321066477523,1.0
5,377,258.8933658444283,223.23602140498397,253.89336584442827,218.23602140498397,263.8933658444283,228.23602140498397,1.0
5,378,258.75654427450917,224.36446810171745,253.75654427450917,219.36446810171745,263.75654427450917,229.36446810171745,1.0
5,379,257.3016231652157,224.85876458284966,252.3016231652157,219.85876458284966,262.3016231652157,229.85876458284966,1.0
5,380,255.59532557031537,225.6964236770526,250.59532557031537,220.6964236770526,260.59532557031537,230.6964236770526,1.0
5,381,254.61795019765825,225.33582615552504,249.61795019765825,220.33582615552504,259.6179501976583,230.33582615552504,1.0
5,382,255.41027056381097,224.125331584133,250.41027056381097,219.125331584133,260.41027056381097,229.125331584133,1.0
5,383,256.20966533643764,223.6148525197683,251.20966533643764,218.6148525197683,261.20966533643764,228.6148525197683,1.0
5,384,256.89244723263147,222.98365926377107,251.89244723263147,217.98365926377107,261.89244723263147,227.98365926377107,1.0
5,385,257.43151864261415,223.3566892789736,252.43151864261415,218.3566892789736,262.43151864261415,228.3566892789736,1.0
5,386,257.7908020741785,223.39871881668887,252.7908020741785,218.39871881668887,262.7908020741785,228.39871881668887,1.0
5,387,258.8281190202519,223.80851595423763,253.8281190202519,218.80851595423763,263.8281190202519,228.80851595423763,1.0
5,388,259.99365676589684,224.76133355314738,254.99365676589684,219.76133355314738,264.99365676589684,229.76133355314738,1.0
5,389,260.5786837978233,225.78561813996407,255.57868379782332,220.78561813996407,265.5786837978233,230.78561813996407,1.0
5,390,261.84359310329523,225.68410327199018,256.84359310329523,220.68410327199018,266.84359310329523,230.68410327199018,1.0
5,391,262.7341739983857,226.60036884726424,257.7341739983857,221.60036884726424,267.7341739983857,231.60036884726424,1.0
5,392,264.5460184781012,226.97381385072916,259.5460184781012,221.97381385072916,269.5460184781012,231.97381385072916,1.0
5,393,266.6374981574918,227.11606430205973,261.6374981574918,222.11606430205973,271.6374981574918,232.11606430205973,1.0
5,394,267.7890777496781,227.83951105283592,262.7890777496781,222.83951105283592,272.7890777496781,232.83951105283592,1.0
5,395,267.97523805323146,228.74677367653345,262.97523805323146,223.74677367653345,272.97523805323146,233.74677367653345,1.0
5,396,268.26512539375517,228.96769746155528,263.26512539375517,223.96769746155528,273.26512539375517,233.96769746155528,1.0
5,397,267.4693621538134,229.34111789566447,262.4693621538134,224.34111789566447,272.4693621538134,234.34111789566447,1.0
5,398,267.1348668586122,229.78602547406294,262.1348668586122,224.78602547406294,272.1348668586122,234.78602547406294,1.0
5,399,267.9735401244709,229.99406865127565,262.9735401244709,224.99406865127565,272.9735401244709,234.99406865127565,1.0
5,400,268.33422428482066,230.32640095342106,263.33422428482066,225.32640095342106,273.33422428482066,235.32640095342106,1.0
5,401,267.717815784065,230.24751004849875,262.717815784065,225.24751004849875,272.717815784065,235.24751004849875,1.0
5,402,266.43386692920757,230.7529200550515,261.43386692920757,225.7529200550515,271.43386692920757,235.7529200550515,1.0
5,403,265.1572066329773,231.07767414110464,260.1572066329773,226.07767414110464,270.1572066329773,236.07767414110464,1.0
5,404,263.8458153093323,231.72256233372246,258.8458153093323,226.72256233372246,268.8458153093323,236.72256233372246,1.0
5,405,262.8521922883041,232.29286849635557,257.8521922883041,227.29286849635557,267.8521922883041,237.29286849635557,1.0
5,406,263.03093730535534,231.67744718786352,258.03093730535534,226.67744718786352,268.03093730535534,236.67744718786352,1.0
5,407,262.95064212589455,232.39110844918883,257.95064212589455,227.39110844918883,267.95064212589455,237.39110844918883,1.0
5,408,262.61714407341077,234.41165069698897,257.61714407341077,229.41165069698897,267.61714407341077,239.41165069698897,1.0
5,409,262.48654864557847,235.19631686676595,257.48654864557847,230.19631686676595,267.48654864557847,240.19631686676595,1.0
5,410,263.1550976006602,236.42433994561088,258.1550976006602,231.42433994561088,268.1550976006602,241.42433994561088,1.0
5,411,263.7931857783494,237.8026450907981,258.7931857783494,232.8026450907981,268.7931857783494,242.8026450907981,1.0
5,412,263.692557869458,239.21085523848714,258.692557869458,234.21085523848714,268.692557869458,244.21085523848714,1.0
5,413,264.47135946662877,239.41504005103727,259.47135946662877,234.41504005103727,269.47135946662877,244.41504005103727,1.0
5,414,265.3316171669472,239.55151060997795,260.3316171669472,234.55151060997795,270.3316171669472,244.55151060997795,1.0
5,415,266.0540965471277,239.46184322994765,261.0540965471277,234.46184322994765,271.0540965471277,244.46184322994765,1.0
5,416,266.79381009410173,238.58267539198357,261.79381009410173,233.58267539198357,271.79381009410173,243.58267539198357,1.0
5,417,267.0300934986164,238.97270166209057,262.0300934986164,233.97270166209057,272.0300934986164,243.97270166209057,1.0
5,418,267.282238069532,239.76833514647612,262.282238069532,234.76833514647612,272.282238069532,244.76833514647612,1.0
5,419,267.3621140481579,239.79361518240654,262.3621140481579,234.79361518240654,272.3621140481579,244.79361518240654,1.0
5,420,267.65003349651295,239.8000655088266,262.65003349651295,234.8000655088266,272.65003349651295,244.8000655088266,1.0
5,421,268.3606709888527,239.98104758540305,263.3606709888527,234.98104758540305,273.3606709888527,244.98104758540305,1.0
5,422,268.5504786461692,239.58486499000725,263.5504786461692,234.58486499000725,273.5504786461692,244.58486499000725,1.0
5,423,268.98206301330384,239.13717397810655,263.98206301330384,234.13717397810655,273.98206301330384,244.13717397810655,1.0
5,424,269.88753737483955,237.22666778018535,264.88753737483955,232.22666778018535,274.88753737483955,242.22666778018535,1.0
5,425,269.8735616271989,235.3240180757994,264.8735616271989,230.3240180757994,274.8735616271989,240.3240180757994,1.0
5,426,269.97996404694277,234.7288545374008,264.97996404694277,229.7288545374008,274.97996404694277,239.7288545374008,1.0
5,427,270.505198255977,233.9487983683892,265.505198255977,228.9487983683892,275.505198255977,238.9487983683892,1.0
5,428,271.48392909605053,234.3219449175201,266.48392909605053,229.3219449175201,276.48392909605053,239.3219449175201,1.0
5,429,272.1259558950075,234.6438684652982,267.1259558950075,229.6438684652982,277.1259558950075,239.6438684652982,1.0
5,430,272.80274359975067,235.42753538627767,267.80274359975067,230.42753538627767,277.80274359975067,240.42753538627767,1.0
5,431,272.88127520865226,235.08235840005327,267.88127520865226,230.08235840005327,277.88127520865226,240.08235840005327,1.0
5,432,273.1494745768662,236.3678929237933,268.1494745768662,231.3678929237933,278.1494745768662,241.3678929237933,1.0
5,433,273.57590721702314,237.38087239993874,268.57590721702314,232.38087239993874,278.57590721702314,242.38087239993874,1.0
5,434,273.0043688867893,236.6444350982243,268.0043688867893,231.6444350982243,278.0043688867893,241.6444350982243,1.0
5,435,272.8906031914757,236.54792293167876,267.8906031914757,231.54792293167876,277.8906031914757,241.54792293167876,1.0
5,436,273.751714778694,236.51525992895125,268.751714778694,231.51525992895125,278.751714778694,241.51525992895125,1.0
5,437,273.89396238266903,237.22439339841938,268.89396238266903,232.22439339841938,278.89396238266903,242.22439339841938,1.0
5,438,274.0903864867276,237.39617110641,269.0903864867276,232.39617110641,279.0903864867276,242.39617110641,1.0
5,439,274.6802546786541,237.68844397732826,269.6802546786541,232.68844397732826,279.6802546786541,242.68844397732826,1.0
5,440,274.8835345270821,238.52505522975343,269.8835345270821,233.52505522975343,279.8835345270821,243.52505522975343,1.0
5,441,274.09158635902645,239.6764752102483,269.09158635902645,234.6764752102483,279.09158635902645,244.6764752102483,1.0
5,442,273.8650744213133,240.87599658348927,268.8650744213133,235.87599658348927,278.8650744213133,245.87599658348927,1.0
5,443,274.8289328951263,241.43910078504115,269.8289328951263,236.43910078504115,279.8289328951263,246.43910078504115,1.0
5,444,275.8341085473123,240.7190884183791,270.8341085473123,235.7190884183791,280.8341085473123,245.7190884183791,1.0
5,445,276.7696829575599,241.18054407958311,271.7696829575599,236.18054407958311,281.7696829575599,246.18054407958311,1.0
5,446,276.84511938593045,242.63342284192723,271.84511938593045,237.63342284192723,281.84511938593045,247.63342284192723,1.0
5,447,275.4107630623075,241.7410561071399,270.4107630623075,236.7410561071399,280.4107630623075,246.7410561071399,1.0
5,448,274.4098447548647,242.83220167483572,269.4098447548647,237.83220167483572,279.4098447548647,247.83220167483572,1.0
5,449,274.210957896536,243.37360322233312,269.210957896536,238.37360322233312,279.210957896536,248.37360322233312,1.0
5,450,275.3865000304138,243.6948634593328,270.3865000304138,238.6948634593328,280.3865000304138,248.6948634593328,1.0
6,451,52.0,279.5,47.0,274.5,57.0,284.5,1.0
6,452,50.542919467672746,278.75922145634945,45.542919467672746,273.75922145634945,55.542919467672746,283.75922145634945,1.0
6,453,49.10947323077515,279.13044349787725,44.10947323077515,274.13044349787725,54.10947323077515,284.13044349787725,1.0
6,454,48.79192858459395,280.00833470060087,43.79192858459395,275.00833470060087,53.79192858459395,285.00833470060087,1.0
6,455,47.789366948820536,280.46318523224187,42.789366948820536,275.46318523224187,52.789366948820536,285.46318523224187,1.0
6,456,46.90109589802633,280.3812283334828,41.90109589802633,275.3812283334828,51.90109589802633,285.3812283334828,1.0
6,457,45.37037701848253,280.45063836075536,40.37037701848253,275.45063836075536,50.37037701848253,285.45063836075536,1.0
6,458,44.889558236420804,280.39343249454004,39.889558236420804,275.39343249454004,49.889558236420804,285.39343249454004,1.0
6,459,44.94717484116297,280.28536796522235,39.94717484116297,275.28536796522235,49.94717484116297,285.28536796522235,1.0
6,460,44.860706439188625,279.6742505063172,39.860706439188625,274.6742505063172,49.860706439188625,284.6742505063172,1.0
6,461,45.61233560744512,279.1304448155891,40.61233560744512,274.1304448155891,50.61233560744512,284.1304448155891,1.0
6,462,45.881579254663095,278.69176911039085,40.881579254663095,273.69176911039085,50.881579254663095,283.69176911039085,1.0
6,463,45.45185615981909,278.15599469755773,40.45185615981909,273.15599469755773,50.45185615981909,283.15599469755773,1.0
6,464,45.10035374741882,277.8982320465515,40.10035374741882,272.8982320465515,50.10035374741882,282.8982320465515,1.0
6,465,45.18142462674849,277.1281585294892,40.18142462674849,272.1281585294892,50.18142462674849,282.1281585294892,1.0
6,466,45.6326764340024,277.79245281431224,40.6326764340024,272.79245281431224,50.6326764340024,282.79245281431224,1.0
6,467,46.21189120214929,277.4981981125472,41.21189120214929,272.4981981125472,51.21189120214929,282.4981981125472,1.0
6,468,46.73438798241815,277.6755057695335,41.73438798241815,272.6755057695335,51.73438798241815,282.6755057695335,1.0
6,469,47.01689346867405,276.90743870863895,42.01689346867405,271.90743870863895,52.01689346867405,281.90743870863895,1.0
6,470,46.13582359162183,276.4937854304314,41.13582359162183,271.4937854304314,51.13582359162183,281.4937854304314,1.0
6,471,45.01914895133585,275.63749621475887,40.01914895133585,270.63749621475887,50.01914895133585,280.63749621475887,1.0
6,472,44.70921433859178,274.9024678167155,39.70921433859178,269.9024678167155,49.70921433859178,279.9024678167155,1.0
6,473,44.70130196174862,274.4348865192343,39.70130196174862,269.4348865192343,49.70130196174862,279.4348865192343,1.0
6,474,44.57332404148454,274.9169579125985,39.57332404148454,269.9169579125985,49.57332404148454,279.9169579125985,1.0
6,475,44.60536380066065,274.8980581649733,39.60536380066065,269.8980581649733,49.60536380066065,279.8980581649733,1.0
6,476,45.32534198781104,274.71618963424925,40.32534198781104,269.71618963424925,50.32534198781104,279.71618963424925,1.0
6,477,44.772011822335436,274.5371833629647,39.772011822335436,269.5371833629647,49.772011822335436,279.5371833629647,1.0
6,478,43.721176331029774,275.1864079806286,38.721176331029774,270.1864079806286,48.721176331029774,280.1864079806286,1.0
6,479,43.05309395975294,276.2501870872203,38.05309395975294,271.2501870872203,48.05309395975294,281.2501870872203,1.0
6,480,42.22960460436814,276.98071089919245,37.22960460436814,271.98071089919245,47.22960460436814,281.98071089919245,1.0
6,481,42.38770877291395,277.4801488777245,37.38770877291395,272.4801488777245,47.38770877291395,282.4801488777245,1.0
6,482,42.92974545531645,278.05773063319515,37.92974545531645,273.05773063319515,47.92974545531645,283.05773063319515,1.0
6,483,43.68528187528131,278.1975023962833,38.68528187528131,273.1975023962833,48.68528187528131,283.1975023962833,1.0
6,484,44.93702377788036,278.82639447367416,39.93702377788036,273.82639447367416,49.93702377788036,283.82639447367416,1.0
6,485,45.619613315530486,279.6236273861019,40.619613315530486,274.6236273861019,50.619613315530486,284.6236273861019,1.0
6,486,46.61807062693498,280.2965839847892,41.61807062693498,275.2965839847892,51.61807062693498,285.2965839847892,1.0
6,487,47.711147327236525,280.738786957638,42.711147327236525,275.738786957638,52.711147327236525,285.738786957638,1.0
6,488,48.63898890967392,281.57075219463013,43.63898890967392,276.57075219463013,53.63898890967392,286.57075219463013,1.0
6,489,48.09967696611089,281.57576747564787,43.09967696611089,276.57576747564787,53.09967696611089,286.57576747564787,1.0
6,490,47.58603323663357,281.0571433303365,42.58603323663357,276.0571433303365,52.58603323663357,286.0571433303365,1.0
6,491,47.46536094854573,280.4723333341207,42.46536094854573,275.4723333341207,52.46536094854573,285.4723333341207,1.0
6,492,47.1553941286561,279.34961442662836,42.1553941286561,274.34961442662836,52.1553941286561,284.34961442662836,1.0
6,493,47.58241677409048,277.9835417650746,42.58241677409048,272.9835417650746,52.58241677409048,282.9835417650746,1.0
6,494,47.34841469154794,277.2364446550075,42.34841469154794,272.2364446550075,52.34841469154794,282.2364446550075,1.0
6,495,47.678493835782696,275.68406993540407,42.678493835782696,270.68406993540407,52.678493835782696,280.68406993540407,1.0
6,496,46.77261271414258,274.74273438382914,41.77261271414258,269.74273438382914,51.77261271414258,279.74273438382914,1.0
6,497,46.59527781484953,273.4232626062213,41.59527781484953,268.4232626062213,51.59527781484953,278.4232626062213,1.0
6,498,46.533059852390174,271.7318284731247,41.533059852390174,266.7318284731247,51.533059852390174,276.7318284731247,1.0
6,499,46.8270519145882,270.70523079840467,41.8270519145882,265.70523079840467,51.8270519145882,275.70523079840467,1.0
6,500,46.94425925175856,270.12306591472964,41.94425925175856,265.12306591472964,51.94425925175856,275.12306591472964,1.0
6,501,47.63526223790999,269.53598090649325,42.63526223790999,264.53598090649325,52.63526223790999,274.53598090649325,1.0
6,502,47.63850201787565,269.08546183835585,42.63850201787565,264.08546183835585,52.63850201787565,274.08546183835585,1.0
6,503,46.99996015431799,268.6588980099527,41.99996015431799,263.6588980099527,51.99996015431799,273.6588980099527,1.0
6,504,46.68652920088846,268.92880199459773,41.68652920088846,263.92880199459773,51.68652920088846,273.92880199459773,1.0
6,505,47.02655332968673,268.42539456313204,42.02655332968673,263.42539456313204,52.02655332968673,273.42539456313204,1.0
6,506,47.84085694528297,268.627191242916,42.84085694528297,263.627191242916,52.84085694528297,273.627191242916,1.0
6,507,47.56960431711879,269.7961666131507,42.56960431711879,264.7961666131507,52.56960431711879,274.7961666131507,1.0
6,508,47.50734924727745,270.1740759012829,42.50734924727745,265.1740759012829,52.50734924727745,275.1740759012829,1.0
6,509,46.41899338218064,269.47081490930367,41.41899338218064,264.47081490930367,51.41899338218064,274.47081490930367,1.0
6,510,45.22604526644394,269.41383333142755,40.22604526644394,264.41383333142755,50.22604526644394,274.41383333142755,1.0
6,511,43.51752950040123,269.5548023537543,38.51752950040123,264.5548023537543,48.51752950040123,274.5548023537543,1.0
6,512,41.613678676860275,269.9030214566819,36.613678676860275,264.9030214566819,46.613678676860275,274.9030214566819,1.0
6,513,41.21378163266775,269.58977383868495,36.21378163266775,264.58977383868495,46.21378163266775,274.58977383868495,1.0
6,514,40.52130055761032,269.154512373661,35.52130055761032,264.154512373661,45.52130055761032,274.154512373661,1.0
6,515,39.354474470563495,269.40757835259154,34.354474470563495,264.40757835259154,44.354474470563495,274.40757835259154,1.0
6,516,38.60451525139618,269.2581405382742,33.60451525139618,264.2581405382742,43.60451525139618,274.2581405382742,1.0
6,517,37.90859746927555,269.06131593446503,32.90859746927555,264.06131593446503,42.90859746927555,274.06131593446503,1.0
6,518,36.913929687765645,268.29456122440735,31.913929687765645,263.29456122440735,41.913929687765645,273.29456122440735,1.0
6,519,36.84930075863855,268.3361023260926,31.84930075863855,263.3361023260926,41.84930075863855,273.3361023260926,1.0
6,520,36.95013673044339,268.81675930473796,31.95013673044339,263.81675930473796,41.95013673044339,273.81675930473796,1.0
6,521,35.75337193289978,267.9813487794519,30.753371932899782,262.9813487794519,40.75337193289978,272.9813487794519,1.0
6,522,35.81721568643627,268.2182010852762,30.81721568643627,263.2182010852762,40.81721568643627,273.2182010852762,1.0
6,523,35.88984439037219,268.1661962124268,30.88984439037219,263.1661962124268,40.88984439037219,273.1661962124268,1.0
6,524,35.29430276057765,268.2283060110718,30.29430276057765,263.2283060110718,40.29430276057765,273.2283060110718,1.0
6,525,35.68233655190805,267.81015042474417,30.68233655190805,262.81015042474417,40.68233655190805,272.81015042474417,1.0
6,526,36.378464891795055,267.1245878937848,31.378464891795055,262.1245878937848,41.378464891795055,272.1245878937848,1.0
6,527,36.46296999591767,267.2332256854065,31.462969995917668,262.2332256854065,41.46296999591767,272.2332256854065,1.0
6,528,35.715063171466255,267.7633003055746,30.715063171466255,262.7633003055746,40.715063171466255,272.7633003055746,1.0
6,529,34.701829890451606,266.5841506029699,29.701829890451606,261.5841506029699,39.701829890451606,271.5841506029699,1.0
6,530,34.53074624097512,265.45207611569765,29.53074624097512,260.45207611569765,39.53074624097512,270.45207611569765,1.0
6,531,34.367086269521465,265.00515302062365,29.367086269521465,260.00515302062365,39.367086269521465,270.00515302062365,1.0
6,532,35.27351769890955,264.48681105308367,30.27351769890955,259.48681105308367,40.27351769890955,269.48681105308367,1.0
6,533,36.30134939731063,263.80356525517465,31.30134939731063,258.80356525517465,41.30134939731063,268.80356525517465,1.0
6,534,35.69416951581411,262.4148379048644,30.69416951581411,257.4148379048644,40.69416951581411,267.4148379048644,1.0
6,535,35.20249498906671,262.41213952986914,30.202494989066707,257.41213952986914,40.20249498906671,267.41213952986914,1.0
6,536,35.30871320931303,261.67616585744867,30.308713209313026,256.67616585744867,40.30871320931303,266.67616585744867,1.0
6,537,34.41372924589518,260.639508837385,29.413729245895183,255.639508837385,39.41372924589518,265.639508837385,1.0
6,538,33.63917948366172,260.3542058278609,28.63917948366172,255.35420582786088,38.63917948366172,265.3542058278609,1.0
6,539,32.3092525585773,259.8093352697526,27.3092525585773,254.80933526975258,37.3092525585773,264.8093352697526,1.0
6,540,30.815163874249137,260.16433310139274,25.815163874249137,255.16433310139274,35.81516387424914,265.16433310139274,1.0
6,541,30.05624953568529,260.3065763513368,25.05624953568529,255.3065763513368,35.05624953568529,265.3065763513368,1.0
6,542,29.298386655244162,260.07211795220496,24.298386655244162,255.07211795220496,34.29838665524416,265.07211795220496,1.0
6,543,29.390524037497766,259.58136425382173,24.390524037497766,254.58136425382173,34.39052403749777,264.58136425382173,1.0
6,544,29.919602929408942,259.7403469404618,24.919602929408942,254.7403469404618,34.91960292940894,264.7403469404618,1.0
6,545,30.5197176662449,259.340956604546,25.5197176662449,254.34095660454602,35.5197176662449,264.340956604546,1.0
6,546,30.17489620395758,259.34112721821487,25.17489620395758,254.34112721821487,35.17489620395758,264.34112721821487,1.0
6,547,28.92940889616656,260.3244305067718,23.92940889616656,255.32443050677182,33.929408896166564,265.3244305067718,1.0
6,548,27.170536820916933,260.41883100122004,22.170536820916933,255.41883100122004,32.17053682091694,265.41883100122004,1.0
6,549,26.637428431613078,260.97096827149767,21.637428431613078,255.97096827149767,31.637428431613078,265.97096827149767,1.0
6,550,25.9846225393971,260.65056539637396,20.9846225393971,255.65056539637396,30.9846225393971,265.65056539637396,1.0
6,551,23.964659203487926,260.69865632750634,18.964659203487926,255.69865632750634,28.964659203487926,265.69865632750634,1.0
6,552,22.714216508596117,260.69305929685385,17.714216508596117,255.69305929685385,27.714216508596117,265.69305929685385,1.0
6,553,22.549640209776985,260.5043311191893,17.549640209776985,255.50433111918932,27.549640209776985,265.5043311191893,1.0
6,554,22.537257982473825,260.5650969009064,17.537257982473825,255.56509690090638,27.537257982473825,265.5650969009064,1.0
6,555,22.90577734865078,261.3235138815025,17.90577734865078,256.3235138815025,27.90577734865078,266.3235138815025,1.0
6,556,23.199555931005463,261.30947378404574,18.199555931005463,256.30947378404574,28.199555931005463,266.30947378404574,1.0
6,557,22.80486967687498,260.7119694383424,17.80486967687498,255.7119694383424,27.80486967687498,265.7119694383424,1.0
6,558,21.90625370344911,260.2647787977751,16.90625370344911,255.26477879777508,26.90625370344911,265.2647787977751,1.0
6,559,21.6117708858216,261.0274391368186,16.6117708858216,256.0274391368186,26.6117708858216,266.0274391368186,1.0
6,560,21.913295111544535,260.9975511298153,16.913295111544535,255.9975511298153,26.913295111544535,265.9975511298153,1.0
6,561,22.3448634251345,261.3173021905731,17.3448634251345,256.3173021905731,27.3448634251345,266.3173021905731,1.0
6,562,22.60228902374185,261.86216269378053,17.60228902374185,256.86216269378053,27.60228902374185,266.86216269378053,1.0
6,563,22.717940615845357,263.4702284261866,17.717940615845357,258.4702284261866,27.717940615845357,268.4702284261866,1.0
6,564,22.778405239463872,264.5928205053577,17.778405239463872,259.5928205053577,27.778405239463872,269.5928205053577,1.0
6,565,22.56863723870165,265.5615678907625,17.56863723870165,260.5615678907625,27.56863723870165,270.5615678907625,1.0
6,566,21.72440694416074,266.79491559007135,16.72440694416074,261.79491559007135,26.72440694416074,271.79491559007135,1.0
6,567,21.94114400823689,267.5584797865637,16.94114400823689,262.5584797865637,26.94114400823689,272.5584797865637,1.0
6,568,22.65840553447035,267.61253925344545,17.65840553447035,262.61253925344545,27.65840553447035,272.61253925344545,1.0
6,569,22.728681117297945,268.172209191333,17.728681117297945,263.172209191333,27.728681117297945,273.172209191333,1.0
6,570,22.893151397817405,270.2069318455493,17.893151397817405,265.2069318455493,27.893151397817405,275.2069318455493,1.0
6,571,22.859246810314495,270.98523751370703,17.859246810314495,265.98523751370703,27.859246810314495,275.98523751370703,1.0
6,572,23.161652881417716,271.1040137391124,18.161652881417716,266.1040137391124,28.161652881417716,276.1040137391124,1.0
6,573,22.806561397975482,270.1739306998834,17.806561397975482,265.1739306998834,27.806561397975482,275.1739306998834,1.0
6,574,22.978179426321006,271.03371504329255,17.978179426321006,266.03371504329255,27.978179426321006,276.03371504329255,1.0
6,575,24.347886463036968,271.4823517900878,19.347886463036968,266.4823517900878,29.347886463036968,276.4823517900878,1.0
6,576,25.511986402912672,271.89126875479167,20.511986402912672,266.89126875479167,30.511986402912672,276.89126875479167,1.0
6,577,25.868862943495905,272.6288557318508,20.868862943495905,267.6288557318508,30.868862943495905,277.6288557318508,1.0
6,578,26.693009068741976,273.3651905578221,21.693009068741976,268.3651905578221,31.693009068741976,278.3651905578221,1.0
6,579,27.005894189438205,274.120647162722,22.005894189438205,269.120647162722,32.00589418943821,279.120647162722,1.0
6,580,26.948750288671384,274.32866881433836,21.948750288671384,269.32866881433836,31.948750288671384,279.32866881433836,1.0
6,581,26.646957008857864,274.7858416460297,21.646957008857864,269.7858416460297,31.646957008857864,279.7858416460297,1.0
6,582,27.087404626201153,275.3501318771135,22.087404626201153,270.3501318771135,32.08740462620115,280.3501318771135,1.0
6,583,28.331108444246098,275.43307383222174,23.331108444246098,270.43307383222174,33.3311084442461,280.43307383222174,1.0
6,584,28.70793634403726,275.5756483947434,23.70793634403726,270.5756483947434,33.707936344037265,280.5756483947434,1.0
6,585,28.85161261038247,276.0746565991017,23.85161261038247,271.0746565991017,33.851612610382475,281.0746565991017,1.0
6,586,28.119026245310117,276.1906757548483,23.119026245310117,271.1906757548483,33.11902624531012,281.1906757548483,1.0
6,587,28.245124752106175,275.6898637693054,23.245124752106175,270.6898637693054,33.24512475210618,280.6898637693054,1.0
6,588,28.43455904719803,275.01696047627865,23.43455904719803,270.01696047627865,33.43455904719803,280.01696047627865,1.0
6,589,28.184705350040712,274.655746013091,23.184705350040712,269.655746013091,33.184705350040716,279.655746013091,1.0
6,590,26.41457908747638,275.7063320226688,21.41457908747638,270.7063320226688,31.41457908747638,280.7063320226688,1.0
6,591,26.63071018488176,277.7156039313822,21.63071018488176,272.7156039313822,31.63071018488176,282.7156039313822,1.0
6,592,28.135587074292726,278.25215964189454,23.135587074292726,273.25215964189454,33.13558707429273,283.25215964189454,1.0
6,593,28.2488141678519,279.5878923303586,23.2488141678519,274.5878923303586,33.248814167851904,284.5878923303586,1.0
6,594,27.516291554137474,280.4002174365735,22.516291554137474,275.4002174365735,32.516291554137474,285.4002174365735,1.0
6,595,28.245266830132522,281.3256670758212,23.245266830132522,276.3256670758212,33.24526683013252,286.3256670758212,1.0
6,596,27.98987714338419,280.5936341792114,22.98987714338419,275.5936341792114,32.98987714338419,285.5936341792114,1.0
6,597,28.03506185482198,279.666610360726,23.03506185482198,274.666610360726,33.035061854821976,284.666610360726,1.0
6,598,28.907658623734633,279.143067415661,23.907658623734633,274.143067415661,33.90765862373463,284.143067415661,1.0
6,599,28.546522615798946,279.3625351944835,23.546522615798946,274.3625351944835,33.54652261579895,284.3625351944835,1.0
6,600,27.149570080522572,279.2884284215554,22.149570080522572,274.2884284215554,32.14957008052257,284.2884284215554,1.0
6,601,26.523285578804334,279.33250918998124,21.523285578804334,274.33250918998124,31.523285578804334,284.33250918998124,1.0
6,602,25.754944538490737,279.4565892397166,20.754944538490737,274.4565892397166,30.754944538490737,284.4565892397166,1.0
6,603,25.33649095935898,279.5442475532499,20.33649095935898,274.5442475532499,30.33649095935898,284.5442475532499,1.0
6,604,25.68855890154864,278.7569838226637,20.68855890154864,273.7569838226637,30.68855890154864,283.7569838226637,1.0
6,605,25.298537975315956,278.83521263215727,20.298537975315956,273.83521263215727,30.298537975315956,283.83521263215727,1.0
6,606,24.74232606196875,279.5929869698269,19.74232606196875,274.5929869698269,29.74232606196875,284.5929869698269,1.0
6,607,24.168164089422365,279.74737924325024,19.168164089422365,274.74737924325024,29.168164089422365,284.74737924325024,1.0
6,608,22.445416738829316,280.28686998885826,17.445416738829316,275.28686998885826,27.445416738829316,285.28686998885826,1.0
6,609,22.288116605861642,280.49766977312214,17.288116605861642,275.49766977312214,27.288116605861642,285.49766977312214,1.0
6,610,21.464944898106165,280.7991230654818,16.464944898106165,275.7991230654818,26.464944898106165,285.7991230654818,1.0
6,611,20.60512372168167,281.99812234638705,15.605123721681672,276.99812234638705,25.60512372168167,286.99812234638705,1.0
6,612,20.025756828037842,282.9160247050939,15.025756828037842,277.9160247050939,25.025756828037842,287.9160247050939,1.0
6,613,20.455843549793777,283.4160236557753,15.455843549793777,278.4160236557753,25.455843549793777,288.4160236557753,1.0
6,614,20.692559657166946,283.33700920792563,15.692559657166946,278.33700920792563,25.692559657166946,288.33700920792563,1.0
6,615,20.675037524369014,283.881435360491,15.675037524369014,278.881435360491,25.675037524369014,288.881435360491,1.0
6,616,19.523372551833965,283.6198553568289,14.523372551833965,278.6198553568289,24.523372551833965,288.6198553568289,1.0
6,617,18.217974330182052,282.768159479439,13.217974330182052,277.768159479439,23.217974330182052,287.768159479439,1.0
6,618,17.87200932953948,281.29177612859513,12.87200932953948,276.29177612859513,22.87200932953948,286.29177612859513,1.0
6,619,18.353054718959157,280.1326253984542,13.353054718959157,275.1326253984542,23.353054718959157,285.1326253984542,1.0
6,620,19.200635207697232,279.0420637909023,14.200635207697232,274.0420637909023,24.200635207697232,284.0420637909023,1.0
6,621,18.99566114345499,278.3738674409255,13.995661143454988,273.3738674409255,23.99566114345499,283.3738674409255,1.0
6,622,20.47238869172586,277.93633761293256,15.472388691725861,272.93633761293256,25.47238869172586,282.93633761293256,1.0
6,623,21.535887133170178,277.28420440275187,16.535887133170178,272.28420440275187,26.535887133170178,282.28420440275187,1.0
6,624,22.246023090146444,277.5522384380367,17.246023090146444,272.5522384380367,27.246023090146444,282.5522384380367,1.0
6,625,23.395251747896427,277.3268510212015,18.395251747896427,272.3268510212015,28.395251747896427,282.3268510212015,1.0
6,626,24.403087078052987,276.7093569398884,19.403087078052987,271.7093569398884,29.403087078052987,281.7093569398884,1.0
6,627,23.136356726603957,276.5251988272868,18.136356726603957,271.5251988272868,28.136356726603957,281.5251988272868,1.0
6,628,22.27101138821041,276.46050592505355,17.27101138821041,271.46050592505355,27.27101138821041,281.46050592505355,1.0
6,629,20.91190427962322,275.8513783468106,15.911904279623219,270.8513783468106,25.91190427962322,280.8513783468106,1.0
6,630,19.447471575484563,275.0795391634097,14.447471575484563,270.0795391634097,24.447471575484563,280.0795391634097,1.0
6,631,19.32897625944794,275.2138099781356,14.328976259447941,270.2138099781356,24.32897625944794,280.2138099781356,1.0
6,632,19.63425992460231,275.15763704460085,14.634259924602311,270.15763704460085,24.63425992460231,280.15763704460085,1.0
6,633,20.18989610038824,274.5823492002324,15.18989610038824,269.5823492002324,25.18989610038824,279.5823492002324,1.0
6,634,20.09092137702614,274.4293950793176,15.090921377026142,269.4293950793176,25.09092137702614,279.4293950793176,1.0
6,635,19.664333665669055,274.0008358585398,14.664333665669055,269.0008358585398,24.664333665669055,279.0008358585398,1.0
6,636,19.249155581795065,274.1994514802738,14.249155581795065,269.1994514802738,24.249155581795065,279.1994514802738,1.0
6,637,18.975725439331832,273.67953430429594,13.975725439331832,268.67953430429594,23.975725439331832,278.67953430429594,1.0
6,638,18.80646075813619,273.95079833771695,13.80646075813619,268.95079833771695,23.80646075813619,278.95079833771695,1.0
6,639,19.693847438293403,274.23835933901233,14.693847438293403,269.23835933901233,24.693847438293403,279.23835933901233,1.0
6,640,20.11076531811677,274.24520902657144,15.11076531811677,269.24520902657144,25.11076531811677,279.24520902657144,1.0
6,641,21.3486998492356,274.99876355598536,16.3486998492356,269.99876355598536,26.3486998492356,279.99876355598536,1.0
6,642,21.515694420480866,275.8600568664135,16.515694420480866,270.8600568664135,26.515694420480866,280.8600568664135,1.0
6,643,21.07280611021221,275.2585573784857,16.07280611021221,270.2585573784857,26.07280611021221,280.2585573784857,1.0
6,644,21.30961161185203,274.7630139628757,16.30961161185203,269.7630139628757,26.30961161185203,279.7630139628757,1.0
6,645,21.39969594404753,274.80127546301475,16.39969594404753,269.80127546301475,26.39969594404753,279.80127546301475,1.0
6,646,20.995863416944655,274.80319056085193,15.995863416944655,269.80319056085193,25.995863416944655,279.80319056085193,1.0
6,647,20.007170962554678,274.3894865510064,15.007170962554678,269.3894865510064,25.007170962554678,279.3894865510064,1.0
6,648,18.89728845661145,274.75072483331246,13.897288456611449,269.75072483331246,23.89728845661145,279.75072483331246,1.0
6,649,18.42864927275503,275.14362183122734,13.428649272755031,270.14362183122734,23.42864927275503,280.14362183122734,1.0
6,650,17.990576152694345,274.36694106661224,12.990576152694345,269.36694106661224,22.990576152694345,279.36694106661224,1.0
6,651,17.976041936257012,272.96845433279015,12.976041936257012,267.96845433279015,22.976041936257012,277.96845433279015,1.0
6,652,19.25599870275346,272.62589163619435,14.255998702753459,267.62589163619435,24.25599870275346,277.62589163619435,1.0
6,653,20.181295032571132,272.96300492838117,15.181295032571132,267.96300492838117,25.181295032571132,277.96300492838117,1.0
6,654,21.055682005354686,273.1222397288762,16.055682005354686,268.1222397288762,26.055682005354686,278.1222397288762,1.0
6,655,20.92084742515693,273.4356912241311,15.920847425156929,268.4356912241311,25.92084742515693,278.4356912241311,1.0
6,656,21.058504004468812,273.84194984938676,16.058504004468812,268.84194984938676,26.058504004468812,278.84194984938676,1.0
6,657,19.9801660822817,273.4707431480495,14.980166082281698,268.4707431480495,24.9801660822817,278.4707431480495,1.0
6,658,19.40395666063239,272.37731383247996,14.403956660632389,267.37731383247996,24.40395666063239,277.37731383247996,1.0
6,659,19.684996253439117,272.6712455235641,14.684996253439117,267.6712455235641,24.684996253439117,277.6712455235641,1.0
6,660,20.585134324653243,273.4259032137141,15.585134324653243,268.4259032137141,25.585134324653243,278.4259032137141,1.0
6,661,21.73293499732393,274.0500385718782,16.73293499732393,269.0500385718782,26.73293499732393,279.0500385718782,1.0
6,662,22.655013687314156,274.2958152290602,17.655013687314156,269.2958152290602,27.655013687314156,279.2958152290602,1.0
6,663,23.514685328270012,274.1407251012313,18.514685328270012,269.1407251012313,28.514685328270012,279.1407251012313,1.0
6,664,24.481556191855535,273.257170772654,19.481556191855535,268.257170772654,29.481556191855535,278.257170772654,1.0
6,665,25.152687715249314,271.5634329954318,20.152687715249314,266.5634329954318,30.152687715249314,276.5634329954318,1.0
6,666,25.450730188948345,270.48324716128514,20.450730188948345,265.48324716128514,30.450730188948345,275.48324716128514,1.0
6,667,24.75625451288039,270.08694765549143,19.75625451288039,265.08694765549143,29.75625451288039,275.08694765549143,1.0
6,668,24.467495008676217,269.20176377281905,19.467495008676217,264.20176377281905,29.467495008676217,274.20176377281905,1.0
6,669,23.90513405247431,268.4208117229643,18.90513405247431,263.4208117229643,28.90513405247431,273.4208117229643,1.0
6,670,22.30281800003752,268.01952863857815,17.30281800003752,263.01952863857815,27.30281800003752,273.01952863857815,1.0
6,671,22.13259930028784,267.82902620170324,17.13259930028784,262.82902620170324,27.13259930028784,272.82902620170324,1.0
6,672,22.2318427815236,268.3547155737625,17.2318427815236,263.3547155737625,27.2318427815236,273.3547155737625,1.0
6,673,22.467889037533105,268.9682263012957,17.467889037533105,263.9682263012957,27.467889037533105,273.9682263012957,1.0
6,674,21.978162217787997,268.98280575095197,16.978162217787997,263.98280575095197,26.978162217787997,273.98280575095197,1.0
6,675,20.993063305195943,268.1082209056156,15.993063305195943,263.1082209056156,25.993063305195943,273.1082209056156,1.0
6,676,21.49430452413924,267.4849448258314,16.49430452413924,262.4849448258314,26.49430452413924,272.4849448258314,1.0
6,677,22.10611999654605,267.2823717469999,17.10611999654605,262.2823717469999,27.10611999654605,272.2823717469999,1.0
6,678,22.293986008327902,266.9907704722964,17.293986008327902,261.9907704722964,27.293986008327902,271.9907704722964,1.0
6,679,22.85300502690686,266.5066252007458,17.85300502690686,261.5066252007458,27.85300502690686,271.5066252007458,1.0
6,680,22.749223376917705,266.84853135588844,17.749223376917705,261.84853135588844,27.749223376917705,271.84853135588844,1.0
6,681,23.193221952829106,266.7244982856558,18.193221952829106,261.7244982856558,28.193221952829106,271.7244982856558,1.0
6,682,23.3436304757028,266.9970009951955,18.3436304757028,261.9970009951955,28.3436304757028,271.9970009951955,1.0
6,683,22.95128840143889,267.37820397863396,17.95128840143889,262.37820397863396,27.95128840143889,272.37820397863396,1.0
6,684,22.875942006281498,267.10303572156346,17.875942006281498,262.10303572156346,27.875942006281498,272.10303572156346,1.0
6,685,22.420525578782833,265.64815374672804,17.420525578782833,260.64815374672804,27.420525578782833,270.64815374672804,1.0
6,686,22.711430778513893,264.5570574364832,17.711430778513893,259.5570574364832,27.711430778513893,269.5570574364832,1.0
6,687,22.89112781889835,264.49719368371734,17.89112781889835,259.49719368371734,27.89112781889835,269.49719368371734,1.0
6,688,22.526665915474798,263.51616824582356,17.526665915474798,258.51616824582356,27.526665915474798,268.51616824582356,1.0
6,689,22.01048493945932,263.23826152287694,17.01048493945932,258.23826152287694,27.01048493945932,268.23826152287694,1.0
6,690,20.95691611842132,262.38249257468465,15.956916118421319,257.38249257468465,25.95691611842132,267.38249257468465,1.0
6,691,20.408190216795063,262.3727690727688,15.408190216795063,257.3727690727688,25.408190216795063,267.3727690727688,1.0
6,692,20.131397817714465,261.79290057310436,15.131397817714465,256.79290057310436,25.131397817714465,266.79290057310436,1.0
6,693,21.24522362654178,261.2207314619748,16.24522362654178,256.2207314619748,26.24522362654178,266.2207314619748,1.0
6,694,22.710708840751824,260.8989485575834,17.710708840751824,255.89894855758342,27.710708840751824,265.8989485575834,1.0
6,695,24.052531639159557,260.62123980840255,19.052531639159557,255.62123980840255,29.052531639159557,265.62123980840255,1.0
6,696,25.16023319404908,259.85298515750304,20.16023319404908,254.85298515750304,30.16023319404908,264.85298515750304,1.0
6,697,26.16767421539886,258.68903728063833,21.16767421539886,253.68903728063833,31.16767421539886,263.68903728063833,1.0
6,698,26.63814276627397,258.4496102954653,21.63814276627397,253.44961029546528,31.63814276627397,263.4496102954653,1.0
6,699,27.713775951283473,259.0702537740481,22.713775951283473,254.07025377404813,32.71377595128347,264.0702537740481,1.0
6,700,28.105269724852853,259.7912785207991,23.105269724852853,254.7912785207991,33.10526972485285,264.7912785207991,1.0
6,701,27.825090607832998,259.7582759303534,22.825090607832998,254.75827593035342,32.825090607833,264.7582759303534,1.0
6,702,28.81058223701668,259.0891625001709,23.81058223701668,254.08916250017091,33.810582237016675,264.0891625001709,1.0
6,703,29.192756574608918,259.6051373652041,24.192756574608918,254.6051373652041,34.19275657460892,264.6051373652041,1.0
6,704,28.32126835968953,259.5270053444069,23.32126835968953,254.52700534440692,33.321268359689526,264.5270053444069,1.0
6,705,27.819000138186404,259.8567553433902,22.819000138186404,254.8567553433902,32.819000138186404,264.8567553433902,1.0
6,706,27.46177373659027,260.10325117160323,22.46177373659027,255.10325117160323,32.461773736590274,265.10325117160323,1.0
6,707,27.597245897587168,260.0760874870264,22.597245897587168,255.07608748702643,32.59724589758717,265.0760874870264,1.0
6,708,28.69849528134123,259.6282669819698,23.69849528134123,254.62826698196977,33.69849528134123,264.6282669819698,1.0
6,709,28.31969959048623,258.58987367837335,23.31969959048623,253.58987367837335,33.31969959048623,263.58987367837335,1.0
6,710,28.524017934014342,257.3152604005569,23.524017934014342,252.3152604005569,33.52401793401434,262.3152604005569,1.0
6,711,28.569874468873405,255.28530569029812,23.569874468873405,250.28530569029812,33.56987446887341,260.2853056902981,1.0
6,712,28.08455654805043,254.99073160582466,23.08455654805043,249.99073160582466,33.08455654805043,259.99073160582464,1.0
6,713,27.743751881007203,253.9591987136535,22.743751881007203,248.9591987136535,32.7437518810072,258.9591987136535,1.0
6,714,27.078552988467266,253.80446839408324,22.078552988467266,248.80446839408324,32.078552988467266,258.80446839408324,1.0
6,715,27.74737683599169,254.63540345571943,22.74737683599169,249.63540345571943,32.74737683599169,259.6354034557194,1.0
6,716,28.267862838208707,254.38029972439546,23.267862838208707,249.38029972439546,33.26786283820871,259.38029972439546,1.0
6,717,27.45039813076967,254.56265597422595,22.45039813076967,249.56265597422595,32.45039813076967,259.56265597422595,1.0
6,718,27.11752142208831,255.48417893750673,22.11752142208831,250.48417893750673,32.11752142208831,260.4841789375067,1.0
6,719,27.029287316452606,255.25875081676952,22.029287316452606,250.25875081676952,32.02928731645261,260.2587508167695,1.0
6,720,27.310965322506846,255.5024044041398,22.310965322506846,250.5024044041398,32.310965322506846,260.50240440413984,1.0
6,721,27.72709444763253,256.0162149014318,22.72709444763253,251.0162149014318,32.72709444763253,261.0162149014318,1.0
6,722,27.08690335245608,256.37380384402167,22.08690335245608,251.37380384402167,32.086903352456076,261.37380384402167,1.0
6,723,27.36883959210209,256.6842648439094,22.36883959210209,251.68426484390938,32.36883959210209,261.6842648439094,1.0
6,724,27.04999210992864,256.18723665092193,22.04999210992864,251.18723665092193,32.04999210992864,261.18723665092193,1.0
6,725,25.734658539814355,255.35412061683311,20.734658539814355,250.35412061683311,30.734658539814355,260.35412061683314,1.0
6,726,25.42059974234242,254.53970567214452,20.42059974234242,249.53970567214452,30.42059974234242,259.5397056721445,1.0
6,727,25.5529473721522,254.05922681039357,20.5529473721522,249.05922681039357,30.5529473721522,259.05922681039357,1.0
6,728,24.936511294706314,253.2864640402007,19.936511294706314,248.2864640402007,29.936511294706314,258.2864640402007,1.0
6,729,24.10515423865858,253.2032256559674,19.10515423865858,248.2032256559674,29.10515423865858,258.2032256559674,1.0
6,730,23.61186918059438,253.43466981661874,18.61186918059438,248.43466981661874,28.61186918059438,258.43466981661874,1.0
6,731,22.96814859784001,255.0895414315537,17.96814859784001,250.0895414315537,27.96814859784001,260.0895414315537,1.0
6,732,22.191860400683794,257.0488130946986,17.191860400683794,252.04881309469857,27.191860400683794,262.0488130946986,1.0
6,733,20.48258181142435,257.16467099861785,15.48258181142435,252.16467099861785,25.48258181142435,262.16467099861785,1.0
6,734,19.658742795570895,257.31479296986817,14.658742795570895,252.31479296986817,24.658742795570895,262.31479296986817,1.0
6,735,18.39100633578495,256.8240234848322,13.391006335784951,251.8240234848322,23.39100633578495,261.8240234848322,1.0
6,736,17.482082905599334,255.86955738138627,12.482082905599334,250.86955738138627,22.482082905599334,260.86955738138624,1.0
6,737,17.785505471482402,255.5113002791053,12.785505471482402,250.5113002791053,22.785505471482402,260.5113002791053,1.0
6,738,18.114825682121243,254.78032264840337,13.114825682121243,249.78032264840337,23.114825682121243,259.7803226484034,1.0
6,739,18.823396720230107,254.22031951495205,13.823396720230107,249.22031951495205,23.823396720230107,259.22031951495205,1.0
6,740,20.19852874427346,253.49650229966065,15.19852874427346,248.49650229966065,25.19852874427346,258.4965022996606,1.0
6,741,21.729320372942034,252.30106301027678,16.729320372942034,247.30106301027678,26.729320372942034,257.3010630102768,1.0
6,742,22.04433807080805,251.6010725409943,17.04433807080805,246.6010725409943,27.04433807080805,256.6010725409943,1.0
6,743,21.945676588252336,250.03611859536832,16.945676588252336,245.03611859536832,26.945676588252336,255.03611859536832,1.0
6,744,22.09483709738422,249.5628712600984,17.09483709738422,244.5628712600984,27.09483709738422,254.5628712600984,1.0
6,745,23.56476814444838,250.81338836102694,18.56476814444838,245.81338836102694,28.56476814444838,255.81338836102694,1.0
6,746,23.92654988651745,251.07971698008353,18.92654988651745,246.07971698008353,28.92654988651745,256.0797169800835,1.0
6,747,24.21337541781679,251.10325596133097,19.21337541781679,246.10325596133097,29.21337541781679,256.103255961331,1.0
6,748,24.30790231647037,251.2798728470452,19.30790231647037,246.2798728470452,29.30790231647037,256.2798728470452,1.0
6,749,24.754378614048022,250.61814083031925,19.754378614048022,245.61814083031925,29.754378614048022,255.61814083031925,1.0
6,750,25.612298842120673,249.3737827547818,20.612298842120673,244.3737827547818,30.612298842120673,254.3737827547818,1.0
6,751,25.434457943520275,248.54969128686025,20.434457943520275,243.54969128686025,30.434457943520275,253.54969128686025,1.0
6,752,25.741746463871767,247.21444617626418,20.741746463871767,242.21444617626418,30.741746463871767,252.21444617626418,1.0
6,753,25.465579249126492,246.55654127581403,20.465579249126492,241.55654127581403,30.465579249126492,251.55654127581403,1.0
6,754,25.9991450918605,245.21552558957177,20.9991450918605,240.21552558957177,30.9991450918605,250.21552558957177,1.0
6,755,26.458637712590896,244.07632383085806,21.458637712590896,239.07632383085806,31.458637712590896,249.07632383085806,1.0
6,756,26.76125714726919,243.6163440513714,21.76125714726919,238.6163440513714,31.76125714726919,248.6163440513714,1.0
6,757,27.067386354627764,243.19848935898298,22.067386354627764,238.19848935898298,32.067386354627764,248.19848935898298,1.0
6,758,27.388185369694014,241.87187062671165,22.388185369694014,236.87187062671165,32.388185369694014,246.87187062671165,1.0
6,759,27.626981641009976,240.58094578946992,22.626981641009976,235.58094578946992,32.626981641009976,245.58094578946992,1.0
6,760,26.701571054499997,240.76053824873,21.701571054499997,235.76053824873,31.701571054499997,245.76053824873,1.0
6,761,27.281003155093703,240.32390901906615,22.281003155093703,235.32390901906615,32.2810031550937,245.32390901906615,1.0
6,762,28.02613400178527,239.8005020881057,23.02613400178527,234.8005020881057,33.026134001785266,244.8005020881057,1.0
6,763,28.10246744162531,240.0002854514035,23.10246744162531,235.0002854514035,33.10246744162531,245.0002854514035,1.0
6,764,28.314748043125007,240.60662654171205,23.314748043125007,235.60662654171205,33.31474804312501,245.60662654171205,1.0
6,765,28.30574953164708,241.2163869401192,23.30574953164708,236.2163869401192,33.30574953164708,246.2163869401192,1.0
6,766,28.06567029012519,241.8201332101877,23.06567029012519,236.8201332101877,33.06567029012519,246.8201332101877,1.0
6,767,27.586787039797045,242.0641921135953,22.586787039797045,237.0641921135953,32.586787039797045,247.0641921135953,1.0
6,768,26.118541165544237,242.50807642492458,21.118541165544237,237.50807642492458,31.118541165544237,247.50807642492458,1.0
6,769,26.299702397918434,242.04054302214826,21.299702397918434,237.04054302214826,31.299702397918434,247.04054302214826,1.0
6,770,27.751662334633806,241.77521513834745,22.751662334633806,236.77521513834745,32.75166233463381,246.77521513834745,1.0
6,771,28.299826764790858,242.03686950311487,23.299826764790858,237.03686950311487,33.29982676479086,247.03686950311487,1.0
6,772,28.43028961170379,241.65804398754102,23.43028961170379,236.65804398754102,33.43028961170379,246.65804398754102,1.0
6,773,28.38693576925034,241.6965898305017,23.38693576925034,236.6965898305017,33.38693576925034,246.6965898305017,1.0
6,774,27.95944247127819,241.9361959351881,22.95944247127819,236.9361959351881,32.959442471278194,246.9361959351881,1.0
6,775,27.149662561694605,241.48743584649907,22.149662561694605,236.48743584649907,32.149662561694605,246.48743584649907,1.0
6,776,26.312772546902004,241.8745041673798,21.312772546902004,236.8745041673798,31.312772546902004,246.8745041673798,1.0
6,777,26.274888674916333,240.339142556565,21.274888674916333,235.339142556565,31.274888674916333,245.339142556565,1.0
6,778,26.152833604718115,239.70052383720446,21.152833604718115,234.70052383720446,31.152833604718115,244.70052383720446,1.0
6,779,26.37957851133397,238.73484250966425,21.37957851133397,233.73484250966425,31.37957851133397,243.73484250966425,1.0
6,780,26.35476843225155,237.6492425324627,21.35476843225155,232.6492425324627,31.35476843225155,242.6492425324627,1.0
6,781,25.559011090915956,236.95236422957896,20.559011090915956,231.95236422957896,30.559011090915956,241.95236422957896,1.0
6,782,25.25557216254735,235.8481032553543,20.25557216254735,230.8481032553543,30.25557216254735,240.8481032553543,1.0
6,783,24.527165858508145,234.50176320002555,19.527165858508145,229.50176320002555,29.527165858508145,239.50176320002555,1.0
6,784,23.283426548901957,233.76850265256152,18.283426548901957,228.76850265256152,28.283426548901957,238.76850265256152,1.0
6,785,22.58184503157994,233.84842136953327,17.58184503157994,228.84842136953327,27.58184503157994,238.84842136953327,1.0
6,786,22.967626941225912,234.08283874748815,17.967626941225912,229.08283874748815,27.967626941225912,239.08283874748815,1.0
6,787,22.729016329472987,233.91721323244215,17.729016329472987,228.91721323244215,27.729016329472987,238.91721323244215,1.0
6,788,21.83369345952741,232.8101676927114,16.83369345952741,227.8101676927114,26.83369345952741,237.8101676927114,1.0
6,789,21.56627391501938,232.78657049084345,16.56627391501938,227.78657049084345,26.56627391501938,237.78657049084345,1.0
6,790,20.572767782178943,233.1037909549513,15.572767782178943,228.1037909549513,25.572767782178943,238.1037909549513,1.0
6,791,20.13586229429109,233.44425552131423,15.13586229429109,228.44425552131423,25.13586229429109,238.44425552131423,1.0
6,792,20.755670638591667,234.9603115672505,15.755670638591667,229.9603115672505,25.755670638591667,239.9603115672505,1.0
6,793,20.95704465866206,235.48317142812124,15.95704465866206,230.48317142812124,25.95704465866206,240.48317142812124,1.0
6,794,21.195223578594327,234.74692919675343,16.195223578594327,229.74692919675343,26.195223578594327,239.74692919675343,1.0
6,795,22.384717800060194,233.39425862294542,17.384717800060194,228.39425862294542,27.384717800060194,238.39425862294542,1.0
6,796,22.930829557961292,232.98619671935427,17.930829557961292,227.98619671935427,27.930829557961292,237.98619671935427,1.0
6,797,23.240630283871358,232.37056326668778,18.240630283871358,227.37056326668778,28.240630283871358,237.37056326668778,1.0
6,798,23.345500954961917,231.25880994167656,18.345500954961917,226.25880994167656,28.345500954961917,236.25880994167656,1.0
6,799,22.884301851912657,231.35794875703976,17.884301851912657,226.35794875703976,27.884301851912657,236.35794875703976,1.0
6,800,22.99587500649519,232.38621042152096,17.99587500649519,227.38621042152096,27.99587500649519,237.38621042152096,1.0
6,801,22.6552412494352,232.67255887177706,17.6552412494352,227.67255887177706,27.6552412494352,237.67255887177706,1.0
6,802,22.40878133422577,232.98302120230437,17.40878133422577,227.98302120230437,27.40878133422577,237.98302120230437,1.0
6,803,22.182115158595664,232.22696821744165,17.182115158595664,227.22696821744165,27.182115158595664,237.22696821744165,1.0
6,804,21.76380083724053,231.76664191061127,16.76380083724053,226.76664191061127,26.76380083724053,236.76664191061127,1.0
6,805,20.547412311115682,231.75120804363306,15.547412311115682,226.75120804363306,25.547412311115682,236.75120804363306,1.0
6,806,19.34375810414211,231.5945947542506,14.343758104142111,226.5945947542506,24.34375810414211,236.5945947542506,1.0
6,807,18.408417666716517,231.73180819332634,13.408417666716517,226.73180819332634,23.408417666716517,236.73180819332634,1.0
6,808,18.56255362739578,231.8802671440925,13.56255362739578,226.8802671440925,23.56255362739578,236.8802671440925,1.0
6,809,18.292252627992674,232.23754448199725,13.292252627992674,227.23754448199725,23.292252627992674,237.23754448199725,1.0
6,810,17.6837524934327,231.74070785839794,12.6837524934327,226.74070785839794,22.6837524934327,236.74070785839794,1.0
6,811,16.90266661873384,231.10431411270952,11.90266661873384,226.10431411270952,21.90266661873384,236.10431411270952,1.0
6,812,16.996043702708498,230.57144726361867,11.996043702708498,225.57144726361867,21.996043702708498,235.57144726361867,1.0
6,813,16.794237094346187,229.89026085656607,11.794237094346187,224.89026085656607,21.794237094346187,234.89026085656607,1.0
6,814,16.024756000968317,229.66143787618006,11.024756000968317,224.66143787618006,21.024756000968317,234.66143787618006,1.0
6,815,14.767066729665785,230.51425721280918,9.767066729665785,225.51425721280918,19.767066729665785,235.51425721280918,1.0
6,816,14.516147916421282,230.2886768863643,9.516147916421282,225.2886768863643,19.516147916421282,235.2886768863643,1.0
6,817,13.489247488285173,229.69095770936497,8.489247488285173,224.69095770936497,18.489247488285173,234.69095770936497,1.0
6,818,13.318664517887456,229.20847765699762,8.318664517887456,224.20847765699762,18.318664517887456,234.20847765699762,1.0
6,819,12.512565214197345,230.49183325767177,7.512565214197345,225.49183325767177,17.512565214197345,235.49183325767177,1.0
6,820,12.996433671883487,232.15284246420794,7.996433671883487,227.15284246420794,17.996433671883487,237.15284246420794,1.0
6,821,11.894110256190729,233.05472055607754,6.894110256190729,228.05472055607754,16.89411025619073,238.05472055607754,1.0
6,822,11.008374680516148,233.86269054616832,6.008374680516148,228.86269054616832,16.008374680516148,238.86269054616832,1.0
6,823,8.931745378803768,235.04671948326535,3.931745378803768,230.04671948326535,13.931745378803768,240.04671948326535,1.0
6,824,8.532691875246336,237.0249870406678,3.5326918752463357,232.0249870406678,13.532691875246336,242.0249870406678,1.0
6,825,8.290413725358384,238.66037313175127,3.290413725358384,233.66037313175127,13.290413725358384,243.66037313175127,1.0
6,826,8.054236361170908,239.92898876714452,3.054236361170908,234.92898876714452,13.054236361170908,244.92898876714452,1.0
6,827,7.568339643113013,240.54172061232583,2.5683396431130134,235.54172061232583,12.568339643113013,245.54172061232583,1.0
6,828,6.503546215430099,241.39255012086159,1.5035462154300987,236.39255012086159,11.503546215430099,246.39255012086159,1.0
6,829,5.867854910642627,242.2022966463182,0.8678549106426274,237.2022966463182,10.867854910642627,247.2022966463182,1.0
6,830,5.912589479108263,241.9053176536246,0.9125894791082629,236.9053176536246,10.912589479108263,246.9053176536246,1.0
6,831,6.168731196357925,241.33742354786696,1.1687311963579248,236.33742354786696,11.168731196357925,246.33742354786696,1.0
6,832,4.784540569438832,241.2143304024675,-0.21545943056116812,236.2143304024675,9.784540569438832,246.2143304024675,1.0
6,833,3.8478805406530086,240.25098750480802,-1.1521194593469914,235.25098750480802,8.847880540653009,245.25098750480802,1.0
6,834,2.2545838789109425,238.9639996632622,-2.7454161210890575,233.9639996632622,7.2545838789109425,243.9639996632622,1.0
6,835,1.7983923214521127,237.79794938684728,-3.2016076785478873,232.79794938684728,6.798392321452113,242.79794938684728,1.0
6,836,2.4928721096769237,236.05169985860056,-2.5071278903230763,231.05169985860056,7.492872109676924,241.05169985860056,1.0
6,837,3.30722054812221,234.6128184374506,-1.69277945187779,229.6128184374506,8.30722054812221,239.6128184374506,1.0
6,838,4.103707475351918,233.71921040240505,-0.8962925246480822,228.71921040240505,9.103707475351918,238.71921040240505,1.0
6,839,4.313030891636842,233.01969818216347,-0.6869691083631579,228.01969818216347,9.313030891636842,238.01969818216347,1.0
6,840,4.938803841225024,231.8019680144083,-0.061196158774976084,226.8019680144083,9.938803841225024,236.8019680144083,1.0
6,841,5.9085901660550135,231.02995974931648,0.9085901660550135,226.02995974931648,10.908590166055014,236.02995974931648,1.0
6,842,6.5503259661014965,231.49084922875102,1.5503259661014965,226.49084922875102,11.550325966101497,236.49084922875102,1.0
6,843,6.669675022007425,231.6166348054613,1.669675022007425,226.6166348054613,11.669675022007425,236.6166348054613,1.0
6,844,6.340381774215544,231.25893735819054,1.340381774215544,226.25893735819054,11.340381774215544,236.25893735819054,1.0
6,845,6.184586921324652,231.20087454481254,1.1845869213246516,226.20087454481254,11.184586921324652,236.20087454481254,1.0
6,846,6.9392096961810665,230.75409187392515,1.9392096961810665,225.75409187392515,11.939209696181067,235.75409187392515,1.0
6,847,5.777528799950943,230.79171458182498,0.777528799950943,225.79171458182498,10.777528799950943,235.79171458182498,1.0
6,848,5.31779365701874,231.172165804098,0.31779365701873985,226.172165804098,10.31779365701874,236.172165804098,1.0
6,849,5.194829843877237,230.44345210186026,0.1948298438772369,225.44345210186026,10.194829843877237,235.44345210186026,1.0
6,850,5.716228097641462,231.4643221765638,0.7162280976414621,226.4643221765638,10.716228097641462,236.4643221765638,1.0
6,851,5.585199859411311,231.5788415095717,0.5851998594113113,226.5788415095717,10.585199859411311,236.5788415095717,1.0
6,852,5.7017661884707636,231.9166572771112,0.7017661884707636,226.9166572771112,10.701766188470764,236.9166572771112,1.0
6,853,5.453227876164114,231.1302620068026,0.45322787616411375,226.1302620068026,10.453227876164114,236.1302620068026,1.0
6,854,5.186341150751865,231.96709573045482,0.18634115075186486,226.96709573045482,10.186341150751865,236.96709573045482,1.0
6,855,4.520804931051977,231.90899272060744,-0.4791950689480231,226.90899272060744,9.520804931051977,236.90899272060744,1.0
6,856,2.792468691502229,232.27061443450464,-2.207531308497771,227.27061443450464,7.792468691502229,237.27061443450464,1.0
6,857,2.2337372286503268,232.63740285896668,-2.7662627713496732,227.63740285896668,7.233737228650327,237.63740285896668,1.0
6,858,2.924960562739095,233.77645903075071,-2.075039437260905,228.77645903075071,7.924960562739095,238.77645903075071,1.0
6,859,3.7447091840242734,234.7309601541427,-1.2552908159757266,229.7309601541427,8.744709184024273,239.7309601541427,1.0
6,860,3.07118941254879,234.99912585555867,-1.9288105874512098,229.99912585555867,8.07118941254879,239.99912585555867,1.0
6,861,2.850945862173532,236.0115509691576,-2.149054137826468,231.0115509691576,7.850945862173532,241.0115509691576,1.0
6,862,2.3584619416777954,237.10370372507577,-2.6415380583222046,232.10370372507577,7.358461941677795,242.10370372507577,1.0
6,863,2.0737864506151595,238.75954090602823,-2.9262135493848405,233.75954090602823,7.0737864506151595,243.75954090602823,1.0
6,864,2.215096176485929,240.27972831347392,-2.784903823514071,235.27972831347392,7.215096176485929,245.27972831347392,1.0
6,865,1.296308422221749,240.81484490179534,-3.703691577778251,235.81484490179534,6.296308422221749,245.81484490179534,1.0
6,866,1.604807011623656,240.92825507711848,-3.395192988376344,235.92825507711848,6.604807011623656,245.92825507711848,1.0
6,867,2.788312818426597,239.90368112974255,-2.211687181573403,234.90368112974255,7.788312818426597,244.90368112974255,1.0
6,868,3.1481157825010087,239.27398175557772,-1.8518842174989913,234.27398175557772,8.148115782501009,244.27398175557772,1.0
6,869,2.904874933775602,238.71235161151458,-2.095125066224398,233.71235161151458,7.904874933775602,243.71235161151458,1.0
6,870,2.974266635324952,239.17774832961678,-2.025733364675048,234.17774832961678,7.974266635324952,244.17774832961678,1.0
6,871,3.2957817646934657,240.1851087016333,-1.7042182353065343,235.1851087016333,8.295781764693466,245.1851087016333,1.0
6,872,3.3293289004863524,240.25064582920578,-1.6706710995136476,235.25064582920578,8.329328900486352,245.25064582920578,1.0
6,873,3.9521862517222743,239.32372506789847,-1.0478137482777257,234.32372506789847,8.952186251722274,244.32372506789847,1.0
6,874,4.880652263488734,238.89161434089385,-0.11934773651126562,233.89161434089385,9.880652263488734,243.89161434089385,1.0
6,875,6.325800477951773,239.4936501041886,1.3258004779517734,234.4936501041886,11.325800477951773,244.4936501041886,1.0
6,876,6.851926917128388,240.31412671042867,1.851926917128388,235.31412671042867,11.851926917128388,245.31412671042867,1.0
6,877,6.794507297384584,241.6224853378892,1.794507297384584,236.6224853378892,11.794507297384584,246.6224853378892,1.0
6,878,6.9225078360002215,241.69578380145197,1.9225078360002215,236.69578380145197,11.922507836000221,246.69578380145197,1.0
6,879,5.898018355974379,242.23701526879586,0.8980183559743793,237.23701526879586,10.89801835597438,247.23701526879586,1.0
6,880,5.5059416139534605,242.55709332745752,0.5059416139534605,237.55709332745752,10.50594161395346,247.55709332745752,1.0
6,881,6.296840855568405,242.8683022759563,1.296840855568405,237.8683022759563,11.296840855568405,247.8683022759563,1.0
6,882,6.503935197338421,242.27963831253928,1.5039351973384214,237.27963831253928,11.503935197338421,247.27963831253928,1.0
6,883,7.003632361905218,241.99181554798278,2.0036323619052183,236.99181554798278,12.003632361905218,246.99181554798278,1.0
6,884,7.5372663630150925,241.1883025404343,2.5372663630150925,236.1883025404343,12.537266363015092,246.1883025404343,1.0
6,885,8.245440775057581,240.74421621951882,3.245440775057581,235.74421621951882,13.245440775057581,245.74421621951882,1.0
6,886,9.266536089742168,239.97229026793923,4.266536089742168,234.97229026793923,14.266536089742168,244.97229026793923,1.0
6,887,10.175240795186049,239.6934231979771,5.175240795186049,234.6934231979771,15.175240795186049,244.6934231979771,1.0
6,888,10.495376097940657,238.78618252275527,5.495376097940657,233.78618252275527,15.495376097940657,243.78618252275527,1.0
6,889,11.819313335061715,238.22975039814088,6.8193133350617146,233.22975039814088,16.819313335061715,243.22975039814088,1.0
6,890,13.705380490017703,238.102807324012,8.705380490017703,233.102807324012,18.705380490017703,243.102807324012,1.0
6,891,13.899274306531915,238.37651256478415,8.899274306531915,233.37651256478415,18.899274306531915,243.37651256478415,1.0
6,892,13.44528463772454,238.7507392022874,8.44528463772454,233.7507392022874,18.44528463772454,243.7507392022874,1.0
6,893,12.162278895827228,239.3559840934599,7.162278895827228,234.3559840934599,17.162278895827228,244.3559840934599,1.0
6,894,12.128921079721472,238.67904001207978,7.128921079721472,233.67904001207978,17.128921079721472,243.67904001207978,1.0
6,895,13.344767022668762,238.30208932460295,8.344767022668762,233.30208932460295,18.344767022668762,243.30208932460295,1.0
6,896,14.790025296882433,238.11970633587902,9.790025296882433,233.11970633587902,19.790025296882433,243.11970633587902,1.0
6,897,15.767847157133232,237.6192900090287,10.767847157133232,232.6192900090287,20.767847157133232,242.6192900090287,1.0
6,898,16.914975201081205,237.31076119466573,11.914975201081205,232.31076119466573,21.914975201081205,242.31076119466573,1.0
6,899,16.77979939442084,237.02235867576476,11.779799394420841,232.02235867576476,21.77979939442084,242.02235867576476,1.0
6,900,17.36958472545337,237.13027519828285,12.369584725453372,232.13027519828285,22.36958472545337,242.13027519828285,1.0
6,901,18.917160473893638,236.47945404827064,13.917160473893638,231.47945404827064,23.917160473893638,241.47945404827064,1.0
6,902,19.483943562403276,235.97503505043142,14.483943562403276,230.97503505043142,24.483943562403276,240.97503505043142,1.0
6,903,19.615339204665666,235.86511058282034,14.615339204665666,230.86511058282034,24.615339204665666,240.86511058282034,1.0
6,904,19.818905484638705,235.7139859917705,14.818905484638705,230.7139859917705,24.818905484638705,240.7139859917705,1.0
6,905,20.49483545677852,236.11685737308392,15.494835456778521,231.11685737308392,25.49483545677852,241.11685737308392,1.0
6,906,21.47028610965539,236.7695961486973,16.47028610965539,231.7695961486973,26.47028610965539,241.7695961486973,1.0
6,907,22.64812346080011,237.0148899937106,17.64812346080011,232.0148899937106,27.64812346080011,242.0148899937106,1.0
6,908,21.35208029146515,237.13111925730337,16.35208029146515,232.13111925730337,26.35208029146515,242.13111925730337,1.0
6,909,21.019475065554136,237.61807325042554,16.019475065554136,232.61807325042554,26.019475065554136,242.61807325042554,1.0
6,910,20.638821428540354,238.04856210764808,15.638821428540354,233.04856210764808,25.638821428540354,243.04856210764808,1.0
6,911,20.880635135210927,238.63503378162693,15.880635135210927,233.63503378162693,25.880635135210927,243.63503378162693,1.0
6,912,21.556882802815913,239.67204488373403,16.556882802815913,234.67204488373403,26.556882802815913,244.67204488373403,1.0
6,913,21.927631311847694,240.6924953035955,16.927631311847694,235.6924953035955,26.927631311847694,245.6924953035955,1.0
6,914,22.36168849502795,241.93799406592285,17.36168849502795,236.93799406592285,27.36168849502795,246.93799406592285,1.0
6,915,22.894070584917547,242.7718652872884,17.894070584917547,237.7718652872884,27.894070584917547,247.7718652872884,1.0
6,916,23.04684132911233,243.54431215089153,18.04684132911233,238.54431215089153,28.04684132911233,248.54431215089153,1.0
6,917,22.955039031813506,242.99233061565553,17.955039031813506,237.99233061565553,27.955039031813506,247.99233061565553,1.0
6,918,22.63582922775939,242.50980822964914,17.63582922775939,237.50980822964914,27.63582922775939,247.50980822964914,1.0
6,919,23.188349372881728,241.07405774144178,18.188349372881728,236.07405774144178,28.188349372881728,246.07405774144178,1.0
6,920,22.940819413750972,239.71167273169408,17.940819413750972,234.71167273169408,27.940819413750972,244.71167273169408,1.0
6,921,21.741902388099057,238.59504477037677,16.741902388099057,233.59504477037677,26.741902388099057,243.59504477037677,1.0
6,922,21.074152529054032,236.71788521525582,16.074152529054032,231.71788521525582,26.074152529054032,241.71788521525582,1.0
6,923,19.920377120179552,235.15990061797905,14.920377120179552,230.15990061797905,24.920377120179552,240.15990061797905,1.0
6,924,20.00290880782512,232.91161916660576,15.002908807825118,227.91161916660576,25.00290880782512,237.91161916660576,1.0
6,925,20.398059548655507,233.3601123238423,15.398059548655507,228.3601123238423,25.398059548655507,238.3601123238423,1.0
6,926,20.749431169023538,233.74028706918023,15.749431169023538,228.74028706918023,25.749431169023538,238.74028706918023,1.0
6,927,20.891636747309754,234.17505140561715,15.891636747309754,229.17505140561715,25.891636747309754,239.17505140561715,1.0
6,928,21.296757848649648,235.8481855418879,16.296757848649648,230.8481855418879,26.296757848649648,240.8481855418879,1.0
6,929,22.249075540688477,235.96760643640854,17.249075540688477,230.96760643640854,27.249075540688477,240.96760643640854,1.0
6,930,23.551519678533026,236.56180817908208,18.551519678533026,231.56180817908208,28.551519678533026,241.56180817908208,1.0
6,931,24.780802632609355,237.2604868493717,19.780802632609355,232.2604868493717,29.780802632609355,242.2604868493717,1.0
6,932,26.233575579682213,237.8172160974322,21.233575579682213,232.8172160974322,31.233575579682213,242.8172160974322,1.0
6,933,28.111886998689386,238.98379268845198,23.111886998689386,233.98379268845198,33.111886998689386,243.98379268845198,1.0
6,934,29.325430388919425,240.14695138671883,24.325430388919425,235.14695138671883,34.32543038891943,245.14695138671883,1.0
6,935,29.196840870523523,241.1721401194514,24.196840870523523,236.1721401194514,34.19684087052352,246.1721401194514,1.0
6,936,28.9379073675745,242.0515722438028,23.9379073675745,237.0515722438028,33.937907367574496,247.0515722438028,1.0
6,937,28.833560501016585,241.71680720796812,23.833560501016585,236.71680720796812,33.833560501016585,246.71680720796812,1.0
6,938,28.31776613135292,242.36684029107417,23.31776613135292,237.36684029107417,33.31776613135292,247.36684029107417,1.0
6,939,28.318153419758694,242.26971730545574,23.318153419758694,237.26971730545574,33.318153419758694,247.26971730545574,1.0
6,940,27.681419126938255,241.82466535839987,22.681419126938255,236.82466535839987,32.68141912693825,246.82466535839987,1.0
6,941,26.89457034425406,241.75794661245152,21.89457034425406,236.75794661245152,31.89457034425406,246.75794661245152,1.0
6,942,26.154901094778754,242.07474157400281,21.154901094778754,237.07474157400281,31.154901094778754,247.07474157400281,1.0
6,943,26.395712453126905,242.10805033079532,21.395712453126905,237.10805033079532,31.395712453126905,247.10805033079532,1.0
6,944,25.965053764737373,242.3214027142833,20.965053764737373,237.3214027142833,30.965053764737373,247.3214027142833,1.0
6,945,25.51960607577806,241.5750809531222,20.51960607577806,236.5750809531222,30.51960607577806,246.5750809531222,1.0
6,946,25.884098748749146,241.82863264231477,20.884098748749146,236.82863264231477,30.884098748749146,246.82863264231477,1.0
6,947,25.7158842544231,242.56232203111807,20.7158842544231,237.56232203111807,30.7158842544231,247.56232203111807,1.0
6,948,25.365457852461912,243.72065484641826,20.365457852461912,238.72065484641826,30.365457852461912,248.72065484641826,1.0
6,949,24.35619233817951,244.39241525201624,19.35619233817951,239.39241525201624,29.35619233817951,249.39241525201624,1.0
6,950,23.73246918027049,244.6014149753751,18.73246918027049,239.6014149753751,28.73246918027049,249.6014149753751,1.0
6,951,23.590860809480947,243.85325897012186,18.590860809480947,238.85325897012186,28.590860809480947,248.85325897012186,1.0
6,952,23.73436614920873,243.90272814567768,18.73436614920873,238.90272814567768,28.73436614920873,248.90272814567768,1.0
6,953,23.996251409830393,244.85027389935556,18.996251409830393,239.85027389935556,28.996251409830393,249.85027389935556,1.0
6,954,24.1084606812268,246.04329722758496,19.1084606812268,241.04329722758496,29.1084606812268,251.04329722758496,1.0
6,955,24.769187311839826,246.33130506047073,19.769187311839826,241.33130506047073,29.769187311839826,251.33130506047073,1.0
6,956,25.259736691640047,245.83681077365023,20.259736691640047,240.83681077365023,30.259736691640047,250.83681077365023,1.0
6,957,25.269724145567437,245.54284768184948,20.269724145567437,240.54284768184948,30.269724145567437,250.54284768184948,1.0
6,958,24.781384883281767,244.883231911358,19.781384883281767,239.883231911358,29.781384883281767,249.883231911358,1.0
6,959,24.723463083034204,245.64569803683946,19.723463083034204,240.64569803683946,29.723463083034204,250.64569803683946,1.0
6,960,24.539744652607407,245.7869318243889,19.539744652607407,240.7869318243889,29.539744652607407,250.7869318243889,1.0
6,961,24.29105696759722,245.26049730974665,19.29105696759722,240.26049730974665,29.29105696759722,250.26049730974665,1.0
6,962,24.573973718841632,244.11553514463662,19.573973718841632,239.11553514463662,29.573973718841632,249.11553514463662,1.0
6,963,24.741570386816875,243.02599430735083,19.741570386816875,238.02599430735083,29.741570386816875,248.02599430735083,1.0
6,964,23.688930464078027,241.59834379034146,18.688930464078027,236.59834379034146,28.688930464078027,246.59834379034146,1.0
6,965,23.96083633207218,241.36037800296612,18.96083633207218,236.36037800296612,28.96083633207218,246.36037800296612,1.0
6,966,25.182653874516767,240.86136517748332,20.182653874516767,235.86136517748332,30.182653874516767,245.86136517748332,1.0
6,967,25.362157102701886,241.95444912484476,20.362157102701886,236.95444912484476,30.362157102701886,246.95444912484476,1.0
6,968,24.923949685253273,242.85463940782586,19.923949685253273,237.85463940782586,29.923949685253273,247.85463940782586,1.0
6,969,24.74564286951469,242.32541563140452,19.74564286951469,237.32541563140452,29.74564286951469,247.32541563140452,1.0
6,970,25.26125914732334,242.7483227008663,20.26125914732334,237.7483227008663,30.26125914732334,247.7483227008663,1.0
6,971,25.460611999789425,242.81432806109214,20.460611999789425,237.81432806109214,30.460611999789425,247.81432806109214,1.0
6,972,25.430186314412772,242.42064550031088,20.430186314412772,237.42064550031088,30.430186314412772,247.42064550031088,1.0
6,973,26.046899549380665,242.6251771996192,21.046899549380665,237.6251771996192,31.046899549380665,247.6251771996192,1.0
6,974,26.719749209077165,243.03260357519986,21.719749209077165,238.03260357519986,31.719749209077165,248.03260357519986,1.0
6,975,26.217233291584193,243.10711009855302,21.217233291584193,238.10711009855302,31.217233291584193,248.10711009855302,1.0
6,976,25.08480457665672,243.05751603067128,20.08480457665672,238.05751603067128,30.08480457665672,248.05751603067128,1.0
6,977,25.529537419646164,244.3067015140685,20.529537419646164,239.3067015140685,30.529537419646164,249.3067015140685,1.0
6,978,26.437688679863246,244.94659644870913,21.437688679863246,239.94659644870913,31.437688679863246,249.94659644870913,1.0
6,979,26.93416905242587,244.56982705749977,21.93416905242587,239.56982705749977,31.93416905242587,249.56982705749977,1.0
6,980,26.720955873690745,243.49695424779418,21.720955873690745,238.49695424779418,31.720955873690745,248.49695424779418,1.0
6,981,26.574876109912662,242.3071700222054,21.574876109912662,237.3071700222054,31.574876109912662,247.3071700222054,1.0
6,982,27.269194982960897,242.77371900685162,22.269194982960897,237.77371900685162,32.2691949829609,247.77371900685162,1.0
6,983,27.605904546211807,244.11740017598916,22.605904546211807,239.11740017598916,32.605904546211804,249.11740017598916,1.0
6,984,28.5520257021442,244.66140283572537,23.5520257021442,239.66140283572537,33.5520257021442,249.66140283572537,1.0
6,985,28.033465885710648,246.1091049601199,23.033465885710648,241.1091049601199,33.03346588571065,251.1091049601199,1.0
6,986,28.098685606325006,248.15406084400792,23.098685606325006,243.15406084400792,33.098685606325006,253.15406084400792,1.0
6,987,28.472007597767508,249.2895678044045,23.472007597767508,244.2895678044045,33.47200759776751,254.2895678044045,1.0
6,988,27.92468812316598,249.70200398594116,22.92468812316598,244.70200398594116,32.92468812316598,254.70200398594116,1.0
6,989,27.593442385036933,250.3268204521503,22.593442385036933,245.3268204521503,32.59344238503694,255.3268204521503,1.0
6,990,27.3359140101664,250.26647360229902,22.3359140101664,245.26647360229902,32.335914010166405,255.26647360229902,1.0
6,991,26.047537081593294,250.5687079335889,21.047537081593294,245.5687079335889,31.047537081593294,255.5687079335889,1.0
6,992,25.272992091280255,250.09024491204488,20.272992091280255,245.09024491204488,30.272992091280255,255.09024491204488,1.0
6,993,24.574107002430143,249.25079347073822,19.574107002430143,244.25079347073822,29.574107002430143,254.25079347073822,1.0
6,994,24.61817706126125,248.05246467694147,19.61817706126125,243.05246467694147,29.61817706126125,253.05246467694147,1.0
6,995,24.875431869960085,247.5293563851962,19.875431869960085,242.5293563851962,29.875431869960085,252.5293563851962,1.0
6,996,25.2812270137731,246.74303207244944,20.2812270137731,241.74303207244944,30.2812270137731,251.74303207244944,1.0
6,997,25.727001404306538,244.89912288976117,20.727001404306538,239.89912288976117,30.727001404306538,249.89912288976117,1.0
6,998,26.187090804772687,243.73253850905337,21.187090804772687,238.73253850905337,31.187090804772687,248.73253850905337,1.0
6,999,25.693795292496105,242.68730335139534,20.693795292496105,237.68730335139534,30.693795292496105,247.68730335139534,1.0
6,1000,24.591565511969517,242.86689681493695,19.591565511969517,237.86689681493695,29.591565511969517,247.86689681493695,1.0
6,1001,23.931945332247896,243.18662334099926,18.931945332247896,238.18662334099926,28.931945332247896,248.18662334099926,1.0
6,1002,24.267254720890133,243.35937985068648,19.267254720890133,238.35937985068648,29.267254720890133,248.35937985068648,1.0
6,1003,24.26192793762851,243.4985843082496,19.26192793762851,238.4985843082496,29.26192793762851,248.4985843082496,1.0
6,1004,24.274470520192235,243.08016582532096,19.274470520192235,238.08016582532096,29.274470520192235,248.08016582532096,1.0
6,1005,24.64616932300268,243.19293970407912,19.64616932300268,238.19293970407912,29.64616932300268,248.19293970407912,1.0
6,1006,25.831514147843357,243.30254310660933,20.831514147843357,238.30254310660933,30.831514147843357,248.30254310660933,1.0
6,1007,25.88257215617542,243.10399585910008,20.88257215617542,238.10399585910008,30.88257215617542,248.10399585910008,1.0
6,1008,25.77315623180035,242.42802854752364,20.77315623180035,237.42802854752364,30.77315623180035,247.42802854752364,1.0
6,1009,26.00014681242994,241.93372118652027,21.00014681242994,236.93372118652027,31.00014681242994,246.93372118652027,1.0
6,1010,25.54773969802421,241.8198467459207,20.54773969802421,236.8198467459207,30.54773969802421,246.8198467459207,1.0
6,1011,25.530427967426093,240.8305785935929,20.530427967426093,235.8305785935929,30.530427967426093,245.8305785935929,1.0
6,1012,24.3217631889904,240.46609475334688,19.3217631889904,235.46609475334688,29.3217631889904,245.46609475334688,1.0
6,1013,23.407905559443744,240.560467666317,18.407905559443744,235.560467666317,28.407905559443744,245.560467666317,1.0
6,1014,23.548027539231043,241.5760931059042,18.548027539231043,236.5760931059042,28.548027539231043,246.5760931059042,1.0
6,1015,23.558217383644937,243.32836153536448,18.558217383644937,238.32836153536448,28.558217383644937,248.32836153536448,1.0
6,1016,23.281139359976134,244.73515624462306,18.281139359976134,239.73515624462306,28.281139359976134,249.73515624462306,1.0
6,1017,23.298048509105122,245.23952056654502,18.298048509105122,240.23952056654502,28.298048509105122,250.23952056654502,1.0
6,1018,23.26473024897232,244.73058001944338,18.26473024897232,239.73058001944338,28.26473024897232,249.73058001944338,1.0
6,1019,22.830433251902846,245.20921920414986,17.830433251902846,240.20921920414986,27.830433251902846,250.20921920414986,1.0
6,1020,22.606887192294707,245.88850011616825,17.606887192294707,240.88850011616825,27.606887192294707,250.88850011616825,1.0
6,1021,22.015044020586497,245.46356566718296,17.015044020586497,240.46356566718296,27.015044020586497,250.46356566718296,1.0
6,1022,21.17933596118923,246.78159799957942,16.17933596118923,241.78159799957942,26.17933596118923,251.78159799957942,1.0
6,1023,20.362507993566126,247.39052775017035,15.362507993566126,242.39052775017035,25.362507993566126,252.39052775017035,1.0
6,1024,20.167969440607465,247.50281255631464,15.167969440607465,242.50281255631464,25.167969440607465,252.50281255631464,1.0
6,1025,21.09549042367115,248.23860481978355,16.09549042367115,243.23860481978355,26.09549042367115,253.23860481978355,1.0
6,1026,21.55058689168537,248.43870423310844,16.55058689168537,243.43870423310844,26.55058689168537,253.43870423310844,1.0
6,1027,22.5744074380637,248.1400182653863,17.5744074380637,243.1400182653863,27.5744074380637,253.1400182653863,1.0
6,1028,23.014767957809052,248.5017746703391,18.014767957809052,243.5017746703391,28.014767957809052,253.5017746703391,1.0
6,1029,22.97817866167596,248.94894753562602,17.97817866167596,243.94894753562602,27.97817866167596,253.94894753562602,1.0
6,1030,22.612921531429564,249.99820747868355,17.612921531429564,244.99820747868355,27.612921531429564,254.99820747868355,1.0
6,1031,23.28366683862159,251.27808704436472,18.28366683862159,246.27808704436472,28.28366683862159,256.2780870443647,1.0
6,1032,23.81597421258368,251.5521780614103,18.81597421258368,246.5521780614103,28.81597421258368,256.5521780614103,1.0
6,1033,23.30107196678305,251.5219380614806,18.30107196678305,246.5219380614806,28.30107196678305,256.52193806148057,1.0
6,1034,22.87295497963451,251.8981807587291,17.87295497963451,246.8981807587291,27.87295497963451,256.8981807587291,1.0
6,1035,22.978157587276957,251.6616464112372,17.978157587276957,246.6616464112372,27.978157587276957,256.6616464112372,1.0
6,1036,22.51254166387993,252.0716105071433,17.51254166387993,247.0716105071433,27.51254166387993,257.0716105071433,1.0
6,1037,21.364233951217212,251.47855247444517,16.364233951217212,246.47855247444517,26.364233951217212,256.47855247444517,1.0
6,1038,20.50259378276232,251.58427461880055,15.502593782762322,246.58427461880055,25.50259378276232,256.5842746188006,1.0
6,1039,20.174410946633852,252.47749073720985,15.174410946633852,247.47749073720985,25.174410946633852,257.47749073720985,1.0
6,1040,20.363994071559503,252.54722713480527,15.363994071559503,247.54722713480527,25.363994071559503,257.54722713480527,1.0
6,1041,21.215004258598128,251.97274400758766,16.215004258598128,246.97274400758766,26.215004258598128,256.97274400758766,1.0
6,1042,22.145402441726755,251.9129601107192,17.145402441726755,246.9129601107192,27.145402441726755,256.9129601107192,1.0
6,1043,23.12519000532784,250.96868582235817,18.12519000532784,245.96868582235817,28.12519000532784,255.96868582235817,1.0
6,1044,23.35407377519427,251.66740406321577,18.35407377519427,246.66740406321577,28.35407377519427,256.66740406321577,1.0
6,1045,23.250250561285593,251.5589170025913,18.250250561285593,246.5589170025913,28.250250561285593,256.55891700259133,1.0
6,1046,22.67891276153596,251.30061313683325,17.67891276153596,246.30061313683325,27.67891276153596,256.30061313683325,1.0
6,1047,22.0808301533012,251.13437405556348,17.0808301533012,246.13437405556348,27.0808301533012,256.1343740555635,1.0
6,1048,21.280467542189974,250.94292358475062,16.280467542189974,245.94292358475062,26.280467542189974,255.94292358475062,1.0
6,1049,21.362001258328558,250.10809152848503,16.362001258328558,245.10809152848503,26.362001258328558,255.10809152848503,1.0
6,1050,22.382118787772512,248.80376995397032,17.382118787772512,243.80376995397032,27.382118787772512,253.80376995397032,1.0
6,1051,23.557706768874496,247.9699095478523,18.557706768874496,242.9699095478523,28.557706768874496,252.9699095478523,1.0
6,1052,23.831834034668017,247.19951682312973,18.831834034668017,242.19951682312973,28.831834034668017,252.19951682312973,1.0
6,1053,25.0939095477419,247.7676423614054,20.0939095477419,242.7676423614054,30.0939095477419,252.7676423614054,1.0
6,1054,26.945680446956693,248.39679744630578,21.945680446956693,243.39679744630578,31.945680446956693,253.39679744630578,1.0
6,1055,27.47515971860877,249.0415658720442,22.47515971860877,244.0415658720442,32.475159718608765,254.0415658720442,1.0
6,1056,26.693772520722117,249.30218577200276,21.693772520722117,244.30218577200276,31.693772520722117,254.30218577200276,1.0
6,1057,27.72817428601949,249.5484885115882,22.72817428601949,244.5484885115882,32.728174286019495,254.5484885115882,1.0
6,1058,28.22768921699057,249.44041062117927,23.22768921699057,244.44041062117927,33.22768921699057,254.44041062117927,1.0
6,1059,28.532183973937332,248.46748412258285,23.532183973937332,243.46748412258285,33.532183973937336,253.46748412258285,1.0
6,1060,29.278313102683512,247.78876146542538,24.278313102683512,242.78876146542538,34.27831310268351,252.78876146542538,1.0
6,1061,30.1153583158547,246.84057948592252,25.1153583158547,241.84057948592252,35.1153583158547,251.84057948592252,1.0
6,1062,29.94451187158357,246.14041148089314,24.94451187158357,241.14041148089314,34.94451187158357,251.14041148089314,1.0
6,1063,30.524615691394306,246.28412310125373,25.524615691394306,241.28412310125373,35.5246156913943,251.28412310125373,1.0
6,1064,30.197050055058703,247.1027948872139,25.197050055058703,242.1027948872139,35.1970500550587,252.1027948872139,1.0
6,1065,30.523155916394504,247.94071314043384,25.523155916394504,242.94071314043384,35.5231559163945,252.94071314043384,1.0
6,1066,31.430154279346077,247.93021133543186,26.430154279346077,242.93021133543186,36.43015427934608,252.93021133543186,1.0
6,1067,33.278740133858925,247.640188835124,28.278740133858925,242.640188835124,38.278740133858925,252.640188835124,1.0
6,1068,33.793625370386245,246.8260883402727,28.793625370386245,241.8260883402727,38.793625370386245,251.8260883402727,1.0
6,1069,34.033687928745216,245.87815238275468,29.033687928745216,240.87815238275468,39.033687928745216,250.87815238275468,1.0
6,1070,33.98276983575503,245.87188658485243,28.98276983575503,240.87188658485243,38.98276983575503,250.87188658485243,1.0
6,1071,34.40061399002022,246.0648281188314,29.40061399002022,241.0648281188314,39.40061399002022,251.0648281188314,1.0
6,1072,35.560044876338374,245.7138021384135,30.560044876338374,240.7138021384135,40.560044876338374,250.7138021384135,1.0
6,1073,36.03255955761007,245.34399994122506,31.03255955761007,240.34399994122506,41.03255955761007,250.34399994122506,1.0
6,1074,36.93835355551415,245.24322954793203,31.938353555514148,240.24322954793203,41.93835355551415,250.24322954793203,1.0
6,1075,37.896024725742976,245.4174871155812,32.896024725742976,240.4174871155812,42.896024725742976,250.4174871155812,1.0
6,1076,37.88153590419821,246.28106244626858,32.88153590419821,241.28106244626858,42.88153590419821,251.28106244626858,1.0
6,1077,38.02373401891698,246.80021416172144,33.02373401891698,241.80021416172144,43.02373401891698,251.80021416172144,1.0
6,1078,38.24677689169398,247.59990847784368,33.24677689169398,242.59990847784368,43.24677689169398,252.59990847784368,1.0
6,1079,38.04545424468138,246.8282260183534,33.04545424468138,241.8282260183534,43.04545424468138,251.8282260183534,1.0
6,1080,37.86554814484083,246.90362750989516,32.86554814484083,241.90362750989516,42.86554814484083,251.90362750989516,1.0
6,1081,37.62864557958357,246.510509874864,32.62864557958357,241.510509874864,42.62864557958357,251.510509874864,1.0
6,1082,38.67603860353759,246.67334640767683,33.67603860353759,241.67334640767683,43.67603860353759,251.67334640767683,1.0
6,1083,39.569622508980835,245.83961823882925,34.569622508980835,240.83961823882925,44.569622508980835,250.83961823882925,1.0
6,1084,40.34274761263165,245.07952957527274,35.34274761263165,240.07952957527274,45.34274761263165,250.07952957527274,1.0
6,1085,40.77463056599901,245.11853469367625,35.77463056599901,240.11853469367625,45.77463056599901,250.11853469367625,1.0
6,1086,41.097048796663266,244.5674508285221,36.097048796663266,239.5674508285221,46.097048796663266,249.5674508285221,1.0
6,1087,42.07178991582736,245.35406013576377,37.07178991582736,240.35406013576377,47.07178991582736,250.35406013576377,1.0
6,1088,42.16615912990853,245.14525482755732,37.16615912990853,240.14525482755732,47.16615912990853,250.14525482755732,1.0
6,1089,42.67049765717145,246.47482732416273,37.67049765717145,241.47482732416273,47.67049765717145,251.47482732416273,1.0
6,1090,43.55722072516119,246.13093420651896,38.55722072516119,241.13093420651896,48.55722072516119,251.13093420651896,1.0
6,1091,44.19907529025304,246.04701576720595,39.19907529025304,241.04701576720595,49.19907529025304,251.04701576720595,1.0
6,1092,44.95401481090272,245.62433166832884,39.95401481090272,240.62433166832884,49.95401481090272,250.62433166832884,1.0
6,1093,45.591008386897464,246.03644451935895,40.591008386897464,241.03644451935895,50.591008386897464,251.03644451935895,1.0
6,1094,45.212076137173,246.85775624850135,40.212076137173,241.85775624850135,50.212076137173,251.85775624850135,1.0
6,1095,46.243569729531266,247.1842433246941,41.243569729531266,242.1842433246941,51.243569729531266,252.1842433246941,1.0
6,1096,46.81126377722245,246.87989071176338,41.81126377722245,241.87989071176338,51.81126377722245,251.87989071176338,1.0
6,1097,46.30023784304376,246.60673516565242,41.30023784304376,241.60673516565242,51.30023784304376,251.60673516565242,1.0
6,1098,45.65761526655691,246.02127260897882,40.65761526655691,241.02127260897882,50.65761526655691,251.02127260897882,1.0
6,1099,45.36649947262257,246.83849537783,40.36649947262257,241.83849537783,50.36649947262257,251.83849537783,1.0
6,1100,46.22222037998404,246.84015006590158,41.22222037998404,241.84015006590158,51.22222037998404,251.84015006590158,1.0
6,1101,45.77062249744842,247.52942326935545,40.77062249744842,242.52942326935545,50.77062249744842,252.52942326935545,1.0
6,1102,45.84276273673314,247.03579218289133,40.84276273673314,242.03579218289133,50.84276273673314,252.03579218289133,1.0
6,1103,46.64283816354727,247.16680216139818,41.64283816354727,242.16680216139818,51.64283816354727,252.16680216139818,1.0
6,1104,47.493187886813686,247.38649137010165,42.493187886813686,242.38649137010165,52.493187886813686,252.38649137010165,1.0
6,1105,48.1561034165878,248.50438531742188,43.1561034165878,243.50438531742188,53.1561034165878,253.50438531742188,1.0
6,1106,49.2131151596612,248.1052994119747,44.2131151596612,243.1052994119747,54.2131151596612,253.1052994119747,1.0
6,1107,50.383121943291776,248.4164362406368,45.383121943291776,243.4164362406368,55.383121943291776,253.4164362406368,1.0
6,1108,51.07719531419307,249.3129414383593,46.07719531419307,244.3129414383593,56.07719531419307,254.3129414383593,1.0
6,1109,52.01830078416035,249.97834453100523,47.01830078416035,244.97834453100523,57.01830078416035,254.97834453100523,1.0
6,1110,53.04641108546189,250.42294532216118,48.04641108546189,245.42294532216118,58.04641108546189,255.42294532216118,1.0
6,1111,53.2002949140458,250.8177723810523,48.2002949140458,245.8177723810523,58.2002949140458,255.8177723810523,1.0
6,1112,54.250145647583565,251.65646342501148,49.250145647583565,246.65646342501148,59.250145647583565,256.65646342501145,1.0
6,1113,54.60578943736223,251.69318151638194,49.60578943736223,246.69318151638194,59.60578943736223,256.69318151638197,1.0
6,1114,55.34408207683616,251.08244678455205,50.34408207683616,246.08244678455205,60.34408207683616,256.0824467845521,1.0
6,1115,55.88728187557291,251.0422457421288,50.88728187557291,246.0422457421288,60.88728187557291,256.0422457421288,1.0
6,1116,57.63042982580904,251.96595670848487,52.63042982580904,246.96595670848487,62.63042982580904,256.9659567084849,1.0
6,1117,59.33321210928817,252.5748016381056,54.33321210928817,247.5748016381056,64.33321210928817,257.5748016381056,1.0
6,1118,59.443016688261736,253.040876814789,54.443016688261736,248.040876814789,64.44301668826174,258.040876814789,1.0
6,1119,60.74097681695262,252.65407559677502,55.74097681695262,247.65407559677502,65.74097681695261,257.654075596775,1.0
6,1120,62.42770918951254,252.58406318094438,57.42770918951254,247.58406318094438,67.42770918951254,257.5840631809444,1.0
6,1121,63.58368518379646,252.43949628458495,58.58368518379646,247.43949628458495,68.58368518379646,257.43949628458495,1.0
6,1122,64.6347247427019,251.9083389868646,59.634724742701906,246.9083389868646,69.6347247427019,256.9083389868646,1.0
6,1123,65.58092418637071,251.50225367550888,60.58092418637071,246.50225367550888,70.58092418637071,256.5022536755089,1.0
6,1124,66.28202989881594,251.45672397396234,61.282029898815935,246.45672397396234,71.28202989881594,256.4567239739623,1.0
6,1125,66.45833079770652,250.66177238986714,61.45833079770652,245.66177238986714,71.45833079770652,255.66177238986714,1.0
6,1126,66.97800417888077,250.97405630579078,61.97800417888077,245.97405630579078,71.97800417888077,255.97405630579078,1.0
6,1127,66.58932471497755,252.65331926858795,61.58932471497755,247.65331926858795,71.58932471497755,257.65331926858795,1.0
6,1128,66.96718144369912,253.67414022061604,61.96718144369912,248.67414022061604,71.96718144369912,258.67414022061604,1.0
6,1129,67.46538303624627,253.5604166666407,62.465383036246266,248.5604166666407,72.46538303624627,258.56041666664066,1.0
6,1130,67.4378414280741,254.23013059911378,62.437841428074094,249.23013059911378,72.4378414280741,259.23013059911375,1.0
6,1131,66.43829607123246,255.1191611456538,61.43829607123246,250.1191611456538,71.43829607123246,260.11916114565383,1.0
6,1132,65.39393131926452,255.24353174083024,60.393931319264524,250.24353174083024,70.39393131926452,260.24353174083024,1.0
6,1133,65.54330403227226,255.2438342454978,60.54330403227226,250.2438342454978,70.54330403227226,260.2438342454978,1.0
6,1134,65.21674738692474,254.36727192782743,60.21674738692474,249.36727192782743,70.21674738692474,259.36727192782746,1.0
6,1135,65.29619144295249,253.6956379064129,60.29619144295249,248.6956379064129,70.29619144295249,258.6956379064129,1.0
6,1136,64.88336917057204,253.66659348463057,59.88336917057204,248.66659348463057,69.88336917057204,258.66659348463054,1.0
6,1137,64.59207242323942,253.16325058050575,59.592072423239415,248.16325058050575,69.59207242323942,258.16325058050575,1.0
6,1138,64.90208446880555,253.43905284517186,59.902084468805555,248.43905284517186,69.90208446880555,258.4390528451719,1.0
6,1139,64.76011821971068,252.97728875134908,59.76011821971068,247.97728875134908,69.76011821971068,257.9772887513491,1.0
6,1140,64.32677737684254,253.9122788046522,59.32677737684254,248.9122788046522,69.32677737684254,258.9122788046522,1.0
6,1141,65.51374735516816,254.53589112512645,60.513747355168164,249.53589112512645,70.51374735516816,259.53589112512645,1.0
6,1142,65.3884677541181,254.37941191120262,60.388467754118096,249.37941191120262,70.3884677541181,259.3794119112026,1.0
6,1143,65.57916324715288,253.02586185497742,60.57916324715288,248.02586185497742,70.57916324715288,258.0258618549774,1.0
6,1144,64.81403756073136,251.64124613232065,59.814037560731364,246.64124613232065,69.81403756073136,256.64124613232065,1.0
6,1145,64.44694753990544,251.72915044514457,59.44694753990544,246.72915044514457,69.44694753990544,256.72915044514457,1.0
6,1146,63.33853794365335,251.51002864075014,58.33853794365335,246.51002864075014,68.33853794365335,256.51002864075014,1.0
6,1147,63.30687140245307,251.15374038603915,58.30687140245307,246.15374038603915,68.30687140245307,256.15374038603915,1.0
6,1148,62.932186790987004,251.42699414585704,57.932186790987004,246.42699414585704,67.932186790987,256.42699414585707,1.0
6,1149,63.4618164327419,252.3785961563705,58.4618164327419,247.3785961563705,68.4618164327419,257.37859615637046,1.0
6,1150,62.00271055835459,253.1714808829639,57.00271055835459,248.1714808829639,67.0027105583546,258.1714808829639,1.0
6,1151,61.08029731046432,253.7531154882582,56.08029731046432,248.7531154882582,66.08029731046432,258.75311548825823,1.0
6,1152,60.50597012276887,253.8641813952613,55.50597012276887,248.8641813952613,65.50597012276887,258.8641813952613,1.0
6,1153,59.96788317633638,252.28517258802313,54.96788317633638,247.28517258802313,64.96788317633639,257.2851725880231,1.0
6,1154,59.98217859716615,252.56772910208562,54.98217859716615,247.56772910208562,64.98217859716615,257.56772910208565,1.0
6,1155,60.0973169491818,252.42480214917418,55.0973169491818,247.42480214917418,65.0973169491818,257.4248021491742,1.0
6,1156,60.59465259204406,252.2995624314006,55.59465259204406,247.2995624314006,65.59465259204407,257.2995624314006,1.0
6,1157,59.612617083907864,250.82465040525045,54.612617083907864,245.82465040525045,64.61261708390786,255.82465040525045,1.0
6,1158,59.12520523081274,249.8742319420452,54.12520523081274,244.8742319420452,64.12520523081274,254.8742319420452,1.0
6,1159,58.76558967265069,249.3817270819279,53.76558967265069,244.3817270819279,63.76558967265069,254.3817270819279,1.0
6,1160,58.455573019905785,248.9537531074211,53.455573019905785,243.9537531074211,63.455573019905785,253.9537531074211,1.0
6,1161,57.33105756278469,249.10148726282597,52.33105756278469,244.10148726282597,62.33105756278469,254.10148726282597,1.0
6,1162,56.28524553358799,250.14740341314752,51.28524553358799,245.14740341314752,61.28524553358799,255.14740341314752,1.0
6,1163,57.2396046754169,250.49191542198324,52.2396046754169,245.49191542198324,62.2396046754169,255.49191542198324,1.0
6,1164,58.607154508772986,250.15619004200445,53.607154508772986,245.15619004200445,63.607154508772986,255.15619004200445,1.0
6,1165,59.13552108124336,250.21913058803278,54.13552108124336,245.21913058803278,64.13552108124335,255.21913058803278,1.0
6,1166,58.76321475274191,250.7435407125959,53.76321475274191,245.7435407125959,63.76321475274191,255.7435407125959,1.0
6,1167,59.18368896964737,249.53367057318854,54.18368896964737,244.53367057318854,64.18368896964736,254.53367057318854,1.0
6,1168,58.431973842213466,248.46394473619378,53.431973842213466,243.46394473619378,63.431973842213466,253.46394473619378,1.0
6,1169,56.901596848994586,248.47857567181356,51.901596848994586,243.47857567181356,61.901596848994586,253.47857567181356,1.0
6,1170,55.73983470584514,248.60500720946183,50.73983470584514,243.60500720946183,60.73983470584514,253.60500720946183,1.0
6,1171,54.17091726342943,249.1564773530311,49.17091726342943,244.1564773530311,59.17091726342943,254.1564773530311,1.0
6,1172,52.68946701347216,249.72138786633616,47.68946701347216,244.72138786633616,57.68946701347216,254.72138786633616,1.0
6,1173,51.75300531442201,249.69560526778062,46.75300531442201,244.69560526778062,56.75300531442201,254.69560526778062,1.0
6,1174,51.963155425268724,249.90640053507923,46.963155425268724,244.90640053507923,56.963155425268724,254.90640053507923,1.0
6,1175,51.70365272266812,250.53555853738175,46.70365272266812,245.53555853738175,56.70365272266812,255.53555853738175,1.0
6,1176,52.9083461204326,250.65622957764177,47.9083461204326,245.65622957764177,57.9083461204326,255.65622957764177,1.0
6,1177,54.245437173963474,250.25184813421697,49.245437173963474,245.25184813421697,59.245437173963474,255.25184813421697,1.0
6,1178,54.641970911895285,249.76046230705919,49.641970911895285,244.76046230705919,59.641970911895285,254.76046230705919,1.0
6,1179,55.14555575197061,249.84619566814712,50.14555575197061,244.84619566814712,60.14555575197061,254.84619566814712,1.0
6,1180,55.85022668607938,249.61909414615025,50.85022668607938,244.61909414615025,60.85022668607938,254.61909414615025,1.0
6,1181,56.93555212227369,249.5181529077939,51.93555212227369,244.5181529077939,61.93555212227369,254.5181529077939,1.0
6,1182,57.84295106527526,249.07182852051037,52.84295106527526,244.07182852051037,62.84295106527526,254.07182852051037,1.0
6,1183,58.30158024231888,247.828323841149,53.30158024231888,242.828323841149,63.30158024231888,252.828323841149,1.0
6,1184,57.68586526198972,247.4332127671866,52.68586526198972,242.4332127671866,62.68586526198972,252.4332127671866,1.0
6,1185,57.69890452491215,246.80309167998934,52.69890452491215,241.80309167998934,62.69890452491215,251.80309167998934,1.0
6,1186,58.15829369937566,246.58343308123443,53.15829369937566,241.58343308123443,63.15829369937566,251.58343308123443,1.0
6,1187,57.78472324125673,247.3319559512251,52.78472324125673,242.3319559512251,62.78472324125673,252.3319559512251,1.0
6,1188,57.90837134538489,247.5625493003428,52.90837134538489,242.5625493003428,62.90837134538489,252.5625493003428,1.0
6,1189,57.688976970285395,246.5740289644429,52.688976970285395,241.5740289644429,62.688976970285395,251.5740289644429,1.0
6,1190,58.056323598906175,245.88855981096034,53.056323598906175,240.88855981096034,63.056323598906175,250.88855981096034,1.0
6,1191,57.73002768883011,246.42515030303764,52.73002768883011,241.42515030303764,62.73002768883011,251.42515030303764,1.0
6,1192,56.5902579519239,246.07415877454642,51.5902579519239,241.07415877454642,61.5902579519239,251.07415877454642,1.0
6,1193,55.16011744418279,246.14401776480307,50.16011744418279,241.14401776480307,60.16011744418279,251.14401776480307,1.0
6,1194,54.802955167728136,244.9583770857649,49.802955167728136,239.9583770857649,59.802955167728136,249.9583770857649,1.0
6,1195,54.89660592142303,243.03956153165024,49.89660592142303,238.03956153165024,59.89660592142303,248.03956153165024,1.0
6,1196,54.57783483826573,242.47199584529878,49.57783483826573,237.47199584529878,59.57783483826573,247.47199584529878,1.0
6,1197,53.53614558969515,242.4685246582377,48.53614558969515,237.4685246582377,58.53614558969515,247.4685246582377,1.0
6,1198,52.24658988586829,242.31491655101328,47.24658988586829,237.31491655101328,57.24658988586829,247.31491655101328,1.0
6,1199,52.037336065094166,241.98083141810133,47.037336065094166,236.98083141810133,57.037336065094166,246.98083141810133,1.0
6,1200,53.15159877879742,241.58026201420938,48.15159877879742,236.58026201420938,58.15159877879742,246.58026201420938,1.0
6,1201,54.14511118767224,241.77329162278312,49.14511118767224,236.77329162278312,59.14511118767224,246.77329162278312,1.0
6,1202,54.88522035912026,242.9227009256438,49.88522035912026,237.9227009256438,59.88522035912026,247.9227009256438,1.0
6,1203,54.76561412249551,242.3123336259399,49.76561412249551,237.3123336259399,59.76561412249551,247.3123336259399,1.0
6,1204,53.39472889215475,242.14813816181842,48.39472889215475,237.14813816181842,58.39472889215475,247.14813816181842,1.0
6,1205,52.30691047866188,241.6516081771401,47.30691047866188,236.6516081771401,57.30691047866188,246.6516081771401,1.0
6,1206,50.235009801290346,241.47949079695735,45.235009801290346,236.47949079695735,55.235009801290346,246.47949079695735,1.0
6,1207,48.73432333652861,241.31250297874215,43.73432333652861,236.31250297874215,53.73432333652861,246.31250297874215,1.0
6,1208,48.6040771858584,242.83441808441324,43.6040771858584,237.83441808441324,53.6040771858584,247.83441808441324,1.0
6,1209,49.486751486798134,244.53416943471396,44.486751486798134,239.53416943471396,54.486751486798134,249.53416943471396,1.0
6,1210,50.05011099497199,245.82437692432939,45.05011099497199,240.82437692432939,55.05011099497199,250.82437692432939,1.0
6,1211,50.36470954385842,247.04470151660587,45.36470954385842,242.04470151660587,55.36470954385842,252.04470151660587,1.0
6,1212,50.34582229170579,248.05641427969394,45.34582229170579,243.05641427969394,55.34582229170579,253.05641427969394,1.0
6,1213,50.762336521561515,249.1694925025974,45.762336521561515,244.1694925025974,55.762336521561515,254.1694925025974,1.0
6,1214,51.50096031867261,249.20867498107276,46.50096031867261,244.20867498107276,56.50096031867261,254.20867498107276,1.0
6,1215,52.12685056333943,248.57074954969843,47.12685056333943,243.57074954969843,57.12685056333943,253.57074954969843,1.0
6,1216,53.84163640138492,248.37261219713432,48.84163640138492,243.37261219713432,58.84163640138492,253.37261219713432,1.0
7,451,593.5,148.0,588.5,143.0,598.5,153.0,1.0
7,452,593.5541336433228,147.7204193728559,588.5541336433228,142.7204193728559,598.5541336433228,152.7204193728559,1.0
7,453,594.4954706492664,147.40278782916496,589.4954706492664,142.40278782916496,599.4954706492664,152.40278782916496,1.0
7,454,595.5235686697039,147.5718569941132,590.5235686697039,142.5718569941132,600.5235686697039,152.5718569941132,1.0
7,455,595.737029537711,148.34995648293685,590.737029537711,143.34995648293685,600.737029537711,153.34995648293685,1.0
7,456,596.0776662979669,149.3324001757272,591.0776662979669,144.3324001757272,601.0776662979669,154.3324001757272,1.0
7,457,596.1234115442652,149.84409772710555,591.1234115442652,144.84409772710555,601.1234115442652,154.84409772710555,1.0
7,458,596.19521116146,152.19551219941843,591.19521116146,147.19551219941843,601.19521116146,157.19551219941843,1.0
7,459,596.6924556085318,153.75952811792007,591.6924556085318,148.75952811792007,601.6924556085318,158.75952811792007,1.0
7,460,597.4399688963676,155.18372923590542,592.4399688963676,150.18372923590542,602.4399688963676,160.18372923590542,1.0
7,461,597.7316660063143,156.68088806027663,592.7316660063143,151.68088806027663,602.7316660063143,161.68088806027663,1.0
7,462,598.6406089876917,157.05755701397442,593.6406089876917,152.05755701397442,603.6406089876917,162.05755701397442,1.0
7,463,599.5791585119941,157.34269761740413,594.5791585119941,152.34269761740413,604.5791585119941,162.34269761740413,1.0
7,464,600.5115964382181,157.2311501318057,595.5115964382181,152.2311501318057,605.5115964382181,162.2311501318057,1.0
7,465,602.0239085903319,157.40851748624087,597.0239085903319,152.40851748624087,607.0239085903319,162.40851748624087,1.0
7,466,604.1919713185316,157.59017841964265,599.1919713185316,152.59017841964265,609.1919713185316,162.59017841964265,1.0
7,467,605.7709814024012,157.90179909210076,600.7709814024012,152.90179909210076,610.7709814024012,162.90179909210076,1.0
7,468,606.5931508633204,158.55721756311613,601.5931508633204,153.55721756311613,611.5931508633204,163.55721756311613,1.0
7,469,606.1739280072699,160.0748407270429,601.1739280072699,155.0748407270429,611.1739280072699,165.0748407270429,1.0
7,470,604.1666241708941,160.9409357397398,599.1666241708941,155.9409357397398,609.1666241708941,165.9409357397398,1.0
7,471,602.5641051801755,161.1886898203008,597.5641051801755,156.1886898203008,607.5641051801755,166.1886898203008,1.0
7,472,601.3997837777139,161.14911631490446,596.3997837777139,156.14911631490446,606.3997837777139,166.14911631490446,1.0
7,473,599.7445629518347,161.2645198032448,594.7445629518347,156.2645198032448,604.7445629518347,166.2645198032448,1.0
7,474,599.7592645604822,161.96536972641965,594.7592645604822,156.96536972641965,604.7592645604822,166.96536972641965,1.0
7,475,599.1956656985341,163.10622592351194,594.1956656985341,158.10622592351194,604.1956656985341,168.10622592351194,1.0
7,476,597.9441460877151,162.90028867937434,592.9441460877151,157.90028867937434,602.9441460877151,167.90028867937434,1.0
7,477,597.6063856874772,162.74843978458395,592.6063856874772,157.74843978458395,602.6063856874772,167.74843978458395,1.0
7,478,597.7067797098715,163.3623511131002,592.7067797098715,158.3623511131002,602.7067797098715,168.3623511131002,1.0
7,479,597.6011398075032,164.4611695462312,592.6011398075032,159.4611695462312,602.6011398075032,169.4611695462312,1.0
7,480,595.9768087452454,166.2199091425104,590.9768087452454,161.2199091425104,600.9768087452454,171.2199091425104,1.0
7,481,595.3170475623497,167.41674400046475,590.3170475623497,162.41674400046475,600.3170475623497,172.41674400046475,1.0
7,482,594.9698882078941,168.18408443133654,589.9698882078941,163.18408443133654,599.9698882078941,173.18408443133654,1.0
7,483,594.0308558224103,168.9788465896807,589.0308558224103,163.9788465896807,599.0308558224103,173.9788465896807,1.0
7,484,595.2778776711629,169.35415148505845,590.2778776711629,164.35415148505845,600.2778776711629,174.35415148505845,1.0
7,485,595.8769697753186,170.00340054482717,590.8769697753186,165.00340054482717,600.8769697753186,175.00340054482717,1.0
7,486,596.4505311999847,171.39524243333298,591.4505311999847,166.39524243333298,601.4505311999847,176.39524243333298,1.0
7,487,596.957393661384,171.8343203392004,591.957393661384,166.8343203392004,601.957393661384,176.8343203392004,1.0
7,488,596.0606139474878,171.76322430200145,591.0606139474878,166.76322430200145,601.0606139474878,176.76322430200145,1.0
7,489,596.3587601421992,172.53027296468022,591.3587601421992,167.53027296468022,601.3587601421992,177.53027296468022,1.0
7,490,596.9470059290736,172.91322120487584,591.9470059290736,167.91322120487584,601.9470059290736,177.91322120487584,1.0
7,491,597.6618116433733,172.98373656979945,592.6618116433733,167.98373656979945,602.6618116433733,177.98373656979945,1.0
7,492,597.7452695642382,172.22453767244963,592.7452695642382,167.22453767244963,602.7452695642382,177.22453767244963,1.0
7,493,598.1820607554489,171.74052787176785,593.1820607554489,166.74052787176785,603.1820607554489,176.74052787176785,1.0
7,494,598.9510857015196,171.0552387657346,593.9510857015196,166.0552387657346,603.9510857015196,176.0552387657346,1.0
7,495,599.2836760872807,170.91129372758837,594.2836760872807,165.91129372758837,604.2836760872807,175.91129372758837,1.0
7,496,598.7124732130338,171.27812113212227,593.7124732130338,166.27812113212227,603.7124732130338,176.27812113212227,1.0
7,497,598.2514843466674,172.17386558458324,593.2514843466674,167.17386558458324,603.2514843466674,177.17386558458324,1.0
7,498,597.3014352194157,173.9748361851258,592.3014352194157,168.9748361851258,602.3014352194157,178.9748361851258,1.0
7,499,596.0323777111711,174.31934206845781,591.0323777111711,169.31934206845781,601.0323777111711,179.31934206845781,1.0
7,500,595.7753081138655,173.0159391758904,590.7753081138655,168.0159391758904,600.7753081138655,178.0159391758904,1.0
7,501,595.0542609049343,171.84072711364342,590.0542609049343,166.84072711364342,600.0542609049343,176.84072711364342,1.0
7,502,594.1169348987574,171.70628934955562,589.1169348987574,166.70628934955562,599.1169348987574,176.70628934955562,1.0
7,503,593.676265220184,171.9236432142415,588.676265220184,166.9236432142415,598.676265220184,176.9236432142415,1.0
7,504,593.7040173467022,171.94973304260103,588.7040173467022,166.94973304260103,598.7040173467022,176.94973304260103,1.0
7,505,594.2316894565694,172.06781059634488,589.2316894565694,167.06781059634488,599.2316894565694,177.06781059634488,1.0
7,506,593.9321621118507,171.3617915253702,588.9321621118507,166.3617915253702,598.9321621118507,176.3617915253702,1.0
7,507,594.2869295813333,171.99548239739175,589.2869295813333,166.99548239739175,599.2869295813333,176.99548239739175,1.0
7,508,594.0898265391404,171.96891848716984,589.0898265391404,166.96891848716984,599.0898265391404,176.96891848716984,1.0
7,509,592.7811033045372,173.5367035333174,587.7811033045372,168.5367035333174,597.7811033045372,178.5367035333174,1.0
7,510,591.3380504175781,174.16648475747547,586.3380504175781,169.16648475747547,596.3380504175781,179.16648475747547,1.0
7,511,590.246765326032,174.29272615422826,585.246765326032,169.29272615422826,595.246765326032,179.29272615422826,1.0
7,512,589.2124934534309,174.96322211401142,584.2124934534309,169.96322211401142,594.2124934534309,179.96322211401142,1.0
7,513,589.3226561657499,175.89679712518057,584.3226561657499,170.89679712518057,594.3226561657499,180.89679712518057,1.0
7,514,589.828411842928,176.77690212031683,584.828411842928,171.77690212031683,594.828411842928,181.77690212031683,1.0
7,515,589.2064355938493,178.6660036635178,584.2064355938493,173.6660036635178,594.2064355938493,183.6660036635178,1.0
7,516,588.1631546981752,179.12924818978104,583.1631546981752,174.12924818978104,593.1631546981752,184.12924818978104,1.0
7,517,586.8710546406957,180.65180436865995,581.8710546406957,175.65180436865995,591.8710546406957,185.65180436865995,1.0
7,518,585.5465468075013,180.8215430192839,580.5465468075013,175.8215430192839,590.5465468075013,185.8215430192839,1.0
7,519,584.6627843393974,181.32911311167405,579.6627843393974,176.32911311167405,589.6627843393974,186.32911311167405,1.0
7,520,584.3139375666013,181.48331298421172,579.3139375666013,176.48331298421172,589.3139375666013,186.48331298421172,1.0
7,521,584.8905206998833,181.70664807732027,579.8905206998833,176.70664807732027,589.8905206998833,186.70664807732027,1.0
7,522,585.0750702657579,181.50292903814764,580.0750702657579,176.50292903814764,590.0750702657579,186.50292903814764,1.0
7,523,584.9272230578302,180.9077614606714,579.9272230578302,175.9077614606714,589.9272230578302,185.9077614606714,1.0
7,524,585.531217086791,180.85705727254037,580.531217086791,175.85705727254037,590.531217086791,185.85705727254037,1.0
7,525,586.0949403771948,180.22298865730056,581.0949403771948,175.22298865730056,591.0949403771948,185.22298865730056,1.0
7,526,586.7724636819173,179.33420525769586,581.7724636819173,174.33420525769586,591.7724636819173,184.33420525769586,1.0
7,527,587.0181969518189,178.51661434390545,582.0181969518189,173.51661434390545,592.0181969518189,183.51661434390545,1.0
7,528,586.3848558049739,178.79138176779674,581.3848558049739,173.79138176779674,591.3848558049739,183.79138176779674,1.0
7,529,587.774808114375,178.5625900340369,582.774808114375,173.5625900340369,592.774808114375,183.5625900340369,1.0
7,530,588.7034205163708,178.35745208830144,583.7034205163708,173.35745208830144,593.7034205163708,183.35745208830144,1.0
7,531,588.2625856091782,177.88854335343896,583.2625856091782,172.88854335343896,593.2625856091782,182.88854335343896,1.0
7,532,587.2165029800118,178.93945752456185,582.2165029800118,173.93945752456185,592.2165029800118,183.93945752456185,1.0
7,533,586.5125997662633,180.0119033280999,581.5125997662633,175.0119033280999,591.5125997662633,185.0119033280999,1.0
7,534,585.4489792960383,180.40993674210242,580.4489792960383,175.40993674210242,590.4489792960383,185.40993674210242,1.0
7,535,585.7974970290783,180.8125899007795,580.7974970290783,175.8125899007795,590.7974970290783,185.8125899007795,1.0
7,536,586.060863985116,180.2434982141918,581.060863985116,175.2434982141918,591.060863985116,185.2434982141918,1.0
7,537,586.6144409285918,180.9450295291991,581.6144409285918,175.9450295291991,591.6144409285918,185.9450295291991,1.0
7,538,587.225046827381,181.47199819536937,582.225046827381,176.47199819536937,592.225046827381,186.47199819536937,1.0
7,539,586.9316138467508,182.84144411362323,581.9316138467508,177.84144411362323,591.9316138467508,187.84144411362323,1.0
7,540,586.7119613884303,183.78063321063163,581.7119613884303,178.78063321063163,591.7119613884303,188.78063321063163,1.0
7,541,588.2075421917322,185.57076301531313,583.2075421917322,180.57076301531313,593.2075421917322,190.57076301531313,1.0
7,542,589.9485732072344,186.75017665377325,584.9485732072344,181.75017665377325,594.9485732072344,191.75017665377325,1.0
7,543,590.5767289558263,188.41900692206733,585.5767289558263,183.41900692206733,595.5767289558263,193.41900692206733,1.0
7,544,590.9773415465351,188.9013769344032,585.9773415465351,183.9013769344032,595.9773415465351,193.9013769344032,1.0
7,545,589.892476202408,188.49035018346822,584.892476202408,183.49035018346822,594.892476202408,193.49035018346822,1.0
7,546,590.8871630826203,188.19516196418508,585.8871630826203,183.19516196418508,595.8871630826203,193.19516196418508,1.0
7,547,591.07577885534,188.10196924420362,586.07577885534,183.10196924420362,596.07577885534,193.10196924420362,1.0
7,548,591.685867198655,188.39147804790966,586.685867198655,183.39147804790966,596.685867198655,193.39147804790966,1.0
7,549,592.7315351822275,188.91679254214247,587.7315351822275,183.91679254214247,597.7315351822275,193.91679254214247,1.0
7,550,593.0916523279317,188.23412435602822,588.0916523279317,183.23412435602822,598.0916523279317,193.23412435602822,1.0
7,551,592.4442080322807,188.06849183843727,587.4442080322807,183.06849183843727,597.4442080322807,193.06849183843727,1.0
7,552,591.1142802287536,187.51254032245427,586.1142802287536,182.51254032245427,596.1142802287536,192.51254032245427,1.0
7,553,589.7427359823785,187.10137598447966,584.7427359823785,182.10137598447966,594.7427359823785,192.10137598447966,1.0
7,554,587.9113376428099,187.7187810837398,582.9113376428099,182.7187810837398,592.9113376428099,192.7187810837398,1.0
7,555,586.9118897227339,188.055888785783,581.9118897227339,183.055888785783,591.9118897227339,193.055888785783,1.0
7,556,586.5231724782285,188.55777804336913,581.5231724782285,183.55777804336913,591.5231724782285,193.55777804336913,1.0
7,557,585.5897196449383,188.33529686782003,580.5897196449383,183.33529686782003,590.5897196449383,193.33529686782003,1.0
7,558,585.3366774214419,189.02861606177512,580.3366774214419,184.02861606177512,590.3366774214419,194.02861606177512,1.0
7,559,585.3638934209388,188.80477381520228,580.3638934209388,183.80477381520228,590.3638934209388,193.80477381520228,1.0
7,560,585.2725027894734,188.47317638995582,580.2725027894734,183.47317638995582,590.2725027894734,193.47317638995582,1.0
7,561,585.197917707672,188.235373576192,580.197917707672,183.235373576192,590.197917707672,193.235373576192,1.0
7,562,585.7526413046177,187.79341846639835,580.7526413046177,182.79341846639835,590.7526413046177,192.79341846639835,1.0
7,563,585.3616350864414,187.08449513060538,580.3616350864414,182.08449513060538,590.3616350864414,192.08449513060538,1.0
7,564,584.6234322148641,188.20875475375556,579.6234322148641,183.20875475375556,589.6234322148641,193.20875475375556,1.0
7,565,583.7307045288769,189.84635070766194,578.7307045288769,184.84635070766194,588.7307045288769,194.84635070766194,1.0
7,566,585.0558237032822,191.3157482803609,580.0558237032822,186.3157482803609,590.0558237032822,196.3157482803609,1.0
7,567,585.3446590236261,192.2506323306475,580.3446590236261,187.2506323306475,590.3446590236261,197.2506323306475,1.0
7,568,585.3770077978073,193.14667356288217,580.3770077978073,188.14667356288217,590.3770077978073,198.14667356288217,1.0
7,569,584.4838797590639,193.29402944973936,579.4838797590639,188.29402944973936,589.4838797590639,198.29402944973936,1.0
7,570,584.697818826013,192.69658299206338,579.697818826013,187.69658299206338,589.697818826013,197.69658299206338,1.0
7,571,585.3910024098819,193.14558646165474,580.3910024098819,188.14558646165474,590.3910024098819,198.14558646165474,1.0
7,572,584.617020108347,192.95068869268772,579.617020108347,187.95068869268772,589.617020108347,197.95068869268772,1.0
7,573,584.5893462270091,193.8521284219679,579.5893462270091,188.8521284219679,589.5893462270091,198.8521284219679,1.0
7,574,584.8192432710838,194.2440894058862,579.8192432710838,189.2440894058862,589.8192432710838,199.2440894058862,1.0
7,575,585.5454885542553,194.03461494004245,580.5454885542553,189.03461494004245,590.5454885542553,199.03461494004245,1.0
7,576,585.5833988123402,194.08957714824635,580.5833988123402,189.08957714824635,590.5833988123402,199.08957714824635,1.0
7,577,585.0835812505713,193.17775861285065,580.0835812505713,188.17775861285065,590.0835812505713,198.17775861285065,1.0
7,578,585.2488478540613,192.69991746535703,580.2488478540613,187.69991746535703,590.2488478540613,197.69991746535703,1.0
7,579,585.6650212725881,192.02149609286943,580.6650212725881,187.02149609286943,590.6650212725881,197.02149609286943,1.0
7,580,586.7088433017251,192.2841635588046,581.7088433017251,187.2841635588046,591.7088433017251,197.2841635588046,1.0
7,581,585.858541534544,192.57177537012672,580.858541534544,187.57177537012672,590.858541534544,197.57177537012672,1.0
7,582,585.6463631335558,193.60179922710478,580.6463631335558,188.60179922710478,590.6463631335558,198.60179922710478,1.0
7,583,585.223584987682,193.98347596022023,580.223584987682,188.98347596022023,590.223584987682,198.98347596022023,1.0
7,584,583.8946077523665,194.8428362244239,578.8946077523665,189.8428362244239,588.8946077523665,199.8428362244239,1.0
7,585,584.7062256875248,195.7951566788933,579.7062256875248,190.7951566788933,589.7062256875248,200.7951566788933,1.0
7,586,585.4144063689216,196.83066042956585,580.4144063689216,191.83066042956585,590.4144063689216,201.83066042956585,1.0
7,587,585.9307257054537,196.60046279764455,580.9307257054537,191.60046279764455,590.9307257054537,201.60046279764455,1.0
7,588,585.069185814564,195.46735228159238,580.069185814564,190.46735228159238,590.069185814564,200.46735228159238,1.0
7,589,584.3992548291038,195.44440890805066,579.3992548291038,190.44440890805066,589.3992548291038,200.44440890805066,1.0
7,590,582.9509947241155,194.59238972084714,577.9509947241155,189.59238972084714,587.9509947241155,199.59238972084714,1.0
7,591,581.2277076548368,193.3131900252633,576.2277076548368,188.3131900252633,586.2277076548368,198.3131900252633,1.0
7,592,580.2317842332346,191.60709656207666,575.2317842332346,186.60709656207666,585.2317842332346,196.60709656207666,1.0
7,593,580.123669298494,190.22776398215638,575.123669298494,185.22776398215638,585.123669298494,195.22776398215638,1.0
7,594,579.7682727751397,189.1425365624622,574.7682727751397,184.1425365624622,584.7682727751397,194.1425365624622,1.0
7,595,580.183638329173,188.4287879578684,575.183638329173,183.4287879578684,585.183638329173,193.4287879578684,1.0
7,596,580.4148612075231,188.08309003860813,575.4148612075231,183.08309003860813,585.4148612075231,193.08309003860813,1.0
7,597,581.2414802163855,188.51972558194666,576.2414802163855,183.51972558194666,586.2414802163855,193.51972558194666,1.0
7,598,581.6388643556495,188.6801899761043,576.6388643556495,183.6801899761043,586.6388643556495,193.6801899761043,1.0
7,599,581.4181723178713,188.84162619993623,576.4181723178713,183.84162619993623,586.4181723178713,193.84162619993623,1.0
7,600,580.6781462116012,189.98700075392978,575.6781462116012,184.98700075392978,585.6781462116012,194.98700075392978,1.0
7,601,580.6830049620272,191.05861817411366,575.6830049620272,186.05861817411366,585.6830049620272,196.05861817411366,1.0
7,602,580.4634735211931,192.46995448403302,575.4634735211931,187.46995448403302,585.4634735211931,197.46995448403302,1.0
7,603,581.664336484279,192.84308569750243,576.664336484279,187.84308569750243,586.664336484279,197.84308569750243,1.0
7,604,582.2228081089893,192.65706781039154,577.2228081089893,187.65706781039154,587.2228081089893,197.65706781039154,1.0
7,605,582.355530697254,192.20544366545678,577.355530697254,187.20544366545678,587.355530697254,197.20544366545678,1.0
7,606,581.6331045296043,192.50652454047213,576.6331045296043,187.50652454047213,586.6331045296043,197.50652454047213,1.0
7,607,581.3915440501438,193.3109612736523,576.3915440501438,188.3109612736523,586.3915440501438,198.3109612736523,1.0
7,608,580.2340312483416,194.00278391549224,575.2340312483416,189.00278391549224,585.2340312483416,199.00278391549224,1.0
7,609,580.2421226888691,195.31230841339897,575.2421226888691,190.31230841339897,585.2421226888691,200.31230841339897,1.0
7,610,580.0384503005209,194.42543721051857,575.0384503005209,189.42543721051857,585.0384503005209,199.42543721051857,1.0
7,611,579.6174325012013,193.9882495343523,574.6174325012013,188.9882495343523,584.6174325012013,198.9882495343523,1.0
7,612,579.3037296904539,193.39652437886042,574.3037296904539,188.39652437886042,584.3037296904539,198.39652437886042,1.0
7,613,579.4511775262981,192.30896972030453,574.4511775262981,187.30896972030453,584.4511775262981,197.30896972030453,1.0
7,614,580.2351135564273,191.83756592671799,575.2351135564273,186.83756592671799,585.2351135564273,196.83756592671799,1.0
7,615,579.1759319406264,191.1755441134771,574.1759319406264,186.1755441134771,584.1759319406264,196.1755441134771,1.0
7,616,578.4374297833231,191.7598146577472,573.4374297833231,186.7598146577472,583.4374297833231,196.7598146577472,1.0
7,617,577.8830374794028,192.51037601695288,572.8830374794028,187.51037601695288,582.8830374794028,197.51037601695288,1.0
7,618,578.293097708632,192.4539810041312,573.293097708632,187.4539810041312,583.293097708632,197.4539810041312,1.0
7,619,578.564621347067,194.25175507339952,573.564621347067,189.25175507339952,583.564621347067,199.25175507339952,1.0
7,620,577.7500964697533,196.03113072242493,572.7500964697533,191.03113072242493,582.7500964697533,201.03113072242493,1.0
7,621,576.5310670074427,197.10487114049147,571.5310670074427,192.10487114049147,581.5310670074427,202.10487114049147,1.0
7,622,575.769523625253,197.01323532352654,570.769523625253,192.01323532352654,580.769523625253,202.01323532352654,1.0
7,623,575.4072086585148,197.2904927910125,570.4072086585148,192.2904927910125,580.4072086585148,202.2904927910125,1.0
7,624,574.3876697806783,197.13962000812873,569.3876697806783,192.13962000812873,579.3876697806783,202.13962000812873,1.0
7,625,572.7984395600863,196.07956614975726,567.7984395600863,191.07956614975726,577.7984395600863,201.07956614975726,1.0
7,626,571.2524099961566,196.2163536364542,566.2524099961566,191.2163536364542,576.2524099961566,201.2163536364542,1.0
7,627,569.6672284391555,195.47870888709912,564.6672284391555,190.47870888709912,574.6672284391555,200.47870888709912,1.0
7,628,569.0954285898415,194.60565980186482,564.0954285898415,189.60565980186482,574.0954285898415,199.60565980186482,1.0
7,629,568.7922134117763,194.0230838137499,563.7922134117763,189.0230838137499,573.7922134117763,199.0230838137499,1.0
7,630,568.7731628604356,193.5510936681606,563.7731628604356,188.5510936681606,573.7731628604356,198.5510936681606,1.0
7,631,569.5050646491394,192.285724853607,564.5050646491394,187.285724853607,574.5050646491394,197.285724853607,1.0
7,632,568.4447064399201,191.62092954144367,563.4447064399201,186.62092954144367,573.4447064399201,196.62092954144367,1.0
7,633,566.3411070345721,191.82171339730309,561.3411070345721,186.82171339730309,571.3411070345721,196.82171339730309,1.0
7,634,565.8267400821627,191.88195492452985,560.8267400821627,186.88195492452985,570.8267400821627,196.88195492452985,1.0
7,635,564.6792470269968,191.79828313850737,559.6792470269968,186.79828313850737,569.6792470269968,196.79828313850737,1.0
7,636,563.3449686580068,192.64472149999293,558.3449686580068,187.64472149999293,568.3449686580068,197.64472149999293,1.0
7,637,562.6143286511838,191.75839588454215,557.6143286511838,186.75839588454215,567.6143286511838,196.75839588454215,1.0
7,638,561.5627809884024,191.22309925706966,556.5627809884024,186.22309925706966,566.5627809884024,196.22309925706966,1.0
7,639,561.3082138313613,191.14298127515295,556.3082138313613,186.14298127515295,566.3082138313613,196.14298127515295,1.0
7,640,560.8354917064744,190.6271318620346,555.8354917064744,185.6271318620346,565.8354917064744,195.6271318620346,1.0
7,641,559.4433588568003,191.73624348509753,554.4433588568003,186.73624348509753,564.4433588568003,196.73624348509753,1.0
7,642,558.5014250501536,192.69185943103554,553.5014250501536,187.69185943103554,563.5014250501536,197.69185943103554,1.0
7,643,557.651869771509,193.0999856110928,552.651869771509,188.0999856110928,562.651869771509,198.0999856110928,1.0
7,644,557.938237326654,193.84449971867224,552.938237326654,188.84449971867224,562.938237326654,198.84449971867224,1.0
7,645,558.1797446506475,194.29051108902462,553.1797446506475,189.29051108902462,563.1797446506475,199.29051108902462,1.0
7,646,558.7920876181169,194.81641132599918,553.7920876181169,189.81641132599918,563.7920876181169,199.81641132599918,1.0
7,647,559.4580297956834,194.80958391098875,554.4580297956834,189.80958391098875,564.4580297956834,199.80958391098875,1.0
7,648,559.6095656022604,194.7165605254584,554.6095656022604,189.7165605254584,564.6095656022604,199.7165605254584,1.0
7,649,559.7064272815733,195.3740908701932,554.7064272815733,190.3740908701932,564.7064272815733,200.3740908701932,1.0
7,650,559.6951521741033,194.86709928941025,554.6951521741033,189.86709928941025,564.6951521741033,199.86709928941025,1.0
7,651,560.3301400360178,195.81181774924573,555.3301400360178,190.81181774924573,565.3301400360178,200.81181774924573,1.0
7,652,560.5967726604703,195.2772641935283,555.5967726604703,190.2772641935283,565.5967726604703,200.2772641935283,1.0
7,653,559.4690776280212,194.67904575311027,554.4690776280212,189.67904575311027,564.4690776280212,199.67904575311027,1.0
7,654,558.9968325415816,194.7862885124819,553.9968325415816,189.7862885124819,563.9968325415816,199.7862885124819,1.0
7,655,558.7938787295961,194.4933852505756,553.7938787295961,189.4933852505756,563.7938787295961,199.4933852505756,1.0
7,656,558.5667935714953,194.8672593053115,553.5667935714953,189.8672593053115,563.5667935714953,199.8672593053115,1.0
7,657,558.1155402623226,195.49446239053964,553.1155402623226,190.49446239053964,563.1155402623226,200.49446239053964,1.0
7,658,557.4979600331006,195.15793727183757,552.4979600331006,190.15793727183757,562.4979600331006,200.15793727183757,1.0
7,659,558.6482141171389,193.8533697298708,553.6482141171389,188.8533697298708,563.6482141171389,198.8533697298708,1.0
7,660,558.9233940802842,192.9613539209226,553.9233940802842,187.9613539209226,563.9233940802842,197.9613539209226,1.0
7,661,559.6002123993026,191.84644161259692,554.6002123993026,186.84644161259692,564.6002123993026,196.84644161259692,1.0
7,662,560.3572029708482,191.44426886119123,555.3572029708482,186.44426886119123,565.3572029708482,196.44426886119123,1.0
7,663,561.3272934776277,191.69581112330783,556.3272934776277,186.69581112330783,566.3272934776277,196.69581112330783,1.0
7,664,562.2054595965761,191.01609344352335,557.2054595965761,186.01609344352335,567.2054595965761,196.01609344352335,1.0
7,665,563.1520390514737,189.85920044423315,558.1520390514737,184.85920044423315,568.1520390514737,194.85920044423315,1.0
7,666,563.4693308392837,190.36980863254922,558.4693308392837,185.36980863254922,568.4693308392837,195.36980863254922,1.0
7,667,561.7081543973526,190.7961543583701,556.7081543973526,185.7961543583701,566.7081543973526,195.7961543583701,1.0
7,668,561.6716533835663,191.28460676670562,556.6716533835663,186.28460676670562,566.6716533835663,196.28460676670562,1.0
7,669,561.4543840614937,191.39325969197478,556.4543840614937,186.39325969197478,566.4543840614937,196.39325969197478,1.0
7,670,561.3783753883786,192.17081579941848,556.3783753883786,187.17081579941848,566.3783753883786,197.17081579941848,1.0
7,671,561.2803833318849,192.02527564346676,556.2803833318849,187.02527564346676,566.2803833318849,197.02527564346676,1.0
7,672,561.7797140181311,192.2129465538511,556.7797140181311,187.2129465538511,566.7797140181311,197.2129465538511,1.0
7,673,561.8271910760648,191.75398163306915,556.8271910760648,186.75398163306915,566.8271910760648,196.75398163306915,1.0
7,674,562.4969756324267,191.59818845126034,557.4969756324267,186.59818845126034,567.4969756324267,196.59818845126034,1.0
7,675,563.1515424139425,192.06761487317348,558.1515424139425,187.06761487317348,568.1515424139425,197.06761487317348,1.0
7,676,562.454937420147,193.47265947303748,557.454937420147,188.47265947303748,567.454937420147,198.47265947303748,1.0
7,677,561.8951916808703,194.39373221827384,556.8951916808703,189.39373221827384,566.8951916808703,199.39373221827384,1.0
7,678,562.6968210003442,194.80038152723014,557.6968210003442,189.80038152723014,567.6968210003442,199.80038152723014,1.0
7,679,564.0720613265993,195.0994316972879,559.0720613265993,190.0994316972879,569.0720613265993,200.0994316972879,1.0
7,680,563.4769574864554,196.01977318093532,558.4769574864554,191.01977318093532,568.4769574864554,201.01977318093532,1.0
7,681,563.2836141974815,197.46811253751656,558.2836141974815,192.46811253751656,568.2836141974815,202.46811253751656,1.0
7,682,564.4345457478775,198.67949061705193,559.4345457478775,193.67949061705193,569.4345457478775,203.67949061705193,1.0
7,683,564.7689167217728,198.89453715718045,559.7689167217728,193.89453715718045,569.7689167217728,203.89453715718045,1.0
7,684,564.4373306035491,198.08061784703602,559.4373306035491,193.08061784703602,569.4373306035491,203.08061784703602,1.0
7,685,563.2651469061581,197.11686809860902,558.2651469061581,192.11686809860902,568.2651469061581,202.11686809860902,1.0
7,686,563.2442977860765,195.9091447683902,558.2442977860765,190.9091447683902,568.2442977860765,200.9091447683902,1.0
7,687,564.9586824143125,194.8768514428889,559.9586824143125,189.8768514428889,569.9586824143125,199.8768514428889,1.0
7,688,566.7091818020273,194.87624196031186,561.7091818020273,189.87624196031186,571.7091818020273,199.87624196031186,1.0
7,689,569.1352338183437,194.44846600970035,564.1352338183437,189.44846600970035,574.1352338183437,199.44846600970035,1.0
7,690,570.8152305769266,194.75407495775082,565.8152305769266,189.75407495775082,575.8152305769266,199.75407495775082,1.0
7,691,571.6177413408628,194.83777651355157,566.6177413408628,189.83777651355157,576.6177413408628,199.83777651355157,1.0
7,692,572.9362067072489,195.22081211600664,567.9362067072489,190.22081211600664,577.9362067072489,200.22081211600664,1.0
7,693,574.0342167335975,194.10698295108833,569.0342167335975,189.10698295108833,579.0342167335975,199.10698295108833,1.0
7,694,574.7128077738274,194.07379133941214,569.7128077738274,189.07379133941214,579.7128077738274,199.07379133941214,1.0
7,695,575.4701240029125,194.50772747070243,570.4701240029125,189.50772747070243,580.4701240029125,199.50772747070243,1.0
7,696,577.1584638046846,194.27178922751662,572.1584638046846,189.27178922751662,582.1584638046846,199.27178922751662,1.0
7,697,577.0675485332442,194.33335393431065,572.0675485332442,189.33335393431065,582.0675485332442,199.33335393431065,1.0
7,698,577.0955045142125,194.17767108114174,572.0955045142125,189.17767108114174,582.0955045142125,199.17767108114174,1.0
7,699,577.6294731191092,194.52828238334277,572.6294731191092,189.52828238334277,582.6294731191092,199.52828238334277,1.0
7,700,577.5345796228528,195.67506356535722,572.5345796228528,190.67506356535722,582.5345796228528,200.67506356535722,1.0
7,701,578.1659337623101,197.29103216807937,573.1659337623101,192.29103216807937,583.1659337623101,202.29103216807937,1.0
7,702,579.0113985801576,197.7771824467965,574.0113985801576,192.7771824467965,584.0113985801576,202.7771824467965,1.0
7,703,578.6886352850061,198.1347569087546,573.6886352850061,193.1347569087546,583.6886352850061,203.1347569087546,1.0
7,704,578.5520923915798,197.5072637619607,573.5520923915798,192.5072637619607,583.5520923915798,202.5072637619607,1.0
7,705,578.6387406921676,196.86143668444632,573.6387406921676,191.86143668444632,583.6387406921676,201.86143668444632,1.0
7,706,580.3152645986212,197.0913807786132,575.3152645986212,192.0913807786132,585.3152645986212,202.0913807786132,1.0
7,707,582.1292128325932,197.90264325124608,577.1292128325932,192.90264325124608,587.1292128325932,202.90264325124608,1.0
7,708,583.5402700655826,199.14387281676028,578.5402700655826,194.14387281676028,588.5402700655826,204.14387281676028,1.0
7,709,584.2983394759906,200.1595126327166,579.2983394759906,195.1595126327166,589.2983394759906,205.1595126327166,1.0
7,710,584.2720106511563,200.92228108402145,579.2720106511563,195.92228108402145,589.2720106511563,205.92228108402145,1.0
7,711,584.198875807527,201.12077323499543,579.198875807527,196.12077323499543,589.198875807527,206.12077323499543,1.0
7,712,584.1868129295351,200.5506706841348,579.1868129295351,195.5506706841348,589.1868129295351,205.5506706841348,1.0
7,713,585.2386056485093,199.98145113873784,580.2386056485093,194.98145113873784,590.2386056485093,204.98145113873784,1.0
7,714,585.7810810085948,199.2776055950111,580.7810810085948,194.2776055950111,590.7810810085948,204.2776055950111,1.0
7,715,585.6135850471532,198.75333073870394,580.6135850471532,193.75333073870394,590.6135850471532,203.75333073870394,1.0
7,716,586.0114635160332,198.64283372577142,581.0114635160332,193.64283372577142,591.0114635160332,203.64283372577142,1.0
7,717,586.4799426285217,198.4056572291309,581.4799426285217,193.4056572291309,591.4799426285217,203.4056572291309,1.0
7,718,587.2415919013883,197.80879665383492,582.2415919013883,192.80879665383492,592.2415919013883,202.80879665383492,1.0
7,719,588.2781174354011,197.23970450073713,583.2781174354011,192.23970450073713,593.2781174354011,202.23970450073713,1.0
7,720,588.2585728261862,197.22135035990988,583.2585728261862,192.22135035990988,593.2585728261862,202.22135035990988,1.0
7,721,587.7173686157686,195.8362542721439,582.7173686157686,190.8362542721439,592.7173686157686,200.8362542721439,1.0
7,722,587.8239488354109,194.88701802311556,582.8239488354109,189.88701802311556,592.8239488354109,199.88701802311556,1.0
7,723,587.7613739948716,193.16324117116523,582.7613739948716,188.16324117116523,592.7613739948716,198.16324117116523,1.0
7,724,587.0743484156798,191.86429853475374,582.0743484156798,186.86429853475374,592.0743484156798,196.86429853475374,1.0
7,725,586.5976917081729,191.6495833705996,581.5976917081729,186.6495833705996,591.5976917081729,196.6495833705996,1.0
7,726,586.2628231648362,191.78523164317593,581.2628231648362,186.78523164317593,591.2628231648362,196.78523164317593,1.0
7,727,584.8269797462216,191.41666844837772,579.8269797462216,186.41666844837772,589.8269797462216,196.41666844837772,1.0
7,728,583.9224942456283,190.93071565850025,578.9224942456283,185.93071565850025,588.9224942456283,195.93071565850025,1.0
7,729,584.499946825424,190.39748308432274,579.499946825424,185.39748308432274,589.499946825424,195.39748308432274,1.0
7,730,585.6380796321189,190.28243163713324,580.6380796321189,185.28243163713324,590.6380796321189,195.28243163713324,1.0
7,731,587.0780677420755,189.9559551205423,582.0780677420755,184.9559551205423,592.0780677420755,194.9559551205423,1.0
7,732,587.741713250255,189.5718168513464,582.741713250255,184.5718168513464,592.741713250255,194.5718168513464,1.0
7,733,587.239218201451,189.07175325747806,582.239218201451,184.07175325747806,592.239218201451,194.07175325747806,1.0
7,734,588.0080101764515,188.9853446827792,583.0080101764515,183.9853446827792,593.0080101764515,193.9853446827792,1.0
7,735,588.2123616378442,188.51127194427787,583.2123616378442,183.51127194427787,593.2123616378442,193.51127194427787,1.0
7,736,588.1486375260484,188.09842968802224,583.1486375260484,183.09842968802224,593.1486375260484,193.09842968802224,1.0
7,737,588.0231438029263,187.19756946221972,583.0231438029263,182.19756946221972,593.0231438029263,192.19756946221972,1.0
7,738,587.0791012406729,185.80407328997677,582.0791012406729,180.80407328997677,592.0791012406729,190.80407328997677,1.0
7,739,586.6925706434372,185.72596318373994,581.6925706434372,180.72596318373994,591.6925706434372,190.72596318373994,1.0
7,740,584.6007655482856,184.82859566561325,579.6007655482856,179.82859566561325,589.6007655482856,189.82859566561325,1.0
7,741,583.1403047380677,183.97428523925532,578.1403047380677,178.97428523925532,588.1403047380677,188.97428523925532,1.0
7,742,581.2598802222714,182.6446223311435,576.2598802222714,177.6446223311435,586.2598802222714,187.6446223311435,1.0
7,743,579.9680950942636,182.49762622459477,574.9680950942636,177.49762622459477,584.9680950942636,187.49762622459477,1.0
7,744,579.5010814476892,181.94847845440663,574.5010814476892,176.94847845440663,584.5010814476892,186.94847845440663,1.0
7,745,579.9019010184224,181.89830771329858,574.9019010184224,176.89830771329858,584.9019010184224,186.89830771329858,1.0
7,746,580.0727652730909,181.37545050323106,575.0727652730909,176.37545050323106,585.0727652730909,186.37545050323106,1.0
7,747,579.819281427858,181.36998610838637,574.819281427858,176.36998610838637,584.819281427858,186.36998610838637,1.0
7,748,579.6682339427806,182.6740058169535,574.6682339427806,177.6740058169535,584.6682339427806,187.6740058169535,1.0
7,749,580.4662790825256,184.95297368128408,575.4662790825256,179.95297368128408,585.4662790825256,189.95297368128408,1.0
7,750,580.8809359943101,186.01295511129774,575.8809359943101,181.01295511129774,585.8809359943101,191.01295511129774,1.0
7,751,581.016985873998,186.72047245665883,576.016985873998,181.72047245665883,586.016985873998,191.72047245665883,1.0
7,752,581.2313824993021,186.75177448984493,576.2313824993021,181.75177448984493,586.2313824993021,191.75177448984493,1.0
7,753,580.8769461625743,186.36293494466256,575.8769461625743,181.36293494466256,585.8769461625743,191.36293494466256,1.0
7,754,581.1756669910403,185.5767808603302,576.1756669910403,180.5767808603302,586.1756669910403,190.5767808603302,1.0
7,755,582.0232687599805,184.97702931692726,577.0232687599805,179.97702931692726,587.0232687599805,189.97702931692726,1.0
7,756,581.9900680386078,185.49718755440307,576.9900680386078,180.49718755440307,586.9900680386078,190.49718755440307,1.0
7,757,581.6748511054576,185.96156144555914,576.6748511054576,180.96156144555914,586.6748511054576,190.96156144555914,1.0
7,758,581.0726306528446,186.0145424978503,576.0726306528446,181.0145424978503,586.0726306528446,191.0145424978503,1.0
7,759,580.866812103877,187.1768396202206,575.866812103877,182.1768396202206,585.866812103877,192.1768396202206,1.0
7,760,580.3909698564289,188.3775449400037,575.3909698564289,183.3775449400037,585.3909698564289,193.3775449400037,1.0
7,761,579.413814402894,188.0424640846653,574.413814402894,183.0424640846653,584.413814402894,193.0424640846653,1.0
7,762,578.9356829715018,187.14826846116682,573.9356829715018,182.14826846116682,583.9356829715018,192.14826846116682,1.0
7,763,578.4956352966072,187.16369681486273,573.4956352966072,182.16369681486273,583.4956352966072,192.16369681486273,1.0
7,764,577.9297057925579,186.53297140886397,572.9297057925579,181.53297140886397,582.9297057925579,191.53297140886397,1.0
7,765,578.1931418623788,187.34307109430276,573.1931418623788,182.34307109430276,583.1931418623788,192.34307109430276,1.0
7,766,578.5484091250901,187.32613317655338,573.5484091250901,182.32613317655338,583.5484091250901,192.32613317655338,1.0
7,767,579.3355840604803,187.60053304427572,574.3355840604803,182.60053304427572,584.3355840604803,192.60053304427572,1.0
7,768,579.7547704866951,188.32815029873746,574.7547704866951,183.32815029873746,584.7547704866951,193.32815029873746,1.0
7,769,580.9993084812265,187.79698799783253,575.9993084812265,182.79698799783253,585.9993084812265,192.79698799783253,1.0
7,770,581.8429527272286,187.64629881074453,576.8429527272286,182.64629881074453,586.8429527272286,192.64629881074453,1.0
7,771,582.9341601718004,188.0329736370191,577.9341601718004,183.0329736370191,587.9341601718004,193.0329736370191,1.0
7,772,583.9383318691373,188.2409239356861,578.9383318691373,183.2409239356861,588.9383318691373,193.2409239356861,1.0
7,773,584.31390646078,189.12981539499918,579.31390646078,184.12981539499918,589.31390646078,194.12981539499918,1.0
7,774,584.168241828416,190.08779478504118,579.168241828416,185.08779478504118,589.168241828416,195.08779478504118,1.0
7,775,584.3459703997273,189.97832014236798,579.3459703997273,184.97832014236798,589.3459703997273,194.97832014236798,1.0
7,776,584.6188453188365,189.82305143509646,579.6188453188365,184.82305143509646,589.6188453188365,194.82305143509646,1.0
7,777,585.0336507364678,188.44786053483404,580.0336507364678,183.44786053483404,590.0336507364678,193.44786053483404,1.0
7,778,585.1130578559427,186.21050843128145,580.1130578559427,181.21050843128145,590.1130578559427,191.21050843128145,1.0
7,779,584.7544371839759,184.49501790119254,579.7544371839759,179.49501790119254,589.7544371839759,189.49501790119254,1.0
7,780,584.7151584962335,184.45405316201482,579.7151584962335,179.45405316201482,589.7151584962335,189.45405316201482,1.0
7,781,584.2876243675112,184.2765418642594,579.2876243675112,179.2765418642594,589.2876243675112,189.2765418642594,1.0
7,782,582.9558976413197,183.23191483588414,577.9558976413197,178.23191483588414,587.9558976413197,188.23191483588414,1.0
7,783,580.8012992218638,184.0938662504683,575.8012992218638,179.0938662504683,585.8012992218638,189.0938662504683,1.0
7,784,579.2751796034665,184.15650559149083,574.2751796034665,179.15650559149083,584.2751796034665,189.15650559149083,1.0
7,785,578.6908724694824,183.82134764428858,573.6908724694824,178.82134764428858,583.6908724694824,188.82134764428858,1.0
7,786,578.1701178843495,183.1385586940123,573.1701178843495,178.1385586940123,583.1701178843495,188.1385586940123,1.0
7,787,579.1758288145319,182.6581879397468,574.1758288145319,177.6581879397468,584.1758288145319,187.6581879397468,1.0
7,788,579.0436737581119,182.55102001610544,574.0436737581119,177.55102001610544,584.0436737581119,187.55102001610544,1.0
7,789,578.4179518954205,183.13578457207595,573.4179518954205,178.13578457207595,583.4179518954205,188.13578457207595,1.0
7,790,577.5971454526515,182.96501891898674,572.5971454526515,177.96501891898674,582.5971454526515,187.96501891898674,1.0
7,791,577.6783827135483,182.67901558385302,572.6783827135483,177.67901558385302,582.6783827135483,187.67901558385302,1.0
7,792,577.3284999003555,183.27058009839706,572.3284999003555,178.27058009839706,582.3284999003555,188.27058009839706,1.0
7,793,576.6152697300762,182.74813470494854,571.6152697300762,177.74813470494854,581.6152697300762,187.74813470494854,1.0
7,794,578.0413631087614,182.50968788896768,573.0413631087614,177.50968788896768,583.0413631087614,187.50968788896768,1.0
7,795,578.8047638442414,182.47285109875236,573.8047638442414,177.47285109875236,583.8047638442414,187.47285109875236,1.0
7,796,578.1006314218807,182.32858033201836,573.1006314218807,177.32858033201836,583.1006314218807,187.32858033201836,1.0
7,797,577.032414088013,182.0757655417366,572.032414088013,177.0757655417366,582.032414088013,187.0757655417366,1.0
7,798,576.3033511864029,182.14635613541347,571.3033511864029,177.14635613541347,581.3033511864029,187.14635613541347,1.0
7,799,575.2926643608037,182.84443091985895,570.2926643608037,177.84443091985895,580.2926643608037,187.84443091985895,1.0
7,800,574.9364227223982,183.65624546476457,569.9364227223982,178.65624546476457,579.9364227223982,188.65624546476457,1.0
7,801,574.7560524062155,184.9489036282506,569.7560524062155,179.9489036282506,579.7560524062155,189.9489036282506,1.0
7,802,574.4781936962131,185.18112247963992,569.4781936962131,180.18112247963992,579.4781936962131,190.18112247963992,1.0
7,803,575.031468524545,184.76969358213748,570.031468524545,179.76969358213748,580.031468524545,189.76969358213748,1.0
7,804,574.5549945402682,184.4292237444027,569.5549945402682,179.4292237444027,579.5549945402682,189.4292237444027,1.0
7,805,573.5770105775267,183.35929159238688,568.5770105775267,178.35929159238688,578.5770105775267,188.35929159238688,1.0
7,806,573.2308005836082,182.00903002798722,568.2308005836082,177.00903002798722,578.2308005836082,187.00903002798722,1.0
7,807,573.8033941631271,182.04345688427887,568.8033941631271,177.04345688427887,578.8033941631271,187.04345688427887,1.0
7,808,574.1940172737942,182.05366701919206,569.1940172737942,177.05366701919206,579.1940172737942,187.05366701919206,1.0
7,809,575.3786064646945,181.5865248968126,570.3786064646945,176.5865248968126,580.3786064646945,186.5865248968126,1.0
7,810,576.3005914143675,181.2049203219072,571.3005914143675,176.2049203219072,581.3005914143675,186.2049203219072,1.0
7,811,577.589376224307,180.52543756572288,572.589376224307,175.52543756572288,582.589376224307,185.52543756572288,1.0
7,812,577.6477290018887,180.12791917795062,572.6477290018887,175.12791917795062,582.6477290018887,185.12791917795062,1.0
7,813,577.7978583184316,179.50936631711858,572.7978583184316,174.50936631711858,582.7978583184316,184.50936631711858,1.0
7,814,577.143443195478,178.69393358818445,572.143443195478,173.69393358818445,582.143443195478,183.69393358818445,1.0
7,815,576.9185114115322,177.5866679077503,571.9185114115322,172.5866679077503,581.9185114115322,182.5866679077503,1.0
7,816,576.3720811651153,176.61591142582358,571.3720811651153,171.61591142582358,581.3720811651153,181.61591142582358,1.0
7,817,576.4575671707938,175.925472343355,571.4575671707938,170.925472343355,581.4575671707938,180.925472343355,1.0
7,818,576.2997427101175,175.5940267492408,571.2997427101175,170.5940267492408,581.2997427101175,180.5940267492408,1.0
7,819,576.8061157552823,175.9345929047857,571.8061157552823,170.9345929047857,581.8061157552823,180.9345929047857,1.0
7,820,576.4266801734108,177.28313033319364,571.4266801734108,172.28313033319364,581.4266801734108,182.28313033319364,1.0
7,821,575.5566908334316,178.2104220413522,570.5566908334316,173.2104220413522,580.5566908334316,183.2104220413522,1.0
7,822,574.6457391627323,178.1011680571443,569.6457391627323,173.1011680571443,579.6457391627323,183.1011680571443,1.0
7,823,574.4859254295253,178.24160652631343,569.4859254295253,173.24160652631343,579.4859254295253,183.24160652631343,1.0
7,824,573.7035955219486,178.64689172157773,568.7035955219486,173.64689172157773,578.7035955219486,183.64689172157773,1.0
7,825,572.8666884795429,179.18573796547025,567.8666884795429,174.18573796547025,577.8666884795429,184.18573796547025,1.0
7,826,571.7678050657468,179.73343561350728,566.7678050657468,174.73343561350728,576.7678050657468,184.73343561350728,1.0
7,827,571.0340195524522,179.57198783221244,566.0340195524522,174.57198783221244,576.0340195524522,184.57198783221244,1.0
7,828,571.3490598720537,179.8348059662076,566.3490598720537,174.8348059662076,576.3490598720537,184.8348059662076,1.0
7,829,570.7862989207146,179.95148804875126,565.7862989207146,174.95148804875126,575.7862989207146,184.95148804875126,1.0
7,830,570.9176287400553,179.51892620819487,565.9176287400553,174.51892620819487,575.9176287400553,184.51892620819487,1.0
7,831,571.98371403932,179.54460417365684,566.98371403932,174.54460417365684,576.98371403932,184.54460417365684,1.0
7,832,573.0538319548142,180.22383592719177,568.0538319548142,175.22383592719177,578.0538319548142,185.22383592719177,1.0
7,833,573.1361705223949,181.3066348517448,568.1361705223949,176.3066348517448,578.1361705223949,186.3066348517448,1.0
7,834,573.4279236566798,182.34898987053913,568.4279236566798,177.34898987053913,578.4279236566798,187.34898987053913,1.0
7,835,573.1994890783309,183.00236586170635,568.1994890783309,178.00236586170635,578.1994890783309,188.00236586170635,1.0
7,836,573.8312250017619,183.3611354604345,568.8312250017619,178.3611354604345,578.8312250017619,188.3611354604345,1.0
7,837,573.9809105113186,184.42751112281636,568.9809105113186,179.42751112281636,578.9809105113186,189.42751112281636,1.0
7,838,573.7550313066113,185.43315700802862,568.7550313066113,180.43315700802862,578.7550313066113,190.43315700802862,1.0
7,839,573.4979252251138,185.14783507601197,568.4979252251138,180.14783507601197,578.4979252251138,190.14783507601197,1.0
7,840,573.2046348435463,184.74367966890662,568.2046348435463,179.74367966890662,578.2046348435463,189.74367966890662,1.0
7,841,572.4426803800776,184.7530194249686,567.4426803800776,179.7530194249686,577.4426803800776,189.7530194249686,1.0
7,842,572.3933062180652,185.20540898805623,567.3933062180652,180.20540898805623,577.3933062180652,190.20540898805623,1.0
7,843,572.9208927706906,185.89691375202165,567.9208927706906,180.89691375202165,577.9208927706906,190.89691375202165,1.0
7,844,573.0892996922964,185.5791368646221,568.0892996922964,180.5791368646221,578.0892996922964,190.5791368646221,1.0
7,845,572.270569293047,184.69683729923528,567.270569293047,179.69683729923528,577.270569293047,189.69683729923528,1.0
7,846,572.1323853922983,184.51372758476248,567.1323853922983,179.51372758476248,577.1323853922983,189.51372758476248,1.0
7,847,571.6622233828332,184.2976693757095,566.6622233828332,179.2976693757095,576.6622233828332,189.2976693757095,1.0
7,848,572.5317071608666,184.74984022716959,567.5317071608666,179.74984022716959,577.5317071608666,189.74984022716959,1.0
7,849,572.5190214045391,185.316372895374,567.5190214045391,180.316372895374,577.5190214045391,190.316372895374,1.0
7,850,572.799570881091,185.83533689740446,567.799570881091,180.83533689740446,577.799570881091,190.83533689740446,1.0
7,851,573.8468049011772,186.1936206715231,568.8468049011772,181.1936206715231,578.8468049011772,191.1936206715231,1.0
7,852,573.635415669963,186.44900900476188,568.635415669963,181.44900900476188,578.635415669963,191.44900900476188,1.0
7,853,574.2267069206081,184.82375209544315,569.2267069206081,179.82375209544315,579.2267069206081,189.82375209544315,1.0
7,854,574.6302492234589,185.09049002373328,569.6302492234589,180.09049002373328,579.6302492234589,190.09049002373328,1.0
7,855,574.8759802907648,186.9033292242618,569.8759802907648,181.9033292242618,579.8759802907648,191.9033292242618,1.0
7,856,574.4491894283107,188.23812521155193,569.4491894283107,183.23812521155193,579.4491894283107,193.23812521155193,1.0
7,857,573.4772136984775,189.01358516914138,568.4772136984775,184.01358516914138,578.4772136984775,194.01358516914138,1.0
7,858,572.842448534212,190.21490503345535,567.842448534212,185.21490503345535,577.842448534212,195.21490503345535,1.0
7,859,571.9101795035976,189.55737672001564,566.9101795035976,184.55737672001564,576.9101795035976,194.55737672001564,1.0
7,860,572.1344993686378,189.69117595637294,567.1344993686378,184.69117595637294,577.1344993686378,194.69117595637294,1.0
7,861,572.8559708583157,189.98930369770062,567.8559708583157,184.98930369770062,577.8559708583157,194.98930369770062,1.0
7,862,572.8748763400977,190.54264435654255,567.8748763400977,185.54264435654255,577.8748763400977,195.54264435654255,1.0
7,863,572.6261365831598,191.03924053507473,567.6261365831598,186.03924053507473,577.6261365831598,196.03924053507473,1.0
7,864,573.2771764111017,191.33903840251187,568.2771764111017,186.33903840251187,578.2771764111017,196.33903840251187,1.0
7,865,574.4468662820664,191.57357932254018,569.4468662820664,186.57357932254018,579.4468662820664,196.57357932254018,1.0
7,866,575.9798743959449,191.23347002249477,570.9798743959449,186.23347002249477,580.9798743959449,196.23347002249477,1.0
7,867,576.9918273367091,189.82554615472245,571.9918273367091,184.82554615472245,581.9918273367091,194.82554615472245,1.0
7,868,578.2866656623672,189.6431928962038,573.2866656623672,184.6431928962038,583.2866656623672,194.6431928962038,1.0
7,869,579.3033435481364,190.08252377574024,574.3033435481364,185.08252377574024,584.3033435481364,195.08252377574024,1.0
7,870,579.8184838597322,191.01596093024506,574.8184838597322,186.01596093024506,584.8184838597322,196.01596093024506,1.0
7,871,579.5152232798401,192.20594871626764,574.5152232798401,187.20594871626764,584.5152232798401,197.20594871626764,1.0
7,872,580.3785256583265,191.88455656855467,575.3785256583265,186.88455656855467,585.3785256583265,196.88455656855467,1.0
7,873,580.9115955772813,191.82200895142057,575.9115955772813,186.82200895142057,585.9115955772813,196.82200895142057,1.0
7,874,580.9019607339085,192.27201603446582,575.9019607339085,187.27201603446582,585.9019607339085,197.27201603446582,1.0
7,875,580.5865472929748,193.6320440946821,575.5865472929748,188.6320440946821,585.5865472929748,198.6320440946821,1.0
7,876,581.7492492970258,193.5010155426181,576.7492492970258,188.5010155426181,586.7492492970258,198.5010155426181,1.0
7,877,582.5204531295897,193.43816404094449,577.5204531295897,188.43816404094449,587.5204531295897,198.43816404094449,1.0
7,878,582.9966300877438,194.24946846370318,577.9966300877438,189.24946846370318,587.9966300877438,199.24946846370318,1.0
7,879,584.4422433940111,195.9611513364021,579.4422433940111,190.9611513364021,589.4422433940111,200.9611513364021,1.0
7,880,586.5487904626607,196.9341398422594,581.5487904626607,191.9341398422594,591.5487904626607,201.9341398422594,1.0
7,881,587.7600863178337,198.4142654141418,582.7600863178337,193.4142654141418,592.7600863178337,203.4142654141418,1.0
7,882,588.6370912740052,198.8692461453391,583.6370912740052,193.8692461453391,593.6370912740052,203.8692461453391,1.0
7,883,589.9154416953695,199.2220207654059,584.9154416953695,194.2220207654059,594.9154416953695,204.2220207654059,1.0
7,884,589.7677321564099,199.8440331107273,584.7677321564099,194.8440331107273,594.7677321564099,204.8440331107273,1.0
7,885,590.0152502730119,200.40042816242044,585.0152502730119,195.40042816242044,595.0152502730119,205.40042816242044,1.0
7,886,591.0911712217794,201.33191703111362,586.0911712217794,196.33191703111362,596.0911712217794,206.33191703111362,1.0
7,887,592.6092294974326,201.144109635899,587.6092294974326,196.144109635899,597.6092294974326,206.144109635899,1.0
7,888,593.447984581606,200.95900386622918,588.447984581606,195.95900386622918,598.447984581606,205.95900386622918,1.0
7,889,593.7654105079333,200.64577414955212,588.7654105079333,195.64577414955212,598.7654105079333,205.64577414955212,1.0
7,890,593.7495657382239,201.0259528736442,588.7495657382239,196.0259528736442,598.7495657382239,206.0259528736442,1.0
7,891,593.1917252214076,201.01107670769744,588.1917252214076,196.01107670769744,598.1917252214076,206.01107670769744,1.0
7,892,594.0480313099483,201.2274914913882,589.0480313099483,196.2274914913882,599.0480313099483,206.2274914913882,1.0
7,893,594.3845730459516,201.13441051542281,589.3845730459516,196.13441051542281,599.3845730459516,206.13441051542281,1.0
7,894,594.5206609145014,201.26714431049442,589.5206609145014,196.26714431049442,599.5206609145014,206.26714431049442,1.0
7,895,595.0551823414454,201.79977232376615,590.0551823414454,196.79977232376615,600.0551823414454,206.79977232376615,1.0
7,896,595.9667673262061,201.23944415322106,590.9667673262061,196.23944415322106,600.9667673262061,206.23944415322106,1.0
7,897,596.7198886469132,199.34786000551307,591.7198886469132,194.34786000551307,601.7198886469132,204.34786000551307,1.0
7,898,597.1537486182436,198.28741738794736,592.1537486182436,193.28741738794736,602.1537486182436,203.28741738794736,1.0
7,899,597.3701024392037,197.98664418270457,592.3701024392037,192.98664418270457,602.3701024392037,202.98664418270457,1.0
7,900,597.4390239594328,198.68715384006526,592.4390239594328,193.68715384006526,602.4390239594328,203.68715384006526,1.0
7,901,598.1450875952511,199.00180172431828,593.1450875952511,194.00180172431828,603.1450875952511,204.00180172431828,1.0
7,902,599.1528773641746,198.3315698010113,594.1528773641746,193.3315698010113,604.1528773641746,203.3315698010113,1.0
7,903,599.0027297273663,197.47970458503283,594.0027297273663,192.47970458503283,604.0027297273663,202.47970458503283,1.0
7,904,598.6504104339961,198.26076131715752,593.6504104339961,193.26076131715752,603.6504104339961,203.26076131715752,1.0
7,905,598.4401783254522,198.08128960723045,593.4401783254522,193.08128960723045,603.4401783254522,203.08128960723045,1.0
7,906,596.6238077675532,196.58743712241,591.6238077675532,191.58743712241,601.6238077675532,201.58743712241,1.0
7,907,595.3249299728615,196.02619639951234,590.3249299728615,191.02619639951234,600.3249299728615,201.02619639951234,1.0
7,908,594.2700980096016,195.00347388517685,589.2700980096016,190.00347388517685,599.2700980096016,200.00347388517685,1.0
7,909,593.9269414627735,193.98493481588466,588.9269414627735,188.98493481588466,598.9269414627735,198.98493481588466,1.0
7,910,593.3511526787411,194.458084588687,588.3511526787411,189.458084588687,598.3511526787411,199.458084588687,1.0
7,911,594.6785494467405,195.0083241677023,589.6785494467405,190.0083241677023,599.6785494467405,200.0083241677023,1.0
7,912,595.146111921858,195.41333849801805,590.146111921858,190.41333849801805,600.146111921858,200.41333849801805,1.0
7,913,594.8273780468207,197.05998964600693,589.8273780468207,192.05998964600693,599.8273780468207,202.05998964600693,1.0
7,914,593.6810507631669,197.408288223495,588.6810507631669,192.408288223495,598.6810507631669,202.408288223495,1.0
7,915,592.2858437838513,198.021643081112,587.2858437838513,193.021643081112,597.2858437838513,203.021643081112,1.0
7,916,591.9519313980614,197.96173141013986,586.9519313980614,192.96173141013986,596.9519313980614,202.96173141013986,1.0
7,917,592.0956762546598,198.04339072007429,587.0956762546598,193.04339072007429,597.0956762546598,203.04339072007429,1.0
7,918,591.7022147820893,196.7492027183099,586.7022147820893,191.7492027183099,596.7022147820893,201.7492027183099,1.0
7,919,591.2240032366598,194.78361105990047,586.2240032366598,189.78361105990047,596.2240032366598,199.78361105990047,1.0
7,920,590.7121993632377,193.40206410079202,585.7121993632377,188.40206410079202,595.7121993632377,198.40206410079202,1.0
7,921,591.1963657659343,191.97737592369458,586.1963657659343,186.97737592369458,596.1963657659343,196.97737592369458,1.0
7,922,591.86555180182,191.34376880674375,586.86555180182,186.34376880674375,596.86555180182,196.34376880674375,1.0
7,923,591.0510309526794,189.82321617212892,586.0510309526794,184.82321617212892,596.0510309526794,194.82321617212892,1.0
7,924,590.2663149933418,188.31743670744237,585.2663149933418,183.31743670744237,595.2663149933418,193.31743670744237,1.0
7,925,589.9168266513418,187.5783276145493,584.9168266513418,182.5783276145493,594.9168266513418,192.5783276145493,1.0
7,926,589.2228700079131,187.26605536431524,584.2228700079131,182.26605536431524,594.2228700079131,192.26605536431524,1.0
7,927,589.8316151124459,186.42099037424782,584.8316151124459,181.42099037424782,594.8316151124459,191.42099037424782,1.0
7,928,589.3208180499826,185.44637526044016,584.3208180499826,180.44637526044016,594.3208180499826,190.44637526044016,1.0
7,929,588.5319476876442,185.62547464794983,583.5319476876442,180.62547464794983,593.5319476876442,190.62547464794983,1.0
7,930,587.0166294310333,185.54990641618906,582.0166294310333,180.54990641618906,592.0166294310333,190.54990641618906,1.0
7,931,585.5984420663865,186.3835669721563,580.5984420663865,181.3835669721563,590.5984420663865,191.3835669721563,1.0
7,932,584.971810399521,185.8041394131042,579.971810399521,180.8041394131042,589.971810399521,190.8041394131042,1.0
7,933,584.4348099157776,185.97471319558431,579.4348099157776,180.97471319558431,589.4348099157776,190.97471319558431,1.0
7,934,584.3950177782294,185.669605497865,579.3950177782294,180.669605497865,589.3950177782294,190.669605497865,1.0
7,935,584.1749702511736,185.9850098916564,579.1749702511736,180.9850098916564,589.1749702511736,190.9850098916564,1.0
7,936,583.8419216295335,185.03786772658722,578.8419216295335,180.03786772658722,588.8419216295335,190.03786772658722,1.0
7,937,583.3677312544802,184.41664937257855,578.3677312544802,179.41664937257855,588.3677312544802,189.41664937257855,1.0
7,938,582.8810717822697,183.82128998316955,577.8810717822697,178.82128998316955,587.8810717822697,188.82128998316955,1.0
7,939,581.3903116421898,183.8514546432745,576.3903116421898,178.8514546432745,586.3903116421898,188.8514546432745,1.0
7,940,579.7604931789142,184.2094354707912,574.7604931789142,179.2094354707912,584.7604931789142,189.2094354707912,1.0
7,941,578.6895732391375,185.31804193968662,573.6895732391375,180.31804193968662,583.6895732391375,190.31804193968662,1.0
7,942,578.1003109375852,185.95233642678312,573.1003109375852,180.95233642678312,583.1003109375852,190.95233642678312,1.0
7,943,578.2543344587485,185.4916031440239,573.2543344587485,180.4916031440239,583.2543344587485,190.4916031440239,1.0
7,944,578.0597008956203,185.05688818487616,573.0597008956203,180.05688818487616,583.0597008956203,190.05688818487616,1.0
7,945,577.8173889808315,184.72271156941696,572.8173889808315,179.72271156941696,582.8173889808315,189.72271156941696,1.0
7,946,577.6122077105206,184.33709822887045,572.6122077105206,179.33709822887045,582.6122077105206,189.33709822887045,1.0
7,947,576.7280512291121,183.53111474687478,571.7280512291121,178.53111474687478,581.7280512291121,188.53111474687478,1.0
7,948,576.2171064647737,182.60536375493564,571.2171064647737,177.60536375493564,581.2171064647737,187.60536375493564,1.0
7,949,575.6598188863077,182.87536258368294,570.6598188863077,177.87536258368294,580.6598188863077,187.87536258368294,1.0
7,950,575.0950298632935,183.55854726170494,570.0950298632935,178.55854726170494,580.0950298632935,188.55854726170494,1.0
7,951,574.6260002448671,183.59130290514054,569.6260002448671,178.59130290514054,579.6260002448671,188.59130290514054,1.0
7,952,573.8557524838989,182.79768564716326,568.8557524838989,177.79768564716326,578.8557524838989,187.79768564716326,1.0
7,953,573.5544571322731,182.9596659658432,568.5544571322731,177.9596659658432,578.5544571322731,187.9596659658432,1.0
7,954,572.8263707574638,183.14239676008071,567.8263707574638,178.14239676008071,577.8263707574638,188.14239676008071,1.0
7,955,572.414770668163,184.17483216870613,567.414770668163,179.17483216870613,577.414770668163,189.17483216870613,1.0
7,956,572.1220572080638,185.57502911500978,567.1220572080638,180.57502911500978,577.1220572080638,190.57502911500978,1.0
7,957,572.3039295331048,187.59503860899008,567.3039295331048,182.59503860899008,577.3039295331048,192.59503860899008,1.0
7,958,572.7402937515478,188.2240277151535,567.7402937515478,183.2240277151535,577.7402937515478,193.2240277151535,1.0
7,959,572.8731678445603,188.3712184391278,567.8731678445603,183.3712184391278,577.8731678445603,193.3712184391278,1.0
7,960,573.1484746470236,188.07086750078918,568.1484746470236,183.07086750078918,578.1484746470236,193.07086750078918,1.0
7,961,573.1356357983458,187.03836827393164,568.1356357983458,182.03836827393164,578.1356357983458,192.03836827393164,1.0
7,962,574.4081489320769,186.92223647950874,569.4081489320769,181.92223647950874,579.4081489320769,191.92223647950874,1.0
7,963,575.3803856108623,187.52658734039136,570.3803856108623,182.52658734039136,580.3803856108623,192.52658734039136,1.0
7,964,576.073481066739,188.4674931810891,571.073481066739,183.4674931810891,581.073481066739,193.4674931810891,1.0
7,965,576.5478586368895,188.7194080043058,571.5478586368895,183.7194080043058,581.5478586368895,193.7194080043058,1.0
7,966,577.173013210775,188.60623652302237,572.173013210775,183.60623652302237,582.173013210775,193.60623652302237,1.0
7,967,577.4774393533518,187.95344758989532,572.4774393533518,182.95344758989532,582.4774393533518,192.95344758989532,1.0
7,968,578.4072495007246,189.52418540357533,573.4072495007246,184.52418540357533,583.4072495007246,194.52418540357533,1.0
7,969,579.2772351842361,191.0596415057317,574.2772351842361,186.0596415057317,584.2772351842361,196.0596415057317,1.0
7,970,580.4272652535981,191.17241250228287,575.4272652535981,186.17241250228287,585.4272652535981,196.17241250228287,1.0
7,971,581.2489458278457,191.76797947942254,576.2489458278457,186.76797947942254,586.2489458278457,196.76797947942254,1.0
7,972,582.1541141110358,192.49355924734888,577.1541141110358,187.49355924734888,587.1541141110358,197.49355924734888,1.0
7,973,582.1294060511436,191.96830884222166,577.1294060511436,186.96830884222166,587.1294060511436,196.96830884222166,1.0
7,974,582.4752322864293,192.43592057164378,577.4752322864293,187.43592057164378,587.4752322864293,197.43592057164378,1.0
7,975,582.5720774860773,193.83689773245607,577.5720774860773,188.83689773245607,587.5720774860773,198.83689773245607,1.0
7,976,582.9941712234653,194.38143678302555,577.9941712234653,189.38143678302555,587.9941712234653,199.38143678302555,1.0
7,977,583.5062672864435,195.14475097031547,578.5062672864435,190.14475097031547,588.5062672864435,200.14475097031547,1.0
7,978,583.2931813737254,195.25651974845024,578.2931813737254,190.25651974845024,588.2931813737254,200.25651974845024,1.0
7,979,582.5162966372925,195.5419669934746,577.5162966372925,190.5419669934746,587.5162966372925,200.5419669934746,1.0
7,980,582.2509853197989,195.30648662711266,577.2509853197989,190.30648662711266,587.2509853197989,200.30648662711266,1.0
7,981,581.6606191530695,195.3813133181538,576.6606191530695,190.3813133181538,586.6606191530695,200.3813133181538,1.0
7,982,580.8601462009343,195.1708103659538,575.8601462009343,190.1708103659538,585.8601462009343,200.1708103659538,1.0
7,983,581.4416491949355,195.47513772887382,576.4416491949355,190.47513772887382,586.4416491949355,200.47513772887382,1.0
7,984,582.8179804200744,195.72932550139967,577.8179804200744,190.72932550139967,587.8179804200744,200.72932550139967,1.0
7,985,584.6222946830359,196.01041006576133,579.6222946830359,191.01041006576133,589.6222946830359,201.01041006576133,1.0
7,986,586.6704268987639,196.3890497398091,581.6704268987639,191.3890497398091,591.6704268987639,201.3890497398091,1.0
7,987,588.1460230393482,196.00165065143523,583.1460230393482,191.00165065143523,593.1460230393482,201.00165065143523,1.0
7,988,589.9161713812863,195.77816856495164,584.9161713812863,190.77816856495164,594.9161713812863,200.77816856495164,1.0
7,989,590.8601901519999,196.12210109034822,585.8601901519999,191.12210109034822,595.8601901519999,201.12210109034822,1.0
7,990,591.2683322404521,196.1040982890255,586.2683322404521,191.1040982890255,596.2683322404521,201.1040982890255,1.0
7,991,591.5549727407667,195.20275604465976,586.5549727407667,190.20275604465976,596.5549727407667,200.20275604465976,1.0
7,992,591.8656437157387,195.5308027475955,586.8656437157387,190.5308027475955,596.8656437157387,200.5308027475955,1.0
7,993,592.2154859963949,195.92584504570326,587.2154859963949,190.92584504570326,597.2154859963949,200.92584504570326,1.0
7,994,592.494001402345,196.29785706241,587.494001402345,191.29785706241,597.494001402345,201.29785706241,1.0
7,995,593.1298195198799,196.61697380547247,588.1298195198799,191.61697380547247,598.1298195198799,201.61697380547247,1.0
7,996,593.5800832609069,197.32820109501944,588.5800832609069,192.32820109501944,598.5800832609069,202.32820109501944,1.0
7,997,593.5333205070508,196.7057920463757,588.5333205070508,191.7057920463757,598.5333205070508,201.7057920463757,1.0
7,998,592.9290983929637,196.2072758293902,587.9290983929637,191.2072758293902,597.9290983929637,201.2072758293902,1.0
7,999,592.1051141333257,196.32994542762177,587.1051141333257,191.32994542762177,597.1051141333257,201.32994542762177,1.0
7,1000,590.93973988782,195.40782591941863,585.93973988782,190.40782591941863,595.93973988782,200.40782591941863,1.0
7,1001,589.6885765010568,194.77075063338586,584.6885765010568,189.77075063338586,594.6885765010568,199.77075063338586,1.0
7,1002,588.2284606223258,192.90107530243517,583.2284606223258,187.90107530243517,593.2284606223258,197.90107530243517,1.0
7,1003,586.2797557244035,191.43285157722445,581.2797557244035,186.43285157722445,591.2797557244035,196.43285157722445,1.0
7,1004,585.1601825801694,190.90130085671598,580.1601825801694,185.90130085671598,590.1601825801694,195.90130085671598,1.0
7,1005,584.9279336891664,190.06741423322165,579.9279336891664,185.06741423322165,589.9279336891664,195.06741423322165,1.0
7,1006,585.4277729599916,188.45772395289703,580.4277729599916,183.45772395289703,590.4277729599916,193.45772395289703,1.0
7,1007,585.316562544209,186.26306629074216,580.316562544209,181.26306629074216,590.316562544209,191.26306629074216,1.0
7,1008,584.6157190089885,185.02880906607297,579.6157190089885,180.02880906607297,589.6157190089885,190.02880906607297,1.0
7,1009,585.5858120301634,183.83673438756242,580.5858120301634,178.83673438756242,590.5858120301634,188.83673438756242,1.0
7,1010,586.2346853998088,183.29179855986817,581.2346853998088,178.29179855986817,591.2346853998088,188.29179855986817,1.0
7,1011,587.5294913448494,183.48113873279283,582.5294913448494,178.48113873279283,592.5294913448494,188.48113873279283,1.0
7,1012,588.5876400917169,183.30354902404616,583.5876400917169,178.30354902404616,593.5876400917169,188.30354902404616,1.0
7,1013,587.9844235512296,184.0741486525884,582.9844235512296,179.0741486525884,592.9844235512296,189.0741486525884,1.0
7,1014,587.7178508163545,184.11263071981367,582.7178508163545,179.11263071981367,592.7178508163545,189.11263071981367,1.0
7,1015,587.4907564897687,183.75102430125835,582.4907564897687,178.75102430125835,592.4907564897687,188.75102430125835,1.0
7,1016,587.8442553211557,183.69411029385083,582.8442553211557,178.69411029385083,592.8442553211557,188.69411029385083,1.0
7,1017,587.345762691458,184.13791326064478,582.345762691458,179.13791326064478,592.345762691458,189.13791326064478,1.0
7,1018,586.481884227847,184.0640553849639,581.481884227847,179.0640553849639,591.481884227847,189.0640553849639,1.0
7,1019,586.1176130806872,184.74291700042252,581.1176130806872,179.74291700042252,591.1176130806872,189.74291700042252,1.0
7,1020,584.9606124738323,184.68325965308262,579.9606124738323,179.68325965308262,589.9606124738323,189.68325965308262,1.0
7,1021,584.4196316781373,185.03439508648827,579.4196316781373,180.03439508648827,589.4196316781373,190.03439508648827,1.0
7,1022,582.9280020085381,184.21964501747968,577.9280020085381,179.21964501747968,587.9280020085381,189.21964501747968,1.0
7,1023,581.8145991786502,183.75780638848096,576.8145991786502,178.75780638848096,586.8145991786502,188.75780638848096,1.0
7,1024,579.9738927745466,182.83205261947842,574.9738927745466,177.83205261947842,584.9738927745466,187.83205261947842,1.0
7,1025,578.7424573587177,182.31587747118002,573.7424573587177,177.31587747118002,583.7424573587177,187.31587747118002,1.0
7,1026,577.8862915146674,181.86049016681915,572.8862915146674,176.86049016681915,582.8862915146674,186.86049016681915,1.0
7,1027,577.0842806284991,181.4671159508905,572.0842806284991,176.4671159508905,582.0842806284991,186.4671159508905,1.0
7,1028,576.0853695589091,180.6941806472217,571.0853695589091,175.6941806472217,581.0853695589091,185.6941806472217,1.0
7,1029,575.7495701583654,179.74276034064295,570.7495701583654,174.74276034064295,580.7495701583654,184.74276034064295,1.0
7,1030,575.6515208536961,179.104331634297,570.6515208536961,174.104331634297,580.6515208536961,184.104331634297,1.0
7,1031,575.1877027216219,178.29208103032013,570.1877027216219,173.29208103032013,580.1877027216219,183.29208103032013,1.0
7,1032,573.2016873945486,178.4562494022497,568.2016873945486,173.4562494022497,578.2016873945486,183.4562494022497,1.0
7,1033,571.6840925160952,177.93388583353646,566.6840925160952,172.93388583353646,576.6840925160952,182.93388583353646,1.0
7,1034,570.6677157402727,177.76874966094954,565.6677157402727,172.76874966094954,575.6677157402727,182.76874966094954,1.0
7,1035,570.3350131835499,178.0302239149643,565.3350131835499,173.0302239149643,575.3350131835499,183.0302239149643,1.0
7,1036,571.1464337169662,177.48158426540817,566.1464337169662,172.48158426540817,576.1464337169662,182.48158426540817,1.0
7,1037,570.9079272076233,177.70675797845362,565.9079272076233,172.70675797845362,575.9079272076233,182.70675797845362,1.0
7,1038,571.898274754653,177.97910252155032,566.898274754653,172.97910252155032,576.898274754653,182.97910252155032,1.0
7,1039,572.4927517483618,177.8156686767654,567.4927517483618,172.8156686767654,577.4927517483618,182.8156686767654,1.0
7,1040,572.3822783082412,178.80752578871045,567.3822783082412,173.80752578871045,577.3822783082412,183.80752578871045,1.0
7,1041,572.110083587169,179.69493529528683,567.110083587169,174.69493529528683,577.110083587169,184.69493529528683,1.0
7,1042,570.6276968416547,180.32008330651576,565.6276968416547,175.32008330651576,575.6276968416547,185.32008330651576,1.0
7,1043,569.4333291714987,181.01276591957594,564.4333291714987,176.01276591957594,574.4333291714987,186.01276591957594,1.0
7,1044,568.5069702230577,181.2104194704015,563.5069702230577,176.2104194704015,573.5069702230577,186.2104194704015,1.0
7,1045,567.4785817480147,180.54748582865614,562.4785817480147,175.54748582865614,572.4785817480147,185.54748582865614,1.0
7,1046,566.7234650561145,179.3020631471391,561.7234650561145,174.3020631471391,571.7234650561145,184.3020631471391,1.0
7,1047,565.6721799880632,179.04282937695865,560.6721799880632,174.04282937695865,570.6721799880632,184.04282937695865,1.0
7,1048,565.2984787682818,178.5783860334746,560.2984787682818,173.5783860334746,570.2984787682818,183.5783860334746,1.0
7,1049,565.4151690223323,177.68113264525127,560.4151690223323,172.68113264525127,570.4151690223323,182.68113264525127,1.0
7,1050,566.1114225644541,177.29071701132534,561.1114225644541,172.29071701132534,571.1114225644541,182.29071701132534,1.0
7,1051,566.5155922093057,176.8328853687289,561.5155922093057,171.8328853687289,571.5155922093057,181.8328853687289,1.0
7,1052,566.9181408829089,176.9940937771808,561.9181408829089,171.9940937771808,571.9181408829089,181.9940937771808,1.0
7,1053,566.764783284691,177.4138025003357,561.764783284691,172.4138025003357,571.764783284691,182.4138025003357,1.0
7,1054,565.3166096694571,178.00953518981123,560.3166096694571,173.00953518981123,570.3166096694571,183.00953518981123,1.0
7,1055,564.5065963856963,177.95060556640095,559.5065963856963,172.95060556640095,569.5065963856963,182.95060556640095,1.0
7,1056,563.5584955064217,178.97105858434625,558.5584955064217,173.97105858434625,568.5584955064217,183.97105858434625,1.0
7,1057,564.8059197451199,178.95684400102903,559.8059197451199,173.95684400102903,569.8059197451199,183.95684400102903,1.0
7,1058,565.6244085337867,178.93765494785637,560.6244085337867,173.93765494785637,570.6244085337867,183.93765494785637,1.0
7,1059,566.1532823686543,178.3434686885983,561.1532823686543,173.3434686885983,571.1532823686543,183.3434686885983,1.0
7,1060,567.0926337594065,177.29453470714643,562.0926337594065,172.29453470714643,572.0926337594065,182.29453470714643,1.0
7,1061,567.9668332487165,176.37290437806678,562.9668332487165,171.37290437806678,572.9668332487165,181.37290437806678,1.0
7,1062,568.9220428095832,176.89749393683778,563.9220428095832,171.89749393683778,573.9220428095832,181.89749393683778,1.0
7,1063,568.7668934487328,177.293397935978,563.7668934487328,172.293397935978,573.7668934487328,182.293397935978,1.0
7,1064,568.8885519019292,177.5374766840836,563.8885519019292,172.5374766840836,573.8885519019292,182.5374766840836,1.0
7,1065,568.1678912393818,176.05276427355045,563.1678912393818,171.05276427355045,573.1678912393818,181.05276427355045,1.0
7,1066,568.047225580457,176.22418357051515,563.047225580457,171.22418357051515,573.047225580457,181.22418357051515,1.0
7,1067,568.7719625008884,176.66519602630302,563.7719625008884,171.66519602630302,573.7719625008884,181.66519602630302,1.0
7,1068,569.2091879724989,176.89302365523372,564.2091879724989,171.89302365523372,574.2091879724989,181.89302365523372,1.0
7,1069,569.3549985216899,177.77370332991447,564.3549985216899,172.77370332991447,574.3549985216899,182.77370332991447,1.0
7,1070,568.8745227453364,178.20569816803075,563.8745227453364,173.20569816803075,573.8745227453364,183.20569816803075,1.0
7,1071,568.4257454648491,178.03895125184468,563.4257454648491,173.03895125184468,573.4257454648491,183.03895125184468,1.0
7,1072,569.0091074452532,178.1313587807571,564.0091074452532,173.1313587807571,574.0091074452532,183.1313587807571,1.0
7,1073,569.1862676196973,177.7804065759804,564.1862676196973,172.7804065759804,574.1862676196973,182.7804065759804,1.0
7,1074,568.7817963534727,177.9328884916971,563.7817963534727,172.9328884916971,573.7817963534727,182.9328884916971,1.0
7,1075,570.0118162156955,177.96845896254408,565.0118162156955,172.96845896254408,575.0118162156955,182.96845896254408,1.0
7,1076,570.8725204075109,178.75436467803905,565.8725204075109,173.75436467803905,575.8725204075109,183.75436467803905,1.0
7,1077,570.5511573921378,180.30500774272204,565.5511573921378,175.30500774272204,575.5511573921378,185.30500774272204,1.0
7,1078,570.3390563596843,180.9923084102225,565.3390563596843,175.9923084102225,575.3390563596843,185.9923084102225,1.0
7,1079,570.116946384822,181.83452112579135,565.116946384822,176.83452112579135,575.116946384822,186.83452112579135,1.0
7,1080,569.6250614302336,182.27198415521286,564.6250614302336,177.27198415521286,574.6250614302336,187.27198415521286,1.0
7,1081,569.5436743601228,182.26875995792858,564.5436743601228,177.26875995792858,574.5436743601228,187.26875995792858,1.0
7,1082,569.5306129049551,182.98675251064225,564.5306129049551,177.98675251064225,574.5306129049551,187.98675251064225,1.0
7,1083,569.398185481317,183.73679429864714,564.398185481317,178.73679429864714,574.398185481317,188.73679429864714,1.0
7,1084,570.1097041430752,185.2261528722134,565.1097041430752,180.2261528722134,575.1097041430752,190.2261528722134,1.0
7,1085,570.0947326738942,186.39162305781718,565.0947326738942,181.39162305781718,575.0947326738942,191.39162305781718,1.0
7,1086,570.3156788415655,186.06847147987006,565.3156788415655,181.06847147987006,575.3156788415655,191.06847147987006,1.0
7,1087,571.1208866375808,185.57443742507786,566.1208866375808,180.57443742507786,576.1208866375808,190.57443742507786,1.0
7,1088,571.7675648229463,184.0727562727847,566.7675648229463,179.0727562727847,576.7675648229463,189.0727562727847,1.0
7,1089,571.7118053896107,182.31407926710853,566.7118053896107,177.31407926710853,576.7118053896107,187.31407926710853,1.0
7,1090,572.1719222022875,181.16974908228948,567.1719222022875,176.16974908228948,577.1719222022875,186.16974908228948,1.0
7,1091,572.5933093509572,180.76601931129142,567.5933093509572,175.76601931129142,577.5933093509572,185.76601931129142,1.0
7,1092,571.7991603112633,180.0591528516339,566.7991603112633,175.0591528516339,576.7991603112633,185.0591528516339,1.0
7,1093,572.1256944659383,179.4849961887394,567.1256944659383,174.4849961887394,577.1256944659383,184.4849961887394,1.0
7,1094,571.571843980737,178.2302201762363,566.571843980737,173.2302201762363,576.571843980737,183.2302201762363,1.0
7,1095,571.5133811508724,177.19774139776158,566.5133811508724,172.19774139776158,576.5133811508724,182.19774139776158,1.0
7,1096,571.7997789808473,175.77878680146642,566.7997789808473,170.77878680146642,576.7997789808473,180.77878680146642,1.0
7,1097,571.4671116931089,174.03430495036292,566.4671116931089,169.03430495036292,576.4671116931089,179.03430495036292,1.0
7,1098,571.1901051919995,172.82709406426451,566.1901051919995,167.82709406426451,576.1901051919995,177.82709406426451,1.0
7,1099,572.8523317557078,172.35040384440856,567.8523317557078,167.35040384440856,577.8523317557078,177.35040384440856,1.0
7,1100,574.0943548067086,172.8581866326768,569.0943548067086,167.8581866326768,579.0943548067086,177.8581866326768,1.0
7,1101,574.6090397491602,172.55825191446056,569.6090397491602,167.55825191446056,579.6090397491602,177.55825191446056,1.0
7,1102,574.5389672035485,172.43866671455444,569.5389672035485,167.43866671455444,579.5389672035485,177.43866671455444,1.0
7,1103,574.8304189456657,172.4259626202519,569.8304189456657,167.4259626202519,579.8304189456657,177.4259626202519,1.0
7,1104,575.6094955511584,172.80596174073065,570.6094955511584,167.80596174073065,580.6094955511584,177.80596174073065,1.0
7,1105,576.6332651564936,173.11501258002374,571.6332651564936,168.11501258002374,581.6332651564936,178.11501258002374,1.0
7,1106,578.5179419925043,172.76410564872074,573.5179419925043,167.76410564872074,583.5179419925043,177.76410564872074,1.0
7,1107,580.1961905552747,171.31760710096646,575.1961905552747,166.31760710096646,585.1961905552747,176.31760710096646,1.0
7,1108,580.7802854888299,170.40305698431388,575.7802854888299,165.40305698431388,585.7802854888299,175.40305698431388,1.0
7,1109,580.8062248984268,168.86410064312705,575.8062248984268,163.86410064312705,585.8062248984268,173.86410064312705,1.0
7,1110,579.7922401745816,168.61761806860895,574.7922401745816,163.61761806860895,584.7922401745816,173.61761806860895,1.0
7,1111,579.4483493667495,167.97685291605956,574.4483493667495,162.97685291605956,584.4483493667495,172.97685291605956,1.0
7,1112,579.3464080518238,166.8053700966972,574.3464080518238,161.8053700966972,584.3464080518238,171.8053700966972,1.0
7,1113,579.3135893595964,165.72455096317037,574.3135893595964,160.72455096317037,584.3135893595964,170.72455096317037,1.0
7,1114,578.2132575917007,164.70108140846236,573.2132575917007,159.70108140846236,583.2132575917007,169.70108140846236,1.0
7,1115,577.4427992727251,163.71579849013764,572.4427992727251,158.71579849013764,582.4427992727251,168.71579849013764,1.0
7,1116,576.7558680999269,163.0870577445179,571.7558680999269,158.0870577445179,581.7558680999269,168.0870577445179,1.0
7,1117,576.6320495702887,162.1605610486925,571.6320495702887,157.1605610486925,581.6320495702887,167.1605610486925,1.0
7,1118,575.4715723161362,160.76192537528962,570.4715723161362,155.76192537528962,580.4715723161362,165.76192537528962,1.0
7,1119,573.8479641707363,159.79120356512254,568.8479641707363,154.79120356512254,578.8479641707363,164.79120356512254,1.0
7,1120,573.456936170072,159.3269181005188,568.456936170072,154.3269181005188,578.456936170072,164.3269181005188,1.0
7,1121,572.6654622301327,158.14011533284665,567.6654622301327,153.14011533284665,577.6654622301327,163.14011533284665,1.0
7,1122,572.3221436387047,157.45022357707958,567.3221436387047,152.45022357707958,577.3221436387047,162.45022357707958,1.0
7,1123,571.6619676969098,156.38771294873575,566.6619676969098,151.38771294873575,576.6619676969098,161.38771294873575,1.0
7,1124,570.5033878356452,155.32539792016638,565.5033878356452,150.32539792016638,575.5033878356452,160.32539792016638,1.0
7,1125,569.2845446450897,154.42186880505412,564.2845446450897,149.42186880505412,574.2845446450897,159.42186880505412,1.0
7,1126,568.0483588881516,153.17783419977508,563.0483588881516,148.17783419977508,573.0483588881516,158.17783419977508,1.0
7,1127,566.8092851420664,152.47442127481153,561.8092851420664,147.47442127481153,571.8092851420664,157.47442127481153,1.0
7,1128,565.6933225192013,151.17042068666223,560.6933225192013,146.17042068666223,570.6933225192013,156.17042068666223,1.0
7,1129,565.3799358839399,150.11832565168046,560.3799358839399,145.11832565168046,570.3799358839399,155.11832565168046,1.0
7,1130,564.8752954368388,149.58481654129366,559.8752954368388,144.58481654129366,569.8752954368388,154.58481654129366,1.0
7,1131,565.3276252652452,149.0130937560338,560.3276252652452,144.0130937560338,570.3276252652452,154.0130937560338,1.0
7,1132,565.1976031766593,147.6606482775824,560.1976031766593,142.6606482775824,570.1976031766593,152.6606482775824,1.0
7,1133,565.0466898609269,146.04126341194615,560.0466898609269,141.04126341194615,570.0466898609269,151.04126341194615,1.0
7,1134,565.1093981000496,145.6438563101144,560.1093981000496,140.6438563101144,570.1093981000496,150.6438563101144,1.0
7,1135,565.5641595395223,145.07163645539615,560.5641595395223,140.07163645539615,570.5641595395223,150.07163645539615,1.0
7,1136,564.5287813187927,145.10422077325234,559.5287813187927,140.10422077325234,569.5287813187927,150.10422077325234,1.0
7,1137,563.5865967695486,145.2924513627778,558.5865967695486,140.2924513627778,568.5865967695486,150.2924513627778,1.0
7,1138,562.4979107541991,144.66365505083692,557.4979107541991,139.66365505083692,567.4979107541991,149.66365505083692,1.0
7,1139,562.0679260803483,144.5577368642858,557.0679260803483,139.5577368642858,567.0679260803483,149.5577368642858,1.0
7,1140,561.6983075730666,144.15255601375293,556.6983075730666,139.15255601375293,566.6983075730666,149.15255601375293,1.0
7,1141,561.3309655896679,144.14511382369304,556.3309655896679,139.14511382369304,566.3309655896679,149.14511382369304,1.0
7,1142,561.2833520394084,144.16436023517755,556.2833520394084,139.16436023517755,566.2833520394084,149.16436023517755,1.0
7,1143,560.6609563616798,144.62935667749045,555.6609563616798,139.62935667749045,565.6609563616798,149.62935667749045,1.0
7,1144,560.4152095074678,145.46468653465035,555.4152095074678,140.46468653465035,565.4152095074678,150.46468653465035,1.0
7,1145,560.5425717135195,146.35978132600016,555.5425717135195,141.35978132600016,565.5425717135195,151.35978132600016,1.0
7,1146,560.0673749257621,147.0866853929,555.0673749257621,142.0866853929,565.0673749257621,152.0866853929,1.0
7,1147,560.7139971232211,148.2039133574979,555.7139971232211,143.2039133574979,565.7139971232211,153.2039133574979,1.0
7,1148,561.8975313426283,149.38233409644744,556.8975313426283,144.38233409644744,566.8975313426283,154.38233409644744,1.0
7,1149,563.7136642444136,150.7546534991749,558.7136642444136,145.7546534991749,568.7136642444136,155.7546534991749,1.0
7,1150,565.7291316113555,151.11072006475683,560.7291316113555,146.11072006475683,570.7291316113555,156.11072006475683,1.0
7,1151,566.4944513874632,150.97102560896388,561.4944513874632,145.97102560896388,571.4944513874632,155.97102560896388,1.0
7,1152,565.8556766425347,151.31414009345454,560.8556766425347,146.31414009345454,570.8556766425347,156.31414009345454,1.0
7,1153,565.5653401345362,151.9451986249377,560.5653401345362,146.9451986249377,570.5653401345362,156.9451986249377,1.0
7,1154,565.7902849586173,152.10095259651592,560.7902849586173,147.10095259651592,570.7902849586173,157.10095259651592,1.0
7,1155,565.9788942803473,151.26417956728056,560.9788942803473,146.26417956728056,570.9788942803473,156.26417956728056,1.0
7,1156,565.5219029162645,149.28490355100482,560.5219029162645,144.28490355100482,570.5219029162645,154.28490355100482,1.0
7,1157,564.2889739637255,148.97918150617073,559.2889739637255,143.97918150617073,569.2889739637255,153.97918150617073,1.0
7,1158,564.2992447108165,147.32596663271786,559.2992447108165,142.32596663271786,569.2992447108165,152.32596663271786,1.0
7,1159,564.142480632792,145.9162286951056,559.142480632792,140.9162286951056,569.142480632792,150.9162286951056,1.0
7,1160,563.9611254583992,146.0530298523883,558.9611254583992,141.0530298523883,568.9611254583992,151.0530298523883,1.0
7,1161,564.0009486293452,145.72152489128024,559.0009486293452,140.72152489128024,569.0009486293452,150.72152489128024,1.0
7,1162,564.1783702427875,144.98307945163387,559.1783702427875,139.98307945163387,569.1783702427875,149.98307945163387,1.0
7,1163,565.6174600089344,144.6260173198686,560.6174600089344,139.6260173198686,570.6174600089344,149.6260173198686,1.0
7,1164,565.8944037449563,143.71658728481933,560.8944037449563,138.71658728481933,570.8944037449563,148.71658728481933,1.0
7,1165,566.8137214445946,143.50094385326338,561.8137214445946,138.50094385326338,571.8137214445946,148.50094385326338,1.0
7,1166,568.3481119663076,142.6143282822209,563.3481119663076,137.6143282822209,573.3481119663076,147.6143282822209,1.0
7,1167,570.1465893092699,141.02699377294908,565.1465893092699,136.02699377294908,575.1465893092699,146.02699377294908,1.0
7,1168,571.1244610805949,139.86316629853872,566.1244610805949,134.86316629853872,576.1244610805949,144.86316629853872,1.0
7,1169,572.2580597891581,140.17090086267737,567.2580597891581,135.17090086267737,577.2580597891581,145.17090086267737,1.0
7,1170,573.2927949555126,139.8165834322646,568.2927949555126,134.8165834322646,578.2927949555126,144.8165834322646,1.0
7,1171,572.9759918053202,140.43919066798708,567.9759918053202,135.43919066798708,577.9759918053202,145.43919066798708,1.0
7,1172,572.4852701164847,139.8689958556229,567.4852701164847,134.8689958556229,577.4852701164847,144.8689958556229,1.0
7,1173,571.8099400970549,139.3638059864925,566.8099400970549,134.3638059864925,576.8099400970549,144.3638059864925,1.0
7,1174,572.5589717729492,138.85045813437932,567.5589717729492,133.85045813437932,577.5589717729492,143.85045813437932,1.0
7,1175,573.1488406931848,138.59974032837408,568.1488406931848,133.59974032837408,578.1488406931848,143.59974032837408,1.0
7,1176,572.5192379778514,137.67025628752006,567.5192379778514,132.67025628752006,577.5192379778514,142.67025628752006,1.0
7,1177,571.2860605785935,136.11151031509735,566.2860605785935,131.11151031509735,576.2860605785935,141.11151031509735,1.0
7,1178,571.13987961761,135.0651351220115,566.13987961761,130.0651351220115,576.13987961761,140.0651351220115,1.0
7,1179,570.8672156966497,135.89149534673078,565.8672156966497,130.89149534673078,575.8672156966497,140.89149534673078,1.0
7,1180,571.3272036556544,135.19328464420784,566.3272036556544,130.19328464420784,576.3272036556544,140.19328464420784,1.0
7,1181,571.9440238127007,135.54397715898583,566.9440238127007,130.54397715898583,576.9440238127007,140.54397715898583,1.0
7,1182,571.459098751317,135.6478110983997,566.459098751317,130.6478110983997,576.459098751317,140.6478110983997,1.0
7,1183,570.8809906029244,135.72948304007497,565.8809906029244,130.72948304007497,575.8809906029244,140.72948304007497,1.0
7,1184,570.4703275805248,135.99103962582697,565.4703275805248,130.99103962582697,575.4703275805248,140.99103962582697,1.0
7,1185,569.8754906701538,136.0998338352816,564.8754906701538,131.0998338352816,574.8754906701538,141.0998338352816,1.0
7,1186,569.9721142858717,136.10165348090212,564.9721142858717,131.10165348090212,574.9721142858717,141.10165348090212,1.0
7,1187,570.3204268839454,135.3993292113514,565.3204268839454,130.3993292113514,575.3204268839454,140.3993292113514,1.0
7,1188,570.3580874920212,135.62905148029262,565.3580874920212,130.62905148029262,575.3580874920212,140.62905148029262,1.0
7,1189,571.100447293615,135.54583945748908,566.100447293615,130.54583945748908,576.100447293615,140.54583945748908,1.0
7,1190,571.7528828297659,135.8399043146446,566.7528828297659,130.8399043146446,576.7528828297659,140.8399043146446,1.0
7,1191,571.8114443297607,136.4152390543818,566.8114443297607,131.4152390543818,576.8114443297607,141.4152390543818,1.0
7,1192,572.4116800990716,135.32636150097494,567.4116800990716,130.32636150097494,577.4116800990716,140.32636150097494,1.0
7,1193,572.1732416447568,134.75016663932286,567.1732416447568,129.75016663932286,577.1732416447568,139.75016663932286,1.0
7,1194,572.3736726855136,133.940399223513,567.3736726855136,128.940399223513,577.3736726855136,138.940399223513,1.0
7,1195,571.5412313944012,133.98698475568378,566.5412313944012,128.98698475568378,576.5412313944012,138.98698475568378,1.0
7,1196,571.6077930577634,134.21305882859536,566.6077930577634,129.21305882859536,576.6077930577634,139.21305882859536,1.0
7,1197,571.7805731274987,135.0393762695044,566.7805731274987,130.0393762695044,576.7805731274987,140.0393762695044,1.0
7,1198,571.5644384914463,135.93800186828344,566.5644384914463,130.93800186828344,576.5644384914463,140.93800186828344,1.0
7,1199,570.6426389573861,136.44232301213276,565.6426389573861,131.44232301213276,575.6426389573861,141.44232301213276,1.0
7,1200,568.5598252323371,136.9418936014013,563.5598252323371,131.9418936014013,573.5598252323371,141.9418936014013,1.0
7,1201,567.4069678623715,136.8490877687989,562.4069678623715,131.8490877687989,572.4069678623715,141.8490877687989,1.0
7,1202,566.0309433651224,136.5457953220119,561.0309433651224,131.5457953220119,571.0309433651224,141.5457953220119,1.0
7,1203,564.8797015261263,136.59068508746276,559.8797015261263,131.59068508746276,569.8797015261263,141.59068508746276,1.0
7,1204,562.8507558716176,135.4677801722754,557.8507558716176,130.4677801722754,567.8507558716176,140.4677801722754,1.0
7,1205,562.2119053040263,133.97790421070286,557.2119053040263,128.97790421070286,567.2119053040263,138.97790421070286,1.0
7,1206,562.6280285838692,133.20576312939951,557.6280285838692,128.20576312939951,567.6280285838692,138.20576312939951,1.0
7,1207,561.6088224100059,133.02382175351713,556.6088224100059,128.02382175351713,566.6088224100059,138.02382175351713,1.0
7,1208,561.9160641006665,132.39718233428496,556.9160641006665,127.39718233428496,566.9160641006665,137.39718233428496,1.0
7,1209,561.2280513690264,131.11883215316266,556.2280513690264,126.11883215316266,566.2280513690264,136.11883215316266,1.0
7,1210,560.436503712851,130.5843245252378,555.436503712851,125.5843245252378,565.436503712851,135.5843245252378,1.0
7,1211,561.107137881982,130.92866930252794,556.107137881982,125.92866930252794,566.107137881982,135.92866930252794,1.0
7,1212,560.4510752096726,131.27378550383852,555.4510752096726,126.27378550383852,565.4510752096726,136.27378550383852,1.0
7,1213,559.0711214421912,131.5393808262726,554.0711214421912,126.5393808262726,564.0711214421912,136.5393808262726,1.0
7,1214,558.0447158299708,131.16872306329282,553.0447158299708,126.16872306329282,563.0447158299708,136.16872306329282,1.0
7,1215,559.8581987445747,131.41050866646265,554.8581987445747,126.41050866646265,564.8581987445747,136.41050866646265,1.0
7,1216,561.4205801098473,132.0399186510993,556.4205801098473,127.0399186510993,566.4205801098473,137.0399186510993,1.0
8,1217,273.5,195.0,268.5,190.0,278.5,200.0,1.0
8,1218,272.8300453853237,194.61133019786175,267.8300453853237,189.61133019786175,277.8300453853237,199.61133019786175,1.0
8,1219,273.75299468544176,195.6400324390528,268.75299468544176,190.6400324390528,278.75299468544176,200.6400324390528,1.0
8,1220,274.39840347566087,195.74366347085703,269.39840347566087,190.74366347085703,279.39840347566087,200.74366347085703,1.0
8,1221,275.34692860293643,195.84517042060924,270.34692860293643,190.84517042060924,280.34692860293643,200.84517042060924,1.0
8,1222,275.9837621440401,196.87347566338724,270.9837621440401,191.87347566338724,280.9837621440401,201.87347566338724,1.0
8,1223,276.2509108875438,199.55522436567685,271.2509108875438,194.55522436567685,281.2509108875438,204.55522436567685,1.0
8,1224,276.74234546645357,201.8888816388709,271.74234546645357,196.8888816388709,281.74234546645357,206.8888816388709,1.0
8,1225,277.0960725033902,203.27460955326046,272.0960725033902,198.27460955326046,282.0960725033902,208.27460955326046,1.0
8,1226,277.01020768442544,203.29730847613794,272.01020768442544,198.29730847613794,282.01020768442544,208.29730847613794,1.0
8,1227,276.5737937759528,202.6291158449223,271.5737937759528,197.6291158449223,281.5737937759528,207.6291158449223,1.0
8,1228,276.1117425373149,202.6590759955348,271.1117425373149,197.6590759955348,281.1117425373149,207.6590759955348,1.0
8,1229,275.7717687073337,202.74324468173478,270.7717687073337,197.74324468173478,280.7717687073337,207.74324468173478,1.0
8,1230,275.8231232212322,204.1201216193172,270.8231232212322,199.1201216193172,280.8231232212322,209.1201216193172,1.0
8,1231,275.8089306354987,204.6967497857248,270.8089306354987,199.6967497857248,280.8089306354987,209.6967497857248,1.0
8,1232,275.90310319037184,206.47908410022762,270.90310319037184,201.47908410022762,280.90310319037184,211.47908410022762,1.0
8,1233,274.8434299842459,207.82133481669638,269.8434299842459,202.82133481669638,279.8434299842459,212.82133481669638,1.0
8,1234,273.60139721379437,207.8956107192356,268.60139721379437,202.8956107192356,278.60139721379437,212.8956107192356,1.0
8,1235,273.5841240577444,208.12499619172092,268.5841240577444,203.12499619172092,278.5841240577444,213.12499619172092,1.0
8,1236,273.2021833410845,208.6058062316064,268.2021833410845,203.6058062316064,278.2021833410845,213.6058062316064,1.0
8,1237,272.3858046162108,209.4000870178032,267.3858046162108,204.4000870178032,277.3858046162108,214.4000870178032,1.0
8,1238,273.11984646506573,209.92637284099422,268.11984646506573,204.92637284099422,278.11984646506573,214.92637284099422,1.0
8,1239,272.71621577315483,209.6872882319118,267.71621577315483,204.6872882319118,277.71621577315483,214.6872882319118,1.0
8,1240,272.22472172035094,210.70830047649596,267.22472172035094,205.70830047649596,277.22472172035094,215.70830047649596,1.0
8,1241,271.56731171431,211.8831313519926,266.56731171431,206.8831313519926,276.56731171431,216.8831313519926,1.0
8,1242,270.62278362885155,213.55599703955357,265.62278362885155,208.55599703955357,275.62278362885155,218.55599703955357,1.0
8,1243,269.1594192675277,213.63483923862233,264.1594192675277,208.63483923862233,274.1594192675277,218.63483923862233,1.0
8,1244,268.50622518157087,215.54445671150197,263.50622518157087,210.54445671150197,273.50622518157087,220.54445671150197,1.0
8,1245,268.9370878655887,216.14493757057178,263.9370878655887,211.14493757057178,273.9370878655887,221.14493757057178,1.0
8,1246,269.50106527380655,216.16149424945857,264.50106527380655,211.16149424945857,274.50106527380655,221.16149424945857,1.0
8,1247,270.0529114801537,215.59725461495958,265.0529114801537,210.59725461495958,275.0529114801537,220.59725461495958,1.0
8,1248,270.5112475279394,214.58560691030192,265.5112475279394,209.58560691030192,275.5112475279394,219.58560691030192,1.0
8,1249,270.78368433734045,213.14125476382426,265.78368433734045,208.14125476382426,275.78368433734045,218.14125476382426,1.0
8,1250,270.31586220672807,212.39722909339613,265.31586220672807,207.39722909339613,275.31586220672807,217.39722909339613,1.0
8,1251,270.58355217746305,211.26243669246847,265.58355217746305,206.26243669246847,275.58355217746305,216.26243669246847,1.0
8,1252,270.70331594677896,209.97454432135123,265.70331594677896,204.97454432135123,275.70331594677896,214.97454432135123,1.0
8,1253,271.26516967857424,209.48374862254767,266.26516967857424,204.48374862254767,276.26516967857424,214.48374862254767,1.0
8,1254,272.40992907874966,209.30116365224214,267.40992907874966,204.30116365224214,277.40992907874966,214.30116365224214,1.0
8,1255,273.5495952913461,210.70036731514782,268.5495952913461,205.70036731514782,278.5495952913461,215.70036731514782,1.0
8,1256,273.0937505364676,211.89561739333806,268.0937505364676,206.89561739333806,278.0937505364676,216.89561739333806,1.0
8,1257,272.6013161343365,212.90529096938548,267.6013161343365,207.90529096938548,277.6013161343365,217.90529096938548,1.0
8,1258,272.1337542284901,212.65715196846236,267.1337542284901,207.65715196846236,277.1337542284901,217.65715196846236,1.0
8,1259,271.0466659669954,212.41865109404833,266.0466659669954,207.41865109404833,276.0466659669954,217.41865109404833,1.0
8,1260,270.1561837049302,212.66925062497967,265.1561837049302,207.66925062497967,275.1561837049302,217.66925062497967,1.0
8,1261,269.77394154753176,212.47528527043278,264.77394154753176,207.47528527043278,274.77394154753176,217.47528527043278,1.0
8,1262,269.7614154540209,212.2065880549477,264.7614154540209,207.2065880549477,274.7614154540209,217.2065880549477,1.0
8,1263,269.64972293790356,212.13454063939932,264.64972293790356,207.13454063939932,274.64972293790356,217.13454063939932,1.0
8,1264,269.16927001044485,211.5981568592359,264.16927001044485,206.5981568592359,274.16927001044485,216.5981568592359,1.0
8,1265,270.2802003799262,210.95871560325426,265.2802003799262,205.95871560325426,275.2802003799262,215.95871560325426,1.0
8,1266,270.22784146327035,210.1160788887061,265.22784146327035,205.1160788887061,275.22784146327035,215.1160788887061,1.0
8,1267,270.00138612932227,210.09158291523568,265.00138612932227,205.09158291523568,275.00138612932227,215.09158291523568,1.0
8,1268,268.81951765859856,210.7986943563424,263.81951765859856,205.7986943563424,273.81951765859856,215.7986943563424,1.0
8,1269,268.12347133614475,211.15959089227442,263.12347133614475,206.15959089227442,273.12347133614475,216.15959089227442,1.0
8,1270,267.62474831870793,211.3240532502167,262.62474831870793,206.3240532502167,272.62474831870793,216.3240532502167,1.0
8,1271,267.3452176686094,211.50051306823414,262.3452176686094,206.50051306823414,272.3452176686094,216.50051306823414,1.0
8,1272,266.86670240248213,211.51207779820876,261.86670240248213,206.51207779820876,271.86670240248213,216.51207779820876,1.0
8,1273,265.5995570545546,211.80891760801364,260.5995570545546,206.80891760801364,270.5995570545546,216.80891760801364,1.0
8,1274,264.3867873948022,212.31031624758285,259.3867873948022,207.31031624758285,269.3867873948022,217.31031624758285,1.0
8,1275,264.07897539453955,212.8081237591311,259.07897539453955,207.8081237591311,269.07897539453955,217.8081237591311,1.0
8,1276,263.96209230966457,212.75561872373254,258.96209230966457,207.75561872373254,268.96209230966457,217.75561872373254,1.0
8,1277,263.11661190664256,212.15194833295286,258.11661190664256,207.15194833295286,268.11661190664256,217.15194833295286,1.0
8,1278,261.97418093938217,211.7980480885065,256.97418093938217,206.7980480885065,266.97418093938217,216.7980480885065,1.0
8,1279,261.7786903294219,211.46733258922546,256.7786903294219,206.46733258922546,266.7786903294219,216.46733258922546,1.0
8,1280,261.71902983198504,211.5436213952213,256.71902983198504,206.5436213952213,266.71902983198504,216.5436213952213,1.0
8,1281,261.203956448039,211.8061495714452,256.203956448039,206.8061495714452,266.203956448039,216.8061495714452,1.0
8,1282,260.7545645803647,211.78973081579315,255.75456458036467,206.78973081579315,265.7545645803647,216.78973081579315,1.0
8,1283,259.9792852650459,212.45221913779227,254.97928526504592,207.45221913779227,264.9792852650459,217.45221913779227,1.0
8,1284,259.02322020975055,213.29560823153315,254.02322020975055,208.29560823153315,264.02322020975055,218.29560823153315,1.0
8,1285,258.1371186594751,212.91742268981545,253.1371186594751,207.91742268981545,263.1371186594751,217.91742268981545,1.0
8,1286,258.0738840609596,212.88776221741458,253.07388406095959,207.88776221741458,263.0738840609596,217.88776221741458,1.0
8,1287,257.904764093109,212.4126417231302,252.904764093109,207.4126417231302,262.904764093109,217.4126417231302,1.0
8,1288,258.1085286673451,213.70444529965857,253.10852866734513,208.70444529965857,263.1085286673451,218.70444529965857,1.0
8,1289,257.6716937957414,214.89578848410022,252.67169379574142,209.89578848410022,262.6716937957414,219.89578848410022,1.0
8,1290,257.00596086488,216.03868479276656,252.00596086488002,211.03868479276656,262.00596086488,221.03868479276656,1.0
8,1291,256.43134578830654,216.97060076464473,251.43134578830654,211.97060076464473,261.43134578830654,221.97060076464473,1.0
8,1292,256.3158341976837,216.5123347685164,251.31583419768373,211.5123347685164,261.3158341976837,221.5123347685164,1.0
8,1293,256.3724684234793,216.31096403885124,251.3724684234793,211.31096403885124,261.3724684234793,221.31096403885124,1.0
8,1294,256.38581138037904,215.28352524983288,251.38581138037904,210.28352524983288,261.38581138037904,220.28352524983288,1.0
8,1295,256.13336143074775,214.0310922082304,251.13336143074775,209.0310922082304,261.13336143074775,219.0310922082304,1.0
8,1296,255.96483886448289,212.33679761984942,250.96483886448289,207.33679761984942,260.9648388644829,217.33679761984942,1.0
8,1297,254.84252006228706,212.06902895255726,249.84252006228706,207.06902895255726,259.84252006228706,217.06902895255726,1.0
8,1298,254.41835712321208,210.9317152956352,249.41835712321208,205.9317152956352,259.4183571232121,215.9317152956352,1.0
8,1299,255.06465261629103,210.27306096487231,250.06465261629103,205.27306096487231,260.064652616291,215.27306096487231,1.0
8,1300,255.86872553787066,208.75260708271654,250.86872553787066,203.75260708271654,260.86872553787066,213.75260708271654,1.0
8,1301,256.5266427724758,207.67537030501478,251.52664277247578,202.67537030501478,261.5266427724758,212.67537030501478,1.0
8,1302,257.81941891558887,206.35962102001665,252.81941891558887,201.35962102001665,262.81941891558887,211.35962102001665,1.0
8,1303,257.3943330036428,204.64127582812432,252.39433300364283,199.64127582812432,262.3943330036428,209.64127582812432,1.0
8,1304,257.1833093456827,203.82819541415475,252.1833093456827,198.82819541415475,262.1833093456827,208.82819541415475,1.0
8,1305,256.46374368121974,204.77966856827868,251.46374368121974,199.77966856827868,261.46374368121974,209.77966856827868,1.0
8,1306,255.81344679510013,205.28086372148363,250.81344679510013,200.28086372148363,260.81344679510016,210.28086372148363,1.0
8,1307,254.96012873896603,205.26576179602182,249.96012873896603,200.26576179602182,259.96012873896603,210.26576179602182,1.0
8,1308,255.20531987362335,204.69041836535507,250.20531987362335,199.69041836535507,260.20531987362335,209.69041836535507,1.0
8,1309,256.22526256540976,203.79662785119237,251.22526256540976,198.79662785119237,261.22526256540976,208.79662785119237,1.0
8,1310,256.46998908996676,202.6847983471457,251.46998908996676,197.6847983471457,261.46998908996676,207.6847983471457,1.0
8,1311,256.755949185591,202.119104833485,251.75594918559102,197.119104833485,261.755949185591,207.119104833485,1.0
8,1312,256.75422010683616,201.87684339919036,251.75422010683616,196.87684339919036,261.75422010683616,206.87684339919036,1.0
8,1313,257.32828714482577,201.79646052008118,252.32828714482577,196.79646052008118,262.32828714482577,206.79646052008118,1.0
8,1314,257.5526415128962,201.50734285081523,252.55264151289617,196.50734285081523,262.5526415128962,206.50734285081523,1.0
8,1315,257.2525870745696,201.5322148898616,252.2525870745696,196.5322148898616,262.2525870745696,206.5322148898616,1.0
8,1316,256.8022535649528,201.10275581095945,251.80225356495282,196.10275581095945,261.8022535649528,206.10275581095945,1.0
8,1317,256.28991679252067,200.53009638389034,251.28991679252067,195.53009638389034,261.28991679252067,205.53009638389034,1.0
8,1318,256.33018330843896,200.01584680584173,251.33018330843896,195.01584680584173,261.33018330843896,205.01584680584173,1.0
8,1319,256.1718902617367,199.70329348763107,251.17189026173668,194.70329348763107,261.1718902617367,204.70329348763107,1.0
8,1320,255.3198143274025,199.07453228690437,250.3198143274025,194.07453228690437,260.31981432740247,204.07453228690437,1.0
8,1321,254.23145887091454,198.7422147861314,249.23145887091454,193.7422147861314,259.23145887091454,203.7422147861314,1.0
8,1322,252.22580342869827,197.58523108124774,247.22580342869827,192.58523108124774,257.22580342869827,202.58523108124774,1.0
8,1323,251.3636535120096,197.128450657079,246.3636535120096,192.128450657079,256.3636535120096,202.128450657079,1.0
8,1324,250.0642951005814,196.62574064514206,245.0642951005814,191.62574064514206,255.0642951005814,201.62574064514206,1.0
8,1325,248.5843651483865,195.63662626477668,243.5843651483865,190.63662626477668,253.5843651483865,200.63662626477668,1.0
8,1326,247.92380348727963,195.3349717877174,242.92380348727963,190.3349717877174,252.92380348727963,200.3349717877174,1.0
8,1327,248.44670878332528,194.56259410300893,243.44670878332528,189.56259410300893,253.44670878332528,199.56259410300893,1.0
8,1328,249.53630748025824,193.61571729194134,244.53630748025824,188.61571729194134,254.53630748025824,198.61571729194134,1.0
8,1329,250.5610561476832,193.08956635693926,245.5610561476832,188.08956635693926,255.5610561476832,198.08956635693926,1.0
8,1330,252.04231663248515,193.89533488605164,247.04231663248515,188.89533488605164,257.04231663248515,198.89533488605164,1.0
8,1331,253.24517683097915,194.36124943169995,248.24517683097915,189.36124943169995,258.2451768309792,199.36124943169995,1.0
8,1332,252.81190976618112,194.3405809093298,247.81190976618112,189.3405809093298,257.8119097661811,199.3405809093298,1.0
8,1333,252.6701468309255,193.60383083577557,247.6701468309255,188.60383083577557,257.6701468309255,198.60383083577557,1.0
8,1334,252.49572353429915,191.55595265492235,247.49572353429915,186.55595265492235,257.49572353429915,196.55595265492235,1.0
8,1335,252.14720535605545,191.19578414678955,247.14720535605545,186.19578414678955,257.14720535605545,196.19578414678955,1.0
8,1336,251.04607146432636,190.2530209712243,246.04607146432636,185.2530209712243,256.04607146432636,195.2530209712243,1.0
8,1337,250.42803762886422,189.23527418886678,245.42803762886422,184.23527418886678,255.42803762886422,194.23527418886678,1.0
8,1338,249.11295913972384,189.18254485673998,244.11295913972384,184.18254485673998,254.11295913972384,194.18254485673998,1.0
8,1339,248.49846580301312,190.23675325458322,243.49846580301312,185.23675325458322,253.49846580301312,195.23675325458322,1.0
8,1340,248.36419153090876,191.1611301305607,243.36419153090876,186.1611301305607,253.36419153090876,196.1611301305607,1.0
8,1341,248.30784533185715,190.9663648810146,243.30784533185715,185.9663648810146,253.30784533185715,195.9663648810146,1.0
8,1342,249.32916249137682,190.85551597407152,244.32916249137682,185.85551597407152,254.32916249137682,195.85551597407152,1.0
8,1343,250.30691175174834,190.5311945151811,245.30691175174834,185.5311945151811,255.30691175174834,195.5311945151811,1.0
8,1344,250.5793619148766,189.95101863186315,245.5793619148766,184.95101863186315,255.5793619148766,194.95101863186315,1.0
8,1345,250.58766567737908,189.13154488460265,245.58766567737908,184.13154488460265,255.58766567737908,194.13154488460265,1.0
8,1346,249.82896205965136,189.11641956184184,244.82896205965136,184.11641956184184,254.82896205965136,194.11641956184184,1.0
8,1347,250.25666881715637,189.81510805061353,245.25666881715637,184.81510805061353,255.25666881715637,194.81510805061353,1.0
8,1348,250.8921310741585,191.11556619043543,245.8921310741585,186.11556619043543,255.8921310741585,196.11556619043543,1.0
8,1349,251.7394330602542,192.35524712613153,246.7394330602542,187.35524712613153,256.7394330602542,197.35524712613153,1.0
8,1350,251.57720662405063,193.41263002329748,246.57720662405063,188.41263002329748,256.57720662405063,198.41263002329748,1.0
8,1351,251.26304145709406,193.97478823357525,246.26304145709406,188.97478823357525,256.26304145709406,198.97478823357525,1.0
8,1352,250.9676216967981,193.99812325334284,245.9676216967981,188.99812325334284,255.9676216967981,198.99812325334284,1.0
8,1353,249.66350835227047,193.66286914876187,244.66350835227047,188.66286914876187,254.66350835227047,198.66286914876187,1.0
8,1354,249.0428747085017,193.78474486003017,244.0428747085017,188.78474486003017,254.0428747085017,198.78474486003017,1.0
8,1355,248.72158772305102,193.56591770589316,243.72158772305102,188.56591770589316,253.72158772305102,198.56591770589316,1.0
8,1356,248.8583661679832,192.58132005342677,243.8583661679832,187.58132005342677,253.8583661679832,197.58132005342677,1.0
8,1357,248.8072637092738,192.0111001433173,243.8072637092738,187.0111001433173,253.8072637092738,197.0111001433173,1.0
8,1358,248.70841843396792,192.48145167371302,243.70841843396792,187.48145167371302,253.70841843396792,197.48145167371302,1.0
8,1359,248.17764944974007,192.95069477916346,243.17764944974007,187.95069477916346,253.17764944974007,197.95069477916346,1.0
8,1360,247.6819414406354,192.4040236833098,242.6819414406354,187.4040236833098,252.6819414406354,197.4040236833098,1.0
8,1361,247.00303668144815,191.3132510564047,242.00303668144815,186.3132510564047,252.00303668144815,196.3132510564047,1.0
8,1362,246.2194027788443,191.44649052600175,241.2194027788443,186.44649052600175,251.2194027788443,196.44649052600175,1.0
8,1363,246.32704453359753,191.35882035499114,241.32704453359753,186.35882035499114,251.32704453359753,196.35882035499114,1.0
8,1364,247.1456514706269,192.00704515440944,242.1456514706269,187.00704515440944,252.1456514706269,197.00704515440944,1.0
8,1365,248.13679566018556,192.21912606763374,243.13679566018556,187.21912606763374,253.13679566018556,197.21912606763374,1.0
8,1366,247.19966450923127,191.41929311208523,242.19966450923127,186.41929311208523,252.19966450923127,196.41929311208523,1.0
8,1367,246.74281967989208,190.7484158349268,241.74281967989208,185.7484158349268,251.74281967989208,195.7484158349268,1.0
8,1368,246.93536215730558,190.0998485955437,241.93536215730558,185.0998485955437,251.93536215730558,195.0998485955437,1.0
8,1369,246.91941849644297,189.9163910342808,241.91941849644297,184.9163910342808,251.91941849644297,194.9163910342808,1.0
8,1370,247.92682559106163,190.14302119279688,242.92682559106163,185.14302119279688,252.92682559106163,195.14302119279688,1.0
8,1371,249.43788135793216,190.16125454588428,244.43788135793216,185.16125454588428,254.43788135793216,195.16125454588428,1.0
8,1372,250.63183655386453,189.75258707606537,245.63183655386453,184.75258707606537,255.63183655386453,194.75258707606537,1.0
8,1373,251.51018419301107,189.24861249116864,246.51018419301107,184.24861249116864,256.51018419301107,194.24861249116864,1.0
8,1374,252.66574170489568,189.01958359629796,247.66574170489568,184.01958359629796,257.6657417048957,194.01958359629796,1.0
8,1375,252.53023385320506,188.26465470024385,247.53023385320506,183.26465470024385,257.53023385320506,193.26465470024385,1.0
8,1376,253.07770825609944,188.49530936879682,248.07770825609944,183.49530936879682,258.0777082560994,193.49530936879682,1.0
8,1377,253.57436342639582,188.28541671238565,248.57436342639582,183.28541671238565,258.57436342639585,193.28541671238565,1.0
8,1378,253.47694645129542,189.28899256885742,248.47694645129542,184.28899256885742,258.4769464512954,194.28899256885742,1.0
8,1379,254.03602826088252,190.43340081674555,249.03602826088252,185.43340081674555,259.0360282608825,195.43340081674555,1.0
8,1380,254.93549102040782,191.645905517289,249.93549102040782,186.645905517289,259.9354910204078,196.645905517289,1.0
8,1381,254.90648119593828,192.36865066574666,249.90648119593828,187.36865066574666,259.9064811959383,197.36865066574666,1.0
8,1382,254.45251979212168,192.8565592196555,249.45251979212168,187.8565592196555,259.4525197921217,197.8565592196555,1.0
8,1383,253.74567144020435,193.58501662509286,248.74567144020435,188.58501662509286,258.7456714402043,198.58501662509286,1.0
8,1384,253.15138082399739,194.04876654978892,248.15138082399739,189.04876654978892,258.1513808239974,199.04876654978892,1.0
8,1385,252.25052855006416,194.5936141341394,247.25052855006416,189.5936141341394,257.25052855006413,199.5936141341394,1.0
8,1386,252.62197183668331,195.018178956758,247.62197183668331,190.018178956758,257.6219718366833,200.018178956758,1.0
8,1387,252.02213580975615,195.24575144605313,247.02213580975615,190.24575144605313,257.02213580975615,200.24575144605313,1.0
8,1388,250.68002866884837,195.964242228641,245.68002866884837,190.964242228641,255.68002866884837,200.964242228641,1.0
8,1389,249.76574664012733,196.915498840989,244.76574664012733,191.915498840989,254.76574664012733,201.915498840989,1.0
8,1390,248.02907269827668,197.60941115363974,243.02907269827668,192.60941115363974,253.02907269827668,202.60941115363974,1.0
8,1391,247.60260278635647,197.76405550732542,242.60260278635647,192.76405550732542,252.60260278635647,202.76405550732542,1.0
8,1392,247.15078116437138,198.19426388733862,242.15078116437138,193.19426388733862,252.15078116437138,203.19426388733862,1.0
8,1393,247.3520779029594,198.77105206386727,242.3520779029594,193.77105206386727,252.3520779029594,203.77105206386727,1.0
8,1394,248.12297561818744,199.710215874207,243.12297561818744,194.710215874207,253.12297561818744,204.710215874207,1.0
8,1395,247.7012975554124,199.99539378367928,242.7012975554124,194.99539378367928,252.7012975554124,204.99539378367928,1.0
8,1396,247.73248542504552,199.8571048630726,242.73248542504552,194.8571048630726,252.73248542504552,204.8571048630726,1.0
8,1397,248.3432956144068,200.06546121190942,243.3432956144068,195.06546121190942,253.3432956144068,205.06546121190942,1.0
8,1398,248.75987978240553,199.62106829106463,243.75987978240553,194.62106829106463,253.75987978240553,204.62106829106463,1.0
8,1399,249.8710028472174,199.8905979289473,244.8710028472174,194.8905979289473,254.8710028472174,204.8905979289473,1.0
8,1400,250.0062840575525,199.48977955205527,245.0062840575525,194.48977955205527,255.0062840575525,204.48977955205527,1.0
8,1401,249.7256160635563,199.1136290059091,244.7256160635563,194.1136290059091,254.7256160635563,204.1136290059091,1.0
8,1402,249.84302838717173,198.5962641743122,244.84302838717173,193.5962641743122,254.84302838717173,203.5962641743122,1.0
8,1403,249.74036699731138,199.12970840674035,244.74036699731138,194.12970840674035,254.74036699731138,204.12970840674035,1.0
8,1404,249.47482628915532,200.40097852159377,244.47482628915532,195.40097852159377,254.47482628915532,205.40097852159377,1.0
8,1405,248.88046355924297,200.16759418319896,243.88046355924297,195.16759418319896,253.88046355924297,205.16759418319896,1.0
8,1406,248.50206770850437,199.72387523956516,243.50206770850437,194.72387523956516,253.50206770850437,204.72387523956516,1.0
8,1407,249.29000461065604,199.69505988632935,244.29000461065604,194.69505988632935,254.29000461065604,204.69505988632935,1.0
8,1408,248.8913575185853,199.24117587642397,243.8913575185853,194.24117587642397,253.8913575185853,204.24117587642397,1.0
8,1409,248.07392026520694,199.52010254118858,243.07392026520694,194.52010254118858,253.07392026520694,204.52010254118858,1.0
8,1410,247.35914499039677,200.07846316128936,242.35914499039677,195.07846316128936,252.35914499039677,205.07846316128936,1.0
8,1411,246.5730312745797,200.5462014716585,241.5730312745797,195.5462014716585,251.5730312745797,205.5462014716585,1.0
8,1412,244.78275071169458,201.03471107843228,239.78275071169458,196.03471107843228,249.78275071169458,206.03471107843228,1.0
8,1413,243.90585697805963,201.7303451561899,238.90585697805963,196.7303451561899,248.90585697805963,206.7303451561899,1.0
8,1414,242.83069512235798,201.61911451359484,237.83069512235798,196.61911451359484,247.83069512235798,206.61911451359484,1.0
8,1415,240.67885966334146,202.09523333744943,235.67885966334146,197.09523333744943,245.67885966334146,207.09523333744943,1.0
8,1416,239.51539040903785,203.25771168067456,234.51539040903785,198.25771168067456,244.51539040903785,208.25771168067456,1.0
8,1417,238.93224642831336,203.0870432867236,233.93224642831336,198.0870432867236,243.93224642831336,208.0870432867236,1.0
8,1418,238.39187154950505,202.3246920881776,233.39187154950505,197.3246920881776,243.39187154950505,207.3246920881776,1.0
8,1419,238.471389989164,202.32751195466042,233.471389989164,197.32751195466042,243.471389989164,207.32751195466042,1.0
8,1420,238.55918358011803,203.2547774343873,233.55918358011803,198.2547774343873,243.55918358011803,208.2547774343873,1.0
8,1421,239.69917038778627,204.07344580564433,234.69917038778627,199.07344580564433,244.69917038778627,209.07344580564433,1.0
8,1422,241.10811349841057,205.7411795240617,236.10811349841057,200.7411795240617,246.10811349841057,210.7411795240617,1.0
8,1423,243.0582531963512,207.03213636461655,238.0582531963512,202.03213636461655,248.0582531963512,212.03213636461655,1.0
8,1424,243.2995758962922,207.8279912340521,238.2995758962922,202.8279912340521,248.2995758962922,212.8279912340521,1.0
8,1425,243.56250954909254,207.69733588541422,238.56250954909254,202.69733588541422,248.56250954909254,212.69733588541422,1.0
8,1426,243.69245560374947,206.91585925486453,238.69245560374947,201.91585925486453,248.69245560374947,211.91585925486453,1.0
8,1427,243.41943821409228,204.723646439465,238.41943821409228,199.723646439465,248.41943821409228,209.723646439465,1.0
8,1428,241.57408168857597,203.83245927658697,236.57408168857597,198.83245927658697,246.57408168857597,208.83245927658697,1.0
8,1429,241.8048550723077,203.91732424325426,236.8048550723077,198.91732424325426,246.8048550723077,208.91732424325426,1.0
8,1430,241.67301864373644,203.81666219030373,236.67301864373644,198.81666219030373,246.67301864373644,208.81666219030373,1.0
8,1431,242.3167219712825,203.5943664873124,237.3167219712825,198.5943664873124,247.3167219712825,208.5943664873124,1.0
8,1432,242.02978800633826,203.3356773438885,237.02978800633826,198.3356773438885,247.02978800633826,208.3356773438885,1.0
8,1433,242.7073578476346,203.7620833355304,237.7073578476346,198.7620833355304,247.7073578476346,208.7620833355304,1.0
8,1434,242.87865295544535,204.73201607495665,237.87865295544535,199.73201607495665,247.87865295544535,209.73201607495665,1.0
8,1435,243.41628769876718,204.93544640878793,238.41628769876718,199.93544640878793,248.41628769876718,209.93544640878793,1.0
8,1436,243.01434465388945,204.99154801067348,238.01434465388945,199.99154801067348,248.01434465388945,209.99154801067348,1.0
8,1437,241.50767422046312,204.97794531326025,236.50767422046312,199.97794531326025,246.50767422046312,209.97794531326025,1.0
8,1438,240.33689320408678,204.95439087822368,235.33689320408678,199.95439087822368,245.33689320408678,209.95439087822368,1.0
8,1439,240.51894968267604,205.34997765224355,235.51894968267604,200.34997765224355,245.51894968267604,210.34997765224355,1.0
8,1440,239.66532406144248,205.63686350208317,234.66532406144248,200.63686350208317,244.66532406144248,210.63686350208317,1.0
8,1441,238.4443900931921,206.48352518870038,233.4443900931921,201.48352518870038,243.4443900931921,211.48352518870038,1.0
8,1442,237.8048715004777,207.21005482983534,232.8048715004777,202.21005482983534,242.8048715004777,212.21005482983534,1.0
8,1443,237.443017161606,207.38906360093574,232.443017161606,202.38906360093574,242.443017161606,212.38906360093574,1.0
8,1444,236.89916024343168,207.4631767034988,231.89916024343168,202.4631767034988,241.89916024343168,212.4631767034988,1.0
8,1445,235.93295570145847,207.21561844556916,230.93295570145847,202.21561844556916,240.93295570145847,212.21561844556916,1.0
8,1446,236.50551091770504,206.8935024963317,231.50551091770504,201.8935024963317,241.50551091770504,211.8935024963317,1.0
8,1447,237.39088446870764,207.65987454385524,232.39088446870764,202.65987454385524,242.39088446870764,212.65987454385524,1.0
8,1448,237.74155022107158,208.9816764647409,232.74155022107158,203.9816764647409,242.74155022107158,213.9816764647409,1.0
8,1449,236.3463303926248,210.02405709973775,231.3463303926248,205.02405709973775,241.3463303926248,215.02405709973775,1.0
8,1450,235.17338753832942,210.26596014795876,230.17338753832942,205.26596014795876,240.17338753832942,215.26596014795876,1.0
8,1451,235.43966004739204,209.49138450553684,230.43966004739204,204.49138450553684,240.43966004739204,214.49138450553684,1.0
8,1452,236.7474588933397,209.18231122633406,231.7474588933397,204.18231122633406,241.7474588933397,214.18231122633406,1.0
8,1453,238.12431171522044,210.29454193981704,233.12431171522044,205.29454193981704,243.12431171522044,215.29454193981704,1.0
8,1454,238.394984344802,211.21651580891103,233.394984344802,206.21651580891103,243.394984344802,216.21651580891103,1.0
8,1455,238.51090694577346,211.49961693827885,233.51090694577346,206.49961693827885,243.51090694577346,216.49961693827885,1.0
8,1456,238.12530610713975,212.2035236769118,233.12530610713975,207.2035236769118,243.12530610713975,217.2035236769118,1.0
8,1457,238.3395945307189,212.88916096022888,233.3395945307189,207.88916096022888,243.3395945307189,217.88916096022888,1.0
8,1458,237.47659928000357,213.06234854675614,232.47659928000357,208.06234854675614,242.47659928000357,218.06234854675614,1.0
8,1459,236.15588568480405,211.7459507818112,231.15588568480405,206.7459507818112,241.15588568480405,216.7459507818112,1.0
8,1460,234.61677250068078,210.29350905375804,229.61677250068078,205.29350905375804,239.61677250068078,215.29350905375804,1.0
8,1461,233.8760067470969,209.51837356921772,228.8760067470969,204.51837356921772,238.8760067470969,214.51837356921772,1.0
8,1462,233.92780164485768,210.53666495115175,228.92780164485768,205.53666495115175,238.92780164485768,215.53666495115175,1.0
8,1463,234.0613704361462,210.1477032745716,229.0613704361462,205.1477032745716,239.0613704361462,215.1477032745716,1.0
8,1464,234.64631692921586,209.47895439896655,229.64631692921586,204.47895439896655,239.64631692921586,214.47895439896655,1.0
8,1465,235.48625368985583,209.05571816646707,230.48625368985583,204.05571816646707,240.48625368985583,214.05571816646707,1.0
8,1466,235.73972164982132,209.64393959603186,230.73972164982132,204.64393959603186,240.73972164982132,214.64393959603186,1.0
8,1467,235.96498619234615,210.09890730465705,230.96498619234615,205.09890730465705,240.96498619234615,215.09890730465705,1.0
8,1468,235.6173107284592,210.1627098812157,230.6173107284592,205.1627098812157,240.6173107284592,215.1627098812157,1.0
8,1469,235.19341462851824,208.95884482903,230.19341462851824,203.95884482903,240.19341462851824,213.95884482903,1.0
9,1217,583.0,251.5,578.0,246.5,588.0,256.5,1.0
9,1218,583.1245507949203,251.10000075435156,578.1245507949203,246.10000075435156,588.1245507949203,256.1000007543515,1.0
9,1219,583.9580119190388,252.07739362143474,578.9580119190388,247.07739362143474,588.9580119190388,257.07739362143474,1.0
9,1220,584.1255640968972,252.37463323841257,579.1255640968972,247.37463323841257,589.1255640968972,257.37463323841257,1.0
9,1221,584.376737700139,252.96510740532835,579.376737700139,247.96510740532835,589.376737700139,257.96510740532835,1.0
9,1222,585.3950392724206,254.60373253449453,580.3950392724206,249.60373253449453,590.3950392724206,259.6037325344945,1.0
9,1223,587.0016492429422,255.34290198144646,582.0016492429422,250.34290198144646,592.0016492429422,260.34290198144646,1.0
9,1224,588.1883961453182,255.75968802072717,583.1883961453182,250.75968802072717,593.1883961453182,260.75968802072714,1.0
9,1225,588.6365805686926,257.34638307575347,583.6365805686926,252.34638307575347,593.6365805686926,262.34638307575347,1.0
9,1226,589.3256975129801,258.9886085674815,584.3256975129801,253.9886085674815,594.3256975129801,263.9886085674815,1.0
9,1227,589.732398717839,260.3096666242133,584.732398717839,255.30966662421332,594.732398717839,265.3096666242133,1.0
9,1228,589.945521633623,260.3482587676486,584.945521633623,255.3482587676486,594.945521633623,265.3482587676486,1.0
9,1229,589.5394353443182,260.27348005715396,584.5394353443182,255.27348005715396,594.5394353443182,265.27348005715396,1.0
9,1230,589.0016579394111,260.4229858029853,584.0016579394111,255.4229858029853,594.0016579394111,265.4229858029853,1.0
9,1231,589.709613775093,261.27171475483857,584.709613775093,256.27171475483857,594.709613775093,266.27171475483857,1.0
9,1232,589.0961126446524,262.62899625852845,584.0961126446524,257.62899625852845,594.0961126446524,267.62899625852845,1.0
9,1233,589.179076462961,263.9571704989847,584.179076462961,258.9571704989847,594.179076462961,268.9571704989847,1.0
9,1234,588.7954242694741,264.95501446027725,583.7954242694741,259.95501446027725,593.7954242694741,269.95501446027725,1.0
9,1235,587.8023752806787,265.1426585434245,582.8023752806787,260.1426585434245,592.8023752806787,270.1426585434245,1.0
9,1236,586.2359475233266,265.3392584165617,581.2359475233266,260.3392584165617,591.2359475233266,270.3392584165617,1.0
9,1237,584.5270186438293,265.0718451220348,579.5270186438293,260.0718451220348,589.5270186438293,270.0718451220348,1.0
9,1238,584.0699227493241,265.63963634235125,579.0699227493241,260.63963634235125,589.0699227493241,270.63963634235125,1.0
9,1239,583.4013441135552,266.03123105317326,578.4013441135552,261.03123105317326,588.4013441135552,271.03123105317326,1.0
9,1240,582.7696917156741,266.0802370778798,577.7696917156741,261.0802370778798,587.7696917156741,271.0802370778798,1.0
9,1241,582.820461060465,267.4525580126351,577.820461060465,262.4525580126351,587.820461060465,272.4525580126351,1.0
9,1242,582.3849337288732,268.9746202330658,577.3849337288732,263.9746202330658,587.3849337288732,273.9746202330658,1.0
9,1243,582.0041751451553,269.6976174989852,577.0041751451553,264.6976174989852,587.0041751451553,274.6976174989852,1.0
9,1244,580.5721191253102,270.62312843518094,575.5721191253102,265.62312843518094,585.5721191253102,275.62312843518094,1.0
9,1245,579.3402469014953,270.04329560545114,574.3402469014953,265.04329560545114,584.3402469014953,275.04329560545114,1.0
9,1246,578.8909200721589,269.2249485011901,573.8909200721589,264.2249485011901,583.8909200721589,274.2249485011901,1.0
9,1247,577.8636470228188,268.1777963058621,572.8636470228188,263.1777963058621,582.8636470228188,273.1777963058621,1.0
9,1248,577.9233877220306,267.48147836114265,572.9233877220306,262.48147836114265,582.9233877220306,272.48147836114265,1.0
9,1249,577.9507983037994,266.2839900592293,572.9507983037994,261.2839900592293,582.9507983037994,271.2839900592293,1.0
9,1250,578.7687303859269,264.62281472262384,573.7687303859269,259.62281472262384,583.7687303859269,269.62281472262384,1.0
9,1251,579.4000217491288,263.4628622797337,574.4000217491288,258.4628622797337,584.4000217491288,268.4628622797337,1.0
9,1252,578.2574635293423,262.3887729789919,573.2574635293423,257.3887729789919,583.2574635293423,267.3887729789919,1.0
9,1253,577.4233538415784,261.57522442626345,572.4233538415784,256.57522442626345,582.4233538415784,266.57522442626345,1.0
9,1254,577.1971545759291,260.3647115079494,572.1971545759291,255.36471150794938,582.1971545759291,265.3647115079494,1.0
9,1255,576.7216614796744,260.70086525903923,571.7216614796744,255.70086525903923,581.7216614796744,265.70086525903923,1.0
9,1256,575.8572022593469,261.74822236196167,570.8572022593469,256.74822236196167,580.8572022593469,266.74822236196167,1.0
9,1257,576.4937178759459,262.18801304015614,571.4937178759459,257.18801304015614,581.4937178759459,267.18801304015614,1.0
9,1258,576.5021594397099,263.10570377596287,571.5021594397099,258.10570377596287,581.5021594397099,268.10570377596287,1.0
9,1259,576.7277786425504,263.7598572314944,571.7277786425504,258.7598572314944,581.7277786425504,268.7598572314944,1.0
9,1260,576.3916246443723,264.1563444136321,571.3916246443723,259.1563444136321,581.3916246443723,269.1563444136321,1.0
9,1261,575.0847167389187,263.76963229117143,570.0847167389187,258.76963229117143,580.0847167389187,268.76963229117143,1.0
9,1262,573.4589396688267,263.6572773507822,568.4589396688267,258.6572773507822,578.4589396688267,268.6572773507822,1.0
9,1263,573.3139808144508,263.04919875490884,568.3139808144508,258.04919875490884,578.3139808144508,268.04919875490884,1.0
9,1264,572.6511578007645,263.29973842745187,567.6511578007645,258.29973842745187,577.6511578007645,268.29973842745187,1.0
9,1265,572.0056639441784,263.4459497671244,567.0056639441784,258.4459497671244,577.0056639441784,268.4459497671244,1.0
9,1266,571.7735948295502,264.39754157936807,566.7735948295502,259.39754157936807,576.7735948295502,269.39754157936807,1.0
9,1267,571.1463446884089,265.2753770470334,566.1463446884089,260.2753770470334,576.1463446884089,270.2753770470334,1.0
9,1268,570.9673806779142,266.0569697397288,565.9673806779142,261.0569697397288,575.9673806779142,271.0569697397288,1.0
9,1269,570.4426455427293,266.663901401274,565.4426455427293,261.663901401274,575.4426455427293,271.663901401274,1.0
9,1270,569.4210376035087,268.21128759016636,564.4210376035087,263.21128759016636,574.4210376035087,273.21128759016636,1.0
9,1271,567.6603357143783,268.9819492229095,562.6603357143783,263.9819492229095,572.6603357143783,273.9819492229095,1.0
9,1272,566.6521231479348,269.44593354134145,561.6521231479348,264.44593354134145,571.6521231479348,274.44593354134145,1.0
9,1273,565.3018032843725,269.43841917836824,560.3018032843725,264.43841917836824,570.3018032843725,274.43841917836824,1.0
9,1274,562.9758828388645,268.751844575722,557.9758828388645,263.751844575722,567.9758828388645,273.751844575722,1.0
9,1275,562.7292292191576,268.0772197514177,557.7292292191576,263.0772197514177,567.7292292191576,273.0772197514177,1.0
9,1276,561.6150659293241,267.77549460821785,556.6150659293241,262.77549460821785,566.6150659293241,272.77549460821785,1.0
9,1277,561.034707977118,268.11535074921875,556.034707977118,263.11535074921875,566.034707977118,273.11535074921875,1.0
9,1278,559.2697232336726,268.37675254488175,554.2697232336726,263.37675254488175,564.2697232336726,273.37675254488175,1.0
9,1279,559.1049482551193,268.87529603804376,554.1049482551193,263.87529603804376,564.1049482551193,273.87529603804376,1.0
9,1280,559.4849187968651,269.04996464696006,554.4849187968651,264.04996464696006,564.4849187968651,274.04996464696006,1.0
9,1281,559.1791845728422,268.8772089597574,554.1791845728422,263.8772089597574,564.1791845728422,273.8772089597574,1.0
9,1282,558.9754215151376,268.33273352779355,553.9754215151376,263.33273352779355,563.9754215151376,273.33273352779355,1.0
9,1283,558.169138401876,266.9621415907227,553.169138401876,261.9621415907227,563.169138401876,271.9621415907227,1.0
9,1284,558.4314752323676,265.6572326905116,553.4314752323676,260.6572326905116,563.4314752323676,270.6572326905116,1.0
9,1285,558.4291462223086,264.97409649120016,553.4291462223086,259.97409649120016,563.4291462223086,269.97409649120016,1.0
9,1286,558.5129480559842,264.73502249920386,553.5129480559842,259.73502249920386,563.5129480559842,269.73502249920386,1.0
9,1287,557.6938831735687,264.72270905153533,552.6938831735687,259.72270905153533,562.6938831735687,269.72270905153533,1.0
9,1288,556.043235827398,264.7185407019847,551.043235827398,259.7185407019847,561.043235827398,269.7185407019847,1.0
9,1289,555.2206616407451,264.4612492641492,550.2206616407451,259.4612492641492,560.2206616407451,269.4612492641492,1.0
9,1290,553.8138752882023,265.53210552717127,548.8138752882023,260.53210552717127,558.8138752882023,270.53210552717127,1.0
9,1291,553.0637466682367,267.0004442056394,548.0637466682367,262.0004442056394,558.0637466682367,272.0004442056394,1.0
9,1292,551.276632318133,267.47739145023877,546.276632318133,262.47739145023877,556.276632318133,272.47739145023877,1.0
9,1293,550.1816401571205,268.349514279344,545.1816401571205,263.349514279344,555.1816401571205,273.349514279344,1.0
9,1294,549.9766492884249,270.0766708628524,544.9766492884249,265.0766708628524,554.9766492884249,275.0766708628524,1.0
9,1295,550.85956384308,271.3653465670213,545.85956384308,266.3653465670213,555.85956384308,276.3653465670213,1.0
9,1296,551.6167038961444,272.8498439874878,546.6167038961444,267.8498439874878,556.6167038961444,277.8498439874878,1.0
9,1297,553.025260832824,274.08835162512685,548.025260832824,269.08835162512685,558.025260832824,279.08835162512685,1.0
9,1298,554.9309744421702,275.71865458107595,549.9309744421702,270.71865458107595,559.9309744421702,280.71865458107595,1.0
9,1299,556.2074701281131,276.9664850895513,551.2074701281131,271.9664850895513,561.2074701281131,281.9664850895513,1.0
9,1300,556.8542472950891,278.6330328115671,551.8542472950891,273.6330328115671,561.8542472950891,283.6330328115671,1.0
9,1301,557.6303405791175,279.31266871930046,552.6303405791175,274.31266871930046,562.6303405791175,284.31266871930046,1.0
9,1302,558.6577762616348,280.359751369573,553.6577762616348,275.359751369573,563.6577762616348,285.359751369573,1.0
9,1303,558.096993588515,281.1652718845861,553.096993588515,276.1652718845861,563.096993588515,286.1652718845861,1.0
9,1304,558.0258225968857,282.2905743628816,553.0258225968857,277.2905743628816,563.0258225968857,287.2905743628816,1.0
9,1305,558.7957337050201,282.47839473389115,553.7957337050201,277.47839473389115,563.7957337050201,287.47839473389115,1.0
9,1306,561.1490986731466,283.7010240872936,556.1490986731466,278.7010240872936,566.1490986731466,288.7010240872936,1.0
9,1307,562.6135930619304,283.9961720856477,557.6135930619304,278.9961720856477,567.6135930619304,288.9961720856477,1.0
9,1308,563.3036453957019,283.5059485089737,558.3036453957019,278.5059485089737,568.3036453957019,288.5059485089737,1.0
9,1309,563.7412508795454,283.36974697636333,558.7412508795454,278.36974697636333,568.7412508795454,288.36974697636333,1.0
9,1310,564.6549653240145,283.5652477884685,559.6549653240145,278.5652477884685,569.6549653240145,288.5652477884685,1.0
9,1311,565.4558083800569,283.9023259200654,560.4558083800569,278.9023259200654,570.4558083800569,288.9023259200654,1.0
9,1312,565.683935965164,284.2351345948718,560.683935965164,279.2351345948718,570.683935965164,289.2351345948718,1.0
9,1313,565.7096005536714,284.3180891257686,560.7096005536714,279.3180891257686,570.7096005536714,289.3180891257686,1.0
9,1314,565.8863026466314,284.57014479314955,560.8863026466314,279.57014479314955,570.8863026466314,289.57014479314955,1.0
9,1315,565.7670901052676,285.6655983528081,560.7670901052676,280.6655983528081,570.7670901052676,290.6655983528081,1.0
9,1316,565.1426554994972,285.01170168627067,560.1426554994972,280.01170168627067,570.1426554994972,290.01170168627067,1.0
9,1317,563.36146842113,285.1984683778647,558.36146842113,280.1984683778647,568.36146842113,290.1984683778647,1.0
9,1318,561.2395109218843,284.98841583696856,556.2395109218843,279.98841583696856,566.2395109218843,289.98841583696856,1.0
9,1319,560.4246679536407,284.8135149766887,555.4246679536407,279.8135149766887,565.4246679536407,289.8135149766887,1.0
9,1320,559.7755165435268,283.88357774508756,554.7755165435268,278.88357774508756,564.7755165435268,288.88357774508756,1.0
9,1321,559.9115866601597,282.99872764017897,554.9115866601597,277.99872764017897,564.9115866601597,287.99872764017897,1.0
9,1322,561.0635298910696,281.5927533020923,556.0635298910696,276.5927533020923,566.0635298910696,286.5927533020923,1.0
9,1323,561.9589346137109,280.159515109197,556.9589346137109,275.159515109197,566.9589346137109,285.159515109197,1.0
9,1324,562.8659787509199,279.61026205959143,557.8659787509199,274.61026205959143,567.8659787509199,284.61026205959143,1.0
9,1325,563.9156719327683,279.8856021029805,558.9156719327683,274.8856021029805,568.9156719327683,284.8856021029805,1.0
9,1326,564.4570575791095,279.7890345018885,559.4570575791095,274.7890345018885,569.4570575791095,284.7890345018885,1.0
9,1327,565.6301079117277,280.2414178464441,560.6301079117277,275.2414178464441,570.6301079117277,285.2414178464441,1.0
9,1328,566.2916693306682,279.4669244612921,561.2916693306682,274.4669244612921,571.2916693306682,284.4669244612921,1.0
9,1329,566.2820315357022,279.63026203854963,561.2820315357022,274.63026203854963,571.2820315357022,284.63026203854963,1.0
9,1330,567.3222538878224,279.2521021650956,562.3222538878224,274.2521021650956,572.3222538878224,284.2521021650956,1.0
9,1331,567.8753374951443,278.54222279916905,562.8753374951443,273.54222279916905,572.8753374951443,283.54222279916905,1.0
9,1332,567.7341291508769,278.2409580075721,562.7341291508769,273.2409580075721,572.7341291508769,283.2409580075721,1.0
9,1333,567.5748014853731,278.14712384280796,562.5748014853731,273.14712384280796,572.5748014853731,283.14712384280796,1.0
9,1334,568.2920915202848,277.87886758558494,563.2920915202848,272.87886758558494,573.2920915202848,282.87886758558494,1.0
9,1335,568.3007904950983,278.2327679518892,563.3007904950983,273.2327679518892,573.3007904950983,283.2327679518892,1.0
9,1336,568.1241313205151,278.36830938268497,563.1241313205151,273.36830938268497,573.1241313205151,283.36830938268497,1.0
9,1337,568.1836708934477,278.4945338744074,563.1836708934477,273.4945338744074,573.1836708934477,283.4945338744074,1.0
9,1338,568.2576278839962,277.7260904905032,563.2576278839962,272.7260904905032,573.2576278839962,282.7260904905032,1.0
9,1339,568.1353130135809,277.25937784028616,563.1353130135809,272.25937784028616,573.1353130135809,282.25937784028616,1.0
9,1340,566.2286300194735,277.83454862246043,561.2286300194735,272.83454862246043,571.2286300194735,282.83454862246043,1.0
9,1341,564.4301342936153,277.3982834715011,559.4301342936153,272.3982834715011,569.4301342936153,282.3982834715011,1.0
9,1342,563.6544905671062,276.5226255727474,558.6544905671062,271.5226255727474,568.6544905671062,281.5226255727474,1.0
9,1343,563.4549263761215,276.05404036748837,558.4549263761215,271.05404036748837,568.4549263761215,281.05404036748837,1.0
9,1344,563.6904715679068,274.8965165631155,558.6904715679068,269.8965165631155,568.6904715679068,279.8965165631155,1.0
9,1345,562.9355149560419,274.4421580107741,557.9355149560419,269.4421580107741,567.9355149560419,279.4421580107741,1.0
9,1346,562.9772740178324,274.76990517603537,557.9772740178324,269.76990517603537,567.9772740178324,279.76990517603537,1.0
9,1347,562.8119442368978,275.29724902987283,557.8119442368978,270.29724902987283,567.8119442368978,280.29724902987283,1.0
9,1348,562.6822181605816,275.5665681178282,557.6822181605816,270.5665681178282,567.6822181605816,280.5665681178282,1.0
9,1349,563.382976241872,276.0019782181039,558.382976241872,271.0019782181039,568.382976241872,281.0019782181039,1.0
9,1350,563.1705008309201,275.95150871301934,558.1705008309201,270.95150871301934,568.1705008309201,280.95150871301934,1.0
9,1351,562.6661320429521,276.52557641965757,557.6661320429521,271.52557641965757,567.6661320429521,281.52557641965757,1.0
9,1352,562.4289133385554,276.0996232337037,557.4289133385554,271.0996232337037,567.4289133385554,281.0996232337037,1.0
9,1353,562.5903590723067,275.605427248893,557.5903590723067,270.605427248893,567.5903590723067,280.605427248893,1.0
9,1354,562.3838196927973,274.7343926048585,557.3838196927973,269.7343926048585,567.3838196927973,279.7343926048585,1.0
9,1355,561.9701799846267,274.88663374703873,556.9701799846267,269.88663374703873,566.9701799846267,279.88663374703873,1.0
9,1356,560.9144529930466,274.78181121934983,555.9144529930466,269.78181121934983,565.9144529930466,279.78181121934983,1.0
9,1357,561.0473698830901,274.40860720342107,556.0473698830901,269.40860720342107,566.0473698830901,279.40860720342107,1.0
9,1358,561.5731601322224,274.3751370619592,556.5731601322224,269.3751370619592,566.5731601322224,279.3751370619592,1.0
9,1359,562.2469304791035,274.46589961800146,557.2469304791035,269.46589961800146,567.2469304791035,279.46589961800146,1.0
9,1360,563.1016354667883,275.35830713809094,558.1016354667883,270.35830713809094,568.1016354667883,280.35830713809094,1.0
9,1361,564.6256411726891,277.2500641703149,559.6256411726891,272.2500641703149,569.6256411726891,282.2500641703149,1.0
9,1362,566.0622379914822,279.0068558901186,561.0622379914822,274.0068558901186,571.0622379914822,284.0068558901186,1.0
9,1363,566.108664121125,280.52261554723793,561.108664121125,275.52261554723793,571.108664121125,285.52261554723793,1.0
9,1364,566.2003785280108,282.1160370207321,561.2003785280108,277.1160370207321,571.2003785280108,287.1160370207321,1.0
9,1365,567.0863056528685,283.25095561532333,562.0863056528685,278.25095561532333,572.0863056528685,288.25095561532333,1.0
9,1366,566.8726838149042,283.2322970674972,561.8726838149042,278.2322970674972,571.8726838149042,288.2322970674972,1.0
9,1367,564.8237246802304,284.19962976124674,559.8237246802304,279.19962976124674,569.8237246802304,289.19962976124674,1.0
9,1368,563.4333517947185,284.56721556419376,558.4333517947185,279.56721556419376,568.4333517947185,289.56721556419376,1.0
9,1369,561.3208098185847,285.39274100159986,556.3208098185847,280.39274100159986,566.3208098185847,290.39274100159986,1.0
9,1370,558.6510296932233,286.5921785436282,553.6510296932233,281.5921785436282,563.6510296932233,291.5921785436282,1.0
9,1371,557.3965000056241,286.85876654061667,552.3965000056241,281.85876654061667,562.3965000056241,291.85876654061667,1.0
9,1372,556.7168553671972,287.38961124643527,551.7168553671972,282.38961124643527,561.7168553671972,292.38961124643527,1.0
9,1373,555.98691819845,286.8734714069128,550.98691819845,281.8734714069128,560.98691819845,291.8734714069128,1.0
9,1374,556.0741152609759,286.9042730753779,551.0741152609759,281.9042730753779,561.0741152609759,291.9042730753779,1.0
9,1375,556.5995368890749,287.996995428219,551.5995368890749,282.996995428219,561.5995368890749,292.996995428219,1.0
9,1376,557.4485681448141,288.3920692663067,552.4485681448141,283.3920692663067,562.4485681448141,293.3920692663067,1.0
9,1377,557.6676030485002,288.5911876854573,552.6676030485002,283.5911876854573,562.6676030485002,293.5911876854573,1.0
9,1378,557.8620657303264,288.4036481787386,552.8620657303264,283.4036481787386,562.8620657303264,293.4036481787386,1.0
9,1379,558.7616039624165,289.31404015512527,553.7616039624165,284.31404015512527,563.7616039624165,294.31404015512527,1.0
9,1380,559.4574913978939,290.42004036376056,554.4574913978939,285.42004036376056,564.4574913978939,295.42004036376056,1.0
9,1381,560.0470237711976,291.3615885515193,555.0470237711976,286.3615885515193,565.0470237711976,296.3615885515193,1.0
9,1382,559.7058770450489,292.3870773501147,554.7058770450489,287.3870773501147,564.7058770450489,297.3870773501147,1.0
9,1383,559.067121019412,292.9123944896027,554.067121019412,287.9123944896027,564.067121019412,297.9123944896027,1.0
9,1384,559.1302763027314,293.22403188395384,554.1302763027314,288.22403188395384,564.1302763027314,298.22403188395384,1.0
9,1385,559.823627446918,294.8485978462478,554.823627446918,289.8485978462478,564.823627446918,299.8485978462478,1.0
9,1386,559.8665758590258,296.318615080364,554.8665758590258,291.318615080364,564.8665758590258,301.318615080364,1.0
9,1387,561.28567427335,296.82165172626964,556.28567427335,291.82165172626964,566.28567427335,301.82165172626964,1.0
9,1388,562.6076249704522,296.9741328103536,557.6076249704522,291.9741328103536,567.6076249704522,301.9741328103536,1.0
9,1389,562.6478581135684,297.8493068951076,557.6478581135684,292.8493068951076,567.6478581135684,302.8493068951076,1.0
9,1390,561.6691345152141,298.5467309010308,556.6691345152141,293.5467309010308,566.6691345152141,303.5467309010308,1.0
9,1391,560.8449651048064,298.15397826911493,555.8449651048064,293.15397826911493,565.8449651048064,303.15397826911493,1.0
9,1392,560.2759956283497,297.945579792224,555.2759956283497,292.945579792224,565.2759956283497,302.945579792224,1.0
9,1393,559.402829907065,297.9643869002639,554.402829907065,292.9643869002639,564.402829907065,302.9643869002639,1.0
9,1394,557.8556768599535,297.4864842493343,552.8556768599535,292.4864842493343,562.8556768599535,302.4864842493343,1.0
9,1395,556.5372219992398,296.72955565839635,551.5372219992398,291.72955565839635,561.5372219992398,301.72955565839635,1.0
9,1396,555.6171679414024,296.2632575292881,550.6171679414024,291.2632575292881,560.6171679414024,301.2632575292881,1.0
9,1397,553.853362689732,296.2098171610545,548.853362689732,291.2098171610545,558.853362689732,301.2098171610545,1.0
9,1398,552.8526925695396,296.76577819692375,547.8526925695396,291.76577819692375,557.8526925695396,301.76577819692375,1.0
9,1399,552.2918706505636,297.5231608697668,547.2918706505636,292.5231608697668,557.2918706505636,302.5231608697668,1.0
9,1400,551.9383596049845,297.9331851004819,546.9383596049845,292.9331851004819,556.9383596049845,302.9331851004819,1.0
9,1401,552.6739840692002,297.829206895036,547.6739840692002,292.829206895036,557.6739840692002,302.829206895036,1.0
9,1402,553.4092504894105,298.82721863202397,548.4092504894105,293.82721863202397,558.4092504894105,303.82721863202397,1.0
9,1403,554.4554553248506,299.44270701795256,549.4554553248506,294.44270701795256,559.4554553248506,304.44270701795256,1.0
9,1404,555.7265236854845,299.44336187509725,550.7265236854845,294.44336187509725,560.7265236854845,304.44336187509725,1.0
9,1405,557.4761034575978,300.1685988547198,552.4761034575978,295.1685988547198,562.4761034575978,305.1685988547198,1.0
9,1406,557.991679184826,300.8803197656755,552.991679184826,295.8803197656755,562.991679184826,305.8803197656755,1.0
9,1407,559.2833014758409,300.4985228472007,554.2833014758409,295.4985228472007,564.2833014758409,305.4985228472007,1.0
9,1408,559.5726612607074,300.6443380043913,554.5726612607074,295.6443380043913,564.5726612607074,305.6443380043913,1.0
9,1409,559.9865649674172,301.0944271536503,554.9865649674172,296.0944271536503,564.9865649674172,306.0944271536503,1.0
9,1410,559.0883700389584,301.3540689512116,554.0883700389584,296.3540689512116,564.0883700389584,306.3540689512116,1.0
9,1411,558.0587767902758,301.7194038265612,553.0587767902758,296.7194038265612,563.0587767902758,306.7194038265612,1.0
9,1412,558.3612467551134,301.8009379498471,553.3612467551134,296.8009379498471,563.3612467551134,306.8009379498471,1.0
9,1413,558.971379893963,299.93652981169436,553.971379893963,294.93652981169436,563.971379893963,304.93652981169436,1.0
9,1414,559.4616176405593,299.9680055271179,554.4616176405593,294.9680055271179,564.4616176405593,304.9680055271179,1.0
9,1415,560.173609654313,300.72243933853264,555.173609654313,295.72243933853264,565.173609654313,305.72243933853264,1.0
9,1416,560.7944139947609,300.3409201760543,555.7944139947609,295.3409201760543,565.7944139947609,305.3409201760543,1.0
9,1417,559.780674848516,300.3549086806201,554.780674848516,295.3549086806201,564.780674848516,305.3549086806201,1.0
9,1418,558.6393943009308,299.76176002780863,553.6393943009308,294.76176002780863,563.6393943009308,304.76176002780863,1.0
9,1419,558.1471406936679,299.60496698973367,553.1471406936679,294.60496698973367,563.1471406936679,304.60496698973367,1.0
9,1420,557.1921671891711,298.7891801101068,552.1921671891711,293.7891801101068,562.1921671891711,303.7891801101068,1.0
9,1421,555.5553486204208,298.49951261192047,550.5553486204208,293.49951261192047,560.5553486204208,303.49951261192047,1.0
9,1422,555.5461131217594,298.9721878514374,550.5461131217594,293.9721878514374,560.5461131217594,303.9721878514374,1.0
9,1423,555.394591717411,299.11839196337576,550.394591717411,294.11839196337576,560.394591717411,304.11839196337576,1.0
9,1424,554.6695885001627,299.74751066250906,549.6695885001627,294.74751066250906,559.6695885001627,304.74751066250906,1.0
9,1425,554.6967325812165,299.84179010604856,549.6967325812165,294.84179010604856,559.6967325812165,304.84179010604856,1.0
9,1426,554.2643059097634,299.4431818556029,549.2643059097634,294.4431818556029,559.2643059097634,304.4431818556029,1.0
9,1427,553.6408939314057,299.1799026167102,548.6408939314057,294.1799026167102,558.6408939314057,304.1799026167102,1.0
9,1428,552.4888027622856,299.3928658406549,547.4888027622856,294.3928658406549,557.4888027622856,304.3928658406549,1.0
9,1429,551.0867115204544,299.6613183260107,546.0867115204544,294.6613183260107,556.0867115204544,304.6613183260107,1.0
9,1430,549.4086789647699,299.9452812203289,544.4086789647699,294.9452812203289,554.4086789647699,304.9452812203289,1.0
9,1431,548.7487566308895,300.68871205024504,543.7487566308895,295.68871205024504,553.7487566308895,305.68871205024504,1.0
9,1432,549.2069079109328,300.3809339954985,544.2069079109328,295.3809339954985,554.2069079109328,305.3809339954985,1.0
9,1433,549.5912047573715,300.2082455993017,544.5912047573715,295.2082455993017,554.5912047573715,305.2082455993017,1.0
9,1434,549.9440311484915,300.25488018281527,544.9440311484915,295.25488018281527,554.9440311484915,305.25488018281527,1.0
9,1435,550.867791114711,300.3574381748448,545.867791114711,295.3574381748448,555.867791114711,305.3574381748448,1.0
9,1436,551.376082510016,300.92835880497694,546.376082510016,295.92835880497694,556.376082510016,305.92835880497694,1.0
9,1437,551.9899298698001,302.5908733272239,546.9899298698001,297.5908733272239,556.9899298698001,307.5908733272239,1.0
9,1438,551.9853394028343,303.9057813832335,546.9853394028343,298.9057813832335,556.9853394028343,308.9057813832335,1.0
9,1439,551.0691908795585,305.39477719192104,546.0691908795585,300.39477719192104,556.0691908795585,310.39477719192104,1.0
9,1440,549.6655053056977,306.54715536061485,544.6655053056977,301.54715536061485,554.6655053056977,311.54715536061485,1.0
9,1441,548.187315824438,307.1892200594796,543.187315824438,302.1892200594796,553.187315824438,312.1892200594796,1.0
9,1442,547.8577385245615,307.21117272420764,542.8577385245615,302.21117272420764,552.8577385245615,312.21117272420764,1.0
9,1443,547.9609619228556,308.1709679194515,542.9609619228556,303.1709679194515,552.9609619228556,313.1709679194515,1.0
9,1444,548.0302292187001,309.58246716469995,543.0302292187001,304.58246716469995,553.0302292187001,314.58246716469995,1.0
9,1445,548.0352515083878,310.31400271800993,543.0352515083878,305.31400271800993,553.0352515083878,315.31400271800993,1.0
9,1446,548.5003509904979,310.5680711395207,543.5003509904979,305.5680711395207,553.5003509904979,315.5680711395207,1.0
9,1447,548.1278986207301,310.3073277739071,543.1278986207301,305.3073277739071,553.1278986207301,315.3073277739071,1.0
9,1448,547.4388496487366,310.29710983754643,542.4388496487366,305.29710983754643,552.4388496487366,315.29710983754643,1.0
9,1449,546.5323848184673,310.4346774210267,541.5323848184673,305.4346774210267,551.5323848184673,315.4346774210267,1.0
9,1450,545.7416976039168,310.60669325836903,540.7416976039168,305.60669325836903,550.7416976039168,315.60669325836903,1.0
9,1451,545.1616450752357,310.10980869541277,540.1616450752357,305.10980869541277,550.1616450752357,315.10980869541277,1.0
9,1452,545.1760862006405,309.54335169088847,540.1760862006405,304.54335169088847,550.1760862006405,314.54335169088847,1.0
9,1453,545.2800201370396,309.4287494390038,540.2800201370396,304.4287494390038,550.2800201370396,314.4287494390038,1.0
9,1454,545.1605625329801,308.3658291668363,540.1605625329801,303.3658291668363,550.1605625329801,313.3658291668363,1.0
9,1455,545.6293580922951,306.74263757320205,540.6293580922951,301.74263757320205,550.6293580922951,311.74263757320205,1.0
9,1456,544.5528386902715,305.82591208327506,539.5528386902715,300.82591208327506,549.5528386902715,310.82591208327506,1.0
9,1457,544.7268159545819,304.99226482683804,539.7268159545819,299.99226482683804,549.7268159545819,309.99226482683804,1.0
9,1458,544.9177829505423,304.43863075837726,539.9177829505423,299.43863075837726,549.9177829505423,309.43863075837726,1.0
9,1459,545.1982180834906,303.6543771618799,540.1982180834906,298.6543771618799,550.1982180834906,308.6543771618799,1.0
9,1460,546.1025739347969,304.0524746881137,541.1025739347969,299.0524746881137,551.1025739347969,309.0524746881137,1.0
9,1461,546.6441092064928,305.1049402808712,541.6441092064928,300.1049402808712,551.6441092064928,310.1049402808712,1.0
9,1462,545.6984299940152,305.8396766011742,540.6984299940152,300.8396766011742,550.6984299940152,310.8396766011742,1.0
9,1463,545.0971079225335,306.81699576945744,540.0971079225335,301.81699576945744,550.0971079225335,311.81699576945744,1.0
9,1464,544.3784707215325,306.66591408900905,539.3784707215325,301.66591408900905,549.3784707215325,311.66591408900905,1.0
9,1465,544.4245338123233,306.43003718180927,539.4245338123233,301.43003718180927,549.4245338123233,311.43003718180927,1.0
9,1466,544.0268887065553,305.68134706668116,539.0268887065553,300.68134706668116,549.0268887065553,310.68134706668116,1.0
9,1467,543.8625345893631,304.9151957572057,538.8625345893631,299.9151957572057,548.8625345893631,309.9151957572057,1.0
9,1468,544.2021549651017,304.28724262431456,539.2021549651017,299.28724262431456,549.2021549651017,309.28724262431456,1.0
9,1469,544.9620685394684,302.9225165265071,539.9620685394684,297.9225165265071,549.9620685394684,307.9225165265071,1.0
10,1217,151.5,334.0,146.5,329.0,156.5,339.0,1.0
10,1218,150.5336170959947,333.21035227374216,145.5336170959947,328.21035227374216,155.5336170959947,338.21035227374216,1.0
10,1219,149.90883487077122,332.3716381817651,144.90883487077122,327.3716381817651,154.90883487077122,337.3716381817651,1.0
10,1220,150.1476230095003,331.8376689302908,145.1476230095003,326.8376689302908,155.1476230095003,336.8376689302908,1.0
10,1221,150.9966889729671,331.2209975559823,145.9966889729671,326.2209975559823,155.9966889729671,336.2209975559823,1.0
10,1222,151.68838096343057,330.95167038481435,146.68838096343057,325.95167038481435,156.68838096343057,335.95167038481435,1.0
10,1223,150.91994556530116,330.84186001514024,145.91994556530116,325.84186001514024,155.91994556530116,335.84186001514024,1.0
10,1224,150.82458148598664,331.17402969886825,145.82458148598664,326.17402969886825,155.82458148598664,336.17402969886825,1.0
10,1225,150.7658778972601,331.2601077003715,145.7658778972601,326.2601077003715,155.7658778972601,336.2601077003715,1.0
10,1226,150.07212033984558,331.50401198516823,145.07212033984558,326.50401198516823,155.07212033984558,336.50401198516823,1.0
10,1227,148.64358844828317,331.6637273220981,143.64358844828317,326.6637273220981,153.64358844828317,336.6637273220981,1.0
10,1228,148.20919592722686,331.3842775286217,143.20919592722686,326.3842775286217,153.20919592722686,336.3842775286217,1.0
10,1229,146.9910461281687,330.94033048879976,141.9910461281687,325.94033048879976,151.9910461281687,335.94033048879976,1.0
10,1230,145.71299331876904,331.00247945852675,140.71299331876904,326.00247945852675,150.71299331876904,336.00247945852675,1.0
10,1231,144.0698943414659,330.91745511835194,139.0698943414659,325.91745511835194,149.0698943414659,335.91745511835194,1.0
10,1232,142.69419786035357,331.08508207876287,137.69419786035357,326.08508207876287,147.69419786035357,336.08508207876287,1.0
10,1233,141.50436251623702,332.0493149736882,136.50436251623702,327.0493149736882,146.50436251623702,337.0493149736882,1.0
10,1234,139.6358449644049,332.75130463385847,134.6358449644049,327.75130463385847,144.6358449644049,337.75130463385847,1.0
10,1235,138.41667414147756,333.80101670429553,133.41667414147756,328.80101670429553,143.41667414147756,338.80101670429553,1.0
10,1236,138.19200853744755,334.33422895285247,133.19200853744755,329.33422895285247,143.19200853744755,339.33422895285247,1.0
10,1237,138.51814975255522,334.3605512425385,133.51814975255522,329.3605512425385,143.51814975255522,339.3605512425385,1.0
10,1238,137.7117854380213,334.3316905901544,132.7117854380213,329.3316905901544,142.7117854380213,339.3316905901544,1.0
10,1239,137.9312007310488,334.6297429682971,132.9312007310488,329.6297429682971,142.9312007310488,339.6297429682971,1.0
10,1240,137.76234998545473,334.8120642970314,132.76234998545473,329.8120642970314,142.76234998545473,339.8120642970314,1.0
10,1241,137.91794416042504,333.52146964541515,132.91794416042504,328.52146964541515,142.91794416042504,338.52146964541515,1.0
10,1242,138.8442074507684,332.81601031819037,133.8442074507684,327.81601031819037,143.8442074507684,337.81601031819037,1.0
10,1243,139.2341688393421,332.19465644957313,134.2341688393421,327.19465644957313,144.2341688393421,337.19465644957313,1.0
10,1244,139.06125073014798,332.5189431162849,134.06125073014798,327.5189431162849,144.06125073014798,337.5189431162849,1.0
10,1245,139.19397384781132,333.60716708068,134.19397384781132,328.60716708068,144.19397384781132,338.60716708068,1.0
10,1246,138.7512188301112,335.27141569755736,133.7512188301112,330.27141569755736,143.7512188301112,340.27141569755736,1.0
10,1247,137.45702289916892,336.93339366780936,132.45702289916892,331.93339366780936,142.45702289916892,341.93339366780936,1.0
10,1248,136.99223609768129,338.6754403128549,131.99223609768129,333.6754403128549,141.99223609768129,343.6754403128549,1.0
10,1249,137.50992044993404,340.24250044718895,132.50992044993404,335.24250044718895,142.50992044993404,345.24250044718895,1.0
10,1250,136.6672832284076,340.72920915725535,131.6672832284076,335.72920915725535,141.6672832284076,345.72920915725535,1.0
10,1251,136.7982291996409,341.1098422412989,131.7982291996409,336.1098422412989,141.7982291996409,346.1098422412989,1.0
10,1252,137.05933393323735,341.34899712189156,132.05933393323735,336.34899712189156,142.05933393323735,346.34899712189156,1.0
10,1253,136.35296049375293,342.6170307024389,131.35296049375293,337.6170307024389,141.35296049375293,347.6170307024389,1.0
10,1254,135.65881656775875,344.9410402366393,130.65881656775875,339.9410402366393,140.65881656775875,349.9410402366393,1.0
10,1255,135.17966707096366,347.0028881748831,130.17966707096366,342.0028881748831,140.17966707096366,352.0028881748831,1.0
10,1256,134.7238818160107,348.59206424245656,129.7238818160107,343.59206424245656,139.7238818160107,353.59206424245656,1.0
10,1257,134.65663177695797,348.8842514926466,129.65663177695797,343.8842514926466,139.65663177695797,353.8842514926466,1.0
10,1258,134.08923134132138,349.3089499254967,129.08923134132138,344.3089499254967,139.08923134132138,354.3089499254967,1.0
10,1259,133.24913445430792,349.56137078962985,128.24913445430792,344.56137078962985,138.24913445430792,354.56137078962985,1.0
10,1260,132.62431874962442,349.18251353826327,127.62431874962442,344.18251353826327,137.62431874962442,354.18251353826327,1.0
10,1261,131.42046217539647,349.6005557326404,126.42046217539647,344.6005557326404,136.42046217539647,354.6005557326404,1.0
10,1262,130.03013383867474,349.7179061945989,125.03013383867474,344.7179061945989,135.03013383867474,354.7179061945989,1.0
10,1263,129.18898017537222,348.91188693444894,124.18898017537222,343.91188693444894,134.18898017537222,353.91188693444894,1.0
10,1264,129.5253866839015,348.32522443165175,124.5253866839015,343.32522443165175,134.5253866839015,353.32522443165175,1.0
10,1265,129.46015249559025,348.2298500519582,124.46015249559025,343.2298500519582,134.46015249559025,353.2298500519582,1.0
10,1266,127.7593622011991,347.9836970203655,122.7593622011991,342.9836970203655,132.7593622011991,352.9836970203655,1.0
10,1267,127.33311315409564,348.6202063259601,122.33311315409564,343.6202063259601,132.33311315409566,353.6202063259601,1.0
10,1268,126.89506173268319,349.0222896532738,121.89506173268319,344.0222896532738,131.8950617326832,354.0222896532738,1.0
10,1269,127.19230652626189,348.1974625531789,122.19230652626189,343.1974625531789,132.1923065262619,353.1974625531789,1.0
10,1270,128.26913402530326,348.7248396130717,123.26913402530326,343.7248396130717,133.26913402530326,353.7248396130717,1.0
10,1271,128.8733159688399,349.01787497705647,123.8733159688399,344.01787497705647,133.8733159688399,354.01787497705647,1.0
10,1272,128.2415342498069,349.3398031164092,123.2415342498069,344.3398031164092,133.2415342498069,354.3398031164092,1.0
10,1273,128.55191277226464,349.61448633974976,123.55191277226464,344.61448633974976,133.55191277226464,354.61448633974976,1.0
10,1274,128.0980061746752,349.1359670314042,123.09800617467519,344.1359670314042,133.0980061746752,354.1359670314042,1.0
10,1275,128.76266716524935,348.8691427378008,123.76266716524935,343.8691427378008,133.76266716524935,353.8691427378008,1.0
10,1276,129.04965980545435,348.8606697106563,124.04965980545435,343.8606697106563,134.04965980545435,353.8606697106563,1.0
10,1277,129.49887052499264,348.917146135465,124.49887052499264,343.917146135465,134.49887052499264,353.917146135465,1.0
10,1278,129.600854733715,349.9133033636525,124.60085473371501,344.9133033636525,134.600854733715,354.9133033636525,1.0
10,1279,129.48000627114618,349.756743776314,124.48000627114618,344.756743776314,134.48000627114618,354.756743776314,1.0
10,1280,129.6830712260097,349.2186850501433,124.6830712260097,344.2186850501433,134.6830712260097,354.2186850501433,1.0
10,1281,128.89463016676552,350.27428483442645,123.89463016676552,345.27428483442645,133.89463016676552,355.27428483442645,1.0
10,1282,128.60324367040113,351.6536899821725,123.60324367040113,346.6536899821725,133.60324367040113,356.6536899821725,1.0
10,1283,128.49253848693365,351.37848904879286,123.49253848693365,346.37848904879286,133.49253848693365,356.37848904879286,1.0
10,1284,128.3826989845381,351.1528527677573,123.38269898453811,346.1528527677573,133.3826989845381,356.1528527677573,1.0
10,1285,128.7107726216251,351.4639005967572,123.7107726216251,346.4639005967572,133.7107726216251,356.4639005967572,1.0
10,1286,128.48842858883557,351.3939246355559,123.48842858883557,346.3939246355559,133.48842858883557,356.3939246355559,1.0
10,1287,127.09275353077233,351.0668742613446,122.09275353077233,346.0668742613446,132.0927535307723,356.0668742613446,1.0
10,1288,127.00012790241459,350.9108803063237,122.00012790241459,345.9108803063237,132.0001279024146,355.9108803063237,1.0
10,1289,125.95445786661257,350.79284335887195,120.95445786661257,345.79284335887195,130.9544578666126,355.79284335887195,1.0
10,1290,124.23501679837413,350.89069974978327,119.23501679837413,345.89069974978327,129.23501679837415,355.89069974978327,1.0
10,1291,122.62650057511675,350.4619112229511,117.62650057511675,345.4619112229511,127.62650057511675,355.4619112229511,1.0
10,1292,122.32063122148966,350.593804844517,117.32063122148966,345.593804844517,127.32063122148966,355.593804844517,1.0
10,1293,122.3362868993525,349.8862457615115,117.3362868993525,344.8862457615115,127.3362868993525,354.8862457615115,1.0
10,1294,122.15095168408362,350.30080118262674,117.15095168408362,345.30080118262674,127.15095168408362,355.30080118262674,1.0
10,1295,121.18452406037332,350.459827446666,116.18452406037332,345.459827446666,126.18452406037332,355.459827446666,1.0
10,1296,120.34258085341521,351.17971748596614,115.34258085341521,346.17971748596614,125.34258085341521,356.17971748596614,1.0
10,1297,119.86566628275379,349.87466684513555,114.86566628275379,344.87466684513555,124.86566628275379,354.87466684513555,1.0
10,1298,119.69873432938633,348.6328784630176,114.69873432938633,343.6328784630176,124.69873432938633,353.6328784630176,1.0
10,1299,119.25999907878673,347.66591728314165,114.25999907878673,342.66591728314165,124.25999907878673,352.66591728314165,1.0
10,1300,118.03346645241093,346.7895984454101,113.03346645241093,341.7895984454101,123.03346645241093,351.7895984454101,1.0
10,1301,117.64700888869439,347.0408868110956,112.64700888869439,342.0408868110956,122.64700888869439,352.0408868110956,1.0
10,1302,117.29439628355772,347.2332171555761,112.29439628355772,342.2332171555761,122.29439628355772,352.2332171555761,1.0
10,1303,116.97273779579703,347.93079264350786,111.97273779579703,342.93079264350786,121.97273779579703,352.93079264350786,1.0
10,1304,117.17869468320436,347.3033342697941,112.17869468320436,342.3033342697941,122.17869468320436,352.3033342697941,1.0
10,1305,117.9674235081252,348.3888177077043,112.9674235081252,343.3888177077043,122.9674235081252,353.3888177077043,1.0
10,1306,117.9966395480765,349.85862032048885,112.9966395480765,344.85862032048885,122.9966395480765,354.85862032048885,1.0
10,1307,118.69604240548102,351.0989996266893,113.69604240548102,346.0989996266893,123.69604240548102,356.0989996266893,1.0
10,1308,119.73283563733733,351.3073980504099,114.73283563733733,346.3073980504099,124.73283563733733,356.3073980504099,1.0
10,1309,121.46634293109852,352.04232874372906,116.46634293109852,347.04232874372906,126.46634293109852,357.04232874372906,1.0
10,1310,122.3818851404972,352.4710912107057,117.3818851404972,347.4710912107057,127.3818851404972,357.4710912107057,1.0
10,1311,122.75557176841903,352.98119479038417,117.75557176841903,347.98119479038417,127.75557176841903,357.98119479038417,1.0
10,1312,123.12685128818518,352.8969519744963,118.12685128818518,347.8969519744963,128.12685128818518,357.8969519744963,1.0
10,1313,122.5300262737903,351.51343722317074,117.5300262737903,346.51343722317074,127.5300262737903,356.51343722317074,1.0
10,1314,121.75499244447042,349.9641191216297,116.75499244447042,344.9641191216297,126.75499244447042,354.9641191216297,1.0
10,1315,121.41299028540054,349.3374430797052,116.41299028540054,344.3374430797052,126.41299028540054,354.3374430797052,1.0
10,1316,121.17896913064499,347.89544656059707,116.17896913064499,342.89544656059707,126.17896913064499,352.89544656059707,1.0
10,1317,121.31981236474171,347.2179709856501,116.31981236474171,342.2179709856501,126.31981236474171,352.2179709856501,1.0
10,1318,122.69226793421201,346.40476261291815,117.69226793421201,341.40476261291815,127.69226793421201,351.40476261291815,1.0
10,1319,123.86734907522496,346.0840170808608,118.86734907522496,341.0840170808608,128.86734907522498,351.0840170808608,1.0
10,1320,125.5793511361938,345.6281057197547,120.5793511361938,340.6281057197547,130.5793511361938,350.6281057197547,1.0
10,1321,125.76248900484563,344.62266266728426,120.76248900484563,339.62266266728426,130.76248900484563,349.62266266728426,1.0
10,1322,125.91999990931465,344.9531599857202,120.91999990931465,339.9531599857202,130.91999990931464,349.9531599857202,1.0
10,1323,126.47389820363577,345.20788450998515,121.47389820363577,340.20788450998515,131.47389820363577,350.20788450998515,1.0
10,1324,127.78156318630226,345.39432927640024,122.78156318630226,340.39432927640024,132.78156318630226,350.39432927640024,1.0
10,1325,128.93520968697092,345.2452887924491,123.93520968697092,340.2452887924491,133.93520968697092,350.2452887924491,1.0
10,1326,129.53600445052956,345.58051974548914,124.53600445052956,340.58051974548914,134.53600445052956,350.58051974548914,1.0
10,1327,130.1477476768474,345.59256467124834,125.14774767684739,340.59256467124834,135.1477476768474,350.59256467124834,1.0
10,1328,130.649825708431,345.4963309931717,125.649825708431,340.4963309931717,135.649825708431,350.4963309931717,1.0
10,1329,131.76431232381145,344.5015005377697,126.76431232381145,339.5015005377697,136.76431232381145,349.5015005377697,1.0
10,1330,132.07180761347982,342.4797419153563,127.07180761347982,337.4797419153563,137.07180761347982,347.4797419153563,1.0
10,1331,131.7012045041741,341.66806753958764,126.70120450417409,336.66806753958764,136.7012045041741,346.66806753958764,1.0
10,1332,130.9044264266954,340.33222382695504,125.90442642669541,335.33222382695504,135.9044264266954,345.33222382695504,1.0
10,1333,130.21031107871477,340.20308432400327,125.21031107871477,335.20308432400327,135.21031107871477,345.20308432400327,1.0
10,1334,130.0143049190822,340.3752971299544,125.0143049190822,335.3752971299544,135.0143049190822,345.3752971299544,1.0
10,1335,129.41454229143537,340.2503749178038,124.41454229143537,335.2503749178038,134.41454229143537,345.2503749178038,1.0
10,1336,129.24180806285906,339.88120802653134,124.24180806285906,334.88120802653134,134.24180806285906,344.88120802653134,1.0
10,1337,129.3572115156295,339.6950632583612,124.3572115156295,334.6950632583612,134.3572115156295,344.6950632583612,1.0
10,1338,128.84480347247663,339.15045672587854,123.84480347247663,334.15045672587854,133.84480347247663,344.15045672587854,1.0
10,1339,128.3748605799389,337.6382803566909,123.37486057993891,332.6382803566909,133.3748605799389,342.6382803566909,1.0
10,1340,127.66349430206866,337.3120386520839,122.66349430206866,332.3120386520839,132.66349430206867,342.3120386520839,1.0
10,1341,126.38349433141693,337.05348903905127,121.38349433141693,332.05348903905127,131.38349433141693,342.05348903905127,1.0
10,1342,125.57093440836326,336.95810635087867,120.57093440836326,331.95810635087867,130.57093440836326,341.95810635087867,1.0
10,1343,125.5760487168675,337.0170867191125,120.5760487168675,332.0170867191125,130.5760487168675,342.0170867191125,1.0
10,1344,125.24413008081923,337.5406465579328,120.24413008081923,332.5406465579328,130.24413008081922,342.5406465579328,1.0
10,1345,124.6333150491324,338.12978861709223,119.6333150491324,333.12978861709223,129.63331504913242,343.12978861709223,1.0
10,1346,123.9219801520592,338.817554981007,118.9219801520592,333.817554981007,128.9219801520592,343.817554981007,1.0
10,1347,123.57126270128803,340.1676578748995,118.57126270128803,335.1676578748995,128.57126270128805,345.1676578748995,1.0
10,1348,122.64767292463978,340.2439189488384,117.64767292463978,335.2439189488384,127.64767292463978,345.2439189488384,1.0
10,1349,121.10331065203444,339.2464827370015,116.10331065203444,334.2464827370015,126.10331065203444,344.2464827370015,1.0
10,1350,120.37914702822881,338.4910242360425,115.37914702822881,333.4910242360425,125.37914702822881,343.4910242360425,1.0
10,1351,120.28529354169913,337.4713346983988,115.28529354169913,332.4713346983988,125.28529354169913,342.4713346983988,1.0
10,1352,120.44942276499324,337.7031508077708,115.44942276499324,332.7031508077708,125.44942276499324,342.7031508077708,1.0
10,1353,121.56851739425679,337.4222187921971,116.56851739425679,332.4222187921971,126.56851739425679,342.4222187921971,1.0
10,1354,121.7121116577,338.3766095858729,116.7121116577,333.3766095858729,126.7121116577,343.3766095858729,1.0
10,1355,122.20533793460785,338.9581171886144,117.20533793460785,333.9581171886144,127.20533793460785,343.9581171886144,1.0
10,1356,122.87375267885758,338.78370518330263,117.87375267885758,333.78370518330263,127.87375267885758,343.78370518330263,1.0
10,1357,123.30022567305285,338.75863016331937,118.30022567305285,333.75863016331937,128.30022567305286,343.75863016331937,1.0
10,1358,123.02297656794124,339.06680707960265,118.02297656794124,334.06680707960265,128.02297656794124,344.06680707960265,1.0
10,1359,122.4594695835984,338.4300482094875,117.4594695835984,333.4300482094875,127.4594695835984,343.4300482094875,1.0
10,1360,121.44743131349225,337.8875260292279,116.44743131349225,332.8875260292279,126.44743131349225,342.8875260292279,1.0
10,1361,121.31455671224288,336.8490620893268,116.31455671224288,331.8490620893268,126.31455671224288,341.8490620893268,1.0
10,1362,121.09515329687027,336.60787472292157,116.09515329687027,331.60787472292157,126.09515329687027,341.60787472292157,1.0
10,1363,121.66723842430108,336.664854927154,116.66723842430108,331.664854927154,126.66723842430108,341.664854927154,1.0
10,1364,121.93865114039976,337.2755271649199,116.93865114039976,332.2755271649199,126.93865114039976,342.2755271649199,1.0
10,1365,122.85357169282506,336.69086720568345,117.85357169282506,331.69086720568345,127.85357169282506,341.69086720568345,1.0
10,1366,123.00051010812291,335.4941014358311,118.00051010812291,330.4941014358311,128.0005101081229,340.4941014358311,1.0
10,1367,123.43869804823474,334.5847721701662,118.43869804823474,329.5847721701662,128.43869804823476,339.5847721701662,1.0
10,1368,124.9009128156919,333.807057317809,119.9009128156919,328.807057317809,129.9009128156919,338.807057317809,1.0
10,1369,124.94205641358784,333.575575247309,119.94205641358784,328.575575247309,129.94205641358784,338.575575247309,1.0
10,1370,124.89505290022959,332.7940747689637,119.89505290022959,327.7940747689637,129.8950529002296,337.7940747689637,1.0
10,1371,125.56952900078292,332.8105745458605,120.56952900078292,327.8105745458605,130.56952900078292,337.8105745458605,1.0
10,1372,125.7587818055253,332.88188664967026,120.7587818055253,327.88188664967026,130.7587818055253,337.88188664967026,1.0
10,1373,125.80415165285685,333.5272917219149,120.80415165285685,328.5272917219149,130.80415165285683,338.5272917219149,1.0
10,1374,126.86997849918444,333.5722361899462,121.86997849918444,328.5722361899462,131.86997849918444,338.5722361899462,1.0
10,1375,127.78460313564077,332.55021674629006,122.78460313564077,327.55021674629006,132.78460313564077,337.55021674629006,1.0
10,1376,128.5749348738389,331.20517491827394,123.57493487383891,326.20517491827394,133.5749348738389,336.20517491827394,1.0
10,1377,129.89922292195095,329.78352452128416,124.89922292195095,324.78352452128416,134.89922292195095,334.78352452128416,1.0
10,1378,131.70165390326076,329.4453954366824,126.70165390326076,324.4453954366824,136.70165390326076,334.4453954366824,1.0
10,1379,134.0795934979706,329.49149055329264,129.0795934979706,324.49149055329264,139.0795934979706,334.49149055329264,1.0
10,1380,135.77947694880356,329.90062474123954,130.77947694880356,324.90062474123954,140.77947694880356,334.90062474123954,1.0
10,1381,136.1640537718722,330.3404248743377,131.1640537718722,325.3404248743377,141.1640537718722,335.3404248743377,1.0
10,1382,136.71889386553732,330.79573624279135,131.71889386553732,325.79573624279135,141.71889386553732,335.79573624279135,1.0
10,1383,136.5484188329393,332.4054149461028,131.5484188329393,327.4054149461028,141.5484188329393,337.4054149461028,1.0
10,1384,135.57080373157135,332.5731907743382,130.57080373157135,327.5731907743382,140.57080373157135,337.5731907743382,1.0
10,1385,135.50126358334612,333.06063274488963,130.50126358334612,328.06063274488963,140.50126358334612,338.06063274488963,1.0
10,1386,135.31336162714976,333.393137480782,130.31336162714976,328.393137480782,140.31336162714976,338.393137480782,1.0
10,1387,134.9704067960626,334.88625683902853,129.9704067960626,329.88625683902853,139.9704067960626,339.88625683902853,1.0
10,1388,134.86956034689976,336.52064796715194,129.86956034689976,331.52064796715194,139.86956034689976,341.52064796715194,1.0
10,1389,133.81099945089866,338.12846420599305,128.81099945089866,333.12846420599305,138.81099945089866,343.12846420599305,1.0
10,1390,133.64834280623785,338.994252476415,128.64834280623785,333.994252476415,138.64834280623785,343.994252476415,1.0
10,1391,133.29769874640945,339.303208407198,128.29769874640945,334.303208407198,138.29769874640945,344.303208407198,1.0
10,1392,132.875094785874,338.93497591816623,127.87509478587401,333.93497591816623,137.875094785874,343.93497591816623,1.0
10,1393,133.10961381554978,338.4268628454327,128.10961381554978,333.4268628454327,138.10961381554978,343.4268628454327,1.0
10,1394,133.8209422490558,338.6727967861512,128.8209422490558,333.6727967861512,138.8209422490558,343.6727967861512,1.0
10,1395,134.51273479047975,338.88099971797976,129.51273479047975,333.88099971797976,139.51273479047975,343.88099971797976,1.0
10,1396,134.90074772072947,338.8331934592168,129.90074772072947,333.8331934592168,139.90074772072947,343.8331934592168,1.0
10,1397,135.03376702608978,338.7698977578749,130.03376702608978,333.7698977578749,140.03376702608978,343.7698977578749,1.0
10,1398,134.54380726878117,338.6023831164376,129.54380726878117,333.6023831164376,139.54380726878117,343.6023831164376,1.0
10,1399,134.98055250845655,340.1105256195354,129.98055250845655,335.1105256195354,139.98055250845655,345.1105256195354,1.0
10,1400,136.13220033721672,341.58650202947376,131.13220033721672,336.58650202947376,141.13220033721672,346.58650202947376,1.0
10,1401,136.51513708406577,343.1422833375803,131.51513708406577,338.1422833375803,141.51513708406577,348.1422833375803,1.0
10,1402,137.03192919805085,344.7618683655167,132.03192919805085,339.7618683655167,142.03192919805085,349.7618683655167,1.0
10,1403,137.02743509585048,346.73553956181416,132.02743509585048,341.73553956181416,142.02743509585048,351.73553956181416,1.0
10,1404,137.31181660456744,347.9577793598599,132.31181660456744,342.9577793598599,142.31181660456744,352.9577793598599,1.0
10,1405,136.817214572715,348.1581277756782,131.817214572715,343.1581277756782,141.817214572715,353.1581277756782,1.0
10,1406,137.03054856637465,346.7392477194618,132.03054856637465,341.7392477194618,142.03054856637465,351.7392477194618,1.0
10,1407,137.76595372077838,346.1930103842039,132.76595372077838,341.1930103842039,142.76595372077838,351.1930103842039,1.0
10,1408,139.12140024318734,347.26496033018884,134.12140024318734,342.26496033018884,144.12140024318734,352.26496033018884,1.0
10,1409,139.8078898762164,347.9377857773367,134.8078898762164,342.9377857773367,144.8078898762164,352.9377857773367,1.0
10,1410,138.90380881912378,347.705098357668,133.90380881912378,342.705098357668,143.90380881912378,352.705098357668,1.0
10,1411,139.3135702410919,347.38934686152254,134.3135702410919,342.38934686152254,144.3135702410919,352.38934686152254,1.0
10,1412,139.03184153098942,348.2885498624682,134.03184153098942,343.2885498624682,144.03184153098942,353.2885498624682,1.0
10,1413,138.11514024981153,348.71119741833587,133.11514024981153,343.71119741833587,143.11514024981153,353.71119741833587,1.0
10,1414,136.90197338470807,349.43790995628757,131.90197338470807,344.43790995628757,141.90197338470807,354.43790995628757,1.0
10,1415,135.4744758451976,350.1563810502147,130.4744758451976,345.1563810502147,140.4744758451976,355.1563810502147,1.0
10,1416,133.2487752192086,350.9124239291006,128.2487752192086,345.9124239291006,138.2487752192086,355.9124239291006,1.0
10,1417,132.40048526127813,350.72484398475956,127.40048526127813,345.72484398475956,137.40048526127813,355.72484398475956,1.0
10,1418,132.03445071569033,350.4147454450416,127.03445071569033,345.4147454450416,137.03445071569033,355.4147454450416,1.0
10,1419,131.0982828874297,349.29168141654503,126.09828288742969,344.29168141654503,136.0982828874297,354.29168141654503,1.0
10,1420,130.68505202033992,347.94713412584014,125.68505202033992,342.94713412584014,135.68505202033992,352.94713412584014,1.0
10,1421,129.69207022438064,346.91002966280996,124.69207022438064,341.91002966280996,134.69207022438064,351.91002966280996,1.0
10,1422,128.08259281951018,345.75980920428515,123.08259281951018,340.75980920428515,133.08259281951018,350.75980920428515,1.0
10,1423,127.14568447541492,344.8128324432912,122.14568447541492,339.8128324432912,132.14568447541492,349.8128324432912,1.0
10,1424,125.68662605533163,344.1850721690989,120.68662605533163,339.1850721690989,130.68662605533163,349.1850721690989,1.0
10,1425,124.03767806303097,343.6569509264936,119.03767806303097,338.6569509264936,129.03767806303097,348.6569509264936,1.0
10,1426,122.879575141501,343.27526309654144,117.879575141501,338.27526309654144,127.879575141501,348.27526309654144,1.0
10,1427,121.28937342312548,343.93471818991304,116.28937342312548,338.93471818991304,126.28937342312548,348.93471818991304,1.0
10,1428,120.23173507116928,345.10853704412233,115.23173507116928,340.10853704412233,125.23173507116928,350.10853704412233,1.0
10,1429,118.87866089131609,345.303793959187,113.87866089131609,340.303793959187,123.87866089131609,350.303793959187,1.0
10,1430,119.18084421008885,344.50930272949915,114.18084421008885,339.50930272949915,124.18084421008885,349.50930272949915,1.0
10,1431,118.91062732547164,343.89445444918573,113.91062732547164,338.89445444918573,123.91062732547164,348.89445444918573,1.0
10,1432,117.93574986890722,342.9587087677369,112.93574986890722,337.9587087677369,122.93574986890722,347.9587087677369,1.0
10,1433,116.99425810690923,342.11760306436184,111.99425810690923,337.11760306436184,121.99425810690923,347.11760306436184,1.0
10,1434,115.85667386442216,341.81017654135707,110.85667386442216,336.81017654135707,120.85667386442216,346.81017654135707,1.0
10,1435,116.27267548263382,341.67841362014855,111.27267548263382,336.67841362014855,121.27267548263382,346.67841362014855,1.0
10,1436,116.05823108295219,342.6764293549492,111.05823108295219,337.6764293549492,121.05823108295219,347.6764293549492,1.0
10,1437,115.2899330679514,341.85867480113615,110.2899330679514,336.85867480113615,120.2899330679514,346.85867480113615,1.0
10,1438,114.65450208201602,341.4425790793606,109.65450208201602,336.4425790793606,119.65450208201602,346.4425790793606,1.0
10,1439,114.93979347650833,341.26401938831805,109.93979347650833,336.26401938831805,119.93979347650833,346.26401938831805,1.0
10,1440,113.60974737516901,341.23328898881323,108.60974737516901,336.23328898881323,118.60974737516901,346.23328898881323,1.0
10,1441,112.00479057333061,341.5690538221147,107.00479057333061,336.5690538221147,117.00479057333061,346.5690538221147,1.0
10,1442,111.6330127279823,342.5472909723379,106.6330127279823,337.5472909723379,116.6330127279823,347.5472909723379,1.0
10,1443,110.8852774716776,343.0410932836119,105.8852774716776,338.0410932836119,115.8852774716776,348.0410932836119,1.0
10,1444,110.91863771482389,344.50933150115935,105.91863771482389,339.50933150115935,115.91863771482389,349.50933150115935,1.0
10,1445,110.19717811875823,345.5148376539499,105.19717811875823,340.5148376539499,115.19717811875823,350.5148376539499,1.0
10,1446,108.74706450895214,345.4374143026743,103.74706450895214,340.4374143026743,113.74706450895214,350.4374143026743,1.0
10,1447,108.59569916704632,344.8988248530336,103.59569916704632,339.8988248530336,113.59569916704632,349.8988248530336,1.0
10,1448,108.35356847113357,344.8978879670332,103.35356847113357,339.8978879670332,113.35356847113357,349.8978879670332,1.0
10,1449,108.37602160593936,344.9920167896136,103.37602160593936,339.9920167896136,113.37602160593936,349.9920167896136,1.0
10,1450,108.2023051841271,345.0991221171942,103.2023051841271,340.0991221171942,113.2023051841271,350.0991221171942,1.0
10,1451,109.16828646733617,345.80541154874226,104.16828646733617,340.80541154874226,114.16828646733617,350.80541154874226,1.0
10,1452,110.2954839271759,347.3808732212262,105.2954839271759,342.3808732212262,115.2954839271759,352.3808732212262,1.0
10,1453,111.05152836128086,347.45917322936253,106.05152836128086,342.45917322936253,116.05152836128086,352.45917322936253,1.0
10,1454,111.70120857447012,348.6684824103528,106.70120857447012,343.6684824103528,116.70120857447012,353.6684824103528,1.0
10,1455,111.98610788333676,350.1847817111673,106.98610788333676,345.1847817111673,116.98610788333676,355.1847817111673,1.0
10,1456,111.7073325820451,350.72854632937623,106.7073325820451,345.72854632937623,116.7073325820451,355.72854632937623,1.0
10,1457,111.16566326738354,350.32864655856923,106.16566326738354,345.32864655856923,116.16566326738354,355.32864655856923,1.0
10,1458,110.92934089083398,350.57027226774227,105.92934089083398,345.57027226774227,115.92934089083398,355.57027226774227,1.0
10,1459,110.80587291995036,350.8171314314115,105.80587291995036,345.8171314314115,115.80587291995036,355.8171314314115,1.0
10,1460,110.3056459297959,351.64223901385066,105.3056459297959,346.64223901385066,115.3056459297959,356.64223901385066,1.0
10,1461,109.8298628551104,352.1237713182653,104.8298628551104,347.1237713182653,114.8298628551104,357.1237713182653,1.0
10,1462,109.69262564205658,352.4696826987773,104.69262564205658,347.4696826987773,114.69262564205658,357.4696826987773,1.0
10,1463,109.07971704948369,352.5325543326728,104.07971704948369,347.5325543326728,114.07971704948369,357.5325543326728,1.0
10,1464,108.8359404456618,353.53239268553403,103.8359404456618,348.53239268553403,113.8359404456618,358.53239268553403,1.0
10,1465,108.72955122449778,353.4895745155254,103.72955122449778,348.4895745155254,113.72955122449778,358.4895745155254,1.0
10,1466,107.64095026846164,353.84310632622083,102.64095026846164,348.84310632622083,112.64095026846164,358.84310632622083,1.0
10,1467,106.63866110807557,353.95988592921066,101.63866110807557,348.95988592921066,111.63866110807557,358.95988592921066,1.0
10,1468,105.94272431952422,353.3952837364733,100.94272431952422,348.3952837364733,110.94272431952422,358.3952837364733,1.0
10,1469,106.01382663707817,353.0785930986311,101.01382663707817,348.0785930986311,111.01382663707817,358.0785930986311,1.0
11,1217,380.0,397.5,375.0,392.5,385.0,402.5,1.0
11,1218,377.84697533763733,398.0496370895927,372.84697533763733,393.0496370895927,382.84697533763733,403.0496370895927,1.0
11,1219,376.32151015749105,398.1569983917964,371.32151015749105,393.1569983917964,381.32151015749105,403.1569983917964,1.0
11,1220,375.40211024003895,397.7283265158593,370.40211024003895,392.7283265158593,380.40211024003895,402.7283265158593,1.0
11,1221,375.2739110141047,398.32951190863264,370.2739110141047,393.32951190863264,380.2739110141047,403.32951190863264,1.0
11,1222,375.4600963703972,398.34507713344215,370.4600963703972,393.34507713344215,380.4600963703972,403.34507713344215,1.0
11,1223,376.547142390243,397.8683434305735,371.547142390243,392.8683434305735,381.547142390243,402.8683434305735,1.0
11,1224,377.53220240802443,397.3004802344189,372.53220240802443,392.3004802344189,382.53220240802443,402.3004802344189,1.0
11,1225,378.406854379891,397.5610523465453,373.406854379891,392.5610523465453,383.406854379891,402.5610523465453,1.0
11,1226,379.1819979838765,397.29414028029544,374.1819979838765,392.29414028029544,384.1819979838765,402.29414028029544,1.0
11,1227,379.2527793911191,397.1184425005386,374.2527793911191,392.1184425005386,384.2527793911191,402.1184425005386,1.0
11,1228,377.99401275766445,396.8253649150146,372.99401275766445,391.8253649150146,382.99401275766445,401.8253649150146,1.0
11,1229,377.6895868745913,396.7190101342819,372.6895868745913,391.7190101342819,382.6895868745913,401.7190101342819,1.0
11,1230,376.97155259415536,396.0919172760957,371.97155259415536,391.0919172760957,381.97155259415536,401.0919172760957,1.0
11,1231,376.9147166111346,395.8269491759695,371.9147166111346,390.8269491759695,381.9147166111346,400.8269491759695,1.0
11,1232,378.23787005740434,396.0110993688815,373.23787005740434,391.0110993688815,383.23787005740434,401.0110993688815,1.0
11,1233,378.7806442320835,396.66489852999786,373.7806442320835,391.66489852999786,383.7806442320835,401.66489852999786,1.0
11,1234,378.6174975639135,396.93621480154627,373.6174975639135,391.93621480154627,383.6174975639135,401.93621480154627,1.0
11,1235,379.3052483854881,396.86324363163743,374.3052483854881,391.86324363163743,384.3052483854881,401.86324363163743,1.0
11,1236,379.76309082180325,397.0297192318369,374.76309082180325,392.0297192318369,384.76309082180325,402.0297192318369,1.0
11,1237,379.8881050025126,396.776587178413,374.8881050025126,391.776587178413,384.8881050025126,401.776587178413,1.0
11,1238,380.2069949460899,396.29836499810256,375.2069949460899,391.29836499810256,385.2069949460899,401.29836499810256,1.0
11,1239,380.0117291300412,396.7842601963644,375.0117291300412,391.7842601963644,385.0117291300412,401.7842601963644,1.0
11,1240,379.5079523052424,396.9644811961622,374.5079523052424,391.9644811961622,384.5079523052424,401.9644811961622,1.0
11,1241,378.8519553892041,397.20152435889753,373.8519553892041,392.20152435889753,383.8519553892041,402.20152435889753,1.0
11,1242,377.7697835989358,397.3464549793432,372.7697835989358,392.3464549793432,382.7697835989358,402.3464549793432,1.0
11,1243,377.1242596652131,396.0084188759153,372.1242596652131,391.0084188759153,382.1242596652131,401.0084188759153,1.0
11,1244,376.24103453424334,394.82090362903153,371.24103453424334,389.82090362903153,381.24103453424334,399.82090362903153,1.0
11,1245,375.2027037206513,393.3904724490463,370.2027037206513,388.3904724490463,380.2027037206513,398.3904724490463,1.0
11,1246,375.0390799405433,392.7550942653662,370.0390799405433,387.7550942653662,380.0390799405433,397.7550942653662,1.0
11,1247,374.74262696139493,391.2909784091188,369.74262696139493,386.2909784091188,379.74262696139493,396.2909784091188,1.0
11,1248,374.7878415854518,390.4257577924712,369.7878415854518,385.4257577924712,379.7878415854518,395.4257577924712,1.0
11,1249,375.69818357405956,389.7136774034095,370.69818357405956,384.7136774034095,380.69818357405956,394.7136774034095,1.0
11,1250,375.207401259124,389.00067869779923,370.207401259124,384.00067869779923,380.207401259124,394.00067869779923,1.0
11,1251,374.16825901144824,387.6566090408237,369.16825901144824,382.6566090408237,379.16825901144824,392.6566090408237,1.0
11,1252,374.39045109131905,386.03936551712906,369.39045109131905,381.03936551712906,379.39045109131905,391.03936551712906,1.0
11,1253,373.63381302523953,384.52767341223455,368.63381302523953,379.52767341223455,378.63381302523953,389.52767341223455,1.0
11,1254,373.8008335357229,383.600632212364,368.8008335357229,378.600632212364,378.8008335357229,388.600632212364,1.0
11,1255,373.98599092006805,382.53131037988567,368.98599092006805,377.53131037988567,378.98599092006805,387.53131037988567,1.0
11,1256,374.2844725881968,382.03975872928294,369.2844725881968,377.03975872928294,379.2844725881968,387.03975872928294,1.0
11,1257,374.16167252742304,381.6982084373893,369.16167252742304,376.6982084373893,379.16167252742304,386.6982084373893,1.0
11,1258,374.7978941141081,381.68754158412185,369.7978941141081,376.68754158412185,379.7978941141081,386.68754158412185,1.0
11,1259,375.3558676244807,381.83623273143616,370.3558676244807,376.83623273143616,380.3558676244807,386.83623273143616,1.0
11,1260,374.8121950724764,382.91900033636756,369.8121950724764,377.91900033636756,379.8121950724764,387.91900033636756,1.0
11,1261,375.25285917573103,383.8204934451802,370.25285917573103,378.8204934451802,380.25285917573103,388.8204934451802,1.0
11,1262,375.551851250739,384.23909504749594,370.551851250739,379.23909504749594,380.551851250739,389.23909504749594,1.0
11,1263,375.6189054801311,383.51414791958126,370.6189054801311,378.51414791958126,380.6189054801311,388.51414791958126,1.0
11,1264,376.0199507244795,383.19193060022894,371.0199507244795,378.19193060022894,381.0199507244795,388.19193060022894,1.0
11,1265,375.6574723230625,384.0842432760469,370.6574723230625,379.0842432760469,380.6574723230625,389.0842432760469,1.0
11,1266,374.85945239728704,384.56715727696104,369.85945239728704,379.56715727696104,379.85945239728704,389.56715727696104,1.0
11,1267,375.0673691503642,385.86456060000216,370.0673691503642,380.86456060000216,380.0673691503642,390.86456060000216,1.0
11,1268,375.56161953885066,385.36607223307726,370.56161953885066,380.36607223307726,380.56161953885066,390.36607223307726,1.0
11,1269,375.7852180764018,384.81491431814885,370.7852180764018,379.81491431814885,380.7852180764018,389.81491431814885,1.0
11,1270,376.216731431061,384.63982463503487,371.216731431061,379.63982463503487,381.216731431061,389.63982463503487,1.0
11,1271,377.71197368085114,385.33357873698026,372.71197368085114,380.33357873698026,382.71197368085114,390.33357873698026,1.0
11,1272,378.381440781008,385.4058849935702,373.381440781008,380.4058849935702,383.381440781008,390.4058849935702,1.0
11,1273,379.40273141148884,386.4769794363899,374.40273141148884,381.4769794363899,384.40273141148884,391.4769794363899,1.0
11,1274,380.11979870967065,387.2653378595466,375.11979870967065,382.2653378595466,385.11979870967065,392.2653378595466,1.0
11,1275,380.834863884046,388.59801276965345,375.834863884046,383.59801276965345,385.834863884046,393.59801276965345,1.0
11,1276,381.97401505401444,389.68035471397695,376.97401505401444,384.68035471397695,386.97401505401444,394.68035471397695,1.0
11,1277,381.56680103021716,391.3476713977653,376.56680103021716,386.3476713977653,386.56680103021716,396.3476713977653,1.0
11,1278,381.2144607598764,391.82769800240516,376.2144607598764,386.82769800240516,386.2144607598764,396.82769800240516,1.0
11,1279,381.0626747497411,392.73535745879667,376.0626747497411,387.73535745879667,386.0626747497411,397.73535745879667,1.0
11,1280,380.88347507826256,393.5211947646757,375.88347507826256,388.5211947646757,385.88347507826256,398.5211947646757,1.0
11,1281,380.6734220738319,393.5907979867455,375.6734220738319,388.5907979867455,385.6734220738319,398.5907979867455,1.0
11,1282,379.22014099216125,392.88612001826806,374.22014099216125,387.88612001826806,384.22014099216125,397.88612001826806,1.0
11,1283,376.78958845265737,393.1785327633345,371.78958845265737,388.1785327633345,381.78958845265737,398.1785327633345,1.0
11,1284,376.0496965398006,394.2156194708857,371.0496965398006,389.2156194708857,381.0496965398006,399.2156194708857,1.0
11,1285,376.94026850795825,394.70363280382827,371.94026850795825,389.70363280382827,381.94026850795825,399.70363280382827,1.0
11,1286,377.3697521062689,394.79318793538516,372.3697521062689,389.79318793538516,382.3697521062689,399.79318793538516,1.0
11,1287,377.77707442588667,393.8426645684475,372.77707442588667,388.8426645684475,382.77707442588667,398.8426645684475,1.0
11,1288,377.0053295347337,392.45318251881764,372.0053295347337,387.45318251881764,382.0053295347337,397.45318251881764,1.0
11,1289,375.9314382168464,391.96346530766806,370.9314382168464,386.96346530766806,380.9314382168464,396.96346530766806,1.0
11,1290,374.73380631814035,391.1202022651697,369.73380631814035,386.1202022651697,379.73380631814035,396.1202022651697,1.0
11,1291,374.2881651334282,390.53732308794815,369.2881651334282,385.53732308794815,379.2881651334282,395.53732308794815,1.0
11,1292,373.5608136658624,390.45965701296507,368.5608136658624,385.45965701296507,378.5608136658624,395.45965701296507,1.0
11,1293,372.4107135068078,390.7445513969367,367.4107135068078,385.7445513969367,377.4107135068078,395.7445513969367,1.0
11,1294,371.40396649812124,390.7933872230996,366.40396649812124,385.7933872230996,376.40396649812124,395.7933872230996,1.0
11,1295,369.82024466206155,390.4894791031313,364.82024466206155,385.4894791031313,374.82024466206155,395.4894791031313,1.0
11,1296,368.306949495348,390.4649377076285,363.306949495348,385.4649377076285,373.306949495348,395.4649377076285,1.0
11,1297,367.4260137919756,391.01508646412896,362.4260137919756,386.01508646412896,372.4260137919756,396.01508646412896,1.0
11,1298,367.23805153358785,390.25900156765874,362.23805153358785,385.25900156765874,372.23805153358785,395.25900156765874,1.0
11,1299,366.19358154293104,389.08154165602417,361.19358154293104,384.08154165602417,371.19358154293104,394.08154165602417,1.0
11,1300,365.921068501886,387.9671242346027,360.921068501886,382.9671242346027,370.921068501886,392.9671242346027,1.0
11,1301,365.6692586315697,387.2520703327449,360.6692586315697,382.2520703327449,370.6692586315697,392.2520703327449,1.0
11,1302,365.7848407385376,386.7876822617919,360.7848407385376,381.7876822617919,370.7848407385376,391.7876822617919,1.0
11,1303,365.6248709168267,386.68315801906573,360.6248709168267,381.68315801906573,370.6248709168267,391.68315801906573,1.0
11,1304,365.63831352910836,386.35967400514636,360.63831352910836,381.35967400514636,370.63831352910836,391.35967400514636,1.0
11,1305,365.04239718574763,386.65760616528985,360.04239718574763,381.65760616528985,370.04239718574763,391.65760616528985,1.0
11,1306,364.2500539076545,387.4317658293267,359.2500539076545,382.4317658293267,369.2500539076545,392.4317658293267,1.0
11,1307,363.17656450269897,387.8713962287226,358.17656450269897,382.8713962287226,368.17656450269897,392.8713962287226,1.0
11,1308,363.9935048124234,387.88411232325217,358.9935048124234,382.88411232325217,368.9935048124234,392.88411232325217,1.0
11,1309,365.1005853812207,388.090720594327,360.1005853812207,383.090720594327,370.1005853812207,393.090720594327,1.0
11,1310,367.5384528647258,388.2616177517941,362.5384528647258,383.2616177517941,372.5384528647258,393.2616177517941,1.0
11,1311,369.05078601821936,387.5771677563621,364.05078601821936,382.5771677563621,374.05078601821936,392.5771677563621,1.0
11,1312,369.66165505363796,386.7067449082075,364.66165505363796,381.7067449082075,374.66165505363796,391.7067449082075,1.0
11,1313,368.60710351166693,386.3838869592641,363.60710351166693,381.3838869592641,373.60710351166693,391.3838869592641,1.0
11,1314,367.9096964158027,387.1741218159608,362.9096964158027,382.1741218159608,372.9096964158027,392.1741218159608,1.0
11,1315,367.4550101139189,387.037943031662,362.4550101139189,382.037943031662,372.4550101139189,392.037943031662,1.0
11,1316,366.93329496038587,386.1626673232506,361.93329496038587,381.1626673232506,371.93329496038587,391.1626673232506,1.0
11,1317,366.50317411742503,386.58979609750907,361.50317411742503,381.58979609750907,371.50317411742503,391.58979609750907,1.0
11,1318,366.727909619508,387.30196799242424,361.727909619508,382.30196799242424,371.727909619508,392.30196799242424,1.0
11,1319,366.7485556192274,387.37269268420306,361.7485556192274,382.37269268420306,371.7485556192274,392.37269268420306,1.0
11,1320,366.4890936785614,386.91724703084265,361.4890936785614,381.91724703084265,371.4890936785614,391.91724703084265,1.0
11,1321,366.63504355399243,386.85621166505035,361.63504355399243,381.85621166505035,371.63504355399243,391.85621166505035,1.0
11,1322,367.99536966312576,387.66133664768364,362.99536966312576,382.66133664768364,372.99536966312576,392.66133664768364,1.0
11,1323,368.5658017027519,388.5722749596097,363.5658017027519,383.5722749596097,373.5658017027519,393.5722749596097,1.0
11,1324,369.69804390511683,388.58622655680824,364.69804390511683,383.58622655680824,374.69804390511683,393.58622655680824,1.0
11,1325,368.6033709375123,388.28015413047723,363.6033709375123,383.28015413047723,373.6033709375123,393.28015413047723,1.0
11,1326,368.1239102388533,388.4563909410537,363.1239102388533,383.4563909410537,373.1239102388533,393.4563909410537,1.0
11,1327,366.9242408743517,387.9993853992879,361.9242408743517,382.9993853992879,371.9242408743517,392.9993853992879,1.0
11,1328,367.917848414207,387.46480814195195,362.917848414207,382.46480814195195,372.917848414207,392.46480814195195,1.0
11,1329,368.5300074302078,387.3635165806749,363.5300074302078,382.3635165806749,373.5300074302078,392.3635165806749,1.0
11,1330,369.7609743704516,386.032006076459,364.7609743704516,381.032006076459,374.7609743704516,391.032006076459,1.0
11,1331,370.04191680261385,385.66253441852035,365.04191680261385,380.66253441852035,375.04191680261385,390.66253441852035,1.0
11,1332,370.7463741747163,385.54269799470904,365.7463741747163,380.54269799470904,375.7463741747163,390.54269799470904,1.0
11,1333,371.46030741381156,384.67229548737737,366.46030741381156,379.67229548737737,376.46030741381156,389.67229548737737,1.0
11,1334,371.13608226047086,383.5377397764061,366.13608226047086,378.5377397764061,376.13608226047086,388.5377397764061,1.0
11,1335,371.8033814959645,382.8392097145708,366.8033814959645,377.8392097145708,376.8033814959645,387.8392097145708,1.0
11,1336,372.6334485089326,382.349870475016,367.6334485089326,377.349870475016,377.6334485089326,387.349870475016,1.0
11,1337,374.04628346009525,382.47928781934195,369.04628346009525,377.47928781934195,379.04628346009525,387.47928781934195,1.0
11,1338,373.96626868175304,381.6316587598694,368.96626868175304,376.6316587598694,378.96626868175304,386.6316587598694,1.0
11,1339,372.533741958396,380.84870111037213,367.533741958396,375.84870111037213,377.533741958396,385.84870111037213,1.0
11,1340,372.18882966030975,380.5890435542577,367.18882966030975,375.5890435542577,377.18882966030975,385.5890435542577,1.0
11,1341,372.4737204112505,380.7769452011034,367.4737204112505,375.7769452011034,377.4737204112505,385.7769452011034,1.0
11,1342,372.3282604039093,380.98331426675713,367.3282604039093,375.98331426675713,377.3282604039093,385.98331426675713,1.0
11,1343,371.44054929903996,380.6217682944581,366.44054929903996,375.6217682944581,376.44054929903996,385.6217682944581,1.0
11,1344,370.9125533306683,380.70257923116117,365.9125533306683,375.70257923116117,375.9125533306683,385.70257923116117,1.0
11,1345,369.9010822454547,380.43965447840117,364.9010822454547,375.43965447840117,374.9010822454547,385.43965447840117,1.0
11,1346,368.29883681342574,380.52939348817927,363.29883681342574,375.52939348817927,373.29883681342574,385.52939348817927,1.0
11,1347,366.97185696814563,380.28826005678866,361.97185696814563,375.28826005678866,371.97185696814563,385.28826005678866,1.0
11,1348,365.5896290373166,380.84676474706447,360.5896290373166,375.84676474706447,370.5896290373166,385.84676474706447,1.0
11,1349,365.35606969401493,381.04680062414093,360.35606969401493,376.04680062414093,370.35606969401493,386.04680062414093,1.0
11,1350,366.2284841161208,380.56675892757374,361.2284841161208,375.56675892757374,371.2284841161208,385.56675892757374,1.0
11,1351,366.13731322118747,380.7890083433443,361.13731322118747,375.7890083433443,371.13731322118747,385.7890083433443,1.0
11,1352,366.3406513863322,380.35595016504436,361.3406513863322,375.35595016504436,371.3406513863322,385.35595016504436,1.0
11,1353,366.5291248604584,379.67733884305034,361.5291248604584,374.67733884305034,371.5291248604584,384.67733884305034,1.0
11,1354,366.7202133322206,378.55111793042414,361.7202133322206,373.55111793042414,371.7202133322206,383.55111793042414,1.0
11,1355,368.02450314338967,378.41122383977057,363.02450314338967,373.41122383977057,373.02450314338967,383.41122383977057,1.0
11,1356,369.4839125551442,377.70670413884403,364.4839125551442,372.70670413884403,374.4839125551442,382.70670413884403,1.0
11,1357,370.5153837484703,377.31339725771466,365.5153837484703,372.31339725771466,375.5153837484703,382.31339725771466,1.0
11,1358,371.3139169531876,376.9420937976043,366.3139169531876,371.9420937976043,376.3139169531876,381.9420937976043,1.0
11,1359,371.1784357425185,377.8142232718662,366.1784357425185,372.8142232718662,376.1784357425185,382.8142232718662,1.0
11,1360,370.0574823636004,378.23203302095317,365.0574823636004,373.23203302095317,375.0574823636004,383.23203302095317,1.0
11,1361,369.53657497359734,378.612493275571,364.53657497359734,373.612493275571,374.53657497359734,383.612493275571,1.0
11,1362,369.5947368737838,378.3522292938646,364.5947368737838,373.3522292938646,374.5947368737838,383.3522292938646,1.0
11,1363,369.6700191941047,377.47809466268814,364.6700191941047,372.47809466268814,374.6700191941047,382.47809466268814,1.0
11,1364,370.5367923464525,376.7663170389707,365.5367923464525,371.7663170389707,375.5367923464525,381.7663170389707,1.0
11,1365,370.89665198859564,375.09677968035027,365.89665198859564,370.09677968035027,375.89665198859564,380.09677968035027,1.0
11,1366,371.58936795217,373.4315280013443,366.58936795217,368.4315280013443,376.58936795217,378.4315280013443,1.0
11,1367,373.2058296441099,372.62726601429756,368.2058296441099,367.62726601429756,378.2058296441099,377.62726601429756,1.0
11,1368,375.17745149418727,372.14060907497174,370.17745149418727,367.14060907497174,380.17745149418727,377.14060907497174,1.0
11,1369,376.33920128696275,371.8719243085181,371.33920128696275,366.8719243085181,381.33920128696275,376.8719243085181,1.0
11,1370,377.19895634625317,370.75476290290476,372.19895634625317,365.75476290290476,382.19895634625317,375.75476290290476,1.0
11,1371,378.54336734511264,370.83847309954297,373.54336734511264,365.83847309954297,383.54336734511264,375.83847309954297,1.0
11,1372,379.7476704324919,370.3360514519219,374.7476704324919,365.3360514519219,384.7476704324919,375.3360514519219,1.0
11,1373,380.5709144709497,370.83917396274853,375.5709144709497,365.83917396274853,385.5709144709497,375.83917396274853,1.0
11,1374,380.4521748193836,371.3213607750175,375.4521748193836,366.3213607750175,385.4521748193836,376.3213607750175,1.0
11,1375,381.4880404571799,371.5538932669629,376.4880404571799,366.5538932669629,386.4880404571799,376.5538932669629,1.0
11,1376,381.4778962636071,371.8165797731386,376.4778962636071,366.8165797731386,386.4778962636071,376.8165797731386,1.0
11,1377,381.45258612998396,371.28051640240886,376.45258612998396,366.28051640240886,386.45258612998396,376.28051640240886,1.0
11,1378,382.681498644149,371.67747049257554,377.681498644149,366.67747049257554,387.681498644149,376.67747049257554,1.0
11,1379,383.4784223761095,372.2216899126629,378.4784223761095,367.2216899126629,388.4784223761095,377.2216899126629,1.0
11,1380,384.13610845608423,372.45265846762584,379.13610845608423,367.45265846762584,389.13610845608423,377.45265846762584,1.0
11,1381,386.3980732861826,371.1145578626362,381.3980732861826,366.1145578626362,391.3980732861826,376.1145578626362,1.0
11,1382,387.60606263963496,370.30146623185135,382.60606263963496,365.30146623185135,392.60606263963496,375.30146623185135,1.0
11,1383,388.10073398594955,369.50884762170216,383.10073398594955,364.50884762170216,393.10073398594955,374.50884762170216,1.0
11,1384,389.65296814774734,367.9711492890341,384.65296814774734,362.9711492890341,394.65296814774734,372.9711492890341,1.0
11,1385,389.9911890061891,366.2018568545472,384.9911890061891,361.2018568545472,394.9911890061891,371.2018568545472,1.0
11,1386,389.1206932736108,365.52838123505376,384.1206932736108,360.52838123505376,394.1206932736108,370.52838123505376,1.0
11,1387,387.583570871954,365.6982522135446,382.583570871954,360.6982522135446,392.583570871954,370.6982522135446,1.0
11,1388,386.6277961544518,365.99025567758036,381.6277961544518,360.99025567758036,391.6277961544518,370.99025567758036,1.0
11,1389,385.2592650485345,366.74030411596414,380.2592650485345,361.74030411596414,390.2592650485345,371.74030411596414,1.0
11,1390,385.54316814465125,367.7355733184349,380.54316814465125,362.7355733184349,390.54316814465125,372.7355733184349,1.0
11,1391,385.6243334253003,368.0080799846039,380.6243334253003,363.0080799846039,390.6243334253003,373.0080799846039,1.0
11,1392,385.9893090055402,368.37007482751386,380.9893090055402,363.37007482751386,390.9893090055402,373.37007482751386,1.0
11,1393,387.1324662269252,367.4027771264413,382.1324662269252,362.4027771264413,392.1324662269252,372.4027771264413,1.0
11,1394,388.74605986508783,366.36860258028605,383.74605986508783,361.36860258028605,393.74605986508783,371.36860258028605,1.0
11,1395,389.5546970165967,366.4459397476044,384.5546970165967,361.4459397476044,394.5546970165967,371.4459397476044,1.0
11,1396,389.5540122362503,364.7115505019733,384.5540122362503,359.7115505019733,394.5540122362503,369.7115505019733,1.0
11,1397,389.3548789149034,363.8828926246153,384.3548789149034,358.8828926246153,394.3548789149034,368.8828926246153,1.0
11,1398,389.6095280825057,363.2498980788354,384.6095280825057,358.2498980788354,394.6095280825057,368.2498980788354,1.0
11,1399,390.04231026553435,362.8525270144222,385.04231026553435,357.8525270144222,395.04231026553435,367.8525270144222,1.0
11,1400,390.04938219557016,362.177042523402,385.04938219557016,357.177042523402,395.04938219557016,367.177042523402,1.0
11,1401,391.5677159761865,362.0740866607998,386.5677159761865,357.0740866607998,396.5677159761865,367.0740866607998,1.0
11,1402,392.64082813279344,362.13734846827555,387.64082813279344,357.13734846827555,397.64082813279344,367.13734846827555,1.0
11,1403,392.6365469922919,362.87664222497034,387.6365469922919,357.87664222497034,397.6365469922919,367.87664222497034,1.0
11,1404,392.46048578187845,362.64093382001533,387.46048578187845,357.64093382001533,397.46048578187845,367.64093382001533,1.0
11,1405,391.42689179590707,362.6271821192246,386.42689179590707,357.6271821192246,396.42689179590707,367.6271821192246,1.0
11,1406,390.71591840322304,362.51917593338754,385.71591840322304,357.51917593338754,395.71591840322304,367.51917593338754,1.0
11,1407,389.28181425412424,362.70562260652747,384.28181425412424,357.70562260652747,394.28181425412424,367.70562260652747,1.0
11,1408,388.8095476492507,361.94401363296964,383.8095476492507,356.94401363296964,393.8095476492507,366.94401363296964,1.0
11,1409,388.59158566347696,360.8076653256822,383.59158566347696,355.8076653256822,393.59158566347696,365.8076653256822,1.0
11,1410,388.5361103679088,359.92474205859065,383.5361103679088,354.92474205859065,393.5361103679088,364.92474205859065,1.0
11,1411,388.5244244513025,358.64919302101634,383.5244244513025,353.64919302101634,393.5244244513025,363.64919302101634,1.0
11,1412,388.27132557394845,358.6110307227482,383.27132557394845,353.6110307227482,393.27132557394845,363.6110307227482,1.0
11,1413,389.0924733184721,358.01071524363687,384.0924733184721,353.01071524363687,394.0924733184721,363.01071524363687,1.0
11,1414,390.77688345085437,357.7072975330741,385.77688345085437,352.7072975330741,395.77688345085437,362.7072975330741,1.0
11,1415,392.86492432734343,357.7913977158699,387.86492432734343,352.7913977158699,397.86492432734343,362.7913977158699,1.0
11,1416,393.8956181735343,357.5510761017765,388.8956181735343,352.5510761017765,398.8956181735343,362.5510761017765,1.0
11,1417,394.0387659025603,356.95389301592644,389.0387659025603,351.95389301592644,399.0387659025603,361.95389301592644,1.0
11,1418,395.13233418949676,357.026394287811,390.13233418949676,352.026394287811,400.13233418949676,362.026394287811,1.0
11,1419,396.41841635963226,357.4864598345838,391.41841635963226,352.4864598345838,401.41841635963226,362.4864598345838,1.0
11,1420,397.19378381987815,358.1877121203213,392.19378381987815,353.1877121203213,402.19378381987815,363.1877121203213,1.0
11,1421,397.94443413496566,358.2309711747572,392.94443413496566,353.2309711747572,402.94443413496566,363.2309711747572,1.0
11,1422,397.6167835158375,358.4467966677636,392.6167835158375,353.4467966677636,402.6167835158375,363.4467966677636,1.0
11,1423,398.2634187768575,358.16433209102956,393.2634187768575,353.16433209102956,403.2634187768575,363.16433209102956,1.0
11,1424,398.94730091061456,357.0194069329906,393.94730091061456,352.0194069329906,403.94730091061456,362.0194069329906,1.0
11,1425,399.10935447470075,357.1138740590828,394.10935447470075,352.1138740590828,404.10935447470075,362.1138740590828,1.0
11,1426,398.8210739949337,357.17479802859776,393.8210739949337,352.17479802859776,403.8210739949337,362.17479802859776,1.0
11,1427,399.23453230625455,357.118352669381,394.23453230625455,352.118352669381,404.23453230625455,362.118352669381,1.0
11,1428,399.31132882464595,356.7997692832254,394.31132882464595,351.7997692832254,404.31132882464595,361.7997692832254,1.0
11,1429,399.70150884181385,356.925200897913,394.70150884181385,351.925200897913,404.70150884181385,361.925200897913,1.0
11,1430,401.4501706876871,357.0787108793601,396.4501706876871,352.0787108793601,406.4501706876871,362.0787108793601,1.0
11,1431,402.5578505286571,357.9276518103395,397.5578505286571,352.9276518103395,407.5578505286571,362.9276518103395,1.0
11,1432,402.9653377896333,357.47178676827696,397.9653377896333,352.47178676827696,407.9653377896333,362.47178676827696,1.0
11,1433,403.19016094421585,356.8488370521459,398.19016094421585,351.8488370521459,408.19016094421585,361.8488370521459,1.0
11,1434,404.51492205750316,354.3620670207105,399.51492205750316,349.3620670207105,409.51492205750316,359.3620670207105,1.0
11,1435,405.15882508996367,352.2211066376571,400.15882508996367,347.2211066376571,410.15882508996367,357.2211066376571,1.0
11,1436,406.2492720434322,351.5188313320269,401.2492720434322,346.5188313320269,411.2492720434322,356.5188313320269,1.0
11,1437,407.391212127049,351.86961822424786,402.391212127049,346.86961822424786,412.391212127049,356.86961822424786,1.0
11,1438,408.4839592858164,352.12275343099714,403.4839592858164,347.12275343099714,413.4839592858164,357.12275343099714,1.0
11,1439,408.63988855595096,352.3902468860221,403.63988855595096,347.3902468860221,413.63988855595096,357.3902468860221,1.0
11,1440,407.642389104342,352.55484610938726,402.642389104342,347.55484610938726,412.642389104342,357.55484610938726,1.0
11,1441,406.80340674071243,352.6091602500966,401.80340674071243,347.6091602500966,411.80340674071243,357.6091602500966,1.0
11,1442,406.06376921071626,352.27804643098705,401.06376921071626,347.27804643098705,411.06376921071626,357.27804643098705,1.0
11,1443,404.8126342093979,351.4139452655288,399.8126342093979,346.4139452655288,409.8126342093979,356.4139452655288,1.0
11,1444,404.1502908264952,350.9286301875386,399.1502908264952,345.9286301875386,409.1502908264952,355.9286301875386,1.0
11,1445,404.19764353833955,349.6993853058028,399.19764353833955,344.6993853058028,409.19764353833955,354.6993853058028,1.0
11,1446,404.02215750814366,348.57426597203147,399.02215750814366,343.57426597203147,409.02215750814366,353.57426597203147,1.0
11,1447,403.32997341804037,347.89292029179796,398.32997341804037,342.89292029179796,408.32997341804037,352.89292029179796,1.0
11,1448,402.2081294265726,347.3734769983119,397.2081294265726,342.3734769983119,407.2081294265726,352.3734769983119,1.0
11,1449,401.7248009604093,346.3312129574406,396.7248009604093,341.3312129574406,406.7248009604093,351.3312129574406,1.0
11,1450,401.22134057335825,345.97844085169834,396.22134057335825,340.97844085169834,406.22134057335825,350.97844085169834,1.0
11,1451,401.54742903938524,345.9256763779116,396.54742903938524,340.9256763779116,406.54742903938524,350.9256763779116,1.0
11,1452,401.8847555863117,345.2725687609219,396.8847555863117,340.2725687609219,406.8847555863117,350.2725687609219,1.0
11,1453,403.5351022728628,344.30839177122516,398.5351022728628,339.30839177122516,408.5351022728628,349.30839177122516,1.0
11,1454,404.0645910385869,344.0670612584663,399.0645910385869,339.0670612584663,409.0645910385869,349.0670612584663,1.0
11,1455,403.8366972198347,343.39742923129853,398.8366972198347,338.39742923129853,408.8366972198347,348.39742923129853,1.0
11,1456,404.5422667470228,342.7291968367939,399.5422667470228,337.7291968367939,409.5422667470228,347.7291968367939,1.0
11,1457,404.24813568203496,342.7113901762559,399.24813568203496,337.7113901762559,409.24813568203496,347.7113901762559,1.0
11,1458,403.9192776415652,342.38808440335794,398.9192776415652,337.38808440335794,408.9192776415652,347.38808440335794,1.0
11,1459,402.9427565755057,341.7005500650872,397.9427565755057,336.7005500650872,407.9427565755057,346.7005500650872,1.0
11,1460,401.7551931000758,341.40911976309155,396.7551931000758,336.40911976309155,406.7551931000758,346.40911976309155,1.0
11,1461,400.28032259280724,341.8306396755699,395.28032259280724,336.8306396755699,405.28032259280724,346.8306396755699,1.0
11,1462,398.33381477261054,342.86982728493126,393.33381477261054,337.86982728493126,403.33381477261054,347.86982728493126,1.0
11,1463,396.9870531723141,342.74550105812676,391.9870531723141,337.74550105812676,401.9870531723141,347.74550105812676,1.0
11,1464,396.9572764994455,342.0075797236104,391.9572764994455,337.0075797236104,401.9572764994455,347.0075797236104,1.0
11,1465,397.2866021060759,341.5060788790024,392.2866021060759,336.5060788790024,402.2866021060759,346.5060788790024,1.0
11,1466,398.0280168588806,341.3382526279157,393.0280168588806,336.3382526279157,403.0280168588806,346.3382526279157,1.0
11,1467,397.6132326633806,341.89466101039625,392.6132326633806,336.89466101039625,402.6132326633806,346.89466101039625,1.0
11,1468,398.4701781585502,342.16771559961325,393.4701781585502,337.16771559961325,403.4701781585502,347.16771559961325,1.0
11,1469,397.729344052815,343.1078810310133,392.729344052815,338.1078810310133,402.729344052815,348.1078810310133,1.0
