track_id,frame,cx,cy,x1,y1,x2,y2,conf
1,0,100.0,64.0,95.0,59.0,105.0,69.0,1.0
1,1,100.42296801800067,63.52772085267697,95.42296801800067,58.52772085267697,105.42296801800067,68.52772085267696,1.0
1,2,100.92940898182394,62.148720986573316,95.92940898182394,57.148720986573316,105.92940898182394,67.14872098657332,1.0
1,3,101.29461621038004,61.51718598735477,96.29461621038004,56.51718598735477,106.29461621038004,66.51718598735476,1.0
1,4,101.36988191190352,61.18917040685645,96.36988191190352,56.18917040685645,106.36988191190352,66.18917040685645,1.0
1,5,101.46152594348061,61.594535397656074,96.46152594348061,56.594535397656074,106.46152594348061,66.59453539765607,1.0
1,6,102.59771694858755,62.490433163636766,97.59771694858755,57.490433163636766,107.59771694858755,67.49043316363677,1.0
1,7,103.73028214013247,63.382955081915334,98.73028214013247,58.382955081915334,108.73028214013247,68.38295508191533,1.0
1,8,104.34316996544564,63.732552991870065,99.34316996544564,58.732552991870065,109.34316996544564,68.73255299187007,1.0
1,9,105.20915740474703,63.487829239638735,100.20915740474703,58.487829239638735,110.20915740474703,68.48782923963873,1.0
1,10,104.41862135976716,64.07764035552843,99.41862135976716,59.07764035552843,109.41862135976716,69.07764035552843,1.0
1,11,104.71951620031186,64.38746915372276,99.71951620031186,59.38746915372276,109.71951620031186,69.38746915372276,1.0
1,12,103.66649995791566,63.72309655354217,98.66649995791566,58.72309655354217,108.66649995791566,68.72309655354218,1.0
1,13,103.55093131073185,62.69064740813171,98.55093131073185,57.69064740813171,108.55093131073185,67.69064740813171,1.0
1,14,103.6866411541142,61.81891259717876,98.6866411541142,56.81891259717876,108.6866411541142,66.81891259717875,1.0
1,15,104.28326751483671,61.486274856607395,99.28326751483671,56.486274856607395,109.28326751483671,66.4862748566074,1.0
1,16,105.27586652708257,62.12048163486676,100.27586652708257,57.12048163486676,110.27586652708257,67.12048163486676,1.0
1,17,107.20251652635888,63.35791962033325,102.20251652635888,58.35791962033325,112.20251652635888,68.35791962033325,1.0
1,18,108.15357156594477,63.78124477249587,103.15357156594477,58.78124477249587,113.15357156594477,68.78124477249587,1.0
2,0,15.0,128.0,10.0,123.0,20.0,133.0,1.0
2,1,14.717784777564635,126.89038562844885,9.717784777564635,121.89038562844885,19.717784777564635,131.89038562844885,1.0
2,2,13.690940168688229,125.49313400322468,8.690940168688229,120.49313400322468,18.69094016868823,130.49313400322467,1.0
2,3,13.408399013811788,124.2945860102567,8.408399013811788,119.2945860102567,18.40839901381179,129.2945860102567,1.0
2,4,11.523798309902066,124.23291055323958,6.523798309902066,119.23291055323958,16.523798309902066,129.23291055323958,1.0
2,5,9.258603518527764,123.77690687732579,4.258603518527764,118.77690687732579,14.258603518527764,128.77690687732579,1.0
2,6,7.926427629160241,124.69928411903393,2.9264276291602407,119.69928411903393,12.92642762916024,129.69928411903393,1.0
2,7,6.936620905802895,125.68923591282604,1.9366209058028954,120.68923591282604,11.936620905802895,130.68923591282604,1.0
2,8,6.188388743807799,126.02750233110395,1.1883887438077991,121.02750233110395,11.1883887438078,131.02750233110396,1.0
2,9,6.801505960064128,125.8625181244512,1.8015059600641283,120.8625181244512,11.801505960064128,130.86251812445119,1.0
2,10,7.024906708691174,126.23164256636416,2.024906708691174,121.23164256636416,12.024906708691173,131.23164256636414,1.0
2,11,6.130455321544909,125.98883175640158,1.1304553215449094,120.98883175640158,11.13045532154491,130.98883175640157,1.0
2,12,5.17709884304524,126.01780200052441,0.17709884304523982,121.01780200052441,10.17709884304524,131.0178020005244,1.0
2,13,5.435336553931856,125.73002380035044,0.43533655393185633,120.73002380035044,10.435336553931856,130.73002380035044,1.0
2,14,5.319690993228257,125.00911504963321,0.31969099322825656,120.00911504963321,10.319690993228257,130.0091150496332,1.0
2,15,5.863987326279,123.44194224193919,0.8639873262790001,118.44194224193919,10.863987326279,128.4419422419392,1.0
2,16,6.317716561102266,124.04719914190987,1.3177165611022659,119.04719914190987,11.317716561102266,129.04719914190986,1.0
2,17,6.845330314215756,125.10360596383889,1.8453303142157562,120.10360596383889,11.845330314215756,130.1036059638389,1.0
2,18,6.558751603373947,125.86681561687061,1.5587516033739472,120.86681561687061,11.558751603373947,130.8668156168706,1.0
2,19,5.9772454390014165,126.7945181458467,0.9772454390014165,121.7945181458467,10.977245439001416,131.7945181458467,1.0
2,20,5.598884595450688,127.49213884377686,0.5988845954506878,122.49213884377686,10.598884595450688,132.49213884377684,1.0
2,21,5.007244705845713,127.60668639800407,0.0072447058457125735,122.60668639800407,10.007244705845713,132.60668639800406,1.0
2,22,5.014755557412762,127.26980889862814,0.014755557412762244,122.26980889862814,10.014755557412762,132.26980889862813,1.0
2,23,5.2479530370109995,127.28176492227894,0.24795303701099947,122.28176492227894,10.247953037011,132.28176492227894,1.0
2,24,5.418589077260554,126.42720184081334,0.4185890772605543,121.42720184081334,10.418589077260554,131.42720184081332,1.0
2,25,5.4606027686179,125.9986138601705,0.4606027686178997,120.9986138601705,10.4606027686179,130.9986138601705,1.0
2,26,4.5315053878019445,126.49590072159381,-0.46849461219805555,121.49590072159381,9.531505387801944,131.4959007215938,1.0
3,0,41.5,264.5,36.5,259.5,46.5,269.5,1.0
3,1,41.6516157964183,263.7709638026624,36.6516157964183,258.7709638026624,46.6516157964183,268.7709638026624,1.0
3,2,42.401868746135506,263.3674805211993,37.401868746135506,258.3674805211993,47.401868746135506,268.3674805211993,1.0
3,3,42.753515467586915,262.5027707010859,37.753515467586915,257.5027707010859,47.753515467586915,267.5027707010859,1.0
3,4,42.979642141929425,261.60661090698153,37.979642141929425,256.60661090698153,47.979642141929425,266.60661090698153,1.0
3,5,43.0081500675515,261.89005099752137,38.0081500675515,256.89005099752137,48.0081500675515,266.89005099752137,1.0
3,6,43.912225991208246,261.24590646498905,38.912225991208246,256.24590646498905,48.912225991208246,266.24590646498905,1.0
3,7,44.012569318835126,261.4165000214472,39.012569318835126,256.4165000214472,49.012569318835126,266.4165000214472,1.0
3,8,44.38502086000862,262.40512316637495,39.38502086000862,257.40512316637495,49.38502086000862,267.40512316637495,1.0
3,9,45.672869943857705,262.2257574785279,40.672869943857705,257.2257574785279,50.672869943857705,267.2257574785279,1.0
3,10,46.64324361339938,262.4542285595209,41.64324361339938,257.4542285595209,51.64324361339938,267.4542285595209,1.0
3,11,47.26319392213205,263.36767702254804,42.26319392213205,258.36767702254804,52.26319392213205,268.36767702254804,1.0
3,12,47.755626827199166,263.7803781902609,42.755626827199166,258.7803781902609,52.755626827199166,268.7803781902609,1.0
3,13,47.7864233195563,263.2428878226605,42.7864233195563,258.2428878226605,52.7864233195563,268.2428878226605,1.0
3,14,48.40724181526623,262.70546512679294,43.40724181526623,257.70546512679294,53.40724181526623,267.70546512679294,1.0
3,15,48.30022311213394,261.79169084162504,43.30022311213394,256.79169084162504,53.30022311213394,266.79169084162504,1.0
3,16,48.00878989125929,261.48643924852803,43.00878989125929,256.48643924852803,53.00878989125929,266.48643924852803,1.0
3,17,47.396188725743684,260.01947555622314,42.396188725743684,255.01947555622314,52.396188725743684,265.01947555622314,1.0
3,18,47.372046175590874,259.952048158282,42.372046175590874,254.95204815828203,52.372046175590874,264.952048158282,1.0
3,19,47.798528622150286,259.5721559305861,42.798528622150286,254.57215593058612,52.798528622150286,264.5721559305861,1.0
3,20,47.52518105459744,259.1812395172076,42.52518105459744,254.1812395172076,52.52518105459744,264.1812395172076,1.0
3,21,46.66495455509592,257.8119439513453,41.66495455509592,252.8119439513453,51.66495455509592,262.8119439513453,1.0
3,22,46.166817147133585,257.2183246781377,41.166817147133585,252.21832467813772,51.166817147133585,262.2183246781377,1.0
3,23,44.961338286228056,256.03179389020755,39.961338286228056,251.03179389020755,49.961338286228056,261.03179389020755,1.0
3,24,44.341948755827374,255.5801023128313,39.341948755827374,250.5801023128313,49.341948755827374,260.5801023128313,1.0
3,25,43.36038727604119,255.79381281290358,38.36038727604119,250.79381281290358,48.36038727604119,260.7938128129036,1.0
3,26,43.25281301435803,255.6294485731733,38.25281301435803,250.6294485731733,48.25281301435803,260.6294485731733,1.0
3,27,44.62709754101297,254.46099802458045,39.62709754101297,249.46099802458045,49.62709754101297,259.4609980245805,1.0
3,28,44.77439437201657,252.8928185032485,39.77439437201657,247.8928185032485,49.77439437201657,257.89281850324846,1.0
3,29,45.88980841563944,251.33183287878606,40.88980841563944,246.33183287878606,50.88980841563944,256.33183287878603,1.0
3,30,47.75493624924478,250.13278662962173,42.75493624924478,245.13278662962173,52.75493624924478,255.13278662962173,1.0
3,31,48.42143681202772,249.43156351906228,43.42143681202772,244.43156351906228,53.42143681202772,254.43156351906228,1.0
3,32,48.189302432782135,249.30136189621737,43.189302432782135,244.30136189621737,53.189302432782135,254.30136189621737,1.0
3,33,48.071404207120636,249.53170955409703,43.071404207120636,244.53170955409703,53.071404207120636,254.53170955409703,1.0
3,34,46.95388344889425,248.88716786702665,41.95388344889425,243.88716786702665,51.95388344889425,253.88716786702665,1.0
3,35,47.016383635315,249.0745965604924,42.016383635315,244.0745965604924,52.016383635315,254.0745965604924,1.0
3,36,46.577493427299025,250.36569356235952,41.577493427299025,245.36569356235952,51.577493427299025,255.36569356235952,1.0
3,37,46.79166131893253,250.57950846831906,41.79166131893253,245.57950846831906,51.79166131893253,255.57950846831906,1.0
3,38,46.93064297641969,250.9950476547305,41.93064297641969,245.9950476547305,51.93064297641969,255.9950476547305,1.0
3,39,46.96529155472009,251.921742276435,41.96529155472009,246.921742276435,51.96529155472009,256.921742276435,1.0
3,40,46.89692152166095,252.039750096987,41.89692152166095,247.039750096987,51.89692152166095,257.039750096987,1.0
3,41,46.48400272315299,251.51472871600018,41.48400272315299,246.51472871600018,51.48400272315299,256.51472871600015,1.0
3,42,47.34049937695719,252.02386159671266,42.34049937695719,247.02386159671266,52.34049937695719,257.02386159671266,1.0
3,43,48.22847663297691,251.82875501030594,43.22847663297691,246.82875501030594,53.22847663297691,256.82875501030594,1.0
3,44,49.17000292318587,251.39238326290283,44.17000292318587,246.39238326290283,54.17000292318587,256.39238326290285,1.0
3,45,50.03076400995046,250.63270955003537,45.03076400995046,245.63270955003537,55.03076400995046,255.63270955003537,1.0
3,46,50.53955727214843,249.1983151866077,45.53955727214843,244.1983151866077,55.53955727214843,254.1983151866077,1.0
3,47,51.903619207210454,246.86544827159418,46.903619207210454,241.86544827159418,56.903619207210454,251.86544827159418,1.0
3,48,52.64537948860503,245.0312096137362,47.64537948860503,240.0312096137362,57.64537948860503,250.0312096137362,1.0
3,49,52.794119430088145,243.96191848535656,47.794119430088145,238.96191848535656,57.794119430088145,248.96191848535656,1.0
3,50,53.28563885015885,242.09643088598003,48.28563885015885,237.09643088598003,58.28563885015885,247.09643088598003,1.0
3,51,52.11813684966124,240.76581552273345,47.11813684966124,235.76581552273345,57.11813684966124,245.76581552273345,1.0
3,52,50.68612861459836,239.75912267766853,45.68612861459836,234.75912267766853,55.68612861459836,244.75912267766853,1.0
3,53,49.89004645909237,240.45605126789627,44.89004645909237,235.45605126789627,54.89004645909237,245.45605126789627,1.0
3,54,48.90415933784677,240.87225310241354,43.90415933784677,235.87225310241354,53.90415933784677,245.87225310241354,1.0
3,55,49.20603973478918,241.69250771412047,44.20603973478918,236.69250771412047,54.20603973478918,246.69250771412047,1.0
3,56,49.405468345144065,242.56693245230005,44.405468345144065,237.56693245230005,54.405468345144065,247.56693245230005,1.0
3,57,49.669758033018915,243.64394014000314,44.669758033018915,238.64394014000314,54.669758033018915,248.64394014000314,1.0
3,58,50.59434729955381,244.5402360882031,45.59434729955381,239.5402360882031,55.59434729955381,249.5402360882031,1.0
3,59,51.86552494282277,245.30358134382496,46.86552494282277,240.30358134382496,56.86552494282277,250.30358134382496,1.0
3,60,50.73274265608386,245.1353922232603,45.73274265608386,240.1353922232603,55.73274265608386,250.1353922232603,1.0
3,61,49.33689756300089,243.74920664595126,44.33689756300089,238.74920664595126,54.33689756300089,248.74920664595126,1.0
3,62,49.72038772538683,243.35696254150238,44.72038772538683,238.35696254150238,54.72038772538683,248.35696254150238,1.0
3,63,50.23016368336661,242.73315699232674,45.23016368336661,237.73315699232674,55.23016368336661,247.73315699232674,1.0
3,64,50.97835092022507,242.26554393170755,45.97835092022507,237.26554393170755,55.97835092022507,247.26554393170755,1.0
3,65,51.72214151803878,241.93167335081705,46.72214151803878,236.93167335081705,56.72214151803878,246.93167335081705,1.0
3,66,52.32288112657717,241.19036343634252,47.32288112657717,236.19036343634252,57.32288112657717,246.19036343634252,1.0
3,67,52.868044108002316,240.52375836959592,47.868044108002316,235.52375836959592,57.868044108002316,245.52375836959592,1.0
3,68,53.52682281256223,241.48684679387864,48.52682281256223,236.48684679387864,58.52682281256223,246.48684679387864,1.0
3,69,54.31089712025933,241.00300096557118,49.31089712025933,236.00300096557118,59.31089712025933,246.00300096557118,1.0
3,70,54.37390293597819,240.18521216780385,49.37390293597819,235.18521216780385,59.37390293597819,245.18521216780385,1.0
3,71,54.33093662001161,240.24947542363157,49.33093662001161,235.24947542363157,59.33093662001161,245.24947542363157,1.0
3,72,54.83925538632238,239.22431752689798,49.83925538632238,234.22431752689798,59.83925538632238,244.22431752689798,1.0
3,73,54.51374457128301,238.83578803973177,49.51374457128301,233.83578803973177,59.51374457128301,243.83578803973177,1.0
3,74,54.6990678181033,238.6473796160759,49.6990678181033,233.6473796160759,59.6990678181033,243.6473796160759,1.0
3,75,54.911518884314205,237.57967222751495,49.911518884314205,232.57967222751495,59.911518884314205,242.57967222751495,1.0
3,76,54.93230122307362,237.03863801711827,49.93230122307362,232.03863801711827,59.93230122307362,242.03863801711827,1.0
3,77,54.95286954299143,236.79656649670645,49.95286954299143,231.79656649670645,59.95286954299143,241.79656649670645,1.0
3,78,56.22067506754472,236.32115039743826,51.22067506754472,231.32115039743826,61.22067506754472,241.32115039743826,1.0
3,79,56.667533499060774,235.94143371899642,51.667533499060774,230.94143371899642,61.667533499060774,240.94143371899642,1.0
3,80,55.97421032835655,235.15136689398307,50.97421032835655,230.15136689398307,60.97421032835655,240.15136689398307,1.0
3,81,55.10559607659787,234.63003635255987,50.10559607659787,229.63003635255987,60.10559607659787,239.63003635255987,1.0
3,82,54.07383438496009,234.4397933093561,49.07383438496009,229.4397933093561,59.07383438496009,239.4397933093561,1.0
3,83,52.75967737081893,235.14451710348018,47.75967737081893,230.14451710348018,57.75967737081893,240.14451710348018,1.0
3,84,52.21883205220458,236.3445570956105,47.21883205220458,231.3445570956105,57.21883205220458,241.3445570956105,1.0
3,85,51.598111797584146,236.54983854933937,46.598111797584146,231.54983854933937,56.598111797584146,241.54983854933937,1.0
3,86,51.58665052117494,236.91576396208814,46.58665052117494,231.91576396208814,56.58665052117494,241.91576396208814,1.0
3,87,52.176413383270386,236.6332439935815,47.176413383270386,231.6332439935815,57.176413383270386,241.6332439935815,1.0
3,88,52.824452232632794,236.53869173656454,47.824452232632794,231.53869173656454,57.824452232632794,241.53869173656454,1.0
3,89,52.23203667478214,236.29735197243235,47.23203667478214,231.29735197243235,57.23203667478214,241.29735197243235,1.0
3,90,50.37018317876323,236.52905460009134,45.37018317876323,231.52905460009134,55.37018317876323,241.52905460009134,1.0
3,91,49.40532373618974,235.60395430529556,44.40532373618974,230.60395430529556,54.40532373618974,240.60395430529556,1.0
3,92,49.55013039467407,236.32990112917793,44.55013039467407,231.32990112917793,54.55013039467407,241.32990112917793,1.0
3,93,50.4060878156737,236.71859872631526,45.4060878156737,231.71859872631526,55.4060878156737,241.71859872631526,1.0
3,94,51.2721138597572,236.03711560966616,46.2721138597572,231.03711560966616,56.2721138597572,241.03711560966616,1.0
3,95,51.6437056873594,234.6850550478998,46.6437056873594,229.6850550478998,56.6437056873594,239.6850550478998,1.0
3,96,51.37574098582405,232.5371374942311,46.37574098582405,227.5371374942311,56.37574098582405,237.5371374942311,1.0
3,97,51.75343767733009,231.7910078446959,46.75343767733009,226.7910078446959,56.75343767733009,236.7910078446959,1.0
3,98,51.851934277863805,232.84023747578738,46.851934277863805,227.84023747578738,56.851934277863805,237.84023747578738,1.0
3,99,52.50963867654452,233.16583332048185,47.50963867654452,228.16583332048185,57.50963867654452,238.16583332048185,1.0
3,100,53.67174718054401,233.12550897092135,48.67174718054401,228.12550897092135,58.67174718054401,238.12550897092135,1.0
3,101,55.899039953334764,234.28313142909047,50.899039953334764,229.28313142909047,60.899039953334764,239.28313142909047,1.0
3,102,56.79630012788127,233.62334575444982,51.79630012788127,228.62334575444982,61.79630012788127,238.62334575444982,1.0
3,103,57.62684138853893,232.4639698965413,52.62684138853893,227.4639698965413,62.62684138853893,237.4639698965413,1.0
3,104,58.8922705321424,232.61137573082175,53.8922705321424,227.61137573082175,63.8922705321424,237.61137573082175,1.0
3,105,60.465798504904384,232.49181178070558,55.465798504904384,227.49181178070558,65.46579850490438,237.49181178070558,1.0
3,106,61.64307562603083,232.27671446036345,56.64307562603083,227.27671446036345,66.64307562603082,237.27671446036345,1.0
3,107,61.883158377611295,231.54204507638136,56.883158377611295,226.54204507638136,66.8831583776113,236.54204507638136,1.0
3,108,61.1039052468811,229.8727487044525,56.1039052468811,224.8727487044525,66.1039052468811,234.8727487044525,1.0
3,109,60.815449389088215,228.97879309877715,55.815449389088215,223.97879309877715,65.81544938908822,233.97879309877715,1.0
3,110,60.68585348649961,229.14868533290115,55.68585348649961,224.14868533290115,65.68585348649961,234.14868533290115,1.0
3,111,61.90553631228246,229.72467134683694,56.90553631228246,224.72467134683694,66.90553631228246,234.72467134683694,1.0
3,112,62.10311553937383,228.8447959003149,57.10311553937383,223.8447959003149,67.10311553937383,233.8447959003149,1.0
3,113,63.29827977649796,227.6118781737884,58.29827977649796,222.6118781737884,68.29827977649796,232.6118781737884,1.0
3,114,63.76775798778637,226.1693987442566,58.76775798778637,221.1693987442566,68.76775798778637,231.1693987442566,1.0
3,115,63.45015584449325,225.72052908584897,58.45015584449325,220.72052908584897,68.45015584449325,230.72052908584897,1.0
3,116,63.002738620776,225.38490706027164,58.002738620776,220.38490706027164,68.002738620776,230.38490706027164,1.0
3,117,62.14920739214122,225.00534212635017,57.14920739214122,220.00534212635017,67.14920739214122,230.00534212635017,1.0
3,118,60.669144601972064,224.40151285876317,55.669144601972064,219.40151285876317,65.66914460197206,229.40151285876317,1.0
3,119,60.2913631690094,224.2652481910301,55.2913631690094,219.2652481910301,65.2913631690094,229.2652481910301,1.0
3,120,59.89851348465734,224.37039587833797,54.89851348465734,219.37039587833797,64.89851348465734,229.37039587833797,1.0
3,121,59.27931197856953,224.10170319735488,54.27931197856953,219.10170319735488,64.27931197856952,229.10170319735488,1.0
3,122,58.55876508690797,224.17432023053973,53.55876508690797,219.17432023053973,63.55876508690797,229.17432023053973,1.0
3,123,58.25605236664929,225.3031534124264,53.25605236664929,220.3031534124264,63.25605236664929,230.3031534124264,1.0
3,124,57.45385430134709,226.45409404638679,52.45385430134709,221.45409404638679,62.45385430134709,231.45409404638679,1.0
3,125,58.48573960124374,227.77913750063817,53.48573960124374,222.77913750063817,63.48573960124374,232.77913750063817,1.0
3,126,59.27831092476728,227.86477194037917,54.27831092476728,222.86477194037917,64.27831092476728,232.86477194037917,1.0
3,127,59.22537748782821,228.77317809176304,54.22537748782821,223.77317809176304,64.22537748782821,233.77317809176304,1.0
3,128,59.41694495781407,229.8301819934669,54.41694495781407,224.8301819934669,64.41694495781407,234.8301819934669,1.0
3,129,58.43897949009816,230.54961609710557,53.43897949009816,225.54961609710557,63.43897949009816,235.54961609710557,1.0
3,130,57.61154797656073,230.9253235237813,52.61154797656073,225.9253235237813,62.61154797656073,235.9253235237813,1.0
3,131,56.67511725512628,231.03684056622194,51.67511725512628,226.03684056622194,61.67511725512628,236.03684056622194,1.0
3,132,55.09627912005616,230.52981974447303,50.09627912005616,225.52981974447303,60.09627912005616,235.52981974447303,1.0
3,133,53.81876404982765,229.59360752831205,48.81876404982765,224.59360752831205,58.81876404982765,234.59360752831205,1.0
3,134,54.749576847333614,230.05821183026717,49.749576847333614,225.05821183026717,59.749576847333614,235.05821183026717,1.0
3,135,56.059354655903384,229.44724662534202,51.059354655903384,224.44724662534202,61.059354655903384,234.44724662534202,1.0
3,136,57.20296617874384,228.7956014432831,52.20296617874384,223.7956014432831,62.20296617874384,233.7956014432831,1.0
3,137,57.74862350773208,228.427132682057,52.74862350773208,223.427132682057,62.74862350773208,233.427132682057,1.0
3,138,58.48609061459052,228.02932305003188,53.48609061459052,223.02932305003188,63.48609061459052,233.02932305003188,1.0
3,139,58.86433897745296,228.08140508641563,53.86433897745296,223.08140508641563,63.86433897745296,233.08140508641563,1.0
3,140,59.083897916015765,228.86695680345153,54.083897916015765,223.86695680345153,64.08389791601576,233.86695680345153,1.0
3,141,58.53601595611656,229.01473153286543,53.53601595611656,224.01473153286543,63.53601595611656,234.01473153286543,1.0
3,142,58.590637192180445,230.60390135081906,53.590637192180445,225.60390135081906,63.590637192180445,235.60390135081906,1.0
3,143,58.436297111298636,231.4491564968908,53.436297111298636,226.4491564968908,63.436297111298636,236.4491564968908,1.0
3,144,58.074649136995305,231.63087564826424,53.074649136995305,226.63087564826424,63.074649136995305,236.63087564826424,1.0
3,145,58.39238546749705,231.69721059602568,53.39238546749705,226.69721059602568,63.39238546749705,236.69721059602568,1.0
3,146,59.19232574426246,231.54661461176875,54.19232574426246,226.54661461176875,64.19232574426246,236.54661461176875,1.0
3,147,59.48142548270459,232.28295064176868,54.48142548270459,227.28295064176868,64.4814254827046,237.28295064176868,1.0
3,148,59.39189488204359,232.626855222338,54.39189488204359,227.626855222338,64.39189488204359,237.626855222338,1.0
3,149,59.80337002247427,232.69124032923537,54.80337002247427,227.69124032923537,64.80337002247427,237.69124032923537,1.0
3,150,59.076865567188804,233.74731404045596,54.076865567188804,228.74731404045596,64.0768655671888,238.74731404045596,1.0
3,151,59.95118001946645,235.23607090757054,54.95118001946645,230.23607090757054,64.95118001946645,240.23607090757054,1.0
3,152,60.52397272495256,236.0573350678962,55.52397272495256,231.0573350678962,65.52397272495256,241.0573350678962,1.0
3,153,61.802332537557845,236.4801599849725,56.802332537557845,231.4801599849725,66.80233253755785,241.4801599849725,1.0
3,154,61.979228557362845,236.34550385966685,56.979228557362845,231.34550385966685,66.97922855736284,241.34550385966685,1.0
3,155,62.21939390979072,236.26856598538768,57.21939390979072,231.26856598538768,67.21939390979071,241.26856598538768,1.0
3,156,64.02473744900453,237.03230391054322,59.02473744900453,232.03230391054322,69.02473744900453,242.03230391054322,1.0
3,157,65.18321934412748,237.9654268915042,60.18321934412748,232.9654268915042,70.18321934412748,242.9654268915042,1.0
3,158,65.39531845755324,239.12535640331217,60.395318457553245,234.12535640331217,70.39531845755324,244.12535640331217,1.0
3,159,65.41315153327267,238.4667915163878,60.41315153327267,233.4667915163878,70.41315153327267,243.4667915163878,1.0
3,160,65.29423873269755,237.7197290579794,60.29423873269755,232.7197290579794,70.29423873269755,242.7197290579794,1.0
3,161,65.58628905343426,237.79327707035472,60.58628905343426,232.79327707035472,70.58628905343426,242.79327707035472,1.0
3,162,65.8218359650853,237.57917044218198,60.8218359650853,232.57917044218198,70.8218359650853,242.57917044218198,1.0
3,163,66.40722996213597,237.3418718079484,61.40722996213597,232.3418718079484,71.40722996213597,242.3418718079484,1.0
3,164,66.5239186733505,237.0868889858716,61.523918673350494,232.0868889858716,71.5239186733505,242.0868889858716,1.0
3,165,66.67611873252191,237.76212619111044,61.676118732521914,232.76212619111044,71.67611873252191,242.76212619111044,1.0
3,166,67.02518904057203,237.92958998042906,62.02518904057203,232.92958998042906,72.02518904057203,242.92958998042906,1.0
3,167,66.86233021765054,238.30584639056352,61.86233021765054,233.30584639056352,71.86233021765054,243.30584639056352,1.0
3,168,66.66057326348698,237.86658985036058,61.66057326348698,232.86658985036058,71.66057326348698,242.86658985036058,1.0
3,169,65.94231820060511,238.43702021483415,60.942318200605115,233.43702021483415,70.94231820060511,243.43702021483415,1.0
3,170,65.28851797224037,238.6093310351656,60.28851797224037,233.6093310351656,70.28851797224037,243.6093310351656,1.0
3,171,66.05915183621325,239.61510058347292,61.059151836213246,234.61510058347292,71.05915183621325,244.61510058347292,1.0
3,172,65.83727485991794,241.05807929816265,60.83727485991794,236.05807929816265,70.83727485991794,246.05807929816265,1.0
3,173,65.94551219261723,242.33876223848577,60.94551219261723,237.33876223848577,70.94551219261723,247.33876223848577,1.0
3,174,66.3542589238391,243.39456672194666,61.3542589238391,238.39456672194666,71.3542589238391,248.39456672194666,1.0
3,175,66.85771160758304,244.9761742052318,61.85771160758304,239.9761742052318,71.85771160758304,249.9761742052318,1.0
3,176,66.72013470841601,245.28611797232494,61.72013470841601,240.28611797232494,71.72013470841601,250.28611797232494,1.0
3,177,66.5095942548648,245.72157507755068,61.509594254864794,240.72157507755068,71.5095942548648,250.72157507755068,1.0
3,178,66.3106568127425,246.12999050492834,61.310656812742494,241.12999050492834,71.3106568127425,251.12999050492834,1.0
3,179,64.65217328077148,247.50191185332412,59.65217328077148,242.50191185332412,69.65217328077148,252.50191185332412,1.0
3,180,63.035429529749095,248.72462469198345,58.035429529749095,243.72462469198345,68.0354295297491,253.72462469198345,1.0
3,181,63.32601891983907,249.50731417195496,58.32601891983907,244.50731417195496,68.32601891983907,254.50731417195496,1.0
3,182,63.39558063058851,250.60265427612404,58.39558063058851,245.60265427612404,68.39558063058851,255.60265427612404,1.0
3,183,63.22102212681257,251.56996926771524,58.22102212681257,246.56996926771524,68.22102212681257,256.56996926771524,1.0
3,184,63.21029150992139,252.63920582370724,58.21029150992139,247.63920582370724,68.21029150992139,257.63920582370724,1.0
3,185,62.64544715109946,253.62050569450355,57.64544715109946,248.62050569450355,67.64544715109946,258.62050569450355,1.0
3,186,61.8218602610783,253.3533066917369,56.8218602610783,248.3533066917369,66.8218602610783,258.35330669173686,1.0
3,187,61.432418459844534,253.60182869902442,56.432418459844534,248.60182869902442,66.43241845984454,258.6018286990244,1.0
3,188,61.34638226035341,253.87578817517456,56.34638226035341,248.87578817517456,66.34638226035341,258.87578817517453,1.0
3,189,60.6293086911557,253.3819890854847,55.6293086911557,248.3819890854847,65.6293086911557,258.3819890854847,1.0
3,190,60.806561485830066,252.35870090072135,55.806561485830066,247.35870090072135,65.80656148583006,257.3587009007214,1.0
3,191,61.705245685338795,252.9501600198133,56.705245685338795,247.9501600198133,66.7052456853388,257.9501600198133,1.0
3,192,63.17564520494827,253.78095350494084,58.17564520494827,248.78095350494084,68.17564520494827,258.78095350494084,1.0
3,193,63.296256705677294,252.79507237677905,58.296256705677294,247.79507237677905,68.2962567056773,257.79507237677905,1.0
3,194,64.02928473434773,251.6166558148776,59.029284734347726,246.6166558148776,69.02928473434773,256.6166558148776,1.0
3,195,63.509985855211035,251.22414295350188,58.509985855211035,246.22414295350188,68.50998585521103,256.2241429535019,1.0
3,196,62.79690582010166,250.72673926077982,57.79690582010166,245.72673926077982,67.79690582010166,255.72673926077982,1.0
3,197,62.230380352351915,251.02322533532825,57.230380352351915,246.02322533532825,67.23038035235192,256.0232253353282,1.0
3,198,62.264008385165226,251.1047667194584,57.264008385165226,246.1047667194584,67.26400838516523,256.10476671945844,1.0
3,199,62.93045543511416,251.65798015939262,57.93045543511416,246.65798015939262,67.93045543511417,256.65798015939265,1.0
3,200,63.64969722995704,252.81755746062535,58.64969722995704,247.81755746062535,68.64969722995704,257.8175574606254,1.0
3,201,63.9796020580944,253.58558357821826,58.9796020580944,248.58558357821826,68.9796020580944,258.58558357821823,1.0
3,202,63.65565325601171,253.85131234673366,58.65565325601171,248.85131234673366,68.6556532560117,258.85131234673366,1.0
3,203,62.6977056121974,254.672503975427,57.6977056121974,249.672503975427,67.69770561219741,259.672503975427,1.0
3,204,61.85730041932038,255.31946978471117,56.85730041932038,250.31946978471117,66.85730041932038,260.31946978471115,1.0
3,205,60.814213570733685,255.16873463566836,55.814213570733685,250.16873463566836,65.81421357073368,260.16873463566833,1.0
3,206,61.57834689622112,254.8629449252004,56.57834689622112,249.8629449252004,66.57834689622112,259.8629449252004,1.0
3,207,62.48419745385928,254.5294470960897,57.48419745385928,249.5294470960897,67.48419745385928,259.5294470960897,1.0
3,208,63.65772094657774,255.21645502875535,58.65772094657774,250.21645502875535,68.65772094657774,260.2164550287554,1.0
3,209,65.11243075626814,256.0634465216791,60.11243075626814,251.0634465216791,70.11243075626814,261.0634465216791,1.0
3,210,65.38419144204241,256.20519751818296,60.38419144204241,251.20519751818296,70.38419144204241,261.20519751818296,1.0
3,211,65.7111589202304,256.23349918931325,60.7111589202304,251.23349918931325,70.7111589202304,261.23349918931325,1.0
3,212,67.06197799871981,255.4427128466557,62.06197799871981,250.4427128466557,72.06197799871981,260.4427128466557,1.0
3,213,68.2379843507673,255.28580541483163,63.237984350767306,250.28580541483163,73.2379843507673,260.28580541483166,1.0
3,214,68.8646834118154,255.08497478953655,63.864683411815406,250.08497478953655,73.8646834118154,260.08497478953655,1.0
3,215,69.16221241571154,255.75942404972326,64.16221241571154,250.75942404972326,74.16221241571154,260.7594240497233,1.0
3,216,69.40959394539868,256.2632332942394,64.40959394539868,251.2632332942394,74.40959394539868,261.2632332942394,1.0
3,217,68.82942120891381,255.3254920732035,63.829421208913814,250.3254920732035,73.82942120891381,260.32549207320346,1.0
3,218,68.97161161925412,253.82425010194632,63.97161161925412,248.82425010194632,73.97161161925412,258.8242501019463,1.0
3,219,69.07337411246192,252.6000248383067,64.07337411246192,247.6000248383067,74.07337411246192,257.6000248383067,1.0
3,220,68.79765430364407,252.13896648154002,63.797654303644066,247.13896648154002,73.79765430364407,257.13896648154,1.0
3,221,67.71350102226747,251.55059154404802,62.713501022267465,246.55059154404802,72.71350102226747,256.550591544048,1.0
3,222,66.69978542770129,251.14673223398978,61.699785427701286,246.14673223398978,71.69978542770129,256.1467322339898,1.0
3,223,66.99537030896772,250.78969377316136,61.99537030896772,245.78969377316136,71.99537030896772,255.78969377316136,1.0
3,224,67.36630085419591,250.7281837209514,62.36630085419591,245.7281837209514,72.36630085419591,255.7281837209514,1.0
3,225,66.75387198009088,250.87253337907245,61.75387198009088,245.87253337907245,71.75387198009088,255.87253337907245,1.0
3,226,66.94760933430405,250.52821598297157,61.94760933430405,245.52821598297157,71.94760933430405,255.52821598297157,1.0
3,227,65.66835123826222,249.02503288123413,60.66835123826222,244.02503288123413,70.66835123826222,254.02503288123413,1.0
3,228,63.98920132104976,248.36870732561428,58.98920132104976,243.36870732561428,68.98920132104976,253.36870732561428,1.0
3,229,63.228924297322685,246.76813920726468,58.228924297322685,241.76813920726468,68.22892429732269,251.76813920726468,1.0
3,230,63.05611487830236,246.03548231684272,58.05611487830236,241.03548231684272,68.05611487830237,251.03548231684272,1.0
3,231,62.96502802999964,245.49704633829722,57.96502802999964,240.49704633829722,67.96502802999964,250.49704633829722,1.0
3,232,61.92635299597612,246.31249048568583,56.92635299597612,241.31249048568583,66.92635299597612,251.31249048568583,1.0
3,233,61.50006838725972,247.20930600556034,56.50006838725972,242.20930600556034,66.50006838725972,252.20930600556034,1.0
3,234,62.641459077541235,248.1809523066384,57.641459077541235,243.1809523066384,67.64145907754124,253.1809523066384,1.0
3,235,63.31317584126728,248.48873629492152,58.31317584126728,243.48873629492152,68.31317584126728,253.48873629492152,1.0
3,236,64.2768617761993,247.44288744413683,59.2768617761993,242.44288744413683,69.2768617761993,252.44288744413683,1.0
3,237,64.23730177899188,247.47847686487128,59.23730177899188,242.47847686487128,69.23730177899188,252.47847686487128,1.0
3,238,63.64316779973352,247.0773852453043,58.64316779973352,242.0773852453043,68.64316779973352,252.0773852453043,1.0
3,239,62.16770876778351,247.08045612771673,57.16770876778351,242.08045612771673,67.16770876778351,252.08045612771673,1.0
3,240,61.37147536714571,247.85405214897946,56.37147536714571,242.85405214897946,66.3714753671457,252.85405214897946,1.0
3,241,60.6102389521631,247.52508087552062,55.6102389521631,242.52508087552062,65.6102389521631,252.52508087552062,1.0
3,242,60.17020613423435,246.14900170877624,55.17020613423435,241.14900170877624,65.17020613423435,251.14900170877624,1.0
3,243,59.46319897334226,246.39126073366788,54.46319897334226,241.39126073366788,64.46319897334226,251.39126073366788,1.0
3,244,59.451716631927056,247.04109424475953,54.451716631927056,242.04109424475953,64.45171663192706,252.04109424475953,1.0
3,245,60.64651484924167,247.41362061851595,55.64651484924167,242.41362061851595,65.64651484924167,252.41362061851595,1.0
3,246,61.20918515361259,248.26973522332216,56.20918515361259,243.26973522332216,66.2091851536126,253.26973522332216,1.0
3,247,61.392968547791526,249.69395065996736,56.392968547791526,244.69395065996736,66.39296854779153,254.69395065996736,1.0
3,248,61.55672963093133,250.59667218209958,56.55672963093133,245.59667218209958,66.55672963093133,255.59667218209958,1.0
3,249,61.923070301902285,251.2022678050822,56.923070301902285,246.2022678050822,66.92307030190229,256.2022678050822,1.0
3,250,62.37861179271504,251.9315657045722,57.37861179271504,246.9315657045722,67.37861179271505,256.9315657045722,1.0
3,251,63.013105769377454,251.88199149555857,58.013105769377454,246.88199149555857,68.01310576937746,256.88199149555857,1.0
3,252,63.789377365175696,251.18726391373957,58.789377365175696,246.18726391373957,68.7893773651757,256.18726391373957,1.0
3,253,64.47438209307896,251.69613316310952,59.47438209307896,246.69613316310952,69.47438209307896,256.6961331631095,1.0
3,254,65.30299071114744,252.0674500969881,60.302990711147444,247.0674500969881,70.30299071114744,257.06745009698807,1.0
3,255,66.52096998625925,252.52917088873676,61.520969986259246,247.52917088873676,71.52096998625925,257.52917088873676,1.0
3,256,68.10291593690272,252.96267295997876,63.10291593690272,247.96267295997876,73.10291593690272,257.96267295997876,1.0
3,257,69.05930186290922,253.72841333666938,64.05930186290922,248.72841333666938,74.05930186290922,258.7284133366694,1.0
3,258,69.40209660570363,255.87486726578763,64.40209660570363,250.87486726578763,74.40209660570363,260.87486726578766,1.0
3,259,70.05665000767902,257.99071300345497,65.05665000767902,252.99071300345497,75.05665000767902,262.99071300345497,1.0
3,260,70.87542981642403,259.75704066180987,65.87542981642403,254.75704066180987,75.87542981642403,264.75704066180987,1.0
3,261,71.72329461515216,260.8942078088562,66.72329461515216,255.8942078088562,76.72329461515216,265.8942078088562,1.0
3,262,73.24737646856933,260.3131984033496,68.24737646856933,255.3131984033496,78.24737646856933,265.3131984033496,1.0
3,263,74.10235020055379,258.79640644273104,69.10235020055379,253.79640644273104,79.10235020055379,263.79640644273104,1.0
3,264,75.4223228486552,257.6617245480292,70.4223228486552,252.6617245480292,80.4223228486552,262.6617245480292,1.0
3,265,76.17448100446933,257.16753067372315,71.17448100446933,252.16753067372315,81.17448100446933,262.16753067372315,1.0
3,266,77.0849060565104,257.8242229009515,72.0849060565104,252.8242229009515,82.0849060565104,262.8242229009515,1.0
3,267,77.89687009806227,258.05701241869343,72.89687009806227,253.05701241869343,82.89687009806227,263.05701241869343,1.0
3,268,77.58571680127227,258.80966626215724,72.58571680127227,253.80966626215724,82.58571680127227,263.80966626215724,1.0
3,269,78.15735413105867,258.99863007427007,73.15735413105867,253.99863007427007,83.15735413105867,263.99863007427007,1.0
3,270,78.30987769841661,259.3815469991298,73.30987769841661,254.3815469991298,83.30987769841661,264.3815469991298,1.0
3,271,79.29913131632884,261.2085836230801,74.29913131632884,256.2085836230801,84.29913131632884,266.2085836230801,1.0
3,272,79.3942474263258,261.5594695264631,74.3942474263258,256.5594695264631,84.3942474263258,266.5594695264631,1.0
3,273,79.56463127103416,262.7817403746719,74.56463127103416,257.7817403746719,84.56463127103416,267.7817403746719,1.0
3,274,78.95413568608541,263.83596125518955,73.95413568608541,258.83596125518955,83.95413568608541,268.83596125518955,1.0
3,275,79.76087076449423,265.2458274412842,74.76087076449423,260.2458274412842,84.76087076449423,270.2458274412842,1.0
3,276,79.875664110956,266.2062932889801,74.875664110956,261.2062932889801,84.875664110956,271.2062932889801,1.0
3,277,79.35216229321549,266.84788850205007,74.35216229321549,261.84788850205007,84.35216229321549,271.84788850205007,1.0
3,278,78.74905624492295,266.9619442160326,73.74905624492295,261.9619442160326,83.74905624492295,271.9619442160326,1.0
3,279,79.12884554586022,267.1538505531823,74.12884554586022,262.1538505531823,84.12884554586022,272.1538505531823,1.0
3,280,79.98850744952085,268.4878521753713,74.98850744952085,263.4878521753713,84.98850744952085,273.4878521753713,1.0
3,281,80.25927591415575,269.33172277963376,75.25927591415575,264.33172277963376,85.25927591415575,274.33172277963376,1.0
3,282,80.16282109666231,268.7783442231305,75.16282109666231,263.7783442231305,85.16282109666231,273.7783442231305,1.0
3,283,82.44616678655956,267.31163361512614,77.44616678655956,262.31163361512614,87.44616678655956,272.31163361512614,1.0
3,284,83.30821067435798,265.52041824953653,78.30821067435798,260.52041824953653,88.30821067435798,270.52041824953653,1.0
3,285,85.36936534961876,264.4920818242619,80.36936534961876,259.4920818242619,90.36936534961876,269.4920818242619,1.0
3,286,86.80505732829845,264.2793830905911,81.80505732829845,259.2793830905911,91.80505732829845,269.2793830905911,1.0
3,287,87.45912825015287,264.7508985711977,82.45912825015287,259.7508985711977,92.45912825015287,269.7508985711977,1.0
3,288,87.99269953412647,265.60779949386523,82.99269953412647,260.60779949386523,92.99269953412647,270.60779949386523,1.0
3,289,88.11696778158301,265.93095136502177,83.11696778158301,260.93095136502177,93.11696778158301,270.93095136502177,1.0
3,290,87.79877140591897,265.762394448584,82.79877140591897,260.762394448584,92.79877140591897,270.762394448584,1.0
3,291,86.49491447348386,265.55723159623307,81.49491447348386,260.55723159623307,91.49491447348386,270.55723159623307,1.0
3,292,85.77295856865565,264.6337657516743,80.77295856865565,259.6337657516743,90.77295856865565,269.6337657516743,1.0
3,293,84.96105872080872,264.15719155421414,79.96105872080872,259.15719155421414,89.96105872080872,269.15719155421414,1.0
3,294,85.33041144960856,262.65414912031434,80.33041144960856,257.65414912031434,90.33041144960856,267.65414912031434,1.0
3,295,86.08525941791387,262.2451020158474,81.08525941791387,257.2451020158474,91.08525941791387,267.2451020158474,1.0
3,296,86.23973132192063,261.6707386013305,81.23973132192063,256.6707386013305,91.23973132192063,266.6707386013305,1.0
3,297,86.29693621849891,262.01332728172133,81.29693621849891,257.01332728172133,91.29693621849891,267.01332728172133,1.0
3,298,86.27528985106608,262.7793091021852,81.27528985106608,257.7793091021852,91.27528985106608,267.7793091021852,1.0
3,299,86.92613693914731,263.85985920848594,81.92613693914731,258.85985920848594,91.92613693914731,268.85985920848594,1.0
3,300,86.81352664568863,264.71757672340715,81.81352664568863,259.71757672340715,91.81352664568863,269.71757672340715,1.0
3,301,85.2712220102257,265.02989544515435,80.2712220102257,260.02989544515435,90.2712220102257,270.02989544515435,1.0
3,302,84.38541443306305,264.26522022223617,79.38541443306305,259.26522022223617,89.38541443306305,269.26522022223617,1.0
3,303,84.7150748704936,264.5161097601614,79.7150748704936,259.5161097601614,89.7150748704936,269.5161097601614,1.0
3,304,84.52049950837281,264.7710261934712,79.52049950837281,259.7710261934712,89.52049950837281,269.7710261934712,1.0
3,305,85.0088793744923,265.43838598459666,80.0088793744923,260.43838598459666,90.0088793744923,270.43838598459666,1.0
3,306,85.1560626229685,265.08493883309325,80.1560626229685,260.08493883309325,90.1560626229685,270.08493883309325,1.0
3,307,84.99395270359804,265.25450555967666,79.99395270359804,260.25450555967666,89.99395270359804,270.25450555967666,1.0
3,308,83.57250815377019,266.6697708247689,78.57250815377019,261.6697708247689,88.57250815377019,271.6697708247689,1.0
3,309,82.96459308719844,266.36036910996353,77.96459308719844,261.36036910996353,87.96459308719844,271.36036910996353,1.0
3,310,82.93903984344337,266.6392402413511,77.93903984344337,261.6392402413511,87.93903984344337,271.6392402413511,1.0
3,311,81.7212519115694,266.06812189230243,76.7212519115694,261.06812189230243,86.7212519115694,271.06812189230243,1.0
3,312,82.43071140262151,265.72189226635123,77.43071140262151,260.72189226635123,87.43071140262151,270.72189226635123,1.0
3,313,82.07615495194909,265.43539167618275,77.07615495194909,260.43539167618275,87.07615495194909,270.43539167618275,1.0
3,314,82.26352828856648,265.2632405685147,77.26352828856648,260.2632405685147,87.26352828856648,270.2632405685147,1.0
3,315,82.23762034437465,265.1483006610691,77.23762034437465,260.1483006610691,87.23762034437465,270.1483006610691,1.0
3,316,82.90088601841475,264.85583524700155,77.90088601841475,259.85583524700155,87.90088601841475,269.85583524700155,1.0
3,317,82.8862999941285,264.47151181791804,77.8862999941285,259.47151181791804,87.8862999941285,269.47151181791804,1.0
3,318,82.36050672440872,264.41188297367336,77.36050672440872,259.41188297367336,87.36050672440872,269.41188297367336,1.0
3,319,82.5529150866488,264.4747727188852,77.5529150866488,259.4747727188852,87.5529150866488,269.4747727188852,1.0
3,320,82.1662035569235,264.87301694589985,77.1662035569235,259.87301694589985,87.1662035569235,269.87301694589985,1.0
3,321,81.50767971436383,265.49295748039697,76.50767971436383,260.49295748039697,86.50767971436383,270.49295748039697,1.0
3,322,81.57085743398494,265.59944925968153,76.57085743398494,260.59944925968153,86.57085743398494,270.59944925968153,1.0
3,323,81.1492582836081,264.73952613525296,76.1492582836081,259.73952613525296,86.1492582836081,269.73952613525296,1.0
3,324,79.84740321042034,264.3968092678838,74.84740321042034,259.3968092678838,84.84740321042034,269.3968092678838,1.0
3,325,78.72325984562988,264.1930333580223,73.72325984562988,259.1930333580223,83.72325984562988,269.1930333580223,1.0
3,326,78.51486606994698,264.74523844151776,73.51486606994698,259.74523844151776,83.51486606994698,269.74523844151776,1.0
3,327,78.04646792730621,265.08541578726533,73.04646792730621,260.08541578726533,83.04646792730621,270.08541578726533,1.0
3,328,77.78207006114006,266.1757942213067,72.78207006114006,261.1757942213067,82.78207006114006,271.1757942213067,1.0
3,329,76.86487508414584,267.22377205196636,71.86487508414584,262.22377205196636,81.86487508414584,272.22377205196636,1.0
3,330,77.07621580671326,268.4281117885501,72.07621580671326,263.4281117885501,82.07621580671326,273.4281117885501,1.0
3,331,78.39273219315355,268.7684818739939,73.39273219315355,263.7684818739939,83.39273219315355,273.7684818739939,1.0
3,332,78.81391096748982,269.5587921846105,73.81391096748982,264.5587921846105,83.81391096748982,274.5587921846105,1.0
3,333,80.13176522145199,268.9185480444027,75.13176522145199,263.9185480444027,85.13176522145199,273.9185480444027,1.0
3,334,79.7258882259424,268.03715946893647,74.7258882259424,263.03715946893647,84.7258882259424,273.03715946893647,1.0
3,335,79.27286660411158,267.5810816991144,74.27286660411158,262.5810816991144,84.27286660411158,272.5810816991144,1.0
3,336,79.52853925746098,267.85449025097654,74.52853925746098,262.85449025097654,84.52853925746098,272.85449025097654,1.0
3,337,80.61023161462919,267.70377275239025,75.61023161462919,262.70377275239025,85.61023161462919,272.70377275239025,1.0
3,338,81.58992179221124,267.1184131405197,76.58992179221124,262.1184131405197,86.58992179221124,272.1184131405197,1.0
3,339,81.0557995652492,266.5304553761321,76.0557995652492,261.5304553761321,86.0557995652492,271.5304553761321,1.0
3,340,79.67930515873704,267.0844012485748,74.67930515873704,262.0844012485748,84.67930515873704,272.0844012485748,1.0
3,341,80.03722001304703,267.0977000822941,75.03722001304703,262.0977000822941,85.03722001304703,272.0977000822941,1.0
3,342,79.68204153932537,267.05325141266087,74.68204153932537,262.05325141266087,84.68204153932537,272.05325141266087,1.0
3,343,80.24834728194311,266.52610456622125,75.24834728194311,261.52610456622125,85.24834728194311,271.52610456622125,1.0
3,344,81.23123790209435,265.44883182000876,76.23123790209435,260.44883182000876,86.23123790209435,270.44883182000876,1.0
3,345,83.12984909949671,264.3836964435592,78.12984909949671,259.3836964435592,88.12984909949671,269.3836964435592,1.0
3,346,84.21830367637605,265.13573258752865,79.21830367637605,260.13573258752865,89.21830367637605,270.13573258752865,1.0
3,347,84.91485333575066,265.8686679533982,79.91485333575066,260.8686679533982,89.91485333575066,270.8686679533982,1.0
3,348,85.17169289299528,267.11322361623564,80.17169289299528,262.11322361623564,90.17169289299528,272.11322361623564,1.0
3,349,85.15701029011134,266.7482215691155,80.15701029011134,261.7482215691155,90.15701029011134,271.7482215691155,1.0
3,350,86.00112618959943,267.35638695318005,81.00112618959943,262.35638695318005,91.00112618959943,272.35638695318005,1.0
3,351,86.17574723192888,268.17594043054385,81.17574723192888,263.17594043054385,91.17574723192888,273.17594043054385,1.0
3,352,85.46370588957055,269.1526070206849,80.46370588957055,264.1526070206849,90.46370588957055,274.1526070206849,1.0
3,353,85.19339733897407,269.3512939079413,80.19339733897407,264.3512939079413,90.19339733897407,274.3512939079413,1.0
3,354,86.19402388156209,269.6889929854286,81.19402388156209,264.6889929854286,91.19402388156209,274.6889929854286,1.0
3,355,85.27361244199128,268.8445290221868,80.27361244199128,263.8445290221868,90.27361244199128,273.8445290221868,1.0
3,356,84.86285020874672,267.7998886921072,79.86285020874672,262.7998886921072,89.86285020874672,272.7998886921072,1.0
3,357,84.94005753672944,266.93194413995485,79.94005753672944,261.93194413995485,89.94005753672944,271.93194413995485,1.0
3,358,84.59484255278319,265.5504391445559,79.59484255278319,260.5504391445559,89.59484255278319,270.5504391445559,1.0
3,359,83.68989657866784,265.34552276711196,78.68989657866784,260.34552276711196,88.68989657866784,270.34552276711196,1.0
3,360,83.62967458714435,265.53967936536185,78.62967458714435,260.53967936536185,88.62967458714435,270.53967936536185,1.0
3,361,84.32125130417894,265.23545428682814,79.32125130417894,260.23545428682814,89.32125130417894,270.23545428682814,1.0
3,362,83.38659930410901,266.12001570140126,78.38659930410901,261.12001570140126,88.38659930410901,271.12001570140126,1.0
3,363,82.63948248735042,266.8654047570144,77.63948248735042,261.8654047570144,87.63948248735042,271.8654047570144,1.0
3,364,82.39357178770769,266.97900247436655,77.39357178770769,261.97900247436655,87.39357178770769,271.97900247436655,1.0
3,365,82.32841700217617,267.15082853928806,77.32841700217617,262.15082853928806,87.32841700217617,272.15082853928806,1.0
3,366,82.54138609959439,267.62645409876774,77.54138609959439,262.62645409876774,87.54138609959439,272.62645409876774,1.0
3,367,83.16547983715267,268.40781466216515,78.16547983715267,263.40781466216515,88.16547983715267,273.40781466216515,1.0
3,368,83.19608525831391,268.5926520081175,78.19608525831391,263.5926520081175,88.19608525831391,273.5926520081175,1.0
3,369,82.60179881804896,268.20765430029104,77.60179881804896,263.20765430029104,87.60179881804896,273.20765430029104,1.0
3,370,83.05854763394265,268.4374645073838,78.05854763394265,263.4374645073838,88.05854763394265,273.4374645073838,1.0
3,371,83.11550546802462,268.1701358871678,78.11550546802462,263.1701358871678,88.11550546802462,273.1701358871678,1.0
3,372,84.71263754407518,268.4958059021017,79.71263754407518,263.4958059021017,89.71263754407518,273.4958059021017,1.0
3,373,84.51878824944637,268.16747349029174,79.51878824944637,263.16747349029174,89.51878824944637,273.16747349029174,1.0
3,374,84.8033647069258,267.6867859269553,79.8033647069258,262.6867859269553,89.8033647069258,272.6867859269553,1.0
3,375,85.57649047317801,267.33847337547917,80.57649047317801,262.33847337547917,90.57649047317801,272.33847337547917,1.0
3,376,85.85644095209554,266.6822465438941,80.85644095209554,261.6822465438941,90.85644095209554,271.6822465438941,1.0
3,377,86.02536036996675,265.66818362460623,81.02536036996675,260.66818362460623,91.02536036996675,270.66818362460623,1.0
3,378,86.739870850182,265.44704606689834,81.739870850182,260.44704606689834,91.739870850182,270.44704606689834,1.0
3,379,87.28823336469569,264.61584616855106,82.28823336469569,259.61584616855106,92.28823336469569,269.61584616855106,1.0
3,380,87.78159109369733,263.64309803490784,82.78159109369733,258.64309803490784,92.78159109369733,268.64309803490784,1.0
3,381,88.17405338682087,262.88057098869723,83.17405338682087,257.88057098869723,93.17405338682087,267.88057098869723,1.0
3,382,89.06736667089599,263.3998162640607,84.06736667089599,258.3998162640607,94.06736667089599,268.3998162640607,1.0
3,383,88.82064621617079,263.86131019156835,83.82064621617079,258.86131019156835,93.82064621617079,268.86131019156835,1.0
3,384,88.47234361386737,264.8125325872379,83.47234361386737,259.8125325872379,93.47234361386737,269.8125325872379,1.0
3,385,88.43911184493656,264.6978374187282,83.43911184493656,259.6978374187282,93.43911184493656,269.6978374187282,1.0
3,386,88.7977840573796,265.7697728443949,83.7977840573796,260.7697728443949,93.7977840573796,270.7697728443949,1.0
3,387,89.31693050798853,266.65652895580706,84.31693050798853,261.65652895580706,94.31693050798853,271.65652895580706,1.0
3,388,90.82088000799828,266.9355887605233,85.82088000799828,261.9355887605233,95.82088000799828,271.9355887605233,1.0
3,389,91.97605259688461,267.51197699705574,86.97605259688461,262.51197699705574,96.97605259688461,272.51197699705574,1.0
3,390,93.50688607435292,266.43636354264044,88.50688607435292,261.43636354264044,98.50688607435292,271.43636354264044,1.0
3,391,95.70665521039051,265.935694112669,90.70665521039051,260.935694112669,100.70665521039051,270.935694112669,1.0
3,392,96.40734550583491,265.2679762313772,91.40734550583491,260.2679762313772,101.40734550583491,270.2679762313772,1.0
3,393,97.33470937924707,265.35807807198915,92.33470937924707,260.35807807198915,102.33470937924707,270.35807807198915,1.0
3,394,97.58117316035666,264.3003117653395,92.58117316035666,259.3003117653395,102.58117316035666,269.3003117653395,1.0
3,395,97.15060348475795,263.8659669479415,92.15060348475795,258.8659669479415,102.15060348475795,268.8659669479415,1.0
3,396,96.47313298240864,263.9822025762694,91.47313298240864,258.9822025762694,101.47313298240864,268.9822025762694,1.0
3,397,96.71664185813796,263.91072212699817,91.71664185813796,258.91072212699817,101.71664185813796,268.91072212699817,1.0
3,398,97.69835871591056,264.02419559641277,92.69835871591056,259.02419559641277,102.69835871591056,269.02419559641277,1.0
3,399,98.50043422365238,264.5697045736007,93.50043422365238,259.5697045736007,103.50043422365238,269.5697045736007,1.0
3,400,99.36205891579978,264.5120359692975,94.36205891579978,259.5120359692975,104.36205891579978,269.5120359692975,1.0
3,401,100.06706536214688,264.71490422316003,95.06706536214688,259.71490422316003,105.06706536214688,269.71490422316003,1.0
3,402,100.5667803868171,265.17807053736146,95.5667803868171,260.17807053736146,105.5667803868171,270.17807053736146,1.0
3,403,100.49931035538879,265.1443185781236,95.49931035538879,260.1443185781236,105.49931035538879,270.1443185781236,1.0
3,404,99.63612772060483,265.15893806998207,94.63612772060483,260.15893806998207,104.63612772060483,270.15893806998207,1.0
3,405,100.26091107355953,266.58861013422865,95.26091107355953,261.58861013422865,105.26091107355953,271.58861013422865,1.0
3,406,101.11185167077241,266.7891312285531,96.11185167077241,261.7891312285531,106.11185167077241,271.7891312285531,1.0
3,407,101.45590869296657,266.67447609434197,96.45590869296657,261.67447609434197,106.45590869296657,271.67447609434197,1.0
3,408,102.14716020358263,267.0080619382471,97.14716020358263,262.0080619382471,107.14716020358263,272.0080619382471,1.0
3,409,102.94802598240125,267.86426111154947,97.94802598240125,262.86426111154947,107.94802598240125,272.86426111154947,1.0
3,410,103.90645149379402,269.0104089258048,98.90645149379402,264.0104089258048,108.90645149379402,274.0104089258048,1.0
3,411,105.06511227349927,270.02555669201206,100.06511227349927,265.02555669201206,110.06511227349927,275.02555669201206,1.0
3,412,105.7395304210513,270.46868151645185,100.7395304210513,265.46868151645185,110.7395304210513,275.46868151645185,1.0
3,413,105.58169768453116,270.5012155609008,100.58169768453116,265.5012155609008,110.58169768453116,275.5012155609008,1.0
3,414,105.50435207482045,270.8292820229633,100.50435207482045,265.8292820229633,110.50435207482045,275.8292820229633,1.0
3,415,105.81932033275618,271.5099446350648,100.81932033275618,266.5099446350648,110.81932033275618,276.5099446350648,1.0
3,416,106.02065144009075,272.2043225418122,101.02065144009075,267.2043225418122,111.02065144009075,277.2043225418122,1.0
3,417,105.71942034786522,272.3089147455347,100.71942034786522,267.3089147455347,110.71942034786522,277.3089147455347,1.0
3,418,104.78847926224637,272.76443555033427,99.78847926224637,267.76443555033427,109.78847926224637,277.76443555033427,1.0
3,419,103.73640948355242,272.6893614881953,98.73640948355242,267.6893614881953,108.73640948355242,277.6893614881953,1.0
3,420,103.37753065090624,271.99708421986475,98.37753065090624,266.99708421986475,108.37753065090624,276.99708421986475,1.0
3,421,102.58673372992004,271.46701640469865,97.58673372992004,266.46701640469865,107.58673372992004,276.46701640469865,1.0
3,422,102.31604581340582,271.0105332043704,97.31604581340582,266.0105332043704,107.31604581340582,276.0105332043704,1.0
3,423,102.97802895823109,269.4819424073499,97.97802895823109,264.4819424073499,107.97802895823109,274.4819424073499,1.0
3,424,103.98446873854543,268.7176606533206,98.98446873854543,263.7176606533206,108.98446873854543,273.7176606533206,1.0
3,425,105.80353885444653,268.49485292319514,100.80353885444653,263.49485292319514,110.80353885444653,273.49485292319514,1.0
3,426,106.41098287307034,268.1659043608484,101.41098287307034,263.1659043608484,111.41098287307034,273.1659043608484,1.0
3,427,108.05333569425612,268.47137017820364,103.05333569425612,263.47137017820364,113.05333569425612,273.47137017820364,1.0
3,428,108.12235054651818,268.34799835761197,103.12235054651818,263.34799835761197,113.12235054651818,273.34799835761197,1.0
3,429,108.17008234631841,268.15545853534996,103.17008234631841,263.15545853534996,113.17008234631841,273.15545853534996,1.0
3,430,109.08417797577792,267.84589981959755,104.08417797577792,262.84589981959755,114.08417797577792,272.84589981959755,1.0
3,431,109.0500753351438,268.3731455353205,104.0500753351438,263.3731455353205,114.0500753351438,273.3731455353205,1.0
3,432,108.3104432219267,268.02576640066235,103.3104432219267,263.02576640066235,113.3104432219267,273.02576640066235,1.0
3,433,107.99156438427843,267.1905702305082,102.99156438427843,262.1905702305082,112.99156438427843,272.1905702305082,1.0
3,434,108.30181929946197,265.84912247839696,103.30181929946197,260.84912247839696,113.30181929946197,270.84912247839696,1.0
3,435,107.73680402081969,265.8941213973418,102.73680402081969,260.8941213973418,112.73680402081969,270.8941213973418,1.0
3,436,108.88645508414854,266.10017202337883,103.88645508414854,261.10017202337883,113.88645508414854,271.10017202337883,1.0
3,437,109.79802029823078,266.4559445409586,104.79802029823078,261.4559445409586,114.79802029823078,271.4559445409586,1.0
3,438,110.6185023459598,266.7183482833925,105.6185023459598,261.7183482833925,115.6185023459598,271.7183482833925,1.0
3,439,110.9362118467661,267.514540089312,105.9362118467661,262.514540089312,115.9362118467661,272.514540089312,1.0
3,440,109.49702810151268,268.33143668541777,104.49702810151268,263.33143668541777,114.49702810151268,273.33143668541777,1.0
3,441,107.32550099943779,269.4403815027963,102.32550099943779,264.4403815027963,112.32550099943779,274.4403815027963,1.0
3,442,105.96882387564366,270.5004119391749,100.96882387564366,265.5004119391749,110.96882387564366,275.5004119391749,1.0
3,443,105.19412283661148,271.8206204246138,100.19412283661148,266.8206204246138,110.19412283661148,276.8206204246138,1.0
3,444,103.92705412099352,272.85981031421034,98.92705412099352,267.85981031421034,108.92705412099352,277.85981031421034,1.0
3,445,102.74646565472645,273.7296475881796,97.74646565472645,268.7296475881796,107.74646565472645,278.7296475881796,1.0
3,446,101.92121426037767,273.3763386810696,96.92121426037767,268.3763386810696,106.92121426037767,278.3763386810696,1.0
3,447,101.45587000525677,273.53710744149055,96.45587000525677,268.53710744149055,106.45587000525677,278.53710744149055,1.0
3,448,100.97712073627747,274.96938727733146,95.97712073627747,269.96938727733146,105.97712073627747,279.96938727733146,1.0
3,449,100.82302742285576,276.0702572529096,95.82302742285576,271.0702572529096,105.82302742285576,281.0702572529096,1.0
3,450,100.42668769963534,276.7517356999393,95.42668769963534,271.7517356999393,105.42668769963534,281.7517356999393,1.0
3,451,100.36522481064497,276.4485447252045,95.36522481064497,271.4485447252045,105.36522481064497,281.4485447252045,1.0
3,452,101.0439306780597,275.4406416819397,96.0439306780597,270.4406416819397,106.0439306780597,280.4406416819397,1.0
3,453,101.81545761191566,275.66058433937695,96.81545761191566,270.66058433937695,106.81545761191566,280.66058433937695,1.0
3,454,102.24253501820101,276.04479544323993,97.24253501820101,271.04479544323993,107.24253501820101,281.04479544323993,1.0
3,455,101.88767632348569,276.58771094159636,96.88767632348569,271.58771094159636,106.88767632348569,281.58771094159636,1.0
3,456,102.54468181892751,276.94815011365705,97.54468181892751,271.94815011365705,107.54468181892751,281.94815011365705,1.0
3,457,103.53317929124418,277.2868683685699,98.53317929124418,272.2868683685699,108.53317929124418,282.2868683685699,1.0
3,458,104.28747238203326,278.4922864593596,99.28747238203326,273.4922864593596,109.28747238203326,283.4922864593596,1.0
3,459,104.16374100516549,279.0745679908322,99.16374100516549,274.0745679908322,109.16374100516549,284.0745679908322,1.0
3,460,104.74064812567775,279.050653196236,99.74064812567775,274.050653196236,109.74064812567775,284.050653196236,1.0
3,461,104.28476429026627,278.1548173017636,99.28476429026627,273.1548173017636,109.28476429026627,283.1548173017636,1.0
3,462,103.57966907955105,278.2042065093651,98.57966907955105,273.2042065093651,108.57966907955105,283.2042065093651,1.0
3,463,102.40582565121883,278.57213966319813,97.40582565121883,273.57213966319813,107.40582565121883,283.57213966319813,1.0
3,464,101.37508919537589,277.7440997084878,96.37508919537589,272.7440997084878,106.37508919537589,282.7440997084878,1.0
3,465,101.67826867950532,277.2661271940583,96.67826867950532,272.2661271940583,106.67826867950532,282.2661271940583,1.0
3,466,102.37788010855789,277.17560691349246,97.37788010855789,272.17560691349246,107.37788010855789,282.17560691349246,1.0
3,467,102.87322096382832,275.37768064114124,97.87322096382832,270.37768064114124,107.87322096382832,280.37768064114124,1.0
3,468,104.22217533262754,274.30926478377245,99.22217533262754,269.30926478377245,109.22217533262754,279.30926478377245,1.0
3,469,104.50990020067718,274.03910779859626,99.50990020067718,269.03910779859626,109.50990020067718,279.03910779859626,1.0
3,470,105.38440473487292,273.97546843770215,100.38440473487292,268.97546843770215,110.38440473487292,278.97546843770215,1.0
3,471,106.81135108813386,274.0211095584906,101.81135108813386,269.0211095584906,111.81135108813386,279.0211095584906,1.0
3,472,107.20096692443413,275.28869346139845,102.20096692443413,270.28869346139845,112.20096692443413,280.28869346139845,1.0
3,473,106.47875777464988,276.16865405334516,101.47875777464988,271.16865405334516,111.47875777464988,281.16865405334516,1.0
3,474,105.58575652284686,276.98942799764916,100.58575652284686,271.98942799764916,110.58575652284686,281.98942799764916,1.0
3,475,104.87251591389445,276.75385698722516,99.87251591389445,271.75385698722516,109.87251591389445,281.75385698722516,1.0
3,476,104.3969772482975,277.5474907858923,99.3969772482975,272.5474907858923,109.3969772482975,282.5474907858923,1.0
3,477,103.2828258190019,278.67784022769024,98.2828258190019,273.67784022769024,108.2828258190019,283.67784022769024,1.0
3,478,103.34706296250724,279.16108868729884,98.34706296250724,274.16108868729884,108.34706296250724,284.16108868729884,1.0
3,479,102.1942404262,278.7323643902096,97.1942404262,273.7323643902096,107.1942404262,283.7323643902096,1.0
3,480,101.7617051965855,278.6760630405651,96.7617051965855,273.6760630405651,106.7617051965855,283.6760630405651,1.0
3,481,101.54832541524891,278.5639650175839,96.54832541524891,273.5639650175839,106.54832541524891,283.5639650175839,1.0
3,482,101.2276508034137,278.67515461560765,96.2276508034137,273.67515461560765,106.2276508034137,283.67515461560765,1.0
3,483,101.67587856298233,278.15990676480965,96.67587856298233,273.15990676480965,106.67587856298233,283.15990676480965,1.0
3,484,101.20244981937412,277.0660842880239,96.20244981937412,272.0660842880239,106.20244981937412,282.0660842880239,1.0
3,485,101.75454353509306,276.40388386586255,96.75454353509306,271.40388386586255,106.75454353509306,281.40388386586255,1.0
3,486,101.97663686336983,276.8313390401246,96.97663686336983,271.8313390401246,106.97663686336983,281.8313390401246,1.0
3,487,102.53062000256863,277.9248985905757,97.53062000256863,272.9248985905757,107.53062000256863,282.9248985905757,1.0
3,488,103.12502059586228,278.16437710069766,98.12502059586228,273.16437710069766,108.12502059586228,283.16437710069766,1.0
3,489,104.07384815480412,278.4945103454616,99.07384815480412,273.4945103454616,109.07384815480412,283.4945103454616,1.0
3,490,104.32159634726762,278.72343433692475,99.32159634726762,273.72343433692475,109.32159634726762,283.72343433692475,1.0
3,491,105.15132076509504,279.60540030929224,100.15132076509504,274.60540030929224,110.15132076509504,284.60540030929224,1.0
3,492,106.59191134092727,279.5013616685324,101.59191134092727,274.5013616685324,111.59191134092727,284.5013616685324,1.0
3,493,107.29823363283869,278.6336793362471,102.29823363283869,273.6336793362471,112.29823363283869,283.6336793362471,1.0
3,494,107.70533239473822,278.40605596245814,102.70533239473822,273.40605596245814,112.70533239473822,283.40605596245814,1.0
3,495,108.14781019864569,277.8630889444275,103.14781019864569,272.8630889444275,113.14781019864569,282.8630889444275,1.0
3,496,108.02555594854682,277.11387852262106,103.02555594854682,272.11387852262106,113.02555594854682,282.11387852262106,1.0
3,497,108.1245248109995,276.824387379474,103.1245248109995,271.824387379474,113.1245248109995,281.824387379474,1.0
3,498,109.48534327095096,277.7913633079241,104.48534327095096,272.7913633079241,114.48534327095096,282.7913633079241,1.0
3,499,110.45089224095649,280.01395004852446,105.45089224095649,275.01395004852446,115.45089224095649,285.01395004852446,1.0
3,500,110.95488693868035,280.81921276642817,105.95488693868035,275.81921276642817,115.95488693868035,285.81921276642817,1.0
3,501,111.6492407162369,281.184017458587,106.6492407162369,276.184017458587,116.6492407162369,286.184017458587,1.0
3,502,111.19537091352869,280.9173062325118,106.19537091352869,275.9173062325118,116.19537091352869,285.9173062325118,1.0
3,503,111.54031227408014,281.4699565784744,106.54031227408014,276.4699565784744,116.54031227408014,286.4699565784744,1.0
3,504,111.42729485575485,281.90985573409716,106.42729485575485,276.90985573409716,116.42729485575485,286.90985573409716,1.0
3,505,110.95832051235323,282.8247143107902,105.95832051235323,277.8247143107902,115.95832051235323,287.8247143107902,1.0
3,506,111.51297985807493,283.66478084496777,106.51297985807493,278.66478084496777,116.51297985807493,288.66478084496777,1.0
3,507,112.26863842621347,283.85071023761736,107.26863842621347,278.85071023761736,117.26863842621347,288.85071023761736,1.0
3,508,112.01064267659933,285.16275043056817,107.01064267659933,280.16275043056817,117.01064267659933,290.16275043056817,1.0
3,509,112.18763082754045,285.5512700374131,107.18763082754045,280.5512700374131,117.18763082754045,290.5512700374131,1.0
3,510,112.93332003325986,284.93895838198665,107.93332003325986,279.93895838198665,117.93332003325986,289.93895838198665,1.0
3,511,113.11625050224842,284.2725458835463,108.11625050224842,279.2725458835463,118.11625050224842,289.2725458835463,1.0
3,512,113.58557154930809,284.08581410356953,108.58557154930809,279.08581410356953,118.58557154930809,289.08581410356953,1.0
3,513,114.39404974234355,284.60183997600757,109.39404974234355,279.60183997600757,119.39404974234355,289.60183997600757,1.0
3,514,114.2682592165504,285.1351923253769,109.2682592165504,280.1351923253769,119.2682592165504,290.1351923253769,1.0
3,515,113.85373538414065,284.844029047313,108.85373538414065,279.844029047313,118.85373538414065,289.844029047313,1.0
3,516,113.99321246912892,285.6272342359313,108.99321246912892,280.6272342359313,118.99321246912892,290.6272342359313,1.0
3,517,113.96986764420599,285.10795852683896,108.96986764420599,280.10795852683896,118.96986764420599,290.10795852683896,1.0
3,518,114.90877708633447,284.83108204196594,109.90877708633447,279.83108204196594,119.90877708633447,289.83108204196594,1.0
3,519,116.76536973338565,285.2252895713213,111.76536973338565,280.2252895713213,121.76536973338565,290.2252895713213,1.0
3,520,118.21155153461788,285.0928725943534,113.21155153461788,280.0928725943534,123.21155153461788,290.0928725943534,1.0
3,521,118.68388640251199,284.73807672868435,113.68388640251199,279.73807672868435,123.68388640251199,289.73807672868435,1.0
3,522,118.97723474776534,283.2857459709113,113.97723474776534,278.2857459709113,123.97723474776534,288.2857459709113,1.0
3,523,118.90436631419782,281.8299124956945,113.90436631419782,276.8299124956945,123.90436631419782,286.8299124956945,1.0
3,524,119.61890854829366,281.5791464828258,114.61890854829366,276.5791464828258,124.61890854829366,286.5791464828258,1.0
3,525,121.58591816746068,280.5221940518701,116.58591816746068,275.5221940518701,126.58591816746068,285.5221940518701,1.0
3,526,123.9076182258403,280.3910964034535,118.9076182258403,275.3910964034535,128.90761822584028,285.3910964034535,1.0
3,527,125.31983122794776,280.2723590232644,120.31983122794776,275.2723590232644,130.31983122794776,285.2723590232644,1.0
3,528,126.27487431941333,279.2680260564791,121.27487431941333,274.2680260564791,131.27487431941333,284.2680260564791,1.0
3,529,126.87404670829694,278.8071681214632,121.87404670829694,273.8071681214632,131.87404670829693,283.8071681214632,1.0
3,530,127.26272018049062,277.6500748557679,122.26272018049062,272.6500748557679,132.26272018049062,282.6500748557679,1.0
3,531,127.31584220676105,276.4721993904845,122.31584220676105,271.4721993904845,132.31584220676103,281.4721993904845,1.0
3,532,127.09344578847714,276.48546586931496,122.09344578847714,271.48546586931496,132.09344578847714,281.48546586931496,1.0
3,533,126.73214458692777,275.88181403464887,121.73214458692777,270.88181403464887,131.73214458692777,280.88181403464887,1.0
3,534,126.69923507984763,275.2586804347239,121.69923507984763,270.2586804347239,131.69923507984763,280.2586804347239,1.0
3,535,126.16852264572188,275.86018785560725,121.16852264572188,270.86018785560725,131.16852264572188,280.86018785560725,1.0
3,536,126.64082135311587,276.5161286828711,121.64082135311587,271.5161286828711,131.64082135311588,281.5161286828711,1.0
3,537,126.8925125770843,276.49285293359617,121.8925125770843,271.49285293359617,131.8925125770843,281.49285293359617,1.0
3,538,127.37606864357036,276.76459761473035,122.37606864357036,271.76459761473035,132.37606864357036,281.76459761473035,1.0
3,539,128.38924003017718,275.71573914315144,123.38924003017718,270.71573914315144,133.38924003017718,280.71573914315144,1.0
3,540,127.70498148269063,274.64431794972865,122.70498148269063,269.64431794972865,132.70498148269064,279.64431794972865,1.0
3,541,127.00871514159813,273.68380002835113,122.00871514159813,268.68380002835113,132.00871514159815,278.68380002835113,1.0
3,542,126.91149465647027,272.47548095281866,121.91149465647027,267.47548095281866,131.91149465647027,277.47548095281866,1.0
3,543,127.80265754315688,270.95027654234207,122.80265754315688,265.95027654234207,132.8026575431569,275.95027654234207,1.0
3,544,128.44969820657985,269.7415095416148,123.44969820657985,264.7415095416148,133.44969820657985,274.7415095416148,1.0
3,545,128.29871305362403,267.20655611330636,123.29871305362403,262.20655611330636,133.29871305362403,272.20655611330636,1.0
3,546,127.78556327026882,265.29686275635277,122.78556327026882,260.29686275635277,132.78556327026882,270.29686275635277,1.0
3,547,126.90348324433928,263.7765107332157,121.90348324433928,258.7765107332157,131.90348324433927,268.7765107332157,1.0
3,548,126.76383637686632,263.0242559545505,121.76383637686632,258.0242559545505,131.76383637686632,268.0242559545505,1.0
3,549,126.96858108036803,263.7450528246167,121.96858108036803,258.7450528246167,131.96858108036804,268.7450528246167,1.0
3,550,127.24175532093226,264.6578496474232,122.24175532093226,259.6578496474232,132.24175532093227,269.6578496474232,1.0
3,551,128.19671570903188,264.86714330363907,123.19671570903188,259.86714330363907,133.19671570903188,269.86714330363907,1.0
3,552,129.1986652867655,264.47337460521527,124.1986652867655,259.47337460521527,134.1986652867655,269.47337460521527,1.0
3,553,130.27715693303924,264.2374201186861,125.27715693303924,259.2374201186861,135.27715693303924,269.2374201186861,1.0
3,554,130.71750436404835,264.6547486163218,125.71750436404835,259.6547486163218,135.71750436404835,269.6547486163218,1.0
3,555,130.9440234578994,264.7399044140516,125.94402345789939,259.7399044140516,135.9440234578994,269.7399044140516,1.0
3,556,131.64734168649068,263.6240991466457,126.64734168649068,258.6240991466457,136.64734168649068,268.6240991466457,1.0
3,557,133.0847671625571,262.5702933594497,128.0847671625571,257.5702933594497,138.0847671625571,267.5702933594497,1.0
3,558,133.46223497299664,261.6595393227362,128.46223497299664,256.6595393227362,138.46223497299664,266.6595393227362,1.0
3,559,133.81725475218053,261.4749563802733,128.81725475218053,256.4749563802733,138.81725475218053,266.4749563802733,1.0
3,560,133.4950737475919,260.94816906335285,128.4950737475919,255.94816906335285,138.4950737475919,265.94816906335285,1.0
3,561,133.8210189150364,260.6339738423785,128.8210189150364,255.6339738423785,138.8210189150364,265.6339738423785,1.0
3,562,133.44254677586287,260.3923864492934,128.44254677586287,255.39238644929338,138.44254677586287,265.3923864492934,1.0
3,563,134.23063443957574,259.77638787132685,129.23063443957574,254.77638787132685,139.23063443957574,264.77638787132685,1.0
3,564,134.50428694297966,258.63623954136915,129.50428694297966,253.63623954136915,139.50428694297966,263.63623954136915,1.0
3,565,134.49906853595257,256.7072076430138,129.49906853595257,251.70720764301382,139.49906853595257,261.7072076430138,1.0
3,566,133.93690456068916,254.2890477667493,128.93690456068916,249.2890477667493,138.93690456068916,259.28904776674926,1.0
3,567,134.25589884325268,253.04425306302042,129.25589884325268,248.04425306302042,139.25589884325268,258.0442530630204,1.0
3,568,134.21123891928772,252.19405191028733,129.21123891928772,247.19405191028733,139.21123891928772,257.1940519102873,1.0
3,569,133.38281116253575,252.47293956958137,128.38281116253575,247.47293956958137,138.38281116253575,257.4729395695814,1.0
3,570,132.214538440049,252.93915407536375,127.21453844004901,247.93915407536375,137.214538440049,257.9391540753637,1.0
3,571,131.2628128694323,252.26702700174832,126.26281286943231,247.26702700174832,136.2628128694323,257.2670270017483,1.0
3,572,130.9789616744028,252.43988304880912,125.9789616744028,247.43988304880912,135.9789616744028,257.4398830488091,1.0
3,573,131.02766261411347,252.36515649255472,126.02766261411347,247.36515649255472,136.02766261411347,257.3651564925547,1.0
3,574,131.80876072215187,253.45046985016722,126.80876072215187,248.45046985016722,136.80876072215187,258.4504698501672,1.0
3,575,131.08801953156004,253.87069152249333,126.08801953156004,248.87069152249333,136.08801953156004,258.8706915224933,1.0
3,576,130.7774896147996,254.31177899078435,125.7774896147996,249.31177899078435,135.7774896147996,259.3117789907843,1.0
3,577,131.10729398487578,255.46505867731813,126.10729398487578,250.46505867731813,136.10729398487578,260.4650586773181,1.0
3,578,130.83216047553674,256.3435365394415,125.83216047553674,251.34353653944152,135.83216047553674,261.3435365394415,1.0
3,579,130.35480049017588,257.5887381057403,125.35480049017588,252.58873810574028,135.35480049017588,262.5887381057403,1.0
3,580,129.5325159285234,258.00451528709783,124.5325159285234,253.00451528709783,134.5325159285234,263.00451528709783,1.0
3,581,129.0926705088287,258.17536524283736,124.09267050882869,253.17536524283736,134.0926705088287,263.17536524283736,1.0
3,582,128.84198971558118,259.063291062378,123.84198971558118,254.06329106237803,133.84198971558118,264.063291062378,1.0
3,583,127.96913458374642,260.3762928500448,122.96913458374642,255.37629285004482,132.96913458374644,265.3762928500448,1.0
3,584,128.1921326043145,261.41614921505214,123.19213260431451,256.41614921505214,133.1921326043145,266.41614921505214,1.0
3,585,128.59378566765997,261.23101937402686,123.59378566765997,256.23101937402686,133.59378566765997,266.23101937402686,1.0
3,586,128.8494460544199,260.71378368984483,123.8494460544199,255.71378368984483,133.8494460544199,265.71378368984483,1.0
3,587,129.0237116311725,260.74753203756376,124.02371163117249,255.74753203756376,134.0237116311725,265.74753203756376,1.0
3,588,130.02521762362923,260.94181222150314,125.02521762362923,255.94181222150314,135.02521762362923,265.94181222150314,1.0
3,589,130.76941743683844,260.7417754199334,125.76941743683844,255.7417754199334,135.76941743683844,265.7417754199334,1.0
3,590,130.22215357606447,260.3090698514589,125.22215357606447,255.3090698514589,135.22215357606447,265.3090698514589,1.0
3,591,130.892456846859,259.2606775508784,125.892456846859,254.26067755087843,135.892456846859,264.2606775508784,1.0
3,592,131.32364670376137,259.2512851033937,126.32364670376137,254.25128510339368,136.32364670376137,264.2512851033937,1.0
3,593,131.95828154120196,259.302823362255,126.95828154120196,254.30282336225503,136.95828154120196,264.302823362255,1.0
3,594,132.702801477935,259.20246927120746,127.702801477935,254.20246927120746,137.702801477935,264.20246927120746,1.0
3,595,133.12294566545683,258.1499076919197,128.12294566545683,253.14990769191968,138.12294566545683,263.1499076919197,1.0
3,596,133.55126917163693,257.1108400122859,128.55126917163693,252.1108400122859,138.55126917163693,262.1108400122859,1.0
3,597,133.9890033392852,256.5510750738959,128.9890033392852,251.5510750738959,138.9890033392852,261.5510750738959,1.0
3,598,133.86407550464915,255.70842507073118,128.86407550464915,250.70842507073118,138.86407550464915,260.7084250707312,1.0
3,599,133.66936447889006,254.67613170952714,128.66936447889006,249.67613170952714,138.66936447889006,259.6761317095271,1.0
3,600,134.50902283362038,253.30291614920458,129.50902283362038,248.30291614920458,139.50902283362038,258.3029161492046,1.0
3,601,134.9801012681656,252.23722195860057,129.9801012681656,247.23722195860057,139.9801012681656,257.23722195860057,1.0
3,602,134.9295976781276,252.0544718203656,129.9295976781276,247.0544718203656,139.9295976781276,257.0544718203656,1.0
3,603,135.84282034125343,251.91957808701653,130.84282034125343,246.91957808701653,140.84282034125343,256.91957808701653,1.0
3,604,137.2608969586439,251.06773946467962,132.2608969586439,246.06773946467962,142.2608969586439,256.0677394646796,1.0
3,605,139.398391605747,249.828217077898,134.398391605747,244.828217077898,144.398391605747,254.828217077898,1.0
3,606,140.00293645229493,247.8566745577793,135.00293645229493,242.8566745577793,145.00293645229493,252.8566745577793,1.0
3,607,140.49399256284244,246.08685973135272,135.49399256284244,241.08685973135272,145.49399256284244,251.08685973135272,1.0
3,608,140.12203968014126,245.3311134409472,135.12203968014126,240.3311134409472,145.12203968014126,250.3311134409472,1.0
3,609,140.06599124143185,245.30495433348722,135.06599124143185,240.30495433348722,145.06599124143185,250.30495433348722,1.0
3,610,140.20806671693308,245.498324440943,135.20806671693308,240.498324440943,145.20806671693308,250.498324440943,1.0
3,611,140.11669573569793,246.35916652067476,135.11669573569793,241.35916652067476,145.11669573569793,251.35916652067476,1.0
3,612,140.8707939107421,246.49822170886753,135.8707939107421,241.49822170886753,145.8707939107421,251.49822170886753,1.0
3,613,140.71611591320516,247.30616784596384,135.71611591320516,242.30616784596384,145.71611591320516,252.30616784596384,1.0
3,614,141.1563337516916,246.64241884650065,136.1563337516916,241.64241884650065,146.1563337516916,251.64241884650065,1.0
3,615,141.1537454390389,247.27020587473822,136.1537454390389,242.27020587473822,146.1537454390389,252.27020587473822,1.0
3,616,141.62536862593947,248.29694092570716,136.62536862593947,243.29694092570716,146.62536862593947,253.29694092570716,1.0
3,617,141.71940786137603,250.00691497890685,136.71940786137603,245.00691497890685,146.71940786137603,255.00691497890685,1.0
3,618,143.08088443150777,249.8301346572401,138.08088443150777,244.8301346572401,148.08088443150777,254.8301346572401,1.0
3,619,144.269702841828,250.4196002017462,139.269702841828,245.4196002017462,149.269702841828,255.4196002017462,1.0
3,620,144.86301099095937,250.85970767568045,139.86301099095937,245.85970767568045,149.86301099095937,255.85970767568045,1.0
3,621,145.25935419114944,251.30226018242016,140.25935419114944,246.30226018242016,150.25935419114944,256.3022601824201,1.0
3,622,146.00299089361886,251.78023114349836,141.00299089361886,246.78023114349836,151.00299089361886,256.7802311434983,1.0
3,623,146.32017933223943,252.4078127630461,141.32017933223943,247.4078127630461,151.32017933223943,257.4078127630461,1.0
3,624,145.91937962582196,253.36443803738695,140.91937962582196,248.36443803738695,150.91937962582196,258.36443803738695,1.0
3,625,145.7452823148961,253.97010893772338,140.7452823148961,248.97010893772338,150.7452823148961,258.97010893772335,1.0
3,626,144.32157260484055,254.27084268564263,139.32157260484055,249.27084268564263,149.32157260484055,259.2708426856426,1.0
3,627,143.67227722621578,254.82135893404194,138.67227722621578,249.82135893404194,148.67227722621578,259.82135893404194,1.0
3,628,142.76578742095586,254.5126608450922,137.76578742095586,249.5126608450922,147.76578742095586,259.5126608450922,1.0
3,629,143.1703505896076,253.86955766672972,138.1703505896076,248.86955766672972,148.1703505896076,258.86955766672975,1.0
3,630,143.7494814730774,254.76446596225765,138.7494814730774,249.76446596225765,148.7494814730774,259.76446596225765,1.0
3,631,142.87091973927758,254.82471943900947,137.87091973927758,249.82471943900947,147.87091973927758,259.82471943900947,1.0
3,632,141.88542190064385,253.9887306352799,136.88542190064385,248.9887306352799,146.88542190064385,258.9887306352799,1.0
3,633,140.85706265337737,253.2772192135802,135.85706265337737,248.2772192135802,145.85706265337737,258.2772192135802,1.0
3,634,140.31331604257448,253.3895884257397,135.31331604257448,248.3895884257397,145.31331604257448,258.3895884257397,1.0
3,635,139.66013033264625,253.43558955092308,134.66013033264625,248.43558955092308,144.66013033264625,258.43558955092305,1.0
3,636,139.23868504787083,252.75786963917358,134.23868504787083,247.75786963917358,144.23868504787083,257.7578696391736,1.0
3,637,138.77662046685862,252.24728059397626,133.77662046685862,247.24728059397626,143.77662046685862,257.24728059397626,1.0
3,638,138.10276857458226,252.31874710365864,133.10276857458226,247.31874710365864,143.10276857458226,257.31874710365867,1.0
3,639,137.93149728606517,252.38232146616488,132.93149728606517,247.38232146616488,142.93149728606517,257.38232146616485,1.0
3,640,138.1323753513123,252.570992543873,133.1323753513123,247.570992543873,143.1323753513123,257.570992543873,1.0
3,641,139.05835404363958,252.01974713140484,134.05835404363958,247.01974713140484,144.05835404363958,257.01974713140487,1.0
3,642,139.7245491424522,251.60998013949217,134.7245491424522,246.60998013949217,144.7245491424522,256.60998013949217,1.0
3,643,139.9475063155779,252.21457257841035,134.9475063155779,247.21457257841035,144.9475063155779,257.21457257841035,1.0
3,644,140.5924591229083,253.12129012797112,135.5924591229083,248.12129012797112,145.5924591229083,258.1212901279711,1.0
3,645,141.33781988259494,252.6758689067666,136.33781988259494,247.6758689067666,146.33781988259494,257.6758689067666,1.0
3,646,141.12376042319596,251.8865259671729,136.12376042319596,246.8865259671729,146.12376042319596,256.88652596717293,1.0
3,647,141.57503079637752,252.03578157402382,136.57503079637752,247.03578157402382,146.57503079637752,257.0357815740238,1.0
3,648,140.5834479171728,252.54776947783225,135.5834479171728,247.54776947783225,145.5834479171728,257.5477694778323,1.0
3,649,139.1213312022178,253.0453028622355,134.1213312022178,248.0453028622355,144.1213312022178,258.04530286223553,1.0
3,650,138.56050413119127,253.55272105710247,133.56050413119127,248.55272105710247,143.56050413119127,258.5527210571025,1.0
3,651,137.83014179144703,253.95303663332604,132.83014179144703,248.95303663332604,142.83014179144703,258.95303663332606,1.0
3,652,137.94145039448148,255.51210711351177,132.94145039448148,250.51210711351177,142.94145039448148,260.5121071135118,1.0
3,653,138.32353853587017,256.3953086112797,133.32353853587017,251.3953086112797,143.32353853587017,261.3953086112797,1.0
3,654,139.01847819599112,258.0366084329899,134.01847819599112,253.0366084329899,144.01847819599112,263.0366084329899,1.0
3,655,138.0377125527404,259.0554647149444,133.0377125527404,254.05546471494438,143.0377125527404,264.0554647149444,1.0
3,656,136.85228545764335,260.18090745484636,131.85228545764335,255.18090745484636,141.85228545764335,265.18090745484636,1.0
3,657,137.22134699203036,260.54577525972263,132.22134699203036,255.54577525972263,142.22134699203036,265.54577525972263,1.0
3,658,136.74312600945314,260.42683752223365,131.74312600945314,255.42683752223365,141.74312600945314,265.42683752223365,1.0
3,659,137.09123959134703,260.074849973267,132.09123959134703,255.07484997326702,142.09123959134703,265.074849973267,1.0
3,660,136.41272843139524,259.7122442464341,131.41272843139524,254.71224424643412,141.41272843139524,264.7122442464341,1.0
3,661,136.49810425897562,259.52632632686675,131.49810425897562,254.52632632686675,141.49810425897562,264.52632632686675,1.0
3,662,137.1753033850906,259.98321962087465,132.1753033850906,254.98321962087465,142.1753033850906,264.98321962087465,1.0
3,663,137.55686919200704,261.10527521995016,132.55686919200704,256.10527521995016,142.55686919200704,266.10527521995016,1.0
3,664,137.5633576278095,261.2438884250957,132.5633576278095,256.2438884250957,142.5633576278095,266.2438884250957,1.0
3,665,137.5845350767209,259.4329617017122,132.5845350767209,254.4329617017122,142.5845350767209,264.4329617017122,1.0
3,666,136.8551922296517,259.1683885388633,131.8551922296517,254.16838853886333,141.8551922296517,264.1683885388633,1.0
3,667,136.5216680689232,259.067589087252,131.5216680689232,254.06758908725197,141.5216680689232,264.067589087252,1.0
3,668,136.27836130197812,259.59158181801496,131.27836130197812,254.59158181801496,141.27836130197812,264.59158181801496,1.0
3,669,135.76178708185657,259.2448620214118,130.76178708185657,254.2448620214118,140.76178708185657,264.2448620214118,1.0
3,670,135.36822652966634,258.92653380965027,130.36822652966634,253.92653380965027,140.36822652966634,263.92653380965027,1.0
3,671,133.9649604389972,258.151440199154,128.9649604389972,253.15144019915402,138.9649604389972,263.151440199154,1.0
3,672,133.88450293266237,257.78609737059264,128.88450293266237,252.78609737059264,138.88450293266237,262.78609737059264,1.0
3,673,132.70386073759119,257.03464891783403,127.70386073759119,252.03464891783403,137.70386073759119,262.03464891783403,1.0
3,674,132.49590754623387,256.97960069828304,127.49590754623387,251.97960069828304,137.49590754623387,261.97960069828304,1.0
3,675,131.1871082698027,257.27225987950305,126.1871082698027,252.27225987950305,136.1871082698027,262.27225987950305,1.0
3,676,131.12062993191557,257.4793515595631,126.12062993191557,252.4793515595631,136.12062993191557,262.4793515595631,1.0
3,677,131.10571549485314,257.2747985640153,126.10571549485314,252.27479856401533,136.10571549485314,262.2747985640153,1.0
3,678,132.21428888213893,257.1922872739287,127.21428888213893,252.19228727392868,137.21428888213893,262.1922872739287,1.0
3,679,131.45975814526702,256.39393151882126,126.45975814526702,251.39393151882126,136.45975814526702,261.39393151882126,1.0
3,680,132.1056285043319,256.6362963937158,127.10562850433189,251.63629639371578,137.1056285043319,261.6362963937158,1.0
3,681,131.8347038902087,257.6675667499632,126.83470389020869,252.6675667499632,136.8347038902087,262.6675667499632,1.0
3,682,132.53688455062633,259.0282611921859,127.53688455062633,254.02826119218588,137.53688455062633,264.0282611921859,1.0
3,683,133.68628559512297,259.6568807649844,128.68628559512297,254.6568807649844,138.68628559512297,264.6568807649844,1.0
3,684,134.5101234352737,259.8102418617427,129.5101234352737,254.81024186174272,139.5101234352737,264.8102418617427,1.0
3,685,134.99411639940215,260.2294638651436,129.99411639940215,255.2294638651436,139.99411639940215,265.2294638651436,1.0
3,686,135.7209383377003,260.9931312722219,130.7209383377003,255.9931312722219,140.7209383377003,265.9931312722219,1.0
3,687,136.7504397421347,261.776747552516,131.7504397421347,256.776747552516,141.7504397421347,266.776747552516,1.0
3,688,136.8295177918689,262.5733751533045,131.8295177918689,257.5733751533045,141.8295177918689,267.5733751533045,1.0
3,689,136.01324951184552,262.82482650348567,131.01324951184552,257.82482650348567,141.01324951184552,267.82482650348567,1.0
3,690,134.78345023752883,262.40021836472425,129.78345023752883,257.40021836472425,139.78345023752883,267.40021836472425,1.0
3,691,133.69821701311116,261.8609614364442,128.69821701311116,256.8609614364442,138.69821701311116,266.8609614364442,1.0
3,692,132.8186439408458,261.01813112133794,127.81864394084579,256.01813112133794,137.8186439408458,266.01813112133794,1.0
3,693,132.3775037953227,261.0757361744953,127.3775037953227,256.0757361744953,137.3775037953227,266.0757361744953,1.0
3,694,131.64150750800502,261.3119069122952,126.64150750800502,256.3119069122952,136.64150750800502,266.3119069122952,1.0
3,695,130.72527320753454,261.06537685133515,125.72527320753454,256.06537685133515,135.72527320753454,266.06537685133515,1.0
3,696,131.42378874464998,260.85557069225746,126.42378874464998,255.85557069225746,136.42378874464998,265.85557069225746,1.0
3,697,132.56980327498337,261.89223468868903,127.56980327498337,256.89223468868903,137.56980327498337,266.89223468868903,1.0
3,698,131.92101987526718,263.25376325308963,126.92101987526718,258.25376325308963,136.92101987526718,268.25376325308963,1.0
3,699,133.63315271855896,264.9114625207774,128.63315271855896,259.9114625207774,138.63315271855896,269.9114625207774,1.0
3,700,134.21617287415336,265.13075777895,129.21617287415336,260.13075777895,139.21617287415336,270.13075777895,1.0
3,701,135.57655712553188,265.3302541402835,130.57655712553188,260.3302541402835,140.57655712553188,270.3302541402835,1.0
3,702,136.26635031708497,266.17119964966855,131.26635031708497,261.17119964966855,141.26635031708497,271.17119964966855,1.0
3,703,136.73707993681762,266.5418013755639,131.73707993681762,261.5418013755639,141.73707993681762,271.5418013755639,1.0
3,704,137.27395124734943,267.0520487183045,132.27395124734943,262.0520487183045,142.27395124734943,272.0520487183045,1.0
3,705,138.91276666880546,267.8464216050576,133.91276666880546,262.8464216050576,143.91276666880546,272.8464216050576,1.0
3,706,139.90916276232838,267.4592048953943,134.90916276232838,262.4592048953943,144.90916276232838,272.4592048953943,1.0
3,707,140.7220131081658,267.66612698941583,135.7220131081658,262.66612698941583,145.7220131081658,272.66612698941583,1.0
3,708,140.4261587996525,266.3078206758915,135.4261587996525,261.3078206758915,145.4261587996525,271.3078206758915,1.0
3,709,140.34907429786503,266.0245943270609,135.34907429786503,261.0245943270609,145.34907429786503,271.0245943270609,1.0
3,710,140.12055588812333,266.2649880912775,135.12055588812333,261.2649880912775,145.12055588812333,271.2649880912775,1.0
3,711,139.7908960080764,265.50750890320245,134.7908960080764,260.50750890320245,144.7908960080764,270.50750890320245,1.0
3,712,138.81867975055843,265.69596643533737,133.81867975055843,260.69596643533737,143.81867975055843,270.69596643533737,1.0
3,713,137.55313697193253,265.30289078035696,132.55313697193253,260.30289078035696,142.55313697193253,270.30289078035696,1.0
3,714,136.31719305633237,265.7333853342718,131.31719305633237,260.7333853342718,141.31719305633237,270.7333853342718,1.0
3,715,135.41884044643177,265.8053130994036,130.41884044643177,260.8053130994036,140.41884044643177,270.8053130994036,1.0
3,716,133.8944209942841,266.50457809992076,128.8944209942841,261.50457809992076,138.8944209942841,271.50457809992076,1.0
3,717,132.67003382822247,266.7484094308306,127.67003382822247,261.7484094308306,137.67003382822247,271.7484094308306,1.0
3,718,131.7575718460318,266.68049367921657,126.7575718460318,261.68049367921657,136.7575718460318,271.68049367921657,1.0
3,719,130.34911801453813,266.91557016739347,125.34911801453813,261.91557016739347,135.34911801453813,271.91557016739347,1.0
3,720,130.28366975339816,267.16440248042227,125.28366975339816,262.16440248042227,135.28366975339816,272.16440248042227,1.0
3,721,130.21126691932898,267.7941525101906,125.21126691932898,262.7941525101906,135.21126691932898,272.7941525101906,1.0
3,722,128.91066618865904,268.55602737313006,123.91066618865904,263.55602737313006,133.91066618865904,273.55602737313006,1.0
3,723,127.94513961601577,269.52926300162113,122.94513961601577,264.52926300162113,132.94513961601575,274.52926300162113,1.0
3,724,127.50447309791812,269.44310932484143,122.50447309791812,264.44310932484143,132.50447309791812,274.44310932484143,1.0
3,725,126.57031119794918,268.94826263964814,121.57031119794918,263.94826263964814,131.5703111979492,273.94826263964814,1.0
3,726,126.66595924739737,268.6715760626001,121.66595924739737,263.6715760626001,131.66595924739738,273.6715760626001,1.0
3,727,126.61390024786816,267.94717452551737,121.61390024786816,262.94717452551737,131.61390024786817,272.94717452551737,1.0
3,728,127.10786156736312,266.77959708125474,122.10786156736312,261.77959708125474,132.1078615673631,271.77959708125474,1.0
3,729,127.93365671388747,264.76346204085763,122.93365671388747,259.76346204085763,132.93365671388747,269.76346204085763,1.0
3,730,128.2777534800976,263.80083094336044,123.2777534800976,258.80083094336044,133.2777534800976,268.80083094336044,1.0
3,731,128.91227061667954,263.0490020847839,123.91227061667954,258.0490020847839,133.91227061667954,268.0490020847839,1.0
3,732,128.600555010076,262.26266751849744,123.600555010076,257.26266751849744,133.600555010076,267.26266751849744,1.0
3,733,129.20188316318786,261.48063909878056,124.20188316318786,256.48063909878056,134.20188316318786,266.48063909878056,1.0
3,734,130.01622859723875,260.455708941751,125.01622859723875,255.45570894175103,135.01622859723875,265.455708941751,1.0
3,735,130.58434763504602,259.8440005738818,125.58434763504602,254.84400057388177,135.58434763504602,264.8440005738818,1.0
3,736,130.2880960482925,259.0814765280444,125.28809604829249,254.0814765280444,135.2880960482925,264.0814765280444,1.0
3,737,130.27880125031817,258.98137939038395,125.27880125031817,253.98137939038395,135.27880125031817,263.98137939038395,1.0
3,738,129.87402078213495,258.3134382149594,124.87402078213495,253.31343821495938,134.87402078213495,263.3134382149594,1.0
4,0,113.0,373.0,108.0,368.0,118.0,378.0,1.0
4,1,113.20626879868419,372.71484939095836,108.20626879868419,367.71484939095836,118.20626879868419,377.71484939095836,1.0
4,2,113.0079233315796,372.55056387097113,108.0079233315796,367.55056387097113,118.0079233315796,377.55056387097113,1.0
4,3,112.69033839675446,371.5433849767212,107.69033839675446,366.5433849767212,117.69033839675446,376.5433849767212,1.0
4,4,112.49858810211875,370.1290387213974,107.49858810211875,365.1290387213974,117.49858810211875,375.1290387213974,1.0
4,5,111.39687850521038,369.7083593542316,106.39687850521038,364.7083593542316,116.39687850521038,374.7083593542316,1.0
4,6,111.8687813288236,369.996981251437,106.8687813288236,364.996981251437,116.8687813288236,374.996981251437,1.0
4,7,111.77026500042489,369.91160116551566,106.77026500042489,364.91160116551566,116.77026500042489,374.91160116551566,1.0
4,8,111.45695084702787,369.13074966441116,106.45695084702787,364.13074966441116,116.45695084702787,374.13074966441116,1.0
4,9,110.58400449705722,368.3218831294449,105.58400449705722,363.3218831294449,115.58400449705722,373.3218831294449,1.0
4,10,109.44068456290577,368.000991622207,104.44068456290577,363.000991622207,114.44068456290577,373.000991622207,1.0
4,11,109.83498684962845,368.4966103518702,104.83498684962845,363.4966103518702,114.83498684962845,373.4966103518702,1.0
4,12,109.88222859031872,368.57682800975596,104.88222859031872,363.57682800975596,114.88222859031872,373.57682800975596,1.0
4,13,109.361832307199,368.3374732065321,104.361832307199,363.3374732065321,114.361832307199,373.3374732065321,1.0
4,14,108.89791150209237,368.05324202595546,103.89791150209237,363.05324202595546,113.89791150209237,373.05324202595546,1.0
4,15,110.04995727723673,367.6071965480014,105.04995727723673,362.6071965480014,115.04995727723673,372.6071965480014,1.0
4,16,110.83152128465818,367.56630352960406,105.83152128465818,362.56630352960406,115.83152128465818,372.56630352960406,1.0
4,17,111.34135608805207,368.9265573458579,106.34135608805207,363.9265573458579,116.34135608805207,373.9265573458579,1.0
4,18,112.38485911748546,369.9587370237809,107.38485911748546,364.9587370237809,117.38485911748546,374.9587370237809,1.0
4,19,111.98109086327942,370.9235635113544,106.98109086327942,365.9235635113544,116.98109086327942,375.9235635113544,1.0
4,20,110.24027672530119,371.95662659573765,105.24027672530119,366.95662659573765,115.24027672530119,376.95662659573765,1.0
4,21,108.58852441170163,372.0268814363174,103.58852441170163,367.0268814363174,113.58852441170163,377.0268814363174,1.0
4,22,108.10471949449666,371.37430913832657,103.10471949449666,366.37430913832657,113.10471949449666,376.37430913832657,1.0
4,23,107.55904591753036,370.9443370139368,102.55904591753036,365.9443370139368,112.55904591753036,375.9443370139368,1.0
4,24,108.34765576910121,370.0132323238166,103.34765576910121,365.0132323238166,113.34765576910121,375.0132323238166,1.0
4,25,108.23831503461439,367.8425526038431,103.23831503461439,362.8425526038431,113.23831503461439,372.8425526038431,1.0
4,26,107.2108184850639,365.9110475112846,102.2108184850639,360.9110475112846,112.2108184850639,370.9110475112846,1.0
4,27,106.11014477319935,364.4634652783529,101.11014477319935,359.4634652783529,111.11014477319935,369.4634652783529,1.0
4,28,104.90398126099467,363.4160297098012,99.90398126099467,358.4160297098012,109.90398126099467,368.4160297098012,1.0
4,29,104.6731714756504,361.50274228793666,99.6731714756504,356.50274228793666,109.6731714756504,366.50274228793666,1.0
4,30,103.77538036285992,360.7724836136974,98.77538036285992,355.7724836136974,108.77538036285992,365.7724836136974,1.0
4,31,103.51821618840364,359.0259303795359,98.51821618840364,354.0259303795359,108.51821618840364,364.0259303795359,1.0
4,32,103.18567622285394,357.39344307365036,98.18567622285394,352.39344307365036,108.18567622285394,362.39344307365036,1.0
4,33,102.9049910051088,355.3269012680275,97.9049910051088,350.3269012680275,107.9049910051088,360.3269012680275,1.0
4,34,102.32320628502322,355.13708335606975,97.32320628502322,350.13708335606975,107.32320628502322,360.13708335606975,1.0
4,35,101.84823305548385,355.28785188424,96.84823305548385,350.28785188424,106.84823305548385,360.28785188424,1.0
4,36,100.47451376534431,354.4090245690045,95.47451376534431,349.4090245690045,105.47451376534431,359.4090245690045,1.0
4,37,100.17265774355526,353.32503249862594,95.17265774355526,348.32503249862594,105.17265774355526,358.32503249862594,1.0
4,38,99.34289531437055,351.88431736783235,94.34289531437055,346.88431736783235,104.34289531437055,356.88431736783235,1.0
4,39,99.11137780504224,350.9093325127282,94.11137780504224,345.9093325127282,104.11137780504224,355.9093325127282,1.0
4,40,98.8356281168107,350.8790788815941,93.8356281168107,345.8790788815941,103.8356281168107,355.8790788815941,1.0
4,41,98.38301409349984,351.32914733053553,93.38301409349984,346.32914733053553,103.38301409349984,356.32914733053553,1.0
4,42,98.02825785587669,351.3468777459137,93.02825785587669,346.3468777459137,103.02825785587669,356.3468777459137,1.0
4,43,98.89492485351919,350.57951816720487,93.89492485351919,345.57951816720487,103.89492485351919,355.57951816720487,1.0
4,44,99.49681407951847,349.781220239508,94.49681407951847,344.781220239508,104.49681407951847,354.781220239508,1.0
4,45,99.54225562645152,350.5266529016762,94.54225562645152,345.5266529016762,104.54225562645152,355.5266529016762,1.0
4,46,98.98515168713267,350.81994890413864,93.98515168713267,345.81994890413864,103.98515168713267,355.81994890413864,1.0
4,47,98.80301084027981,351.1561949050367,93.80301084027981,346.1561949050367,103.80301084027981,356.1561949050367,1.0
4,48,98.05117168375763,351.42301835243995,93.05117168375763,346.42301835243995,103.05117168375763,356.42301835243995,1.0
4,49,96.2879628708476,351.5099754700017,91.2879628708476,346.5099754700017,101.2879628708476,356.5099754700017,1.0
4,50,95.77955591804175,351.8439720739886,90.77955591804175,346.8439720739886,100.77955591804175,356.8439720739886,1.0
4,51,96.10322133569454,352.24737658857896,91.10322133569454,347.24737658857896,101.10322133569454,357.24737658857896,1.0
4,52,96.2099388958683,352.5529849495996,91.2099388958683,347.5529849495996,101.2099388958683,357.5529849495996,1.0
4,53,96.40447424697336,352.0995971478311,91.40447424697336,347.0995971478311,101.40447424697336,357.0995971478311,1.0
4,54,96.58086205404646,351.34578235604585,91.58086205404646,346.34578235604585,101.58086205404646,356.34578235604585,1.0
4,55,96.82411380147104,350.594919712298,91.82411380147104,345.594919712298,101.82411380147104,355.594919712298,1.0
4,56,97.35032919356279,350.69489360789044,92.35032919356279,345.69489360789044,102.35032919356279,355.69489360789044,1.0
4,57,97.47083291815089,350.9980859445324,92.47083291815089,345.9980859445324,102.47083291815089,355.9980859445324,1.0
4,58,97.36414141487033,351.6273416574515,92.36414141487033,346.6273416574515,102.36414141487033,356.6273416574515,1.0
4,59,97.06126779325714,351.78857467016263,92.06126779325714,346.78857467016263,102.06126779325714,356.78857467016263,1.0
4,60,96.8298603935892,351.70873412723296,91.8298603935892,346.70873412723296,101.8298603935892,356.70873412723296,1.0
4,61,95.99716460289483,352.2863802962499,90.99716460289483,347.2863802962499,100.99716460289483,357.2863802962499,1.0
4,62,95.4242228261178,353.9245818012636,90.4242228261178,348.9245818012636,100.4242228261178,358.9245818012636,1.0
4,63,95.23825168375484,356.062478045784,90.23825168375484,351.062478045784,100.23825168375484,361.062478045784,1.0
4,64,94.82710218029405,357.5762988884875,89.82710218029405,352.5762988884875,99.82710218029405,362.5762988884875,1.0
4,65,94.64993437572053,358.54625367877924,89.64993437572053,353.54625367877924,99.64993437572053,363.54625367877924,1.0
4,66,94.29454597711697,358.6289926486118,89.29454597711697,353.6289926486118,99.29454597711697,363.6289926486118,1.0
4,67,93.40336662466098,358.59408970041056,88.40336662466098,353.59408970041056,98.40336662466098,363.59408970041056,1.0
4,68,92.29235484499347,358.75969226649295,87.29235484499347,353.75969226649295,97.29235484499347,363.75969226649295,1.0
4,69,91.4799843484031,359.30080131637106,86.4799843484031,354.30080131637106,96.4799843484031,364.30080131637106,1.0
4,70,91.28770214157983,360.11282145347786,86.28770214157983,355.11282145347786,96.28770214157983,365.11282145347786,1.0
4,71,90.47274248096079,360.807779492844,85.47274248096079,355.807779492844,95.47274248096079,365.807779492844,1.0
4,72,90.1697682030446,360.3080846443186,85.1697682030446,355.3080846443186,95.1697682030446,365.3080846443186,1.0
4,73,89.37770600225589,359.3120035949088,84.37770600225589,354.3120035949088,94.37770600225589,364.3120035949088,1.0
4,74,88.00165407997164,358.6662522039486,83.00165407997164,353.6662522039486,93.00165407997164,363.6662522039486,1.0
4,75,87.26506321767616,359.6971879224863,82.26506321767616,354.6971879224863,92.26506321767616,364.6971879224863,1.0
4,76,87.114279954207,359.52059197060004,82.114279954207,354.52059197060004,92.114279954207,364.52059197060004,1.0
4,77,87.64636311849007,358.84696628478554,82.64636311849007,353.84696628478554,92.64636311849007,363.84696628478554,1.0
4,78,87.57950699329464,358.3125460809424,82.57950699329464,353.3125460809424,92.57950699329464,363.3125460809424,1.0
4,79,88.51104982013831,358.12480306653185,83.51104982013831,353.12480306653185,93.51104982013831,363.12480306653185,1.0
4,80,88.76866891320208,357.40904566733235,83.76866891320208,352.40904566733235,93.76866891320208,362.40904566733235,1.0
4,81,89.25946049431462,356.8845212257636,84.25946049431462,351.8845212257636,94.25946049431462,361.8845212257636,1.0
4,82,89.72885480696183,356.38258146925614,84.72885480696183,351.38258146925614,94.72885480696183,361.38258146925614,1.0
4,83,88.86277086210299,355.64923724916963,83.86277086210299,350.64923724916963,93.86277086210299,360.64923724916963,1.0
4,84,88.9087648795185,354.9306084293212,83.9087648795185,349.9306084293212,93.9087648795185,359.9306084293212,1.0
4,85,87.84228117020112,355.5563375557217,82.84228117020112,350.5563375557217,92.84228117020112,360.5563375557217,1.0
4,86,87.99051662447857,356.1467798883724,82.99051662447857,351.1467798883724,92.99051662447857,361.1467798883724,1.0
4,87,88.0466337453939,356.38248011479425,83.0466337453939,351.38248011479425,93.0466337453939,361.38248011479425,1.0
4,88,86.92049162615861,355.91878885127795,81.92049162615861,350.91878885127795,91.92049162615861,360.91878885127795,1.0
4,89,86.98511703163462,355.62208889688554,81.98511703163462,350.62208889688554,91.98511703163462,360.62208889688554,1.0
4,90,87.36786857052924,356.12148483580177,82.36786857052924,351.12148483580177,92.36786857052924,361.12148483580177,1.0
4,91,88.28049112359747,355.5232420486874,83.28049112359747,350.5232420486874,93.28049112359747,360.5232420486874,1.0
4,92,88.98971655679699,353.9565555547681,83.98971655679699,348.9565555547681,93.98971655679699,358.9565555547681,1.0
4,93,89.41342666824283,354.2103259018212,84.41342666824283,349.2103259018212,94.41342666824283,359.2103259018212,1.0
4,94,89.40632792218624,354.52289828700987,84.40632792218624,349.52289828700987,94.40632792218624,359.52289828700987,1.0
4,95,88.2705779181451,355.42116592866114,83.2705779181451,350.42116592866114,93.2705779181451,360.42116592866114,1.0
4,96,88.31497041693693,355.6567425944724,83.31497041693693,350.6567425944724,93.31497041693693,360.6567425944724,1.0
4,97,88.28083312127376,355.9152821088701,83.28083312127376,350.9152821088701,93.28083312127376,360.9152821088701,1.0
4,98,88.14974067057814,356.95501767157606,83.14974067057814,351.95501767157606,93.14974067057814,361.95501767157606,1.0
4,99,87.53526109610434,358.45811802789416,82.53526109610434,353.45811802789416,92.53526109610434,363.45811802789416,1.0
4,100,87.58836879323403,358.9291354517984,82.58836879323403,353.9291354517984,92.58836879323403,363.9291354517984,1.0
4,101,87.48138574663277,358.44450517043214,82.48138574663277,353.44450517043214,92.48138574663277,363.44450517043214,1.0
4,102,87.589120445462,358.1238400650587,82.589120445462,353.1238400650587,92.589120445462,363.1238400650587,1.0
4,103,87.98711603592182,357.73579961478436,82.98711603592182,352.73579961478436,92.98711603592182,362.73579961478436,1.0
4,104,88.15510526383973,357.9258442134681,83.15510526383973,352.9258442134681,93.15510526383973,362.9258442134681,1.0
4,105,87.53438060136608,359.0800367168452,82.53438060136608,354.0800367168452,92.53438060136608,364.0800367168452,1.0
4,106,87.74425456811844,360.5245399504237,82.74425456811844,355.5245399504237,92.74425456811844,365.5245399504237,1.0
4,107,86.87668441909383,360.31008615639877,81.87668441909383,355.31008615639877,91.87668441909383,365.31008615639877,1.0
4,108,86.71390362970237,360.5859383672985,81.71390362970237,355.5859383672985,91.71390362970237,365.5859383672985,1.0
4,109,87.69055139317801,360.6777764760835,82.69055139317801,355.6777764760835,92.69055139317801,365.6777764760835,1.0
4,110,87.78623891370037,360.35480990689075,82.78623891370037,355.35480990689075,92.78623891370037,365.35480990689075,1.0
4,111,88.1092823018569,359.5753632317976,83.1092823018569,354.5753632317976,93.1092823018569,364.5753632317976,1.0
4,112,89.74004897955244,358.24655433930104,84.74004897955244,353.24655433930104,94.74004897955244,363.24655433930104,1.0
4,113,89.50654882563035,357.78938067159316,84.50654882563035,352.78938067159316,94.50654882563035,362.78938067159316,1.0
4,114,88.08242305111901,355.62069808716427,83.08242305111901,350.62069808716427,93.08242305111901,360.62069808716427,1.0
4,115,87.5996469110921,353.72719512671057,82.5996469110921,348.72719512671057,92.5996469110921,358.72719512671057,1.0
4,116,88.28609436369238,351.95172531889415,83.28609436369238,346.95172531889415,93.28609436369238,356.95172531889415,1.0
4,117,88.54797035000105,350.55139482361756,83.54797035000105,345.55139482361756,93.54797035000105,355.55139482361756,1.0
4,118,88.59749447683168,350.6615274323397,83.59749447683168,345.6615274323397,93.59749447683168,355.6615274323397,1.0
4,119,87.40060220840425,349.7457329364974,82.40060220840425,344.7457329364974,92.40060220840425,354.7457329364974,1.0
4,120,86.24911852222122,348.72096537186974,81.24911852222122,343.72096537186974,91.24911852222122,353.72096537186974,1.0
4,121,85.37909577699399,347.6990679854635,80.37909577699399,342.6990679854635,90.37909577699399,352.6990679854635,1.0
4,122,83.7256820439962,347.20510192698544,78.7256820439962,342.20510192698544,88.7256820439962,352.20510192698544,1.0
4,123,82.89501660431279,346.4978773771682,77.89501660431279,341.4978773771682,87.89501660431279,351.4978773771682,1.0
4,124,82.59788403920167,345.5949580362329,77.59788403920167,340.5949580362329,87.59788403920167,350.5949580362329,1.0
4,125,82.16427513822035,344.3316766949965,77.16427513822035,339.3316766949965,87.16427513822035,349.3316766949965,1.0
4,126,82.5851097989864,344.4076527209246,77.5851097989864,339.4076527209246,87.5851097989864,349.4076527209246,1.0
4,127,81.9209572992754,344.70367101070417,76.9209572992754,339.70367101070417,86.9209572992754,349.70367101070417,1.0
4,128,82.40026590568556,343.553285541888,77.40026590568556,338.553285541888,87.40026590568556,348.553285541888,1.0
4,129,82.13215567630542,342.95610140622676,77.13215567630542,337.95610140622676,87.13215567630542,347.95610140622676,1.0
4,130,81.26016013729313,342.2800274434427,76.26016013729313,337.2800274434427,86.26016013729313,347.2800274434427,1.0
4,131,80.5132611270422,341.09653193164326,75.5132611270422,336.09653193164326,85.5132611270422,346.09653193164326,1.0
4,132,79.53095907203056,340.2301512340006,74.53095907203056,335.2301512340006,84.53095907203056,345.2301512340006,1.0
4,133,78.65483793844311,339.9915874808886,73.65483793844311,334.9915874808886,83.65483793844311,344.9915874808886,1.0
4,134,78.92426045328713,340.54852615070854,73.92426045328713,335.54852615070854,83.92426045328713,345.54852615070854,1.0
4,135,78.43592350829383,340.8847948521894,73.43592350829383,335.8847948521894,83.43592350829383,345.8847948521894,1.0
4,136,76.8275144066448,341.35737665659576,71.8275144066448,336.35737665659576,81.8275144066448,346.35737665659576,1.0
4,137,77.26117226789036,341.9153766976839,72.26117226789036,336.9153766976839,82.26117226789036,346.9153766976839,1.0
4,138,77.20707334356803,342.2405159852419,72.20707334356803,337.2405159852419,82.20707334356803,347.2405159852419,1.0
4,139,76.7637291060247,342.8637712086413,71.7637291060247,337.8637712086413,81.7637291060247,347.8637712086413,1.0
4,140,76.70450103862183,342.47391271976034,71.70450103862183,337.47391271976034,81.70450103862183,347.47391271976034,1.0
4,141,75.65950698516045,341.7394112765551,70.65950698516045,336.7394112765551,80.65950698516045,346.7394112765551,1.0
4,142,75.19002288641349,341.6130076461466,70.19002288641349,336.6130076461466,80.19002288641349,346.6130076461466,1.0
4,143,74.79568016205573,341.7498883160108,69.79568016205573,336.7498883160108,79.79568016205573,346.7498883160108,1.0
4,144,75.56337819036352,342.3408322364462,70.56337819036352,337.3408322364462,80.56337819036352,347.3408322364462,1.0
4,145,76.50283135181141,343.37196802813907,71.50283135181141,338.37196802813907,81.50283135181141,348.37196802813907,1.0
4,146,76.8701756406738,343.405308244497,71.8701756406738,338.405308244497,81.8701756406738,348.405308244497,1.0
4,147,77.11089095407905,343.47329041011255,72.11089095407905,338.47329041011255,82.11089095407905,348.47329041011255,1.0
4,148,77.0307133572949,342.8362998095607,72.0307133572949,337.8362998095607,82.0307133572949,347.8362998095607,1.0
4,149,76.8763177043974,342.23560435724477,71.8763177043974,337.23560435724477,81.8763177043974,347.23560435724477,1.0
4,150,76.81255797148842,341.2733959548496,71.81255797148842,336.2733959548496,81.81255797148842,346.2733959548496,1.0
4,151,77.32556884444449,340.9065836080275,72.32556884444449,335.9065836080275,82.32556884444449,345.9065836080275,1.0
4,152,78.66707643565304,341.6014833061241,73.66707643565304,336.6014833061241,83.66707643565304,346.6014833061241,1.0
4,153,79.00768864595271,342.13692818155783,74.00768864595271,337.13692818155783,84.00768864595271,347.13692818155783,1.0
4,154,78.81639546544326,342.46246778692387,73.81639546544326,337.46246778692387,83.81639546544326,347.46246778692387,1.0
4,155,79.07586939005249,343.07410541577843,74.07586939005249,338.07410541577843,84.07586939005249,348.07410541577843,1.0
4,156,79.10951924263992,342.7783956717478,74.10951924263992,337.7783956717478,84.10951924263992,347.7783956717478,1.0
4,157,78.45046305294241,341.8830851139292,73.45046305294241,336.8830851139292,83.45046305294241,346.8830851139292,1.0
4,158,78.12576253919445,340.86038577202123,73.12576253919445,335.86038577202123,83.12576253919445,345.86038577202123,1.0
4,159,78.11480515622213,339.92040539437835,73.11480515622213,334.92040539437835,83.11480515622213,344.92040539437835,1.0
4,160,78.21044151013366,339.36945470587267,73.21044151013366,334.36945470587267,83.21044151013366,344.36945470587267,1.0
4,161,78.17711196755727,338.76922224580545,73.17711196755727,333.76922224580545,83.17711196755727,343.76922224580545,1.0
4,162,77.73244996289628,337.71653570856273,72.73244996289628,332.71653570856273,82.73244996289628,342.71653570856273,1.0
4,163,76.36840830493979,335.99375704618626,71.36840830493979,330.99375704618626,81.36840830493979,340.99375704618626,1.0
4,164,75.29949644910775,335.5069781424167,70.29949644910775,330.5069781424167,80.29949644910775,340.5069781424167,1.0
4,165,76.05210973652854,334.8188673994033,71.05210973652854,329.8188673994033,81.05210973652854,339.8188673994033,1.0
4,166,76.05953870992816,334.4691410723323,71.05953870992816,329.4691410723323,81.05953870992816,339.4691410723323,1.0
4,167,75.50818320862109,335.84303925317874,70.50818320862109,330.84303925317874,80.50818320862109,340.84303925317874,1.0
4,168,75.12359973464936,336.61527585211655,70.12359973464936,331.61527585211655,80.12359973464936,341.61527585211655,1.0
4,169,75.21892463194095,336.146035856956,70.21892463194095,331.146035856956,80.21892463194095,341.146035856956,1.0
4,170,74.58866226270862,337.00501000560234,69.58866226270862,332.00501000560234,79.58866226270862,342.00501000560234,1.0
4,171,75.90857710811015,336.6890376255431,70.90857710811015,331.6890376255431,80.90857710811015,341.6890376255431,1.0
4,172,75.55181669538712,337.6117878068273,70.55181669538712,332.6117878068273,80.55181669538712,342.6117878068273,1.0
4,173,75.77772075889209,337.8122498095836,70.77772075889209,332.8122498095836,80.77772075889209,342.8122498095836,1.0
4,174,75.00369032050396,337.6274875498608,70.00369032050396,332.6274875498608,80.00369032050396,342.6274875498608,1.0
4,175,74.13167090067682,336.8368222596904,69.13167090067682,331.8368222596904,79.13167090067682,341.8368222596904,1.0
4,176,73.5525039893792,336.40662390261707,68.5525039893792,331.40662390261707,78.5525039893792,341.40662390261707,1.0
4,177,72.72399692735624,335.40002045969663,67.72399692735624,330.40002045969663,77.72399692735624,340.40002045969663,1.0
4,178,71.64697681003625,336.1143716853194,66.64697681003625,331.1143716853194,76.64697681003625,341.1143716853194,1.0
4,179,70.17036678940124,335.7036655480417,65.17036678940124,330.7036655480417,75.17036678940124,340.7036655480417,1.0
4,180,69.18108013015927,335.47418471170073,64.18108013015927,330.47418471170073,74.18108013015927,340.47418471170073,1.0
4,181,70.00186581196212,334.4934596119958,65.00186581196212,329.4934596119958,75.00186581196212,339.4934596119958,1.0
4,182,70.68418276833363,333.99708145008003,65.68418276833363,328.99708145008003,75.68418276833363,338.99708145008003,1.0
4,183,71.39117174486793,334.12254248116244,66.39117174486793,329.12254248116244,76.39117174486793,339.12254248116244,1.0
4,184,71.37563491782957,333.64299320265854,66.37563491782957,328.64299320265854,76.37563491782957,338.64299320265854,1.0
4,185,72.44133069589083,333.24111955276624,67.44133069589083,328.24111955276624,77.44133069589083,338.24111955276624,1.0
4,186,73.22601526686631,332.83535782268274,68.22601526686631,327.83535782268274,78.22601526686631,337.83535782268274,1.0
4,187,73.66736249407424,331.7137743716455,68.66736249407424,326.7137743716455,78.66736249407424,336.7137743716455,1.0
4,188,74.24027308115546,331.91445068687614,69.24027308115546,326.91445068687614,79.24027308115546,336.91445068687614,1.0
4,189,75.3505698964466,331.4048704711151,70.3505698964466,326.4048704711151,80.3505698964466,336.4048704711151,1.0
4,190,76.44423942438681,332.0639316025482,71.44423942438681,327.0639316025482,81.44423942438681,337.0639316025482,1.0
4,191,77.06250085496855,333.10293849014636,72.06250085496855,328.10293849014636,82.06250085496855,338.10293849014636,1.0
4,192,78.40923537931207,332.382003569151,73.40923537931207,327.382003569151,83.40923537931207,337.382003569151,1.0
4,193,80.02003784930487,331.4091121315464,75.02003784930487,326.4091121315464,85.02003784930487,336.4091121315464,1.0
4,194,81.21307494218215,331.3976368003734,76.21307494218215,326.3976368003734,86.21307494218215,336.3976368003734,1.0
4,195,81.67310878885657,332.1595268524044,76.67310878885657,327.1595268524044,86.67310878885657,337.1595268524044,1.0
4,196,82.31423767528662,333.6571211189405,77.31423767528662,328.6571211189405,87.31423767528662,338.6571211189405,1.0
4,197,82.34814850934609,334.2055964840471,77.34814850934609,329.2055964840471,87.34814850934609,339.2055964840471,1.0
4,198,81.92812954858661,334.8651190503587,76.92812954858661,329.8651190503587,86.92812954858661,339.8651190503587,1.0
4,199,81.94509436477524,336.33739681959037,76.94509436477524,331.33739681959037,86.94509436477524,341.33739681959037,1.0
4,200,82.39870521695968,336.63207941450645,77.39870521695968,331.63207941450645,87.39870521695968,341.63207941450645,1.0
4,201,81.06884090989662,336.8278588960582,76.06884090989662,331.8278588960582,86.06884090989662,341.8278588960582,1.0
4,202,80.24648184783817,337.1215666207828,75.24648184783817,332.1215666207828,85.24648184783817,342.1215666207828,1.0
4,203,79.59003365587822,337.8965272190644,74.59003365587822,332.8965272190644,84.59003365587822,342.8965272190644,1.0
4,204,79.43089042019491,338.3056198981681,74.43089042019491,333.3056198981681,84.43089042019491,343.3056198981681,1.0
4,205,80.28433873946024,338.40065169077985,75.28433873946024,333.40065169077985,85.28433873946024,343.40065169077985,1.0
4,206,80.35502801653035,339.0921761228705,75.35502801653035,334.0921761228705,85.35502801653035,344.0921761228705,1.0
4,207,79.85975287093515,340.5907991682287,74.85975287093515,335.5907991682287,84.85975287093515,345.5907991682287,1.0
4,208,79.29841145657585,342.0919665982532,74.29841145657585,337.0919665982532,84.29841145657585,347.0919665982532,1.0
4,209,79.40068379451003,342.67857437362426,74.40068379451003,337.67857437362426,84.40068379451003,347.67857437362426,1.0
4,210,79.6998943467197,343.25251204630877,74.6998943467197,338.25251204630877,84.6998943467197,348.25251204630877,1.0
4,211,79.841994141495,343.50150588875454,74.841994141495,338.50150588875454,84.841994141495,348.50150588875454,1.0
4,212,81.08309340704659,344.09067443691856,76.08309340704659,339.09067443691856,86.08309340704659,349.09067443691856,1.0
4,213,82.40176711767067,345.4630773927389,77.40176711767067,340.4630773927389,87.40176711767067,350.4630773927389,1.0
4,214,84.82449975110401,346.16485541002345,79.82449975110401,341.16485541002345,89.82449975110401,351.16485541002345,1.0
4,215,85.94534762598602,346.77594664866047,80.94534762598602,341.77594664866047,90.94534762598602,351.77594664866047,1.0
4,216,87.12788583361191,348.67466491399017,82.12788583361191,343.67466491399017,92.12788583361191,353.67466491399017,1.0
4,217,86.717247596683,349.3497482013762,81.717247596683,344.3497482013762,91.717247596683,354.3497482013762,1.0
4,218,87.02463286992925,349.3008253991985,82.02463286992925,344.3008253991985,92.02463286992925,354.3008253991985,1.0
4,219,87.49129888932313,348.6191359208863,82.49129888932313,343.6191359208863,92.49129888932313,353.6191359208863,1.0
4,220,89.10822569353827,348.1026788420027,84.10822569353827,343.1026788420027,94.10822569353827,353.1026788420027,1.0
4,221,90.11729387944801,348.2492501440191,85.11729387944801,343.2492501440191,95.11729387944801,353.2492501440191,1.0
4,222,91.58596902588346,348.86677808399645,86.58596902588346,343.86677808399645,96.58596902588346,353.86677808399645,1.0
4,223,92.36611266172577,348.9900058754326,87.36611266172577,343.9900058754326,97.36611266172577,353.9900058754326,1.0
4,224,92.86384634992079,348.69786568816977,87.86384634992079,343.69786568816977,97.86384634992079,353.69786568816977,1.0
4,225,93.26068467028573,348.7914977016523,88.26068467028573,343.7914977016523,98.26068467028573,353.7914977016523,1.0
4,226,94.6879399187356,348.0099348852023,89.6879399187356,343.0099348852023,99.6879399187356,353.0099348852023,1.0
4,227,96.82025047038901,348.2633304589772,91.82025047038901,343.2633304589772,101.82025047038901,353.2633304589772,1.0
4,228,98.27217229613096,348.3210417605713,93.27217229613096,343.3210417605713,103.27217229613096,353.3210417605713,1.0
4,229,98.51237219157343,348.17013593830785,93.51237219157343,343.17013593830785,103.51237219157343,353.17013593830785,1.0
4,230,98.41381648821275,348.0875641504376,93.41381648821275,343.0875641504376,103.41381648821275,353.0875641504376,1.0
4,231,98.40024472702179,347.1099426032589,93.40024472702179,342.1099426032589,103.40024472702179,352.1099426032589,1.0
4,232,98.48167559941811,346.897150787892,93.48167559941811,341.897150787892,103.48167559941811,351.897150787892,1.0
4,233,98.80294497641034,345.9207773235635,93.80294497641034,340.9207773235635,103.80294497641034,350.9207773235635,1.0
4,234,99.32098851373779,344.76408691791016,94.32098851373779,339.76408691791016,104.32098851373779,349.76408691791016,1.0
4,235,99.89981845115584,343.33534300295184,94.89981845115584,338.33534300295184,104.89981845115584,348.33534300295184,1.0
4,236,100.85306236210221,343.4539676165593,95.85306236210221,338.4539676165593,105.85306236210221,348.4539676165593,1.0
4,237,101.39745430874515,343.21029718322757,96.39745430874515,338.21029718322757,106.39745430874515,348.21029718322757,1.0
4,238,101.33507043426033,342.35624732352795,96.33507043426033,337.35624732352795,106.33507043426033,347.35624732352795,1.0
4,239,100.7437140432123,341.95673235947294,95.7437140432123,336.95673235947294,105.7437140432123,346.95673235947294,1.0
4,240,100.02531629457981,341.07178627157964,95.02531629457981,336.07178627157964,105.02531629457981,346.07178627157964,1.0
4,241,98.80304805059292,341.04210554587917,93.80304805059292,336.04210554587917,103.80304805059292,346.04210554587917,1.0
4,242,97.78830594949753,341.4139635396088,92.78830594949753,336.4139635396088,102.78830594949753,346.4139635396088,1.0
4,243,98.51237331408231,341.19198962096044,93.51237331408231,336.19198962096044,103.51237331408231,346.19198962096044,1.0
4,244,98.37515548259084,342.0844849971178,93.37515548259084,337.0844849971178,103.37515548259084,347.0844849971178,1.0
4,245,98.64256406191495,343.18746819486904,93.64256406191495,338.18746819486904,103.64256406191495,348.18746819486904,1.0
4,246,99.46288478829906,343.9874825880267,94.46288478829906,338.9874825880267,104.46288478829906,348.9874825880267,1.0
4,247,101.3508154659343,345.29725656042103,96.3508154659343,340.29725656042103,106.3508154659343,350.29725656042103,1.0
4,248,102.2522354023329,345.3415859415403,97.2522354023329,340.3415859415403,107.2522354023329,350.3415859415403,1.0
4,249,103.026593308805,346.44287690254566,98.026593308805,341.44287690254566,108.026593308805,351.44287690254566,1.0
4,250,103.10014370978396,347.7287273355815,98.10014370978396,342.7287273355815,108.10014370978396,352.7287273355815,1.0
4,251,103.37534848791996,348.75111727404595,98.37534848791996,343.75111727404595,108.37534848791996,353.75111727404595,1.0
4,252,104.02422932863402,349.07672490447857,99.02422932863402,344.07672490447857,109.02422932863402,354.07672490447857,1.0
4,253,104.88080706944298,348.8933938320922,99.88080706944298,343.8933938320922,109.88080706944298,353.8933938320922,1.0
4,254,105.78864611319328,348.61069131031934,100.78864611319328,343.61069131031934,110.78864611319328,353.61069131031934,1.0
4,255,106.96467201487994,348.7555541699078,101.96467201487994,343.7555541699078,111.96467201487994,353.7555541699078,1.0
4,256,108.69101876616291,348.6768499125158,103.69101876616291,343.6768499125158,113.69101876616291,353.6768499125158,1.0
4,257,108.78688037192516,349.7886167035151,103.78688037192516,344.7886167035151,113.78688037192516,354.7886167035151,1.0
4,258,109.16970769448841,350.35049499551496,104.16970769448841,345.35049499551496,114.16970769448841,355.35049499551496,1.0
4,259,109.58330826503091,350.42239755278865,104.58330826503091,345.42239755278865,114.58330826503091,355.42239755278865,1.0
4,260,110.23361467878541,350.1997524071722,105.23361467878541,345.1997524071722,115.23361467878541,355.1997524071722,1.0
4,261,111.24044547610278,349.72842021552606,106.24044547610278,344.72842021552606,116.24044547610278,354.72842021552606,1.0
4,262,111.58878212175367,350.4374040470643,106.58878212175367,345.4374040470643,116.58878212175367,355.4374040470643,1.0
4,263,113.06810345015627,351.20432472185416,108.06810345015627,346.20432472185416,118.06810345015627,356.20432472185416,1.0
4,264,113.41713445763533,351.7845808672903,108.41713445763533,346.7845808672903,118.41713445763533,356.7845808672903,1.0
4,265,114.56653839269593,353.4189706781696,109.56653839269593,348.4189706781696,119.56653839269593,358.4189706781696,1.0
4,266,115.17878091248629,354.76230431595906,110.17878091248629,349.76230431595906,120.17878091248629,359.76230431595906,1.0
4,267,115.8477048570333,355.47757747493023,110.8477048570333,350.47757747493023,120.8477048570333,360.47757747493023,1.0
4,268,115.65085697372862,355.3114236490669,110.65085697372862,350.3114236490669,120.65085697372862,360.3114236490669,1.0
4,269,115.21475136159098,355.60636378672035,110.21475136159098,350.60636378672035,120.21475136159098,360.60636378672035,1.0
4,270,115.3207735153965,356.1669330714377,110.3207735153965,351.1669330714377,120.3207735153965,361.1669330714377,1.0
4,271,114.5295427988269,356.4671376453037,109.5295427988269,351.4671376453037,119.5295427988269,361.4671376453037,1.0
4,272,114.15299083317446,356.6870840226881,109.15299083317446,351.6870840226881,119.15299083317446,361.6870840226881,1.0
4,273,112.34619780951095,356.48256516067244,107.34619780951095,351.48256516067244,117.34619780951095,361.48256516067244,1.0
4,274,111.75448279149084,356.08738077417854,106.75448279149084,351.08738077417854,116.75448279149084,361.08738077417854,1.0
4,275,112.27013462518521,354.4877335501611,107.27013462518521,349.4877335501611,117.27013462518521,359.4877335501611,1.0
4,276,113.4379389333765,354.10982740751126,108.4379389333765,349.10982740751126,118.4379389333765,359.10982740751126,1.0
4,277,114.42627769807787,354.22182130094194,109.42627769807787,349.22182130094194,119.42627769807787,359.22182130094194,1.0
4,278,115.17598902474901,353.09734357679326,110.17598902474901,348.09734357679326,120.17598902474901,358.09734357679326,1.0
4,279,115.19120103111979,352.57831487718863,110.19120103111979,347.57831487718863,120.19120103111979,357.57831487718863,1.0
4,280,115.14308801190188,351.48237564521276,110.14308801190188,346.48237564521276,120.14308801190188,356.48237564521276,1.0
4,281,115.22475616272818,351.86542440161156,110.22475616272818,346.86542440161156,120.22475616272818,356.86542440161156,1.0
4,282,114.54150458656353,351.87308605556905,109.54150458656353,346.87308605556905,119.54150458656353,356.87308605556905,1.0
4,283,114.15626023802908,350.9719155494922,109.15626023802908,345.9719155494922,119.15626023802908,355.9719155494922,1.0
4,284,113.13072205366481,351.0615645967031,108.13072205366481,346.0615645967031,118.13072205366481,356.0615645967031,1.0
4,285,112.53038261327205,351.24241220373295,107.53038261327205,346.24241220373295,117.53038261327205,356.24241220373295,1.0
4,286,112.06370986098466,350.50417382070367,107.06370986098466,345.50417382070367,117.06370986098466,355.50417382070367,1.0
4,287,112.99187573824285,351.66515959774034,107.99187573824285,346.66515959774034,117.99187573824285,356.66515959774034,1.0
4,288,113.26860280176105,353.4999255019012,108.26860280176105,348.4999255019012,118.26860280176105,358.4999255019012,1.0
4,289,113.3320075162382,354.26081272590847,108.3320075162382,349.26081272590847,118.3320075162382,359.26081272590847,1.0
4,290,112.21445880201111,355.42933816273325,107.21445880201111,350.42933816273325,117.21445880201111,360.42933816273325,1.0
4,291,111.62708430275747,357.2059600534254,106.62708430275747,352.2059600534254,116.62708430275747,362.2059600534254,1.0
4,292,111.16318849931821,358.3668312482971,106.16318849931821,353.3668312482971,116.16318849931821,363.3668312482971,1.0
4,293,110.64592382349241,359.0196859773665,105.64592382349241,354.0196859773665,115.64592382349241,364.0196859773665,1.0
4,294,110.47341330108725,359.57794977879934,105.47341330108725,354.57794977879934,115.47341330108725,364.57794977879934,1.0
4,295,109.61676888515606,359.8192137548247,104.61676888515606,354.8192137548247,114.61676888515606,364.8192137548247,1.0
4,296,108.96163109350839,360.2194610102883,103.96163109350839,355.2194610102883,113.96163109350839,365.2194610102883,1.0
4,297,109.27133595209304,361.8228059956358,104.27133595209304,356.8228059956358,114.27133595209304,366.8228059956358,1.0
4,298,109.78906965407222,361.99323328359475,104.78906965407222,356.99323328359475,114.78906965407222,366.99323328359475,1.0
4,299,109.3018210973544,361.86429687404507,104.3018210973544,356.86429687404507,114.3018210973544,366.86429687404507,1.0
4,300,109.76521704977094,362.60566363058115,104.76521704977094,357.60566363058115,114.76521704977094,367.60566363058115,1.0
4,301,109.35486205619938,362.34221408046204,104.35486205619938,357.34221408046204,114.35486205619938,367.34221408046204,1.0
4,302,108.31390347006587,361.6059718968555,103.31390347006587,356.6059718968555,113.31390347006587,366.6059718968555,1.0
4,303,106.97487114692089,361.8316124196381,101.97487114692089,356.8316124196381,111.97487114692089,366.8316124196381,1.0
4,304,105.87770017974195,362.7283134638039,100.87770017974195,357.7283134638039,110.87770017974195,367.7283134638039,1.0
4,305,106.7177443320981,362.51785106748156,101.7177443320981,357.51785106748156,111.7177443320981,367.51785106748156,1.0
4,306,106.36211305207365,362.7398396741988,101.36211305207365,357.7398396741988,111.36211305207365,367.7398396741988,1.0
4,307,106.27308819934393,363.3406269049044,101.27308819934393,358.3406269049044,111.27308819934393,368.3406269049044,1.0
4,308,105.68180583095032,363.5022546478934,100.68180583095032,358.5022546478934,110.68180583095032,368.5022546478934,1.0
4,309,106.58177294894608,362.04460929805924,101.58177294894608,357.04460929805924,111.58177294894608,367.04460929805924,1.0
4,310,106.61866596169611,361.31661299711936,101.61866596169611,356.31661299711936,111.61866596169611,366.31661299711936,1.0
4,311,106.49490571715212,362.2989082194863,101.49490571715212,357.2989082194863,111.49490571715212,367.2989082194863,1.0
4,312,107.41600689918592,362.2790323523467,102.41600689918592,357.2790323523467,112.41600689918592,367.2790323523467,1.0
4,313,108.59704979277383,362.26014871626325,103.59704979277383,357.26014871626325,113.59704979277383,367.26014871626325,1.0
4,314,109.82377570912855,362.3022276285924,104.82377570912855,357.3022276285924,114.82377570912855,367.3022276285924,1.0
4,315,111.40566860632083,362.46579414200517,106.40566860632083,357.46579414200517,116.40566860632083,367.46579414200517,1.0
4,316,113.45006789617928,362.122786411514,108.45006789617928,357.122786411514,118.45006789617928,367.122786411514,1.0
4,317,113.86629864745063,362.41146342857843,108.86629864745063,357.41146342857843,118.86629864745063,367.41146342857843,1.0
4,318,114.78376020022793,361.6954694344078,109.78376020022793,356.6954694344078,119.78376020022793,366.6954694344078,1.0
4,319,116.05016924263147,361.31831010396706,111.05016924263147,356.31831010396706,121.05016924263147,366.31831010396706,1.0
4,320,117.05674610517627,360.8477156746082,112.05674610517627,355.8477156746082,122.05674610517627,365.8477156746082,1.0
4,321,117.39978589188536,361.40561076956635,112.39978589188536,356.40561076956635,122.39978589188536,366.40561076956635,1.0
4,322,118.17173318797497,362.8517451616675,113.17173318797497,357.8517451616675,123.17173318797497,367.8517451616675,1.0
4,323,119.7321977860217,364.71713764743436,114.7321977860217,359.71713764743436,124.7321977860217,369.71713764743436,1.0
4,324,120.25048847524437,365.6423314778651,115.25048847524437,360.6423314778651,125.25048847524437,370.6423314778651,1.0
4,325,121.80450040754253,366.0927651255737,116.80450040754253,361.0927651255737,126.80450040754253,371.0927651255737,1.0
4,326,121.49104957065765,366.3261572824021,116.49104957065765,361.3261572824021,126.49104957065765,371.3261572824021,1.0
4,327,120.8775122548303,366.24529757886955,115.8775122548303,361.24529757886955,125.8775122548303,371.24529757886955,1.0
4,328,120.75406114066483,366.7153766434918,115.75406114066483,361.7153766434918,125.75406114066483,371.7153766434918,1.0
4,329,120.56629210234394,366.92937155061713,115.56629210234394,361.92937155061713,125.56629210234394,371.92937155061713,1.0
4,330,121.30553370623736,366.7372465283588,116.30553370623736,361.7372465283588,126.30553370623736,371.7372465283588,1.0
4,331,120.87817342143347,367.53359079864435,115.87817342143347,362.53359079864435,125.87817342143347,372.53359079864435,1.0
4,332,119.64805391603535,368.8911183183609,114.64805391603535,363.8911183183609,124.64805391603535,373.8911183183609,1.0
4,333,117.71067393313992,370.6223763589195,112.71067393313992,365.6223763589195,122.71067393313992,375.6223763589195,1.0
4,334,115.85855177468048,371.4225228784249,110.85855177468048,366.4225228784249,120.85855177468048,376.4225228784249,1.0
4,335,114.03521882923825,372.2347093176208,109.03521882923825,367.2347093176208,119.03521882923825,377.2347093176208,1.0
4,336,112.91149351697085,372.8590062344684,107.91149351697085,367.8590062344684,117.91149351697085,377.8590062344684,1.0
4,337,112.12246068051607,372.8945808886492,107.12246068051607,367.8945808886492,117.12246068051607,377.8945808886492,1.0
4,338,111.49348890247273,373.5355876703366,106.49348890247273,368.5355876703366,116.49348890247273,378.5355876703366,1.0
4,339,111.14795365179545,374.23551855693927,106.14795365179545,369.23551855693927,116.14795365179545,379.23551855693927,1.0
4,340,111.00773523837523,374.44024330869695,106.00773523837523,369.44024330869695,116.00773523837523,379.44024330869695,1.0
4,341,110.16245226683301,374.31495454393735,105.16245226683301,369.31495454393735,115.16245226683301,379.31495454393735,1.0
4,342,109.90719628680377,375.26070285845935,104.90719628680377,370.26070285845935,114.90719628680377,380.26070285845935,1.0
4,343,111.33948526471559,374.5705993426684,106.33948526471559,369.5705993426684,116.33948526471559,379.5705993426684,1.0
4,344,112.57258546768816,374.5048694402526,107.57258546768816,369.5048694402526,117.57258546768816,379.5048694402526,1.0
4,345,114.16813694487968,374.53696342086585,109.16813694487968,369.53696342086585,119.16813694487968,379.53696342086585,1.0
4,346,115.23907937924542,374.13802689451666,110.23907937924542,369.13802689451666,120.23907937924542,379.13802689451666,1.0
4,347,114.8572567322548,374.2274103431599,109.8572567322548,369.2274103431599,119.8572567322548,379.2274103431599,1.0
4,348,114.36139592278516,374.88033441570747,109.36139592278516,369.88033441570747,119.36139592278516,379.88033441570747,1.0
4,349,114.83142233615777,374.7854274292348,109.83142233615777,369.7854274292348,119.83142233615777,379.7854274292348,1.0
4,350,114.85569668662133,374.10770042672397,109.85569668662133,369.10770042672397,119.85569668662133,379.10770042672397,1.0
4,351,114.29478805911288,373.3416178335284,109.29478805911288,368.3416178335284,119.29478805911288,378.3416178335284,1.0
4,352,112.93832510245859,374.3473313730821,107.93832510245859,369.3473313730821,117.93832510245859,379.3473313730821,1.0
4,353,112.1208263245919,375.4581727537013,107.1208263245919,370.4581727537013,117.1208263245919,380.4581727537013,1.0
4,354,112.0223489437926,376.40981870532795,107.0223489437926,371.40981870532795,117.0223489437926,381.40981870532795,1.0
4,355,112.30774026968261,376.78490774858795,107.30774026968261,371.78490774858795,117.30774026968261,381.78490774858795,1.0
4,356,113.49073560382713,376.1231745566481,108.49073560382713,371.1231745566481,118.49073560382713,381.1231745566481,1.0
4,357,113.93689117012654,375.3237372572895,108.93689117012654,370.3237372572895,118.93689117012654,380.3237372572895,1.0
4,358,113.51777141629819,374.9992182412867,108.51777141629819,369.9992182412867,118.51777141629819,379.9992182412867,1.0
4,359,113.16301671054315,375.3001309380051,108.16301671054315,370.3001309380051,118.16301671054315,380.3001309380051,1.0
4,360,112.09069219926751,375.72404780846347,107.09069219926751,370.72404780846347,117.09069219926751,380.72404780846347,1.0
4,361,111.17467721779336,376.9224674061312,106.17467721779336,371.9224674061312,116.17467721779336,381.9224674061312,1.0
4,362,110.94414691554888,377.87153892768254,105.94414691554888,372.87153892768254,115.94414691554888,382.87153892768254,1.0
4,363,110.7929626676055,378.5414184756056,105.7929626676055,373.5414184756056,115.7929626676055,383.5414184756056,1.0
4,364,109.9747442352045,380.32687922363675,104.9747442352045,375.32687922363675,114.9747442352045,385.32687922363675,1.0
4,365,109.27615263668362,381.4025362937994,104.27615263668362,376.4025362937994,114.27615263668362,386.4025362937994,1.0
4,366,108.18164237149459,382.7151765095466,103.18164237149459,377.7151765095466,113.18164237149459,387.7151765095466,1.0
4,367,108.45396319722094,383.86242759403257,103.45396319722094,378.86242759403257,113.45396319722094,388.86242759403257,1.0
4,368,108.83020614930474,383.87463847575384,103.83020614930474,378.87463847575384,113.83020614930474,388.87463847575384,1.0
4,369,109.44090425513683,384.285825361605,104.44090425513683,379.285825361605,114.44090425513683,389.285825361605,1.0
4,370,109.91354336525458,385.11113258242034,104.91354336525458,380.11113258242034,114.91354336525458,390.11113258242034,1.0
4,371,109.17062461948747,385.13957662484603,104.17062461948747,380.13957662484603,114.17062461948747,390.13957662484603,1.0
4,372,109.23313248907145,385.60994489351526,104.23313248907145,380.60994489351526,114.23313248907145,390.60994489351526,1.0
4,373,108.89015737546907,386.2510799954161,103.89015737546907,381.2510799954161,113.89015737546907,391.2510799954161,1.0
4,374,107.41324608403026,386.7198297468199,102.41324608403026,381.7198297468199,112.41324608403026,391.7198297468199,1.0
4,375,106.21990033966362,387.7012039607838,101.21990033966362,382.7012039607838,111.21990033966362,392.7012039607838,1.0
4,376,104.3672109858377,387.8078833004047,99.3672109858377,382.8078833004047,109.3672109858377,392.8078833004047,1.0
4,377,103.28072520528512,388.5264755663882,98.28072520528512,383.5264755663882,108.28072520528512,393.5264755663882,1.0
4,378,102.71714575137457,388.7677106521636,97.71714575137457,383.7677106521636,107.71714575137457,393.7677106521636,1.0
4,379,102.40332600864984,388.60026087325275,97.40332600864984,383.60026087325275,107.40332600864984,393.60026087325275,1.0
4,380,102.74729952950344,388.58778179568293,97.74729952950344,383.58778179568293,107.74729952950344,393.58778179568293,1.0
4,381,102.16888710486731,388.99662595495624,97.16888710486731,383.99662595495624,107.16888710486731,393.99662595495624,1.0
4,382,101.07344073018163,389.5294294510212,96.07344073018163,384.5294294510212,106.07344073018163,394.5294294510212,1.0
4,383,100.36968933731472,390.39291842838134,95.36968933731472,385.39291842838134,105.36968933731472,395.39291842838134,1.0
4,384,100.30292623041959,391.56538758849507,95.30292623041959,386.56538758849507,105.30292623041959,396.56538758849507,1.0
4,385,99.48492422195233,392.6339489679901,94.48492422195233,387.6339489679901,104.48492422195233,397.6339489679901,1.0
4,386,99.75607607355934,392.98760965771,94.75607607355934,387.98760965771,104.75607607355934,397.98760965771,1.0
4,387,100.32122657763405,393.4713711326131,95.32122657763405,388.4713711326131,105.32122657763405,398.4713711326131,1.0
4,388,100.8692165263376,393.3423448836949,95.8692165263376,388.3423448836949,105.8692165263376,398.3423448836949,1.0
4,389,101.5323419144561,392.7879394034219,96.5323419144561,387.7879394034219,106.5323419144561,397.7879394034219,1.0
4,390,101.5346967021453,393.09220823224393,96.5346967021453,388.09220823224393,106.5346967021453,398.09220823224393,1.0
4,391,101.25422775518079,393.71821153251983,96.25422775518079,388.71821153251983,106.25422775518079,398.71821153251983,1.0
4,392,100.91271890613504,394.578377757887,95.91271890613504,389.578377757887,105.91271890613504,399.578377757887,1.0
4,393,99.73895597649732,394.30125089388986,94.73895597649732,389.30125089388986,104.73895597649732,399.30125089388986,1.0
4,394,99.85980627697825,393.7871720998467,94.85980627697825,388.7871720998467,104.85980627697825,398.7871720998467,1.0
4,395,99.4762811430905,394.29154616379276,94.4762811430905,389.29154616379276,104.4762811430905,399.29154616379276,1.0
4,396,100.08586879642668,394.2629492812797,95.08586879642668,389.2629492812797,105.08586879642668,399.2629492812797,1.0
4,397,100.29457974228033,394.2178635630525,95.29457974228033,389.2178635630525,105.29457974228033,399.2178635630525,1.0
4,398,100.51101235685076,394.7241555875773,95.51101235685076,389.7241555875773,105.51101235685076,399.7241555875773,1.0
4,399,100.51334766815162,395.32610455164263,95.51334766815162,390.32610455164263,105.51334766815162,400.32610455164263,1.0
4,400,99.74678772910298,395.60575037946495,94.74678772910298,390.60575037946495,104.74678772910298,400.60575037946495,1.0
4,401,99.52952259493017,395.18630809390936,94.52952259493017,390.18630809390936,104.52952259493017,400.18630809390936,1.0
4,402,100.17658453444781,395.6142916557119,95.17658453444781,390.6142916557119,105.17658453444781,400.6142916557119,1.0
4,403,100.43793322865457,395.688024340786,95.43793322865457,390.688024340786,105.43793322865457,400.688024340786,1.0
4,404,99.72538089328864,396.0962859452653,94.72538089328864,391.0962859452653,104.72538089328864,401.0962859452653,1.0
4,405,100.50736101742804,397.21187756666683,95.50736101742804,392.21187756666683,105.50736101742804,402.21187756666683,1.0
4,406,102.2068709343829,397.8440090609551,97.2068709343829,392.8440090609551,107.2068709343829,402.8440090609551,1.0
4,407,103.62370164019791,398.00199581584064,98.62370164019791,393.00199581584064,108.62370164019791,403.00199581584064,1.0
4,408,104.92946192522068,398.1165702260107,99.92946192522068,393.1165702260107,109.92946192522068,403.1165702260107,1.0
4,409,105.89594897895358,398.0508615185795,100.89594897895358,393.0508615185795,110.89594897895358,403.0508615185795,1.0
4,410,106.3780996458296,397.2003187673666,101.3780996458296,392.2003187673666,111.3780996458296,402.2003187673666,1.0
4,411,106.82744681108674,395.96659921741224,101.82744681108674,390.96659921741224,111.82744681108674,400.96659921741224,1.0
4,412,107.1050543676868,394.3595611694735,102.1050543676868,389.3595611694735,112.1050543676868,399.3595611694735,1.0
4,413,106.3723675402094,393.3099925531795,101.3723675402094,388.3099925531795,111.3723675402094,398.3099925531795,1.0
4,414,107.18590986867672,391.86045529955356,102.18590986867672,386.86045529955356,112.18590986867672,396.86045529955356,1.0
4,415,106.79025253977423,391.48098979701217,101.79025253977423,386.48098979701217,111.79025253977423,396.48098979701217,1.0
4,416,106.66151223432496,390.6885238277719,101.66151223432496,385.6885238277719,111.66151223432496,395.6885238277719,1.0
4,417,106.23669524616054,389.8093129349742,101.23669524616054,384.8093129349742,111.23669524616054,394.8093129349742,1.0
4,418,105.10100281091616,389.84236045124464,100.10100281091616,384.84236045124464,110.10100281091616,394.84236045124464,1.0
4,419,105.0827672087813,390.5044171986581,100.0827672087813,385.5044171986581,110.0827672087813,395.5044171986581,1.0
4,420,104.76728532293903,390.94420552488384,99.76728532293903,385.94420552488384,109.76728532293903,395.94420552488384,1.0
4,421,104.5561955172407,391.16520975297584,99.5561955172407,386.16520975297584,109.5561955172407,396.16520975297584,1.0
4,422,104.82316060626849,391.1967852586813,99.82316060626849,386.1967852586813,109.82316060626849,396.1967852586813,1.0
4,423,105.51907054639149,390.99722397023197,100.51907054639149,385.99722397023197,110.51907054639149,395.99722397023197,1.0
4,424,105.12563173535781,390.7712703268373,100.12563173535781,385.7712703268373,110.12563173535781,395.7712703268373,1.0
4,425,105.05732065720733,390.64184228597924,100.05732065720733,385.64184228597924,110.05732065720733,395.64184228597924,1.0
4,426,105.645264376353,390.7938750698921,100.645264376353,385.7938750698921,110.645264376353,395.7938750698921,1.0
4,427,106.48923057409057,389.89581011564377,101.48923057409057,384.89581011564377,111.48923057409057,394.89581011564377,1.0
4,428,107.96993906659374,389.2165160739959,102.96993906659374,384.2165160739959,112.96993906659374,394.2165160739959,1.0
4,429,109.57125136831347,388.4323212808029,104.57125136831347,383.4323212808029,114.57125136831347,393.4323212808029,1.0
4,430,110.54129422301511,388.24574427577465,105.54129422301511,383.24574427577465,115.54129422301511,393.24574427577465,1.0
4,431,111.23678227963023,388.9811646707143,106.23678227963023,383.9811646707143,116.23678227963023,393.9811646707143,1.0
4,432,112.56336150830307,389.45546382115225,107.56336150830307,384.45546382115225,117.56336150830307,394.45546382115225,1.0
4,433,113.38716466671077,390.0304460056168,108.38716466671077,385.0304460056168,118.38716466671077,395.0304460056168,1.0
4,434,114.21077002878565,391.63635987198,109.21077002878565,386.63635987198,119.21077002878565,396.63635987198,1.0
4,435,115.04953630508663,393.01426458659887,110.04953630508663,388.01426458659887,120.04953630508663,398.01426458659887,1.0
4,436,115.67840583658695,394.2095579839064,110.67840583658695,389.2095579839064,120.67840583658695,399.2095579839064,1.0
4,437,115.64982067253058,393.9261091308586,110.64982067253058,388.9261091308586,120.64982067253058,398.9261091308586,1.0
4,438,115.83243472569694,393.7041517853305,110.83243472569694,388.7041517853305,120.83243472569694,398.7041517853305,1.0
4,439,116.01744913341437,394.9377284118552,111.01744913341437,389.9377284118552,121.01744913341437,399.9377284118552,1.0
4,440,116.28556476102088,394.9472450507641,111.28556476102088,389.9472450507641,121.28556476102088,399.9472450507641,1.0
4,441,115.51484950752359,393.56686180330144,110.51484950752359,388.56686180330144,120.51484950752359,398.56686180330144,1.0
4,442,115.60618275107154,393.4742759167453,110.60618275107154,388.4742759167453,120.60618275107154,398.4742759167453,1.0
4,443,117.33112108747275,393.371918047971,112.33112108747275,388.371918047971,122.33112108747275,398.371918047971,1.0
4,444,118.22037011356969,393.18241165560937,113.22037011356969,388.18241165560937,123.22037011356969,398.18241165560937,1.0
4,445,117.8754112822001,393.081068087044,112.8754112822001,388.081068087044,122.8754112822001,398.081068087044,1.0
4,446,116.51877832942711,393.74041567483715,111.51877832942711,388.74041567483715,121.51877832942711,398.74041567483715,1.0
4,447,115.95369431035415,394.5445625268204,110.95369431035415,389.5445625268204,120.95369431035415,399.5445625268204,1.0
4,448,115.47293005268132,394.7102508847811,110.47293005268132,389.7102508847811,120.47293005268132,399.7102508847811,1.0
4,449,115.05959053568279,394.90282129209965,110.05959053568279,389.90282129209965,120.05959053568279,399.90282129209965,1.0
4,450,115.54746875306122,395.81215855570593,110.54746875306122,390.81215855570593,120.54746875306122,400.81215855570593,1.0
4,451,116.83735663728321,395.9878688368092,111.83735663728321,390.9878688368092,121.83735663728321,400.9878688368092,1.0
4,452,117.20054908128898,396.03337669751187,112.20054908128898,391.03337669751187,122.20054908128898,401.03337669751187,1.0
4,453,118.33899646856761,396.5325550894789,113.33899646856761,391.5325550894789,123.33899646856761,401.5325550894789,1.0
4,454,119.61549015542754,396.35066420644546,114.61549015542754,391.35066420644546,124.61549015542754,401.35066420644546,1.0
4,455,119.91872405253201,396.93793893994354,114.91872405253201,391.93793893994354,124.91872405253201,401.93793893994354,1.0
4,456,119.45246424984686,397.02661518711346,114.45246424984686,392.02661518711346,124.45246424984686,402.02661518711346,1.0
4,457,118.30693765721092,396.89037128691115,113.30693765721092,391.89037128691115,123.30693765721092,401.89037128691115,1.0
4,458,117.17200818062112,396.4664871346599,112.17200818062112,391.4664871346599,122.17200818062112,401.4664871346599,1.0
4,459,115.7332762311376,396.4896515961205,110.7332762311376,391.4896515961205,120.7332762311376,401.4896515961205,1.0
4,460,115.24830714971425,397.0239833992098,110.24830714971425,392.0239833992098,120.24830714971425,402.0239833992098,1.0
4,461,114.64418211651602,398.0612480314983,109.64418211651602,393.0612480314983,119.64418211651602,403.0612480314983,1.0
4,462,115.3574062548464,397.6413657996865,110.3574062548464,392.6413657996865,120.3574062548464,402.6413657996865,1.0
4,463,114.45174416035836,397.8065455114123,109.45174416035836,392.8065455114123,119.45174416035836,402.8065455114123,1.0
4,464,114.42612535553441,397.9675669733896,109.42612535553441,392.9675669733896,119.42612535553441,402.9675669733896,1.0
4,465,114.56663821129172,398.68903233452636,109.56663821129172,393.68903233452636,119.56663821129172,403.68903233452636,1.0
4,466,114.29680385123478,398.9419011756299,109.29680385123478,393.9419011756299,119.29680385123478,403.9419011756299,1.0
4,467,113.23318983206579,400.2367575051129,108.23318983206579,395.2367575051129,118.23318983206579,405.2367575051129,1.0
4,468,112.42885070337815,401.3437952834687,107.42885070337815,396.3437952834687,117.42885070337815,406.3437952834687,1.0
4,469,111.5625305928542,401.8224587824769,106.5625305928542,396.8224587824769,116.5625305928542,406.8224587824769,1.0
4,470,111.21280375754556,402.09195437753147,106.21280375754556,397.09195437753147,116.21280375754556,407.09195437753147,1.0
4,471,112.0412222193625,402.13685405136,107.0412222193625,397.13685405136,117.0412222193625,407.13685405136,1.0
4,472,112.35587085133541,403.3791714290263,107.35587085133541,398.3791714290263,117.35587085133541,408.3791714290263,1.0
4,473,113.09682419180812,405.01930685793087,108.09682419180812,400.01930685793087,118.09682419180812,410.01930685793087,1.0
4,474,113.59854109476855,405.66257471642024,108.59854109476855,400.66257471642024,118.59854109476855,410.66257471642024,1.0
4,475,113.32923850407892,406.66681355079993,108.32923850407892,401.66681355079993,118.32923850407892,411.66681355079993,1.0
4,476,112.54237883665898,406.5916675470926,107.54237883665898,401.5916675470926,117.54237883665898,411.5916675470926,1.0
4,477,112.7167159232545,405.93784897866345,107.7167159232545,400.93784897866345,117.7167159232545,410.93784897866345,1.0
4,478,111.60139177691084,405.21613649159184,106.60139177691084,400.21613649159184,116.60139177691084,410.21613649159184,1.0
4,479,110.87636993795374,404.6549922138789,105.87636993795374,399.6549922138789,115.87636993795374,409.6549922138789,1.0
4,480,110.46568359335679,403.69229492965366,105.46568359335679,398.69229492965366,115.46568359335679,408.69229492965366,1.0
4,481,109.57612902938865,403.2399090718965,104.57612902938865,398.2399090718965,114.57612902938865,408.2399090718965,1.0
4,482,109.03986413566803,404.9836500827865,104.03986413566803,399.9836500827865,114.03986413566803,409.9836500827865,1.0
4,483,108.31789985811112,405.4941092433696,103.31789985811112,400.4941092433696,113.31789985811112,410.4941092433696,1.0
4,484,107.47277172476512,405.8568877626971,102.47277172476512,400.8568877626971,112.47277172476512,410.8568877626971,1.0
4,485,108.28089967938811,405.3044253515514,103.28089967938811,400.3044253515514,113.28089967938811,410.3044253515514,1.0
4,486,109.21387405928776,404.5665083895591,104.21387405928776,399.5665083895591,114.21387405928776,409.5665083895591,1.0
4,487,109.09685802338939,404.5251756753077,104.09685802338939,399.5251756753077,114.09685802338939,409.5251756753077,1.0
4,488,110.15568288585376,404.3587724063344,105.15568288585376,399.3587724063344,115.15568288585376,409.3587724063344,1.0
4,489,110.44065207400696,403.92407140899587,105.44065207400696,398.92407140899587,115.44065207400696,408.92407140899587,1.0
4,490,110.84674392752083,404.1340102108933,105.84674392752083,399.1340102108933,115.84674392752083,409.1340102108933,1.0
4,491,111.26712514192495,404.631222263508,106.26712514192495,399.631222263508,116.26712514192495,409.631222263508,1.0
4,492,112.40565162292026,405.7921465203664,107.40565162292026,400.7921465203664,117.40565162292026,410.7921465203664,1.0
4,493,113.18919464067918,406.7630385314961,108.18919464067918,401.7630385314961,118.18919464067918,411.7630385314961,1.0
4,494,113.67552338946038,407.4288899652929,108.67552338946038,402.4288899652929,118.67552338946038,412.4288899652929,1.0
4,495,113.90926899748091,407.7279705761532,108.90926899748091,402.7279705761532,118.90926899748091,412.7279705761532,1.0
4,496,112.86297068956259,408.05025399007616,107.86297068956259,403.05025399007616,117.86297068956259,413.05025399007616,1.0
4,497,111.93651086320482,407.70268111301516,106.93651086320482,402.70268111301516,116.93651086320482,412.70268111301516,1.0
4,498,109.74916634266125,408.1417025943226,104.74916634266125,403.1417025943226,114.74916634266125,413.1417025943226,1.0
4,499,108.97414015151233,408.12489792105305,103.97414015151233,403.12489792105305,113.97414015151233,413.12489792105305,1.0
4,500,108.95453282928592,409.1716802350642,103.95453282928592,404.1716802350642,113.95453282928592,414.1716802350642,1.0
4,501,109.0451031611177,409.8626620549059,104.0451031611177,404.8626620549059,114.0451031611177,414.8626620549059,1.0
4,502,109.57614922220627,410.6526514462272,104.57614922220627,405.6526514462272,114.57614922220627,415.6526514462272,1.0
4,503,109.79400546290142,410.9478849265993,104.79400546290142,405.9478849265993,114.79400546290142,415.9478849265993,1.0
4,504,109.65477114597346,410.3160851459747,104.65477114597346,405.3160851459747,114.65477114597346,415.3160851459747,1.0
4,505,109.2276955208729,408.34962400294864,104.2276955208729,403.34962400294864,114.2276955208729,413.34962400294864,1.0
4,506,109.07752514163349,407.1907947379773,104.07752514163349,402.1907947379773,114.07752514163349,412.1907947379773,1.0
4,507,109.21764162715722,406.6564909333758,104.21764162715722,401.6564909333758,114.21764162715722,411.6564909333758,1.0
4,508,109.5540518161163,406.63295207400756,104.5540518161163,401.63295207400756,114.5540518161163,411.63295207400756,1.0
4,509,109.54287134827935,406.200792557723,104.54287134827935,401.200792557723,114.54287134827935,411.200792557723,1.0
4,510,110.446931039979,406.21193828787125,105.446931039979,401.21193828787125,115.446931039979,411.21193828787125,1.0
4,511,111.67450207346533,406.9075860211336,106.67450207346533,401.9075860211336,116.67450207346533,411.9075860211336,1.0
4,512,113.13039414415034,406.57183684555014,108.13039414415034,401.57183684555014,118.13039414415034,411.57183684555014,1.0
4,513,113.11851577327899,406.48211287881503,108.11851577327899,401.48211287881503,118.11851577327899,411.48211287881503,1.0
4,514,111.67350320438668,406.7073468213563,106.67350320438668,401.7073468213563,116.67350320438668,411.7073468213563,1.0
4,515,110.77595945585738,406.5555008872415,105.77595945585738,401.5555008872415,115.77595945585738,411.5555008872415,1.0
4,516,110.99550582327151,406.285719686687,105.99550582327151,401.285719686687,115.99550582327151,411.285719686687,1.0
4,517,110.65390560809472,406.0465828675991,105.65390560809472,401.0465828675991,115.65390560809472,411.0465828675991,1.0
4,518,110.6627551727622,405.62486626432866,105.6627551727622,400.62486626432866,115.6627551727622,410.62486626432866,1.0
4,519,110.09587055124683,405.649180271635,105.09587055124683,400.649180271635,115.09587055124683,410.649180271635,1.0
4,520,109.15382479984598,405.2284742805932,104.15382479984598,400.2284742805932,114.15382479984598,410.2284742805932,1.0
4,521,109.85859658040847,404.20038950844634,104.85859658040847,399.20038950844634,114.85859658040847,409.20038950844634,1.0
4,522,109.17962938249055,403.38107275164333,104.17962938249055,398.38107275164333,114.17962938249055,408.38107275164333,1.0
4,523,109.05484681793182,402.61629770682794,104.05484681793182,397.61629770682794,114.05484681793182,407.61629770682794,1.0
4,524,109.5083053293755,402.71195529780584,104.5083053293755,397.71195529780584,114.5083053293755,407.71195529780584,1.0
4,525,108.44728709694692,401.80530046875833,103.44728709694692,396.80530046875833,113.44728709694692,406.80530046875833,1.0
4,526,109.09756663199347,401.65976978704714,104.09756663199347,396.65976978704714,114.09756663199347,406.65976978704714,1.0
4,527,108.8968585605548,401.23121871279847,103.8968585605548,396.23121871279847,113.8968585605548,406.23121871279847,1.0
4,528,109.04147685163048,401.0842780333245,104.04147685163048,396.0842780333245,114.04147685163048,406.0842780333245,1.0
4,529,109.88734423230397,400.3870493434613,104.88734423230397,395.3870493434613,114.88734423230397,405.3870493434613,1.0
4,530,109.49119775785823,400.2009162231529,104.49119775785823,395.2009162231529,114.49119775785823,405.2009162231529,1.0
4,531,111.15172045167756,399.62687173897746,106.15172045167756,394.62687173897746,116.15172045167756,404.62687173897746,1.0
4,532,112.44494896133898,399.9400362220735,107.44494896133898,394.9400362220735,117.44494896133898,404.9400362220735,1.0
4,533,114.00757459712574,399.43585827178595,109.00757459712574,394.43585827178595,119.00757459712574,404.43585827178595,1.0
4,534,115.2097700868221,399.19041339934114,110.2097700868221,394.19041339934114,120.2097700868221,404.19041339934114,1.0
4,535,115.61766328190006,399.7931384350671,110.61766328190006,394.7931384350671,120.61766328190006,404.7931384350671,1.0
4,536,116.54226573241121,400.3902117673388,111.54226573241121,395.3902117673388,121.54226573241121,405.3902117673388,1.0
4,537,116.47857444484201,401.0382816430966,111.47857444484201,396.0382816430966,121.47857444484201,406.0382816430966,1.0
4,538,116.7507789125076,401.5227983826881,111.7507789125076,396.5227983826881,121.7507789125076,406.5227983826881,1.0
4,539,116.95933840078278,402.2701723977612,111.95933840078278,397.2701723977612,121.95933840078278,407.2701723977612,1.0
4,540,117.6648026042622,402.6895158442905,112.6648026042622,397.6895158442905,122.6648026042622,407.6895158442905,1.0
4,541,118.34881594974804,402.80465041746714,113.34881594974804,397.80465041746714,123.34881594974804,407.80465041746714,1.0
4,542,119.04945581875629,402.33978698828776,114.04945581875629,397.33978698828776,124.04945581875629,407.33978698828776,1.0
4,543,120.53459537348873,402.14179373002435,115.53459537348873,397.14179373002435,125.53459537348873,407.14179373002435,1.0
4,544,121.81779173471159,400.49408792603407,116.81779173471159,395.49408792603407,126.81779173471159,405.49408792603407,1.0
4,545,122.37518370926331,399.3627517921499,117.37518370926331,394.3627517921499,127.37518370926331,404.3627517921499,1.0
4,546,123.58561793991305,398.7021039822311,118.58561793991305,393.7021039822311,128.58561793991305,403.7021039822311,1.0
4,547,124.51065114535696,398.36949489101784,119.51065114535696,393.36949489101784,129.51065114535697,403.36949489101784,1.0
4,548,125.68840266564668,397.5159181830169,120.68840266564668,392.5159181830169,130.68840266564666,402.5159181830169,1.0
4,549,126.87640711760378,397.7006660955411,121.87640711760378,392.7006660955411,131.87640711760378,402.7006660955411,1.0
4,550,127.26945473208436,398.27292947445534,122.26945473208436,393.27292947445534,132.26945473208434,403.27292947445534,1.0
4,551,126.96865155874052,398.7129874770607,121.96865155874052,393.7129874770607,131.96865155874053,403.7129874770607,1.0
4,552,127.05030524221878,398.1792119788529,122.05030524221878,393.1792119788529,132.05030524221877,403.1792119788529,1.0
4,553,127.18840218509165,398.46963919290147,122.18840218509165,393.46963919290147,132.18840218509166,403.46963919290147,1.0
4,554,128.2281447166717,399.22628063505545,123.2281447166717,394.22628063505545,133.2281447166717,404.22628063505545,1.0
4,555,129.038469805051,399.24365900151827,124.038469805051,394.24365900151827,134.038469805051,404.24365900151827,1.0
4,556,127.93122772277775,398.9420158942311,122.93122772277775,393.9420158942311,132.93122772277775,403.9420158942311,1.0
4,557,126.99910566875687,399.4309928113332,121.99910566875687,394.4309928113332,131.99910566875687,404.4309928113332,1.0
4,558,126.65104459335879,400.43652841908596,121.65104459335879,395.43652841908596,131.6510445933588,405.43652841908596,1.0
4,559,126.87215305462209,400.1200185153946,121.87215305462209,395.1200185153946,131.8721530546221,405.1200185153946,1.0
4,560,127.10593022309456,398.90683178060334,122.10593022309456,393.90683178060334,132.10593022309456,403.90683178060334,1.0
4,561,128.00094031816403,398.9883163726248,123.00094031816403,393.9883163726248,133.00094031816403,403.9883163726248,1.0
4,562,128.90955881432373,399.4883251449984,123.90955881432373,394.4883251449984,133.90955881432373,404.4883251449984,1.0
4,563,129.59564255110618,399.6837389349949,124.59564255110618,394.6837389349949,134.59564255110618,404.6837389349949,1.0
4,564,130.00693675987324,399.65155985882495,125.00693675987324,394.65155985882495,135.00693675987324,404.65155985882495,1.0
4,565,130.45165402161655,398.842024675596,125.45165402161655,393.842024675596,135.45165402161655,403.842024675596,1.0
4,566,130.94670584195455,399.1892588262685,125.94670584195455,394.1892588262685,135.94670584195455,404.1892588262685,1.0
4,567,131.21669610735825,398.7073997358693,126.21669610735825,393.7073997358693,136.21669610735825,403.7073997358693,1.0
4,568,131.90923090983134,399.0667506735072,126.90923090983134,394.0667506735072,136.90923090983134,404.0667506735072,1.0
4,569,131.61360100190748,398.33803676601747,126.61360100190748,393.33803676601747,136.61360100190748,403.33803676601747,1.0
4,570,131.43054667261742,398.2247919145417,126.43054667261742,393.2247919145417,136.43054667261742,403.2247919145417,1.0
4,571,131.90798976330518,397.68374473014944,126.90798976330518,392.68374473014944,136.90798976330518,402.68374473014944,1.0
4,572,131.653569373516,397.61492328552237,126.653569373516,392.61492328552237,136.653569373516,402.61492328552237,1.0
4,573,131.8505480371063,397.78197051462007,126.85054803710631,392.78197051462007,136.8505480371063,402.78197051462007,1.0
4,574,131.47009484929242,396.7834037993381,126.47009484929242,391.7834037993381,136.47009484929242,401.7834037993381,1.0
4,575,131.23201517544442,397.53198217600493,126.23201517544442,392.53198217600493,136.23201517544442,402.53198217600493,1.0
4,576,130.86143598254466,397.41929340911804,125.86143598254466,392.41929340911804,135.86143598254466,402.41929340911804,1.0
4,577,130.34862789023842,397.3959560516699,125.34862789023842,392.3959560516699,135.34862789023842,402.3959560516699,1.0
4,578,129.25539659021888,397.8896130758044,124.25539659021888,392.8896130758044,134.25539659021888,402.8896130758044,1.0
4,579,128.37381262947665,397.80481106915454,123.37381262947665,392.80481106915454,133.37381262947665,402.80481106915454,1.0
4,580,127.98323508619633,397.20220285885034,122.98323508619633,392.20220285885034,132.98323508619632,402.20220285885034,1.0
4,581,127.60451224334447,396.5921373675106,122.60451224334447,391.5921373675106,132.60451224334446,401.5921373675106,1.0
4,582,128.64679889297847,395.61788872837747,123.64679889297847,390.61788872837747,133.64679889297847,400.61788872837747,1.0
4,583,129.91791022929436,396.40675245462467,124.91791022929436,391.40675245462467,134.91791022929436,401.40675245462467,1.0
4,584,130.72698337449114,397.30960590839527,125.72698337449114,392.30960590839527,135.72698337449114,402.30960590839527,1.0
4,585,131.14162571488257,397.72065993097004,126.14162571488257,392.72065993097004,136.14162571488257,402.72065993097004,1.0
4,586,132.54275492588312,396.8865145947721,127.54275492588312,391.8865145947721,137.54275492588312,401.8865145947721,1.0
4,587,133.18589708401527,397.32808469373657,128.18589708401527,392.32808469373657,138.18589708401527,402.32808469373657,1.0
4,588,133.6638241013654,396.9752154522888,128.6638241013654,391.9752154522888,138.6638241013654,401.9752154522888,1.0
4,589,134.86116692236914,396.3529067889524,129.86116692236914,391.3529067889524,139.86116692236914,401.3529067889524,1.0
4,590,133.95643645230106,395.6892690674676,128.95643645230106,390.6892690674676,138.95643645230106,400.6892690674676,1.0
4,591,133.22076516274984,395.70499544615984,128.22076516274984,390.70499544615984,138.22076516274984,400.70499544615984,1.0
4,592,132.81945707086948,395.08467736663596,127.81945707086948,390.08467736663596,137.81945707086948,400.08467736663596,1.0
4,593,133.0686885581991,394.2266838679677,128.0686885581991,389.2266838679677,138.0686885581991,399.2266838679677,1.0
4,594,134.83567582213269,393.50097936467864,129.83567582213269,388.50097936467864,139.83567582213269,398.50097936467864,1.0
4,595,137.11308669013204,391.9742711901478,132.11308669013204,386.9742711901478,142.11308669013204,396.9742711901478,1.0
4,596,137.44564314065278,390.87879248384587,132.44564314065278,385.87879248384587,142.44564314065278,395.87879248384587,1.0
4,597,137.32534517773777,390.3507336214073,132.32534517773777,385.3507336214073,142.32534517773777,395.3507336214073,1.0
4,598,137.28577614327304,390.4125707867334,132.28577614327304,385.4125707867334,142.28577614327304,395.4125707867334,1.0
4,599,138.59167769333322,391.16262227101936,133.59167769333322,386.16262227101936,143.59167769333322,396.16262227101936,1.0
4,600,139.04499256437379,390.9389294870455,134.04499256437379,385.9389294870455,144.04499256437379,395.9389294870455,1.0
4,601,138.6997959125027,390.2616505717954,133.6997959125027,385.2616505717954,143.6997959125027,395.2616505717954,1.0
4,602,138.1056106558427,389.49207185685873,133.1056106558427,384.49207185685873,143.1056106558427,394.49207185685873,1.0
4,603,137.30389884395703,390.3915451147418,132.30389884395703,385.3915451147418,142.30389884395703,395.3915451147418,1.0
4,604,135.3045449451304,391.4487020611975,130.3045449451304,386.4487020611975,140.3045449451304,396.4487020611975,1.0
4,605,134.2107880451514,391.7447526393663,129.2107880451514,386.7447526393663,139.2107880451514,396.7447526393663,1.0
4,606,134.16450682349637,392.1846583106952,129.16450682349637,387.1846583106952,139.16450682349637,397.1846583106952,1.0
4,607,134.86988583839553,393.3765976915354,129.86988583839553,388.3765976915354,139.86988583839553,398.3765976915354,1.0
4,608,134.57304925497465,394.8702214860373,129.57304925497465,389.8702214860373,139.57304925497465,399.8702214860373,1.0
4,609,134.1117451696514,395.57161515137193,129.1117451696514,390.57161515137193,139.1117451696514,400.57161515137193,1.0
4,610,133.87285336046278,395.73145766251974,128.87285336046278,390.73145766251974,138.87285336046278,400.73145766251974,1.0
4,611,134.3527019631128,396.23525524302886,129.3527019631128,391.23525524302886,139.3527019631128,401.23525524302886,1.0
4,612,134.80793987972635,395.2880011923611,129.80793987972635,390.2880011923611,139.80793987972635,400.2880011923611,1.0
4,613,135.58992869047626,394.7029774235927,130.58992869047626,389.7029774235927,140.58992869047626,399.7029774235927,1.0
4,614,136.18622714525964,393.5192475383148,131.18622714525964,388.5192475383148,141.18622714525964,398.5192475383148,1.0
4,615,136.4482485268817,393.3763038888386,131.4482485268817,388.3763038888386,141.4482485268817,398.3763038888386,1.0
4,616,135.53592880231008,393.23132935232513,130.53592880231008,388.23132935232513,140.53592880231008,398.23132935232513,1.0
4,617,136.03808551723193,393.4244355524931,131.03808551723193,388.4244355524931,141.03808551723193,398.4244355524931,1.0
4,618,135.67779455296466,392.6706863203153,130.67779455296466,387.6706863203153,140.67779455296466,397.6706863203153,1.0
4,619,135.92366533892337,393.0863087929072,130.92366533892337,388.0863087929072,140.92366533892337,398.0863087929072,1.0
4,620,135.2185673469189,392.8590704229365,130.2185673469189,387.8590704229365,140.2185673469189,397.8590704229365,1.0
4,621,134.90401481482382,392.20144193786575,129.90401481482382,387.20144193786575,139.90401481482382,397.20144193786575,1.0
4,622,135.60628731981146,390.35868255462526,130.60628731981146,385.35868255462526,140.60628731981146,395.35868255462526,1.0
4,623,135.91957156369799,389.5699867272188,130.91957156369799,384.5699867272188,140.91957156369799,394.5699867272188,1.0
4,624,136.98595435963517,388.9165683230744,131.98595435963517,383.9165683230744,141.98595435963517,393.9165683230744,1.0
4,625,138.76412494574592,388.2270688363741,133.76412494574592,383.2270688363741,143.76412494574592,393.2270688363741,1.0
4,626,139.78969779096735,387.3826432812573,134.78969779096735,382.3826432812573,144.78969779096735,392.3826432812573,1.0
4,627,140.12176394347279,386.0707050028836,135.12176394347279,381.0707050028836,145.12176394347279,391.0707050028836,1.0
4,628,138.75930772886173,384.0454129104697,133.75930772886173,379.0454129104697,143.75930772886173,389.0454129104697,1.0
4,629,138.00447406052743,383.2123041892737,133.00447406052743,378.2123041892737,143.00447406052743,388.2123041892737,1.0
4,630,138.1347714490056,382.3471648636803,133.1347714490056,377.3471648636803,143.1347714490056,387.3471648636803,1.0
4,631,138.28500375266353,381.9585096314378,133.28500375266353,376.9585096314378,143.28500375266353,386.9585096314378,1.0
4,632,138.83835365456184,381.9496687164026,133.83835365456184,376.9496687164026,143.83835365456184,386.9496687164026,1.0
4,633,138.53698970494648,381.34089582466925,133.53698970494648,376.34089582466925,143.53698970494648,386.34089582466925,1.0
4,634,138.2237167943975,381.65313155632975,133.2237167943975,376.65313155632975,143.2237167943975,386.65313155632975,1.0
4,635,138.3054736174691,382.14740449310426,133.3054736174691,377.14740449310426,143.3054736174691,387.14740449310426,1.0
4,636,138.38748002858168,382.9716581072031,133.38748002858168,377.9716581072031,143.38748002858168,387.9716581072031,1.0
4,637,137.84992405757916,383.76034710642074,132.84992405757916,378.76034710642074,142.84992405757916,388.76034710642074,1.0
4,638,138.88058429732718,385.2408386691992,133.88058429732718,380.2408386691992,143.88058429732718,390.2408386691992,1.0
4,639,139.70094776439808,385.6422745646261,134.70094776439808,380.6422745646261,144.70094776439808,390.6422745646261,1.0
4,640,140.5442295648253,386.2635968850675,135.5442295648253,381.2635968850675,145.5442295648253,391.2635968850675,1.0
4,641,140.1049438156913,387.20652042409415,135.1049438156913,382.20652042409415,145.1049438156913,392.20652042409415,1.0
4,642,139.9691246939329,387.3537008203481,134.9691246939329,382.3537008203481,144.9691246939329,392.3537008203481,1.0
4,643,139.63193503911273,388.5997248600765,134.63193503911273,383.5997248600765,144.63193503911273,393.5997248600765,1.0
4,644,138.57925250297646,390.00948946588693,133.57925250297646,385.00948946588693,143.57925250297646,395.00948946588693,1.0
4,645,138.0513096409498,390.85965156043073,133.0513096409498,385.85965156043073,143.0513096409498,395.85965156043073,1.0
4,646,138.35769985604253,391.43193784354077,133.35769985604253,386.43193784354077,143.35769985604253,396.43193784354077,1.0
4,647,138.94669822981777,392.1669110281217,133.94669822981777,387.1669110281217,143.94669822981777,397.1669110281217,1.0
4,648,139.91446149581816,393.33721297063994,134.91446149581816,388.33721297063994,144.91446149581816,398.33721297063994,1.0
4,649,140.72332717020998,394.0586521391759,135.72332717020998,389.0586521391759,145.72332717020998,399.0586521391759,1.0
4,650,141.6178898731281,393.89311948474113,136.6178898731281,388.89311948474113,146.6178898731281,398.89311948474113,1.0
4,651,142.3153564099248,393.33576982630467,137.3153564099248,388.33576982630467,147.3153564099248,398.33576982630467,1.0
4,652,143.40256212925064,393.46724648308367,138.40256212925064,388.46724648308367,148.40256212925064,398.46724648308367,1.0
4,653,144.54872379494822,393.02943471336033,139.54872379494822,388.02943471336033,149.54872379494822,398.02943471336033,1.0
4,654,146.3949935392328,392.3677007164555,141.3949935392328,387.3677007164555,151.3949935392328,397.3677007164555,1.0
4,655,147.5149810138285,392.34125754015975,142.5149810138285,387.34125754015975,152.5149810138285,397.34125754015975,1.0
4,656,148.20375482781589,393.0031609487951,143.20375482781589,388.0031609487951,153.20375482781589,398.0031609487951,1.0
4,657,149.19050954582053,393.3061322465801,144.19050954582053,388.3061322465801,154.19050954582053,398.3061322465801,1.0
4,658,149.4312265741354,394.8763361334122,144.4312265741354,389.8763361334122,154.4312265741354,399.8763361334122,1.0
4,659,149.65883117832982,394.76003552840154,144.65883117832982,389.76003552840154,154.65883117832982,399.76003552840154,1.0
4,660,150.04141712317124,395.25330296795005,145.04141712317124,390.25330296795005,155.04141712317124,400.25330296795005,1.0
4,661,149.46680254025273,395.3664170115749,144.46680254025273,390.3664170115749,154.46680254025273,400.3664170115749,1.0
4,662,149.3354033782039,395.2290050875937,144.3354033782039,390.2290050875937,154.3354033782039,400.2290050875937,1.0
4,663,149.700875890193,395.46846355825045,144.700875890193,390.46846355825045,154.700875890193,400.46846355825045,1.0
4,664,149.47956467714818,394.6887384763677,144.47956467714818,389.6887384763677,154.47956467714818,399.6887384763677,1.0
4,665,149.17104505877384,394.61048897271513,144.17104505877384,389.61048897271513,154.17104505877384,399.61048897271513,1.0
4,666,149.252555953053,393.8260640561266,144.252555953053,388.8260640561266,154.252555953053,398.8260640561266,1.0
4,667,149.1940988383077,393.50230708364467,144.1940988383077,388.50230708364467,154.1940988383077,398.50230708364467,1.0
4,668,149.46938626550784,394.20079043221494,144.46938626550784,389.20079043221494,154.46938626550784,399.20079043221494,1.0
4,669,149.26880369424964,394.7064786253534,144.26880369424964,389.7064786253534,154.26880369424964,399.7064786253534,1.0
4,670,148.128759602461,395.76204186366004,143.128759602461,390.76204186366004,153.128759602461,400.76204186366004,1.0
4,671,146.00386946385913,395.4795742019588,141.00386946385913,390.4795742019588,151.00386946385913,400.4795742019588,1.0
4,672,144.47903360902748,395.48336582992346,139.47903360902748,390.48336582992346,149.47903360902748,400.48336582992346,1.0
4,673,143.31111529134174,395.4224075559115,138.31111529134174,390.4224075559115,148.31111529134174,400.4224075559115,1.0
4,674,143.0306882746786,396.0681847775652,138.0306882746786,391.0681847775652,148.0306882746786,401.0681847775652,1.0
4,675,142.31175103042537,396.6832389823481,137.31175103042537,391.6832389823481,147.31175103042537,401.6832389823481,1.0
4,676,143.06723193302543,397.6087813086985,138.06723193302543,392.6087813086985,148.06723193302543,402.6087813086985,1.0
4,677,143.85539319222553,398.0140746679245,138.85539319222553,393.0140746679245,148.85539319222553,403.0140746679245,1.0
4,678,145.38958124152205,398.11644696915107,140.38958124152205,393.11644696915107,150.38958124152205,403.11644696915107,1.0
4,679,146.46388129129892,398.5237749737939,141.46388129129892,393.5237749737939,151.46388129129892,403.5237749737939,1.0
4,680,146.988777806109,398.8513722127714,141.988777806109,393.8513722127714,151.988777806109,403.8513722127714,1.0
4,681,147.7717693670728,399.50224095157273,142.7717693670728,394.50224095157273,152.7717693670728,404.50224095157273,1.0
4,682,147.80505908679632,400.4552308783357,142.80505908679632,395.4552308783357,152.80505908679632,405.4552308783357,1.0
4,683,148.68365814372044,400.9920167227837,143.68365814372044,395.9920167227837,153.68365814372044,405.9920167227837,1.0
4,684,149.8589320948724,401.0805900512365,144.8589320948724,396.0805900512365,154.8589320948724,406.0805900512365,1.0
4,685,151.288385178673,400.4652776428818,146.288385178673,395.4652776428818,156.288385178673,405.4652776428818,1.0
4,686,152.32133210473833,400.14008487333984,147.32133210473833,395.14008487333984,157.32133210473833,405.14008487333984,1.0
4,687,151.74073518671213,400.8034590848588,146.74073518671213,395.8034590848588,156.74073518671213,405.8034590848588,1.0
4,688,150.61659468914635,401.44907393118757,145.61659468914635,396.44907393118757,155.61659468914635,406.44907393118757,1.0
4,689,149.97443499047893,401.1238375932361,144.97443499047893,396.1238375932361,154.97443499047893,406.1238375932361,1.0
4,690,149.19814632505802,401.28443051088686,144.19814632505802,396.28443051088686,154.19814632505802,406.28443051088686,1.0
4,691,149.55653967909475,400.93167355494063,144.55653967909475,395.93167355494063,154.55653967909475,405.93167355494063,1.0
4,692,151.3507414170706,400.16878237425465,146.3507414170706,395.16878237425465,156.3507414170706,405.16878237425465,1.0
4,693,151.73563950029876,399.11406697503224,146.73563950029876,394.11406697503224,156.73563950029876,404.11406697503224,1.0
4,694,151.55615283282816,398.76605372951786,146.55615283282816,393.76605372951786,156.55615283282816,403.76605372951786,1.0
4,695,152.78279299797669,397.9884978318492,147.78279299797669,392.9884978318492,157.78279299797669,402.9884978318492,1.0
4,696,152.96190654497343,396.7143230723699,147.96190654497343,391.7143230723699,157.96190654497343,401.7143230723699,1.0
4,697,153.26095242461238,396.4242723510315,148.26095242461238,391.4242723510315,158.26095242461238,401.4242723510315,1.0
4,698,153.52737388405777,395.63582707818665,148.52737388405777,390.63582707818665,158.52737388405777,400.63582707818665,1.0
4,699,153.34822028695316,395.60676823593525,148.34822028695316,390.60676823593525,158.34822028695316,400.60676823593525,1.0
4,700,152.75924319289018,395.5415940083172,147.75924319289018,390.5415940083172,157.75924319289018,400.5415940083172,1.0
4,701,151.96794997868926,395.8580458154252,146.96794997868926,390.8580458154252,156.96794997868926,400.8580458154252,1.0
4,702,151.35838957432657,394.68365751299217,146.35838957432657,389.68365751299217,156.35838957432657,399.68365751299217,1.0
4,703,151.1689515024318,393.39988321782937,146.1689515024318,388.39988321782937,156.1689515024318,398.39988321782937,1.0
4,704,151.2074030170674,392.53236681656404,146.2074030170674,387.53236681656404,156.2074030170674,397.53236681656404,1.0
4,705,150.9609800002421,391.59368324978544,145.9609800002421,386.59368324978544,155.9609800002421,396.59368324978544,1.0
4,706,150.86811424434723,391.0613368762457,145.86811424434723,386.0613368762457,155.86811424434723,396.0613368762457,1.0
4,707,149.12707547335032,391.0858565266165,144.12707547335032,386.0858565266165,154.12707547335032,396.0858565266165,1.0
4,708,148.54206097168304,390.6169749766288,143.54206097168304,385.6169749766288,153.54206097168304,395.6169749766288,1.0
4,709,148.21723373915404,389.2684870973833,143.21723373915404,384.2684870973833,153.21723373915404,394.2684870973833,1.0
4,710,148.7952534826361,387.88065890495255,143.7952534826361,382.88065890495255,153.7952534826361,392.88065890495255,1.0
4,711,147.69029918751647,387.01608302069934,142.69029918751647,382.01608302069934,152.69029918751647,392.01608302069934,1.0
4,712,147.56255251251034,386.2446367103599,142.56255251251034,381.2446367103599,152.56255251251034,391.2446367103599,1.0
4,713,146.96251310638942,385.9800169107898,141.96251310638942,380.9800169107898,151.96251310638942,390.9800169107898,1.0
4,714,146.27296164910325,385.83085976504117,141.27296164910325,380.83085976504117,151.27296164910325,390.83085976504117,1.0
4,715,145.36037533984438,385.0457250124435,140.36037533984438,380.0457250124435,150.36037533984438,390.0457250124435,1.0
4,716,143.93365559188211,384.089702951865,138.93365559188211,379.089702951865,148.93365559188211,389.089702951865,1.0
4,717,142.82606390855142,383.360472601212,137.82606390855142,378.360472601212,147.82606390855142,388.360472601212,1.0
4,718,142.64149205674101,383.2558254089136,137.64149205674101,378.2558254089136,147.64149205674101,388.2558254089136,1.0
4,719,143.05345548006855,382.16879675922416,138.05345548006855,377.16879675922416,148.05345548006855,387.16879675922416,1.0
4,720,144.86601711999177,381.03364285002465,139.86601711999177,376.03364285002465,149.86601711999177,386.03364285002465,1.0
4,721,145.58540009972086,380.48599475240206,140.58540009972086,375.48599475240206,150.58540009972086,385.48599475240206,1.0
4,722,144.5802058541169,379.7262687995955,139.5802058541169,374.7262687995955,149.5802058541169,384.7262687995955,1.0
4,723,142.8004573358939,379.19887887672354,137.8004573358939,374.19887887672354,147.8004573358939,384.19887887672354,1.0
4,724,141.2174490258975,379.13415590946784,136.2174490258975,374.13415590946784,146.2174490258975,384.13415590946784,1.0
4,725,140.0792813432206,379.6763911492779,135.0792813432206,374.6763911492779,145.0792813432206,384.6763911492779,1.0
4,726,139.5993045581756,379.35658626836505,134.5993045581756,374.35658626836505,144.5993045581756,384.35658626836505,1.0
4,727,139.93187194629738,380.14951476009736,134.93187194629738,375.14951476009736,144.93187194629738,385.14951476009736,1.0
4,728,139.97383501210672,379.8012144237865,134.97383501210672,374.8012144237865,144.97383501210672,384.8012144237865,1.0
4,729,138.7507901372129,380.22855965690553,133.7507901372129,375.22855965690553,143.7507901372129,385.22855965690553,1.0
4,730,139.40332887236684,381.1002231735807,134.40332887236684,376.1002231735807,144.40332887236684,386.1002231735807,1.0
4,731,140.12004743346245,380.6598492451666,135.12004743346245,375.6598492451666,145.12004743346245,385.6598492451666,1.0
4,732,141.60565026172856,380.46636934791763,136.60565026172856,375.46636934791763,146.60565026172856,385.46636934791763,1.0
4,733,142.51374809434623,381.6836466840441,137.51374809434623,376.6836466840441,147.51374809434623,386.6836466840441,1.0
4,734,142.49717034627722,381.383317887473,137.49717034627722,376.383317887473,147.49717034627722,386.383317887473,1.0
4,735,142.09050741595644,380.57301440769953,137.09050741595644,375.57301440769953,147.09050741595644,385.57301440769953,1.0
4,736,142.06003427138054,380.2494834851192,137.06003427138054,375.2494834851192,147.06003427138054,385.2494834851192,1.0
4,737,142.65702173734036,380.5966467277115,137.65702173734036,375.5966467277115,147.65702173734036,385.5966467277115,1.0
4,738,142.66728902152545,380.12457204868923,137.66728902152545,375.12457204868923,147.66728902152545,385.12457204868923,1.0
5,0,91.5,372.0,86.5,367.0,96.5,377.0,1.0
5,1,92.9467494893192,371.58301289212176,87.9467494893192,366.58301289212176,97.9467494893192,376.58301289212176,1.0
5,2,94.55285818891743,371.8765580977891,89.55285818891743,366.8765580977891,99.55285818891743,376.8765580977891,1.0
5,3,94.61686048324192,372.41278918585664,89.61686048324192,367.41278918585664,99.61686048324192,377.41278918585664,1.0
5,4,94.28957202302132,372.1617393460505,89.28957202302132,367.1617393460505,99.28957202302132,377.1617393460505,1.0
5,5,93.98214471783652,371.8308493944995,88.98214471783652,366.8308493944995,98.98214471783652,376.8308493944995,1.0
5,6,93.650107317798,371.7318242059876,88.650107317798,366.7318242059876,98.650107317798,376.7318242059876,1.0
5,7,92.94018579332062,371.4892204315293,87.94018579332062,366.4892204315293,97.94018579332062,376.4892204315293,1.0
5,8,91.49965017444217,371.24772687555424,86.49965017444217,366.24772687555424,96.49965017444217,376.24772687555424,1.0
5,9,91.11741803089913,372.0090980572685,86.11741803089913,367.0090980572685,96.11741803089913,377.0090980572685,1.0
5,10,92.19498874759792,371.2853400618342,87.19498874759792,366.2853400618342,97.19498874759792,376.2853400618342,1.0
5,11,93.17369052487429,370.29260359136146,88.17369052487429,365.29260359136146,98.17369052487429,375.29260359136146,1.0
5,12,93.38885183019866,369.1220495108138,88.38885183019866,364.1220495108138,98.38885183019866,374.1220495108138,1.0
5,13,94.12860845078738,369.83485202166486,89.12860845078738,364.83485202166486,99.12860845078738,374.83485202166486,1.0
5,14,94.31261960501305,371.03940497136153,89.31261960501305,366.03940497136153,99.31261960501305,376.03940497136153,1.0
5,15,94.45192492502106,371.66204458417116,89.45192492502106,366.66204458417116,99.45192492502106,376.66204458417116,1.0
5,16,93.45943293215922,372.15128237788554,88.45943293215922,367.15128237788554,98.45943293215922,377.15128237788554,1.0
5,17,92.23271599543408,372.16531499890334,87.23271599543408,367.16531499890334,97.23271599543408,377.16531499890334,1.0
5,18,92.2024952383567,371.89894567823865,87.2024952383567,366.89894567823865,97.2024952383567,376.89894567823865,1.0
5,19,91.69815036068644,371.97653188055693,86.69815036068644,366.97653188055693,96.69815036068644,376.97653188055693,1.0
5,20,91.74728121030876,371.9152315454326,86.74728121030876,366.9152315454326,96.74728121030876,376.9152315454326,1.0
5,21,90.20489092853983,372.416511504434,85.20489092853983,367.416511504434,95.20489092853983,377.416511504434,1.0
5,22,89.58125454296318,372.4515707721222,84.58125454296318,367.4515707721222,94.58125454296318,377.4515707721222,1.0
5,23,89.40300253868651,372.63277209953753,84.40300253868651,367.63277209953753,94.40300253868651,377.63277209953753,1.0
5,24,89.25986740361122,372.5120950873377,84.25986740361122,367.5120950873377,94.25986740361122,377.5120950873377,1.0
5,25,87.73587330900442,372.6735973682144,82.73587330900442,367.6735973682144,92.73587330900442,377.6735973682144,1.0
5,26,86.55465311748814,372.9774780190413,81.55465311748814,367.9774780190413,91.55465311748814,377.9774780190413,1.0
5,27,86.76383221867856,373.3983725910895,81.76383221867856,368.3983725910895,91.76383221867856,378.3983725910895,1.0
5,28,86.62975266156101,374.3001295325251,81.62975266156101,369.3001295325251,91.62975266156101,379.3001295325251,1.0
5,29,85.70786492310386,375.01832471652557,80.70786492310386,370.01832471652557,90.70786492310386,380.01832471652557,1.0
5,30,84.49030604394457,376.1390206725916,79.49030604394457,371.1390206725916,89.49030604394457,381.1390206725916,1.0
5,31,83.86745870805231,376.05829515253646,78.86745870805231,371.05829515253646,88.86745870805231,381.05829515253646,1.0
5,32,83.20445687191813,374.52400193115886,78.20445687191813,369.52400193115886,88.20445687191813,379.52400193115886,1.0
5,33,83.88426093515763,373.6393384131772,78.88426093515763,368.6393384131772,88.88426093515763,378.6393384131772,1.0
5,34,84.14908624522508,373.40684130750077,79.14908624522508,368.40684130750077,89.14908624522508,378.40684130750077,1.0
5,35,83.7958186255099,374.0804168551831,78.7958186255099,369.0804168551831,88.7958186255099,379.0804168551831,1.0
5,36,83.02828751279725,374.42617084647094,78.02828751279725,369.42617084647094,88.02828751279725,379.42617084647094,1.0
5,37,83.05293038432234,373.65335900510235,78.05293038432234,368.65335900510235,88.05293038432234,378.65335900510235,1.0
5,38,84.14287588468086,373.5162090263191,79.14287588468086,368.5162090263191,89.14287588468086,378.5162090263191,1.0
5,39,84.12539715737368,373.56116064693373,79.12539715737368,368.56116064693373,89.12539715737368,378.56116064693373,1.0
5,40,84.35375790226598,373.4327607935834,79.35375790226598,368.4327607935834,89.35375790226598,378.4327607935834,1.0
5,41,83.96313549467496,373.4760402135991,78.96313549467496,368.4760402135991,88.96313549467496,378.4760402135991,1.0
5,42,82.85754217949271,373.9182958124209,77.85754217949271,368.9182958124209,87.85754217949271,378.9182958124209,1.0
5,43,81.5915272552031,373.7943762053198,76.5915272552031,368.7943762053198,86.5915272552031,378.7943762053198,1.0
5,44,80.96416648348641,372.7977266459613,75.96416648348641,367.7977266459613,85.96416648348641,377.7977266459613,1.0
5,45,80.19721513231897,371.3103171697246,75.19721513231897,366.3103171697246,85.19721513231897,376.3103171697246,1.0
5,46,79.99921880303971,370.54942947150323,74.99921880303971,365.54942947150323,84.99921880303971,375.54942947150323,1.0
5,47,80.07681122073035,369.6976903312818,75.07681122073035,364.6976903312818,85.07681122073035,374.6976903312818,1.0
5,48,79.36238808167448,369.2697019543912,74.36238808167448,364.2697019543912,84.36238808167448,374.2697019543912,1.0
5,49,78.15924568019696,369.61896104115425,73.15924568019696,364.61896104115425,83.15924568019696,374.61896104115425,1.0
5,50,76.58429528076874,369.80646377483794,71.58429528076874,364.80646377483794,81.58429528076874,374.80646377483794,1.0
5,51,75.25849526080478,370.1500510195252,70.25849526080478,365.1500510195252,80.25849526080478,375.1500510195252,1.0
5,52,74.77249309672794,370.10405202844834,69.77249309672794,365.10405202844834,79.77249309672794,375.10405202844834,1.0
5,53,74.62475284736344,370.37877821509704,69.62475284736344,365.37877821509704,79.62475284736344,375.37877821509704,1.0
5,54,74.52302262969735,370.17863556462527,69.52302262969735,365.17863556462527,79.52302262969735,375.17863556462527,1.0
5,55,75.24282885201336,370.69348599739516,70.24282885201336,365.69348599739516,80.24282885201336,375.69348599739516,1.0
5,56,75.35048115896838,371.22014656069695,70.35048115896838,366.22014656069695,80.35048115896838,376.22014656069695,1.0
5,57,75.56593366295044,371.71584291950944,70.56593366295044,366.71584291950944,80.56593366295044,376.71584291950944,1.0
5,58,76.23231279014931,371.8979618163661,71.23231279014931,366.8979618163661,81.23231279014931,376.8979618163661,1.0
5,59,76.8347626728126,372.3548820631759,71.8347626728126,367.3548820631759,81.8347626728126,377.3548820631759,1.0
5,60,76.96003954227695,373.29488962062834,71.96003954227695,368.29488962062834,81.96003954227695,378.29488962062834,1.0
5,61,76.63223303058132,373.7628300444156,71.63223303058132,368.7628300444156,81.63223303058132,378.7628300444156,1.0
5,62,76.80954046156523,373.9593097726284,71.80954046156523,368.9593097726284,81.80954046156523,378.9593097726284,1.0
5,63,76.63807369872677,373.1337235574845,71.63807369872677,368.1337235574845,81.63807369872677,378.1337235574845,1.0
5,64,77.41045858813396,373.87469928154337,72.41045858813396,368.87469928154337,82.41045858813396,378.87469928154337,1.0
5,65,77.54613253713424,373.84969398071536,72.54613253713424,368.84969398071536,82.54613253713424,378.84969398071536,1.0
5,66,77.83298731194303,373.43804408535703,72.83298731194303,368.43804408535703,82.83298731194303,378.43804408535703,1.0
5,67,76.89829006252452,374.25485931185744,71.89829006252452,369.25485931185744,81.89829006252452,379.25485931185744,1.0
5,68,76.19446412679103,373.8745714632308,71.19446412679103,368.8745714632308,81.19446412679103,378.8745714632308,1.0
5,69,74.7943390381102,373.2364785843989,69.7943390381102,368.2364785843989,79.7943390381102,378.2364785843989,1.0
5,70,74.09657213111018,373.5948786550304,69.09657213111018,368.5948786550304,79.09657213111018,378.5948786550304,1.0
5,71,74.13995898652945,374.4541473515158,69.13995898652945,369.4541473515158,79.13995898652945,379.4541473515158,1.0
5,72,75.06288623690158,374.81907561347504,70.06288623690158,369.81907561347504,80.06288623690158,379.81907561347504,1.0
5,73,75.01173110419704,374.5980530903041,70.01173110419704,369.5980530903041,80.01173110419704,379.5980530903041,1.0
5,74,75.54643553643442,375.0370496321519,70.54643553643442,370.0370496321519,80.54643553643442,380.0370496321519,1.0
5,75,76.29022162506827,375.03612385250057,71.29022162506827,370.03612385250057,81.29022162506827,380.03612385250057,1.0
5,76,76.0158554160659,375.15696947631864,71.0158554160659,370.15696947631864,81.0158554160659,380.15696947631864,1.0
5,77,76.82995082360867,375.2815829378014,71.82995082360867,370.2815829378014,81.82995082360867,380.2815829378014,1.0
5,78,76.80438449851204,374.93294100225876,71.80438449851204,369.93294100225876,81.80438449851204,379.93294100225876,1.0
5,79,76.61155425199125,374.7138859483035,71.61155425199125,369.7138859483035,81.61155425199125,379.7138859483035,1.0
5,80,76.32914254980456,374.35682765128536,71.32914254980456,369.35682765128536,81.32914254980456,379.35682765128536,1.0
5,81,76.05979781804305,375.0692274069772,71.05979781804305,370.0692274069772,81.05979781804305,380.0692274069772,1.0
5,82,75.39045693394385,374.5277193604321,70.39045693394385,369.5277193604321,80.39045693394385,379.5277193604321,1.0
5,83,76.08467941385716,373.64802078826204,71.08467941385716,368.64802078826204,81.08467941385716,378.64802078826204,1.0
5,84,77.65726652252923,373.2636953680731,72.65726652252923,368.2636953680731,82.65726652252923,378.2636953680731,1.0
5,85,78.06260455707456,373.3400074318542,73.06260455707456,368.3400074318542,83.06260455707456,378.3400074318542,1.0
5,86,77.83571834800436,373.31366689986294,72.83571834800436,368.31366689986294,82.83571834800436,378.31366689986294,1.0
5,87,77.48945031190141,372.64896197781627,72.48945031190141,367.64896197781627,82.48945031190141,377.64896197781627,1.0
5,88,77.25253391828055,372.39332569627294,72.25253391828055,367.39332569627294,82.25253391828055,377.39332569627294,1.0
5,89,77.30156095523108,372.8238999461283,72.30156095523108,367.8238999461283,82.30156095523108,377.8238999461283,1.0
5,90,76.8716074615129,371.88649929338277,71.8716074615129,366.88649929338277,81.8716074615129,376.88649929338277,1.0
5,91,76.23841109507241,371.1895619444399,71.23841109507241,366.1895619444399,81.23841109507241,376.1895619444399,1.0
5,92,76.06410795661908,370.8074605016497,71.06410795661908,365.8074605016497,81.06410795661908,375.8074605016497,1.0
5,93,76.23009140699453,369.819523639112,71.23009140699453,364.819523639112,81.23009140699453,374.819523639112,1.0
5,94,76.45777750805264,369.51142035208915,71.45777750805264,364.51142035208915,81.45777750805264,374.51142035208915,1.0
5,95,75.90503340470158,368.51253836414577,70.90503340470158,363.51253836414577,80.90503340470158,373.51253836414577,1.0
5,96,75.77694639618781,368.2780676295424,70.77694639618781,363.2780676295424,80.77694639618781,373.2780676295424,1.0
5,97,75.42406254013834,368.2910578868002,70.42406254013834,363.2910578868002,80.42406254013834,373.2910578868002,1.0
5,98,75.4026756059699,368.7734699288799,70.4026756059699,363.7734699288799,80.4026756059699,373.7734699288799,1.0
5,99,75.66286823054469,369.50524567756634,70.66286823054469,364.50524567756634,80.66286823054469,374.50524567756634,1.0
5,100,75.28797689739335,369.4191649379748,70.28797689739335,364.4191649379748,80.28797689739335,374.4191649379748,1.0
5,101,74.65925010685831,368.72997070754667,69.65925010685831,363.72997070754667,79.65925010685831,373.72997070754667,1.0
5,102,73.60031154742735,368.6875922866063,68.60031154742735,363.6875922866063,78.60031154742735,373.6875922866063,1.0
5,103,72.90236381912824,368.57911837306824,67.90236381912824,363.57911837306824,77.90236381912824,373.57911837306824,1.0
5,104,70.82584373225896,368.2138200436919,65.82584373225896,363.2138200436919,75.82584373225896,373.2138200436919,1.0
5,105,69.76657612177844,367.76022539106424,64.76657612177844,362.76022539106424,74.76657612177844,372.76022539106424,1.0
5,106,68.55212581768438,367.8692518762092,63.552125817684384,362.8692518762092,73.55212581768438,372.8692518762092,1.0
5,107,67.70845976924875,368.35740160366504,62.70845976924875,363.35740160366504,72.70845976924875,373.35740160366504,1.0
5,108,67.74598456637753,368.7440009071059,62.74598456637753,363.7440009071059,72.74598456637753,373.7440009071059,1.0
5,109,68.58243883774614,369.35774705198776,63.58243883774614,364.35774705198776,73.58243883774614,374.35774705198776,1.0
5,110,68.77764769644993,370.9546902969406,63.77764769644993,365.9546902969406,73.77764769644993,375.9546902969406,1.0
5,111,69.38393936555731,371.3572466774849,64.38393936555731,366.3572466774849,74.38393936555731,376.3572466774849,1.0
5,112,70.15101524888647,371.9402420344764,65.15101524888647,366.9402420344764,75.15101524888647,376.9402420344764,1.0
5,113,69.93197474010319,372.82051678985647,64.93197474010319,367.82051678985647,74.93197474010319,377.82051678985647,1.0
5,114,69.2186766021658,373.61216409078173,64.2186766021658,368.61216409078173,74.2186766021658,378.61216409078173,1.0
5,115,68.88380295000708,373.414051474375,63.88380295000708,368.414051474375,73.88380295000708,378.414051474375,1.0
5,116,69.8036542440426,374.245290013555,64.8036542440426,369.245290013555,74.8036542440426,379.245290013555,1.0
5,117,69.99306888266419,375.2048577376057,64.99306888266419,370.2048577376057,74.99306888266419,380.2048577376057,1.0
5,118,69.60137157808661,375.66064077771244,64.60137157808661,370.66064077771244,74.60137157808661,380.66064077771244,1.0
5,119,68.00096887517758,375.45300076733923,63.00096887517758,370.45300076733923,73.00096887517758,380.45300076733923,1.0
5,120,66.41393268780202,374.7554275179423,61.41393268780202,369.7554275179423,71.41393268780202,379.7554275179423,1.0
5,121,65.78775778199159,374.6204610425222,60.78775778199159,369.6204610425222,70.78775778199159,379.6204610425222,1.0
5,122,65.21396394724721,374.0509457463886,60.21396394724721,369.0509457463886,70.21396394724721,379.0509457463886,1.0
5,123,64.5643566345969,374.4632607280793,59.564356634596905,369.4632607280793,69.5643566345969,379.4632607280793,1.0
5,124,64.21951079239503,373.99651130247014,59.21951079239503,368.99651130247014,69.21951079239503,378.99651130247014,1.0
5,125,63.61257907640372,373.0696852529341,58.61257907640372,368.0696852529341,68.61257907640372,378.0696852529341,1.0
5,126,63.591040405533406,372.7812334713015,58.591040405533406,367.7812334713015,68.5910404055334,377.7812334713015,1.0
5,127,65.07849474529552,372.37449550621625,60.078494745295515,367.37449550621625,70.07849474529552,377.37449550621625,1.0
5,128,66.27432225806267,372.81036824681314,61.27432225806267,367.81036824681314,71.27432225806267,377.81036824681314,1.0
5,129,68.0610819967863,373.7410145649731,63.0610819967863,368.7410145649731,73.0610819967863,378.7410145649731,1.0
5,130,70.00769011119321,374.51945465845347,65.00769011119321,369.51945465845347,75.00769011119321,379.51945465845347,1.0
5,131,70.0810380938037,373.7773595022496,65.0810380938037,368.7773595022496,75.0810380938037,378.7773595022496,1.0
5,132,70.55365970568738,373.5093398192064,65.55365970568738,368.5093398192064,75.55365970568738,378.5093398192064,1.0
5,133,69.94353598411244,374.5335811082945,64.94353598411244,369.5335811082945,74.94353598411244,379.5335811082945,1.0
5,134,69.47748117069072,375.39626354652495,64.47748117069072,370.39626354652495,74.47748117069072,380.39626354652495,1.0
5,135,68.69627028104323,376.8819137328987,63.696270281043226,371.8819137328987,73.69627028104323,381.8819137328987,1.0
5,136,68.7084525569551,378.0325532500197,63.708452556955095,373.0325532500197,73.7084525569551,383.0325532500197,1.0
5,137,69.2108489018991,378.23648683957754,64.2108489018991,373.23648683957754,74.2108489018991,383.23648683957754,1.0
5,138,69.65795047660768,378.3619656889185,64.65795047660768,373.3619656889185,74.65795047660768,383.3619656889185,1.0
5,139,70.28146043886167,378.2587861811406,65.28146043886167,373.2587861811406,75.28146043886167,383.2587861811406,1.0
5,140,71.55523242681197,377.78016672158685,66.55523242681197,372.78016672158685,76.55523242681197,382.78016672158685,1.0
5,141,71.43145198396674,377.7309029335919,66.43145198396674,372.7309029335919,76.43145198396674,382.7309029335919,1.0
5,142,71.68820311894314,377.8199380364685,66.68820311894314,372.8199380364685,76.68820311894314,382.8199380364685,1.0
5,143,71.15994330471965,378.0923253821852,66.15994330471965,373.0923253821852,76.15994330471965,383.0923253821852,1.0
5,144,70.30083277530262,378.87143637581187,65.30083277530262,373.87143637581187,75.30083277530262,383.87143637581187,1.0
5,145,69.96422469540602,378.0377108244959,64.96422469540602,373.0377108244959,74.96422469540602,383.0377108244959,1.0
5,146,69.87263813290478,377.6352241664717,64.87263813290478,372.6352241664717,74.87263813290478,382.6352241664717,1.0
5,147,68.70238602901983,376.52807223501804,63.702386029019834,371.52807223501804,73.70238602901983,381.52807223501804,1.0
5,148,69.47305247734583,375.8605076701814,64.47305247734583,370.8605076701814,74.47305247734583,380.8605076701814,1.0
5,149,70.62245849215358,374.8214288617262,65.62245849215358,369.8214288617262,75.62245849215358,379.8214288617262,1.0
5,150,71.03674092167128,373.6987186577547,66.03674092167128,368.6987186577547,76.03674092167128,378.6987186577547,1.0
5,151,71.14899558673929,373.59847316945405,66.14899558673929,368.59847316945405,76.14899558673929,378.59847316945405,1.0
5,152,72.08072146325266,372.6527418217982,67.08072146325266,367.6527418217982,77.08072146325266,377.6527418217982,1.0
5,153,72.86273291254918,371.90120839837385,67.86273291254918,366.90120839837385,77.86273291254918,376.90120839837385,1.0
5,154,73.87760609133389,372.0114386773383,68.87760609133389,367.0114386773383,78.87760609133389,377.0114386773383,1.0
5,155,74.52601477871274,373.1385287151195,69.52601477871274,368.1385287151195,79.52601477871274,378.1385287151195,1.0
5,156,73.7974668561998,375.2088504207375,68.7974668561998,370.2088504207375,78.7974668561998,380.2088504207375,1.0
5,157,72.63432877669479,376.387414219985,67.63432877669479,371.387414219985,77.63432877669479,381.387414219985,1.0
5,158,71.17878556706066,377.70423758411795,66.17878556706066,372.70423758411795,76.17878556706066,382.70423758411795,1.0
5,159,69.86123247173813,378.09406460327295,64.86123247173813,373.09406460327295,74.86123247173813,383.09406460327295,1.0
5,160,70.10216608531981,379.1863656478538,65.10216608531981,374.1863656478538,75.10216608531981,384.1863656478538,1.0
5,161,71.0524218078425,379.5515340956132,66.0524218078425,374.5515340956132,76.0524218078425,384.5515340956132,1.0
5,162,71.70058827218357,378.8681319822333,66.70058827218357,373.8681319822333,76.70058827218357,383.8681319822333,1.0
5,163,71.50999068083412,378.5948531268668,66.50999068083412,373.5948531268668,76.50999068083412,383.5948531268668,1.0
5,164,71.2984645356602,378.5362663306081,66.2984645356602,373.5362663306081,76.2984645356602,383.5362663306081,1.0
5,165,71.98204210727565,379.36103964759906,66.98204210727565,374.36103964759906,76.98204210727565,384.36103964759906,1.0
5,166,71.98884725905123,379.5229372399833,66.98884725905123,374.5229372399833,76.98884725905123,384.5229372399833,1.0
5,167,71.69184721564508,380.3964117409704,66.69184721564508,375.3964117409704,76.69184721564508,385.3964117409704,1.0
5,168,72.93807278195251,380.9194716463808,67.93807278195251,375.9194716463808,77.93807278195251,385.9194716463808,1.0
5,169,73.81012704539057,381.2927044090388,68.81012704539057,376.2927044090388,78.81012704539057,386.2927044090388,1.0
5,170,72.89709587722481,382.72758714853194,67.89709587722481,377.72758714853194,77.89709587722481,387.72758714853194,1.0
5,171,72.26476237648109,383.7926820988071,67.26476237648109,378.7926820988071,77.26476237648109,388.7926820988071,1.0
5,172,71.36827480510503,384.644791724711,66.36827480510503,379.644791724711,76.36827480510503,389.644791724711,1.0
5,173,70.2418792607066,386.2015399493891,65.2418792607066,381.2015399493891,75.2418792607066,391.2015399493891,1.0
5,174,69.68169892728619,387.28400519009267,64.68169892728619,382.28400519009267,74.68169892728619,392.28400519009267,1.0
5,175,69.70190411327694,387.97798213210325,64.70190411327694,382.97798213210325,74.70190411327694,392.97798213210325,1.0
5,176,69.79913296698876,389.5968921606532,64.79913296698876,384.5968921606532,74.79913296698876,394.5968921606532,1.0
5,177,69.6829753669042,390.56504555381287,64.6829753669042,385.56504555381287,74.6829753669042,395.56504555381287,1.0
5,178,68.74289521241118,390.9761292404531,63.742895212411185,385.9761292404531,73.74289521241118,395.9761292404531,1.0
5,179,68.61183546847124,392.05223618142816,63.61183546847124,387.05223618142816,73.61183546847124,397.05223618142816,1.0
5,180,68.09587838937574,392.27628881798734,63.09587838937574,387.27628881798734,73.09587838937574,397.27628881798734,1.0
5,181,67.60158363177892,391.33468034031796,62.60158363177892,386.33468034031796,72.60158363177892,396.33468034031796,1.0
5,182,67.53362293838428,391.1091456604185,62.53362293838428,386.1091456604185,72.53362293838428,396.1091456604185,1.0
5,183,68.62580645785638,390.5544891184362,63.625806457856385,385.5544891184362,73.62580645785638,395.5544891184362,1.0
5,184,69.19296359165543,389.8274384999629,64.19296359165543,384.8274384999629,74.19296359165543,394.8274384999629,1.0
5,185,69.06753679383398,388.0307727878995,64.06753679383398,383.0307727878995,74.06753679383398,393.0307727878995,1.0
5,186,70.01731216238724,386.4746376525734,65.01731216238724,381.4746376525734,75.01731216238724,391.4746376525734,1.0
5,187,71.06629856697994,385.84680944828165,66.06629856697994,380.84680944828165,76.06629856697994,390.84680944828165,1.0
5,188,71.85689423462156,385.55124771066164,66.85689423462156,380.55124771066164,76.85689423462156,390.55124771066164,1.0
5,189,73.3922385509106,385.9694079409598,68.3922385509106,380.9694079409598,78.3922385509106,390.9694079409598,1.0
5,190,73.60968231680148,386.2414578837207,68.60968231680148,381.2414578837207,78.60968231680148,391.2414578837207,1.0
5,191,72.9095868704215,386.74931367116795,67.9095868704215,381.74931367116795,77.9095868704215,391.74931367116795,1.0
5,192,71.97833849372756,387.25023045424547,66.97833849372756,382.25023045424547,76.97833849372756,392.25023045424547,1.0
5,193,71.69554892556366,386.200740417729,66.69554892556366,381.200740417729,76.69554892556366,391.200740417729,1.0
5,194,72.3015322056799,385.57239159555417,67.3015322056799,380.57239159555417,77.3015322056799,390.57239159555417,1.0
5,195,71.98886560927264,385.2165153098837,66.98886560927264,380.2165153098837,76.98886560927264,390.2165153098837,1.0
5,196,71.84157649390247,384.8453355524281,66.84157649390247,379.8453355524281,76.84157649390247,389.8453355524281,1.0
5,197,72.08392799206472,384.5408652138047,67.08392799206472,379.5408652138047,77.08392799206472,389.5408652138047,1.0
5,198,72.23442629865866,384.74823037097065,67.23442629865866,379.74823037097065,77.23442629865866,389.74823037097065,1.0
5,199,72.38933015384919,384.25058700739066,67.38933015384919,379.25058700739066,77.38933015384919,389.25058700739066,1.0
5,200,71.79576343512241,384.4757580906388,66.79576343512241,379.4757580906388,76.79576343512241,389.4757580906388,1.0
5,201,71.84634367318291,384.8721219372884,66.84634367318291,379.8721219372884,76.84634367318291,389.8721219372884,1.0
5,202,71.08087749028152,383.91069976536215,66.08087749028152,378.91069976536215,76.08087749028152,388.91069976536215,1.0
5,203,70.89901772408138,383.3288211983989,65.89901772408138,378.3288211983989,75.89901772408138,388.3288211983989,1.0
5,204,70.90437966225666,383.2766837267285,65.90437966225666,378.2766837267285,75.90437966225666,388.2766837267285,1.0
5,205,70.79238114294344,381.874709645963,65.79238114294344,376.874709645963,75.79238114294344,386.874709645963,1.0
5,206,70.53919298500298,381.24774476421857,65.53919298500298,376.24774476421857,75.53919298500298,386.24774476421857,1.0
5,207,69.63944878591171,381.8982028029779,64.63944878591171,376.8982028029779,74.63944878591171,386.8982028029779,1.0
5,208,69.7185350266478,383.1093361785974,64.7185350266478,378.1093361785974,74.7185350266478,388.1093361785974,1.0
5,209,69.20865140167274,383.8043109516621,64.20865140167274,378.8043109516621,74.20865140167274,388.8043109516621,1.0
5,210,68.88906093450834,384.73502995318137,63.889060934508336,379.73502995318137,73.88906093450834,389.73502995318137,1.0
5,211,68.6252870268655,385.1962042311431,63.62528702686549,380.1962042311431,73.6252870268655,390.1962042311431,1.0
5,212,67.96562200876622,386.04972126403607,62.96562200876622,381.04972126403607,72.96562200876622,391.04972126403607,1.0
5,213,67.1157695792922,385.69477248758335,62.115769579292206,380.69477248758335,72.1157695792922,390.69477248758335,1.0
5,214,65.96846106133927,386.3199271168519,60.96846106133927,381.3199271168519,70.96846106133927,391.3199271168519,1.0
5,215,65.12766639290885,385.66706523228265,60.12766639290885,380.66706523228265,70.12766639290885,390.66706523228265,1.0
5,216,64.73229067134281,385.2404688685889,59.73229067134281,380.2404688685889,69.73229067134281,390.2404688685889,1.0
5,217,64.59908450252847,384.91974433126023,59.59908450252847,379.91974433126023,69.59908450252847,389.91974433126023,1.0
5,218,64.10023104364456,384.31345777364805,59.100231043644555,379.31345777364805,69.10023104364456,389.31345777364805,1.0
5,219,64.53424263824604,384.30342185020976,59.53424263824604,379.30342185020976,69.53424263824604,389.30342185020976,1.0
5,220,64.2407913622371,385.13932110831456,59.240791362237104,380.13932110831456,69.2407913622371,390.13932110831456,1.0
5,221,63.21970110181511,386.6276825921716,58.21970110181511,381.6276825921716,68.2197011018151,391.6276825921716,1.0
5,222,63.0917953111568,388.9487157755039,58.0917953111568,383.9487157755039,68.0917953111568,393.9487157755039,1.0
5,223,63.37148976533881,389.3169652837638,58.37148976533881,384.3169652837638,68.37148976533881,394.3169652837638,1.0
5,224,62.523790347489935,388.7378827944953,57.523790347489935,383.7378827944953,67.52379034748994,393.7378827944953,1.0
5,225,61.99142806692259,388.33283048912165,56.99142806692259,383.33283048912165,66.9914280669226,393.33283048912165,1.0
5,226,61.35496653027195,387.6671489406112,56.35496653027195,382.6671489406112,66.35496653027195,392.6671489406112,1.0
5,227,61.468437332290165,389.0212958074774,56.468437332290165,384.0212958074774,66.46843733229016,394.0212958074774,1.0
5,228,62.09199639436776,389.443161966176,57.09199639436776,384.443161966176,67.09199639436775,394.443161966176,1.0
5,229,62.14090666008852,389.0737812640633,57.14090666008852,384.0737812640633,67.14090666008852,394.0737812640633,1.0
5,230,62.33010180054086,388.79755597624114,57.33010180054086,383.79755597624114,67.33010180054086,393.79755597624114,1.0
5,231,62.68670494016176,388.9954336218532,57.68670494016176,383.9954336218532,67.68670494016176,393.9954336218532,1.0
5,232,63.59569943570328,388.9740594227037,58.59569943570328,383.9740594227037,68.59569943570328,393.9740594227037,1.0
5,233,63.28075077415312,389.6534577555537,58.28075077415312,384.6534577555537,68.28075077415312,394.6534577555537,1.0
5,234,63.59454004704806,389.8560480190273,58.59454004704806,384.8560480190273,68.59454004704807,394.8560480190273,1.0
5,235,63.51913541820273,389.66578019669305,58.51913541820273,384.66578019669305,68.51913541820272,394.66578019669305,1.0
5,236,64.37809137526317,389.5512168619791,59.37809137526317,384.5512168619791,69.37809137526317,394.5512168619791,1.0
5,237,65.04474985156064,390.11494337493764,60.04474985156064,385.11494337493764,70.04474985156064,395.11494337493764,1.0
5,238,65.61663664371991,391.7290097257743,60.616636643719914,386.7290097257743,70.61663664371991,396.7290097257743,1.0
5,239,67.36291430598817,392.63640439644894,62.36291430598817,387.63640439644894,72.36291430598817,397.63640439644894,1.0
5,240,68.35048341482556,393.0396190002274,63.35048341482556,388.0396190002274,73.35048341482556,398.0396190002274,1.0
5,241,68.81892291262233,393.3372165915665,63.81892291262233,388.3372165915665,73.81892291262233,398.3372165915665,1.0
5,242,67.67780446836633,394.120698231262,62.67780446836633,389.120698231262,72.67780446836633,399.120698231262,1.0
5,243,66.47410509129986,394.8783810844671,61.47410509129986,389.8783810844671,71.47410509129986,399.8783810844671,1.0
5,244,64.87557012889718,396.1842641096746,59.87557012889718,391.1842641096746,69.87557012889718,401.1842641096746,1.0
5,245,64.12612474429027,397.8537086125434,59.126124744290266,392.8537086125434,69.12612474429027,402.8537086125434,1.0
5,246,62.99818340093796,398.196707764541,57.99818340093796,393.196707764541,67.99818340093796,403.196707764541,1.0
5,247,62.80458515461241,398.1925504502915,57.80458515461241,393.1925504502915,67.80458515461241,403.1925504502915,1.0
5,248,62.27071197816295,398.82454495002816,57.27071197816295,393.82454495002816,67.27071197816295,403.82454495002816,1.0
5,249,61.603548973268786,399.35665324359815,56.603548973268786,394.35665324359815,66.60354897326879,404.35665324359815,1.0
5,250,61.720480804855185,399.514402872639,56.720480804855185,394.514402872639,66.72048080485519,404.514402872639,1.0
5,251,61.60602510165728,399.69340623435164,56.60602510165728,394.69340623435164,66.60602510165728,404.69340623435164,1.0
5,252,61.78669328459216,399.26710473704,56.78669328459216,394.26710473704,66.78669328459216,404.26710473704,1.0
5,253,60.971979198634884,398.7631717708652,55.971979198634884,393.7631717708652,65.97197919863488,403.7631717708652,1.0
5,254,59.87220014688424,399.2468775104267,54.87220014688424,394.2468775104267,64.87220014688424,404.2468775104267,1.0
5,255,59.18412970341424,398.59791522120645,54.18412970341424,393.59791522120645,64.18412970341424,403.59791522120645,1.0
5,256,58.664321619290064,398.22143397682146,53.664321619290064,393.22143397682146,63.664321619290064,403.22143397682146,1.0
5,257,58.68245051656206,398.0949136588815,53.68245051656206,393.0949136588815,63.68245051656206,403.0949136588815,1.0
5,258,59.256997314341575,398.52653118855983,54.256997314341575,393.52653118855983,64.25699731434158,403.52653118855983,1.0
5,259,59.70182840949571,399.39835760848456,54.70182840949571,394.39835760848456,64.7018284094957,404.39835760848456,1.0
5,260,60.134971525021086,400.0539730793703,55.134971525021086,395.0539730793703,65.13497152502109,405.0539730793703,1.0
5,261,60.44571058627219,401.38152793868034,55.44571058627219,396.38152793868034,65.44571058627218,406.38152793868034,1.0
5,262,59.99287473348037,401.92259245378125,54.99287473348037,396.92259245378125,64.99287473348036,406.92259245378125,1.0
5,263,60.92957960776317,402.02800178764085,55.92957960776317,397.02800178764085,65.92957960776317,407.02800178764085,1.0
5,264,60.68112688378071,401.8254810617488,55.68112688378071,396.8254810617488,65.6811268837807,406.8254810617488,1.0
5,265,59.26434634350217,402.2978036036914,54.26434634350217,397.2978036036914,64.26434634350217,407.2978036036914,1.0
5,266,58.312884107542544,402.9304344275194,53.312884107542544,397.9304344275194,63.312884107542544,407.9304344275194,1.0
5,267,58.47747822567534,402.5011175747982,53.47747822567534,397.5011175747982,63.47747822567534,407.5011175747982,1.0
5,268,57.09096738657805,401.91455812963136,52.09096738657805,396.91455812963136,62.09096738657805,406.91455812963136,1.0
5,269,56.13256590857953,402.3139456681061,51.13256590857953,397.3139456681061,61.13256590857953,407.3139456681061,1.0
5,270,54.697392862143275,402.9326853033326,49.697392862143275,397.9326853033326,59.697392862143275,407.9326853033326,1.0
5,271,54.194142201590836,402.93438341468277,49.194142201590836,397.93438341468277,59.194142201590836,407.93438341468277,1.0
5,272,53.61959208807008,403.57274713848227,48.61959208807008,398.57274713848227,58.61959208807008,408.57274713848227,1.0
5,273,53.57270419138792,403.93621528813236,48.57270419138792,398.93621528813236,58.57270419138792,408.93621528813236,1.0
5,274,54.727323845378905,404.3635761472764,49.727323845378905,399.3635761472764,59.727323845378905,409.3635761472764,1.0
5,275,55.72934768331218,405.1989360199848,50.72934768331218,400.1989360199848,60.72934768331218,410.1989360199848,1.0
5,276,57.56108966500078,405.6442474374724,52.56108966500078,400.6442474374724,62.56108966500078,410.6442474374724,1.0
5,277,59.21866313477924,406.295133291434,54.21866313477924,401.295133291434,64.21866313477923,411.295133291434,1.0
5,278,59.885857764455295,407.8111780831785,54.885857764455295,402.8111780831785,64.8858577644553,412.8111780831785,1.0
5,279,59.46554676446743,408.40935449986836,54.46554676446743,403.40935449986836,64.46554676446743,413.40935449986836,1.0
5,280,60.14567651561721,409.03308038759474,55.14567651561721,404.03308038759474,65.14567651561721,414.03308038759474,1.0
5,281,60.2606313688231,409.28493537923737,55.2606313688231,404.28493537923737,65.2606313688231,414.28493537923737,1.0
5,282,62.33586025998213,408.9359609472576,57.33586025998213,403.9359609472576,67.33586025998213,413.9359609472576,1.0
5,283,62.79178623397025,408.98658666412666,57.79178623397025,403.98658666412666,67.79178623397024,413.98658666412666,1.0
5,284,63.70920598124881,409.524291415101,58.70920598124881,404.524291415101,68.7092059812488,414.524291415101,1.0
5,285,65.10402679567176,409.5712869661161,60.10402679567176,404.5712869661161,70.10402679567176,414.5712869661161,1.0
5,286,65.08170741072065,409.59393861146907,60.081707410720654,404.59393861146907,70.08170741072065,414.59393861146907,1.0
5,287,64.0599302852453,410.2274390774782,59.0599302852453,405.2274390774782,69.0599302852453,415.2274390774782,1.0
5,288,63.52607867236759,410.4412844606961,58.52607867236759,405.4412844606961,68.52607867236759,415.4412844606961,1.0
5,289,63.64967750666582,409.81172022357964,58.64967750666582,404.81172022357964,68.64967750666582,414.81172022357964,1.0
5,290,63.09772689011478,409.80570030796173,58.09772689011478,404.80570030796173,68.09772689011479,414.80570030796173,1.0
5,291,62.71779001245833,409.3100526703762,57.71779001245833,404.3100526703762,67.71779001245832,414.3100526703762,1.0
5,292,62.75157451880095,409.6321342414757,57.75157451880095,404.6321342414757,67.75157451880095,414.6321342414757,1.0
5,293,62.343265520133755,410.2079923336803,57.343265520133755,405.2079923336803,67.34326552013376,415.2079923336803,1.0
5,294,62.53762007219629,409.70692031169517,57.53762007219629,404.70692031169517,67.53762007219629,414.70692031169517,1.0
5,295,63.40342427326188,409.32306887493024,58.40342427326188,404.32306887493024,68.40342427326188,414.32306887493024,1.0
5,296,64.8378475365965,409.182944068575,59.8378475365965,404.182944068575,69.8378475365965,414.182944068575,1.0
5,297,66.09016028456723,409.6093443103448,61.09016028456723,404.6093443103448,71.09016028456723,414.6093443103448,1.0
5,298,67.99506302815318,410.1661192254578,62.99506302815318,405.1661192254578,72.99506302815318,415.1661192254578,1.0
5,299,68.7761132590903,411.4204414394773,63.776113259090295,406.4204414394773,73.7761132590903,416.4204414394773,1.0
5,300,68.4485707744926,411.73041838175993,63.448570774492595,406.73041838175993,73.4485707744926,416.73041838175993,1.0
5,301,68.70233881910724,412.0686113900387,63.70233881910724,407.0686113900387,73.70233881910724,417.0686113900387,1.0
5,302,69.4226126316269,411.87127974803695,64.4226126316269,406.87127974803695,74.4226126316269,416.87127974803695,1.0
5,303,70.05766632119364,410.5233475021564,65.05766632119364,405.5233475021564,75.05766632119364,415.5233475021564,1.0
5,304,69.27676929362941,409.216202426486,64.27676929362941,404.216202426486,74.27676929362941,414.216202426486,1.0
5,305,69.39297018377121,409.3252867848974,64.39297018377121,404.3252867848974,74.39297018377121,414.3252867848974,1.0
5,306,70.53442965709179,409.21355008453804,65.53442965709179,404.21355008453804,75.53442965709179,414.21355008453804,1.0
5,307,71.97574253912227,409.2545177808102,66.97574253912227,404.2545177808102,76.97574253912227,414.2545177808102,1.0
5,308,72.50735593756217,409.52274169880224,67.50735593756217,404.52274169880224,77.50735593756217,414.52274169880224,1.0
5,309,72.9590635490848,409.75265067844185,67.9590635490848,404.75265067844185,77.9590635490848,414.75265067844185,1.0
5,310,72.75203190236111,409.76831761728226,67.75203190236111,404.76831761728226,77.75203190236111,414.76831761728226,1.0
5,311,72.52791948341265,410.13560389713035,67.52791948341265,405.13560389713035,77.52791948341265,415.13560389713035,1.0
5,312,72.38268342057498,409.581306351424,67.38268342057498,404.581306351424,77.38268342057498,414.581306351424,1.0
5,313,72.5712082601486,409.7050399127098,67.5712082601486,404.7050399127098,77.5712082601486,414.7050399127098,1.0
5,314,73.22687520237336,409.06903856627287,68.22687520237336,404.06903856627287,78.22687520237336,414.06903856627287,1.0
5,315,73.77290565009456,408.78160062958995,68.77290565009456,403.78160062958995,78.77290565009456,413.78160062958995,1.0
5,316,74.05174219990101,408.3836165918642,69.05174219990101,403.3836165918642,79.05174219990101,413.3836165918642,1.0
5,317,73.44219412978758,407.96770324179806,68.44219412978758,402.96770324179806,78.44219412978758,412.96770324179806,1.0
5,318,73.26970997634898,408.17836178338433,68.26970997634898,403.17836178338433,78.26970997634898,413.17836178338433,1.0
5,319,72.98994565605841,407.87306750288604,67.98994565605841,402.87306750288604,77.98994565605841,412.87306750288604,1.0
5,320,71.26492877776585,407.6245612264857,66.26492877776585,402.6245612264857,76.26492877776585,412.6245612264857,1.0
5,321,69.83567497491634,407.818843774883,64.83567497491634,402.818843774883,74.83567497491634,412.818843774883,1.0
5,322,69.88768705533218,408.31164252022484,64.88768705533218,403.31164252022484,74.88768705533218,413.31164252022484,1.0
5,323,70.68008016853734,409.6538619895282,65.68008016853734,404.6538619895282,75.68008016853734,414.6538619895282,1.0
5,324,70.65648267751502,410.95856143251603,65.65648267751502,405.95856143251603,75.65648267751502,415.95856143251603,1.0
5,325,70.01500812544789,411.4655152775184,65.01500812544789,406.4655152775184,75.01500812544789,416.4655152775184,1.0
5,326,70.07123166734615,412.56319003943656,65.07123166734615,407.56319003943656,75.07123166734615,417.56319003943656,1.0
5,327,69.83490048303952,413.8306350255213,64.83490048303952,408.8306350255213,74.83490048303952,418.8306350255213,1.0
5,328,70.53513988194561,413.5056785581725,65.53513988194561,408.5056785581725,75.53513988194561,418.5056785581725,1.0
5,329,70.40583220475759,413.2669814562096,65.40583220475759,408.2669814562096,75.40583220475759,418.2669814562096,1.0
5,330,70.65167862659067,412.79437150811947,65.65167862659067,407.79437150811947,75.65167862659067,417.79437150811947,1.0
5,331,72.05342707251776,413.4744387431363,67.05342707251776,408.4744387431363,77.05342707251776,418.4744387431363,1.0
6,0,156.0,430.5,151.0,425.5,161.0,435.5,1.0
6,1,156.0877386329416,429.8986325720475,151.0877386329416,424.8986325720475,161.0877386329416,434.8986325720475,1.0
6,2,156.16499698543683,428.7045546885633,151.16499698543683,423.7045546885633,161.16499698543683,433.7045546885633,1.0
6,3,154.99655227960588,428.03357650218595,149.99655227960588,423.03357650218595,159.99655227960588,433.03357650218595,1.0
6,4,154.91099043127736,426.81226193201394,149.91099043127736,421.81226193201394,159.91099043127736,431.81226193201394,1.0
6,5,155.20611365216521,426.6641508352371,150.20611365216521,421.6641508352371,160.20611365216521,431.6641508352371,1.0
6,6,155.8524889605383,425.8775266234925,150.8524889605383,420.8775266234925,160.8524889605383,430.8775266234925,1.0
6,7,156.1110286850958,425.0049869853117,151.1110286850958,420.0049869853117,161.1110286850958,430.0049869853117,1.0
6,8,157.00996285664567,424.4074152654721,152.00996285664567,419.4074152654721,162.00996285664567,429.4074152654721,1.0
6,9,157.37948868848906,423.95573450568776,152.37948868848906,418.95573450568776,162.37948868848906,428.95573450568776,1.0
6,10,156.86420365488107,423.9529445408941,151.86420365488107,418.9529445408941,161.86420365488107,428.9529445408941,1.0
6,11,155.97017425101347,423.25699657496637,150.97017425101347,418.25699657496637,160.97017425101347,428.25699657496637,1.0
6,12,155.28063310635858,424.3237182422657,150.28063310635858,419.3237182422657,160.28063310635858,429.3237182422657,1.0
6,13,155.14052272411934,425.9435123298487,150.14052272411934,420.9435123298487,160.14052272411934,430.9435123298487,1.0
6,14,153.1383720482197,426.88680014102056,148.1383720482197,421.88680014102056,158.1383720482197,431.88680014102056,1.0
6,15,151.85962949198478,428.8690841071626,146.85962949198478,423.8690841071626,156.85962949198478,433.8690841071626,1.0
6,16,151.5545712068243,428.8549734137427,146.5545712068243,423.8549734137427,156.5545712068243,433.8549734137427,1.0
6,17,150.23988471201216,428.57756833035864,145.23988471201216,423.57756833035864,155.23988471201216,433.57756833035864,1.0
6,18,148.89130370248782,428.11729758812123,143.89130370248782,423.11729758812123,153.89130370248782,433.11729758812123,1.0
6,19,147.11805388750668,428.2321329151698,142.11805388750668,423.2321329151698,152.11805388750668,433.2321329151698,1.0
6,20,146.81796982323783,428.9869250899583,141.81796982323783,423.9869250899583,151.81796982323783,433.9869250899583,1.0
6,21,147.94164809928117,429.9869209333331,142.94164809928117,424.9869209333331,152.94164809928117,434.9869209333331,1.0
6,22,149.80830353416323,431.07301919870224,144.80830353416323,426.07301919870224,154.80830353416323,436.07301919870224,1.0
6,23,150.55887567944444,431.0876351005441,145.55887567944444,426.0876351005441,155.55887567944444,436.0876351005441,1.0
6,24,150.60236030087083,431.2215588167369,145.60236030087083,426.2215588167369,155.60236030087083,436.2215588167369,1.0
6,25,150.78456829087867,431.16998811317654,145.78456829087867,426.16998811317654,155.78456829087867,436.16998811317654,1.0
6,26,150.7129713662864,430.47677593357673,145.7129713662864,425.47677593357673,155.7129713662864,435.47677593357673,1.0
6,27,151.52288200930278,429.741181117001,146.52288200930278,424.741181117001,156.52288200930278,434.741181117001,1.0
6,28,152.28660060399255,428.86729177496096,147.28660060399255,423.86729177496096,157.28660060399255,433.86729177496096,1.0
6,29,152.68289877038055,428.4902605695339,147.68289877038055,423.4902605695339,157.68289877038055,433.4902605695339,1.0
6,30,152.85424253006624,428.2495355402836,147.85424253006624,423.2495355402836,157.85424253006624,433.2495355402836,1.0
6,31,153.37411036618056,428.35042879659505,148.37411036618056,423.35042879659505,158.37411036618056,433.35042879659505,1.0
6,32,154.32159083924054,428.13016064650475,149.32159083924054,423.13016064650475,159.32159083924054,433.13016064650475,1.0
6,33,155.69706183021987,427.4347162199097,150.69706183021987,422.4347162199097,160.69706183021987,432.4347162199097,1.0
6,34,157.1895114803548,427.3178485973622,152.1895114803548,422.3178485973622,162.1895114803548,432.3178485973622,1.0
6,35,158.26904462286913,426.4568161093127,153.26904462286913,421.4568161093127,163.26904462286913,431.4568161093127,1.0
6,36,159.45261517921315,426.41782189485383,154.45261517921315,421.41782189485383,164.45261517921315,431.41782189485383,1.0
6,37,161.66014555863686,425.6767010897648,156.66014555863686,420.6767010897648,166.66014555863686,430.6767010897648,1.0
6,38,163.13761210359766,425.5591521786531,158.13761210359766,420.5591521786531,168.13761210359766,430.5591521786531,1.0
6,39,163.66674869139996,424.9219523942839,158.66674869139996,419.9219523942839,168.66674869139996,429.9219523942839,1.0
6,40,163.78093067036215,424.46454951871794,158.78093067036215,419.46454951871794,168.78093067036215,429.46454951871794,1.0
6,41,163.39000958872597,423.20129977687986,158.39000958872597,418.20129977687986,168.39000958872597,428.20129977687986,1.0
6,42,162.45009324351412,423.2204107694568,157.45009324351412,418.2204107694568,167.45009324351412,428.2204107694568,1.0
6,43,161.7861651490081,422.8451290311219,156.7861651490081,417.8451290311219,166.7861651490081,427.8451290311219,1.0
6,44,161.9763816883407,422.99549484974517,156.9763816883407,417.99549484974517,166.9763816883407,427.99549484974517,1.0
6,45,162.75382214522827,422.45781261483336,157.75382214522827,417.45781261483336,167.75382214522827,427.45781261483336,1.0
6,46,162.37184590089942,421.815870672824,157.37184590089942,416.815870672824,167.37184590089942,426.815870672824,1.0
6,47,161.89658008333205,421.12721629263064,156.89658008333205,416.12721629263064,166.89658008333205,426.12721629263064,1.0
6,48,162.0184420532346,421.6242186308508,157.0184420532346,416.6242186308508,167.0184420532346,426.6242186308508,1.0
6,49,162.99502332619392,421.3900250393696,157.99502332619392,416.3900250393696,167.99502332619392,426.3900250393696,1.0
6,50,164.38608553999353,421.29432295965125,159.38608553999353,416.29432295965125,169.38608553999353,426.29432295965125,1.0
6,51,165.11895161517478,421.81589087344696,160.11895161517478,416.81589087344696,170.11895161517478,426.81589087344696,1.0
6,52,164.1422097895396,420.8771173993998,159.1422097895396,415.8771173993998,169.1422097895396,425.8771173993998,1.0
6,53,164.12371423715877,419.980483971201,159.12371423715877,414.980483971201,169.12371423715877,424.980483971201,1.0
6,54,163.52047209542917,419.56888191763437,158.52047209542917,414.56888191763437,168.52047209542917,424.56888191763437,1.0
6,55,162.3853235131219,419.72557782546085,157.3853235131219,414.72557782546085,167.3853235131219,424.72557782546085,1.0
6,56,161.2342277800912,418.7825942288682,156.2342277800912,413.7825942288682,166.2342277800912,423.7825942288682,1.0
6,57,160.0878849331026,418.3746421417382,155.0878849331026,413.3746421417382,165.0878849331026,423.3746421417382,1.0
6,58,159.90149290766877,418.1104444071434,154.90149290766877,413.1104444071434,164.90149290766877,423.1104444071434,1.0
6,59,159.33770512952566,417.5806093824222,154.33770512952566,412.5806093824222,164.33770512952566,422.5806093824222,1.0
6,60,158.1367960216953,418.31286437604683,153.1367960216953,413.31286437604683,163.1367960216953,423.31286437604683,1.0
6,61,157.43842959708806,418.31892036302906,152.43842959708806,413.31892036302906,162.43842959708806,423.31892036302906,1.0
6,62,156.06700669516468,418.42010381468043,151.06700669516468,413.42010381468043,161.06700669516468,423.42010381468043,1.0
6,63,155.42863001384666,418.1937852886825,150.42863001384666,413.1937852886825,160.42863001384666,423.1937852886825,1.0
6,64,155.47426124463658,417.84654520194584,150.47426124463658,412.84654520194584,160.47426124463658,422.84654520194584,1.0
6,65,155.03254501583538,417.5263918917997,150.03254501583538,412.5263918917997,160.03254501583538,422.5263918917997,1.0
6,66,154.9289649085522,417.8648374284943,149.9289649085522,412.8648374284943,159.9289649085522,422.8648374284943,1.0
6,67,154.61565305532534,416.9377186469402,149.61565305532534,411.9377186469402,159.61565305532534,421.9377186469402,1.0
6,68,155.2900765752391,416.85402872509474,150.2900765752391,411.85402872509474,160.2900765752391,421.85402872509474,1.0
6,69,155.46330236922222,418.63894786070875,150.46330236922222,413.63894786070875,160.46330236922222,423.63894786070875,1.0
6,70,154.98613576741678,419.3813412312552,149.98613576741678,414.3813412312552,159.98613576741678,424.3813412312552,1.0
6,71,154.769007358853,419.63252635813006,149.769007358853,414.63252635813006,159.769007358853,424.63252635813006,1.0
6,72,154.54246406559247,420.45477036390827,149.54246406559247,415.45477036390827,159.54246406559247,425.45477036390827,1.0
6,73,154.9945803593707,420.22642004915303,149.9945803593707,415.22642004915303,159.9945803593707,425.22642004915303,1.0
6,74,155.82492220086556,420.2573761831171,150.82492220086556,415.2573761831171,160.82492220086556,425.2573761831171,1.0
6,75,156.11035587917036,419.89806465757897,151.11035587917036,414.89806465757897,161.11035587917036,424.89806465757897,1.0
6,76,154.78163563442402,419.2375172485702,149.78163563442402,414.2375172485702,159.78163563442402,424.2375172485702,1.0
6,77,154.62040022557312,418.42787221223983,149.62040022557312,413.42787221223983,159.62040022557312,423.42787221223983,1.0
6,78,154.9460753656524,417.02205989472134,149.9460753656524,412.02205989472134,159.9460753656524,422.02205989472134,1.0
6,79,154.72749743853052,416.2289736149617,149.72749743853052,411.2289736149617,159.72749743853052,421.2289736149617,1.0
6,80,154.74348696889578,415.67677662764504,149.74348696889578,410.67677662764504,159.74348696889578,420.67677662764504,1.0
6,81,154.7317938774203,414.1142076188456,149.7317938774203,409.1142076188456,159.7317938774203,419.1142076188456,1.0
6,82,155.71157068462122,413.8952623837705,150.71157068462122,408.8952623837705,160.71157068462122,418.8952623837705,1.0
6,83,156.49695007253163,414.3446525032685,151.49695007253163,409.3446525032685,161.49695007253163,419.3446525032685,1.0
6,84,157.10643235567528,413.6364855698223,152.10643235567528,408.6364855698223,162.10643235567528,418.6364855698223,1.0
6,85,156.1593505098734,413.07683218137856,151.1593505098734,408.07683218137856,161.1593505098734,418.07683218137856,1.0
6,86,156.34771123443056,412.15195067346025,151.34771123443056,407.15195067346025,161.34771123443056,417.15195067346025,1.0
6,87,157.02481059360443,411.7290152479151,152.02481059360443,406.7290152479151,162.02481059360443,416.7290152479151,1.0
6,88,159.48126184480554,411.04052655810943,154.48126184480554,406.04052655810943,164.48126184480554,416.04052655810943,1.0
6,89,160.39753911690804,410.9244744919709,155.39753911690804,405.9244744919709,165.39753911690804,415.9244744919709,1.0
6,90,159.41702939744567,411.4612940273701,154.41702939744567,406.4612940273701,164.41702939744567,416.4612940273701,1.0
6,91,158.62252111847422,411.7359942280202,153.62252111847422,406.7359942280202,163.62252111847422,416.7359942280202,1.0
6,92,158.3517927232958,411.1403143225213,153.3517927232958,406.1403143225213,163.3517927232958,416.1403143225213,1.0
6,93,158.3519007185812,410.8622832718021,153.3519007185812,405.8622832718021,163.3519007185812,415.8622832718021,1.0
6,94,159.23032413130701,410.3352720513936,154.23032413130701,405.3352720513936,164.23032413130701,415.3352720513936,1.0
6,95,158.80435013910443,409.359511953087,153.80435013910443,404.359511953087,163.80435013910443,414.359511953087,1.0
6,96,158.71502923280232,408.7857074708799,153.71502923280232,403.7857074708799,163.71502923280232,413.7857074708799,1.0
6,97,158.86971737768155,407.335306864032,153.86971737768155,402.335306864032,163.86971737768155,412.335306864032,1.0
6,98,158.54683733853133,406.70589042868846,153.54683733853133,401.70589042868846,163.54683733853133,411.70589042868846,1.0
6,99,158.88410679611772,406.65088501895366,153.88410679611772,401.65088501895366,163.88410679611772,411.65088501895366,1.0
6,100,158.77595050750782,405.9859012494884,153.77595050750782,400.9859012494884,163.77595050750782,410.9859012494884,1.0
6,101,159.24103720873546,406.01335493105285,154.24103720873546,401.01335493105285,164.24103720873546,411.01335493105285,1.0
6,102,158.85291501727954,406.2536112018369,153.85291501727954,401.2536112018369,163.85291501727954,411.2536112018369,1.0
6,103,158.97379726901008,406.42977278554224,153.97379726901008,401.42977278554224,163.97379726901008,411.42977278554224,1.0
6,104,158.78247554255918,406.69127561301383,153.78247554255918,401.69127561301383,163.78247554255918,411.69127561301383,1.0
6,105,158.90307280579788,406.14713120061646,153.90307280579788,401.14713120061646,163.90307280579788,411.14713120061646,1.0
6,106,160.26862164864292,405.5232865371919,155.26862164864292,400.5232865371919,165.26862164864292,410.5232865371919,1.0
6,107,161.32898215554718,406.04121881048496,156.32898215554718,401.04121881048496,166.32898215554718,411.04121881048496,1.0
6,108,162.22047728346078,406.3456812873601,157.22047728346078,401.3456812873601,167.22047728346078,411.3456812873601,1.0
6,109,162.68220206523483,406.2333748801894,157.68220206523483,401.2333748801894,167.68220206523483,411.2333748801894,1.0
6,110,163.55736851963823,406.5238296522023,158.55736851963823,401.5238296522023,168.55736851963823,411.5238296522023,1.0
6,111,163.87169040431002,406.41263730123137,158.87169040431002,401.41263730123137,168.87169040431002,411.41263730123137,1.0
6,112,164.9096019163477,407.7211494373725,159.9096019163477,402.7211494373725,169.9096019163477,412.7211494373725,1.0
6,113,165.1875882655708,408.4927891773273,160.1875882655708,403.4927891773273,170.1875882655708,413.4927891773273,1.0
6,114,165.69788545504383,409.6711843919322,160.69788545504383,404.6711843919322,170.69788545504383,414.6711843919322,1.0
6,115,166.24235804199103,410.8409906490134,161.24235804199103,405.8409906490134,171.24235804199103,415.8409906490134,1.0
6,116,165.53064140070052,411.42891991913996,160.53064140070052,406.42891991913996,170.53064140070052,416.42891991913996,1.0
6,117,164.97592359583305,411.40922871323187,159.97592359583305,406.40922871323187,169.97592359583305,416.40922871323187,1.0
6,118,165.40340739665214,411.65796809091216,160.40340739665214,406.65796809091216,170.40340739665214,416.65796809091216,1.0
6,119,164.03989189275188,411.30060190368147,159.03989189275188,406.30060190368147,169.03989189275188,416.30060190368147,1.0
6,120,164.02225786680617,411.0439550243172,159.02225786680617,406.0439550243172,169.02225786680617,416.0439550243172,1.0
6,121,165.10933613491028,410.7012245616061,160.10933613491028,405.7012245616061,170.10933613491028,415.7012245616061,1.0
6,122,165.90141397929216,410.33054060268404,160.90141397929216,405.33054060268404,170.90141397929216,415.33054060268404,1.0
6,123,166.3882499864768,410.08249658926763,161.3882499864768,405.08249658926763,171.3882499864768,415.08249658926763,1.0
6,124,166.89985402068362,410.1575209129027,161.89985402068362,405.1575209129027,171.89985402068362,415.1575209129027,1.0
6,125,166.07182668333328,410.22947362848265,161.07182668333328,405.22947362848265,171.07182668333328,415.22947362848265,1.0
6,126,166.4582464384803,410.52125641125315,161.4582464384803,405.52125641125315,171.4582464384803,415.52125641125315,1.0
6,127,166.26498840234902,410.6030356718453,161.26498840234902,405.6030356718453,171.26498840234902,415.6030356718453,1.0
6,128,166.4110917179913,409.2720600076352,161.4110917179913,404.2720600076352,171.4110917179913,414.2720600076352,1.0
6,129,166.91911260027476,408.51010490898904,161.91911260027476,403.51010490898904,171.91911260027476,413.51010490898904,1.0
6,130,166.37696471455106,408.7475086846549,161.37696471455106,403.7475086846549,171.37696471455106,413.7475086846549,1.0
6,131,167.11056805473382,409.2327317816483,162.11056805473382,404.2327317816483,172.11056805473382,414.2327317816483,1.0
6,132,168.09564969140158,409.0776906697372,163.09564969140158,404.0776906697372,173.09564969140158,414.0776906697372,1.0
6,133,168.11811050873936,408.214833793314,163.11811050873936,403.214833793314,173.11811050873936,413.214833793314,1.0
6,134,167.0094991972086,406.80620525467907,162.0094991972086,401.80620525467907,172.0094991972086,411.80620525467907,1.0
6,135,165.60690598626425,406.0700619374512,160.60690598626425,401.0700619374512,170.60690598626425,411.0700619374512,1.0
6,136,163.92680737873746,405.4312132492336,158.92680737873746,400.4312132492336,168.92680737873746,410.4312132492336,1.0
6,137,163.89535512552825,404.8553271630179,158.89535512552825,399.8553271630179,168.89535512552825,409.8553271630179,1.0
6,138,164.21497635260394,404.576246382282,159.21497635260394,399.576246382282,169.21497635260394,409.576246382282,1.0
6,139,164.89401554473054,404.24304093524734,159.89401554473054,399.24304093524734,169.89401554473054,409.24304093524734,1.0
6,140,165.32861271299035,403.3282451244646,160.32861271299035,398.3282451244646,170.32861271299035,408.3282451244646,1.0
6,141,166.1078331086136,402.8361791243884,161.1078331086136,397.8361791243884,171.1078331086136,407.8361791243884,1.0
6,142,167.1219359058811,403.11262063826143,162.1219359058811,398.11262063826143,172.1219359058811,408.11262063826143,1.0
6,143,167.76866471297998,403.2287443178674,162.76866471297998,398.2287443178674,172.76866471297998,408.2287443178674,1.0
6,144,168.33086162151739,403.50292268257016,163.33086162151739,398.50292268257016,173.33086162151739,408.50292268257016,1.0
6,145,168.2068170404813,403.2317294684333,163.2068170404813,398.2317294684333,173.2068170404813,408.2317294684333,1.0
6,146,169.4209897268498,402.8842559549911,164.4209897268498,397.8842559549911,174.4209897268498,407.8842559549911,1.0
6,147,169.56895853749265,403.26558242531854,164.56895853749265,398.26558242531854,174.56895853749265,408.26558242531854,1.0
6,148,169.00226055252256,403.71010048173025,164.00226055252256,398.71010048173025,174.00226055252256,408.71010048173025,1.0
6,149,168.2602490874109,403.7429529999998,163.2602490874109,398.7429529999998,173.2602490874109,408.7429529999998,1.0
6,150,169.16059427585265,404.15778803478884,164.16059427585265,399.15778803478884,174.16059427585265,409.15778803478884,1.0
6,151,170.0180151140796,403.9682188216901,165.0180151140796,398.9682188216901,175.0180151140796,408.9682188216901,1.0
6,152,171.52385286692908,404.26624659237535,166.52385286692908,399.26624659237535,176.52385286692908,409.26624659237535,1.0
6,153,172.0050186984494,403.895309634571,167.0050186984494,398.895309634571,177.0050186984494,408.895309634571,1.0
6,154,173.17942579843512,403.80239412046,168.17942579843512,398.80239412046,178.17942579843512,408.80239412046,1.0
6,155,173.65136944848726,403.2440957322465,168.65136944848726,398.2440957322465,178.65136944848726,408.2440957322465,1.0
6,156,174.53849794399022,403.1083284055416,169.53849794399022,398.1083284055416,179.53849794399022,408.1083284055416,1.0
6,157,174.60861829523188,402.73571883998426,169.60861829523188,397.73571883998426,179.60861829523188,407.73571883998426,1.0
6,158,174.38147706622536,402.85871320428913,169.38147706622536,397.85871320428913,179.38147706622536,407.85871320428913,1.0
6,159,174.40908204010915,401.9177483854744,169.40908204010915,396.9177483854744,179.40908204010915,406.9177483854744,1.0
6,160,174.1981783031101,401.09077420471624,169.1981783031101,396.09077420471624,179.1981783031101,406.09077420471624,1.0
6,161,174.14316612610705,400.49890055169004,169.14316612610705,395.49890055169004,179.14316612610705,405.49890055169004,1.0
6,162,174.45428999100756,400.98687647662837,169.45428999100756,395.98687647662837,179.45428999100756,405.98687647662837,1.0
6,163,175.1119960681838,401.57546505654335,170.1119960681838,396.57546505654335,180.1119960681838,406.57546505654335,1.0
6,164,175.8863244453036,402.03361478279345,170.8863244453036,397.03361478279345,180.8863244453036,407.03361478279345,1.0
6,165,175.48949592167173,401.55071469677097,170.48949592167173,396.55071469677097,180.48949592167173,406.55071469677097,1.0
6,166,175.62285171645107,402.18429195912296,170.62285171645107,397.18429195912296,180.62285171645107,407.18429195912296,1.0
6,167,175.54524887257975,403.3259012847377,170.54524887257975,398.3259012847377,180.54524887257975,408.3259012847377,1.0
6,168,174.38398331270963,403.90157723926075,169.38398331270963,398.90157723926075,179.38398331270963,408.90157723926075,1.0
6,169,173.63947295831255,403.94500586704373,168.63947295831255,398.94500586704373,178.63947295831255,408.94500586704373,1.0
6,170,172.81090547590264,403.9564414468895,167.81090547590264,398.9564414468895,177.81090547590264,408.9564414468895,1.0
6,171,172.66330072856883,404.0480166931112,167.66330072856883,399.0480166931112,177.66330072856883,409.0480166931112,1.0
6,172,173.12323354503235,403.8393395442072,168.12323354503235,398.8393395442072,178.12323354503235,408.8393395442072,1.0
6,173,172.99761352862888,404.1309523941304,167.99761352862888,399.1309523941304,177.99761352862888,409.1309523941304,1.0
6,174,172.16164755074868,403.54589096646754,167.16164755074868,398.54589096646754,177.16164755074868,408.54589096646754,1.0
6,175,171.89957959518654,402.8613472251512,166.89957959518654,397.8613472251512,176.89957959518654,407.8613472251512,1.0
6,176,171.5438806955942,401.82422251444603,166.5438806955942,396.82422251444603,176.5438806955942,406.82422251444603,1.0
6,177,171.06638953262532,402.9645307142697,166.06638953262532,397.9645307142697,176.06638953262532,407.9645307142697,1.0
6,178,170.46217192688775,403.2499300576709,165.46217192688775,398.2499300576709,175.46217192688775,408.2499300576709,1.0
6,179,168.9137870024317,402.4637202989112,163.9137870024317,397.4637202989112,173.9137870024317,407.4637202989112,1.0
6,180,168.45494000447246,402.4375772961924,163.45494000447246,397.4375772961924,173.45494000447246,407.4375772961924,1.0
6,181,168.40139524167824,402.27040834003486,163.40139524167824,397.27040834003486,173.40139524167824,407.27040834003486,1.0
6,182,168.24025541663053,401.7319408637078,163.24025541663053,396.7319408637078,173.24025541663053,406.7319408637078,1.0
6,183,168.40488078344805,401.0630714591978,163.40488078344805,396.0630714591978,173.40488078344805,406.0630714591978,1.0
6,184,168.8260500349642,400.3990544536249,163.8260500349642,395.3990544536249,173.8260500349642,405.3990544536249,1.0
6,185,170.0582376665443,399.95695379121724,165.0582376665443,394.95695379121724,175.0582376665443,404.95695379121724,1.0
6,186,170.72669627514827,399.4851147580771,165.72669627514827,394.4851147580771,175.72669627514827,404.4851147580771,1.0
6,187,170.57385460347447,400.74707113279726,165.57385460347447,395.74707113279726,175.57385460347447,405.74707113279726,1.0
6,188,170.22209393781142,401.7296758028033,165.22209393781142,396.7296758028033,175.22209393781142,406.7296758028033,1.0
6,189,171.09962772430617,402.98688097874293,166.09962772430617,397.98688097874293,176.09962772430617,407.98688097874293,1.0
6,190,171.62190978003204,403.6163771023704,166.62190978003204,398.6163771023704,176.62190978003204,408.6163771023704,1.0
6,191,171.92138288441632,404.67349612370015,166.92138288441632,399.67349612370015,176.92138288441632,409.67349612370015,1.0
6,192,172.51685827440303,405.6766587905218,167.51685827440303,400.6766587905218,177.51685827440303,410.6766587905218,1.0
6,193,173.29089776823176,406.15287156345534,168.29089776823176,401.15287156345534,178.29089776823176,411.15287156345534,1.0
6,194,174.46745665699626,406.56176241502885,169.46745665699626,401.56176241502885,179.46745665699626,411.56176241502885,1.0
6,195,175.57469851770108,407.0646735143174,170.57469851770108,402.0646735143174,180.57469851770108,412.0646735143174,1.0
6,196,176.20863439509685,407.61458589433835,171.20863439509685,402.61458589433835,181.20863439509685,412.61458589433835,1.0
6,197,176.35486606749623,407.45508345375407,171.35486606749623,402.45508345375407,181.35486606749623,412.45508345375407,1.0
6,198,175.53078907051975,407.3232383883047,170.53078907051975,402.3232383883047,180.53078907051975,412.3232383883047,1.0
6,199,175.67618282949968,407.70929716280426,170.67618282949968,402.70929716280426,180.67618282949968,412.70929716280426,1.0
6,200,176.49931036261586,407.6164354601456,171.49931036261586,402.6164354601456,181.49931036261586,412.6164354601456,1.0
6,201,176.25349066703225,406.81081055754055,171.25349066703225,401.81081055754055,181.25349066703225,411.81081055754055,1.0
6,202,175.95843720471086,406.4426799184933,170.95843720471086,401.4426799184933,180.95843720471086,411.4426799184933,1.0
6,203,174.87767393082618,406.4639919706531,169.87767393082618,401.4639919706531,179.87767393082618,411.4639919706531,1.0
6,204,174.96312365774313,407.32066713530924,169.96312365774313,402.32066713530924,179.96312365774313,412.32066713530924,1.0
6,205,175.84468714447527,407.96108990652783,170.84468714447527,402.96108990652783,180.84468714447527,412.96108990652783,1.0
6,206,176.63247079507784,408.5511452320115,171.63247079507784,403.5511452320115,181.63247079507784,413.5511452320115,1.0
6,207,176.87961163520885,409.16334034829475,171.87961163520885,404.16334034829475,181.87961163520885,414.16334034829475,1.0
6,208,176.46779195791373,409.4508374303806,171.46779195791373,404.4508374303806,181.46779195791373,414.4508374303806,1.0
6,209,175.0796652664869,409.5072268970427,170.0796652664869,404.5072268970427,180.0796652664869,414.5072268970427,1.0
6,210,174.57992956942732,410.0182973902269,169.57992956942732,405.0182973902269,179.57992956942732,415.0182973902269,1.0
6,211,174.54539070536157,410.1519756056819,169.54539070536157,405.1519756056819,179.54539070536157,415.1519756056819,1.0
6,212,173.60957987217685,410.9331998129553,168.60957987217685,405.9331998129553,178.60957987217685,415.9331998129553,1.0
6,213,172.47781614927376,411.61339570444716,167.47781614927376,406.61339570444716,177.47781614927376,416.61339570444716,1.0
6,214,172.79596922487332,411.59636972465245,167.79596922487332,406.59636972465245,177.79596922487332,416.59636972465245,1.0
6,215,173.4898521922285,410.8667441496381,168.4898521922285,405.8667441496381,178.4898521922285,415.8667441496381,1.0
6,216,173.78542468633367,411.2517010176442,168.78542468633367,406.2517010176442,178.78542468633367,416.2517010176442,1.0
6,217,173.26589123408388,412.12147685031914,168.26589123408388,407.12147685031914,178.26589123408388,417.12147685031914,1.0
6,218,173.16198523179904,412.20252929860123,168.16198523179904,407.20252929860123,178.16198523179904,417.20252929860123,1.0
6,219,173.39453688185714,412.28151007844446,168.39453688185714,407.28151007844446,178.39453688185714,417.28151007844446,1.0
6,220,175.3096729216966,412.6481696546094,170.3096729216966,407.6481696546094,180.3096729216966,417.6481696546094,1.0
6,221,176.66959958712673,413.80075610164647,171.66959958712673,408.80075610164647,181.66959958712673,418.80075610164647,1.0
6,222,178.05767740059548,415.1889917531749,173.05767740059548,410.1889917531749,183.05767740059548,420.1889917531749,1.0
6,223,179.64389985751103,415.19722032182506,174.64389985751103,410.19722032182506,184.64389985751103,420.19722032182506,1.0
6,224,180.10411269631365,416.08734488352195,175.10411269631365,411.08734488352195,185.10411269631365,421.08734488352195,1.0
6,225,180.35621523763814,416.1215763719644,175.35621523763814,411.1215763719644,185.35621523763814,421.1215763719644,1.0
6,226,180.70301238378264,416.0763279394794,175.70301238378264,411.0763279394794,185.70301238378264,421.0763279394794,1.0
6,227,180.91051401936355,414.67560793881705,175.91051401936355,409.67560793881705,185.91051401936355,419.67560793881705,1.0
6,228,179.4593431088665,414.778829093418,174.4593431088665,409.778829093418,184.4593431088665,419.778829093418,1.0
6,229,178.19217489066773,415.587084333936,173.19217489066773,410.587084333936,183.19217489066773,420.587084333936,1.0
6,230,176.94566440205048,417.66731400025446,171.94566440205048,412.66731400025446,181.94566440205048,422.66731400025446,1.0
6,231,176.15176374349693,419.87679106759043,171.15176374349693,414.87679106759043,181.15176374349693,424.87679106759043,1.0
6,232,176.1171424408753,420.41716119304994,171.1171424408753,415.41716119304994,181.1171424408753,425.41716119304994,1.0
6,233,175.3374014650106,420.838749553382,170.3374014650106,415.838749553382,180.3374014650106,425.838749553382,1.0
6,234,173.89645891645264,420.55537078195835,168.89645891645264,415.55537078195835,178.89645891645264,425.55537078195835,1.0
6,235,173.23559688805727,421.28100941525076,168.23559688805727,416.28100941525076,178.23559688805727,426.28100941525076,1.0
6,236,172.37067512161494,421.9338645376385,167.37067512161494,416.9338645376385,177.37067512161494,426.9338645376385,1.0
6,237,170.83034589902147,421.3855170274001,165.83034589902147,416.3855170274001,175.83034589902147,426.3855170274001,1.0
6,238,169.6384258392962,421.2151062295369,164.6384258392962,416.2151062295369,174.6384258392962,426.2151062295369,1.0
6,239,169.4815508948484,419.77083016605786,164.4815508948484,414.77083016605786,174.4815508948484,424.77083016605786,1.0
6,240,168.963967766784,420.1300918561683,163.963967766784,415.1300918561683,173.963967766784,425.1300918561683,1.0
6,241,169.12229115945684,419.501453527234,164.12229115945684,414.501453527234,174.12229115945684,424.501453527234,1.0
6,242,170.9013001795258,420.4541335508858,165.9013001795258,415.4541335508858,175.9013001795258,425.4541335508858,1.0
6,243,170.87861625261877,420.6029510117371,165.87861625261877,415.6029510117371,175.87861625261877,425.6029510117371,1.0
6,244,170.63611900037444,420.36094842055485,165.63611900037444,415.36094842055485,175.63611900037444,425.36094842055485,1.0
6,245,169.7929976208925,420.70168069837496,164.7929976208925,415.70168069837496,174.7929976208925,425.70168069837496,1.0
6,246,169.37958204525904,421.3780388085126,164.37958204525904,416.3780388085126,174.37958204525904,426.3780388085126,1.0
6,247,169.33681301158808,421.8691238608298,164.33681301158808,416.8691238608298,174.33681301158808,426.8691238608298,1.0
6,248,169.8744223908883,422.22342255545834,164.8744223908883,417.22342255545834,174.8744223908883,427.22342255545834,1.0
6,249,170.05032344640267,422.0722490478978,165.05032344640267,417.0722490478978,175.05032344640267,427.0722490478978,1.0
6,250,170.66278665607493,423.1325410422854,165.66278665607493,418.1325410422854,175.66278665607493,428.1325410422854,1.0
6,251,170.41929490919554,424.6309570685682,165.41929490919554,419.6309570685682,175.41929490919554,429.6309570685682,1.0
6,252,171.00140572870575,424.96232475088516,166.00140572870575,419.96232475088516,176.00140572870575,429.96232475088516,1.0
6,253,170.64472485702788,425.4757842539914,165.64472485702788,420.4757842539914,175.64472485702788,430.4757842539914,1.0
6,254,169.58951396993592,426.3048748359103,164.58951396993592,421.3048748359103,174.58951396993592,431.3048748359103,1.0
6,255,167.74270608453523,426.39979557633933,162.74270608453523,421.39979557633933,172.74270608453523,431.39979557633933,1.0
6,256,166.41225019557157,426.55959036858326,161.41225019557157,421.55959036858326,171.41225019557157,431.55959036858326,1.0
6,257,166.11813985176354,426.48853337591873,161.11813985176354,421.48853337591873,171.11813985176354,431.48853337591873,1.0
6,258,166.1655942241421,426.26247110700865,161.1655942241421,421.26247110700865,171.1655942241421,431.26247110700865,1.0
6,259,167.06147221584848,425.01155935626235,162.06147221584848,420.01155935626235,172.06147221584848,430.01155935626235,1.0
6,260,166.82398497100388,423.8261970720582,161.82398497100388,418.8261970720582,171.82398497100388,428.8261970720582,1.0
6,261,168.27509345746682,423.4658661018959,163.27509345746682,418.4658661018959,173.27509345746682,428.4658661018959,1.0
6,262,167.98383583536577,423.1909720415737,162.98383583536577,418.1909720415737,172.98383583536577,428.1909720415737,1.0
6,263,167.56296283551694,423.3335528943766,162.56296283551694,418.3335528943766,172.56296283551694,428.3335528943766,1.0
6,264,167.89985932020932,423.82143775038656,162.89985932020932,418.82143775038656,172.89985932020932,428.82143775038656,1.0
6,265,168.84966978489138,424.30981072675104,163.84966978489138,419.30981072675104,173.84966978489138,429.30981072675104,1.0
6,266,169.06850713731652,425.6792493365605,164.06850713731652,420.6792493365605,174.06850713731652,430.6792493365605,1.0
6,267,170.37017524861324,425.44413025224736,165.37017524861324,420.44413025224736,175.37017524861324,430.44413025224736,1.0
6,268,171.97142607032487,425.34735577991177,166.97142607032487,420.34735577991177,176.97142607032487,430.34735577991177,1.0
6,269,173.29874502805026,425.24029557549403,168.29874502805026,420.24029557549403,178.29874502805026,430.24029557549403,1.0
6,270,174.61910391464835,424.6615411208903,169.61910391464835,419.6615411208903,179.61910391464835,429.6615411208903,1.0
6,271,176.15335286735754,425.17038028052394,171.15335286735754,420.17038028052394,181.15335286735754,430.17038028052394,1.0
6,272,176.7753376769515,426.0440679995434,171.7753376769515,421.0440679995434,181.7753376769515,431.0440679995434,1.0
6,273,177.19162714793674,427.5359438297393,172.19162714793674,422.5359438297393,182.19162714793674,432.5359438297393,1.0
6,274,176.94680226132027,428.0824047147584,171.94680226132027,423.0824047147584,181.94680226132027,433.0824047147584,1.0
6,275,177.3449046065703,428.12479750703966,172.3449046065703,423.12479750703966,182.3449046065703,433.12479750703966,1.0
6,276,177.5791720892331,429.70441762350185,172.5791720892331,424.70441762350185,182.5791720892331,434.70441762350185,1.0
6,277,178.08218148221675,429.96419513277255,173.08218148221675,424.96419513277255,183.08218148221675,434.96419513277255,1.0
6,278,179.5781417225804,429.68218125092017,174.5781417225804,424.68218125092017,184.5781417225804,434.68218125092017,1.0
6,279,180.78602587240218,430.38333549688474,175.78602587240218,425.38333549688474,185.78602587240218,435.38333549688474,1.0
6,280,181.7672935444841,429.56944478690207,176.7672935444841,424.56944478690207,186.7672935444841,434.56944478690207,1.0
6,281,183.30589284996682,428.49048981661,178.30589284996682,423.49048981661,188.30589284996682,433.49048981661,1.0
6,282,183.56237466926692,427.4538421516217,178.56237466926692,422.4538421516217,188.56237466926692,432.4538421516217,1.0
6,283,183.68341558403952,427.1688690144624,178.68341558403952,422.1688690144624,188.68341558403952,432.1688690144624,1.0
6,284,182.72718718801366,426.68450586241005,177.72718718801366,421.68450586241005,187.72718718801366,431.68450586241005,1.0
6,285,182.3045959142613,426.28616892365625,177.3045959142613,421.28616892365625,187.3045959142613,431.28616892365625,1.0
6,286,181.41820253208166,426.13920070314464,176.41820253208166,421.13920070314464,186.41820253208166,431.13920070314464,1.0
6,287,180.76892565877142,426.40005994556253,175.76892565877142,421.40005994556253,185.76892565877142,431.40005994556253,1.0
6,288,181.3093275640874,425.66231388149583,176.3093275640874,420.66231388149583,186.3093275640874,430.66231388149583,1.0
6,289,181.21142860438925,426.289543311647,176.21142860438925,421.289543311647,186.21142860438925,431.289543311647,1.0
6,290,180.83996680786336,426.2815952939139,175.83996680786336,421.2815952939139,185.83996680786336,431.2815952939139,1.0
6,291,180.4837168693486,426.3960401260711,175.4837168693486,421.3960401260711,185.4837168693486,431.3960401260711,1.0
6,292,179.93194539609217,425.8002995366504,174.93194539609217,420.8002995366504,184.93194539609217,430.8002995366504,1.0
6,293,178.89480066840056,424.63897198100244,173.89480066840056,419.63897198100244,183.89480066840056,429.63897198100244,1.0
6,294,178.11563183436266,423.4708910737529,173.11563183436266,418.4708910737529,183.11563183436266,428.4708910737529,1.0
6,295,176.03128764016623,423.710917924728,171.03128764016623,418.710917924728,181.03128764016623,428.710917924728,1.0
6,296,174.83193037687428,423.571028850777,169.83193037687428,418.571028850777,179.83193037687428,428.571028850777,1.0
6,297,173.80427833404764,423.5670287096776,168.80427833404764,418.5670287096776,178.80427833404764,428.5670287096776,1.0
6,298,173.743579912189,423.743159909406,168.743579912189,418.743159909406,178.743579912189,428.743159909406,1.0
6,299,173.5429085700129,424.3264870298002,168.5429085700129,419.3264870298002,178.5429085700129,429.3264870298002,1.0
6,300,172.35259313697748,425.2536040649488,167.35259313697748,420.2536040649488,177.35259313697748,430.2536040649488,1.0
6,301,172.0344879765579,426.117545538077,167.0344879765579,421.117545538077,177.0344879765579,431.117545538077,1.0
6,302,171.8429400071328,426.7456580460078,166.8429400071328,421.7456580460078,176.8429400071328,431.7456580460078,1.0
6,303,171.7719588546903,426.3038683594257,166.7719588546903,421.3038683594257,176.7719588546903,431.3038683594257,1.0
6,304,171.047515453585,426.4631742706618,166.047515453585,421.4631742706618,176.047515453585,431.4631742706618,1.0
6,305,171.36432372024922,426.552999575456,166.36432372024922,421.552999575456,176.36432372024922,431.552999575456,1.0
6,306,171.0626897765071,426.19958786303414,166.0626897765071,421.19958786303414,176.0626897765071,431.19958786303414,1.0
6,307,170.93853805230708,424.693348973923,165.93853805230708,419.693348973923,175.93853805230708,429.693348973923,1.0
6,308,171.80964314752663,423.8608587808719,166.80964314752663,418.8608587808719,176.80964314752663,428.8608587808719,1.0
6,309,171.53541628500273,423.5685383426912,166.53541628500273,418.5685383426912,176.53541628500273,428.5685383426912,1.0
6,310,171.27108760465134,423.52282368928036,166.27108760465134,418.52282368928036,176.27108760465134,428.52282368928036,1.0
6,311,171.68071997265207,422.80340917791773,166.68071997265207,417.80340917791773,176.68071997265207,427.80340917791773,1.0
6,312,172.51872479819772,422.78160721255637,167.51872479819772,417.78160721255637,177.51872479819772,427.78160721255637,1.0
6,313,173.9409982152667,422.7499935740024,168.9409982152667,417.7499935740024,178.9409982152667,427.7499935740024,1.0
6,314,173.87680996900747,422.89416150822393,168.87680996900747,417.89416150822393,178.87680996900747,427.89416150822393,1.0
6,315,173.34202597837182,423.49828835625664,168.34202597837182,418.49828835625664,178.34202597837182,428.49828835625664,1.0
6,316,172.1795093030106,424.43354363938784,167.1795093030106,419.43354363938784,177.1795093030106,429.43354363938784,1.0
6,317,170.92778576604124,424.1220358992541,165.92778576604124,419.1220358992541,175.92778576604124,429.1220358992541,1.0
6,318,167.91608255729108,423.5154693095943,162.91608255729108,418.5154693095943,172.91608255729108,428.5154693095943,1.0
6,319,165.51731185418333,422.7206638948718,160.51731185418333,417.7206638948718,170.51731185418333,427.7206638948718,1.0
6,320,163.56834552459335,421.8149427310706,158.56834552459335,416.8149427310706,168.56834552459335,426.8149427310706,1.0
6,321,162.56725731866158,421.48501274804136,157.56725731866158,416.48501274804136,167.56725731866158,426.48501274804136,1.0
6,322,161.45836723391417,420.94968395842915,156.45836723391417,415.94968395842915,166.45836723391417,425.94968395842915,1.0
6,323,160.06299071467654,421.1103162765182,155.06299071467654,416.1103162765182,165.06299071467654,426.1103162765182,1.0
6,324,158.78973079801614,421.43342525483285,153.78973079801614,416.43342525483285,163.78973079801614,426.43342525483285,1.0
6,325,157.76286740579806,421.2188603043286,152.76286740579806,416.2188603043286,162.76286740579806,426.2188603043286,1.0
6,326,158.64228663453898,421.88242310280464,153.64228663453898,416.88242310280464,163.64228663453898,426.88242310280464,1.0
6,327,160.34856286708987,421.82662333036535,155.34856286708987,416.82662333036535,165.34856286708987,426.82662333036535,1.0
6,328,162.1880775550137,421.37065558739596,157.1880775550137,416.37065558739596,167.1880775550137,426.37065558739596,1.0
6,329,164.32019588249165,421.81101993609684,159.32019588249165,416.81101993609684,169.32019588249165,426.81101993609684,1.0
6,330,165.45721329184073,421.82285989391573,160.45721329184073,416.82285989391573,170.45721329184073,426.82285989391573,1.0
6,331,166.74557324115221,421.9950602967884,161.74557324115221,416.9950602967884,171.74557324115221,426.9950602967884,1.0
6,332,167.89593099748737,421.9507734638219,162.89593099748737,416.9507734638219,172.89593099748737,426.9507734638219,1.0
6,333,168.05845928445106,420.92409226546664,163.05845928445106,415.92409226546664,173.05845928445106,425.92409226546664,1.0
6,334,169.5414757673987,421.0027602579985,164.5414757673987,416.0027602579985,174.5414757673987,426.0027602579985,1.0
6,335,170.37362264790198,420.0029681756486,165.37362264790198,415.0029681756486,175.37362264790198,425.0029681756486,1.0
6,336,171.35681288179745,419.174103270076,166.35681288179745,414.174103270076,176.35681288179745,424.174103270076,1.0
6,337,172.0284022185086,419.71571330185117,167.0284022185086,414.71571330185117,177.0284022185086,424.71571330185117,1.0
6,338,172.46564259931318,419.5996142876316,167.46564259931318,414.5996142876316,177.46564259931318,424.5996142876316,1.0
6,339,173.30334124407494,419.03839339768047,168.30334124407494,414.03839339768047,178.30334124407494,424.03839339768047,1.0
6,340,174.24804760808814,418.94946768569156,169.24804760808814,413.94946768569156,179.24804760808814,423.94946768569156,1.0
6,341,175.04566684218372,419.54320908709485,170.04566684218372,414.54320908709485,180.04566684218372,424.54320908709485,1.0
6,342,174.79001136821964,419.21729118097505,169.79001136821964,414.21729118097505,179.79001136821964,424.21729118097505,1.0
6,343,174.89306974794158,419.0219287284256,169.89306974794158,414.0219287284256,179.89306974794158,424.0219287284256,1.0
6,344,175.47037454055058,419.2703379099754,170.47037454055058,414.2703379099754,180.47037454055058,424.2703379099754,1.0
6,345,176.21996973041485,418.66696357175744,171.21996973041485,413.66696357175744,181.21996973041485,423.66696357175744,1.0
6,346,176.5298887875311,417.88585467239045,171.5298887875311,412.88585467239045,181.5298887875311,422.88585467239045,1.0
6,347,175.85423003757984,417.83729867521777,170.85423003757984,412.83729867521777,180.85423003757984,422.83729867521777,1.0
6,348,174.55749152763363,417.8702040912685,169.55749152763363,412.8702040912685,179.55749152763363,422.8702040912685,1.0
6,349,173.16972255843385,418.1603249114854,168.16972255843385,413.1603249114854,178.16972255843385,423.1603249114854,1.0
6,350,171.70427864186658,418.31862684951113,166.70427864186658,413.31862684951113,176.70427864186658,423.31862684951113,1.0
6,351,171.53226207402463,417.883638900566,166.53226207402463,412.883638900566,176.53226207402463,422.883638900566,1.0
6,352,170.3934414428735,417.65186805589786,165.3934414428735,412.65186805589786,175.3934414428735,422.65186805589786,1.0
6,353,169.53301737592537,417.4357859689796,164.53301737592537,412.4357859689796,174.53301737592537,422.4357859689796,1.0
6,354,169.24069325122906,418.55517731988147,164.24069325122906,413.55517731988147,174.24069325122906,423.55517731988147,1.0
6,355,168.96885828144286,418.95986223804425,163.96885828144286,413.95986223804425,173.96885828144286,423.95986223804425,1.0
6,356,167.96435628256995,418.4242223423417,162.96435628256995,413.4242223423417,172.96435628256995,423.4242223423417,1.0
6,357,166.41575652257833,417.8704575696401,161.41575652257833,412.8704575696401,171.41575652257833,422.8704575696401,1.0
6,358,164.5617028109634,417.6690261899708,159.5617028109634,412.6690261899708,169.5617028109634,422.6690261899708,1.0
6,359,163.12134351502618,416.8819520076558,158.12134351502618,411.8819520076558,168.12134351502618,421.8819520076558,1.0
6,360,161.59286687288707,415.8640233371085,156.59286687288707,410.8640233371085,166.59286687288707,420.8640233371085,1.0
6,361,160.88289843636403,416.46185405816976,155.88289843636403,411.46185405816976,165.88289843636403,421.46185405816976,1.0
6,362,159.76150532045125,416.58179650178516,154.76150532045125,411.58179650178516,164.76150532045125,421.58179650178516,1.0
6,363,159.47840571235977,416.72891478735687,154.47840571235977,411.72891478735687,164.47840571235977,421.72891478735687,1.0
6,364,161.02808583646893,417.3445317491472,156.02808583646893,412.3445317491472,166.02808583646893,422.3445317491472,1.0
6,365,161.78860980749147,417.35613522048055,156.78860980749147,412.35613522048055,166.78860980749147,422.35613522048055,1.0
6,366,162.38128241692627,417.2137900939214,157.38128241692627,412.2137900939214,167.38128241692627,422.2137900939214,1.0
6,367,162.49536218273388,417.5540316933937,157.49536218273388,412.5540316933937,167.49536218273388,422.5540316933937,1.0
6,368,162.25661667879825,418.43357711624236,157.25661667879825,413.43357711624236,167.25661667879825,423.43357711624236,1.0
6,369,162.59443064710936,419.4572504090443,157.59443064710936,414.4572504090443,167.59443064710936,424.4572504090443,1.0
6,370,161.28795845161548,419.59590191722407,156.28795845161548,414.59590191722407,166.28795845161548,424.59590191722407,1.0
6,371,159.39004783085323,420.19995382045363,154.39004783085323,415.19995382045363,164.39004783085323,425.19995382045363,1.0
6,372,158.34300477836604,420.6008534331753,153.34300477836604,415.6008534331753,163.34300477836604,425.6008534331753,1.0
6,373,157.10262250237537,419.52228361433083,152.10262250237537,414.52228361433083,162.10262250237537,424.52228361433083,1.0
6,374,156.07880253167875,418.93242499332877,151.07880253167875,413.93242499332877,161.07880253167875,423.93242499332877,1.0
6,375,155.67075834246546,418.1081252257322,150.67075834246546,413.1081252257322,160.67075834246546,423.1081252257322,1.0
6,376,155.8155875367289,417.1038129297413,150.8155875367289,412.1038129297413,160.8155875367289,422.1038129297413,1.0
6,377,155.90364716026602,415.77818423062064,150.90364716026602,410.77818423062064,160.90364716026602,420.77818423062064,1.0
6,378,156.1570232447557,415.97872972627323,151.1570232447557,410.97872972627323,161.1570232447557,420.97872972627323,1.0
6,379,156.58664162015054,416.9773470300389,151.58664162015054,411.9773470300389,161.58664162015054,421.9773470300389,1.0
6,380,155.54227540715965,417.8457934983155,150.54227540715965,412.8457934983155,160.54227540715965,422.8457934983155,1.0
6,381,154.65027542519906,419.16458031734595,149.65027542519906,414.16458031734595,159.65027542519906,424.16458031734595,1.0
6,382,154.4082755957733,419.0904267250306,149.4082755957733,414.0904267250306,159.4082755957733,424.0904267250306,1.0
6,383,154.37957256041884,419.79316233232805,149.37957256041884,414.79316233232805,159.37957256041884,424.79316233232805,1.0
6,384,155.2601115380414,419.47767365594234,150.2601115380414,414.47767365594234,160.2601115380414,424.47767365594234,1.0
6,385,155.23493810804845,419.2845662492998,150.23493810804845,414.2845662492998,160.23493810804845,424.2845662492998,1.0
6,386,154.8776670324802,419.1297388299917,149.8776670324802,414.1297388299917,159.8776670324802,424.1297388299917,1.0
6,387,155.4270555324804,419.68626258932375,150.4270555324804,414.68626258932375,160.4270555324804,424.68626258932375,1.0
6,388,156.0265003575293,419.7927126951856,151.0265003575293,414.7927126951856,161.0265003575293,424.7927126951856,1.0
6,389,155.2713370314102,419.5183141354667,150.2713370314102,414.5183141354667,160.2713370314102,424.5183141354667,1.0
6,390,154.95929102893973,419.8709082489738,149.95929102893973,414.8709082489738,159.95929102893973,424.8709082489738,1.0
6,391,154.94365910575485,420.2681367734262,149.94365910575485,415.2681367734262,159.94365910575485,425.2681367734262,1.0
6,392,155.10241693529758,419.92173141716466,150.10241693529758,414.92173141716466,160.10241693529758,424.92173141716466,1.0
6,393,155.04479786420873,421.18183069353194,150.04479786420873,416.18183069353194,160.04479786420873,426.18183069353194,1.0
6,394,154.79968577252157,420.89483397007865,149.79968577252157,415.89483397007865,159.79968577252157,425.89483397007865,1.0
6,395,155.72198026866883,420.67754009037424,150.72198026866883,415.67754009037424,160.72198026866883,425.67754009037424,1.0
6,396,156.54289821859766,420.0164123341758,151.54289821859766,415.0164123341758,161.54289821859766,425.0164123341758,1.0
6,397,156.22770259884535,419.01338396515854,151.22770259884535,414.01338396515854,161.22770259884535,424.01338396515854,1.0
6,398,156.35960845033537,417.4387197972491,151.35960845033537,412.4387197972491,161.35960845033537,422.4387197972491,1.0
6,399,156.33942188683432,416.2784781365732,151.33942188683432,411.2784781365732,161.33942188683432,421.2784781365732,1.0
6,400,156.5703715344928,414.8691654040489,151.5703715344928,409.8691654040489,161.5703715344928,419.8691654040489,1.0
6,401,156.75962712833618,415.22246412331117,151.75962712833618,410.22246412331117,161.75962712833618,420.22246412331117,1.0
6,402,157.10971813286105,415.57364925212244,152.10971813286105,410.57364925212244,162.10971813286105,420.57364925212244,1.0
6,403,156.94994809480391,416.33335093617546,151.94994809480391,411.33335093617546,161.94994809480391,421.33335093617546,1.0
6,404,156.8516120099322,416.0384501228704,151.8516120099322,411.0384501228704,161.8516120099322,421.0384501228704,1.0
6,405,156.39478166999703,415.58444730892666,151.39478166999703,410.58444730892666,161.39478166999703,420.58444730892666,1.0
6,406,156.49472603467788,415.32779406690395,151.49472603467788,410.32779406690395,161.49472603467788,420.32779406690395,1.0
6,407,156.46568903163782,415.5879136271749,151.46568903163782,410.5879136271749,161.46568903163782,420.5879136271749,1.0
6,408,156.1035477335935,415.10179884196214,151.1035477335935,410.10179884196214,161.1035477335935,420.10179884196214,1.0
6,409,155.57481228370932,415.1706250781686,150.57481228370932,410.1706250781686,160.57481228370932,420.1706250781686,1.0
6,410,155.99105907141285,415.15908768163,150.99105907141285,410.15908768163,160.99105907141285,420.15908768163,1.0
6,411,156.74469826536406,415.39810327172404,151.74469826536406,410.39810327172404,161.74469826536406,420.39810327172404,1.0
6,412,157.23466165180588,414.82363385886293,152.23466165180588,409.82363385886293,162.23466165180588,419.82363385886293,1.0
6,413,157.51320507466176,414.8290005609269,152.51320507466176,409.8290005609269,162.51320507466176,419.8290005609269,1.0
6,414,158.07896216430407,415.12636295232403,153.07896216430407,410.12636295232403,163.07896216430407,420.12636295232403,1.0
6,415,158.2706170549564,416.03812641633857,153.2706170549564,411.03812641633857,163.2706170549564,421.03812641633857,1.0
6,416,158.22661259881485,415.7989134763007,153.22661259881485,410.7989134763007,163.22661259881485,420.7989134763007,1.0
6,417,157.68330996338733,414.7617890009508,152.68330996338733,409.7617890009508,162.68330996338733,419.7617890009508,1.0
6,418,157.36756764344963,414.9805838471528,152.36756764344963,409.9805838471528,162.36756764344963,419.9805838471528,1.0
6,419,156.81674534177714,415.85260102592935,151.81674534177714,410.85260102592935,161.81674534177714,420.85260102592935,1.0
6,420,157.02985386113755,416.35234534233365,152.02985386113755,411.35234534233365,162.02985386113755,421.35234534233365,1.0
6,421,157.53498951579456,416.8811283709027,152.53498951579456,411.8811283709027,162.53498951579456,421.8811283709027,1.0
6,422,158.08092611613853,416.84451810460854,153.08092611613853,411.84451810460854,163.08092611613853,421.84451810460854,1.0
6,423,157.5881741108561,416.7668600078693,152.5881741108561,411.7668600078693,162.5881741108561,421.7668600078693,1.0
6,424,157.30390872149906,417.0041817242001,152.30390872149906,412.0041817242001,162.30390872149906,422.0041817242001,1.0
6,425,156.80438731800623,417.41944063504565,151.80438731800623,412.41944063504565,161.80438731800623,422.41944063504565,1.0
6,426,157.16881063931982,417.531480012132,152.16881063931982,412.531480012132,162.16881063931982,422.531480012132,1.0
6,427,156.88325470951025,418.3717801469628,151.88325470951025,413.3717801469628,161.88325470951025,423.3717801469628,1.0
6,428,156.15464637991695,419.198764566885,151.15464637991695,414.198764566885,161.15464637991695,424.198764566885,1.0
6,429,156.29630140041394,419.851395612138,151.29630140041394,414.851395612138,161.29630140041394,424.851395612138,1.0
6,430,156.65822905809648,420.33587112888677,151.65822905809648,415.33587112888677,161.65822905809648,425.33587112888677,1.0
6,431,157.24394586985932,420.17531815104263,152.24394586985932,415.17531815104263,162.24394586985932,425.17531815104263,1.0
6,432,157.3070642683157,421.05309170025043,152.3070642683157,416.05309170025043,162.3070642683157,426.05309170025043,1.0
6,433,156.85439194603802,422.03193850564014,151.85439194603802,417.03193850564014,161.85439194603802,427.03193850564014,1.0
6,434,155.4937760842477,422.4393727290408,150.4937760842477,417.4393727290408,160.4937760842477,427.4393727290408,1.0
6,435,153.67255797368102,421.30101327883756,148.67255797368102,416.30101327883756,158.67255797368102,426.30101327883756,1.0
6,436,151.84947936875741,420.17709755683984,146.84947936875741,415.17709755683984,156.84947936875741,425.17709755683984,1.0
6,437,151.08283777219108,418.6628516804949,146.08283777219108,413.6628516804949,156.08283777219108,423.6628516804949,1.0
6,438,150.27926380040762,417.2498801194311,145.27926380040762,412.2498801194311,155.27926380040762,422.2498801194311,1.0
6,439,150.01889140233882,416.24352199523435,145.01889140233882,411.24352199523435,155.01889140233882,421.24352199523435,1.0
6,440,149.98264408749418,416.0857273646159,144.98264408749418,411.0857273646159,154.98264408749418,421.0857273646159,1.0
6,441,149.82887997405265,416.28570938166354,144.82887997405265,411.28570938166354,154.82887997405265,421.28570938166354,1.0
6,442,150.92166210408354,416.6265162093006,145.92166210408354,411.6265162093006,155.92166210408354,421.6265162093006,1.0
6,443,151.36359338165818,417.10603978925786,146.36359338165818,412.10603978925786,156.36359338165818,422.10603978925786,1.0
6,444,151.2785566673553,416.71885192723977,146.2785566673553,411.71885192723977,156.2785566673553,421.71885192723977,1.0
6,445,151.12461032246463,417.20661062619445,146.12461032246463,412.20661062619445,156.12461032246463,422.20661062619445,1.0
6,446,151.69382109589128,416.4803119295287,146.69382109589128,411.4803119295287,156.69382109589128,421.4803119295287,1.0
6,447,152.19049015421353,415.60199306749837,147.19049015421353,410.60199306749837,157.19049015421353,420.60199306749837,1.0
6,448,153.2290277848044,414.6794161437858,148.2290277848044,409.6794161437858,158.2290277848044,419.6794161437858,1.0
6,449,154.37219850378293,413.87916913684944,149.37219850378293,408.87916913684944,159.37219850378293,418.87916913684944,1.0
6,450,155.49256413934825,413.87057027183397,150.49256413934825,408.87057027183397,160.49256413934825,418.87057027183397,1.0
6,451,156.40682481042398,414.1536513147784,151.40682481042398,409.1536513147784,161.40682481042398,419.1536513147784,1.0
6,452,156.5132087843125,413.9613541646093,151.5132087843125,408.9613541646093,161.5132087843125,418.9613541646093,1.0
6,453,156.8496115029088,414.19799702388076,151.8496115029088,409.19799702388076,161.8496115029088,419.19799702388076,1.0
6,454,157.14574204809708,414.76633886233174,152.14574204809708,409.76633886233174,162.14574204809708,419.76633886233174,1.0
6,455,156.85711017089233,414.71765242944065,151.85711017089233,409.71765242944065,161.85711017089233,419.71765242944065,1.0
6,456,157.2788298219022,414.9957481670318,152.2788298219022,409.9957481670318,162.2788298219022,419.9957481670318,1.0
6,457,157.2912587795755,416.31419294555207,152.2912587795755,411.31419294555207,162.2912587795755,421.31419294555207,1.0
6,458,156.45017153381485,417.03780514986056,151.45017153381485,412.03780514986056,161.45017153381485,422.03780514986056,1.0
6,459,154.7438116897909,418.14868311869924,149.7438116897909,413.14868311869924,159.7438116897909,423.14868311869924,1.0
6,460,154.064721530328,418.50349608016217,149.064721530328,413.50349608016217,159.064721530328,423.50349608016217,1.0
6,461,154.29142728619033,418.6504487659127,149.29142728619033,413.6504487659127,159.29142728619033,423.6504487659127,1.0
6,462,155.17611920024123,419.11778715809106,150.17611920024123,414.11778715809106,160.17611920024123,424.11778715809106,1.0
6,463,155.859954601953,418.80881608619285,150.859954601953,413.80881608619285,160.859954601953,423.80881608619285,1.0
6,464,155.10800419615367,417.1001626389149,150.10800419615367,412.1001626389149,160.10800419615367,422.1001626389149,1.0
6,465,154.82671041632548,416.12966171422016,149.82671041632548,411.12966171422016,159.82671041632548,421.12966171422016,1.0
6,466,152.99865412710236,416.3490660255521,147.99865412710236,411.3490660255521,157.99865412710236,421.3490660255521,1.0
6,467,150.9787032785885,414.9158279392372,145.9787032785885,409.9158279392372,155.9787032785885,419.9158279392372,1.0
6,468,148.47035726452367,414.3583637189504,143.47035726452367,409.3583637189504,153.47035726452367,419.3583637189504,1.0
6,469,147.3868597104982,413.4073167339177,142.3868597104982,408.4073167339177,152.3868597104982,418.4073167339177,1.0
6,470,146.96447342337623,413.43839260251406,141.96447342337623,408.43839260251406,151.96447342337623,418.43839260251406,1.0
6,471,145.7312277283016,413.58336915786407,140.7312277283016,408.58336915786407,150.7312277283016,418.58336915786407,1.0
6,472,145.46159655274985,412.50744008371584,140.46159655274985,407.50744008371584,150.46159655274985,417.50744008371584,1.0
6,473,145.7354365737491,410.81206434920296,140.7354365737491,405.81206434920296,150.7354365737491,415.81206434920296,1.0
6,474,146.49111222881288,409.35384271069904,141.49111222881288,404.35384271069904,151.49111222881288,414.35384271069904,1.0
6,475,147.3616719388153,407.3142073779798,142.3616719388153,402.3142073779798,152.3616719388153,412.3142073779798,1.0
6,476,148.3259644428367,406.31091085769606,143.3259644428367,401.31091085769606,153.3259644428367,411.31091085769606,1.0
6,477,147.91108244610032,406.14560531541736,142.91108244610032,401.14560531541736,152.91108244610032,411.14560531541736,1.0
6,478,147.33858003400684,406.10564462207947,142.33858003400684,401.10564462207947,152.33858003400684,411.10564462207947,1.0
6,479,147.62169962409988,405.918137805795,142.62169962409988,400.918137805795,152.62169962409988,410.918137805795,1.0
6,480,147.46984726702036,405.03186264834835,142.46984726702036,400.03186264834835,152.46984726702036,410.03186264834835,1.0
6,481,147.69961190295405,404.480892392839,142.69961190295405,399.480892392839,152.69961190295405,409.480892392839,1.0
6,482,148.73479955428388,404.1460212946734,143.73479955428388,399.1460212946734,153.73479955428388,409.1460212946734,1.0
6,483,150.1176390314416,403.87151064955054,145.1176390314416,398.87151064955054,155.1176390314416,408.87151064955054,1.0
6,484,150.51613930741902,403.115778962471,145.51613930741902,398.115778962471,155.51613930741902,408.115778962471,1.0
6,485,149.92325990228446,403.5577628145657,144.92325990228446,398.5577628145657,154.92325990228446,408.5577628145657,1.0
6,486,148.765035112133,404.3884477943163,143.765035112133,399.3884477943163,153.765035112133,409.3884477943163,1.0
6,487,148.56649080440755,404.960938206951,143.56649080440755,399.960938206951,153.56649080440755,409.960938206951,1.0
6,488,147.7895094998411,406.073149657661,142.7895094998411,401.073149657661,152.7895094998411,411.073149657661,1.0
6,489,148.08171730472168,407.2262069911864,143.08171730472168,402.2262069911864,153.08171730472168,412.2262069911864,1.0
6,490,148.08203066525815,408.3815781158947,143.08203066525815,403.3815781158947,153.08203066525815,413.3815781158947,1.0
6,491,148.08620298558628,409.5297680262525,143.08620298558628,404.5297680262525,153.08620298558628,414.5297680262525,1.0
6,492,147.2002888438936,409.9772795058127,142.2002888438936,404.9772795058127,152.2002888438936,414.9772795058127,1.0
6,493,147.85475624005116,410.505434176137,142.85475624005116,405.505434176137,152.85475624005116,415.505434176137,1.0
6,494,147.20650769784478,409.5754397841702,142.20650769784478,404.5754397841702,152.20650769784478,414.5754397841702,1.0
6,495,147.16257712185308,408.64133284660136,142.16257712185308,403.64133284660136,152.16257712185308,413.64133284660136,1.0
6,496,147.04088677118744,408.1668245537024,142.04088677118744,403.1668245537024,152.04088677118744,413.1668245537024,1.0
6,497,148.0455126921554,408.39765015904993,143.0455126921554,403.39765015904993,153.0455126921554,413.39765015904993,1.0
6,498,149.51206759335437,407.44252741385236,144.51206759335437,402.44252741385236,154.51206759335437,412.44252741385236,1.0
6,499,150.26003804482136,406.8235974265933,145.26003804482136,401.8235974265933,155.26003804482136,411.8235974265933,1.0
6,500,150.38304067340653,407.1521354615691,145.38304067340653,402.1521354615691,155.38304067340653,412.1521354615691,1.0
6,501,149.71376690303018,408.1052637645665,144.71376690303018,403.1052637645665,154.71376690303018,413.1052637645665,1.0
6,502,148.85186411250803,408.51076149467156,143.85186411250803,403.51076149467156,153.85186411250803,413.51076149467156,1.0
6,503,149.25627452272337,409.0972662615609,144.25627452272337,404.0972662615609,154.25627452272337,414.0972662615609,1.0
6,504,150.17209571058376,410.3712814198466,145.17209571058376,405.3712814198466,155.17209571058376,415.3712814198466,1.0
6,505,149.366894058386,412.1655606339501,144.366894058386,407.1655606339501,154.366894058386,417.1655606339501,1.0
6,506,148.6676600639848,413.5026961681705,143.6676600639848,408.5026961681705,153.6676600639848,418.5026961681705,1.0
6,507,147.91143540342597,414.09579390929724,142.91143540342597,409.09579390929724,152.91143540342597,419.09579390929724,1.0
6,508,148.58507219092758,413.3303194031806,143.58507219092758,408.3303194031806,153.58507219092758,418.3303194031806,1.0
6,509,149.0046858878969,412.26882408959017,144.0046858878969,407.26882408959017,154.0046858878969,417.26882408959017,1.0
6,510,149.28428053753674,410.90420671235836,144.28428053753674,405.90420671235836,154.28428053753674,415.90420671235836,1.0
6,511,149.93186017729278,409.56335581566367,144.93186017729278,404.56335581566367,154.93186017729278,414.56335581566367,1.0
6,512,151.12292586645592,408.3323614163047,146.12292586645592,403.3323614163047,156.12292586645592,413.3323614163047,1.0
6,513,150.79633970856793,407.69932883478043,145.79633970856793,402.69932883478043,155.79633970856793,412.69932883478043,1.0
6,514,150.60878042830328,406.43765699062266,145.60878042830328,401.43765699062266,155.60878042830328,411.43765699062266,1.0
6,515,150.40693009139477,404.8390682398562,145.40693009139477,399.8390682398562,155.40693009139477,409.8390682398562,1.0
6,516,150.671150740939,404.4621763490632,145.671150740939,399.4621763490632,155.671150740939,409.4621763490632,1.0
6,517,150.30914797608838,404.53836949636263,145.30914797608838,399.53836949636263,155.30914797608838,409.53836949636263,1.0
6,518,150.0943014483209,404.7260778283936,145.0943014483209,399.7260778283936,155.0943014483209,409.7260778283936,1.0
6,519,151.43103510248505,404.1467070706458,146.43103510248505,399.1467070706458,156.43103510248505,409.1467070706458,1.0
6,520,151.3751480148708,404.8086912772152,146.3751480148708,399.8086912772152,156.3751480148708,409.8086912772152,1.0
6,521,150.24734327529302,404.601532605943,145.24734327529302,399.601532605943,155.24734327529302,409.601532605943,1.0
6,522,149.6229228531078,403.96137218066656,144.6229228531078,398.96137218066656,154.6229228531078,408.96137218066656,1.0
6,523,149.23241066416603,403.8658590481448,144.23241066416603,398.8658590481448,154.23241066416603,408.8658590481448,1.0
6,524,149.00692523580477,404.343909917905,144.00692523580477,399.343909917905,154.00692523580477,409.343909917905,1.0
6,525,148.48629042061785,403.37150617670386,143.48629042061785,398.37150617670386,153.48629042061785,408.37150617670386,1.0
6,526,149.40849267565562,402.3706356714407,144.40849267565562,397.3706356714407,154.40849267565562,407.3706356714407,1.0
6,527,150.2745171111239,401.38258234717966,145.2745171111239,396.38258234717966,155.2745171111239,406.38258234717966,1.0
6,528,150.04690016529483,401.2537931963194,145.04690016529483,396.2537931963194,155.04690016529483,406.2537931963194,1.0
6,529,149.02354626912754,401.2642604176243,144.02354626912754,396.2642604176243,154.02354626912754,406.2642604176243,1.0
6,530,148.806098458392,400.8674389559696,143.806098458392,395.8674389559696,153.806098458392,405.8674389559696,1.0
6,531,148.34234806657884,401.52898257953836,143.34234806657884,396.52898257953836,153.34234806657884,406.52898257953836,1.0
6,532,148.53210508313737,402.28807232322276,143.53210508313737,397.28807232322276,153.53210508313737,407.28807232322276,1.0
6,533,150.01212112926132,403.15063384304415,145.01212112926132,398.15063384304415,155.01212112926132,408.15063384304415,1.0
6,534,150.5475854608652,403.2535085054499,145.5475854608652,398.2535085054499,155.5475854608652,408.2535085054499,1.0
6,535,150.96643898867308,402.8478789261983,145.96643898867308,397.8478789261983,155.96643898867308,407.8478789261983,1.0
6,536,151.17132008727444,403.4803048476059,146.17132008727444,398.4803048476059,156.17132008727444,408.4803048476059,1.0
6,537,150.95345993441845,403.2579730671158,145.95345993441845,398.2579730671158,155.95345993441845,408.2579730671158,1.0
6,538,150.75070577359065,403.0845870589724,145.75070577359065,398.0845870589724,155.75070577359065,408.0845870589724,1.0
6,539,150.9329293287457,403.1562117303775,145.9329293287457,398.1562117303775,155.9329293287457,408.1562117303775,1.0
6,540,151.3339750351244,402.58899699511744,146.3339750351244,397.58899699511744,156.3339750351244,407.58899699511744,1.0
6,541,151.8024521143085,401.82293036632313,146.8024521143085,396.82293036632313,156.8024521143085,406.82293036632313,1.0
6,542,152.70842834695802,400.11462292523606,147.70842834695802,395.11462292523606,157.70842834695802,405.11462292523606,1.0
6,543,152.91705463666636,400.0090217061747,147.91705463666636,395.0090217061747,157.91705463666636,405.0090217061747,1.0
6,544,153.2667304073697,400.98506384400883,148.2667304073697,395.98506384400883,158.2667304073697,405.98506384400883,1.0
6,545,154.11214964519874,402.0599629420921,149.11214964519874,397.0599629420921,159.11214964519874,407.0599629420921,1.0
6,546,155.65571819496844,402.8437513423471,150.65571819496844,397.8437513423471,160.65571819496844,407.8437513423471,1.0
6,547,156.50697768674448,402.5493740037363,151.50697768674448,397.5493740037363,161.50697768674448,407.5493740037363,1.0
6,548,156.37048110332546,401.9366465497063,151.37048110332546,396.9366465497063,161.37048110332546,406.9366465497063,1.0
6,549,156.11391990232048,400.0759355044471,151.11391990232048,395.0759355044471,161.11391990232048,405.0759355044471,1.0
6,550,156.09435270536773,398.9389477938382,151.09435270536773,393.9389477938382,161.09435270536773,403.9389477938382,1.0
6,551,155.2815763661484,398.5758650500925,150.2815763661484,393.5758650500925,160.2815763661484,403.5758650500925,1.0
6,552,154.48116053614623,397.98915694720154,149.48116053614623,392.98915694720154,159.48116053614623,402.98915694720154,1.0
6,553,153.4296367595086,396.7677146649853,148.4296367595086,391.7677146649853,158.4296367595086,401.7677146649853,1.0
6,554,153.00665927245092,395.7517141224919,148.00665927245092,390.7517141224919,158.00665927245092,400.7517141224919,1.0
6,555,152.2633736404728,395.0925967161089,147.2633736404728,390.0925967161089,157.2633736404728,400.0925967161089,1.0
6,556,152.35320902548838,394.9960199099209,147.35320902548838,389.9960199099209,157.35320902548838,399.9960199099209,1.0
6,557,153.12191641301666,395.6612046414565,148.12191641301666,390.6612046414565,158.12191641301666,400.6612046414565,1.0
6,558,153.6002321084957,396.4505497794697,148.6002321084957,391.4505497794697,158.6002321084957,401.4505497794697,1.0
6,559,153.01221165846982,396.8712448654487,148.01221165846982,391.8712448654487,158.01221165846982,401.8712448654487,1.0
6,560,151.71169312067985,396.5736412758056,146.71169312067985,391.5736412758056,156.71169312067985,401.5736412758056,1.0
6,561,150.3671306722236,396.2125762083798,145.3671306722236,391.2125762083798,155.3671306722236,401.2125762083798,1.0
6,562,149.73392863697845,396.56219341862345,144.73392863697845,391.56219341862345,154.73392863697845,401.56219341862345,1.0
6,563,149.1311372976058,396.50794114525786,144.1311372976058,391.50794114525786,154.1311372976058,401.50794114525786,1.0
6,564,148.27372779766503,396.88185117338594,143.27372779766503,391.88185117338594,153.27372779766503,401.88185117338594,1.0
6,565,146.87771310923443,396.7288665273245,141.87771310923443,391.7288665273245,151.87771310923443,401.7288665273245,1.0
6,566,146.12553963238923,396.9590711972761,141.12553963238923,391.9590711972761,151.12553963238923,401.9590711972761,1.0
6,567,144.55649872695767,398.07782865232656,139.55649872695767,393.07782865232656,149.55649872695767,403.07782865232656,1.0
6,568,144.15249655179105,398.6480575220454,139.15249655179105,393.6480575220454,149.15249655179105,403.6480575220454,1.0
6,569,143.01374955385165,398.68393178475026,138.01374955385165,393.68393178475026,148.01374955385165,403.68393178475026,1.0
6,570,143.40216803712696,398.30416928792573,138.40216803712696,393.30416928792573,148.40216803712696,403.30416928792573,1.0
6,571,143.5516894054011,397.35639043246545,138.5516894054011,392.35639043246545,148.5516894054011,402.35639043246545,1.0
6,572,144.02497164289835,396.86107276311986,139.02497164289835,391.86107276311986,149.02497164289835,401.86107276311986,1.0
6,573,144.05933385315637,395.0331944380605,139.05933385315637,390.0331944380605,149.05933385315637,400.0331944380605,1.0
6,574,143.8125406630674,393.950109275314,138.8125406630674,388.950109275314,148.8125406630674,398.950109275314,1.0
6,575,144.66663312656036,393.7587060548393,139.66663312656036,388.7587060548393,149.66663312656036,398.7587060548393,1.0
6,576,145.03978773939428,393.66770514897314,140.03978773939428,388.66770514897314,150.03978773939428,398.66770514897314,1.0
6,577,144.62084473442357,392.5215226138473,139.62084473442357,387.5215226138473,149.62084473442357,397.5215226138473,1.0
6,578,144.0318116846688,391.9031507371941,139.0318116846688,386.9031507371941,149.0318116846688,396.9031507371941,1.0
6,579,143.9292739783133,391.2611437591518,138.9292739783133,386.2611437591518,148.9292739783133,396.2611437591518,1.0
6,580,143.6925915920443,391.63890928543935,138.6925915920443,386.63890928543935,148.6925915920443,396.63890928543935,1.0
6,581,143.84442678593282,392.18534648161466,138.84442678593282,387.18534648161466,148.84442678593282,397.18534648161466,1.0
6,582,142.9556952137346,393.72399164361275,137.9556952137346,388.72399164361275,147.9556952137346,398.72399164361275,1.0
6,583,142.71083998601145,394.6369504461922,137.71083998601145,389.6369504461922,147.71083998601145,399.6369504461922,1.0
6,584,143.95697915480721,396.19203315542956,138.95697915480721,391.19203315542956,148.95697915480721,401.19203315542956,1.0
6,585,142.96106182916643,396.1226929112278,137.96106182916643,391.1226929112278,147.96106182916643,401.1226929112278,1.0
6,586,142.63411844379837,396.50112943526636,137.63411844379837,391.50112943526636,147.63411844379837,401.50112943526636,1.0
6,587,142.12663268867558,396.2185137670218,137.12663268867558,391.2185137670218,147.12663268867558,401.2185137670218,1.0
6,588,141.6756643354416,396.3826123461374,136.6756643354416,391.3826123461374,146.6756643354416,401.3826123461374,1.0
6,589,141.01355860067545,397.5409256364151,136.01355860067545,392.5409256364151,146.01355860067545,402.5409256364151,1.0
6,590,140.7182209685042,398.27748421519834,135.7182209685042,393.27748421519834,145.7182209685042,403.27748421519834,1.0
6,591,141.32850980229037,398.6035015656487,136.32850980229037,393.6035015656487,146.32850980229037,403.6035015656487,1.0
6,592,143.0706556834884,398.87244913378044,138.0706556834884,393.87244913378044,148.0706556834884,403.87244913378044,1.0
6,593,144.81109104162846,398.7442205371215,139.81109104162846,393.7442205371215,149.81109104162846,403.7442205371215,1.0
6,594,146.515501481839,397.57646227406775,141.515501481839,392.57646227406775,151.515501481839,402.57646227406775,1.0
6,595,146.72458865571497,397.0775832597901,141.72458865571497,392.0775832597901,151.72458865571497,402.0775832597901,1.0
6,596,147.05159337380846,397.49298280377957,142.05159337380846,392.49298280377957,152.05159337380846,402.49298280377957,1.0
6,597,146.8930061784074,397.71160514291057,141.8930061784074,392.71160514291057,151.8930061784074,402.71160514291057,1.0
6,598,147.71567352232427,398.2121910422263,142.71567352232427,393.2121910422263,152.71567352232427,403.2121910422263,1.0
6,599,147.88245286481975,399.0890078426448,142.88245286481975,394.0890078426448,152.88245286481975,404.0890078426448,1.0
6,600,148.01654307995503,399.36248021076005,143.01654307995503,394.36248021076005,153.01654307995503,404.36248021076005,1.0
6,601,147.87877013106447,400.1643106621118,142.87877013106447,395.1643106621118,152.87877013106447,405.1643106621118,1.0
6,602,147.9728201567839,401.0583788393606,142.9728201567839,396.0583788393606,152.9728201567839,406.0583788393606,1.0
6,603,148.6498768044476,401.6015962661032,143.6498768044476,396.6015962661032,153.6498768044476,406.6015962661032,1.0
6,604,149.883724193861,401.32138916930364,144.883724193861,396.32138916930364,154.883724193861,406.32138916930364,1.0
6,605,151.29860249000538,401.35338422875685,146.29860249000538,396.35338422875685,156.29860249000538,406.35338422875685,1.0
6,606,152.0377523732602,400.71353634334343,147.0377523732602,395.71353634334343,157.0377523732602,405.71353634334343,1.0
6,607,153.84413633331354,399.9805824679327,148.84413633331354,394.9805824679327,158.84413633331354,404.9805824679327,1.0
6,608,154.6925486870896,399.0388837089876,149.6925486870896,394.0388837089876,159.6925486870896,404.0388837089876,1.0
6,609,155.16214194881536,398.4101811304449,150.16214194881536,393.4101811304449,160.16214194881536,403.4101811304449,1.0
6,610,155.96509154683957,397.2438977936417,150.96509154683957,392.2438977936417,160.96509154683957,402.2438977936417,1.0
6,611,157.3042754984671,396.34066747120823,152.3042754984671,391.34066747120823,162.3042754984671,401.34066747120823,1.0
6,612,157.55598508864412,397.1820885847523,152.55598508864412,392.1820885847523,162.55598508864412,402.1820885847523,1.0
6,613,158.50045817763862,397.73236253177726,153.50045817763862,392.73236253177726,163.50045817763862,402.73236253177726,1.0
6,614,158.68382986534647,398.1833212269171,153.68382986534647,393.1833212269171,163.68382986534647,403.1833212269171,1.0
6,615,160.0433356526055,398.96246369292476,155.0433356526055,393.96246369292476,165.0433356526055,403.96246369292476,1.0
6,616,161.10449947467947,399.01859439753446,156.10449947467947,394.01859439753446,166.10449947467947,404.01859439753446,1.0
6,617,161.5825594787894,398.4334174909892,156.5825594787894,393.4334174909892,166.5825594787894,403.4334174909892,1.0
6,618,161.53178375464367,398.55507517674664,156.53178375464367,393.55507517674664,166.53178375464367,403.55507517674664,1.0
6,619,161.17719547187534,398.6430721552501,156.17719547187534,393.6430721552501,166.17719547187534,403.6430721552501,1.0
6,620,160.55207866710276,398.32124495441406,155.55207866710276,393.32124495441406,165.55207866710276,403.32124495441406,1.0
6,621,159.7998439103443,397.173027133941,154.7998439103443,392.173027133941,164.7998439103443,402.173027133941,1.0
6,622,158.44445282124246,396.60818402736675,153.44445282124246,391.60818402736675,163.44445282124246,401.60818402736675,1.0
6,623,157.3475971511167,396.3085721695798,152.3475971511167,391.3085721695798,162.3475971511167,401.3085721695798,1.0
6,624,157.3166412626291,396.7513277715316,152.3166412626291,391.7513277715316,162.3166412626291,401.7513277715316,1.0
6,625,157.21979993454875,396.67550825624846,152.21979993454875,391.67550825624846,162.21979993454875,401.67550825624846,1.0
6,626,159.06992979228608,396.63912647256427,154.06992979228608,391.63912647256427,164.06992979228608,401.63912647256427,1.0
6,627,159.40203519199832,396.23475940743253,154.40203519199832,391.23475940743253,164.40203519199832,401.23475940743253,1.0
6,628,160.04442543086427,395.70564147483043,155.04442543086427,390.70564147483043,165.04442543086427,400.70564147483043,1.0
6,629,160.47000687412785,395.3019522511988,155.47000687412785,390.3019522511988,165.47000687412785,400.3019522511988,1.0
6,630,162.25258006811632,394.69268790809656,157.25258006811632,389.69268790809656,167.25258006811632,399.69268790809656,1.0
6,631,164.52724587787569,394.12077566739265,159.52724587787569,389.12077566739265,169.52724587787569,399.12077566739265,1.0
6,632,165.88757782550147,393.86148580641003,160.88757782550147,388.86148580641003,170.88757782550147,398.86148580641003,1.0
6,633,166.28578771556099,392.7803875192396,161.28578771556099,387.7803875192396,171.28578771556099,397.7803875192396,1.0
6,634,166.45978712181582,391.17600722964323,161.45978712181582,386.17600722964323,171.45978712181582,396.17600722964323,1.0
6,635,166.649721757807,389.93138846249815,161.649721757807,384.93138846249815,171.649721757807,394.93138846249815,1.0
6,636,165.6527751895262,388.5594649810507,160.6527751895262,383.5594649810507,170.6527751895262,393.5594649810507,1.0
6,637,164.8954627377814,388.0993570229452,159.8954627377814,383.0993570229452,169.8954627377814,393.0993570229452,1.0
6,638,164.9686878172635,387.4043043573745,159.9686878172635,382.4043043573745,169.9686878172635,392.4043043573745,1.0
6,639,164.65200725538784,388.02181343165233,159.65200725538784,383.02181343165233,169.65200725538784,393.02181343165233,1.0
6,640,164.63450326685495,388.60613189060626,159.63450326685495,383.60613189060626,169.63450326685495,393.60613189060626,1.0
6,641,164.2162226946687,388.67634217669394,159.2162226946687,383.67634217669394,169.2162226946687,393.67634217669394,1.0
6,642,165.115934260575,388.72979175592917,160.115934260575,383.72979175592917,170.115934260575,393.72979175592917,1.0
6,643,164.50059444495128,388.61454718183035,159.50059444495128,383.61454718183035,169.50059444495128,393.61454718183035,1.0
6,644,162.95742124360473,388.27906981671293,157.95742124360473,383.27906981671293,167.95742124360473,393.27906981671293,1.0
6,645,162.40912250134113,387.37101906610195,157.40912250134113,382.37101906610195,167.40912250134113,392.37101906610195,1.0
6,646,161.16810297937482,387.48845110685204,156.16810297937482,382.48845110685204,166.16810297937482,392.48845110685204,1.0
6,647,160.3624668854276,386.72153185983024,155.3624668854276,381.72153185983024,165.3624668854276,391.72153185983024,1.0
6,648,160.8280222329642,386.2291710246843,155.8280222329642,381.2291710246843,165.8280222329642,391.2291710246843,1.0
6,649,160.31151904656787,385.8098185190969,155.31151904656787,380.8098185190969,165.31151904656787,390.8098185190969,1.0
6,650,160.50080060480045,386.23060157423737,155.50080060480045,381.23060157423737,165.50080060480045,391.23060157423737,1.0
6,651,160.26423165033435,386.2439574501637,155.26423165033435,381.2439574501637,165.26423165033435,391.2439574501637,1.0
6,652,160.74262872285297,386.30705548914597,155.74262872285297,381.30705548914597,165.74262872285297,391.30705548914597,1.0
6,653,160.89293905801247,385.7949186552743,155.89293905801247,380.7949186552743,165.89293905801247,390.7949186552743,1.0
6,654,161.14403895378456,385.2141021710038,156.14403895378456,380.2141021710038,166.14403895378456,390.2141021710038,1.0
6,655,161.03678988027568,385.30430297960106,156.03678988027568,380.30430297960106,166.03678988027568,390.30430297960106,1.0
6,656,161.10576966687958,385.33349660866514,156.10576966687958,380.33349660866514,166.10576966687958,390.33349660866514,1.0
6,657,161.52355305870057,386.07113044803566,156.52355305870057,381.07113044803566,166.52355305870057,391.07113044803566,1.0
6,658,161.317961661962,386.6458272540033,156.317961661962,381.6458272540033,166.317961661962,391.6458272540033,1.0
6,659,160.3800096783529,386.80845071922494,155.3800096783529,381.80845071922494,165.3800096783529,391.80845071922494,1.0
6,660,159.5599043161346,386.58143343508124,154.5599043161346,381.58143343508124,164.5599043161346,391.58143343508124,1.0
6,661,158.782712401898,386.5945813471873,153.782712401898,381.5945813471873,163.782712401898,391.5945813471873,1.0
6,662,158.51218212491682,386.1996146322957,153.51218212491682,381.1996146322957,163.51218212491682,391.1996146322957,1.0
6,663,157.65983973365385,385.86517133479333,152.65983973365385,380.86517133479333,162.65983973365385,390.86517133479333,1.0
6,664,155.75579877196947,385.17185384989523,150.75579877196947,380.17185384989523,160.75579877196947,390.17185384989523,1.0
6,665,154.94167114176847,384.1821146533082,149.94167114176847,379.1821146533082,159.94167114176847,389.1821146533082,1.0
6,666,154.4552925087954,384.025362811118,149.4552925087954,379.025362811118,159.4552925087954,389.025362811118,1.0
6,667,153.79476752982595,383.24938539850484,148.79476752982595,378.24938539850484,158.79476752982595,388.24938539850484,1.0
6,668,153.4124156808955,382.83552961182494,148.4124156808955,377.83552961182494,158.4124156808955,387.83552961182494,1.0
6,669,152.9873231819487,382.39658378065707,147.9873231819487,377.39658378065707,157.9873231819487,387.39658378065707,1.0
6,670,153.28514645165905,381.59293391942805,148.28514645165905,376.59293391942805,158.28514645165905,386.59293391942805,1.0
6,671,153.0379425057204,381.3241797143173,148.0379425057204,376.3241797143173,158.0379425057204,386.3241797143173,1.0
6,672,153.2360858122737,381.1034745234314,148.2360858122737,376.1034745234314,158.2360858122737,386.1034745234314,1.0
6,673,154.0945768646885,381.24116771198163,149.0945768646885,376.24116771198163,159.0945768646885,386.24116771198163,1.0
6,674,154.77866100869807,381.7887728163985,149.77866100869807,376.7887728163985,159.77866100869807,386.7887728163985,1.0
6,675,154.63664089572015,382.0553894168935,149.63664089572015,377.0553894168935,159.63664089572015,387.0553894168935,1.0
6,676,153.88270569474543,381.8041442290379,148.88270569474543,376.8041442290379,158.88270569474543,386.8041442290379,1.0
6,677,153.97269423498344,382.0082799508199,148.97269423498344,377.0082799508199,158.97269423498344,387.0082799508199,1.0
6,678,153.97066530740392,382.44144230453253,148.97066530740392,377.44144230453253,158.97066530740392,387.44144230453253,1.0
6,679,153.26271822439253,382.49877818986823,148.26271822439253,377.49877818986823,158.26271822439253,387.49877818986823,1.0
6,680,153.60719657586094,382.2284614559089,148.60719657586094,377.2284614559089,158.60719657586094,387.2284614559089,1.0
6,681,152.69770244117473,382.3613611722461,147.69770244117473,377.3613611722461,157.69770244117473,387.3613611722461,1.0
6,682,152.17631271715857,383.08787806986066,147.17631271715857,378.08787806986066,157.17631271715857,388.08787806986066,1.0
6,683,150.86251652809415,382.260064627087,145.86251652809415,377.260064627087,155.86251652809415,387.260064627087,1.0
6,684,149.9511703109225,381.9185987491325,144.9511703109225,376.9185987491325,154.9511703109225,386.9185987491325,1.0
6,685,149.22373029485476,381.5237420095929,144.22373029485476,376.5237420095929,154.22373029485476,386.5237420095929,1.0
6,686,149.0355637714353,381.78550947265694,144.0355637714353,376.78550947265694,154.0355637714353,386.78550947265694,1.0
6,687,149.43296161691288,382.40643627669857,144.43296161691288,377.40643627669857,154.43296161691288,387.40643627669857,1.0
6,688,148.73175066209885,383.03624001558234,143.73175066209885,378.03624001558234,153.73175066209885,388.03624001558234,1.0
6,689,147.84165420358863,383.1897687296165,142.84165420358863,378.1897687296165,152.84165420358863,388.1897687296165,1.0
6,690,147.85956945785222,382.1281501322032,142.85956945785222,377.1281501322032,152.85956945785222,387.1281501322032,1.0
6,691,147.0839308705774,382.2432383427994,142.0839308705774,377.2432383427994,152.0839308705774,387.2432383427994,1.0
6,692,147.59701347976136,382.64151429334675,142.59701347976136,377.64151429334675,152.59701347976136,387.64151429334675,1.0
6,693,146.85034891092948,383.0762097966635,141.85034891092948,378.0762097966635,151.85034891092948,388.0762097966635,1.0
6,694,146.60500526606185,383.2075630713948,141.60500526606185,378.2075630713948,151.60500526606185,388.2075630713948,1.0
6,695,146.0829599422058,382.8929487437101,141.0829599422058,377.8929487437101,151.0829599422058,387.8929487437101,1.0
6,696,145.5108498517575,383.7308822056693,140.5108498517575,378.7308822056693,150.5108498517575,388.7308822056693,1.0
6,697,145.20206451027167,382.97399870642334,140.20206451027167,377.97399870642334,150.20206451027167,387.97399870642334,1.0
6,698,145.17870257066946,382.7788513104116,140.17870257066946,377.7788513104116,150.17870257066946,387.7788513104116,1.0
6,699,145.18099598570038,382.321046585967,140.18099598570038,377.321046585967,150.18099598570038,387.321046585967,1.0
6,700,144.93101828507483,382.33891274684635,139.93101828507483,377.33891274684635,149.93101828507483,387.33891274684635,1.0
6,701,144.71035660665396,381.40958969049757,139.71035660665396,376.40958969049757,149.71035660665396,386.40958969049757,1.0
6,702,144.90088374783954,382.1114799634214,139.90088374783954,377.1114799634214,149.90088374783954,387.1114799634214,1.0
6,703,144.5784672336752,382.4785136193548,139.5784672336752,377.4785136193548,149.5784672336752,387.4785136193548,1.0
6,704,144.57412758365058,382.5640382468156,139.57412758365058,377.5640382468156,149.57412758365058,387.5640382468156,1.0
6,705,145.34701162375586,382.7344512792711,140.34701162375586,377.7344512792711,150.34701162375586,387.7344512792711,1.0
6,706,146.8806205061316,382.9930537363813,141.8806205061316,377.9930537363813,151.8806205061316,387.9930537363813,1.0
6,707,149.02930525766786,383.1450077564258,144.02930525766786,378.1450077564258,154.02930525766786,388.1450077564258,1.0
6,708,150.39594557140134,382.73695619714044,145.39594557140134,377.73695619714044,155.39594557140134,387.73695619714044,1.0
6,709,150.97935554834856,383.5365486022672,145.97935554834856,378.5365486022672,155.97935554834856,388.5365486022672,1.0
6,710,151.49400908005958,384.3362168722378,146.49400908005958,379.3362168722378,156.49400908005958,389.3362168722378,1.0
6,711,151.69185537823802,385.040297172657,146.69185537823802,380.040297172657,156.69185537823802,390.040297172657,1.0
6,712,152.28342119927538,385.31352493817406,147.28342119927538,380.31352493817406,157.28342119927538,390.31352493817406,1.0
6,713,152.31278711337762,386.36364670588773,147.31278711337762,381.36364670588773,157.31278711337762,391.36364670588773,1.0
6,714,151.39041244479623,387.5908930369497,146.39041244479623,382.5908930369497,156.39041244479623,392.5908930369497,1.0
6,715,152.7982887275636,388.793037369118,147.7982887275636,383.793037369118,157.7982887275636,393.793037369118,1.0
6,716,152.3588053318522,388.8618171266456,147.3588053318522,383.8618171266456,157.3588053318522,393.8618171266456,1.0
6,717,152.97255547851765,389.41423638384066,147.97255547851765,384.41423638384066,157.97255547851765,394.41423638384066,1.0
6,718,153.12562984509628,389.4673745560538,148.12562984509628,384.4673745560538,158.12562984509628,394.4673745560538,1.0
6,719,153.0358289429334,389.5464841251092,148.0358289429334,384.5464841251092,158.0358289429334,394.5464841251092,1.0
6,720,153.0151691604794,389.4772948339046,148.0151691604794,384.4772948339046,158.0151691604794,394.4772948339046,1.0
6,721,153.07363130522734,389.5847527119552,148.07363130522734,384.5847527119552,158.07363130522734,394.5847527119552,1.0
6,722,153.78171596188727,388.81205625340436,148.78171596188727,383.81205625340436,158.78171596188727,393.81205625340436,1.0
6,723,153.93867989109688,388.2363511748326,148.93867989109688,383.2363511748326,158.93867989109688,393.2363511748326,1.0
6,724,153.58319227870993,386.9379196438515,148.58319227870993,381.9379196438515,158.58319227870993,391.9379196438515,1.0
6,725,153.2026582056533,386.3396617980332,148.2026582056533,381.3396617980332,158.2026582056533,391.3396617980332,1.0
6,726,153.19330138143164,386.68476619671213,148.19330138143164,381.68476619671213,158.19330138143164,391.68476619671213,1.0
6,727,154.81800216539398,386.21102216639747,149.81800216539398,381.21102216639747,159.81800216539398,391.21102216639747,1.0
6,728,155.08111612356194,384.7124356069545,150.08111612356194,379.7124356069545,160.08111612356194,389.7124356069545,1.0
6,729,155.50307452432995,383.3695846625129,150.50307452432995,378.3695846625129,160.50307452432995,388.3695846625129,1.0
6,730,155.95067897019786,383.56124676147306,150.95067897019786,378.56124676147306,160.95067897019786,388.56124676147306,1.0
6,731,156.0425983751933,382.54919059317746,151.0425983751933,377.54919059317746,161.0425983751933,387.54919059317746,1.0
6,732,156.27233556318674,381.6970122966292,151.27233556318674,376.6970122966292,161.27233556318674,386.6970122966292,1.0
6,733,156.8862447413251,380.4527517412,151.8862447413251,375.4527517412,161.8862447413251,385.4527517412,1.0
6,734,157.13084459512297,379.17118857875704,152.13084459512297,374.17118857875704,162.13084459512297,384.17118857875704,1.0
6,735,157.29033801191989,376.69189356013305,152.29033801191989,371.69189356013305,162.29033801191989,381.69189356013305,1.0
6,736,157.04437737511466,375.6312241150956,152.04437737511466,370.6312241150956,162.04437737511466,380.6312241150956,1.0
6,737,157.74926918276776,374.5521100361817,152.74926918276776,369.5521100361817,162.74926918276776,379.5521100361817,1.0
6,738,158.64968354473743,374.1188162331879,153.64968354473743,369.1188162331879,163.64968354473743,379.1188162331879,1.0
7,0,510.5,312.0,505.5,307.0,515.5,317.0,1.0
7,1,511.53655920162845,312.50404829864044,506.53655920162845,307.50404829864044,516.5365592016285,317.50404829864044,1.0
7,2,511.2946062198805,312.55411657006033,506.2946062198805,307.55411657006033,516.2946062198805,317.55411657006033,1.0
7,3,511.07936167507586,312.17409389022504,506.07936167507586,307.17409389022504,516.0793616750759,317.17409389022504,1.0
7,4,511.13983305920834,312.7581250038775,506.13983305920834,307.7581250038775,516.1398330592083,317.7581250038775,1.0
7,5,511.68794699662084,313.3296140465182,506.68794699662084,308.3296140465182,516.6879469966209,318.3296140465182,1.0
7,6,512.255591658899,313.1267430447866,507.255591658899,308.1267430447866,517.255591658899,318.1267430447866,1.0
7,7,513.3301421245712,313.50101640094056,508.33014212457124,308.50101640094056,518.3301421245712,318.50101640094056,1.0
7,8,513.9918227660331,313.05412400119945,508.9918227660331,308.05412400119945,518.9918227660331,318.05412400119945,1.0
7,9,515.6259323712407,313.0281571377879,510.62593237124065,308.0281571377879,520.6259323712407,318.0281571377879,1.0
7,10,516.2414596649567,311.2880604924401,511.24145966495666,306.2880604924401,521.2414596649567,316.2880604924401,1.0
7,11,516.3526605422311,309.4708775535503,511.3526605422311,304.4708775535503,521.3526605422311,314.4708775535503,1.0
7,12,516.4170662279292,308.1115222293158,511.41706622792924,303.1115222293158,521.4170662279292,313.1115222293158,1.0
7,13,516.7887122837199,307.55798872206196,511.78871228371986,302.55798872206196,521.7887122837199,312.55798872206196,1.0
7,14,517.178165715211,307.5420878998906,512.178165715211,302.5420878998906,522.178165715211,312.5420878998906,1.0
7,15,517.1745190031373,307.51690387184567,512.1745190031373,302.51690387184567,522.1745190031373,312.51690387184567,1.0
7,16,517.864138352112,306.99871899680824,512.864138352112,301.99871899680824,522.864138352112,311.99871899680824,1.0
7,17,519.0375523761732,307.2301150755392,514.0375523761732,302.2301150755392,524.0375523761732,312.2301150755392,1.0
7,18,520.2108152584149,307.90470488617984,515.2108152584149,302.90470488617984,525.2108152584149,312.90470488617984,1.0
7,19,520.4875766918996,308.31375978097583,515.4875766918996,303.31375978097583,525.4875766918996,313.31375978097583,1.0
7,20,518.7794674598706,309.6488737135648,513.7794674598706,304.6488737135648,523.7794674598706,314.6488737135648,1.0
7,21,517.6778970587685,310.23274794974867,512.6778970587685,305.23274794974867,522.6778970587685,315.23274794974867,1.0
7,22,516.3733071400735,310.2014892576739,511.3733071400735,305.2014892576739,521.3733071400735,315.2014892576739,1.0
7,23,515.5043067068304,311.2068403820973,510.50430670683045,306.2068403820973,520.5043067068304,316.2068403820973,1.0
7,24,515.0972808791294,312.34715690201017,510.09728087912936,307.34715690201017,520.0972808791294,317.34715690201017,1.0
7,25,515.6866140461635,314.0020919563227,510.6866140461635,309.0020919563227,520.6866140461635,319.0020919563227,1.0
7,26,515.9194032707024,316.02752677455646,510.91940327070245,311.02752677455646,520.9194032707024,321.02752677455646,1.0
7,27,517.0925701573198,316.7446307217038,512.0925701573198,311.7446307217038,522.0925701573198,321.7446307217038,1.0
7,28,517.4039878236081,317.7249720171747,512.4039878236081,312.7249720171747,522.4039878236081,322.7249720171747,1.0
7,29,517.2197607814811,317.67453739593424,512.2197607814811,312.67453739593424,522.2197607814811,322.67453739593424,1.0
7,30,516.9154431620809,317.46387293537697,511.9154431620809,312.46387293537697,521.9154431620809,322.46387293537697,1.0
7,31,517.2817189373375,317.15257044422185,512.2817189373375,312.15257044422185,522.2817189373375,322.15257044422185,1.0
7,32,518.7255977712838,317.89996786657883,513.7255977712838,312.89996786657883,523.7255977712838,322.89996786657883,1.0
7,33,519.1503059310504,318.19899159365616,514.1503059310504,313.19899159365616,524.1503059310504,323.19899159365616,1.0
7,34,520.1762356430027,318.5430827272889,515.1762356430027,313.5430827272889,525.1762356430027,323.5430827272889,1.0
7,35,520.7194401348362,318.95755359758493,515.7194401348362,313.95755359758493,525.7194401348362,323.95755359758493,1.0
7,36,520.5053376515551,318.65599334678814,515.5053376515551,313.65599334678814,525.5053376515551,323.65599334678814,1.0
7,37,520.8222556815801,318.3551004055003,515.8222556815801,313.3551004055003,525.8222556815801,323.3551004055003,1.0
7,38,521.2683685528882,317.7905002297736,516.2683685528882,312.7905002297736,526.2683685528882,322.7905002297736,1.0
7,39,521.0807570587218,316.9825741465997,516.0807570587218,311.9825741465997,526.0807570587218,321.9825741465997,1.0
7,40,520.2906918771744,317.56921788250986,515.2906918771744,312.56921788250986,525.2906918771744,322.56921788250986,1.0
7,41,519.7946419062961,318.46209414695085,514.7946419062961,313.46209414695085,524.7946419062961,323.46209414695085,1.0
7,42,520.0677621808018,318.648684154424,515.0677621808018,313.648684154424,525.0677621808018,323.648684154424,1.0
7,43,519.795385556723,318.77969282564385,514.795385556723,313.77969282564385,524.795385556723,323.77969282564385,1.0
7,44,520.4418698894755,318.24643246587874,515.4418698894755,313.24643246587874,525.4418698894755,323.24643246587874,1.0
7,45,520.5539944904917,319.1178157685651,515.5539944904917,314.1178157685651,525.5539944904917,324.1178157685651,1.0
7,46,520.8331332611178,320.51841845716746,515.8331332611178,315.51841845716746,525.8331332611178,325.51841845716746,1.0
7,47,520.7320815312186,321.59401536161835,515.7320815312186,316.59401536161835,525.7320815312186,326.59401536161835,1.0
7,48,520.1617817137698,321.76770211904034,515.1617817137698,316.76770211904034,525.1617817137698,326.76770211904034,1.0
7,49,519.2493689698397,321.1436127577116,514.2493689698397,316.1436127577116,524.2493689698397,326.1436127577116,1.0
7,50,518.6732083655946,321.2215335585992,513.6732083655946,316.2215335585992,523.6732083655946,326.2215335585992,1.0
7,51,518.7352871213892,322.03070350277267,513.7352871213892,317.03070350277267,523.7352871213892,327.03070350277267,1.0
7,52,516.7927165264828,322.473783429311,511.79271652648276,317.473783429311,521.7927165264828,327.473783429311,1.0
7,53,515.1130751674157,321.9772080903902,510.1130751674157,316.9772080903902,520.1130751674157,326.9772080903902,1.0
7,54,514.6840529044268,320.9310308087329,509.68405290442684,315.9310308087329,519.6840529044268,325.9310308087329,1.0
7,55,514.8028570498026,320.38867154990857,509.8028570498026,315.38867154990857,519.8028570498026,325.38867154990857,1.0
7,56,514.9686381434238,320.7653996233725,509.96863814342385,315.7653996233725,519.9686381434238,325.7653996233725,1.0
7,57,514.7710706179299,320.8333923559897,509.7710706179299,315.8333923559897,519.7710706179299,325.8333923559897,1.0
7,58,514.958674018164,320.02498637298044,509.95867401816395,315.02498637298044,519.958674018164,325.02498637298044,1.0
7,59,515.5466029393735,320.54482607527837,510.54660293937354,315.54482607527837,520.5466029393735,325.54482607527837,1.0
7,60,515.7749227541653,320.29630904869646,510.77492275416535,315.29630904869646,520.7749227541653,325.29630904869646,1.0
7,61,516.384548879168,319.07831321041266,511.38454887916805,314.07831321041266,521.384548879168,324.07831321041266,1.0
7,62,516.2703491645444,318.8410924561842,511.2703491645444,313.8410924561842,521.2703491645444,323.8410924561842,1.0
7,63,516.6509487427303,318.8922211811859,511.6509487427303,313.8922211811859,521.6509487427303,323.8922211811859,1.0
7,64,516.6330120374419,318.89381690617967,511.63301203744186,313.89381690617967,521.6330120374419,323.89381690617967,1.0
7,65,516.8651262750309,318.2364030714548,511.8651262750309,313.2364030714548,521.8651262750309,323.2364030714548,1.0
7,66,517.3199285856997,317.61128813577085,512.3199285856997,312.61128813577085,522.3199285856997,322.61128813577085,1.0
7,67,517.1223215341729,317.55556330236675,512.1223215341729,312.55556330236675,522.1223215341729,322.55556330236675,1.0
7,68,517.4882279244882,316.52194295677384,512.4882279244882,311.52194295677384,522.4882279244882,321.52194295677384,1.0
7,69,517.2867274650347,316.37010053243586,512.2867274650347,311.37010053243586,522.2867274650347,321.37010053243586,1.0
7,70,517.8437291748106,316.0149786352862,512.8437291748106,311.0149786352862,522.8437291748106,321.0149786352862,1.0
7,71,518.2336217683795,316.0849563951102,513.2336217683795,311.0849563951102,523.2336217683795,321.0849563951102,1.0
7,72,517.9261015949467,315.41751560201465,512.9261015949467,310.41751560201465,522.9261015949467,320.41751560201465,1.0
7,73,518.2279461103267,315.23444492361085,513.2279461103267,310.23444492361085,523.2279461103267,320.23444492361085,1.0
7,74,518.2640934983013,314.4286602885317,513.2640934983013,309.4286602885317,523.2640934983013,319.4286602885317,1.0
7,75,517.8198783962281,313.4768472829423,512.8198783962281,308.4768472829423,522.8198783962281,318.4768472829423,1.0
7,76,517.6823143427969,311.784791518582,512.6823143427969,306.784791518582,522.6823143427969,316.784791518582,1.0
7,77,517.5452841712682,311.54152689347603,512.5452841712682,306.54152689347603,522.5452841712682,316.54152689347603,1.0
7,78,517.6670121898574,311.58179940295565,512.6670121898574,306.58179940295565,522.6670121898574,316.58179940295565,1.0
7,79,517.7086552041917,312.21422883238984,512.7086552041917,307.21422883238984,522.7086552041917,317.21422883238984,1.0
7,80,517.5793910236682,312.6144601373458,512.5793910236682,307.6144601373458,522.5793910236682,317.6144601373458,1.0
7,81,517.7359837654993,313.7999733002804,512.7359837654993,308.7999733002804,522.7359837654993,318.7999733002804,1.0
7,82,516.889291591743,314.51091161934426,511.889291591743,309.51091161934426,521.889291591743,319.51091161934426,1.0
7,83,517.1909528167364,314.96636620707517,512.1909528167364,309.96636620707517,522.1909528167364,319.96636620707517,1.0
7,84,518.4766896767541,315.5421722564735,513.4766896767541,310.5421722564735,523.4766896767541,320.5421722564735,1.0
7,85,518.7158960846648,315.6145923632805,513.7158960846648,310.6145923632805,523.7158960846648,320.6145923632805,1.0
7,86,517.8732626062275,316.08070733126675,512.8732626062275,311.08070733126675,522.8732626062275,321.08070733126675,1.0
7,87,517.1119817776625,317.67102848270866,512.1119817776625,312.67102848270866,522.1119817776625,322.67102848270866,1.0
7,88,517.2359906005653,319.79387000202405,512.2359906005653,314.79387000202405,522.2359906005653,324.79387000202405,1.0
7,89,516.787331230327,322.25967256935303,511.787331230327,317.25967256935303,521.787331230327,327.25967256935303,1.0
7,90,516.937062876796,323.31112034337855,511.93706287679595,318.31112034337855,521.937062876796,328.31112034337855,1.0
7,91,516.8089422736286,323.6461327254082,511.80894227362865,318.6461327254082,521.8089422736286,328.6461327254082,1.0
7,92,516.3313889418466,323.4054290886668,511.3313889418466,318.4054290886668,521.3313889418466,328.4054290886668,1.0
7,93,515.7308452467146,324.14464240754967,510.7308452467146,319.14464240754967,520.7308452467146,329.14464240754967,1.0
7,94,515.683548701581,324.6223854829028,510.683548701581,319.6223854829028,520.683548701581,329.6223854829028,1.0
7,95,515.6830203996304,323.96212640295306,510.68302039963044,318.96212640295306,520.6830203996304,328.96212640295306,1.0
7,96,515.2306715125195,323.8593860602193,510.2306715125195,318.8593860602193,520.2306715125195,328.8593860602193,1.0
7,97,514.7032749397862,323.7150261714496,509.7032749397862,318.7150261714496,519.7032749397862,328.7150261714496,1.0
7,98,514.4362723478881,323.8394274205747,509.4362723478881,318.8394274205747,519.4362723478881,328.8394274205747,1.0
7,99,514.2422289587597,323.1793817405996,509.2422289587597,318.1793817405996,519.2422289587597,328.1793817405996,1.0
7,100,513.1669556314198,322.51694448960956,508.1669556314198,317.51694448960956,518.1669556314198,327.51694448960956,1.0
7,101,512.4861670962383,322.7748749452279,507.4861670962383,317.7748749452279,517.4861670962383,327.7748749452279,1.0
7,102,512.0857941815127,322.5855512446902,507.0857941815127,317.5855512446902,517.0857941815127,327.5855512446902,1.0
7,103,511.8515431275225,322.51566679602536,506.8515431275225,317.51566679602536,516.8515431275225,327.51566679602536,1.0
7,104,511.5253901890529,322.4558495968211,506.5253901890529,317.4558495968211,516.5253901890529,327.4558495968211,1.0
7,105,511.7514148879931,322.12526212063784,506.7514148879931,317.12526212063784,516.7514148879932,327.12526212063784,1.0
7,106,512.1831943872578,322.73070576681687,507.1831943872578,317.73070576681687,517.1831943872578,327.73070576681687,1.0
7,107,512.0720043349702,322.2657450123117,507.0720043349702,317.2657450123117,517.0720043349702,327.2657450123117,1.0
7,108,512.8298595686076,322.36411399036757,507.8298595686076,317.36411399036757,517.8298595686076,327.36411399036757,1.0
7,109,512.6101517823397,322.42760825035117,507.6101517823397,317.42760825035117,517.6101517823397,327.42760825035117,1.0
7,110,510.85601636861935,322.9828664940105,505.85601636861935,317.9828664940105,515.8560163686193,327.9828664940105,1.0
7,111,509.7440730475247,323.66402411566526,504.7440730475247,318.66402411566526,514.7440730475247,328.66402411566526,1.0
7,112,508.9818850516064,324.44846715848104,503.9818850516064,319.44846715848104,513.9818850516065,329.44846715848104,1.0
7,113,507.5909893514187,325.4813618227021,502.5909893514187,320.4813618227021,512.5909893514188,330.4813618227021,1.0
7,114,505.9708465729549,325.4014462334688,500.9708465729549,320.4014462334688,510.9708465729549,330.4014462334688,1.0
7,115,505.5310663252116,325.38107343798686,500.5310663252116,320.38107343798686,510.5310663252116,330.38107343798686,1.0
7,116,504.59677747675073,325.84969479820944,499.59677747675073,320.84969479820944,509.59677747675073,330.84969479820944,1.0
7,117,503.45723996317815,325.8903193201316,498.45723996317815,320.8903193201316,508.45723996317815,330.8903193201316,1.0
7,118,503.0520716215253,325.35315238508156,498.0520716215253,320.35315238508156,508.0520716215253,330.35315238508156,1.0
7,119,503.1219500943828,324.87662930547447,498.1219500943828,319.87662930547447,508.1219500943828,329.87662930547447,1.0
7,120,502.9546986666417,324.59151805438154,497.9546986666417,319.59151805438154,507.9546986666417,329.59151805438154,1.0
7,121,503.92295592905435,324.42409495408026,498.92295592905435,319.42409495408026,508.92295592905435,329.42409495408026,1.0
7,122,504.41893843024974,324.525997553643,499.41893843024974,319.525997553643,509.41893843024974,329.525997553643,1.0
7,123,505.01789095884067,325.05137937493737,500.01789095884067,320.05137937493737,510.01789095884067,330.05137937493737,1.0
7,124,505.02041639765434,324.4204965157756,500.02041639765434,319.4204965157756,510.02041639765434,329.4204965157756,1.0
7,125,504.4170657513413,324.6495983331282,499.4170657513413,319.6495983331282,509.4170657513413,329.6495983331282,1.0
7,126,504.266790716838,325.1984546740643,499.266790716838,320.1984546740643,509.266790716838,330.1984546740643,1.0
7,127,503.62108337649727,326.10047869995054,498.62108337649727,321.10047869995054,508.62108337649727,331.10047869995054,1.0
7,128,503.28700904444185,326.58987556677744,498.28700904444185,321.58987556677744,508.28700904444185,331.58987556677744,1.0
7,129,502.39634138515424,327.09896615485854,497.39634138515424,322.09896615485854,507.39634138515424,332.09896615485854,1.0
7,130,501.62243097397936,327.7737232966239,496.62243097397936,322.7737232966239,506.62243097397936,332.7737232966239,1.0
7,131,501.69746740688026,327.816850580321,496.69746740688026,322.816850580321,506.69746740688026,332.816850580321,1.0
7,132,501.4636043982806,327.30026344401836,496.4636043982806,322.30026344401836,506.4636043982806,332.30026344401836,1.0
7,133,501.9858839156014,326.56675829745916,496.9858839156014,321.56675829745916,506.9858839156014,331.56675829745916,1.0
7,134,503.27381600504435,325.953987905892,498.27381600504435,320.953987905892,508.27381600504435,330.953987905892,1.0
7,135,504.2926054269713,324.10608028134425,499.2926054269713,319.10608028134425,509.2926054269713,329.10608028134425,1.0
7,136,505.3289853636364,322.6796220281076,500.3289853636364,317.6796220281076,510.3289853636364,327.6796220281076,1.0
7,137,506.0700910099001,321.3760760564306,501.0700910099001,316.3760760564306,511.0700910099001,326.3760760564306,1.0
7,138,505.9722543262742,319.81105458407126,500.9722543262742,314.81105458407126,510.9722543262742,324.81105458407126,1.0
7,139,506.000146073765,318.67802292280237,501.000146073765,313.67802292280237,511.000146073765,323.67802292280237,1.0
7,140,505.07230692865704,318.5530603946287,500.07230692865704,313.5530603946287,510.07230692865704,323.5530603946287,1.0
7,141,503.6842264927487,319.0399541160921,498.6842264927487,314.0399541160921,508.6842264927487,324.0399541160921,1.0
7,142,503.2085836013674,319.0007775639866,498.2085836013674,314.0007775639866,508.2085836013674,324.0007775639866,1.0
7,143,502.1795979343886,318.95152329936445,497.1795979343886,313.95152329936445,507.1795979343886,323.95152329936445,1.0
7,144,503.1219899698217,319.0560079384914,498.1219899698217,314.0560079384914,508.1219899698217,324.0560079384914,1.0
7,145,503.88549572075266,319.1118984829497,498.88549572075266,314.1118984829497,508.88549572075266,324.1118984829497,1.0
7,146,505.7138269565696,318.78316192974654,500.7138269565696,313.78316192974654,510.7138269565696,323.78316192974654,1.0
7,147,506.4747950925041,318.9807685976141,501.4747950925041,313.9807685976141,511.4747950925041,323.9807685976141,1.0
7,148,507.3096396248274,319.3956363479059,502.3096396248274,314.3956363479059,512.3096396248275,324.3956363479059,1.0
7,149,507.6809547764476,319.97729330389035,502.6809547764476,314.97729330389035,512.6809547764476,324.97729330389035,1.0
7,150,507.0542108700022,320.4576933286323,502.0542108700022,315.4576933286323,512.0542108700022,325.4576933286323,1.0
7,151,506.4912400168513,320.5237963406066,501.4912400168513,315.5237963406066,511.4912400168513,325.5237963406066,1.0
7,152,506.13644378328473,320.85952594336504,501.13644378328473,315.85952594336504,511.13644378328473,325.85952594336504,1.0
7,153,506.27215559927413,320.5440876442134,501.27215559927413,315.5440876442134,511.27215559927413,325.5440876442134,1.0
7,154,506.8226912071959,320.19485170170094,501.8226912071959,315.19485170170094,511.8226912071959,325.19485170170094,1.0
7,155,506.7999362134988,319.4597942474565,501.7999362134988,314.4597942474565,511.7999362134988,324.4597942474565,1.0
7,156,507.4999522900855,318.535018099204,502.4999522900855,313.535018099204,512.4999522900855,323.535018099204,1.0
7,157,507.6423165919236,317.19175907808875,502.6423165919236,312.19175907808875,512.6423165919236,322.19175907808875,1.0
7,158,507.13777786304263,315.95063098123364,502.13777786304263,310.95063098123364,512.1377778630426,320.95063098123364,1.0
7,159,506.6696864968545,314.2840606759028,501.6696864968545,309.2840606759028,511.6696864968545,319.2840606759028,1.0
7,160,505.3218744147884,314.01863135261965,500.3218744147884,309.01863135261965,510.3218744147884,319.01863135261965,1.0
7,161,504.7103474297299,314.0780299245645,499.7103474297299,309.0780299245645,509.7103474297299,319.0780299245645,1.0
7,162,504.0891323043461,313.4327458670301,499.0891323043461,308.4327458670301,509.0891323043461,318.4327458670301,1.0
7,163,503.18934530328056,313.04915812890005,498.18934530328056,308.04915812890005,508.18934530328056,318.04915812890005,1.0
7,164,502.4288399687207,313.2014951687033,497.4288399687207,308.2014951687033,507.4288399687207,318.2014951687033,1.0
7,165,502.1919692721901,313.62213155251163,497.1919692721901,308.62213155251163,507.1919692721901,318.62213155251163,1.0
7,166,501.19152829374235,313.09237512536583,496.19152829374235,308.09237512536583,506.19152829374235,318.09237512536583,1.0
7,167,499.3035668205684,314.69035523720015,494.3035668205684,309.69035523720015,504.3035668205684,319.69035523720015,1.0
7,168,498.2568620332774,315.0993396947011,493.2568620332774,310.0993396947011,503.2568620332774,320.0993396947011,1.0
7,169,498.11660438634806,315.9347519419843,493.11660438634806,310.9347519419843,503.11660438634806,320.9347519419843,1.0
7,170,497.5941190002968,316.14366467521177,492.5941190002968,311.14366467521177,502.5941190002968,321.14366467521177,1.0
7,171,497.87111528435133,315.39816465404533,492.87111528435133,310.39816465404533,502.87111528435133,320.39816465404533,1.0
7,172,498.5317882750131,315.4927112623205,493.5317882750131,310.4927112623205,503.5317882750131,320.4927112623205,1.0
7,173,499.19858215317436,316.10463382166216,494.19858215317436,311.10463382166216,504.19858215317436,321.10463382166216,1.0
7,174,500.4368487501954,316.65061645088093,495.4368487501954,311.65061645088093,505.4368487501954,321.65061645088093,1.0
7,175,501.69933409921055,317.13681780237476,496.69933409921055,312.13681780237476,506.69933409921055,322.13681780237476,1.0
7,176,502.15694607972216,316.98200883988807,497.15694607972216,311.98200883988807,507.15694607972216,321.98200883988807,1.0
7,177,501.779636280529,317.0453362385443,496.779636280529,312.0453362385443,506.779636280529,322.0453362385443,1.0
7,178,501.3886639817648,317.4930060650368,496.3886639817648,312.4930060650368,506.3886639817648,322.4930060650368,1.0
7,179,500.54397315505196,317.7659285722049,495.54397315505196,312.7659285722049,505.54397315505196,322.7659285722049,1.0
7,180,500.3386652349383,318.02823023046807,495.3386652349383,313.02823023046807,505.3386652349383,323.02823023046807,1.0
7,181,499.4332189679375,317.45846129788254,494.4332189679375,312.45846129788254,504.4332189679375,322.45846129788254,1.0
7,182,500.11556661318883,316.573890437586,495.11556661318883,311.573890437586,505.11556661318883,321.573890437586,1.0
7,183,501.5306083541498,316.29346329618073,496.5306083541498,311.29346329618073,506.5306083541498,321.29346329618073,1.0
7,184,501.61223511625735,316.75585551229705,496.61223511625735,311.75585551229705,506.61223511625735,321.75585551229705,1.0
7,185,501.7354660709551,316.54855294276274,496.7354660709551,311.54855294276274,506.7354660709551,321.54855294276274,1.0
7,186,502.8009465346974,316.08161908061055,497.8009465346974,311.08161908061055,507.8009465346974,321.08161908061055,1.0
7,187,504.2474765078,316.59184269316626,499.2474765078,311.59184269316626,509.2474765078,321.59184269316626,1.0
7,188,505.08442687413003,317.6086554256224,500.08442687413003,312.6086554256224,510.08442687413003,322.6086554256224,1.0
7,189,505.90523867572205,317.6087758729287,500.90523867572205,312.6087758729287,510.90523867572205,322.6087758729287,1.0
7,190,506.5518361397535,316.9511939628038,501.5518361397535,311.9511939628038,511.5518361397535,321.9511939628038,1.0
7,191,507.1857917823133,317.07870022350767,502.1857917823133,312.07870022350767,512.1857917823133,322.07870022350767,1.0
7,192,507.57656802659506,317.74297608783013,502.57656802659506,312.74297608783013,512.576568026595,322.74297608783013,1.0
7,193,508.11704593835464,318.4555818769842,503.11704593835464,313.4555818769842,513.1170459383546,323.4555818769842,1.0
7,194,509.6839509994349,318.5670440200333,504.6839509994349,313.5670440200333,514.683950999435,323.5670440200333,1.0
7,195,510.8239563255999,319.02543704901257,505.8239563255999,314.02543704901257,515.8239563256,324.02543704901257,1.0
7,196,511.6793612871728,318.9340905835689,506.6793612871728,313.9340905835689,516.6793612871728,323.9340905835689,1.0
7,197,512.9468377611466,319.3981306624024,507.94683776114664,314.3981306624024,517.9468377611466,324.3981306624024,1.0
7,198,514.2258791049996,319.9254783571274,509.22587910499965,314.9254783571274,519.2258791049996,324.9254783571274,1.0
7,199,515.6198873615349,320.38907219905906,510.6198873615349,315.38907219905906,520.6198873615349,325.38907219905906,1.0
7,200,514.9595809901376,320.01319879913984,509.9595809901376,315.01319879913984,519.9595809901376,325.01319879913984,1.0
7,201,514.2004706227495,321.0573505021173,509.20047062274955,316.0573505021173,519.2004706227495,326.0573505021173,1.0
7,202,513.9380300555982,322.0171197563069,508.93803005559823,317.0171197563069,518.9380300555982,327.0171197563069,1.0
7,203,513.6879477416328,322.0293294289027,508.6879477416328,317.0293294289027,518.6879477416328,327.0293294289027,1.0
7,204,514.6234061371485,322.9524568289856,509.62340613714855,317.9524568289856,519.6234061371485,327.9524568289856,1.0
7,205,515.2524791343689,324.3295729985568,510.25247913436885,319.3295729985568,520.2524791343689,329.3295729985568,1.0
7,206,514.9252418201536,324.78532060789644,509.9252418201536,319.78532060789644,519.9252418201536,329.78532060789644,1.0
7,207,514.3719801965817,324.18493763369213,509.3719801965817,319.18493763369213,519.3719801965817,329.18493763369213,1.0
7,208,514.1148966731357,323.58803998103474,509.1148966731357,318.58803998103474,519.1148966731357,328.58803998103474,1.0
7,209,514.1993693332588,323.65125206648304,509.1993693332588,318.65125206648304,519.1993693332588,328.65125206648304,1.0
7,210,514.3521661485652,323.23218586965714,509.3521661485652,318.23218586965714,519.3521661485652,328.23218586965714,1.0
7,211,514.7038911065814,323.08166709643587,509.7038911065814,318.08166709643587,519.7038911065814,328.08166709643587,1.0
7,212,515.7403644690789,322.8588469255174,510.74036446907894,317.8588469255174,520.7403644690789,327.8588469255174,1.0
7,213,517.4069905878157,321.7812408481312,512.4069905878157,316.7812408481312,522.4069905878157,326.7812408481312,1.0
7,214,518.1797781739333,319.6116845285497,513.1797781739333,314.6116845285497,523.1797781739333,324.6116845285497,1.0
7,215,518.8401218086148,317.4583513640652,513.8401218086148,312.4583513640652,523.8401218086148,322.4583513640652,1.0
7,216,518.5243247600407,316.3936279783658,513.5243247600407,311.3936279783658,523.5243247600407,321.3936279783658,1.0
7,217,519.5061851293596,315.54442157128125,514.5061851293596,310.54442157128125,524.5061851293596,320.54442157128125,1.0
7,218,519.9265355373418,315.04728732646055,514.9265355373418,310.04728732646055,524.9265355373418,320.04728732646055,1.0
7,219,520.1069413377353,314.8510254783542,515.1069413377353,309.8510254783542,525.1069413377353,319.8510254783542,1.0
7,220,519.8336314294306,314.56011426553465,514.8336314294306,309.56011426553465,524.8336314294306,319.56011426553465,1.0
7,221,519.7288991854106,314.86244999885184,514.7288991854106,309.86244999885184,524.7288991854106,319.86244999885184,1.0
7,222,520.8611262200056,315.0839861220853,515.8611262200056,310.0839861220853,525.8611262200056,320.0839861220853,1.0
7,223,521.0403559957798,315.7599893113077,516.0403559957798,310.7599893113077,526.0403559957798,320.7599893113077,1.0
7,224,521.2371471530948,314.9665722134467,516.2371471530948,309.9665722134467,526.2371471530948,319.9665722134467,1.0
7,225,521.1609367281578,314.1630571691535,516.1609367281578,309.1630571691535,526.1609367281578,319.1630571691535,1.0
7,226,521.0654274867725,313.61322264271865,516.0654274867725,308.61322264271865,526.0654274867725,318.61322264271865,1.0
7,227,521.8624000781667,312.92740555941964,516.8624000781667,307.92740555941964,526.8624000781667,317.92740555941964,1.0
7,228,522.2758227292246,312.57049643573527,517.2758227292246,307.57049643573527,527.2758227292246,317.57049643573527,1.0
7,229,523.3144125349766,311.8580694772485,518.3144125349766,306.8580694772485,528.3144125349766,316.8580694772485,1.0
7,230,524.8120340410366,311.53785873012094,519.8120340410366,306.53785873012094,529.8120340410366,316.53785873012094,1.0
7,231,524.9813895029042,310.7682702292248,519.9813895029042,305.7682702292248,529.9813895029042,315.7682702292248,1.0
7,232,523.9751493180911,310.0296694101109,518.9751493180911,305.0296694101109,528.9751493180911,315.0296694101109,1.0
7,233,523.2505991290424,309.43418526422823,518.2505991290424,304.43418526422823,528.2505991290424,314.43418526422823,1.0
7,234,522.5645878581711,309.13505608438385,517.5645878581711,304.13505608438385,527.5645878581711,314.13505608438385,1.0
7,235,521.2489787127698,309.204500036806,516.2489787127698,304.204500036806,526.2489787127698,314.204500036806,1.0
7,236,520.6181100177063,309.906304949622,515.6181100177063,304.906304949622,525.6181100177063,314.906304949622,1.0
7,237,520.9461771726087,309.83665497592335,515.9461771726087,304.83665497592335,525.9461771726087,314.83665497592335,1.0
7,238,521.2790553875864,309.52422806036014,516.2790553875864,304.52422806036014,526.2790553875864,314.52422806036014,1.0
7,239,520.9457877325652,310.9653547147384,515.9457877325652,305.9653547147384,525.9457877325652,315.9653547147384,1.0
7,240,519.9672790794144,310.84539826479875,514.9672790794144,305.84539826479875,524.9672790794144,315.84539826479875,1.0
7,241,519.4517989127165,311.2444521596615,514.4517989127165,306.2444521596615,524.4517989127165,316.2444521596615,1.0
7,242,518.2856083668307,311.6275466330349,513.2856083668307,306.6275466330349,523.2856083668307,316.6275466330349,1.0
7,243,516.9227374903004,311.9630781106027,511.9227374903004,306.9630781106027,521.9227374903004,316.9630781106027,1.0
7,244,514.9499222376232,312.49456670186777,509.94992223762324,307.49456670186777,519.9499222376232,317.49456670186777,1.0
7,245,514.6449163641703,312.7125632139246,509.6449163641703,307.7125632139246,519.6449163641703,317.7125632139246,1.0
7,246,513.7992586531964,312.77783222998164,508.7992586531964,307.77783222998164,518.7992586531964,317.77783222998164,1.0
7,247,514.8090432862408,313.1746420241445,509.8090432862408,308.1746420241445,519.8090432862408,318.1746420241445,1.0
7,248,515.5760731065956,313.77450393869793,510.5760731065956,308.77450393869793,520.5760731065956,318.77450393869793,1.0
7,249,515.4177739232583,313.0030066667526,510.4177739232583,308.0030066667526,520.4177739232583,318.0030066667526,1.0
7,250,515.3425893116435,313.9353698438606,510.34258931164345,308.9353698438606,520.3425893116435,318.9353698438606,1.0
7,251,516.1917145791471,314.58722852903844,511.19171457914706,309.58722852903844,521.1917145791471,319.58722852903844,1.0
7,252,517.0518492087847,314.77903083974036,512.0518492087847,309.77903083974036,522.0518492087847,319.77903083974036,1.0
7,253,517.5435985439861,313.6666899136979,512.5435985439861,308.6666899136979,522.5435985439861,318.6666899136979,1.0
7,254,517.6386619890295,312.54438761635583,512.6386619890295,307.54438761635583,522.6386619890295,317.54438761635583,1.0
7,255,518.638723175537,311.8454557609751,513.638723175537,306.8454557609751,523.638723175537,316.8454557609751,1.0
7,256,520.196506778831,310.85736453936073,515.196506778831,305.85736453936073,525.196506778831,315.85736453936073,1.0
7,257,521.3591486128789,309.8167336396496,516.3591486128789,304.8167336396496,526.3591486128789,314.8167336396496,1.0
7,258,521.6332907165712,308.6021597006533,516.6332907165712,303.6021597006533,526.6332907165712,313.6021597006533,1.0
7,259,521.41548291296,308.66430412508765,516.41548291296,303.66430412508765,526.41548291296,313.66430412508765,1.0
7,260,522.4892892491366,309.07710273855963,517.4892892491366,304.07710273855963,527.4892892491366,314.07710273855963,1.0
7,261,523.8826950201427,309.5550943801122,518.8826950201427,304.5550943801122,528.8826950201427,314.5550943801122,1.0
7,262,524.017363021684,308.95630900653464,519.017363021684,303.95630900653464,529.017363021684,313.95630900653464,1.0
7,263,522.3355850690494,309.6247024449614,517.3355850690494,304.6247024449614,527.3355850690494,314.6247024449614,1.0
7,264,521.5796849623072,310.44017761337295,516.5796849623072,305.44017761337295,526.5796849623072,315.44017761337295,1.0
7,265,520.2931837766731,310.76994753275176,515.2931837766731,305.76994753275176,525.2931837766731,315.76994753275176,1.0
7,266,518.6148790244664,310.62244817174036,513.6148790244664,305.62244817174036,523.6148790244664,315.62244817174036,1.0
7,267,517.5275482795249,310.735524281367,512.5275482795249,305.735524281367,522.5275482795249,315.735524281367,1.0
7,268,516.2370292658006,311.77470703797843,511.23702926580063,306.77470703797843,521.2370292658006,316.77470703797843,1.0
7,269,515.4075645765892,312.2495681251549,510.40756457658915,307.2495681251549,520.4075645765892,317.2495681251549,1.0
7,270,515.2233258341079,311.87516360487075,510.22332583410787,306.87516360487075,520.2233258341079,316.87516360487075,1.0
7,271,514.774399175413,312.93317790512157,509.774399175413,307.93317790512157,519.774399175413,317.93317790512157,1.0
7,272,514.67804264933,312.8669531908337,509.67804264933,307.8669531908337,519.67804264933,317.8669531908337,1.0
7,273,513.9008161679614,313.31828560813915,508.90081616796135,308.31828560813915,518.9008161679614,318.31828560813915,1.0
7,274,513.4461622294522,314.6839070716846,508.44616222945217,309.6839070716846,518.4461622294522,319.6839070716846,1.0
7,275,515.0023023190557,315.1879552290408,510.00230231905573,310.1879552290408,520.0023023190557,320.1879552290408,1.0
7,276,515.4869809712087,316.2008390210544,510.4869809712087,311.2008390210544,520.4869809712087,321.2008390210544,1.0
7,277,516.2131009425026,316.5368193608543,511.2131009425026,311.5368193608543,521.2131009425026,321.5368193608543,1.0
7,278,517.9123217070955,316.32809829101797,512.9123217070955,311.32809829101797,522.9123217070955,321.32809829101797,1.0
7,279,518.375664285492,315.68411983438784,513.375664285492,310.68411983438784,523.375664285492,320.68411983438784,1.0
7,280,518.7801314159334,314.74127356411714,513.7801314159334,309.74127356411714,523.7801314159334,319.74127356411714,1.0
7,281,519.8650998484128,314.93009941913874,514.8650998484128,309.93009941913874,524.8650998484128,319.93009941913874,1.0
7,282,520.5240526696457,314.82884876412913,515.5240526696457,309.82884876412913,525.5240526696457,319.82884876412913,1.0
7,283,521.3638951710594,314.39836621658895,516.3638951710594,309.39836621658895,526.3638951710594,319.39836621658895,1.0
7,284,522.3370939424972,313.8116023866159,517.3370939424972,308.8116023866159,527.3370939424972,318.8116023866159,1.0
7,285,523.0484246279368,313.05073030343226,518.0484246279368,308.05073030343226,528.0484246279368,318.05073030343226,1.0
7,286,523.1515826557479,312.81230841736215,518.1515826557479,307.81230841736215,528.1515826557479,317.81230841736215,1.0
7,287,522.9745534893681,312.1672007448231,517.9745534893681,307.1672007448231,527.9745534893681,317.1672007448231,1.0
7,288,521.9768388001482,311.95787366349936,516.9768388001482,306.95787366349936,526.9768388001482,316.95787366349936,1.0
7,289,521.3745224787207,311.95585944762234,516.3745224787207,306.95585944762234,526.3745224787207,316.95585944762234,1.0
7,290,520.5446775562733,312.1691510802682,515.5446775562733,307.1691510802682,525.5446775562733,317.1691510802682,1.0
7,291,520.6039326766738,312.0100283742988,515.6039326766738,307.0100283742988,525.6039326766738,317.0100283742988,1.0
7,292,521.5288777440242,312.4989943578538,516.5288777440242,307.4989943578538,526.5288777440242,317.4989943578538,1.0
7,293,520.8356295092534,312.6482913340858,515.8356295092534,307.6482913340858,525.8356295092534,317.6482913340858,1.0
7,294,520.6920854198879,312.7914298745625,515.6920854198879,307.7914298745625,525.6920854198879,317.7914298745625,1.0
7,295,521.2646136568935,313.0923589095054,516.2646136568935,308.0923589095054,526.2646136568935,318.0923589095054,1.0
7,296,521.9368293541561,312.024909367962,516.9368293541561,307.024909367962,526.9368293541561,317.024909367962,1.0
7,297,521.2748327164403,310.2460622337145,516.2748327164403,305.2460622337145,526.2748327164403,315.2460622337145,1.0
7,298,521.6335428817968,309.85768924964503,516.6335428817968,304.85768924964503,526.6335428817968,314.85768924964503,1.0
7,299,521.2600490205,309.8730896168357,516.2600490205,304.8730896168357,526.2600490205,314.8730896168357,1.0
7,300,521.1785438074858,310.73570385797444,516.1785438074858,305.73570385797444,526.1785438074858,315.73570385797444,1.0
7,301,521.5956252630918,311.4473194798269,516.5956252630918,306.4473194798269,526.5956252630918,316.4473194798269,1.0
7,302,521.2909714048959,311.8683202768462,516.2909714048959,306.8683202768462,526.2909714048959,316.8683202768462,1.0
7,303,521.9142303835916,311.7649419077647,516.9142303835916,306.7649419077647,526.9142303835916,316.7649419077647,1.0
7,304,521.4440935326528,311.3816310574503,516.4440935326528,306.3816310574503,526.4440935326528,316.3816310574503,1.0
7,305,521.7386653110777,310.84803149431633,516.7386653110777,305.84803149431633,526.7386653110777,315.84803149431633,1.0
7,306,521.8122249533383,309.95276152715724,516.8122249533383,304.95276152715724,526.8122249533383,314.95276152715724,1.0
7,307,521.9343982865291,308.7031545036546,516.9343982865291,303.7031545036546,526.9343982865291,313.7031545036546,1.0
7,308,521.5924533137178,308.5606077289082,516.5924533137178,303.5606077289082,526.5924533137178,313.5606077289082,1.0
7,309,523.2212649394326,308.8092459789681,518.2212649394326,303.8092459789681,528.2212649394326,313.8092459789681,1.0
7,310,524.3398003923483,308.97568655069045,519.3398003923483,303.97568655069045,529.3398003923483,313.97568655069045,1.0
7,311,525.1473717588237,308.85121599123545,520.1473717588237,303.85121599123545,530.1473717588237,313.85121599123545,1.0
7,312,525.3148494047292,308.97454174256575,520.3148494047292,303.97454174256575,530.3148494047292,313.97454174256575,1.0
7,313,525.8240487883838,308.4168859766943,520.8240487883838,303.4168859766943,530.8240487883838,313.4168859766943,1.0
7,314,525.0682924439238,308.0636051899863,520.0682924439238,303.0636051899863,530.0682924439238,313.0636051899863,1.0
7,315,525.010726676254,307.64042449798694,520.010726676254,302.64042449798694,530.010726676254,312.64042449798694,1.0
7,316,525.0592658903366,308.82486436109457,520.0592658903366,303.82486436109457,530.0592658903366,313.82486436109457,1.0
7,317,524.6800019006718,309.00895320830307,519.6800019006718,304.00895320830307,529.6800019006718,314.00895320830307,1.0
7,318,523.9099738670227,308.31049762250603,518.9099738670227,303.31049762250603,528.9099738670227,313.31049762250603,1.0
7,319,523.8901234021488,307.46932955549806,518.8901234021488,302.46932955549806,528.8901234021488,312.46932955549806,1.0
7,320,524.3920822255217,306.7433565734081,519.3920822255217,301.7433565734081,529.3920822255217,311.7433565734081,1.0
7,321,524.1445040722957,305.29415095835924,519.1445040722957,300.29415095835924,529.1445040722957,310.29415095835924,1.0
7,322,523.2580952173528,304.398609393357,518.2580952173528,299.398609393357,528.2580952173528,309.398609393357,1.0
7,323,521.6133247311809,303.66801099244464,516.6133247311809,298.66801099244464,526.6133247311809,308.66801099244464,1.0
7,324,520.029287060272,303.1124994828792,515.029287060272,298.1124994828792,525.029287060272,308.1124994828792,1.0
7,325,519.8598843770335,302.9949082625801,514.8598843770335,297.9949082625801,524.8598843770335,307.9949082625801,1.0
7,326,520.0144191732172,303.394950895245,515.0144191732172,298.394950895245,525.0144191732172,308.394950895245,1.0
7,327,520.5832817279727,303.0752144508166,515.5832817279727,298.0752144508166,525.5832817279727,308.0752144508166,1.0
7,328,520.7830707990091,302.9927119682779,515.7830707990091,297.9927119682779,525.7830707990091,307.9927119682779,1.0
7,329,521.0847757045798,302.3605140047284,516.0847757045798,297.3605140047284,526.0847757045798,307.3605140047284,1.0
7,330,521.0339414271128,301.78146776703903,516.0339414271128,296.78146776703903,526.0339414271128,306.78146776703903,1.0
7,331,519.1321785958606,302.24199048014503,514.1321785958606,297.24199048014503,524.1321785958606,307.24199048014503,1.0
7,332,518.2863346627281,302.6647586509773,513.2863346627281,297.6647586509773,523.2863346627281,307.6647586509773,1.0
7,333,518.0783846231855,302.5375547687784,513.0783846231855,297.5375547687784,523.0783846231855,307.5375547687784,1.0
7,334,518.6088882400478,301.74660491756936,513.6088882400478,296.74660491756936,523.6088882400478,306.74660491756936,1.0
7,335,519.1232112795008,301.85689588812807,514.1232112795008,296.85689588812807,524.1232112795008,306.85689588812807,1.0
7,336,519.5333165705119,302.1025198579899,514.5333165705119,297.1025198579899,524.5333165705119,307.1025198579899,1.0
7,337,520.5529779231695,302.8681325818473,515.5529779231695,297.8681325818473,525.5529779231695,307.8681325818473,1.0
7,338,520.4896393133815,302.93689519270356,515.4896393133815,297.93689519270356,525.4896393133815,307.93689519270356,1.0
7,339,521.7222541696543,303.15893836595797,516.7222541696543,298.15893836595797,526.7222541696543,308.15893836595797,1.0
7,340,522.6923441904089,304.2168789659876,517.6923441904089,299.2168789659876,527.6923441904089,309.2168789659876,1.0
7,341,522.3841714932898,305.6579499817853,517.3841714932898,300.6579499817853,527.3841714932898,310.6579499817853,1.0
7,342,523.0421329067983,306.30486590614737,518.0421329067983,301.30486590614737,528.0421329067983,311.30486590614737,1.0
7,343,522.9576292256055,306.43684489410384,517.9576292256055,301.43684489410384,527.9576292256055,311.43684489410384,1.0
7,344,523.2403355877578,306.754746759775,518.2403355877578,301.754746759775,528.2403355877578,311.754746759775,1.0
7,345,524.6344216607146,307.0960852840221,519.6344216607146,302.0960852840221,529.6344216607146,312.0960852840221,1.0
7,346,525.5432525121767,306.79213543651,520.5432525121767,301.79213543651,530.5432525121767,311.79213543651,1.0
7,347,526.2469227400696,306.93387131002606,521.2469227400696,301.93387131002606,531.2469227400696,311.93387131002606,1.0
7,348,526.1117304160069,306.1506968715597,521.1117304160069,301.1506968715597,531.1117304160069,311.1506968715597,1.0
7,349,526.2603206946737,305.8841631976622,521.2603206946737,300.8841631976622,531.2603206946737,310.8841631976622,1.0
7,350,526.5136547386597,305.32838925312194,521.5136547386597,300.32838925312194,531.5136547386597,310.32838925312194,1.0
7,351,527.7066489149752,303.800219326479,522.7066489149752,298.800219326479,532.7066489149752,308.800219326479,1.0
7,352,529.2250178077978,303.3165264739889,524.2250178077978,298.3165264739889,534.2250178077978,308.3165264739889,1.0
7,353,529.0349663669075,302.656057453551,524.0349663669075,297.656057453551,534.0349663669075,307.656057453551,1.0
7,354,528.3388970626156,301.20960911158016,523.3388970626156,296.20960911158016,533.3388970626156,306.20960911158016,1.0
7,355,528.3185634422308,299.93017338646456,523.3185634422308,294.93017338646456,533.3185634422308,304.93017338646456,1.0
7,356,528.5986235048326,298.9790449527221,523.5986235048326,293.9790449527221,533.5986235048326,303.9790449527221,1.0
7,357,528.9238422042249,298.5561778151995,523.9238422042249,293.5561778151995,533.9238422042249,303.5561778151995,1.0
7,358,529.092617328956,298.456326574635,524.092617328956,293.456326574635,534.092617328956,303.456326574635,1.0
7,359,528.6034687456831,298.8557292968819,523.6034687456831,293.8557292968819,533.6034687456831,303.8557292968819,1.0
7,360,528.4177053765885,299.52880548324595,523.4177053765885,294.52880548324595,533.4177053765885,304.52880548324595,1.0
7,361,528.8066514879987,299.00136073998783,523.8066514879987,294.00136073998783,533.8066514879987,304.00136073998783,1.0
7,362,530.0601526058914,298.92311045386754,525.0601526058914,293.92311045386754,535.0601526058914,303.92311045386754,1.0
7,363,529.5535687516561,299.1655841214708,524.5535687516561,294.1655841214708,534.5535687516561,304.1655841214708,1.0
7,364,530.0780805232721,299.1421997397799,525.0780805232721,294.1421997397799,535.0780805232721,304.1421997397799,1.0
7,365,531.4940465524658,297.85793569799364,526.4940465524658,292.85793569799364,536.4940465524658,302.85793569799364,1.0
7,366,532.6585959078965,297.42458271425073,527.6585959078965,292.42458271425073,537.6585959078965,302.42458271425073,1.0
7,367,534.006490554186,297.9240310536712,529.006490554186,292.9240310536712,539.006490554186,302.9240310536712,1.0
7,368,534.1875940423412,296.6151779896649,529.1875940423412,291.6151779896649,539.1875940423412,301.6151779896649,1.0
7,369,534.3247651945685,295.7905141382475,529.3247651945685,290.7905141382475,539.3247651945685,300.7905141382475,1.0
7,370,533.6378354355637,294.76585713461304,528.6378354355637,289.76585713461304,538.6378354355637,299.76585713461304,1.0
7,371,533.598889059117,295.9590838039855,528.598889059117,290.9590838039855,538.598889059117,300.9590838039855,1.0
7,372,534.0017364890942,295.95774941189933,529.0017364890942,290.95774941189933,539.0017364890942,300.95774941189933,1.0
7,373,533.0999667413746,297.20994885853327,528.0999667413746,292.20994885853327,538.0999667413746,302.20994885853327,1.0
7,374,532.032837677312,298.8070011872247,527.032837677312,293.8070011872247,537.032837677312,303.8070011872247,1.0
7,375,531.833014307158,301.07759175650546,526.833014307158,296.07759175650546,536.833014307158,306.07759175650546,1.0
7,376,531.3236689831542,301.984049755272,526.3236689831542,296.984049755272,536.3236689831542,306.984049755272,1.0
7,377,531.9787950548018,301.62673498630926,526.9787950548018,296.62673498630926,536.9787950548018,306.62673498630926,1.0
7,378,532.0547114174958,301.91159340213574,527.0547114174958,296.91159340213574,537.0547114174958,306.91159340213574,1.0
7,379,531.6788219466708,302.2720287149762,526.6788219466708,297.2720287149762,536.6788219466708,307.2720287149762,1.0
7,380,532.2231821899336,302.59324285815023,527.2231821899336,297.59324285815023,537.2231821899336,307.59324285815023,1.0
7,381,532.0825418017057,302.432388506069,527.0825418017057,297.432388506069,537.0825418017057,307.432388506069,1.0
7,382,531.1632928100018,301.55322888798804,526.1632928100018,296.55322888798804,536.1632928100018,306.55322888798804,1.0
7,383,530.9898321684683,301.8445580353541,525.9898321684683,296.8445580353541,535.9898321684683,306.8445580353541,1.0
7,384,530.3185468415127,301.80621904687786,525.3185468415127,296.80621904687786,535.3185468415127,306.80621904687786,1.0
7,385,529.8450919805637,300.99062120409263,524.8450919805637,295.99062120409263,534.8450919805637,305.99062120409263,1.0
7,386,528.4865427608453,299.4250879875124,523.4865427608453,294.4250879875124,533.4865427608453,304.4250879875124,1.0
7,387,527.3313024661667,297.4892830296068,522.3313024661667,292.4892830296068,532.3313024661667,302.4892830296068,1.0
7,388,527.205343696888,296.32749170834484,522.205343696888,291.32749170834484,532.205343696888,301.32749170834484,1.0
7,389,528.4878263308101,295.95658128507273,523.4878263308101,290.95658128507273,533.4878263308101,300.95658128507273,1.0
7,390,528.7801150906124,295.8591206512299,523.7801150906124,290.8591206512299,533.7801150906124,300.8591206512299,1.0
7,391,529.2022304566517,295.95734538418947,524.2022304566517,290.95734538418947,534.2022304566517,300.95734538418947,1.0
7,392,530.2357178616983,296.18812177612466,525.2357178616983,291.18812177612466,535.2357178616983,301.18812177612466,1.0
7,393,529.7110460514302,296.42450685749805,524.7110460514302,291.42450685749805,534.7110460514302,301.42450685749805,1.0
7,394,529.0302354318543,296.119365048781,524.0302354318543,291.119365048781,534.0302354318543,301.119365048781,1.0
7,395,528.242279794741,295.98284480158344,523.242279794741,290.98284480158344,533.242279794741,300.98284480158344,1.0
7,396,527.3532650859074,296.28399374552924,522.3532650859074,291.28399374552924,532.3532650859074,301.28399374552924,1.0
7,397,526.5673156896676,296.369092139074,521.5673156896676,291.369092139074,531.5673156896676,301.369092139074,1.0
7,398,525.8286878703161,296.0929786288518,520.8286878703161,291.0929786288518,530.8286878703161,301.0929786288518,1.0
7,399,524.5513672995562,296.40150946864674,519.5513672995562,291.40150946864674,529.5513672995562,301.40150946864674,1.0
7,400,523.9170146095512,296.0306585565438,518.9170146095512,291.0306585565438,528.9170146095512,301.0306585565438,1.0
7,401,523.3081693057643,295.88358905451474,518.3081693057643,290.88358905451474,528.3081693057643,300.88358905451474,1.0
7,402,522.2422736479568,296.4790647015803,517.2422736479568,291.4790647015803,527.2422736479568,301.4790647015803,1.0
7,403,521.3437935654475,297.52281118328193,516.3437935654475,292.52281118328193,526.3437935654475,302.52281118328193,1.0
7,404,521.3127881742396,297.5409204507877,516.3127881742396,292.5409204507877,526.3127881742396,302.5409204507877,1.0
7,405,521.9506697983048,298.6935130619242,516.9506697983048,293.6935130619242,526.9506697983048,303.6935130619242,1.0
7,406,523.1258075772427,298.4723174231873,518.1258075772427,293.4723174231873,528.1258075772427,303.4723174231873,1.0
7,407,523.8100582774906,298.13075225915554,518.8100582774906,293.13075225915554,528.8100582774906,303.13075225915554,1.0
7,408,524.083390773828,297.14681881806297,519.083390773828,292.14681881806297,529.083390773828,302.14681881806297,1.0
7,409,524.5939277682857,295.95827163381216,519.5939277682857,290.95827163381216,529.5939277682857,300.95827163381216,1.0
7,410,523.8435261251501,295.41677766911454,518.8435261251501,290.41677766911454,528.8435261251501,300.41677766911454,1.0
7,411,524.0457190658511,295.17055181678995,519.0457190658511,290.17055181678995,529.0457190658511,300.17055181678995,1.0
7,412,524.2035673643918,295.0341532860257,519.2035673643918,290.0341532860257,529.2035673643918,300.0341532860257,1.0
7,413,525.4193118959125,296.04496606011224,520.4193118959125,291.04496606011224,530.4193118959125,301.04496606011224,1.0
7,414,526.1155971556013,297.9208672270161,521.1155971556013,292.9208672270161,531.1155971556013,302.9208672270161,1.0
7,415,526.7879936763627,298.5268614374112,521.7879936763627,293.5268614374112,531.7879936763627,303.5268614374112,1.0
7,416,528.0035303692312,298.931654097653,523.0035303692312,293.931654097653,533.0035303692312,303.931654097653,1.0
7,417,530.5081108834415,299.3341402749612,525.5081108834415,294.3341402749612,535.5081108834415,304.3341402749612,1.0
7,418,532.5303161878307,299.7312759586915,527.5303161878307,294.7312759586915,537.5303161878307,304.7312759586915,1.0
7,419,533.7522544278493,300.1264360397724,528.7522544278493,295.1264360397724,538.7522544278493,305.1264360397724,1.0
7,420,534.2295693383559,299.57278986492395,529.2295693383559,294.57278986492395,539.2295693383559,304.57278986492395,1.0
7,421,533.8255338098251,298.64025156261096,528.8255338098251,293.64025156261096,538.8255338098251,303.64025156261096,1.0
7,422,534.3335486343829,298.22703711702115,529.3335486343829,293.22703711702115,539.3335486343829,303.22703711702115,1.0
7,423,534.0949407285826,298.3202066639599,529.0949407285826,293.3202066639599,539.0949407285826,303.3202066639599,1.0
7,424,532.8836099767658,298.8085733872293,527.8836099767658,293.8085733872293,537.8836099767658,303.8085733872293,1.0
7,425,531.7360016525298,299.2741110409703,526.7360016525298,294.2741110409703,536.7360016525298,304.2741110409703,1.0
7,426,530.3036615055383,299.0168062458178,525.3036615055383,294.0168062458178,535.3036615055383,304.0168062458178,1.0
7,427,529.3282473770666,298.79978613617453,524.3282473770666,293.79978613617453,534.3282473770666,303.79978613617453,1.0
7,428,529.2341533159519,299.5557272721031,524.2341533159519,294.5557272721031,534.2341533159519,304.5557272721031,1.0
7,429,529.3013729452255,299.52781284625746,524.3013729452255,294.52781284625746,534.3013729452255,304.52781284625746,1.0
7,430,529.146877045125,299.9591376767882,524.146877045125,294.9591376767882,534.146877045125,304.9591376767882,1.0
7,431,529.7459527969853,298.01313618919994,524.7459527969853,293.01313618919994,534.7459527969853,303.01313618919994,1.0
7,432,530.3200231954036,297.792223703286,525.3200231954036,292.792223703286,535.3200231954036,302.792223703286,1.0
7,433,531.5784264667781,297.8594318502302,526.5784264667781,292.8594318502302,536.5784264667781,302.8594318502302,1.0
7,434,533.0335290085505,297.7564139660438,528.0335290085505,292.7564139660438,538.0335290085505,302.7564139660438,1.0
7,435,533.5233976649962,297.29457469105165,528.5233976649962,292.29457469105165,538.5233976649962,302.29457469105165,1.0
7,436,534.7743182237496,296.7932014984429,529.7743182237496,291.7932014984429,539.7743182237496,301.7932014984429,1.0
7,437,534.1408403152257,296.0194096169319,529.1408403152257,291.0194096169319,539.1408403152257,301.0194096169319,1.0
7,438,533.8056827728395,295.5747755690226,528.8056827728395,290.5747755690226,538.8056827728395,300.5747755690226,1.0
7,439,534.7345410165175,295.60031843778887,529.7345410165175,290.60031843778887,539.7345410165175,300.60031843778887,1.0
7,440,535.5633201189688,296.0731089362126,530.5633201189688,291.0731089362126,540.5633201189688,301.0731089362126,1.0
7,441,536.5181105968927,296.0748088708967,531.5181105968927,291.0748088708967,541.5181105968927,301.0748088708967,1.0
7,442,537.3481053931357,296.5992174827343,532.3481053931357,291.5992174827343,542.3481053931357,301.5992174827343,1.0
7,443,537.6337666688418,296.21842789644614,532.6337666688418,291.21842789644614,542.6337666688418,301.21842789644614,1.0
7,444,538.2843434230501,296.4246549099208,533.2843434230501,291.4246549099208,543.2843434230501,301.4246549099208,1.0
7,445,539.5733656592106,296.58090080006303,534.5733656592106,291.58090080006303,544.5733656592106,301.58090080006303,1.0
7,446,540.3369094777414,295.99183690090274,535.3369094777414,290.99183690090274,545.3369094777414,300.99183690090274,1.0
7,447,541.5296683443829,297.61420206960355,536.5296683443829,292.61420206960355,546.5296683443829,302.61420206960355,1.0
7,448,542.1219096536712,298.409147759425,537.1219096536712,293.409147759425,547.1219096536712,303.409147759425,1.0
7,449,541.613622707637,298.9820086833706,536.613622707637,293.9820086833706,546.613622707637,303.9820086833706,1.0
7,450,541.8625893215118,298.68538330380636,536.8625893215118,293.68538330380636,546.8625893215118,303.68538330380636,1.0
7,451,542.4345509811001,297.65767120371913,537.4345509811001,292.65767120371913,547.4345509811001,302.65767120371913,1.0
7,452,542.3866318703789,296.71996881062967,537.3866318703789,291.71996881062967,547.3866318703789,301.71996881062967,1.0
7,453,541.6575287345357,296.13113622002425,536.6575287345357,291.13113622002425,546.6575287345357,301.13113622002425,1.0
7,454,540.2025719186778,295.7270074336173,535.2025719186778,290.7270074336173,545.2025719186778,300.7270074336173,1.0
7,455,537.8545601663246,294.92741761733873,532.8545601663246,289.92741761733873,542.8545601663246,299.92741761733873,1.0
7,456,536.1416050880936,295.2623546185032,531.1416050880936,290.2623546185032,541.1416050880936,300.2623546185032,1.0
7,457,535.6802728988744,295.045706789397,530.6802728988744,290.045706789397,540.6802728988744,300.045706789397,1.0
7,458,535.3263652284506,295.20700501977575,530.3263652284506,290.20700501977575,540.3263652284506,300.20700501977575,1.0
7,459,534.5667130024964,295.45057209291974,529.5667130024964,290.45057209291974,539.5667130024964,300.45057209291974,1.0
7,460,534.0247947129934,295.14990585321095,529.0247947129934,290.14990585321095,539.0247947129934,300.14990585321095,1.0
7,461,533.5724399017357,295.63895069902196,528.5724399017357,290.63895069902196,538.5724399017357,300.63895069902196,1.0
7,462,532.6816178694334,296.237707251409,527.6816178694334,291.237707251409,537.6816178694334,301.237707251409,1.0
7,463,533.0801936463267,297.65118781229233,528.0801936463267,292.65118781229233,538.0801936463267,302.65118781229233,1.0
7,464,534.1355973679199,298.21052489592165,529.1355973679199,293.21052489592165,539.1355973679199,303.21052489592165,1.0
7,465,533.834988994288,299.47121802059337,528.834988994288,294.47121802059337,538.834988994288,304.47121802059337,1.0
7,466,534.4091192633206,299.9156461530651,529.4091192633206,294.9156461530651,539.4091192633206,304.9156461530651,1.0
7,467,534.0447081506321,299.60860706465365,529.0447081506321,294.60860706465365,539.0447081506321,304.60860706465365,1.0
7,468,534.4315158857293,298.9871742739273,529.4315158857293,293.9871742739273,539.4315158857293,303.9871742739273,1.0
7,469,534.5742730826204,299.33707386939733,529.5742730826204,294.33707386939733,539.5742730826204,304.33707386939733,1.0
7,470,534.3751544061746,300.1680620192816,529.3751544061746,295.1680620192816,539.3751544061746,305.1680620192816,1.0
7,471,534.3891753658042,299.8640232305272,529.3891753658042,294.8640232305272,539.3891753658042,304.8640232305272,1.0
7,472,533.5624906441427,299.8888961156915,528.5624906441427,294.8888961156915,538.5624906441427,304.8888961156915,1.0
7,473,532.8219918298585,299.5423753081142,527.8219918298585,294.5423753081142,537.8219918298585,304.5423753081142,1.0
7,474,532.2642306704108,299.1175664441587,527.2642306704108,294.1175664441587,537.2642306704108,304.1175664441587,1.0
7,475,531.0370985458505,298.4305614743323,526.0370985458505,293.4305614743323,536.0370985458505,303.4305614743323,1.0
7,476,529.0995667963123,297.8516202565643,524.0995667963123,292.8516202565643,534.0995667963123,302.8516202565643,1.0
7,477,526.972417673567,297.60255141873745,521.972417673567,292.60255141873745,531.972417673567,302.60255141873745,1.0
7,478,525.532094832005,298.2739844570999,520.532094832005,293.2739844570999,530.532094832005,303.2739844570999,1.0
7,479,524.8102867442364,299.3097105729656,519.8102867442364,294.3097105729656,529.8102867442364,304.3097105729656,1.0
7,480,524.7309684319207,300.3738249039799,519.7309684319207,295.3738249039799,529.7309684319207,305.3738249039799,1.0
7,481,525.1347154712339,301.1042516381017,520.1347154712339,296.1042516381017,530.1347154712339,306.1042516381017,1.0
7,482,525.6952884482697,301.9996358041661,520.6952884482697,296.9996358041661,530.6952884482697,306.9996358041661,1.0
7,483,525.1548670724966,302.9110492163899,520.1548670724966,297.9110492163899,530.1548670724966,307.9110492163899,1.0
7,484,525.6311165922999,303.3227553021351,520.6311165922999,298.3227553021351,530.6311165922999,308.3227553021351,1.0
7,485,525.5800714133194,303.475214778638,520.5800714133194,298.475214778638,530.5800714133194,308.475214778638,1.0
7,486,526.4632002010259,303.4817620655712,521.4632002010259,298.4817620655712,531.4632002010259,308.4817620655712,1.0
7,487,527.1226528198362,304.2435602366946,522.1226528198362,299.2435602366946,532.1226528198362,309.2435602366946,1.0
7,488,527.1172975918686,305.1513802952371,522.1172975918686,300.1513802952371,532.1172975918686,310.1513802952371,1.0
7,489,527.5702547777721,305.365364930886,522.5702547777721,300.365364930886,532.5702547777721,310.365364930886,1.0
7,490,526.9497189518667,305.1943302362739,521.9497189518667,300.1943302362739,531.9497189518667,310.1943302362739,1.0
7,491,525.8256207732057,305.8387939497425,520.8256207732057,300.8387939497425,530.8256207732057,310.8387939497425,1.0
7,492,525.63035840528,307.2668126393476,520.63035840528,302.2668126393476,530.63035840528,312.2668126393476,1.0
7,493,525.3755953480994,308.0652450549938,520.3755953480994,303.0652450549938,530.3755953480994,313.0652450549938,1.0
7,494,525.2014684838495,308.56483748472385,520.2014684838495,303.56483748472385,530.2014684838495,313.56483748472385,1.0
7,495,525.0494179026341,309.5968543181726,520.0494179026341,304.5968543181726,530.0494179026341,314.5968543181726,1.0
7,496,524.9869872347243,310.22575434777855,519.9869872347243,305.22575434777855,529.9869872347243,315.22575434777855,1.0
7,497,525.0862643788064,310.700548421391,520.0862643788064,305.700548421391,530.0862643788064,315.700548421391,1.0
7,498,525.4118730249364,310.9392494771158,520.4118730249364,305.9392494771158,530.4118730249364,315.9392494771158,1.0
7,499,526.2000567363225,310.64056177942155,521.2000567363225,305.64056177942155,531.2000567363225,315.64056177942155,1.0
7,500,525.6129727452193,311.18512533740164,520.6129727452193,306.18512533740164,530.6129727452193,316.18512533740164,1.0
7,501,525.7590376265019,310.4554034442811,520.7590376265019,305.4554034442811,530.7590376265019,315.4554034442811,1.0
7,502,526.7428557741496,310.31815515877236,521.7428557741496,305.31815515877236,531.7428557741496,315.31815515877236,1.0
7,503,529.2054129798223,310.7249857885777,524.2054129798223,305.7249857885777,534.2054129798223,315.7249857885777,1.0
7,504,530.639226291706,311.6055954296609,525.639226291706,306.6055954296609,535.639226291706,316.6055954296609,1.0
7,505,530.936763036125,311.4507861636532,525.936763036125,306.4507861636532,535.936763036125,316.4507861636532,1.0
7,506,530.8190439356343,311.94141988522176,525.8190439356343,306.94141988522176,535.8190439356343,316.94141988522176,1.0
7,507,531.0288641223104,312.5091643612008,526.0288641223104,307.5091643612008,536.0288641223104,317.5091643612008,1.0
7,508,529.5778745514996,313.25002997946996,524.5778745514996,308.25002997946996,534.5778745514996,318.25002997946996,1.0
7,509,529.0514471172979,313.7086497178319,524.0514471172979,308.7086497178319,534.0514471172979,318.7086497178319,1.0
7,510,528.8820298602008,314.34479774762616,523.8820298602008,309.34479774762616,533.8820298602008,319.34479774762616,1.0
7,511,528.6886578323333,314.1544114369074,523.6886578323333,309.1544114369074,533.6886578323333,319.1544114369074,1.0
7,512,528.7636152755431,315.2019940874253,523.7636152755431,310.2019940874253,533.7636152755431,320.2019940874253,1.0
7,513,528.6394409933127,315.44579175305716,523.6394409933127,310.44579175305716,533.6394409933127,320.44579175305716,1.0
7,514,528.7127792859135,315.5103706839265,523.7127792859135,310.5103706839265,533.7127792859135,320.5103706839265,1.0
7,515,527.8517413410922,315.2196178605506,522.8517413410922,310.2196178605506,532.8517413410922,320.2196178605506,1.0
7,516,528.5672483891832,314.7917994737551,523.5672483891832,309.7917994737551,533.5672483891832,319.7917994737551,1.0
7,517,528.369836423732,314.2316961825596,523.369836423732,309.2316961825596,533.369836423732,319.2316961825596,1.0
7,518,528.4434736593051,313.47372910940703,523.4434736593051,308.47372910940703,533.4434736593051,318.47372910940703,1.0
7,519,528.0083094844042,312.7224538664086,523.0083094844042,307.7224538664086,533.0083094844042,317.7224538664086,1.0
7,520,528.2651075854246,311.7042683920267,523.2651075854246,306.7042683920267,533.2651075854246,316.7042683920267,1.0
7,521,528.8632119061305,310.5535926922643,523.8632119061305,305.5535926922643,533.8632119061305,315.5535926922643,1.0
7,522,529.8180508345268,309.62392018456893,524.8180508345268,304.62392018456893,534.8180508345268,314.62392018456893,1.0
7,523,531.5158375866939,309.5378600102473,526.5158375866939,304.5378600102473,536.5158375866939,314.5378600102473,1.0
7,524,533.2812872817246,309.0802044373084,528.2812872817246,304.0802044373084,538.2812872817246,314.0802044373084,1.0
7,525,534.0894815716726,309.4995242958271,529.0894815716726,304.4995242958271,539.0894815716726,314.4995242958271,1.0
7,526,534.4142313403479,310.691951296501,529.4142313403479,305.691951296501,539.4142313403479,315.691951296501,1.0
7,527,535.1232923001274,310.6056773010832,530.1232923001274,305.6056773010832,540.1232923001274,315.6056773010832,1.0
7,528,536.0551690507089,310.55150804341156,531.0551690507089,305.55150804341156,541.0551690507089,315.55150804341156,1.0
7,529,536.438218717956,310.31361179537623,531.438218717956,305.31361179537623,541.438218717956,315.31361179537623,1.0
7,530,536.6814248308264,308.4631098127936,531.6814248308264,303.4631098127936,541.6814248308264,313.4631098127936,1.0
7,531,536.8141195637573,307.3184578660619,531.8141195637573,302.3184578660619,541.8141195637573,312.3184578660619,1.0
7,532,536.7153298244019,307.34958144780114,531.7153298244019,302.34958144780114,541.7153298244019,312.34958144780114,1.0
7,533,537.0173259074581,307.59353099081534,532.0173259074581,302.59353099081534,542.0173259074581,312.59353099081534,1.0
7,534,536.7289917327467,307.78116244291203,531.7289917327467,302.78116244291203,541.7289917327467,312.78116244291203,1.0
7,535,536.5638628856054,307.292331033614,531.5638628856054,302.292331033614,541.5638628856054,312.292331033614,1.0
7,536,535.5809328191225,305.8548146603018,530.5809328191225,300.8548146603018,540.5809328191225,310.8548146603018,1.0
7,537,535.0025200766881,305.73229508722983,530.0025200766881,300.73229508722983,540.0025200766881,310.73229508722983,1.0
7,538,534.9076263169927,305.93864082441485,529.9076263169927,300.93864082441485,539.9076263169927,310.93864082441485,1.0
7,539,534.6702313045486,305.9810173829521,529.6702313045486,300.9810173829521,539.6702313045486,310.9810173829521,1.0
7,540,534.8798694477756,305.8628478778533,529.8798694477756,300.8628478778533,539.8798694477756,310.8628478778533,1.0
7,541,535.9042040071579,305.83146184059103,530.9042040071579,300.83146184059103,540.9042040071579,310.83146184059103,1.0
7,542,536.6963056560999,305.3887860684816,531.6963056560999,300.3887860684816,541.6963056560999,310.3887860684816,1.0
7,543,538.5370674278192,304.9981465006962,533.5370674278192,299.9981465006962,543.5370674278192,309.9981465006962,1.0
7,544,539.6835820996781,304.3802527290878,534.6835820996781,299.3802527290878,544.6835820996781,309.3802527290878,1.0
7,545,539.9830906494811,304.5428716245003,534.9830906494811,299.5428716245003,544.9830906494811,309.5428716245003,1.0
7,546,540.1098810723842,304.8389951157781,535.1098810723842,299.8389951157781,545.1098810723842,309.8389951157781,1.0
7,547,538.9532326979667,305.07238655107324,533.9532326979667,300.07238655107324,543.9532326979667,310.07238655107324,1.0
7,548,538.1534653487417,305.09452539841345,533.1534653487417,300.09452539841345,543.1534653487417,310.09452539841345,1.0
7,549,538.0619262032449,304.6653788276815,533.0619262032449,299.6653788276815,543.0619262032449,309.6653788276815,1.0
7,550,538.1132799888301,304.01396590829114,533.1132799888301,299.01396590829114,543.1132799888301,309.01396590829114,1.0
7,551,537.9972758327334,303.2571499486223,532.9972758327334,298.2571499486223,542.9972758327334,308.2571499486223,1.0
7,552,538.1645352072932,302.4798215003245,533.1645352072932,297.4798215003245,543.1645352072932,307.4798215003245,1.0
7,553,538.6580477307825,301.9958518345902,533.6580477307825,296.9958518345902,543.6580477307825,306.9958518345902,1.0
7,554,538.7000049247497,301.20117688599254,533.7000049247497,296.20117688599254,543.7000049247497,306.20117688599254,1.0
7,555,539.0258798212685,299.18371646475174,534.0258798212685,294.18371646475174,544.0258798212685,304.18371646475174,1.0
7,556,538.5389913941216,297.880265942977,533.5389913941216,292.880265942977,543.5389913941216,302.880265942977,1.0
7,557,538.7488116642991,297.19051911088286,533.7488116642991,292.19051911088286,543.7488116642991,302.19051911088286,1.0
7,558,539.1841530483047,296.1043421409727,534.1841530483047,291.1043421409727,544.1841530483047,301.1043421409727,1.0
7,559,539.8175076986554,294.5611764752287,534.8175076986554,289.5611764752287,544.8175076986554,299.5611764752287,1.0
7,560,540.8389722398729,293.9049726002369,535.8389722398729,288.9049726002369,545.8389722398729,298.9049726002369,1.0
7,561,541.1512556571281,294.23436923998497,536.1512556571281,289.23436923998497,546.1512556571281,299.23436923998497,1.0
7,562,541.394221136591,294.8424777796817,536.394221136591,289.8424777796817,546.394221136591,299.8424777796817,1.0
7,563,542.0558252474696,295.78087668375156,537.0558252474696,290.78087668375156,547.0558252474696,300.78087668375156,1.0
7,564,542.6617562405294,296.5373305608476,537.6617562405294,291.5373305608476,547.6617562405294,301.5373305608476,1.0
7,565,542.4919594142956,297.1901085516468,537.4919594142956,292.1901085516468,547.4919594142956,302.1901085516468,1.0
7,566,542.802968856734,298.0379314411077,537.802968856734,293.0379314411077,547.802968856734,303.0379314411077,1.0
7,567,542.9688367462868,298.83191083538446,537.9688367462868,293.83191083538446,547.9688367462868,303.83191083538446,1.0
7,568,543.1716805314386,298.31231831557903,538.1716805314386,293.31231831557903,548.1716805314386,303.31231831557903,1.0
7,569,544.1213609322175,296.52483828113185,539.1213609322175,291.52483828113185,549.1213609322175,301.52483828113185,1.0
7,570,544.7032233641067,295.67194494211896,539.7032233641067,290.67194494211896,549.7032233641067,300.67194494211896,1.0
7,571,546.8547052941003,296.79822956083456,541.8547052941003,291.79822956083456,551.8547052941003,301.79822956083456,1.0
7,572,548.2231938978656,297.84599787933854,543.2231938978656,292.84599787933854,553.2231938978656,302.84599787933854,1.0
7,573,548.7288549395034,297.9104916746928,543.7288549395034,292.9104916746928,553.7288549395034,302.9104916746928,1.0
7,574,549.7838444613386,298.36630443631765,544.7838444613386,293.36630443631765,554.7838444613386,303.36630443631765,1.0
7,575,550.9447415175003,298.71103886082585,545.9447415175003,293.71103886082585,555.9447415175003,303.71103886082585,1.0
7,576,552.4099190803523,298.88043181818654,547.4099190803523,293.88043181818654,557.4099190803523,303.88043181818654,1.0
7,577,553.1276619383796,298.39234939034463,548.1276619383796,293.39234939034463,558.1276619383796,303.39234939034463,1.0
7,578,553.1988376723116,298.94469314989624,548.1988376723116,293.94469314989624,558.1988376723116,303.94469314989624,1.0
7,579,552.4140646931286,299.8303958831698,547.4140646931286,294.8303958831698,557.4140646931286,304.8303958831698,1.0
7,580,552.8258729641173,299.4010533583888,547.8258729641173,294.4010533583888,557.8258729641173,304.4010533583888,1.0
7,581,553.1134403077251,298.8594042618101,548.1134403077251,293.8594042618101,558.1134403077251,303.8594042618101,1.0
7,582,554.7084505283223,297.9836321314127,549.7084505283223,292.9836321314127,559.7084505283223,302.9836321314127,1.0
7,583,555.3394335985735,296.16105810470583,550.3394335985735,291.16105810470583,560.3394335985735,301.16105810470583,1.0
7,584,555.6067395785294,294.8785285049119,550.6067395785294,289.8785285049119,560.6067395785294,299.8785285049119,1.0
7,585,556.6287465054932,293.5046745877086,551.6287465054932,288.5046745877086,561.6287465054932,298.5046745877086,1.0
7,586,557.3289917279832,293.08439707560325,552.3289917279832,288.08439707560325,562.3289917279832,298.08439707560325,1.0
7,587,557.6224175702279,293.21278194759424,552.6224175702279,288.21278194759424,562.6224175702279,298.21278194759424,1.0
7,588,557.2910348352955,293.73775391300535,552.2910348352955,288.73775391300535,562.2910348352955,298.73775391300535,1.0
7,589,555.8838017445513,293.55092118740197,550.8838017445513,288.55092118740197,560.8838017445513,298.55092118740197,1.0
7,590,555.7726939210092,293.1994586444855,550.7726939210092,288.1994586444855,560.7726939210092,298.1994586444855,1.0
7,591,554.951252200061,293.2983556599092,549.951252200061,288.2983556599092,559.951252200061,298.2983556599092,1.0
7,592,554.2284208770263,292.27677870747425,549.2284208770263,287.27677870747425,559.2284208770263,297.27677870747425,1.0
7,593,553.9515085552777,292.7511536336515,548.9515085552777,287.7511536336515,558.9515085552777,297.7511536336515,1.0
7,594,554.4662257382756,292.46319595162186,549.4662257382756,287.46319595162186,559.4662257382756,297.46319595162186,1.0
7,595,555.0962398224762,290.98552427489125,550.0962398224762,285.98552427489125,560.0962398224762,295.98552427489125,1.0
7,596,554.3725242891448,290.2371937662079,549.3725242891448,285.2371937662079,559.3725242891448,295.2371937662079,1.0
7,597,554.4384205615521,289.543249206933,549.4384205615521,284.543249206933,559.4384205615521,294.543249206933,1.0
7,598,555.0526775451119,289.77977781607024,550.0526775451119,284.77977781607024,560.0526775451119,294.77977781607024,1.0
7,599,555.1940333563416,289.15344534932024,550.1940333563416,284.15344534932024,560.1940333563416,294.15344534932024,1.0
7,600,555.1802872550657,289.31787017448164,550.1802872550657,284.31787017448164,560.1802872550657,294.31787017448164,1.0
7,601,556.3556392212415,289.24963280676445,551.3556392212415,284.24963280676445,561.3556392212415,294.24963280676445,1.0
7,602,557.7500192762809,289.58875991333235,552.7500192762809,284.58875991333235,562.7500192762809,294.58875991333235,1.0
7,603,558.60391019505,289.2395148254388,553.60391019505,284.2395148254388,563.60391019505,294.2395148254388,1.0
7,604,559.1525309078155,288.55286126457116,554.1525309078155,283.55286126457116,564.1525309078155,293.55286126457116,1.0
7,605,560.1923054481124,287.9884977896037,555.1923054481124,282.9884977896037,565.1923054481124,292.9884977896037,1.0
7,606,560.7982321474577,288.11482798510747,555.7982321474577,283.11482798510747,565.7982321474577,293.11482798510747,1.0
7,607,561.9173904988704,288.88992915274264,556.9173904988704,283.88992915274264,566.9173904988704,293.88992915274264,1.0
7,608,563.1105888913936,289.65895288925543,558.1105888913936,284.65895288925543,568.1105888913936,294.65895288925543,1.0
7,609,563.5150193334646,290.36174624420204,558.5150193334646,285.36174624420204,568.5150193334646,295.36174624420204,1.0
7,610,563.8264685349513,290.42874863855354,558.8264685349513,285.42874863855354,568.8264685349513,295.42874863855354,1.0
7,611,565.0848547355012,289.4270935381543,560.0848547355012,284.4270935381543,570.0848547355012,294.4270935381543,1.0
7,612,565.9752483496455,289.5202331212818,560.9752483496455,284.5202331212818,570.9752483496455,294.5202331212818,1.0
7,613,566.1817657474227,289.04445295568905,561.1817657474227,284.04445295568905,571.1817657474227,294.04445295568905,1.0
7,614,567.5766821813259,289.079946642589,562.5766821813259,284.079946642589,572.5766821813259,294.079946642589,1.0
7,615,568.461753340068,288.75379292378653,563.461753340068,283.75379292378653,573.461753340068,293.75379292378653,1.0
7,616,568.700732968485,289.1704515694438,563.700732968485,284.1704515694438,573.700732968485,294.1704515694438,1.0
7,617,568.3369677296082,289.31168184810053,563.3369677296082,284.31168184810053,573.3369677296082,294.31168184810053,1.0
7,618,568.5345530462477,289.60810158654795,563.5345530462477,284.60810158654795,573.5345530462477,294.60810158654795,1.0
7,619,568.0877864013202,288.9747933188348,563.0877864013202,283.9747933188348,573.0877864013202,293.9747933188348,1.0
7,620,567.4772714602,289.2237194990407,562.4772714602,284.2237194990407,572.4772714602,294.2237194990407,1.0
7,621,568.1542633801395,289.7192609410432,563.1542633801395,284.7192609410432,573.1542633801395,294.7192609410432,1.0
7,622,569.0798744645222,290.2682047510848,564.0798744645222,285.2682047510848,574.0798744645222,295.2682047510848,1.0
7,623,569.4437964693326,290.0436616545286,564.4437964693326,285.0436616545286,574.4437964693326,295.0436616545286,1.0
7,624,570.2130785660695,290.3474104395733,565.2130785660695,285.3474104395733,575.2130785660695,295.3474104395733,1.0
7,625,571.6189532376604,290.4420343022334,566.6189532376604,285.4420343022334,576.6189532376604,295.4420343022334,1.0
7,626,572.4245769905085,291.0672878106053,567.4245769905085,286.0672878106053,577.4245769905085,296.0672878106053,1.0
7,627,574.2894655488112,292.7146867683345,569.2894655488112,287.7146867683345,579.2894655488112,297.7146867683345,1.0
7,628,574.7060040322004,294.6982859083721,569.7060040322004,289.6982859083721,579.7060040322004,299.6982859083721,1.0
7,629,574.7690002154761,295.04770617175836,569.7690002154761,290.04770617175836,579.7690002154761,300.04770617175836,1.0
7,630,573.9719012923898,295.5249213945579,568.9719012923898,290.5249213945579,578.9719012923898,300.5249213945579,1.0
7,631,572.6025873806294,296.69067050214977,567.6025873806294,291.69067050214977,577.6025873806294,301.69067050214977,1.0
7,632,571.5946064052994,297.1910013078735,566.5946064052994,292.1910013078735,576.5946064052994,302.1910013078735,1.0
7,633,570.2915754230645,297.2928836227763,565.2915754230645,292.2928836227763,575.2915754230645,302.2928836227763,1.0
7,634,568.9236633065383,297.6854699086498,563.9236633065383,292.6854699086498,573.9236633065383,302.6854699086498,1.0
7,635,569.3658447725612,297.9775219385833,564.3658447725612,292.9775219385833,574.3658447725612,302.9775219385833,1.0
7,636,568.6624639816135,297.3579641646666,563.6624639816135,292.3579641646666,573.6624639816135,302.3579641646666,1.0
7,637,568.1620675380335,297.6872388851564,563.1620675380335,292.6872388851564,573.1620675380335,302.6872388851564,1.0
7,638,567.8404737520829,297.66686314498975,562.8404737520829,292.66686314498975,572.8404737520829,302.66686314498975,1.0
7,639,567.0172449828792,297.3124838106354,562.0172449828792,292.3124838106354,572.0172449828792,302.3124838106354,1.0
7,640,566.8696452647123,296.8394584198419,561.8696452647123,291.8394584198419,571.8696452647123,301.8394584198419,1.0
7,641,566.172342675476,297.1601217257127,561.172342675476,292.1601217257127,571.172342675476,302.1601217257127,1.0
7,642,565.3537541463896,297.7667155216208,560.3537541463896,292.7667155216208,570.3537541463896,302.7667155216208,1.0
7,643,563.9086601520838,298.02103352244876,558.9086601520838,293.02103352244876,568.9086601520838,303.02103352244876,1.0
7,644,563.4601852276745,297.51980763829073,558.4601852276745,292.51980763829073,568.4601852276745,302.51980763829073,1.0
7,645,563.6915758412988,298.5731710400173,558.6915758412988,293.5731710400173,568.6915758412988,303.5731710400173,1.0
7,646,564.7840876020102,299.1775461603892,559.7840876020102,294.1775461603892,569.7840876020102,304.1775461603892,1.0
7,647,565.3885038423764,299.7897993817252,560.3885038423764,294.7897993817252,570.3885038423764,304.7897993817252,1.0
7,648,566.1533668597249,300.29902096978185,561.1533668597249,295.29902096978185,571.1533668597249,305.29902096978185,1.0
7,649,566.6213381873126,301.02611778882795,561.6213381873126,296.02611778882795,571.6213381873126,306.02611778882795,1.0
7,650,566.6554500115876,301.5911109567232,561.6554500115876,296.5911109567232,571.6554500115876,306.5911109567232,1.0
7,651,566.7612103740842,303.0116127279177,561.7612103740842,298.0116127279177,571.7612103740842,308.0116127279177,1.0
7,652,567.1567867986449,304.34517651172894,562.1567867986449,299.34517651172894,572.1567867986449,309.34517651172894,1.0
7,653,566.786228025569,305.07232472600595,561.786228025569,300.07232472600595,571.786228025569,310.07232472600595,1.0
7,654,567.8930591507169,306.48622751449057,562.8930591507169,301.48622751449057,572.8930591507169,311.48622751449057,1.0
7,655,568.1965857485693,307.01547404525866,563.1965857485693,302.01547404525866,573.1965857485693,312.01547404525866,1.0
7,656,568.5302400490295,307.85486116199496,563.5302400490295,302.85486116199496,573.5302400490295,312.85486116199496,1.0
7,657,568.9185937388236,308.2644523973555,563.9185937388236,303.2644523973555,573.9185937388236,313.2644523973555,1.0
7,658,569.420301032284,308.80705048416655,564.420301032284,303.80705048416655,574.420301032284,313.80705048416655,1.0
7,659,569.609887123788,308.52316575389085,564.609887123788,303.52316575389085,574.609887123788,313.52316575389085,1.0
7,660,569.8356884818454,307.8300570104792,564.8356884818454,302.8300570104792,574.8356884818454,312.8300570104792,1.0
7,661,570.1976265249385,306.74929453437073,565.1976265249385,301.74929453437073,575.1976265249385,311.74929453437073,1.0
7,662,570.732565256964,305.80090712301654,565.732565256964,300.80090712301654,575.732565256964,310.80090712301654,1.0
7,663,570.5695681026938,305.55371437789745,565.5695681026938,300.55371437789745,575.5695681026938,310.55371437789745,1.0
7,664,570.7722116789505,305.28133458604646,565.7722116789505,300.28133458604646,575.7722116789505,310.28133458604646,1.0
7,665,570.7576318535006,305.42553527285537,565.7576318535006,300.42553527285537,575.7576318535006,310.42553527285537,1.0
7,666,571.3703921498131,305.5213092832193,566.3703921498131,300.5213092832193,576.3703921498131,310.5213092832193,1.0
7,667,570.9472769163264,304.53055109430204,565.9472769163264,299.53055109430204,575.9472769163264,309.53055109430204,1.0
7,668,571.4803736105744,303.17628409362266,566.4803736105744,298.17628409362266,576.4803736105744,308.17628409362266,1.0
7,669,572.2576643663471,303.05102348617737,567.2576643663471,298.05102348617737,577.2576643663471,308.05102348617737,1.0
7,670,572.6117726147944,302.59394738869656,567.6117726147944,297.59394738869656,577.6117726147944,307.59394738869656,1.0
7,671,573.4425735418814,302.0281982733806,568.4425735418814,297.0281982733806,578.4425735418814,307.0281982733806,1.0
7,672,572.8925015332331,301.9099564758756,567.8925015332331,296.9099564758756,577.8925015332331,306.9099564758756,1.0
7,673,572.3007844302201,301.68736691406383,567.3007844302201,296.68736691406383,577.3007844302201,306.68736691406383,1.0
7,674,571.3779567236863,301.7565018736742,566.3779567236863,296.7565018736742,576.3779567236863,306.7565018736742,1.0
7,675,571.8577273824028,301.80586576095436,566.8577273824028,296.80586576095436,576.8577273824028,306.80586576095436,1.0
7,676,572.1443933608545,301.6539411118529,567.1443933608545,296.6539411118529,577.1443933608545,306.6539411118529,1.0
7,677,572.190053826673,301.4914239203291,567.190053826673,296.4914239203291,577.190053826673,306.4914239203291,1.0
7,678,572.7508771211561,302.09528932821877,567.7508771211561,297.09528932821877,577.7508771211561,307.09528932821877,1.0
7,679,573.8900960517698,301.03994526644544,568.8900960517698,296.03994526644544,578.8900960517698,306.03994526644544,1.0
7,680,575.828799348268,300.2740635025635,570.828799348268,295.2740635025635,580.828799348268,305.2740635025635,1.0
7,681,576.5389479556002,299.3119143322974,571.5389479556002,294.3119143322974,581.5389479556002,304.3119143322974,1.0
7,682,576.0800345800528,298.08584649550755,571.0800345800528,293.08584649550755,581.0800345800528,303.08584649550755,1.0
7,683,576.0527485766254,298.02406024877297,571.0527485766254,293.02406024877297,581.0527485766254,303.02406024877297,1.0
7,684,576.2225617082487,298.5586485059384,571.2225617082487,293.5586485059384,581.2225617082487,303.5586485059384,1.0
7,685,576.6227578924827,298.8247537085489,571.6227578924827,293.8247537085489,581.6227578924827,303.8247537085489,1.0
7,686,576.3988693620568,298.9217779650777,571.3988693620568,293.9217779650777,581.3988693620568,303.9217779650777,1.0
7,687,576.9016735173894,298.12404317576386,571.9016735173894,293.12404317576386,581.9016735173894,303.12404317576386,1.0
7,688,577.4860291100591,297.6071503875345,572.4860291100591,292.6071503875345,582.4860291100591,302.6071503875345,1.0
7,689,578.2778082982685,297.33342290832627,573.2778082982685,292.33342290832627,583.2778082982685,302.33342290832627,1.0
7,690,578.8964188947984,296.8359216360984,573.8964188947984,291.8359216360984,583.8964188947984,301.8359216360984,1.0
7,691,578.7774237230827,296.8336516014572,573.7774237230827,291.8336516014572,583.7774237230827,301.8336516014572,1.0
7,692,577.5561562255741,297.81860370148934,572.5561562255741,292.81860370148934,582.5561562255741,302.81860370148934,1.0
7,693,577.342657568076,300.1515747618982,572.342657568076,295.1515747618982,582.342657568076,305.1515747618982,1.0
7,694,576.9269619859683,301.0331342866724,571.9269619859683,296.0331342866724,581.9269619859683,306.0331342866724,1.0
7,695,577.2625624798151,301.5326931991102,572.2625624798151,296.5326931991102,582.2625624798151,306.5326931991102,1.0
7,696,576.6697683450976,302.60462723236816,571.6697683450976,297.60462723236816,581.6697683450976,307.60462723236816,1.0
7,697,574.8896992090887,303.68496313881406,569.8896992090887,298.68496313881406,579.8896992090887,308.68496313881406,1.0
7,698,574.1895321300547,302.172699673964,569.1895321300547,297.172699673964,579.1895321300547,307.172699673964,1.0
7,699,574.1150103684927,302.02076866735024,569.1150103684927,297.02076866735024,579.1150103684927,307.02076866735024,1.0
7,700,574.6547224186465,302.6545213213363,569.6547224186465,297.6545213213363,579.6547224186465,307.6545213213363,1.0
7,701,574.3880655782342,302.47668895213263,569.3880655782342,297.47668895213263,579.3880655782342,307.47668895213263,1.0
7,702,575.0945180722006,301.67659426671645,570.0945180722006,296.67659426671645,580.0945180722006,306.67659426671645,1.0
7,703,576.0117312945699,301.6164747459687,571.0117312945699,296.6164747459687,581.0117312945699,306.6164747459687,1.0
7,704,575.5262100521749,302.13209001483114,570.5262100521749,297.13209001483114,580.5262100521749,307.13209001483114,1.0
7,705,576.0817160530289,302.1741611501524,571.0817160530289,297.1741611501524,581.0817160530289,307.1741611501524,1.0
7,706,577.5190889155884,302.4204177555974,572.5190889155884,297.4204177555974,582.5190889155884,307.4204177555974,1.0
7,707,578.1051667944362,302.61738164283236,573.1051667944362,297.61738164283236,583.1051667944362,307.61738164283236,1.0
7,708,577.7578806312507,301.5981006153261,572.7578806312507,296.5981006153261,582.7578806312507,306.5981006153261,1.0
7,709,577.2049321613749,301.4531897641102,572.2049321613749,296.4531897641102,582.2049321613749,306.4531897641102,1.0
7,710,576.849851482413,300.90086677876286,571.849851482413,295.90086677876286,581.849851482413,305.90086677876286,1.0
7,711,576.5150261077595,300.6531285097939,571.5150261077595,295.6531285097939,581.5150261077595,305.6531285097939,1.0
7,712,576.9684389867193,301.24395522578106,571.9684389867193,296.24395522578106,581.9684389867193,306.24395522578106,1.0
7,713,576.8059573916927,302.0849697829732,571.8059573916927,297.0849697829732,581.8059573916927,307.0849697829732,1.0
7,714,577.3931200414385,301.73855176250305,572.3931200414385,296.73855176250305,582.3931200414385,306.73855176250305,1.0
7,715,578.0400575633685,301.999752489698,573.0400575633685,296.999752489698,583.0400575633685,306.999752489698,1.0
7,716,578.1796914219982,301.6094142245795,573.1796914219982,296.6094142245795,583.1796914219982,306.6094142245795,1.0
7,717,578.3268331376433,302.0584493071929,573.3268331376433,297.0584493071929,583.3268331376433,307.0584493071929,1.0
7,718,577.9723960308279,302.02606088868026,572.9723960308279,297.02606088868026,582.9723960308279,307.02606088868026,1.0
7,719,578.3032797988124,301.8285888564672,573.3032797988124,296.8285888564672,583.3032797988124,306.8285888564672,1.0
7,720,578.3712774855259,301.6018054406332,573.3712774855259,296.6018054406332,583.3712774855259,306.6018054406332,1.0
7,721,578.5950448714913,301.3243271458887,573.5950448714913,296.3243271458887,583.5950448714913,306.3243271458887,1.0
7,722,577.8774816759275,301.1671410875745,572.8774816759275,296.1671410875745,582.8774816759275,306.1671410875745,1.0
7,723,577.0660635701486,301.24199131044077,572.0660635701486,296.24199131044077,582.0660635701486,306.24199131044077,1.0
7,724,576.2782514961403,301.10254224319203,571.2782514961403,296.10254224319203,581.2782514961403,306.10254224319203,1.0
7,725,577.0155186511819,300.29808861307947,572.0155186511819,295.29808861307947,582.0155186511819,305.29808861307947,1.0
7,726,577.8979542165887,300.0174751427139,572.8979542165887,295.0174751427139,582.8979542165887,305.0174751427139,1.0
7,727,578.9462970499474,299.50603789564576,573.9462970499474,294.50603789564576,583.9462970499474,304.50603789564576,1.0
7,728,579.5820601784146,299.4724243878031,574.5820601784146,294.4724243878031,584.5820601784146,304.4724243878031,1.0
7,729,579.2656697438505,298.7161474745181,574.2656697438505,293.7161474745181,584.2656697438505,303.7161474745181,1.0
7,730,579.2838899368484,297.91776395302094,574.2838899368484,292.91776395302094,584.2838899368484,302.91776395302094,1.0
7,731,577.9159814637449,296.8503251279826,572.9159814637449,291.8503251279826,582.9159814637449,301.8503251279826,1.0
7,732,576.3907448092136,296.22410069601943,571.3907448092136,291.22410069601943,581.3907448092136,301.22410069601943,1.0
7,733,575.2207490985595,296.77990285929104,570.2207490985595,291.77990285929104,580.2207490985595,301.77990285929104,1.0
7,734,574.5402150410391,295.4401498057305,569.5402150410391,290.4401498057305,579.5402150410391,300.4401498057305,1.0
7,735,574.9582635056138,295.3775712136452,569.9582635056138,290.3775712136452,579.9582635056138,300.3775712136452,1.0
7,736,576.1452549354161,295.2188636949327,571.1452549354161,290.2188636949327,581.1452549354161,300.2188636949327,1.0
7,737,576.8811819890267,294.4675646016772,571.8811819890267,289.4675646016772,581.8811819890267,299.4675646016772,1.0
7,738,576.5193729318675,293.9940683764085,571.5193729318675,288.9940683764085,581.5193729318675,298.9940683764085,1.0
8,0,497.0,155.5,492.0,150.5,502.0,160.5,1.0
8,1,497.53939114959064,155.70948187689646,492.53939114959064,150.70948187689646,502.53939114959064,160.70948187689646,1.0
8,2,498.17134112041015,155.62504135233118,493.17134112041015,150.62504135233118,503.17134112041015,160.62504135233118,1.0
8,3,497.5548379444745,155.68811461375284,492.5548379444745,150.68811461375284,502.5548379444745,160.68811461375284,1.0
8,4,497.3041130717604,156.4378896398664,492.3041130717604,151.4378896398664,502.3041130717604,161.4378896398664,1.0
8,5,497.20615619306835,157.66448591029553,492.20615619306835,152.66448591029553,502.20615619306835,162.66448591029553,1.0
8,6,497.0046599159082,158.74130931878742,492.0046599159082,153.74130931878742,502.0046599159082,163.74130931878742,1.0
8,7,497.7183473422734,158.61620210711627,492.7183473422734,153.61620210711627,502.7183473422734,163.61620210711627,1.0
8,8,497.6765317569349,157.7163723691957,492.6765317569349,152.7163723691957,502.6765317569349,162.7163723691957,1.0
8,9,497.72183211971253,157.34523523846516,492.72183211971253,152.34523523846516,502.72183211971253,162.34523523846516,1.0
8,10,497.9889068633058,157.82502511574654,492.9889068633058,152.82502511574654,502.9889068633058,162.82502511574654,1.0
8,11,496.69044741065295,157.7788803934807,491.69044741065295,152.7788803934807,501.69044741065295,162.7788803934807,1.0
8,12,494.45996324494735,158.4377057677846,489.45996324494735,153.4377057677846,499.45996324494735,163.4377057677846,1.0
8,13,492.4908781753675,159.8690229849522,487.4908781753675,154.8690229849522,497.4908781753675,164.8690229849522,1.0
8,14,492.5988364809021,161.08216384629452,487.5988364809021,156.08216384629452,497.5988364809021,166.08216384629452,1.0
8,15,492.5301533737711,162.5356365392704,487.5301533737711,157.5356365392704,497.5301533737711,167.5356365392704,1.0
8,16,492.2204319486154,164.51559026043495,487.2204319486154,159.51559026043495,497.2204319486154,169.51559026043495,1.0
8,17,490.4919361652004,164.90672030590932,485.4919361652004,159.90672030590932,495.4919361652004,169.90672030590932,1.0
8,18,490.7878438865127,165.4503069316827,485.7878438865127,160.4503069316827,495.7878438865127,170.4503069316827,1.0
8,19,489.51728095340167,166.04790704571732,484.51728095340167,161.04790704571732,494.51728095340167,171.04790704571732,1.0
8,20,488.43771982707506,165.43044309178686,483.43771982707506,160.43044309178686,493.43771982707506,170.43044309178686,1.0
8,21,487.9178548771312,165.72505590570393,482.9178548771312,160.72505590570393,492.9178548771312,170.72505590570393,1.0
8,22,487.3340209339051,165.62630903309835,482.3340209339051,160.62630903309835,492.3340209339051,170.62630903309835,1.0
8,23,486.5202322894634,165.13313766004626,481.5202322894634,160.13313766004626,491.5202322894634,170.13313766004626,1.0
8,24,485.80357179359197,164.70294766720946,480.80357179359197,159.70294766720946,490.80357179359197,169.70294766720946,1.0
8,25,484.43246339506123,163.62650838275985,479.43246339506123,158.62650838275985,489.43246339506123,168.62650838275985,1.0
8,26,483.91371341961144,163.04137840241202,478.91371341961144,158.04137840241202,488.91371341961144,168.04137840241202,1.0
8,27,483.6891088899308,163.25017849375024,478.6891088899308,158.25017849375024,488.6891088899308,168.25017849375024,1.0
8,28,484.0807753397842,163.03035944531348,479.0807753397842,158.03035944531348,489.0807753397842,168.03035944531348,1.0
8,29,483.04316064432453,163.3604086413509,478.04316064432453,158.3604086413509,488.04316064432453,168.3604086413509,1.0
8,30,483.30595976414253,164.62634746859504,478.30595976414253,159.62634746859504,488.30595976414253,169.62634746859504,1.0
8,31,484.4162143436442,165.54183148656367,479.4162143436442,160.54183148656367,489.4162143436442,170.54183148656367,1.0
8,32,484.7076971106142,165.79633487877834,479.7076971106142,160.79633487877834,489.7076971106142,170.79633487877834,1.0
8,33,484.8490880559628,165.6076667845565,479.8490880559628,160.6076667845565,489.8490880559628,170.6076667845565,1.0
8,34,486.0740076053341,165.6683381864923,481.0740076053341,160.6683381864923,491.0740076053341,170.6683381864923,1.0
8,35,487.0280442627853,166.6836661531913,482.0280442627853,161.6836661531913,492.0280442627853,171.6836661531913,1.0
8,36,487.6090508755751,168.56699240049008,482.6090508755751,163.56699240049008,492.6090508755751,173.56699240049008,1.0
8,37,488.0457043323738,168.8996036681421,483.0457043323738,163.8996036681421,493.0457043323738,173.8996036681421,1.0
8,38,488.52576761204614,168.676192345475,483.52576761204614,163.676192345475,493.52576761204614,173.676192345475,1.0
8,39,489.02617096585294,168.1006048204026,484.02617096585294,163.1006048204026,494.02617096585294,173.1006048204026,1.0
8,40,490.56116510628146,167.0858013979898,485.56116510628146,162.0858013979898,495.56116510628146,172.0858013979898,1.0
8,41,491.990094500845,166.42325386338152,486.990094500845,161.42325386338152,496.990094500845,171.42325386338152,1.0
8,42,492.2789805585496,166.0274838183765,487.2789805585496,161.0274838183765,497.2789805585496,171.0274838183765,1.0
8,43,493.656437156489,165.81665904833486,488.656437156489,160.81665904833486,498.656437156489,170.81665904833486,1.0
8,44,495.17782852023885,166.45427043573739,490.17782852023885,161.45427043573739,500.17782852023885,171.45427043573739,1.0
8,45,495.8039987108317,167.3328842626025,490.8039987108317,162.3328842626025,500.8039987108317,172.3328842626025,1.0
8,46,496.7339661538968,166.9200992141984,491.7339661538968,161.9200992141984,501.7339661538968,171.9200992141984,1.0
8,47,496.58925385571183,167.70075204276966,491.58925385571183,162.70075204276966,501.58925385571183,172.70075204276966,1.0
8,48,496.9019427718279,167.97090487226185,491.9019427718279,162.97090487226185,501.9019427718279,172.97090487226185,1.0
8,49,496.9863003553639,167.577076700471,491.9863003553639,162.577076700471,501.9863003553639,172.577076700471,1.0
8,50,496.62434287791797,166.87250254972452,491.62434287791797,161.87250254972452,501.62434287791797,171.87250254972452,1.0
8,51,495.93203825486546,166.87786887016787,490.93203825486546,161.87786887016787,500.93203825486546,171.87786887016787,1.0
8,52,496.0327927147173,167.14303802701176,491.0327927147173,162.14303802701176,501.0327927147173,172.14303802701176,1.0
8,53,495.9040838698395,168.8651312207201,490.9040838698395,163.8651312207201,500.9040838698395,173.8651312207201,1.0
8,54,496.52168816181563,169.78417632633676,491.52168816181563,164.78417632633676,501.52168816181563,174.78417632633676,1.0
8,55,496.7124641849484,169.59845931846365,491.7124641849484,164.59845931846365,501.7124641849484,174.59845931846365,1.0
8,56,496.5911601973675,168.7232453039505,491.5911601973675,163.7232453039505,501.5911601973675,173.7232453039505,1.0
8,57,496.92346460951273,168.46297557159107,491.92346460951273,163.46297557159107,501.92346460951273,173.46297557159107,1.0
8,58,497.4521554783795,168.0230721650376,492.4521554783795,163.0230721650376,502.4521554783795,173.0230721650376,1.0
8,59,497.70126254915306,167.6285950330237,492.70126254915306,162.6285950330237,502.70126254915306,172.6285950330237,1.0
8,60,497.6958131021708,167.99533528087193,492.6958131021708,162.99533528087193,502.6958131021708,172.99533528087193,1.0
8,61,497.6549446199301,169.04761670388535,492.6549446199301,164.04761670388535,502.6549446199301,174.04761670388535,1.0
8,62,497.27169691938974,169.30332393098132,492.27169691938974,164.30332393098132,502.27169691938974,174.30332393098132,1.0
8,63,497.1876457157935,169.31033685243668,492.1876457157935,164.31033685243668,502.1876457157935,174.31033685243668,1.0
8,64,496.11947226835923,169.59191973164747,491.11947226835923,164.59191973164747,501.11947226835923,174.59191973164747,1.0
8,65,495.7446403442693,170.00017727214689,490.7446403442693,165.00017727214689,500.7446403442693,175.00017727214689,1.0
8,66,494.27500220465174,170.57711426941367,489.27500220465174,165.57711426941367,499.27500220465174,175.57711426941367,1.0
8,67,494.0311510274547,169.95653797298826,489.0311510274547,164.95653797298826,499.0311510274547,174.95653797298826,1.0
8,68,494.0827604902408,169.96111003644063,489.0827604902408,164.96111003644063,499.0827604902408,174.96111003644063,1.0
8,69,493.6875602261326,170.81578169414942,488.6875602261326,165.81578169414942,498.6875602261326,175.81578169414942,1.0
8,70,494.00784527138944,169.87483442099526,489.00784527138944,164.87483442099526,499.00784527138944,174.87483442099526,1.0
8,71,494.36858999578584,168.87500901512692,489.36858999578584,163.87500901512692,499.36858999578584,173.87500901512692,1.0
8,72,495.55095790776545,169.14709094939042,490.55095790776545,164.14709094939042,500.55095790776545,174.14709094939042,1.0
8,73,495.68319795029873,168.78618811476994,490.68319795029873,163.78618811476994,500.68319795029873,173.78618811476994,1.0
8,74,495.52639622924033,168.65537907631793,490.52639622924033,163.65537907631793,500.52639622924033,173.65537907631793,1.0
8,75,496.2327669299664,168.18508528918454,491.2327669299664,163.18508528918454,501.2327669299664,173.18508528918454,1.0
8,76,496.73566637516467,167.44922208889813,491.73566637516467,162.44922208889813,501.73566637516467,172.44922208889813,1.0
8,77,497.0769403480708,167.05425193221708,492.0769403480708,162.05425193221708,502.0769403480708,172.05425193221708,1.0
8,78,496.64036466409607,167.3401296550845,491.64036466409607,162.3401296550845,501.64036466409607,172.3401296550845,1.0
8,79,496.80916087770515,166.68390469848123,491.80916087770515,161.68390469848123,501.80916087770515,171.68390469848123,1.0
8,80,496.1000639198826,165.89883649525135,491.1000639198826,160.89883649525135,501.1000639198826,170.89883649525135,1.0
8,81,495.39519679986563,165.7387295128787,490.39519679986563,160.7387295128787,500.39519679986563,170.7387295128787,1.0
8,82,495.06461955056847,165.23966446806546,490.06461955056847,160.23966446806546,500.06461955056847,170.23966446806546,1.0
8,83,494.9018254181004,165.5390119971395,489.9018254181004,160.5390119971395,499.9018254181004,170.5390119971395,1.0
8,84,495.0669575691147,164.77811337942427,490.0669575691147,159.77811337942427,500.0669575691147,169.77811337942427,1.0
8,85,494.98624579385023,164.61278995799967,489.98624579385023,159.61278995799967,499.98624579385023,169.61278995799967,1.0
8,86,494.62256445015333,163.68526893958847,489.62256445015333,158.68526893958847,499.62256445015333,168.68526893958847,1.0
8,87,494.436772103934,164.37304511007497,489.436772103934,159.37304511007497,499.436772103934,169.37304511007497,1.0
8,88,493.46362408099253,164.5955310917118,488.46362408099253,159.5955310917118,498.46362408099253,169.5955310917118,1.0
8,89,493.0500604397566,164.62822388444602,488.0500604397566,159.62822388444602,498.0500604397566,169.62822388444602,1.0
8,90,493.37825600332786,164.00111026182557,488.37825600332786,159.00111026182557,498.37825600332786,169.00111026182557,1.0
8,91,493.4850024006084,163.01802223206886,488.4850024006084,158.01802223206886,498.4850024006084,168.01802223206886,1.0
8,92,494.3604046774354,162.96876355426,489.3604046774354,157.96876355426,499.3604046774354,167.96876355426,1.0
8,93,495.1200309387161,161.9545965184269,490.1200309387161,156.9545965184269,500.1200309387161,166.9545965184269,1.0
8,94,496.25812810775517,160.62656921036813,491.25812810775517,155.62656921036813,501.25812810775517,165.62656921036813,1.0
8,95,496.39352757445175,159.78515935879918,491.39352757445175,154.78515935879918,501.39352757445175,164.78515935879918,1.0
8,96,496.543896524258,158.88899893962633,491.543896524258,153.88899893962633,501.543896524258,163.88899893962633,1.0
8,97,495.43300854401747,158.62268352746702,490.43300854401747,153.62268352746702,500.43300854401747,163.62268352746702,1.0
8,98,496.6691007020409,158.43576421604416,491.6691007020409,153.43576421604416,501.6691007020409,163.43576421604416,1.0
8,99,496.28702005543886,157.92317067271125,491.28702005543886,152.92317067271125,501.28702005543886,162.92317067271125,1.0
8,100,496.40821732359876,158.20063055857378,491.40821732359876,153.20063055857378,501.40821732359876,163.20063055857378,1.0
8,101,496.33355512270333,157.61777892292162,491.33355512270333,152.61777892292162,501.33355512270333,162.61777892292162,1.0
8,102,496.06935693207333,156.6866754058481,491.06935693207333,151.6866754058481,501.06935693207333,161.6866754058481,1.0
8,103,496.21096954489195,156.09131838850277,491.21096954489195,151.09131838850277,501.21096954489195,161.09131838850277,1.0
8,104,497.57323897237006,155.25732846570648,492.57323897237006,150.25732846570648,502.57323897237006,160.25732846570648,1.0
8,105,498.56209378387365,155.76890041725204,493.56209378387365,150.76890041725204,503.56209378387365,160.76890041725204,1.0
8,106,498.94842009268973,155.79172128936753,493.94842009268973,150.79172128936753,503.94842009268973,160.79172128936753,1.0
8,107,498.98658579525454,156.79623831938247,493.98658579525454,151.79623831938247,503.98658579525454,161.79623831938247,1.0
8,108,498.29108522382097,157.83023961280836,493.29108522382097,152.83023961280836,503.29108522382097,162.83023961280836,1.0
8,109,498.5828392876705,158.93401863876443,493.5828392876705,153.93401863876443,503.5828392876705,163.93401863876443,1.0
8,110,498.20988222333136,159.4636796271392,493.20988222333136,154.4636796271392,503.20988222333136,164.4636796271392,1.0
8,111,498.4578220800469,159.72781674830443,493.4578220800469,154.72781674830443,503.4578220800469,164.72781674830443,1.0
8,112,499.0661906519782,159.48626755905588,494.0661906519782,154.48626755905588,504.0661906519782,164.48626755905588,1.0
8,113,498.5714313858709,158.6492789521628,493.5714313858709,153.6492789521628,503.5714313858709,163.6492789521628,1.0
8,114,497.58593402159534,158.78044502188214,492.58593402159534,153.78044502188214,502.58593402159534,163.78044502188214,1.0
8,115,497.0593703946757,160.09733361345172,492.0593703946757,155.09733361345172,502.0593703946757,165.09733361345172,1.0
8,116,496.7199752431314,160.53852555617104,491.7199752431314,155.53852555617104,501.7199752431314,165.53852555617104,1.0
8,117,495.6778921527947,161.13706843821186,490.6778921527947,156.13706843821186,500.6778921527947,166.13706843821186,1.0
8,118,494.618534805322,161.8519715300532,489.618534805322,156.8519715300532,499.618534805322,166.8519715300532,1.0
8,119,493.0396152734866,161.91793867256348,488.0396152734866,156.91793867256348,498.0396152734866,166.91793867256348,1.0
8,120,491.17914123859435,162.89221813075324,486.17914123859435,157.89221813075324,496.17914123859435,167.89221813075324,1.0
8,121,490.01842633454385,163.5318886592915,485.01842633454385,158.5318886592915,495.01842633454385,168.5318886592915,1.0
8,122,489.00721525456714,164.1414425516989,484.00721525456714,159.1414425516989,494.00721525456714,169.1414425516989,1.0
8,123,487.2733165756288,165.414065944871,482.2733165756288,160.414065944871,492.2733165756288,170.414065944871,1.0
8,124,485.8048563654937,167.12721918387987,480.8048563654937,162.12721918387987,490.8048563654937,172.12721918387987,1.0
8,125,485.0622433774433,168.92833561841925,480.0622433774433,163.92833561841925,490.0622433774433,173.92833561841925,1.0
8,126,484.42130290288367,169.86379215786366,479.42130290288367,164.86379215786366,489.42130290288367,174.86379215786366,1.0
8,127,483.51663826719164,170.60326484106014,478.51663826719164,165.60326484106014,488.51663826719164,175.60326484106014,1.0
8,128,484.5707362749983,171.5135720706008,479.5707362749983,166.5135720706008,489.5707362749983,176.5135720706008,1.0
8,129,486.01693773144456,172.07891463936963,481.01693773144456,167.07891463936963,491.01693773144456,177.07891463936963,1.0
8,130,486.6153577813557,172.33091599700265,481.6153577813557,167.33091599700265,491.6153577813557,177.33091599700265,1.0
8,131,486.505432061095,173.0238233907492,481.505432061095,168.0238233907492,491.505432061095,178.0238233907492,1.0
8,132,486.58567788737975,174.01173563122185,481.58567788737975,169.01173563122185,491.58567788737975,179.01173563122185,1.0
8,133,485.790047670796,173.61006611505144,480.790047670796,168.61006611505144,490.790047670796,178.61006611505144,1.0
8,134,485.60944297704185,172.67257369257234,480.60944297704185,167.67257369257234,490.60944297704185,177.67257369257234,1.0
8,135,485.1249931060212,172.17025046647223,480.1249931060212,167.17025046647223,490.1249931060212,177.17025046647223,1.0
8,136,485.21392406711595,172.05748915748163,480.21392406711595,167.05748915748163,490.21392406711595,177.05748915748163,1.0
8,137,485.5238848692677,171.53920953204423,480.5238848692677,166.53920953204423,490.5238848692677,176.53920953204423,1.0
8,138,485.36155807180376,171.1812385039164,480.36155807180376,166.1812385039164,490.36155807180376,176.1812385039164,1.0
8,139,486.52577445613235,170.9245072488514,481.52577445613235,165.9245072488514,491.52577445613235,175.9245072488514,1.0
8,140,487.1547550633298,170.43183566666985,482.1547550633298,165.43183566666985,492.1547550633298,175.43183566666985,1.0
8,141,487.8957557706853,169.69983112467193,482.8957557706853,164.69983112467193,492.8957557706853,174.69983112467193,1.0
8,142,488.85035588794625,169.19404219478764,483.85035588794625,164.19404219478764,493.85035588794625,174.19404219478764,1.0
8,143,490.18062048884025,169.25315530419044,485.18062048884025,164.25315530419044,495.18062048884025,174.25315530419044,1.0
8,144,490.55977148211355,168.36541849143606,485.55977148211355,163.36541849143606,495.55977148211355,173.36541849143606,1.0
8,145,490.8636422136388,167.45014216381065,485.8636422136388,162.45014216381065,495.8636422136388,172.45014216381065,1.0
8,146,490.6519448242416,166.6109332436153,485.6519448242416,161.6109332436153,495.6519448242416,171.6109332436153,1.0
8,147,492.2244350183666,166.55654032113006,487.2244350183666,161.55654032113006,497.2244350183666,171.55654032113006,1.0
8,148,493.4943923690397,166.34991617155714,488.4943923690397,161.34991617155714,498.4943923690397,171.34991617155714,1.0
8,149,494.05285429657755,166.66247689552927,489.05285429657755,161.66247689552927,499.05285429657755,171.66247689552927,1.0
8,150,493.9459976716358,167.0274325057595,488.9459976716358,162.0274325057595,498.9459976716358,172.0274325057595,1.0
8,151,493.8714199455086,167.56445214238124,488.8714199455086,162.56445214238124,498.8714199455086,172.56445214238124,1.0
8,152,494.81810238486133,167.60482068184243,489.81810238486133,162.60482068184243,499.81810238486133,172.60482068184243,1.0
8,153,494.3133229339778,167.29730477128973,489.3133229339778,162.29730477128973,499.3133229339778,172.29730477128973,1.0
8,154,493.47093711242,166.56075274874152,488.47093711242,161.56075274874152,498.47093711242,171.56075274874152,1.0
8,155,493.30942857784794,165.6909174528239,488.30942857784794,160.6909174528239,498.30942857784794,170.6909174528239,1.0
8,156,493.145686937022,165.53248325683387,488.145686937022,160.53248325683387,498.145686937022,170.53248325683387,1.0
8,157,493.0177968375006,165.87709760430428,488.0177968375006,160.87709760430428,498.0177968375006,170.87709760430428,1.0
8,158,493.1407766215899,166.90141980983697,488.1407766215899,161.90141980983697,498.1407766215899,171.90141980983697,1.0
8,159,494.0979884856105,167.36342308219955,489.0979884856105,162.36342308219955,499.0979884856105,172.36342308219955,1.0
8,160,494.5610187026996,166.20593688599863,489.5610187026996,161.20593688599863,499.5610187026996,171.20593688599863,1.0
8,161,494.7234435359909,166.1765266750528,489.7234435359909,161.1765266750528,499.7234435359909,171.1765266750528,1.0
8,162,494.2862474151059,166.64271590005157,489.2862474151059,161.64271590005157,499.2862474151059,171.64271590005157,1.0
8,163,494.3723146797887,166.48710111739345,489.3723146797887,161.48710111739345,499.3723146797887,171.48710111739345,1.0
8,164,494.04229448875213,166.80817339716228,489.04229448875213,161.80817339716228,499.04229448875213,171.80817339716228,1.0
8,165,493.97965456891575,167.94245732382774,488.97965456891575,162.94245732382774,498.97965456891575,172.94245732382774,1.0
8,166,493.5259675828738,168.445308660304,488.5259675828738,163.445308660304,498.5259675828738,173.445308660304,1.0
8,167,493.0215390367627,169.51088723624284,488.0215390367627,164.51088723624284,498.0215390367627,174.51088723624284,1.0
8,168,493.31273734555174,168.66284235274853,488.31273734555174,163.66284235274853,498.31273734555174,173.66284235274853,1.0
8,169,494.0955473173427,168.73691498433732,489.0955473173427,163.73691498433732,499.0955473173427,173.73691498433732,1.0
8,170,493.8710021608694,167.938638663862,488.8710021608694,162.938638663862,498.8710021608694,172.938638663862,1.0
8,171,492.72228574083636,166.22832099266054,487.72228574083636,161.22832099266054,497.72228574083636,171.22832099266054,1.0
8,172,492.02629261119984,165.07782717000813,487.02629261119984,160.07782717000813,497.02629261119984,170.07782717000813,1.0
8,173,491.05378772968726,164.61240438729786,486.05378772968726,159.61240438729786,496.05378772968726,169.61240438729786,1.0
8,174,490.95444966552236,164.48398982438619,485.95444966552236,159.48398982438619,495.95444966552236,169.48398982438619,1.0
8,175,491.4225112301384,164.97066113041603,486.4225112301384,159.97066113041603,496.4225112301384,169.97066113041603,1.0
8,176,491.40720375457767,165.05885958067512,486.40720375457767,160.05885958067512,496.40720375457767,170.05885958067512,1.0
8,177,491.3035568470555,164.25059459946544,486.3035568470555,159.25059459946544,496.3035568470555,169.25059459946544,1.0
8,178,490.65289905067294,163.42327297307205,485.65289905067294,158.42327297307205,495.65289905067294,168.42327297307205,1.0
8,179,490.0309286510018,163.97280893778094,485.0309286510018,158.97280893778094,495.0309286510018,168.97280893778094,1.0
8,180,489.3618422361839,164.22570763654545,484.3618422361839,159.22570763654545,494.3618422361839,169.22570763654545,1.0
8,181,488.9839819748898,164.2716240453465,483.9839819748898,159.2716240453465,493.9839819748898,169.2716240453465,1.0
8,182,488.58496084101574,164.12543590490358,483.58496084101574,159.12543590490358,493.58496084101574,169.12543590490358,1.0
8,183,488.46427952684843,163.48179728521802,483.46427952684843,158.48179728521802,493.46427952684843,168.48179728521802,1.0
8,184,488.19112005922113,163.25733101183658,483.19112005922113,158.25733101183658,493.19112005922113,168.25733101183658,1.0
8,185,488.40681206448835,163.52293865974585,483.40681206448835,158.52293865974585,493.40681206448835,168.52293865974585,1.0
8,186,487.690153659544,163.68327657340168,482.690153659544,158.68327657340168,492.690153659544,168.68327657340168,1.0
8,187,487.6855593268379,164.20504196064076,482.6855593268379,159.20504196064076,492.6855593268379,169.20504196064076,1.0
8,188,487.50132667066106,165.19851412603612,482.50132667066106,160.19851412603612,492.50132667066106,170.19851412603612,1.0
8,189,486.8247127320389,164.21532051231128,481.8247127320389,159.21532051231128,491.8247127320389,169.21532051231128,1.0
8,190,487.1722462312836,163.36668085839847,482.1722462312836,158.36668085839847,492.1722462312836,168.36668085839847,1.0
8,191,487.7407048105418,163.25709795756114,482.7407048105418,158.25709795756114,492.7407048105418,168.25709795756114,1.0
8,192,487.7098460704147,162.86765476606968,482.7098460704147,157.86765476606968,492.7098460704147,167.86765476606968,1.0
8,193,487.1127935442307,163.00188471417238,482.1127935442307,158.00188471417238,492.1127935442307,168.00188471417238,1.0
8,194,486.17645116106894,162.00796040149635,481.17645116106894,157.00796040149635,491.17645116106894,167.00796040149635,1.0
8,195,484.67643517147457,160.54985532470664,479.67643517147457,155.54985532470664,489.67643517147457,165.54985532470664,1.0
8,196,483.2561605832565,160.91962328976862,478.2561605832565,155.91962328976862,488.2561605832565,165.91962328976862,1.0
8,197,481.3827901535969,160.99555311664818,476.3827901535969,155.99555311664818,486.3827901535969,165.99555311664818,1.0
8,198,479.5913059296582,161.13739944735488,474.5913059296582,156.13739944735488,484.5913059296582,166.13739944735488,1.0
8,199,479.0624095604713,160.74820015231833,474.0624095604713,155.74820015231833,484.0624095604713,165.74820015231833,1.0
8,200,478.2879567041511,162.02765943382764,473.2879567041511,157.02765943382764,483.2879567041511,167.02765943382764,1.0
8,201,478.13866840382707,163.35216205051782,473.13866840382707,158.35216205051782,483.13866840382707,168.35216205051782,1.0
8,202,478.8284202123135,164.1802447772836,473.8284202123135,159.1802447772836,483.8284202123135,169.1802447772836,1.0
8,203,479.6323454043325,164.93780116148974,474.6323454043325,159.93780116148974,484.6323454043325,169.93780116148974,1.0
8,204,480.26016446732973,165.101441029983,475.26016446732973,160.101441029983,485.26016446732973,170.101441029983,1.0
8,205,480.5923343588533,165.194602257045,475.5923343588533,160.194602257045,485.5923343588533,170.194602257045,1.0
8,206,480.54930381431564,165.19284908644596,475.54930381431564,160.19284908644596,485.54930381431564,170.19284908644596,1.0
8,207,480.9193274250307,165.2128908162859,475.9193274250307,160.2128908162859,485.9193274250307,170.2128908162859,1.0
8,208,481.13774420433293,165.39304915697144,476.13774420433293,160.39304915697144,486.13774420433293,170.39304915697144,1.0
8,209,480.5816829426532,166.227235941831,475.5816829426532,161.227235941831,485.5816829426532,171.227235941831,1.0
8,210,479.76135159903856,167.46170268353745,474.76135159903856,162.46170268353745,484.76135159903856,172.46170268353745,1.0
8,211,479.00239658096916,167.7333404125342,474.00239658096916,162.7333404125342,484.00239658096916,172.7333404125342,1.0
8,212,479.4280457280621,167.8044158856625,474.4280457280621,162.8044158856625,484.4280457280621,172.8044158856625,1.0
8,213,479.69584570382597,166.76971573522434,474.69584570382597,161.76971573522434,484.69584570382597,171.76971573522434,1.0
8,214,478.28266588414823,167.37320820481887,473.28266588414823,162.37320820481887,483.28266588414823,172.37320820481887,1.0
8,215,478.8038962725663,167.83969914154457,473.8038962725663,162.83969914154457,483.8038962725663,172.83969914154457,1.0
8,216,478.80172019818184,168.20524277750863,473.80172019818184,163.20524277750863,483.80172019818184,173.20524277750863,1.0
8,217,478.70523379177337,169.16000274518566,473.70523379177337,164.16000274518566,483.70523379177337,174.16000274518566,1.0
8,218,478.9988127655814,168.8236807084139,473.9988127655814,163.8236807084139,483.9988127655814,173.8236807084139,1.0
8,219,478.504167602571,168.11147634934636,473.504167602571,163.11147634934636,483.504167602571,173.11147634934636,1.0
8,220,478.20005762667756,167.3632603335067,473.20005762667756,162.3632603335067,483.20005762667756,172.3632603335067,1.0
8,221,477.609597012289,166.7247704325196,472.609597012289,161.7247704325196,482.609597012289,171.7247704325196,1.0
8,222,477.3427759299339,167.1269126308842,472.3427759299339,162.1269126308842,482.3427759299339,172.1269126308842,1.0
8,223,477.68620414892706,167.46986004760964,472.68620414892706,162.46986004760964,482.68620414892706,172.46986004760964,1.0
8,224,476.86657060514625,167.0501579603865,471.86657060514625,162.0501579603865,481.86657060514625,172.0501579603865,1.0
8,225,476.538999789485,167.4037275194729,471.538999789485,162.4037275194729,481.538999789485,172.4037275194729,1.0
8,226,478.0375055687826,167.66170475301286,473.0375055687826,162.66170475301286,483.0375055687826,172.66170475301286,1.0
8,227,479.8488887049509,168.02789151168574,474.8488887049509,163.02789151168574,484.8488887049509,173.02789151168574,1.0
8,228,480.8665130412086,168.03454281263282,475.8665130412086,163.03454281263282,485.8665130412086,173.03454281263282,1.0
8,229,480.66455189702975,169.27315901675473,475.66455189702975,164.27315901675473,485.66455189702975,174.27315901675473,1.0
8,230,479.48479310711986,170.5926797860232,474.48479310711986,165.5926797860232,484.48479310711986,175.5926797860232,1.0
8,231,478.1008704537438,172.6527634184011,473.1008704537438,167.6527634184011,483.1008704537438,177.6527634184011,1.0
8,232,476.8054987316706,174.69656922469989,471.8054987316706,169.69656922469989,481.8054987316706,179.69656922469989,1.0
8,233,476.0330656127193,176.01032879587376,471.0330656127193,171.01032879587376,481.0330656127193,181.01032879587376,1.0
8,234,475.9983379735172,176.83876748801856,470.9983379735172,171.83876748801856,480.9983379735172,181.83876748801856,1.0
8,235,476.8392508576245,177.19289503052562,471.8392508576245,172.19289503052562,481.8392508576245,182.19289503052562,1.0
8,236,477.35836942400766,177.46073505527886,472.35836942400766,172.46073505527886,482.35836942400766,182.46073505527886,1.0
8,237,478.0906190269794,177.62478514847652,473.0906190269794,172.62478514847652,483.0906190269794,182.62478514847652,1.0
8,238,477.73657087432747,178.38820226651708,472.73657087432747,173.38820226651708,482.73657087432747,183.38820226651708,1.0
8,239,477.82955197421256,178.29886792074933,472.82955197421256,173.29886792074933,482.82955197421256,183.29886792074933,1.0
8,240,477.4166274945405,176.93924048677,472.4166274945405,171.93924048677,482.4166274945405,181.93924048677,1.0
8,241,478.72972067508016,175.29520816138765,473.72972067508016,170.29520816138765,483.72972067508016,180.29520816138765,1.0
8,242,479.7954657489531,173.83828428810435,474.7954657489531,168.83828428810435,484.7954657489531,178.83828428810435,1.0
8,243,482.46504076981984,172.97355701403,477.46504076981984,167.97355701403,487.46504076981984,177.97355701403,1.0
8,244,484.1006089991837,172.53858492711817,479.1006089991837,167.53858492711817,489.1006089991837,177.53858492711817,1.0
8,245,484.2692552655726,172.08313464308148,479.2692552655726,167.08313464308148,489.2692552655726,177.08313464308148,1.0
8,246,484.7735294620071,171.62022654184935,479.7735294620071,166.62022654184935,489.7735294620071,176.62022654184935,1.0
8,247,484.3948243418003,171.43800206621486,479.3948243418003,166.43800206621486,489.3948243418003,176.43800206621486,1.0
8,248,482.6849763456523,172.15901437154744,477.6849763456523,167.15901437154744,487.6849763456523,177.15901437154744,1.0
8,249,481.7373065193723,172.90807407049985,476.7373065193723,167.90807407049985,486.7373065193723,177.90807407049985,1.0
8,250,480.5063527101301,172.92558291570012,475.5063527101301,167.92558291570012,485.5063527101301,177.92558291570012,1.0
8,251,479.33733781071675,172.86552217340596,474.33733781071675,167.86552217340596,484.33733781071675,177.86552217340596,1.0
8,252,478.66457148726874,172.25826104633546,473.66457148726874,167.25826104633546,483.66457148726874,177.25826104633546,1.0
8,253,479.3163744084622,172.28063359048696,474.3163744084622,167.28063359048696,484.3163744084622,177.28063359048696,1.0
8,254,478.67755281339134,172.4003008688681,473.67755281339134,167.4003008688681,483.67755281339134,177.4003008688681,1.0
8,255,477.8112434423367,172.8982693759323,472.8112434423367,167.8982693759323,482.8112434423367,177.8982693759323,1.0
8,256,476.9775650113551,173.12060668772827,471.9775650113551,168.12060668772827,481.9775650113551,178.12060668772827,1.0
8,257,475.10268888683,172.99618914685286,470.10268888683,167.99618914685286,480.10268888683,177.99618914685286,1.0
8,258,473.1836105419294,173.64227362844505,468.1836105419294,168.64227362844505,478.1836105419294,178.64227362844505,1.0
8,259,472.0423555827886,174.53225126810648,467.0423555827886,169.53225126810648,477.0423555827886,179.53225126810648,1.0
8,260,472.0146096770782,174.43548913796462,467.0146096770782,169.43548913796462,477.0146096770782,179.43548913796462,1.0
8,261,471.25464964584313,174.03195268477722,466.25464964584313,169.03195268477722,476.25464964584313,179.03195268477722,1.0
8,262,470.4458406575119,172.37928860917918,465.4458406575119,167.37928860917918,475.4458406575119,177.37928860917918,1.0
8,263,469.72989213756745,172.30721213336204,464.72989213756745,167.30721213336204,474.72989213756745,177.30721213336204,1.0
8,264,469.398505748952,172.45152360177656,464.398505748952,167.45152360177656,474.398505748952,177.45152360177656,1.0
8,265,469.0196608688825,173.28691999491846,464.0196608688825,168.28691999491846,474.0196608688825,178.28691999491846,1.0
8,266,467.53682976793095,172.73393847832503,462.53682976793095,167.73393847832503,472.53682976793095,177.73393847832503,1.0
8,267,466.86224189489894,173.2766860955192,461.86224189489894,168.2766860955192,471.86224189489894,178.2766860955192,1.0
8,268,465.828547528991,173.4602662083996,460.828547528991,168.4602662083996,470.828547528991,178.4602662083996,1.0
8,269,465.6171867313472,173.45932468038836,460.6171867313472,168.45932468038836,470.6171867313472,178.45932468038836,1.0
8,270,466.31410673686435,173.0584115721759,461.31410673686435,168.0584115721759,471.31410673686435,178.0584115721759,1.0
8,271,467.99176950008945,172.03717528187192,462.99176950008945,167.03717528187192,472.99176950008945,177.03717528187192,1.0
8,272,470.19898223300044,172.4713521490649,465.19898223300044,167.4713521490649,475.19898223300044,177.4713521490649,1.0
8,273,471.21031353047306,171.39026915719276,466.21031353047306,166.39026915719276,476.21031353047306,176.39026915719276,1.0
8,274,471.35994618768933,171.1168093075007,466.35994618768933,166.1168093075007,476.35994618768933,176.1168093075007,1.0
8,275,471.6127534135016,171.244940093666,466.6127534135016,166.244940093666,476.6127534135016,176.244940093666,1.0
8,276,471.40353460412393,171.31749803934525,466.40353460412393,166.31749803934525,476.40353460412393,176.31749803934525,1.0
8,277,470.8814096597924,171.03137636472118,465.8814096597924,166.03137636472118,475.8814096597924,176.03137636472118,1.0
8,278,470.38081520539686,170.9026087286504,465.38081520539686,165.9026087286504,475.38081520539686,175.9026087286504,1.0
8,279,470.8024059900364,171.1665506307908,465.8024059900364,166.1665506307908,475.8024059900364,176.1665506307908,1.0
8,280,471.8304789095145,170.73234185432784,466.8304789095145,165.73234185432784,476.8304789095145,175.73234185432784,1.0
8,281,471.50848026874746,170.97793857024163,466.50848026874746,165.97793857024163,476.50848026874746,175.97793857024163,1.0
8,282,471.0324284915543,170.10098497248373,466.0324284915543,165.10098497248373,476.0324284915543,175.10098497248373,1.0
8,283,470.2676269412095,170.3270463077952,465.2676269412095,165.3270463077952,475.2676269412095,175.3270463077952,1.0
8,284,470.67829447111177,169.90635733551943,465.67829447111177,164.90635733551943,475.67829447111177,174.90635733551943,1.0
8,285,470.8972619402651,168.9763171411765,465.8972619402651,163.9763171411765,475.8972619402651,173.9763171411765,1.0
8,286,471.28694454602896,167.8073962752811,466.28694454602896,162.8073962752811,476.28694454602896,172.8073962752811,1.0
8,287,470.8424943618885,167.4272805239838,465.8424943618885,162.4272805239838,475.8424943618885,172.4272805239838,1.0
8,288,470.37459982851743,166.6000031501775,465.37459982851743,161.6000031501775,475.37459982851743,171.6000031501775,1.0
8,289,470.6866860616559,165.76139753351538,465.6866860616559,160.76139753351538,475.6866860616559,170.76139753351538,1.0
8,290,471.0745326500254,165.00026940838572,466.0745326500254,160.00026940838572,476.0745326500254,170.00026940838572,1.0
8,291,471.28317155138296,165.77490053663996,466.28317155138296,160.77490053663996,476.28317155138296,170.77490053663996,1.0
8,292,470.8842851749431,166.02627467496836,465.8842851749431,161.02627467496836,475.8842851749431,171.02627467496836,1.0
8,293,470.04565644130014,166.01316179947992,465.04565644130014,161.01316179947992,475.04565644130014,171.01316179947992,1.0
8,294,469.42554882188614,165.51745504906884,464.42554882188614,160.51745504906884,474.42554882188614,170.51745504906884,1.0
8,295,468.567108666823,166.5651108264366,463.567108666823,161.5651108264366,473.567108666823,171.5651108264366,1.0
8,296,468.2689987180269,167.84645833329944,463.2689987180269,162.84645833329944,473.2689987180269,172.84645833329944,1.0
8,297,467.85405826701884,168.39663974762624,462.85405826701884,163.39663974762624,472.85405826701884,173.39663974762624,1.0
8,298,467.0523419630502,168.72294300943133,462.0523419630502,163.72294300943133,472.0523419630502,173.72294300943133,1.0
8,299,465.3423366740994,168.89939634203492,460.3423366740994,163.89939634203492,470.3423366740994,173.89939634203492,1.0
8,300,463.8349888800326,169.0995197608008,458.8349888800326,164.0995197608008,468.8349888800326,174.0995197608008,1.0
8,301,462.9720707405758,170.2229709256365,457.9720707405758,165.2229709256365,467.9720707405758,175.2229709256365,1.0
8,302,462.12644638091746,170.9792845771466,457.12644638091746,165.9792845771466,467.12644638091746,175.9792845771466,1.0
8,303,461.03728690393723,171.49215291008568,456.03728690393723,166.49215291008568,466.03728690393723,176.49215291008568,1.0
8,304,459.46320789799563,172.236748292358,454.46320789799563,167.236748292358,464.46320789799563,177.236748292358,1.0
8,305,459.72300430726995,172.58940831833272,454.72300430726995,167.58940831833272,464.72300430726995,177.58940831833272,1.0
8,306,460.6310629198618,172.69880159484066,455.6310629198618,167.69880159484066,465.6310629198618,177.69880159484066,1.0
8,307,461.7662676517614,172.11910401521598,456.7662676517614,167.11910401521598,466.7662676517614,177.11910401521598,1.0
8,308,463.01521816133095,171.00222601478384,458.01521816133095,166.00222601478384,468.01521816133095,176.00222601478384,1.0
8,309,464.09905667205777,170.6749432521844,459.09905667205777,165.6749432521844,469.09905667205777,175.6749432521844,1.0
8,310,465.164411150648,171.26344376438746,460.164411150648,166.26344376438746,470.164411150648,176.26344376438746,1.0
8,311,465.162197647159,170.64172839307315,460.162197647159,165.64172839307315,470.162197647159,175.64172839307315,1.0
8,312,464.68504984336886,170.15315966985995,459.68504984336886,165.15315966985995,469.68504984336886,175.15315966985995,1.0
8,313,463.65001902921847,170.21586169684684,458.65001902921847,165.21586169684684,468.65001902921847,175.21586169684684,1.0
8,314,462.6223145479532,170.06436649923688,457.6223145479532,165.06436649923688,467.6223145479532,175.06436649923688,1.0
8,315,461.69517359526526,170.2831450412812,456.69517359526526,165.2831450412812,466.69517359526526,175.2831450412812,1.0
8,316,461.1387865264503,170.74711058263262,456.1387865264503,165.74711058263262,466.1387865264503,175.74711058263262,1.0
8,317,461.1022073477877,172.213199344316,456.1022073477877,167.213199344316,466.1022073477877,177.213199344316,1.0
8,318,461.5925155679587,173.46776230137553,456.5925155679587,168.46776230137553,466.5925155679587,178.46776230137553,1.0
8,319,461.3787710462938,174.72300411230998,456.3787710462938,169.72300411230998,466.3787710462938,179.72300411230998,1.0
8,320,460.7070789512442,175.9007531443865,455.7070789512442,170.9007531443865,465.7070789512442,180.9007531443865,1.0
8,321,460.05460988059826,176.00798999244714,455.05460988059826,171.00798999244714,465.05460988059826,181.00798999244714,1.0
8,322,458.7030578636652,175.62185182335048,453.7030578636652,170.62185182335048,463.7030578636652,180.62185182335048,1.0
8,323,457.0782585711657,176.07143105629012,452.0782585711657,171.07143105629012,462.0782585711657,181.07143105629012,1.0
8,324,456.59721845534034,176.83613429090408,451.59721845534034,171.83613429090408,461.59721845534034,181.83613429090408,1.0
8,325,456.0398882702079,175.67334951171327,451.0398882702079,170.67334951171327,461.0398882702079,180.67334951171327,1.0
8,326,455.6765855205818,175.59797470694613,450.6765855205818,170.59797470694613,460.6765855205818,180.59797470694613,1.0
8,327,456.9953595815583,176.20396166586016,451.9953595815583,171.20396166586016,461.9953595815583,181.20396166586016,1.0
8,328,456.97940572696365,176.98477183993037,451.97940572696365,171.98477183993037,461.97940572696365,181.98477183993037,1.0
8,329,456.9764606274947,177.3009582191243,451.9764606274947,172.3009582191243,461.9764606274947,182.3009582191243,1.0
8,330,457.2177234247169,176.59128567110702,452.2177234247169,171.59128567110702,462.2177234247169,181.59128567110702,1.0
8,331,457.14264857742853,177.02534155720812,452.14264857742853,172.02534155720812,462.14264857742853,182.02534155720812,1.0
8,332,457.244046747275,175.94895065296117,452.244046747275,170.94895065296117,462.244046747275,180.94895065296117,1.0
8,333,456.9631664379544,174.3850010958938,451.9631664379544,169.3850010958938,461.9631664379544,179.3850010958938,1.0
8,334,457.2843053574421,173.45116739063826,452.2843053574421,168.45116739063826,462.2843053574421,178.45116739063826,1.0
8,335,457.33029932190726,173.326167039698,452.33029932190726,168.326167039698,462.33029932190726,178.326167039698,1.0
8,336,456.7646537966986,173.55558372932092,451.7646537966986,168.55558372932092,461.7646537966986,178.55558372932092,1.0
8,337,456.5621511392154,172.90118003154922,451.5621511392154,167.90118003154922,461.5621511392154,177.90118003154922,1.0
8,338,458.3586953157395,172.29143104612046,453.3586953157395,167.29143104612046,463.3586953157395,177.29143104612046,1.0
8,339,458.26989535118344,171.45362054342473,453.26989535118344,166.45362054342473,463.26989535118344,176.45362054342473,1.0
8,340,457.818109270303,171.83500591663667,452.818109270303,166.83500591663667,462.818109270303,176.83500591663667,1.0
8,341,457.3666288167,171.0589857658807,452.3666288167,166.0589857658807,462.3666288167,176.0589857658807,1.0
8,342,457.8749426096765,171.0420023067559,452.8749426096765,166.0420023067559,462.8749426096765,176.0420023067559,1.0
8,343,458.9635171481098,170.73536661156697,453.9635171481098,165.73536661156697,463.9635171481098,175.73536661156697,1.0
8,344,460.03603198827386,169.20277624111566,455.03603198827386,164.20277624111566,465.03603198827386,174.20277624111566,1.0
8,345,459.74839668670364,168.55910099554973,454.74839668670364,163.55910099554973,464.74839668670364,173.55910099554973,1.0
8,346,459.31115712628537,167.70656319011695,454.31115712628537,162.70656319011695,464.31115712628537,172.70656319011695,1.0
8,347,459.25941934849726,165.5999873995516,454.25941934849726,160.5999873995516,464.25941934849726,170.5999873995516,1.0
8,348,458.4406985053822,165.19724073486944,453.4406985053822,160.19724073486944,463.4406985053822,170.19724073486944,1.0
8,349,457.65488626155195,165.3252317561449,452.65488626155195,160.3252317561449,462.65488626155195,170.3252317561449,1.0
8,350,456.6808735924505,166.2285906200671,451.6808735924505,161.2285906200671,461.6808735924505,171.2285906200671,1.0
8,351,455.99846416422645,166.05029346831105,450.99846416422645,161.05029346831105,460.99846416422645,171.05029346831105,1.0
8,352,454.01219337289444,166.0141968588868,449.01219337289444,161.0141968588868,459.01219337289444,171.0141968588868,1.0
8,353,452.23446841881173,166.0804542338604,447.23446841881173,161.0804542338604,457.23446841881173,171.0804542338604,1.0
8,354,450.65819612545266,165.63421705987795,445.65819612545266,160.63421705987795,455.65819612545266,170.63421705987795,1.0
8,355,449.7076865070557,164.70548637786916,444.7076865070557,159.70548637786916,454.7076865070557,169.70548637786916,1.0
8,356,448.2497205344698,163.10669329111533,443.2497205344698,158.10669329111533,453.2497205344698,168.10669329111533,1.0
8,357,447.06642211509006,162.5760979767828,442.06642211509006,157.5760979767828,452.06642211509006,167.5760979767828,1.0
8,358,446.40487757299417,162.32499738295888,441.40487757299417,157.32499738295888,451.40487757299417,167.32499738295888,1.0
8,359,445.629120671173,161.850171567903,440.629120671173,156.850171567903,450.629120671173,166.850171567903,1.0
8,360,444.5459372267284,162.25456039711813,439.5459372267284,157.25456039711813,449.5459372267284,167.25456039711813,1.0
8,361,444.4117176398879,162.42183079600863,439.4117176398879,157.42183079600863,449.4117176398879,167.42183079600863,1.0
8,362,442.2921199350161,162.596741407434,437.2921199350161,157.596741407434,447.2921199350161,167.596741407434,1.0
8,363,441.22360919820613,161.5274372463642,436.22360919820613,156.5274372463642,446.22360919820613,166.5274372463642,1.0
8,364,441.3133367672413,160.11383298724377,436.3133367672413,155.11383298724377,446.3133367672413,165.11383298724377,1.0
8,365,441.7808605191112,159.50018017037087,436.7808605191112,154.50018017037087,446.7808605191112,164.50018017037087,1.0
8,366,441.66312246710874,158.71563873392375,436.66312246710874,153.71563873392375,446.66312246710874,163.71563873392375,1.0
8,367,442.1233500937139,158.63688324152125,437.1233500937139,153.63688324152125,447.1233500937139,163.63688324152125,1.0
8,368,441.8825234864414,158.0119712467442,436.8825234864414,153.0119712467442,446.8825234864414,163.0119712467442,1.0
8,369,441.72731572589646,158.26132407519458,436.72731572589646,153.26132407519458,446.72731572589646,163.26132407519458,1.0
8,370,441.5016411635371,157.3612962245701,436.5016411635371,152.3612962245701,446.5016411635371,162.3612962245701,1.0
8,371,442.6110604506707,156.90448462972373,437.6110604506707,151.90448462972373,447.6110604506707,161.90448462972373,1.0
8,372,442.9480971894914,157.2978994041438,437.9480971894914,152.2978994041438,447.9480971894914,162.2978994041438,1.0
8,373,443.07249549243454,157.85019345390776,438.07249549243454,152.85019345390776,448.07249549243454,162.85019345390776,1.0
8,374,442.9714169217832,158.5621485773526,437.9714169217832,153.5621485773526,447.9714169217832,163.5621485773526,1.0
8,375,442.2035735658016,158.7364667736401,437.2035735658016,153.7364667736401,447.2035735658016,163.7364667736401,1.0
8,376,441.56293089122494,158.96073322760893,436.56293089122494,153.96073322760893,446.56293089122494,163.96073322760893,1.0
8,377,441.64063760791055,159.27812133284155,436.64063760791055,154.27812133284155,446.64063760791055,164.27812133284155,1.0
8,378,441.4707608739657,159.76020943623112,436.4707608739657,154.76020943623112,446.4707608739657,164.76020943623112,1.0
8,379,440.52879336645134,159.51447813735413,435.52879336645134,154.51447813735413,445.52879336645134,164.51447813735413,1.0
8,380,440.7600342027203,158.69841238452773,435.7600342027203,153.69841238452773,445.7600342027203,163.69841238452773,1.0
8,381,440.86659346617625,158.1950389044509,435.86659346617625,153.1950389044509,445.86659346617625,163.1950389044509,1.0
8,382,440.43707357510516,157.11535050579766,435.43707357510516,152.11535050579766,445.43707357510516,162.11535050579766,1.0
8,383,440.7123865836871,156.59438373557634,435.7123865836871,151.59438373557634,445.7123865836871,161.59438373557634,1.0
8,384,440.46397309146863,155.65381045818523,435.46397309146863,150.65381045818523,445.46397309146863,160.65381045818523,1.0
8,385,440.0428584377796,156.38346206984207,435.0428584377796,151.38346206984207,445.0428584377796,161.38346206984207,1.0
8,386,439.8604400511023,156.67194107596308,434.8604400511023,151.67194107596308,444.8604400511023,161.67194107596308,1.0
8,387,438.61307427000344,157.47916027676894,433.61307427000344,152.47916027676894,443.61307427000344,162.47916027676894,1.0
8,388,438.1125010095133,157.98610312433212,433.1125010095133,152.98610312433212,443.1125010095133,162.98610312433212,1.0
8,389,438.48711897324256,157.8786964352644,433.48711897324256,152.8786964352644,443.48711897324256,162.8786964352644,1.0
8,390,438.8422744565088,158.83679952686091,433.8422744565088,153.83679952686091,443.8422744565088,163.83679952686091,1.0
8,391,440.51541329574616,158.50675344213028,435.51541329574616,153.50675344213028,445.51541329574616,163.50675344213028,1.0
8,392,441.40655634809576,157.9003070828894,436.40655634809576,152.9003070828894,446.40655634809576,162.9003070828894,1.0
8,393,441.52710038246585,157.2574676233336,436.52710038246585,152.2574676233336,446.52710038246585,162.2574676233336,1.0
8,394,441.7155823912615,157.69513728979518,436.7155823912615,152.69513728979518,446.7155823912615,162.69513728979518,1.0
8,395,440.4170741060343,158.89385840179295,435.4170741060343,153.89385840179295,445.4170741060343,163.89385840179295,1.0
8,396,439.0213875669514,158.71699382506873,434.0213875669514,153.71699382506873,444.0213875669514,163.71699382506873,1.0
8,397,437.2003117749053,158.2188830230266,432.2003117749053,153.2188830230266,442.2003117749053,163.2188830230266,1.0
8,398,435.42559172440224,158.40545307519642,430.42559172440224,153.40545307519642,440.42559172440224,163.40545307519642,1.0
8,399,434.5761208855979,158.45281801615,429.5761208855979,153.45281801615,439.5761208855979,163.45281801615,1.0
8,400,433.5252021742509,158.6737207399513,428.5252021742509,153.6737207399513,438.5252021742509,163.6737207399513,1.0
8,401,431.72729146315015,158.67912723886855,426.72729146315015,153.67912723886855,436.72729146315015,163.67912723886855,1.0
8,402,430.7142475583309,158.74337211686668,425.7142475583309,153.74337211686668,435.7142475583309,163.74337211686668,1.0
8,403,429.8297516753904,159.10539358238245,424.8297516753904,154.10539358238245,434.8297516753904,164.10539358238245,1.0
8,404,428.12751575466024,158.86838305080386,423.12751575466024,153.86838305080386,433.12751575466024,163.86838305080386,1.0
8,405,426.48316885253485,157.9543138376816,421.48316885253485,152.9543138376816,431.48316885253485,162.9543138376816,1.0
8,406,425.23841094523107,158.38235350284063,420.23841094523107,153.38235350284063,430.23841094523107,163.38235350284063,1.0
8,407,424.582153059411,158.6382202010725,419.582153059411,153.6382202010725,429.582153059411,163.6382202010725,1.0
8,408,424.39663989528924,159.23542402806493,419.39663989528924,154.23542402806493,429.39663989528924,164.23542402806493,1.0
8,409,423.9273598994787,159.80922076622286,418.9273598994787,154.80922076622286,428.9273598994787,164.80922076622286,1.0
8,410,424.35240193688327,161.68168172797738,419.35240193688327,156.68168172797738,429.35240193688327,166.68168172797738,1.0
8,411,424.60416834996386,162.89849811897056,419.60416834996386,157.89849811897056,429.60416834996386,167.89849811897056,1.0
8,412,424.89484762042457,162.44423923935622,419.89484762042457,157.44423923935622,429.89484762042457,167.44423923935622,1.0
8,413,425.37154599201125,161.79099294376417,420.37154599201125,156.79099294376417,430.37154599201125,166.79099294376417,1.0
8,414,425.73567918207175,161.48945346616895,420.73567918207175,156.48945346616895,430.73567918207175,166.48945346616895,1.0
8,415,426.05888308470264,160.06822384043366,421.05888308470264,155.06822384043366,431.05888308470264,165.06822384043366,1.0
8,416,426.70683479809475,158.84480593762663,421.70683479809475,153.84480593762663,431.70683479809475,163.84480593762663,1.0
8,417,427.55559045579105,157.65475128166915,422.55559045579105,152.65475128166915,432.55559045579105,162.65475128166915,1.0
8,418,427.8840529544096,158.12345110099625,422.8840529544096,153.12345110099625,432.8840529544096,163.12345110099625,1.0
8,419,428.11996317951747,158.10951646985762,423.11996317951747,153.10951646985762,433.11996317951747,163.10951646985762,1.0
8,420,427.96511580747773,159.43005514029383,422.96511580747773,154.43005514029383,432.96511580747773,164.43005514029383,1.0
8,421,426.9077039050209,161.40428576614482,421.9077039050209,156.40428576614482,431.9077039050209,166.40428576614482,1.0
8,422,426.2626156550758,162.8065114932193,421.2626156550758,157.8065114932193,431.2626156550758,167.8065114932193,1.0
8,423,425.55673089881896,163.9904103734099,420.55673089881896,158.9904103734099,430.55673089881896,168.9904103734099,1.0
8,424,425.1216488791331,164.63082732474805,420.1216488791331,159.63082732474805,430.1216488791331,169.63082732474805,1.0
8,425,424.29670818678574,164.44972666829915,419.29670818678574,159.44972666829915,429.29670818678574,169.44972666829915,1.0
8,426,423.8643941558927,164.02152526904,418.8643941558927,159.02152526904,428.8643941558927,169.02152526904,1.0
8,427,423.50736886293333,164.17327814188826,418.50736886293333,159.17327814188826,428.50736886293333,169.17327814188826,1.0
8,428,423.48397130398246,164.09506186163972,418.48397130398246,159.09506186163972,428.48397130398246,169.09506186163972,1.0
8,429,422.7346493365002,165.08261280713702,417.7346493365002,160.08261280713702,427.7346493365002,170.08261280713702,1.0
8,430,421.9093745123398,165.69937883205128,416.9093745123398,160.69937883205128,426.9093745123398,170.69937883205128,1.0
8,431,420.3382194952311,166.150792906895,415.3382194952311,161.150792906895,425.3382194952311,171.150792906895,1.0
8,432,419.7501625586016,165.41465580882877,414.7501625586016,160.41465580882877,424.7501625586016,170.41465580882877,1.0
8,433,420.260924013651,164.89252356792784,415.260924013651,159.89252356792784,425.260924013651,169.89252356792784,1.0
8,434,420.2838075136988,163.7125844769589,415.2838075136988,158.7125844769589,425.2838075136988,168.7125844769589,1.0
8,435,420.1283378441253,163.17641233711635,415.1283378441253,158.17641233711635,425.1283378441253,168.17641233711635,1.0
8,436,420.0159262529127,163.28715719687312,415.0159262529127,158.28715719687312,425.0159262529127,168.28715719687312,1.0
8,437,420.3164761084147,163.50211039442746,415.3164761084147,158.50211039442746,425.3164761084147,168.50211039442746,1.0
8,438,420.2018506219141,163.8214545050102,415.2018506219141,158.8214545050102,425.2018506219141,168.8214545050102,1.0
8,439,420.10838581221617,162.5568872724183,415.10838581221617,157.5568872724183,425.10838581221617,167.5568872724183,1.0
8,440,420.3645938897707,161.8718410335564,415.3645938897707,156.8718410335564,425.3645938897707,166.8718410335564,1.0
8,441,420.91424102110136,161.3979812813772,415.91424102110136,156.3979812813772,425.91424102110136,166.3979812813772,1.0
8,442,420.48540563395716,160.97188360396493,415.48540563395716,155.97188360396493,425.48540563395716,165.97188360396493,1.0
8,443,420.40489782673285,160.01844121661694,415.40489782673285,155.01844121661694,425.40489782673285,165.01844121661694,1.0
8,444,419.831441233962,159.7416181290105,414.831441233962,154.7416181290105,424.831441233962,164.7416181290105,1.0
8,445,419.1273768585531,159.67350172936813,414.1273768585531,154.67350172936813,424.1273768585531,164.67350172936813,1.0
8,446,418.3965582412296,159.89824040204093,413.3965582412296,154.89824040204093,423.3965582412296,164.89824040204093,1.0
8,447,417.96883377019066,159.39568580985738,412.96883377019066,154.39568580985738,422.96883377019066,164.39568580985738,1.0
8,448,418.9260467195984,160.13942157830164,413.9260467195984,155.13942157830164,423.9260467195984,165.13942157830164,1.0
8,449,419.1275608110254,159.96890606947716,414.1275608110254,154.96890606947716,424.1275608110254,164.96890606947716,1.0
8,450,419.5120714542089,159.57011051320728,414.5120714542089,154.57011051320728,424.5120714542089,164.57011051320728,1.0
8,451,419.05338264191084,159.26059901002418,414.05338264191084,154.26059901002418,424.05338264191084,164.26059901002418,1.0
8,452,418.31881830398106,159.0035215813031,413.31881830398106,154.0035215813031,423.31881830398106,164.0035215813031,1.0
8,453,418.96189159990166,159.50184770816887,413.96189159990166,154.50184770816887,423.96189159990166,164.50184770816887,1.0
8,454,420.74522014268086,158.54444784522167,415.74522014268086,153.54444784522167,425.74522014268086,163.54444784522167,1.0
8,455,421.930912225161,157.75406888048988,416.930912225161,152.75406888048988,426.930912225161,162.75406888048988,1.0
8,456,422.1639461090008,156.9937078956933,417.1639461090008,151.9937078956933,427.1639461090008,161.9937078956933,1.0
8,457,422.77485580834053,156.61978053811117,417.77485580834053,151.61978053811117,427.77485580834053,161.61978053811117,1.0
8,458,423.5706372365192,156.36846431718516,418.5706372365192,151.36846431718516,428.5706372365192,161.36846431718516,1.0
8,459,424.9373428483474,155.95787754611771,419.9373428483474,150.95787754611771,429.9373428483474,160.95787754611771,1.0
8,460,425.75544356025284,155.1750533361166,420.75544356025284,150.1750533361166,430.75544356025284,160.1750533361166,1.0
8,461,424.8066346835068,153.9035995504844,419.8066346835068,148.9035995504844,429.8066346835068,158.9035995504844,1.0
8,462,424.26450586811734,152.7805904457506,419.26450586811734,147.7805904457506,429.26450586811734,157.7805904457506,1.0
8,463,424.00811265874063,152.17092609066074,419.00811265874063,147.17092609066074,429.00811265874063,157.17092609066074,1.0
8,464,424.19971251273194,152.9816506787699,419.19971251273194,147.9816506787699,429.19971251273194,157.9816506787699,1.0
8,465,422.3044520830318,153.55590523073815,417.3044520830318,148.55590523073815,427.3044520830318,158.55590523073815,1.0
8,466,421.2726705994419,153.64975145019613,416.2726705994419,148.64975145019613,426.2726705994419,158.64975145019613,1.0
8,467,421.30796858666116,152.90535916277418,416.30796858666116,147.90535916277418,426.30796858666116,157.90535916277418,1.0
8,468,420.02479154795867,152.06709726481887,415.02479154795867,147.06709726481887,425.02479154795867,157.06709726481887,1.0
8,469,418.8364231012683,151.42474335209198,413.8364231012683,146.42474335209198,423.8364231012683,156.42474335209198,1.0
8,470,418.45252953441945,151.32774553796486,413.45252953441945,146.32774553796486,423.45252953441945,156.32774553796486,1.0
8,471,417.62470374831554,151.09934304264215,412.62470374831554,146.09934304264215,422.62470374831554,156.09934304264215,1.0
8,472,416.4766899830842,151.25091669007853,411.4766899830842,146.25091669007853,421.4766899830842,156.25091669007853,1.0
8,473,415.494668537664,151.37362207126958,410.494668537664,146.37362207126958,420.494668537664,156.37362207126958,1.0
8,474,416.337717585448,151.6949911195247,411.337717585448,146.6949911195247,421.337717585448,156.6949911195247,1.0
8,475,417.4298749901543,151.6376513631123,412.4298749901543,146.6376513631123,422.4298749901543,156.6376513631123,1.0
8,476,417.56482044460444,152.69355038986254,412.56482044460444,147.69355038986254,422.56482044460444,157.69355038986254,1.0
8,477,417.2639435992114,154.32994866048404,412.2639435992114,149.32994866048404,422.2639435992114,159.32994866048404,1.0
8,478,418.43275219710716,155.00200586553046,413.43275219710716,150.00200586553046,423.43275219710716,160.00200586553046,1.0
8,479,420.16415515756773,155.6992541435691,415.16415515756773,150.6992541435691,425.16415515756773,160.6992541435691,1.0
8,480,420.59970609823057,156.51974643834242,415.59970609823057,151.51974643834242,425.59970609823057,161.51974643834242,1.0
8,481,419.89099795122115,156.84380601858933,414.89099795122115,151.84380601858933,424.89099795122115,161.84380601858933,1.0
8,482,419.14104379846515,157.5588872791672,414.14104379846515,152.5588872791672,424.14104379846515,162.5588872791672,1.0
8,483,418.0100919271847,157.6478053861581,413.0100919271847,152.6478053861581,423.0100919271847,162.6478053861581,1.0
8,484,417.1523430297605,157.17665589829244,412.1523430297605,152.17665589829244,422.1523430297605,162.17665589829244,1.0
8,485,416.0702516229448,156.44439581767736,411.0702516229448,151.44439581767736,421.0702516229448,161.44439581767736,1.0
8,486,415.2331762124848,156.32388524149,410.2331762124848,151.32388524149,420.2331762124848,161.32388524149,1.0
8,487,414.141776965168,157.14491980524468,409.141776965168,152.14491980524468,419.141776965168,162.14491980524468,1.0
8,488,412.9593518327126,157.73381066522145,407.9593518327126,152.73381066522145,417.9593518327126,162.73381066522145,1.0
8,489,412.8707077986612,157.7439646774145,407.8707077986612,152.7439646774145,417.8707077986612,162.7439646774145,1.0
8,490,412.1028609474914,158.9283824715676,407.1028609474914,153.9283824715676,417.1028609474914,163.9283824715676,1.0
8,491,411.4921071128318,159.36924396584132,406.4921071128318,154.36924396584132,416.4921071128318,164.36924396584132,1.0
8,492,411.1189876998241,160.4337165155964,406.1189876998241,155.4337165155964,416.1189876998241,165.4337165155964,1.0
8,493,410.56090475537155,161.66554431695383,405.56090475537155,156.66554431695383,415.56090475537155,166.66554431695383,1.0
8,494,410.2096602272266,162.26468296168278,405.2096602272266,157.26468296168278,415.2096602272266,167.26468296168278,1.0
8,495,409.6455150266638,162.6425152411095,404.6455150266638,157.6425152411095,414.6455150266638,167.6425152411095,1.0
8,496,409.6892094856236,162.32463578265202,404.6892094856236,157.32463578265202,414.6892094856236,167.32463578265202,1.0
8,497,410.8247252509228,162.49606604587512,405.8247252509228,157.49606604587512,415.8247252509228,167.49606604587512,1.0
8,498,412.9153681722168,161.95919760981153,407.9153681722168,156.95919760981153,417.9153681722168,166.95919760981153,1.0
8,499,413.02098756710024,161.74167576734263,408.02098756710024,156.74167576734263,418.02098756710024,166.74167576734263,1.0
8,500,413.03239195038054,161.47346741543382,408.03239195038054,156.47346741543382,418.03239195038054,166.47346741543382,1.0
8,501,413.6215869195838,161.48955723983926,408.6215869195838,156.48955723983926,418.6215869195838,166.48955723983926,1.0
8,502,414.0598752187227,160.82136399387414,409.0598752187227,155.82136399387414,419.0598752187227,165.82136399387414,1.0
8,503,413.5442227340642,160.6831373569343,408.5442227340642,155.6831373569343,418.5442227340642,165.6831373569343,1.0
8,504,412.84378572122216,161.14314236812237,407.84378572122216,156.14314236812237,417.84378572122216,166.14314236812237,1.0
8,505,411.71369362233804,160.80246961878512,406.71369362233804,155.80246961878512,416.71369362233804,165.80246961878512,1.0
8,506,410.72880680934355,161.32174306664706,405.72880680934355,156.32174306664706,415.72880680934355,166.32174306664706,1.0
8,507,408.88370430719914,161.88351250583983,403.88370430719914,156.88351250583983,413.88370430719914,166.88351250583983,1.0
8,508,408.23173554277645,162.02110906077232,403.23173554277645,157.02110906077232,413.23173554277645,167.02110906077232,1.0
8,509,407.4508071629082,162.1585184958954,402.4508071629082,157.1585184958954,412.4508071629082,167.1585184958954,1.0
8,510,406.98957323014287,161.80201723552372,401.98957323014287,156.80201723552372,411.98957323014287,166.80201723552372,1.0
8,511,406.5595657644208,162.5918439246309,401.5595657644208,157.5918439246309,411.5595657644208,167.5918439246309,1.0
8,512,405.78874786105126,163.28890813069302,400.78874786105126,158.28890813069302,410.78874786105126,168.28890813069302,1.0
8,513,405.0326075760579,163.65112974962847,400.0326075760579,158.65112974962847,410.0326075760579,168.65112974962847,1.0
8,514,404.14522789948774,164.47704757110571,399.14522789948774,159.47704757110571,409.14522789948774,169.47704757110571,1.0
8,515,402.29519541078184,164.38227826595258,397.29519541078184,159.38227826595258,407.29519541078184,169.38227826595258,1.0
8,516,400.37958352607603,163.95590399783748,395.37958352607603,158.95590399783748,405.37958352607603,168.95590399783748,1.0
8,517,399.2110492628236,164.22127608581476,394.2110492628236,159.22127608581476,404.2110492628236,169.22127608581476,1.0
8,518,398.49241543259814,163.43597041481164,393.49241543259814,158.43597041481164,403.49241543259814,168.43597041481164,1.0
8,519,398.22192985008485,163.43415277861948,393.22192985008485,158.43415277861948,403.22192985008485,168.43415277861948,1.0
8,520,398.4685988363618,163.84344662974172,393.4685988363618,158.84344662974172,403.4685988363618,168.84344662974172,1.0
8,521,398.4716879257493,163.99728556060626,393.4716879257493,158.99728556060626,403.4716879257493,168.99728556060626,1.0
8,522,397.74844826596245,164.58117651821993,392.74844826596245,159.58117651821993,402.74844826596245,169.58117651821993,1.0
8,523,397.1837026319269,164.80239458550497,392.1837026319269,159.80239458550497,402.1837026319269,169.80239458550497,1.0
8,524,397.58312341529114,165.20798088849244,392.58312341529114,160.20798088849244,402.58312341529114,170.20798088849244,1.0
8,525,397.23871056965436,164.8107761846204,392.23871056965436,159.8107761846204,402.23871056965436,169.8107761846204,1.0
8,526,397.18941441314576,164.72218403756082,392.18941441314576,159.72218403756082,402.18941441314576,169.72218403756082,1.0
8,527,398.9289942776795,165.31734472349532,393.9289942776795,160.31734472349532,403.9289942776795,170.31734472349532,1.0
8,528,399.36722810975255,165.77511369142093,394.36722810975255,160.77511369142093,404.36722810975255,170.77511369142093,1.0
8,529,399.86322226829844,165.35732880421799,394.86322226829844,160.35732880421799,404.86322226829844,170.35732880421799,1.0
8,530,399.8104040671657,164.38856758047868,394.8104040671657,159.38856758047868,404.8104040671657,169.38856758047868,1.0
8,531,399.6733244051013,163.1693205892468,394.6733244051013,158.1693205892468,404.6733244051013,168.1693205892468,1.0
8,532,400.17174249574197,161.4326424118206,395.17174249574197,156.4326424118206,405.17174249574197,166.4326424118206,1.0
8,533,401.6412432429818,161.42138707337025,396.6412432429818,156.42138707337025,406.6412432429818,166.42138707337025,1.0
8,534,402.3208358701841,161.97524187744247,397.3208358701841,156.97524187744247,407.3208358701841,166.97524187744247,1.0
8,535,403.24380595627514,162.36654179269001,398.24380595627514,157.36654179269001,408.24380595627514,167.36654179269001,1.0
8,536,402.8930933142785,162.42887491081981,397.8930933142785,157.42887491081981,407.8930933142785,167.42887491081981,1.0
8,537,402.3781171044938,162.02738435326305,397.3781171044938,157.02738435326305,407.3781171044938,167.02738435326305,1.0
8,538,402.5311369842103,161.4957438468436,397.5311369842103,156.4957438468436,407.5311369842103,166.4957438468436,1.0
8,539,403.5203653784721,159.82400121804275,398.5203653784721,154.82400121804275,408.5203653784721,164.82400121804275,1.0
8,540,403.5973784149705,157.76727288187354,398.5973784149705,152.76727288187354,408.5973784149705,162.76727288187354,1.0
8,541,404.5468550070213,157.24411345046016,399.5468550070213,152.24411345046016,409.5468550070213,162.24411345046016,1.0
8,542,405.13477697903875,156.04032563673871,400.13477697903875,151.04032563673871,410.13477697903875,161.04032563673871,1.0
8,543,405.6237873360573,155.24556103753991,400.6237873360573,150.24556103753991,410.6237873360573,160.24556103753991,1.0
8,544,404.963557952727,155.04963079237888,399.963557952727,150.04963079237888,409.963557952727,160.04963079237888,1.0
8,545,404.37225329897626,154.63755713039237,399.37225329897626,149.63755713039237,409.37225329897626,159.63755713039237,1.0
8,546,404.5754275101041,154.63081869248526,399.5754275101041,149.63081869248526,409.5754275101041,159.63081869248526,1.0
8,547,405.0802670355132,154.32491559416363,400.0802670355132,149.32491559416363,410.0802670355132,159.32491559416363,1.0
8,548,405.72462276941064,155.4304849644229,400.72462276941064,150.4304849644229,410.72462276941064,160.4304849644229,1.0
8,549,405.6171429940026,156.41309694941341,400.6171429940026,151.41309694941341,410.6171429940026,161.41309694941341,1.0
8,550,406.4378109861456,157.71103579852084,401.4378109861456,152.71103579852084,411.4378109861456,162.71103579852084,1.0
8,551,407.6787572148711,158.96736371528212,402.6787572148711,153.96736371528212,412.6787572148711,163.96736371528212,1.0
8,552,409.3585192546739,158.85038731861837,404.3585192546739,153.85038731861837,414.3585192546739,163.85038731861837,1.0
8,553,410.03216075228164,159.4056712785385,405.03216075228164,154.4056712785385,415.03216075228164,164.4056712785385,1.0
8,554,409.39524532965015,159.52910014338727,404.39524532965015,154.52910014338727,414.39524532965015,164.52910014338727,1.0
8,555,407.75869561803734,159.78904967657976,402.75869561803734,154.78904967657976,412.75869561803734,164.78904967657976,1.0
8,556,406.55363155826126,160.25405528909587,401.55363155826126,155.25405528909587,411.55363155826126,165.25405528909587,1.0
8,557,405.66210049627387,160.22222850659568,400.66210049627387,155.22222850659568,410.66210049627387,165.22222850659568,1.0
8,558,404.9358427177651,160.83507917594008,399.9358427177651,155.83507917594008,409.9358427177651,165.83507917594008,1.0
8,559,404.72275967121766,160.60364525403753,399.72275967121766,155.60364525403753,409.72275967121766,165.60364525403753,1.0
8,560,404.4607978006838,161.11278865970306,399.4607978006838,156.11278865970306,409.4607978006838,166.11278865970306,1.0
8,561,404.13905538179404,160.95133906178484,399.13905538179404,155.95133906178484,409.13905538179404,165.95133906178484,1.0
8,562,404.64012500294336,161.54779716194938,399.64012500294336,156.54779716194938,409.64012500294336,166.54779716194938,1.0
8,563,404.97186640250834,163.43571499351216,399.97186640250834,158.43571499351216,409.97186640250834,168.43571499351216,1.0
8,564,405.3707942763233,164.17275971148533,400.3707942763233,159.17275971148533,410.3707942763233,169.17275971148533,1.0
8,565,405.0450518505321,164.53832693479697,400.0450518505321,159.53832693479697,410.0450518505321,169.53832693479697,1.0
8,566,405.88274317599075,164.0421898784935,400.88274317599075,159.0421898784935,410.88274317599075,169.0421898784935,1.0
8,567,406.0595862969668,163.36599395150836,401.0595862969668,158.36599395150836,411.0595862969668,168.36599395150836,1.0
8,568,406.5026911713194,162.11924481300812,401.5026911713194,157.11924481300812,411.5026911713194,167.11924481300812,1.0
8,569,406.64397063583556,160.97150534221728,401.64397063583556,155.97150534221728,411.64397063583556,165.97150534221728,1.0
8,570,406.57962292254115,160.55245288039205,401.57962292254115,155.55245288039205,411.57962292254115,165.55245288039205,1.0
8,571,406.61644322684447,160.80134637767688,401.61644322684447,155.80134637767688,411.61644322684447,165.80134637767688,1.0
8,572,405.7516897585191,161.71741613608413,400.7516897585191,156.71741613608413,410.7516897585191,166.71741613608413,1.0
8,573,404.64599413912686,161.0751655999269,399.64599413912686,156.0751655999269,409.64599413912686,166.0751655999269,1.0
8,574,404.3046737020535,160.98745295307282,399.3046737020535,155.98745295307282,409.3046737020535,165.98745295307282,1.0
8,575,403.31329076667345,160.2404568160824,398.31329076667345,155.2404568160824,408.31329076667345,165.2404568160824,1.0
8,576,402.7104318319047,159.49174990390117,397.7104318319047,154.49174990390117,407.7104318319047,164.49174990390117,1.0
8,577,401.72449043468055,159.3734767024691,396.72449043468055,154.3734767024691,406.72449043468055,164.3734767024691,1.0
8,578,400.54621516329263,158.57072500360783,395.54621516329263,153.57072500360783,405.54621516329263,163.57072500360783,1.0
8,579,399.13857471299843,157.89304172234134,394.13857471299843,152.89304172234134,404.13857471299843,162.89304172234134,1.0
8,580,398.3115064819476,158.26988322101656,393.3115064819476,153.26988322101656,403.3115064819476,163.26988322101656,1.0
8,581,398.6358048535122,158.02447578167025,393.6358048535122,153.02447578167025,403.6358048535122,163.02447578167025,1.0
8,582,400.17116782840833,157.74691441365985,395.17116782840833,152.74691441365985,405.17116782840833,162.74691441365985,1.0
8,583,401.1421778309097,157.471473588695,396.1421778309097,152.471473588695,406.1421778309097,162.471473588695,1.0
8,584,401.9287382914856,157.10463247838038,396.9287382914856,152.10463247838038,406.9287382914856,162.10463247838038,1.0
8,585,402.63412891499115,156.73978202232462,397.63412891499115,151.73978202232462,407.63412891499115,161.73978202232462,1.0
8,586,401.32028983805435,156.06619573034305,396.32028983805435,151.06619573034305,406.32028983805435,161.06619573034305,1.0
8,587,400.2050920372979,155.79415591738382,395.2050920372979,150.79415591738382,405.2050920372979,160.79415591738382,1.0
8,588,398.86289389294393,155.96759466467043,393.86289389294393,150.96759466467043,403.86289389294393,160.96759466467043,1.0
8,589,397.63100480186165,155.78818992598536,392.63100480186165,150.78818992598536,402.63100480186165,160.78818992598536,1.0
8,590,397.9166341774777,155.49234831042224,392.9166341774777,150.49234831042224,402.9166341774777,160.49234831042224,1.0
8,591,397.88820305160203,155.2912892082057,392.88820305160203,150.2912892082057,402.88820305160203,160.2912892082057,1.0
8,592,397.4858706357076,155.97036506576242,392.4858706357076,150.97036506576242,402.4858706357076,160.97036506576242,1.0
8,593,397.1246544887508,156.88851938782275,392.1246544887508,151.88851938782275,402.1246544887508,161.88851938782275,1.0
8,594,396.5602884636661,157.7533921252535,391.5602884636661,152.7533921252535,401.5602884636661,162.7533921252535,1.0
8,595,396.2930946364802,158.16550504866848,391.2930946364802,153.16550504866848,401.2930946364802,163.16550504866848,1.0
8,596,396.2400999630324,158.9898033263484,391.2400999630324,153.9898033263484,401.2400999630324,163.9898033263484,1.0
8,597,396.75221644294356,158.9867447811709,391.75221644294356,153.9867447811709,401.75221644294356,163.9867447811709,1.0
8,598,397.3753436723905,158.83609235528417,392.3753436723905,153.83609235528417,402.3753436723905,163.83609235528417,1.0
8,599,397.72168956385485,159.96927840622322,392.72168956385485,154.96927840622322,402.72168956385485,164.96927840622322,1.0
8,600,397.7183000669261,161.84162909306056,392.7183000669261,156.84162909306056,402.7183000669261,166.84162909306056,1.0
8,601,398.2393084293343,163.37687489459432,393.2393084293343,158.37687489459432,403.2393084293343,168.37687489459432,1.0
8,602,398.4472312363074,164.03473564243777,393.4472312363074,159.03473564243777,403.4472312363074,169.03473564243777,1.0
8,603,398.806984000363,164.82047999686685,393.806984000363,159.82047999686685,403.806984000363,169.82047999686685,1.0
8,604,399.2732748921993,165.17954129961873,394.2732748921993,160.17954129961873,404.2732748921993,170.17954129961873,1.0
8,605,400.1602774171684,165.32535470504988,395.1602774171684,160.32535470504988,405.1602774171684,170.32535470504988,1.0
8,606,400.70226414951287,165.38009942207083,395.70226414951287,160.38009942207083,405.70226414951287,170.38009942207083,1.0
8,607,400.8626225664134,165.8657824656874,395.8626225664134,160.8657824656874,405.8626225664134,170.8657824656874,1.0
8,608,400.6561560611558,165.97184442585723,395.6561560611558,160.97184442585723,405.6561560611558,170.97184442585723,1.0
8,609,401.00583345075904,165.33066648740748,396.00583345075904,160.33066648740748,406.00583345075904,170.33066648740748,1.0
8,610,402.2285433387517,166.01066128781457,397.2285433387517,161.01066128781457,407.2285433387517,171.01066128781457,1.0
8,611,402.85691905526846,166.90611229288317,397.85691905526846,161.90611229288317,407.85691905526846,171.90611229288317,1.0
8,612,402.0155372531238,166.9149605275238,397.0155372531238,161.9149605275238,407.0155372531238,171.9149605275238,1.0
8,613,401.97881511415267,166.76273082236182,396.97881511415267,161.76273082236182,406.97881511415267,171.76273082236182,1.0
8,614,401.94534823573184,165.99066142582348,396.94534823573184,160.99066142582348,406.94534823573184,170.99066142582348,1.0
8,615,402.2861064616945,165.64475193498902,397.2861064616945,160.64475193498902,407.2861064616945,170.64475193498902,1.0
8,616,403.72190492772717,165.3009167837901,398.72190492772717,160.3009167837901,408.72190492772717,170.3009167837901,1.0
8,617,405.6473642275527,164.92414832446323,400.6473642275527,159.92414832446323,410.6473642275527,169.92414832446323,1.0
8,618,407.9502637098161,164.2202934158512,402.9502637098161,159.2202934158512,412.9502637098161,169.2202934158512,1.0
8,619,409.3860726310073,163.34055810726687,404.3860726310073,158.34055810726687,414.3860726310073,168.34055810726687,1.0
8,620,410.7217879268441,162.40547581045473,405.7217879268441,157.40547581045473,415.7217879268441,167.40547581045473,1.0
8,621,411.35878588676246,162.88961980085165,406.35878588676246,157.88961980085165,416.35878588676246,167.88961980085165,1.0
8,622,411.2119044849305,163.48522327386473,406.2119044849305,158.48522327386473,416.2119044849305,168.48522327386473,1.0
8,623,411.05845864132596,163.1349003182894,406.05845864132596,158.1349003182894,416.05845864132596,168.1349003182894,1.0
8,624,411.15358196926076,163.80276204943775,406.15358196926076,158.80276204943775,416.15358196926076,168.80276204943775,1.0
8,625,410.8763405448791,164.20357656200684,405.8763405448791,159.20357656200684,415.8763405448791,169.20357656200684,1.0
8,626,410.9869349462827,164.50584033046854,405.9869349462827,159.50584033046854,415.9869349462827,169.50584033046854,1.0
8,627,411.3426944050935,165.0495303661865,406.3426944050935,160.0495303661865,416.3426944050935,170.0495303661865,1.0
8,628,411.1616488252232,163.40540223115713,406.1616488252232,158.40540223115713,416.1616488252232,168.40540223115713,1.0
8,629,412.05263572096254,161.89445845502166,407.05263572096254,156.89445845502166,417.05263572096254,166.89445845502166,1.0
8,630,411.6992351878135,161.6414225756648,406.6992351878135,156.6414225756648,416.6992351878135,166.6414225756648,1.0
8,631,411.943616861583,162.24076372055188,406.943616861583,157.24076372055188,416.943616861583,167.24076372055188,1.0
8,632,412.48346489691585,163.0537676704346,407.48346489691585,158.0537676704346,417.48346489691585,168.0537676704346,1.0
8,633,411.9571941529712,164.3867751646027,406.9571941529712,159.3867751646027,416.9571941529712,169.3867751646027,1.0
8,634,410.4873630605124,165.57304821017286,405.4873630605124,160.57304821017286,415.4873630605124,170.57304821017286,1.0
8,635,408.82311015410835,166.44287790095302,403.82311015410835,161.44287790095302,413.82311015410835,171.44287790095302,1.0
8,636,408.68235067533334,167.230607820972,403.68235067533334,162.230607820972,413.68235067533334,172.230607820972,1.0
8,637,408.7831177345067,167.8640836796977,403.7831177345067,162.8640836796977,413.7831177345067,172.8640836796977,1.0
8,638,409.37861437102663,167.85072270576822,404.37861437102663,162.85072270576822,414.37861437102663,172.85072270576822,1.0
8,639,410.40197807693437,168.3761943669193,405.40197807693437,163.3761943669193,415.40197807693437,173.3761943669193,1.0
8,640,410.4721639731663,168.08261532537895,405.4721639731663,163.08261532537895,415.4721639731663,173.08261532537895,1.0
8,641,410.10540567213116,168.80272765925167,405.10540567213116,163.80272765925167,415.10540567213116,173.80272765925167,1.0
8,642,409.4472761219182,169.29852598143614,404.4472761219182,164.29852598143614,414.4472761219182,174.29852598143614,1.0
8,643,408.5186626891223,169.65445631473543,403.5186626891223,164.65445631473543,413.5186626891223,174.65445631473543,1.0
8,644,408.3143143195173,170.3390191669187,403.3143143195173,165.3390191669187,413.3143143195173,175.3390191669187,1.0
8,645,408.0640225712533,169.53280363367176,403.0640225712533,164.53280363367176,413.0640225712533,174.53280363367176,1.0
8,646,408.56695140121127,169.71022482784045,403.56695140121127,164.71022482784045,413.56695140121127,174.71022482784045,1.0
8,647,408.7920259564622,169.86297715174226,403.7920259564622,164.86297715174226,413.7920259564622,174.86297715174226,1.0
8,648,409.50615712667275,169.01323574047018,404.50615712667275,164.01323574047018,414.50615712667275,174.01323574047018,1.0
8,649,408.97192837578285,168.790468432959,403.97192837578285,163.790468432959,413.97192837578285,173.790468432959,1.0
8,650,407.43269354364946,167.7012669689219,402.43269354364946,162.7012669689219,412.43269354364946,172.7012669689219,1.0
8,651,406.66775561447224,167.40032129979377,401.66775561447224,162.40032129979377,411.66775561447224,172.40032129979377,1.0
8,652,406.09353950775125,166.60011346029756,401.09353950775125,161.60011346029756,411.09353950775125,171.60011346029756,1.0
8,653,406.056035959467,166.4351408671363,401.056035959467,161.4351408671363,411.056035959467,171.4351408671363,1.0
8,654,406.084936215841,167.61142428385335,401.084936215841,162.61142428385335,411.084936215841,172.61142428385335,1.0
8,655,405.4230178461154,167.860125414295,400.4230178461154,162.860125414295,410.4230178461154,172.860125414295,1.0
8,656,405.22516652423855,168.6772431357061,400.22516652423855,163.6772431357061,410.22516652423855,173.6772431357061,1.0
8,657,404.74292415672204,168.80495475619486,399.74292415672204,163.80495475619486,409.74292415672204,173.80495475619486,1.0
8,658,404.9800353954615,168.61377375408256,399.9800353954615,163.61377375408256,409.9800353954615,173.61377375408256,1.0
8,659,405.3345275920107,167.10466621397916,400.3345275920107,162.10466621397916,410.3345275920107,172.10466621397916,1.0
8,660,405.3954772200051,165.79259219735775,400.3954772200051,160.79259219735775,410.3954772200051,170.79259219735775,1.0
8,661,404.70357886457543,165.23277702085082,399.70357886457543,160.23277702085082,409.70357886457543,170.23277702085082,1.0
8,662,403.6044823096097,163.660411518319,398.6044823096097,158.660411518319,408.6044823096097,168.660411518319,1.0
8,663,403.3572132689558,162.86333962027214,398.3572132689558,157.86333962027214,408.3572132689558,167.86333962027214,1.0
8,664,403.2884852023558,163.3237633054748,398.2884852023558,158.3237633054748,408.2884852023558,168.3237633054748,1.0
8,665,402.1354917852895,163.39502440942465,397.1354917852895,158.39502440942465,407.1354917852895,168.39502440942465,1.0
8,666,400.6081599554127,163.7911280976961,395.6081599554127,158.7911280976961,405.6081599554127,168.7911280976961,1.0
8,667,400.0288583160697,163.17596077626004,395.0288583160697,158.17596077626004,405.0288583160697,168.17596077626004,1.0
8,668,399.5332600572415,162.35973296534468,394.5332600572415,157.35973296534468,404.5332600572415,167.35973296534468,1.0
8,669,399.5102961929813,161.68062491176676,394.5102961929813,156.68062491176676,404.5102961929813,166.68062491176676,1.0
8,670,400.48043392255994,161.45951049456542,395.48043392255994,156.45951049456542,405.48043392255994,166.45951049456542,1.0
8,671,401.2054510529201,161.65977091965067,396.2054510529201,156.65977091965067,406.2054510529201,166.65977091965067,1.0
8,672,402.9792432394298,161.78772660225357,397.9792432394298,156.78772660225357,407.9792432394298,166.78772660225357,1.0
8,673,404.3891334010567,162.153911397403,399.3891334010567,157.153911397403,409.3891334010567,167.153911397403,1.0
8,674,404.7256399878024,163.2695125993577,399.7256399878024,158.2695125993577,409.7256399878024,168.2695125993577,1.0
8,675,404.8187132566983,163.69112781791375,399.8187132566983,158.69112781791375,409.8187132566983,168.69112781791375,1.0
8,676,405.2576636532615,162.75084651826097,400.2576636532615,157.75084651826097,410.2576636532615,167.75084651826097,1.0
8,677,406.20120035733197,161.5120806513377,401.20120035733197,156.5120806513377,411.20120035733197,166.5120806513377,1.0
8,678,406.7530031119243,160.01812065267134,401.7530031119243,155.01812065267134,411.7530031119243,165.01812065267134,1.0
8,679,407.29732562025515,158.60562008782927,402.29732562025515,153.60562008782927,412.29732562025515,163.60562008782927,1.0
8,680,408.24124371415354,157.8646220051161,403.24124371415354,152.8646220051161,413.24124371415354,162.8646220051161,1.0
8,681,409.05604082342165,157.91186178170724,404.05604082342165,152.91186178170724,414.05604082342165,162.91186178170724,1.0
8,682,409.55012209270836,158.86136579697956,404.55012209270836,153.86136579697956,414.55012209270836,163.86136579697956,1.0
8,683,410.8303572437159,159.1870386975997,405.8303572437159,154.1870386975997,415.8303572437159,164.1870386975997,1.0
8,684,410.64431600215954,158.9687371793853,405.64431600215954,153.9687371793853,415.64431600215954,163.9687371793853,1.0
8,685,410.18940282484886,158.98416982127046,405.18940282484886,153.98416982127046,415.18940282484886,163.98416982127046,1.0
8,686,410.39063213809163,159.9334606304903,405.39063213809163,154.9334606304903,415.39063213809163,164.9334606304903,1.0
8,687,410.12715143135375,162.1979427201148,405.12715143135375,157.1979427201148,415.12715143135375,167.1979427201148,1.0
8,688,409.24903845230597,162.04847410611117,404.24903845230597,157.04847410611117,414.24903845230597,167.04847410611117,1.0
8,689,409.06853163392225,161.62468567691556,404.06853163392225,156.62468567691556,414.06853163392225,166.62468567691556,1.0
8,690,409.1575406159893,161.72502517353493,404.1575406159893,156.72502517353493,414.1575406159893,166.72502517353493,1.0
8,691,409.8253503505979,162.10563962879678,404.8253503505979,157.10563962879678,414.8253503505979,167.10563962879678,1.0
8,692,410.1637060484487,162.44404374667067,405.1637060484487,157.44404374667067,415.1637060484487,167.44404374667067,1.0
8,693,409.571018699406,163.82593340158817,404.571018699406,158.82593340158817,414.571018699406,168.82593340158817,1.0
8,694,410.7121820596693,164.68272594606628,405.7121820596693,159.68272594606628,415.7121820596693,169.68272594606628,1.0
8,695,410.68228987556864,164.5062657765095,405.68228987556864,159.5062657765095,415.68228987556864,169.5062657765095,1.0
8,696,411.428282465709,164.0372340552426,406.428282465709,159.0372340552426,416.428282465709,169.0372340552426,1.0
8,697,411.02723396951967,164.62906399665005,406.02723396951967,159.62906399665005,416.02723396951967,169.62906399665005,1.0
8,698,411.7474611261493,164.9978975723087,406.7474611261493,159.9978975723087,416.7474611261493,169.9978975723087,1.0
8,699,411.7515978276069,165.4033779870516,406.7515978276069,160.4033779870516,416.7515978276069,170.4033779870516,1.0
8,700,410.95565421719004,166.52579108114662,405.95565421719004,161.52579108114662,415.95565421719004,171.52579108114662,1.0
8,701,409.7534402436109,168.49136897370974,404.7534402436109,163.49136897370974,414.7534402436109,173.49136897370974,1.0
8,702,409.0144716554968,170.07000650447546,404.0144716554968,165.07000650447546,414.0144716554968,175.07000650447546,1.0
8,703,408.2085360426655,171.6624079537585,403.2085360426655,166.6624079537585,413.2085360426655,176.6624079537585,1.0
8,704,408.23543942775785,171.64757284319867,403.23543942775785,166.64757284319867,413.23543942775785,176.64757284319867,1.0
8,705,408.5815195120814,171.63996353213244,403.5815195120814,166.63996353213244,413.5815195120814,176.63996353213244,1.0
8,706,408.6610476272952,172.07890359366618,403.6610476272952,167.07890359366618,413.6610476272952,177.07890359366618,1.0
8,707,409.5543637098033,172.14031814447688,404.5543637098033,167.14031814447688,414.5543637098033,177.14031814447688,1.0
8,708,411.89699075638254,172.08059370412258,406.89699075638254,167.08059370412258,416.89699075638254,177.08059370412258,1.0
8,709,413.2404254874326,171.72492014145678,408.2404254874326,166.72492014145678,418.2404254874326,176.72492014145678,1.0
8,710,414.280432594947,171.90902827989646,409.280432594947,166.90902827989646,419.280432594947,176.90902827989646,1.0
8,711,415.91239153973106,172.93956595110518,410.91239153973106,167.93956595110518,420.91239153973106,177.93956595110518,1.0
8,712,416.9640917047384,173.78937663178482,411.9640917047384,168.78937663178482,421.9640917047384,178.78937663178482,1.0
8,713,417.18719705592173,174.6006864322747,412.18719705592173,169.6006864322747,422.18719705592173,179.6006864322747,1.0
8,714,416.83980714304084,174.37171823169479,411.83980714304084,169.37171823169479,421.83980714304084,179.37171823169479,1.0
8,715,415.9767216170079,173.90893655673867,410.9767216170079,168.90893655673867,420.9767216170079,178.90893655673867,1.0
8,716,414.50575894097966,174.18224840061555,409.50575894097966,169.18224840061555,419.50575894097966,179.18224840061555,1.0
8,717,413.7045290700751,174.69526868397173,408.7045290700751,169.69526868397173,418.7045290700751,179.69526868397173,1.0
8,718,414.1314999880244,174.22895644726785,409.1314999880244,169.22895644726785,419.1314999880244,179.22895644726785,1.0
8,719,415.5861732225807,173.46204979249492,410.5861732225807,168.46204979249492,420.5861732225807,178.46204979249492,1.0
8,720,416.83704135193756,172.30741344797516,411.83704135193756,167.30741344797516,421.83704135193756,177.30741344797516,1.0
8,721,416.8877162536767,171.4821120955165,411.8877162536767,166.4821120955165,421.8877162536767,176.4821120955165,1.0
8,722,417.4773416090457,170.56967482537823,412.4773416090457,165.56967482537823,422.4773416090457,175.56967482537823,1.0
8,723,417.81001535766336,170.49429478953354,412.81001535766336,165.49429478953354,422.81001535766336,175.49429478953354,1.0
8,724,417.99603765920034,169.75264784718425,412.99603765920034,164.75264784718425,422.99603765920034,174.75264784718425,1.0
8,725,418.04068072942437,169.74580354560788,413.04068072942437,164.74580354560788,423.04068072942437,174.74580354560788,1.0
8,726,417.7450226064504,168.9174541099156,412.7450226064504,163.9174541099156,422.7450226064504,173.9174541099156,1.0
8,727,418.90659248625,168.42745601528037,413.90659248625,163.42745601528037,423.90659248625,173.42745601528037,1.0
8,728,420.4472396414802,169.13265925724724,415.4472396414802,164.13265925724724,425.4472396414802,174.13265925724724,1.0
8,729,421.74678177729925,169.14967012741303,416.74678177729925,164.14967012741303,426.74678177729925,174.14967012741303,1.0
8,730,422.12816345182233,168.77574150976062,417.12816345182233,163.77574150976062,427.12816345182233,173.77574150976062,1.0
8,731,423.2847820762458,168.74573392004808,418.2847820762458,163.74573392004808,428.2847820762458,173.74573392004808,1.0
8,732,423.98927405231194,168.9257499206135,418.98927405231194,163.9257499206135,428.98927405231194,173.9257499206135,1.0
8,733,424.11403262035446,168.947543234892,419.11403262035446,163.947543234892,429.11403262035446,173.947543234892,1.0
8,734,424.6611404594487,168.76093568309875,419.6611404594487,163.76093568309875,429.6611404594487,173.76093568309875,1.0
8,735,426.58951791627555,169.31591387056645,421.58951791627555,164.31591387056645,431.58951791627555,174.31591387056645,1.0
8,736,427.5974352658359,170.4059250370982,422.5974352658359,165.4059250370982,432.5974352658359,175.4059250370982,1.0
8,737,426.99644517382706,171.47080546081884,421.99644517382706,166.47080546081884,431.99644517382706,176.47080546081884,1.0
8,738,426.96652937779766,173.322966578331,421.96652937779766,168.322966578331,431.96652937779766,178.322966578331,1.0
9,0,633.0,219.0,628.0,214.0,638.0,224.0,1.0
10,739,82.5,437.0,77.5,432.0,87.5,442.0,1.0
10,740,82.24565937577917,438.78502776229914,77.24565937577917,433.78502776229914,87.24565937577917,443.78502776229914,1.0
10,741,80.90542995414818,439.30254512421556,75.90542995414818,434.30254512421556,85.90542995414818,444.30254512421556,1.0
10,742,80.19042766930053,439.70780890615634,75.19042766930053,434.70780890615634,85.19042766930053,444.70780890615634,1.0
10,743,80.00001638622985,440.3388316171782,75.00001638622985,435.3388316171782,85.00001638622985,445.3388316171782,1.0
10,744,80.47215006122167,441.0199569163155,75.47215006122167,436.0199569163155,85.47215006122167,446.0199569163155,1.0
10,745,81.0872380509716,440.63039791659446,76.0872380509716,435.63039791659446,86.0872380509716,445.63039791659446,1.0
10,746,81.30353213182359,440.7939366803001,76.30353213182359,435.7939366803001,86.30353213182359,445.7939366803001,1.0
10,747,81.56172331582766,441.0531642794459,76.56172331582766,436.0531642794459,86.56172331582766,446.0531642794459,1.0
10,748,80.29079879261418,441.16974874285984,75.29079879261418,436.16974874285984,85.29079879261418,446.16974874285984,1.0
10,749,79.66240904536164,441.9336994221115,74.66240904536164,436.9336994221115,84.66240904536164,446.9336994221115,1.0
10,750,79.23950418465849,442.1721295054642,74.23950418465849,437.1721295054642,84.23950418465849,447.1721295054642,1.0
10,751,78.41662263885574,442.76818115311346,73.41662263885574,437.76818115311346,83.41662263885574,447.76818115311346,1.0
10,752,77.7967658335226,442.4120320325594,72.7967658335226,437.4120320325594,82.7967658335226,447.4120320325594,1.0
10,753,77.66332308539879,441.1478036424531,72.66332308539879,436.1478036424531,82.66332308539879,446.1478036424531,1.0
10,754,77.62641249945325,440.23033496012016,72.62641249945325,435.23033496012016,82.62641249945325,445.23033496012016,1.0
10,755,78.46841607051208,440.0975027146389,73.46841607051208,435.0975027146389,83.46841607051208,445.0975027146389,1.0
10,756,78.96939529069851,440.45683235834,73.96939529069851,435.45683235834,83.96939529069851,445.45683235834,1.0
10,757,79.80492289334771,441.32891182089315,74.80492289334771,436.32891182089315,84.80492289334771,446.32891182089315,1.0
10,758,80.35948173687095,440.66315973401186,75.35948173687095,435.66315973401186,85.35948173687095,445.66315973401186,1.0
10,759,80.33929302478282,439.96441712725857,75.33929302478282,434.96441712725857,85.33929302478282,444.96441712725857,1.0
10,760,79.24407533986819,439.2223504900326,74.24407533986819,434.2223504900326,84.24407533986819,444.2223504900326,1.0
10,761,78.6932518022426,439.74237262618766,73.6932518022426,434.74237262618766,83.6932518022426,444.74237262618766,1.0
10,762,78.4293882457912,439.4762251626158,73.4293882457912,434.4762251626158,83.4293882457912,444.4762251626158,1.0
10,763,78.3323709701242,441.4921568811869,73.3323709701242,436.4921568811869,83.3323709701242,446.4921568811869,1.0
10,764,77.98219011623927,442.66599321418505,72.98219011623927,437.66599321418505,82.98219011623927,447.66599321418505,1.0
10,765,77.40241980388488,443.2457290102313,72.40241980388488,438.2457290102313,82.40241980388488,448.2457290102313,1.0
10,766,77.28902234236587,443.4366995873392,72.28902234236587,438.4366995873392,82.28902234236587,448.4366995873392,1.0
10,767,76.58925340082548,443.2721839226256,71.58925340082548,438.2721839226256,81.58925340082548,448.2721839226256,1.0
10,768,76.77239564998523,442.72315209653306,71.77239564998523,437.72315209653306,81.77239564998523,447.72315209653306,1.0
10,769,78.01035822352394,442.4765457364935,73.01035822352394,437.4765457364935,83.01035822352394,447.4765457364935,1.0
10,770,79.02438806143691,443.0527971452027,74.02438806143691,438.0527971452027,84.02438806143691,448.0527971452027,1.0
10,771,79.3597373020556,444.1360101426801,74.3597373020556,439.1360101426801,84.3597373020556,449.1360101426801,1.0
10,772,80.19832602381739,444.3099870020016,75.19832602381739,439.3099870020016,85.19832602381739,449.3099870020016,1.0
10,773,82.09636749748891,444.96197278916935,77.09636749748891,439.96197278916935,87.09636749748891,449.96197278916935,1.0
10,774,83.81443189589024,444.62147086141437,78.81443189589024,439.62147086141437,88.81443189589024,449.62147086141437,1.0
10,775,86.39134829907127,442.98551462766744,81.39134829907127,437.98551462766744,91.39134829907127,447.98551462766744,1.0
10,776,87.36276536331542,441.7549541552318,82.36276536331542,436.7549541552318,92.36276536331542,446.7549541552318,1.0
10,777,86.8855501369505,441.1310294207484,81.8855501369505,436.1310294207484,91.8855501369505,446.1310294207484,1.0
10,778,86.62881875556192,440.45362914157016,81.62881875556192,435.45362914157016,91.62881875556192,445.45362914157016,1.0
10,779,85.99831124207387,438.89731336030695,80.99831124207387,433.89731336030695,90.99831124207387,443.89731336030695,1.0
10,780,85.06827479314835,438.21385229861596,80.06827479314835,433.21385229861596,90.06827479314835,443.21385229861596,1.0
10,781,84.99632054296416,438.80890184797823,79.99632054296416,433.80890184797823,89.99632054296416,443.80890184797823,1.0
10,782,84.96634967504649,438.86249866511383,79.96634967504649,433.86249866511383,89.96634967504649,443.86249866511383,1.0
10,783,86.04810675968973,438.3614029699781,81.04810675968973,433.3614029699781,91.04810675968973,443.3614029699781,1.0
10,784,86.17850327923267,439.3836457304202,81.17850327923267,434.3836457304202,91.17850327923267,444.3836457304202,1.0
10,785,86.08141068893899,439.7440078437961,81.08141068893899,434.7440078437961,91.08141068893899,444.7440078437961,1.0
10,786,85.87996874582717,439.9413251345516,80.87996874582717,434.9413251345516,90.87996874582717,444.9413251345516,1.0
10,787,84.81614440078914,439.07560335562346,79.81614440078914,434.07560335562346,89.81614440078914,444.07560335562346,1.0
10,788,83.81065665821815,438.9204159721339,78.81065665821815,433.9204159721339,88.81065665821815,443.9204159721339,1.0
10,789,83.05526152856531,438.2438304490485,78.05526152856531,433.2438304490485,88.05526152856531,443.2438304490485,1.0
10,790,83.10317281318572,438.3536338484534,78.10317281318572,433.3536338484534,88.10317281318572,443.3536338484534,1.0
10,791,83.7797962599922,437.4210714125883,78.7797962599922,432.4210714125883,88.7797962599922,442.4210714125883,1.0
10,792,83.74862582495267,436.5176859808596,78.74862582495267,431.5176859808596,88.74862582495267,441.5176859808596,1.0
10,793,83.03639925135555,435.7384155141968,78.03639925135555,430.7384155141968,88.03639925135555,440.7384155141968,1.0
10,794,81.59199068154122,434.99488480566566,76.59199068154122,429.99488480566566,86.59199068154122,439.99488480566566,1.0
10,795,80.29426313079658,434.08798869203423,75.29426313079658,429.08798869203423,85.29426313079658,439.08798869203423,1.0
10,796,78.91025442728494,434.1131115056777,73.91025442728494,429.1131115056777,83.91025442728494,439.1131115056777,1.0
10,797,78.14611844622834,433.50377877012835,73.14611844622834,428.50377877012835,83.14611844622834,438.50377877012835,1.0
10,798,78.50038599015504,433.3033804394437,73.50038599015504,428.3033804394437,83.50038599015504,438.3033804394437,1.0
10,799,78.32568319036189,432.27950918698957,73.32568319036189,427.27950918698957,83.32568319036189,437.27950918698957,1.0
10,800,78.0258559098428,431.590671819469,73.0258559098428,426.590671819469,83.0258559098428,436.590671819469,1.0
10,801,76.90358990042326,430.49071232414263,71.90358990042326,425.49071232414263,81.90358990042326,435.49071232414263,1.0
10,802,76.60543356420665,429.45825210971583,71.60543356420665,424.45825210971583,81.60543356420665,434.45825210971583,1.0
10,803,76.99229406144732,430.14436294502616,71.99229406144732,425.14436294502616,81.99229406144732,435.14436294502616,1.0
10,804,76.78987750698569,429.8815499885459,71.78987750698569,424.8815499885459,81.78987750698569,434.8815499885459,1.0
10,805,76.94750366264415,431.16165531018726,71.94750366264415,426.16165531018726,81.94750366264415,436.16165531018726,1.0
10,806,77.11322924223208,431.9537210202968,72.11322924223208,426.9537210202968,82.11322924223208,436.9537210202968,1.0
10,807,76.40639417600491,432.0125959189281,71.40639417600491,427.0125959189281,81.40639417600491,437.0125959189281,1.0
10,808,76.18419733335469,431.6017350327959,71.18419733335469,426.6017350327959,81.18419733335469,436.6017350327959,1.0
10,809,75.8212248650877,431.9216921012153,70.8212248650877,426.9216921012153,80.8212248650877,436.9216921012153,1.0
10,810,75.92254778769522,433.26307952091645,70.92254778769522,428.26307952091645,80.92254778769522,438.26307952091645,1.0
10,811,76.3308091824747,433.07969245586537,71.3308091824747,428.07969245586537,81.3308091824747,438.07969245586537,1.0
10,812,76.32854629603267,432.3596219157846,71.32854629603267,427.3596219157846,81.32854629603267,437.3596219157846,1.0
10,813,76.32467506404866,430.8144981567636,71.32467506404866,425.8144981567636,81.32467506404866,435.8144981567636,1.0
10,814,75.87127891955382,429.9645240852795,70.87127891955382,424.9645240852795,80.87127891955382,434.9645240852795,1.0
10,815,74.41947108302152,429.34253244882933,69.41947108302152,424.34253244882933,79.41947108302152,434.34253244882933,1.0
10,816,72.84078981688097,428.17282963663115,67.84078981688097,423.17282963663115,77.84078981688097,433.17282963663115,1.0
10,817,71.98695250680824,428.1719859101362,66.98695250680824,423.1719859101362,76.98695250680824,433.1719859101362,1.0
10,818,71.19049781791611,429.046235517374,66.19049781791611,424.046235517374,76.19049781791611,434.046235517374,1.0
10,819,70.30858103860622,429.7363805362082,65.30858103860622,424.7363805362082,75.30858103860622,434.7363805362082,1.0
10,820,69.24272425440621,430.56726306412827,64.24272425440621,425.56726306412827,74.24272425440621,435.56726306412827,1.0
10,821,68.58491317606794,432.70914426872315,63.58491317606794,427.70914426872315,73.58491317606794,437.70914426872315,1.0
10,822,67.60219049684217,435.35575159420995,62.60219049684217,430.35575159420995,72.60219049684217,440.35575159420995,1.0
10,823,66.73989010639889,437.3796536030379,61.73989010639889,432.3796536030379,71.73989010639889,442.3796536030379,1.0
10,824,65.92457204601995,439.17395210666587,60.92457204601995,434.17395210666587,70.92457204601995,444.17395210666587,1.0
10,825,65.62317212141524,440.5651973474987,60.62317212141524,435.5651973474987,70.62317212141524,445.5651973474987,1.0
10,826,64.80082379571357,440.9167439293355,59.80082379571357,435.9167439293355,69.80082379571357,445.9167439293355,1.0
10,827,64.17010264742916,440.6668654888066,59.17010264742916,435.6668654888066,69.17010264742916,445.6668654888066,1.0
10,828,63.445991474992816,440.73418332927855,58.445991474992816,435.73418332927855,68.44599147499281,445.73418332927855,1.0
10,829,63.50100766624121,440.663978088296,58.50100766624121,435.663978088296,68.50100766624121,445.663978088296,1.0
10,830,63.4321750873318,439.77799227105425,58.4321750873318,434.77799227105425,68.4321750873318,444.77799227105425,1.0
10,831,63.29055257643763,438.7803371505635,58.29055257643763,433.7803371505635,68.29055257643763,443.7803371505635,1.0
10,832,63.95847484156066,438.1892788492131,58.95847484156066,433.1892788492131,68.95847484156066,443.1892788492131,1.0
10,833,64.61597753844099,436.90398046996626,59.61597753844099,431.90398046996626,69.61597753844099,441.90398046996626,1.0
10,834,64.24378525572519,436.3046111564086,59.243785255725186,431.3046111564086,69.24378525572519,441.3046111564086,1.0
10,835,63.79486858419474,435.4794995733807,58.79486858419474,430.4794995733807,68.79486858419475,440.4794995733807,1.0
10,836,63.34609071468599,434.7220904311851,58.34609071468599,429.7220904311851,68.346090714686,439.7220904311851,1.0
10,837,61.83613716668357,433.45153780818725,56.83613716668357,428.45153780818725,66.83613716668357,438.45153780818725,1.0
10,838,61.07721637307691,433.1248118903702,56.07721637307691,428.1248118903702,66.07721637307691,438.1248118903702,1.0
10,839,60.216363936985246,433.60236203510243,55.216363936985246,428.60236203510243,65.21636393698525,438.60236203510243,1.0
10,840,59.273060031355556,434.228323819319,54.273060031355556,429.228323819319,64.27306003135556,439.228323819319,1.0
10,841,59.37751746823048,434.68384036984224,54.37751746823048,429.68384036984224,64.37751746823048,439.68384036984224,1.0
10,842,60.32852714120922,434.38436551554935,55.32852714120922,429.38436551554935,65.32852714120922,439.38436551554935,1.0
10,843,62.144333919342714,435.1903244161192,57.144333919342714,430.1903244161192,67.14433391934271,440.1903244161192,1.0
10,844,63.002243380434464,436.38627372724494,58.002243380434464,431.38627372724494,68.00224338043446,441.38627372724494,1.0
10,845,63.377524348698685,437.1844612074011,58.377524348698685,432.1844612074011,68.37752434869869,442.1844612074011,1.0
10,846,63.780946419205485,437.8984803085475,58.780946419205485,432.8984803085475,68.78094641920549,442.8984803085475,1.0
10,847,63.570904705140656,439.0134362670606,58.570904705140656,434.0134362670606,68.57090470514066,444.0134362670606,1.0
10,848,64.10463668917595,440.25787246237036,59.10463668917595,435.25787246237036,69.10463668917595,445.25787246237036,1.0
10,849,63.97219981095473,440.66436576698163,58.97219981095473,435.66436576698163,68.97219981095472,445.66436576698163,1.0
10,850,65.7950721634398,441.40009083761026,60.7950721634398,436.40009083761026,70.7950721634398,446.40009083761026,1.0
10,851,66.08257929343826,442.5213191383741,61.08257929343826,437.5213191383741,71.08257929343826,447.5213191383741,1.0
10,852,67.48487966926778,442.5978633762905,62.484879669267784,437.5978633762905,72.48487966926778,447.5978633762905,1.0
10,853,67.64905693620251,442.7433141265035,62.64905693620251,437.7433141265035,72.64905693620251,447.7433141265035,1.0
10,854,67.08341212734982,441.961264098148,62.08341212734982,436.961264098148,72.08341212734982,446.961264098148,1.0
10,855,67.59822437051375,442.19300092274665,62.59822437051375,437.19300092274665,72.59822437051375,447.19300092274665,1.0
10,856,69.03422180177127,443.1392284452811,64.03422180177127,438.1392284452811,74.03422180177127,448.1392284452811,1.0
10,857,69.49368833453661,443.9014098543955,64.49368833453661,438.9014098543955,74.49368833453661,448.9014098543955,1.0
10,858,69.6023265274888,444.77967826808964,64.6023265274888,439.77967826808964,74.6023265274888,449.77967826808964,1.0
10,859,69.8464420532577,445.4967618596301,64.8464420532577,440.4967618596301,74.8464420532577,450.4967618596301,1.0
10,860,70.15900861432692,445.7292501997654,65.15900861432692,440.7292501997654,75.15900861432692,450.7292501997654,1.0
10,861,70.48109697010065,446.00816118837156,65.48109697010065,441.00816118837156,75.48109697010065,451.00816118837156,1.0
10,862,69.29858711108993,446.3567507680952,64.29858711108993,441.3567507680952,74.29858711108993,451.3567507680952,1.0
10,863,69.503789749281,445.9860692764323,64.503789749281,440.9860692764323,74.503789749281,450.9860692764323,1.0
10,864,70.2131681107542,446.0831092431816,65.2131681107542,441.0831092431816,75.2131681107542,451.0831092431816,1.0
10,865,69.71145136644212,445.6033966937017,64.71145136644212,440.6033966937017,74.71145136644212,450.6033966937017,1.0
10,866,69.31952299148712,445.09618805457177,64.31952299148712,440.09618805457177,74.31952299148712,450.09618805457177,1.0
10,867,69.7217144320377,444.45010619919634,64.7217144320377,439.45010619919634,74.7217144320377,449.45010619919634,1.0
10,868,70.4034123404282,444.65566849316417,65.4034123404282,439.65566849316417,75.4034123404282,449.65566849316417,1.0
10,869,70.49318217667857,445.1366135915462,65.49318217667857,440.1366135915462,75.49318217667857,450.1366135915462,1.0
10,870,69.90437705674702,445.4474125808079,64.90437705674702,440.4474125808079,74.90437705674702,450.4474125808079,1.0
10,871,70.20306079518936,445.58406642169786,65.20306079518936,440.58406642169786,75.20306079518936,450.58406642169786,1.0
10,872,70.03959952306386,445.17335122601133,65.03959952306386,440.17335122601133,75.03959952306386,450.17335122601133,1.0
10,873,70.1354877948754,444.26174715225676,65.1354877948754,439.26174715225676,75.1354877948754,449.26174715225676,1.0
10,874,69.66108114009687,443.46784950583844,64.66108114009687,438.46784950583844,74.66108114009687,448.46784950583844,1.0
10,875,69.20834721314468,443.41695533005657,64.20834721314468,438.41695533005657,74.20834721314468,448.41695533005657,1.0
10,876,68.22476346366679,443.3624368485876,63.22476346366679,438.3624368485876,73.22476346366679,448.3624368485876,1.0
10,877,67.06492478352779,442.7462989025851,62.064924783527786,437.7462989025851,72.06492478352779,447.7462989025851,1.0
10,878,66.72241707480072,442.70828103787983,61.72241707480072,437.70828103787983,71.72241707480072,447.70828103787983,1.0
10,879,66.75232934866926,442.5393368898575,61.752329348669264,437.5393368898575,71.75232934866926,447.5393368898575,1.0
10,880,66.15386771840298,441.56165518437746,61.15386771840298,436.56165518437746,71.15386771840298,446.56165518437746,1.0
10,881,64.85652433796187,440.79067733610333,59.85652433796187,435.79067733610333,69.85652433796187,445.79067733610333,1.0
10,882,63.36076886293091,440.528893142959,58.36076886293091,435.528893142959,68.36076886293091,445.528893142959,1.0
10,883,63.23591060115365,441.32543419485165,58.23591060115365,436.32543419485165,68.23591060115365,446.32543419485165,1.0
10,884,63.958874099427675,442.0362836344753,58.958874099427675,437.0362836344753,68.95887409942767,447.0362836344753,1.0
10,885,64.34924652497789,441.91557221958783,59.349246524977886,436.91557221958783,69.34924652497789,446.91557221958783,1.0
10,886,64.53245729335791,441.6452395004982,59.53245729335791,436.6452395004982,69.53245729335791,446.6452395004982,1.0
10,887,64.29581623439734,440.4694266168858,59.295816234397336,435.4694266168858,69.29581623439734,445.4694266168858,1.0
10,888,65.0615462078066,438.9148573694822,60.0615462078066,433.9148573694822,70.0615462078066,443.9148573694822,1.0
10,889,64.94871063068784,438.06128376459105,59.94871063068784,433.06128376459105,69.94871063068784,443.06128376459105,1.0
10,890,65.32449823053491,437.07778339891894,60.324498230534914,432.07778339891894,70.32449823053491,442.07778339891894,1.0
10,891,66.44134082404315,436.9081609385695,61.44134082404315,431.9081609385695,71.44134082404315,441.9081609385695,1.0
10,892,68.04119843797898,435.50211227125425,63.04119843797898,430.50211227125425,73.04119843797898,440.50211227125425,1.0
10,893,69.34578602721234,433.8640346687645,64.34578602721234,428.8640346687645,74.34578602721234,438.8640346687645,1.0
10,894,70.20570942947488,432.6523398020066,65.20570942947488,427.6523398020066,75.20570942947488,437.6523398020066,1.0
10,895,71.0361681825404,431.13181858407245,66.0361681825404,426.13181858407245,76.0361681825404,436.13181858407245,1.0
10,896,72.01207062990363,430.30965718161167,67.01207062990363,425.30965718161167,77.01207062990363,435.30965718161167,1.0
10,897,73.16089335248513,430.09495174742665,68.16089335248513,425.09495174742665,78.16089335248513,435.09495174742665,1.0
10,898,73.04357791155097,430.5377423010689,68.04357791155097,425.5377423010689,78.04357791155097,435.5377423010689,1.0
10,899,72.88650579349834,430.2110795918012,67.88650579349834,425.2110795918012,77.88650579349834,435.2110795918012,1.0
10,900,72.9557700246413,428.8781039653573,67.9557700246413,423.8781039653573,77.9557700246413,433.8781039653573,1.0
10,901,72.9910201335052,428.1462206694056,67.9910201335052,423.1462206694056,77.9910201335052,433.1462206694056,1.0
10,902,73.48562735470216,428.1821353821702,68.48562735470216,423.1821353821702,78.48562735470216,433.1821353821702,1.0
10,903,73.9698012963775,428.2129477617049,68.9698012963775,423.2129477617049,78.9698012963775,433.2129477617049,1.0
10,904,73.76645442495402,428.86192573870045,68.76645442495402,423.86192573870045,78.76645442495402,433.86192573870045,1.0
10,905,74.24424071839996,430.08181536564393,69.24424071839996,425.08181536564393,79.24424071839996,435.08181536564393,1.0
10,906,74.56706271855354,430.4543819016534,69.56706271855354,425.4543819016534,79.56706271855354,435.4543819016534,1.0
10,907,74.9322861912407,429.78420684844906,69.9322861912407,424.78420684844906,79.9322861912407,434.78420684844906,1.0
10,908,74.37284378776522,428.8714208637779,69.37284378776522,423.8714208637779,79.37284378776522,433.8714208637779,1.0
10,909,73.21694728434926,428.34419375887484,68.21694728434926,423.34419375887484,78.21694728434926,433.34419375887484,1.0
10,910,73.14147783088012,428.67086609748605,68.14147783088012,423.67086609748605,78.14147783088012,433.67086609748605,1.0
10,911,72.92698695993114,428.87908843041,67.92698695993114,423.87908843041,77.92698695993114,433.87908843041,1.0
10,912,73.32599731876815,429.38481313119934,68.32599731876815,424.38481313119934,78.32599731876815,434.38481313119934,1.0
10,913,73.52824293752376,429.6270121511732,68.52824293752376,424.6270121511732,78.52824293752376,434.6270121511732,1.0
10,914,73.20415704846609,429.34407737795925,68.20415704846609,424.34407737795925,78.20415704846609,434.34407737795925,1.0
10,915,74.28409305425514,429.5173359621052,69.28409305425514,424.5173359621052,79.28409305425514,434.5173359621052,1.0
10,916,74.30491706619806,430.3217844376945,69.30491706619806,425.3217844376945,79.30491706619806,435.3217844376945,1.0
10,917,73.55274438288112,430.2470224054779,68.55274438288112,425.2470224054779,78.55274438288112,435.2470224054779,1.0
10,918,73.37202473831861,430.77693871172204,68.37202473831861,425.77693871172204,78.37202473831861,435.77693871172204,1.0
10,919,73.51698813580028,430.67475521769256,68.51698813580028,425.67475521769256,78.51698813580028,435.67475521769256,1.0
10,920,72.7845879454134,430.8920329556344,67.7845879454134,425.8920329556344,77.7845879454134,435.8920329556344,1.0
10,921,72.09462265545923,430.50701952891427,67.09462265545923,425.50701952891427,77.09462265545923,435.50701952891427,1.0
10,922,72.24415710499957,430.7152434163369,67.24415710499957,425.7152434163369,77.24415710499957,435.7152434163369,1.0
10,923,72.2259024109286,430.9136443942044,67.2259024109286,425.9136443942044,77.2259024109286,435.9136443942044,1.0
10,924,72.22382699082014,431.62505903634843,67.22382699082014,426.62505903634843,77.22382699082014,436.62505903634843,1.0
10,925,71.0443557749776,432.00058750486664,66.0443557749776,427.00058750486664,76.0443557749776,437.00058750486664,1.0
10,926,70.46292078572344,432.5731880188404,65.46292078572344,427.5731880188404,75.46292078572344,437.5731880188404,1.0
10,927,71.0601324851244,433.885540417399,66.0601324851244,428.885540417399,76.0601324851244,438.885540417399,1.0
10,928,71.00349859413467,435.2562488881127,66.00349859413467,430.2562488881127,76.00349859413467,440.2562488881127,1.0
10,929,70.43660988930695,434.19332793251635,65.43660988930695,429.19332793251635,75.43660988930695,439.19332793251635,1.0
10,930,71.2573905352869,433.68043300960863,66.2573905352869,428.68043300960863,76.2573905352869,438.68043300960863,1.0
10,931,71.70606630177063,433.1978970505409,66.70606630177063,428.1978970505409,76.70606630177063,438.1978970505409,1.0
10,932,72.4542123829935,433.35555725819427,67.4542123829935,428.35555725819427,77.4542123829935,438.35555725819427,1.0
10,933,74.20567372783208,432.49935489079417,69.20567372783208,427.49935489079417,79.20567372783208,437.49935489079417,1.0
10,934,74.79926836646514,431.1339470732306,69.79926836646514,426.1339470732306,79.79926836646514,436.1339470732306,1.0
10,935,75.31251635179132,429.6966370200948,70.31251635179132,424.6966370200948,80.31251635179132,434.6966370200948,1.0
10,936,76.79192665174908,428.9126953084344,71.79192665174908,423.9126953084344,81.79192665174908,433.9126953084344,1.0
10,937,77.07400113987202,428.611308122991,72.07400113987202,423.611308122991,82.07400113987202,433.611308122991,1.0
10,938,78.09702649419634,427.50839851356795,73.09702649419634,422.50839851356795,83.09702649419634,432.50839851356795,1.0
10,939,80.75561161927837,426.7198868778296,75.75561161927837,421.7198868778296,85.75561161927837,431.7198868778296,1.0
10,940,82.07767295363927,426.8489539275137,77.07767295363927,421.8489539275137,87.07767295363927,431.8489539275137,1.0
10,941,82.21316892483917,426.30539237761246,77.21316892483917,421.30539237761246,87.21316892483917,431.30539237761246,1.0
10,942,81.94060697570595,425.8342440101341,76.94060697570595,420.8342440101341,86.94060697570595,430.8342440101341,1.0
10,943,81.28546186397409,425.5604726736471,76.28546186397409,420.5604726736471,86.28546186397409,430.5604726736471,1.0
10,944,80.0462353071025,424.6940909643231,75.0462353071025,419.6940909643231,85.0462353071025,429.6940909643231,1.0
10,945,79.52837572748271,423.4584785020795,74.52837572748271,418.4584785020795,84.52837572748271,428.4584785020795,1.0
10,946,79.06103250875647,422.9788917287382,74.06103250875647,417.9788917287382,84.06103250875647,427.9788917287382,1.0
10,947,78.84000457756798,422.819677843145,73.84000457756798,417.819677843145,83.84000457756798,427.819677843145,1.0
10,948,78.02765373774648,422.5041421319051,73.02765373774648,417.5041421319051,83.02765373774648,427.5041421319051,1.0
10,949,78.45068457715746,422.01215038137354,73.45068457715746,417.01215038137354,83.45068457715746,427.01215038137354,1.0
10,950,78.7879118954934,421.653708510941,73.7879118954934,416.653708510941,83.7879118954934,426.653708510941,1.0
10,951,78.04889224843495,420.51374957782133,73.04889224843495,415.51374957782133,83.04889224843495,425.51374957782133,1.0
10,952,76.42118854494609,420.05656903088163,71.42118854494609,415.05656903088163,81.42118854494609,425.05656903088163,1.0
10,953,74.1967492729931,418.73622091300615,69.1967492729931,413.73622091300615,79.1967492729931,423.73622091300615,1.0
10,954,73.61843051308392,418.06327124474535,68.61843051308392,413.06327124474535,78.61843051308392,423.06327124474535,1.0
10,955,73.30338949081809,417.0789517463373,68.30338949081809,412.0789517463373,78.30338949081809,422.0789517463373,1.0
10,956,72.68580324959919,416.606641662497,67.68580324959919,411.606641662497,77.68580324959919,421.606641662497,1.0
10,957,72.79165131094507,417.05380210638145,67.79165131094507,412.05380210638145,77.79165131094507,422.05380210638145,1.0
10,958,72.98317006854464,415.9530599614962,67.98317006854464,410.9530599614962,77.98317006854464,420.9530599614962,1.0
10,959,73.59238819990951,415.585774186139,68.59238819990951,410.585774186139,78.59238819990951,420.585774186139,1.0
10,960,74.6668156079694,415.12450380735004,69.6668156079694,410.12450380735004,79.6668156079694,420.12450380735004,1.0
10,961,75.570430701917,413.74718221498495,70.570430701917,408.74718221498495,80.570430701917,418.74718221498495,1.0
10,962,76.10824080791743,413.5931201041719,71.10824080791743,408.5931201041719,81.10824080791743,418.5931201041719,1.0
10,963,76.18431845440047,414.714693659443,71.18431845440047,409.714693659443,81.18431845440047,419.714693659443,1.0
10,964,76.61513955964158,414.1703464349148,71.61513955964158,409.1703464349148,81.61513955964158,419.1703464349148,1.0
10,965,76.0465092396022,413.5812352972295,71.0465092396022,408.5812352972295,81.0465092396022,418.5812352972295,1.0
10,966,75.91543781557658,413.86565090220955,70.91543781557658,408.86565090220955,80.91543781557658,418.86565090220955,1.0
10,967,76.55321073426533,413.58468820208736,71.55321073426533,408.58468820208736,81.55321073426533,418.58468820208736,1.0
10,968,77.00381535524235,414.22560785648164,72.00381535524235,409.22560785648164,82.00381535524235,419.22560785648164,1.0
10,969,76.45870865220459,414.3628888763803,71.45870865220459,409.3628888763803,81.45870865220459,419.3628888763803,1.0
10,970,75.88508163892621,413.7993066051009,70.88508163892621,408.7993066051009,80.88508163892621,418.7993066051009,1.0
10,971,76.23037570333605,413.27148310134305,71.23037570333605,408.27148310134305,81.23037570333605,418.27148310134305,1.0
10,972,77.22595335204353,412.26143103810136,72.22595335204353,407.26143103810136,82.22595335204353,417.26143103810136,1.0
10,973,78.22783786238824,411.4251194554535,73.22783786238824,406.4251194554535,83.22783786238824,416.4251194554535,1.0
10,974,78.11906277050275,409.4629816700638,73.11906277050275,404.4629816700638,83.11906277050275,414.4629816700638,1.0
10,975,77.65485605052363,409.06597376592447,72.65485605052363,404.06597376592447,82.65485605052363,414.06597376592447,1.0
10,976,76.84695264363042,407.9902975363923,71.84695264363042,402.9902975363923,81.84695264363042,412.9902975363923,1.0
10,977,75.76453296205929,407.7726264684372,70.76453296205929,402.7726264684372,80.76453296205929,412.7726264684372,1.0
10,978,74.8064791717235,408.2234261698333,69.8064791717235,403.2234261698333,79.8064791717235,413.2234261698333,1.0
10,979,74.43873099199453,408.8296772486058,69.43873099199453,403.8296772486058,79.43873099199453,413.8296772486058,1.0
10,980,73.7441824868253,408.6961147003348,68.7441824868253,403.6961147003348,78.7441824868253,413.6961147003348,1.0
10,981,73.03615891536268,407.38393144358525,68.03615891536268,402.38393144358525,78.03615891536268,412.38393144358525,1.0
10,982,73.4325577373117,405.8227082704289,68.4325577373117,400.8227082704289,78.4325577373117,410.8227082704289,1.0
10,983,74.04696575255684,404.8847558174052,69.04696575255684,399.8847558174052,79.04696575255684,409.8847558174052,1.0
10,984,73.85450054228986,402.9922493075003,68.85450054228986,397.9922493075003,78.85450054228986,407.9922493075003,1.0
10,985,74.14813201639357,402.306597161234,69.14813201639357,397.306597161234,79.14813201639357,407.306597161234,1.0
10,986,73.6032468957316,401.13880167985417,68.6032468957316,396.13880167985417,78.6032468957316,406.13880167985417,1.0
10,987,72.62634102391667,399.1082085438157,67.62634102391667,394.1082085438157,77.62634102391667,404.1082085438157,1.0
10,988,72.13901804902692,398.26339722913394,67.13901804902692,393.26339722913394,77.13901804902692,403.26339722913394,1.0
10,989,71.92132777179935,397.7569102125218,66.92132777179935,392.7569102125218,76.92132777179935,402.7569102125218,1.0
10,990,72.16695847643396,397.07518965780906,67.16695847643396,392.07518965780906,77.16695847643396,402.07518965780906,1.0
10,991,73.55706173798454,397.1497586729667,68.55706173798454,392.1497586729667,78.55706173798454,402.1497586729667,1.0
10,992,74.6827545996797,396.7488341021069,69.6827545996797,391.7488341021069,79.6827545996797,401.7488341021069,1.0
10,993,76.16634453183593,396.36425075193154,71.16634453183593,391.36425075193154,81.16634453183593,401.36425075193154,1.0
10,994,77.09362300639728,395.59363895986405,72.09362300639728,390.59363895986405,82.09362300639728,400.59363895986405,1.0
10,995,78.59472044286352,394.7977050926529,73.59472044286352,389.7977050926529,83.59472044286352,399.7977050926529,1.0
10,996,79.31813431438405,394.4612244789603,74.31813431438405,389.4612244789603,84.31813431438405,399.4612244789603,1.0
10,997,80.40206589776292,394.18614646857327,75.40206589776292,389.18614646857327,85.40206589776292,399.18614646857327,1.0
10,998,79.93198132308208,395.055005316972,74.93198132308208,390.055005316972,84.93198132308208,400.055005316972,1.0
10,999,80.14031763128833,396.1978744387913,75.14031763128833,391.1978744387913,85.14031763128833,401.1978744387913,1.0
10,1000,80.02216818065111,396.7517205712815,75.02216818065111,391.7517205712815,85.02216818065111,401.7517205712815,1.0
10,1001,79.71060998329048,396.3312843692196,74.71060998329048,391.3312843692196,84.71060998329048,401.3312843692196,1.0
10,1002,79.1931432074393,395.5340259236284,74.1931432074393,390.5340259236284,84.1931432074393,400.5340259236284,1.0
10,1003,79.57086404471723,395.1790772582989,74.57086404471723,390.1790772582989,84.57086404471723,400.1790772582989,1.0
10,1004,78.98771720434212,395.4907875419483,73.98771720434212,390.4907875419483,83.98771720434212,400.4907875419483,1.0
10,1005,78.42449138833057,395.59702749816176,73.42449138833057,390.59702749816176,83.42449138833057,400.59702749816176,1.0
10,1006,77.19528136688214,395.4206508075854,72.19528136688214,390.4206508075854,82.19528136688214,400.4206508075854,1.0
10,1007,77.41364576441455,394.9082888838677,72.41364576441455,389.9082888838677,82.41364576441455,399.9082888838677,1.0
10,1008,77.05874940544749,395.55320620321544,72.05874940544749,390.55320620321544,82.05874940544749,400.55320620321544,1.0
10,1009,77.58864013619409,395.44077954087345,72.58864013619409,390.44077954087345,82.58864013619409,400.44077954087345,1.0
10,1010,78.57699913274313,394.78924203277717,73.57699913274313,389.78924203277717,83.57699913274313,399.78924203277717,1.0
10,1011,80.13583334474808,394.1244720967983,75.13583334474808,389.1244720967983,85.13583334474808,399.1244720967983,1.0
10,1012,81.81282146342,393.6092011022659,76.81282146342,388.6092011022659,86.81282146342,398.6092011022659,1.0
10,1013,81.03973778203205,393.35933939759195,76.03973778203205,388.35933939759195,86.03973778203205,398.35933939759195,1.0
10,1014,80.83740410647836,393.0772118870734,75.83740410647836,388.0772118870734,85.83740410647836,398.0772118870734,1.0
10,1015,80.48449247797785,392.6784009587617,75.48449247797785,387.6784009587617,85.48449247797785,397.6784009587617,1.0
10,1016,81.94378974363788,391.37324148200804,76.94378974363788,386.37324148200804,86.94378974363788,396.37324148200804,1.0
10,1017,82.15751129784225,391.3637281999862,77.15751129784225,386.3637281999862,87.15751129784225,396.3637281999862,1.0
10,1018,82.64350037090479,392.3732872823085,77.64350037090479,387.3732872823085,87.64350037090479,397.3732872823085,1.0
10,1019,82.3074381430886,391.9739806539018,77.3074381430886,386.9739806539018,87.3074381430886,396.9739806539018,1.0
10,1020,81.51740758039605,391.79554430379494,76.51740758039605,386.79554430379494,86.51740758039605,396.79554430379494,1.0
10,1021,81.56792397189831,391.02155805820826,76.56792397189831,386.02155805820826,86.56792397189831,396.02155805820826,1.0
10,1022,80.6291084490007,390.22972382052814,75.6291084490007,385.22972382052814,85.6291084490007,395.22972382052814,1.0
10,1023,79.99327095712266,389.43804483148597,74.99327095712266,384.43804483148597,84.99327095712266,394.43804483148597,1.0
10,1024,78.44372623920002,389.02869185654885,73.44372623920002,384.02869185654885,83.44372623920002,394.02869185654885,1.0
10,1025,77.42210732523357,388.22853538407867,72.42210732523357,383.22853538407867,82.42210732523357,393.22853538407867,1.0
10,1026,78.16677349159052,388.482671739495,73.16677349159052,383.482671739495,83.16677349159052,393.482671739495,1.0
10,1027,78.44389959004602,388.18694610092246,73.44389959004602,383.18694610092246,83.44389959004602,393.18694610092246,1.0
10,1028,78.07142167559186,388.0883731186204,73.07142167559186,383.0883731186204,83.07142167559186,393.0883731186204,1.0
10,1029,76.94646294643114,388.7365266855033,71.94646294643114,383.7365266855033,81.94646294643114,393.7365266855033,1.0
10,1030,76.63770915129365,389.86605987064905,71.63770915129365,384.86605987064905,81.63770915129365,394.86605987064905,1.0
10,1031,75.90914390622027,390.0895042419563,70.90914390622027,385.0895042419563,80.90914390622027,395.0895042419563,1.0
10,1032,75.1215913552008,390.6495883813794,70.1215913552008,385.6495883813794,80.1215913552008,395.6495883813794,1.0
10,1033,74.87944841651566,391.586991240546,69.87944841651566,386.586991240546,79.87944841651566,396.586991240546,1.0
10,1034,76.05827430169089,392.3564840312361,71.05827430169089,387.3564840312361,81.05827430169089,397.3564840312361,1.0
10,1035,77.0414789588233,392.13345045956254,72.0414789588233,387.13345045956254,82.0414789588233,397.13345045956254,1.0
10,1036,77.2619683074842,391.3259855594649,72.2619683074842,386.3259855594649,82.2619683074842,396.3259855594649,1.0
10,1037,77.53295387689506,390.9324650278278,72.53295387689506,385.9324650278278,82.53295387689506,395.9324650278278,1.0
10,1038,77.98252026752513,391.23069848345375,72.98252026752513,386.23069848345375,82.98252026752513,396.23069848345375,1.0
10,1039,77.4058423151766,391.487084810458,72.4058423151766,386.487084810458,82.4058423151766,396.487084810458,1.0
10,1040,76.55058037828012,391.9445487243381,71.55058037828012,386.9445487243381,81.55058037828012,396.9445487243381,1.0
10,1041,75.70412263907765,392.7654435807632,70.70412263907765,387.7654435807632,80.70412263907765,397.7654435807632,1.0
10,1042,74.95851193342828,393.09906899202383,69.95851193342828,388.09906899202383,79.95851193342828,398.09906899202383,1.0
10,1043,74.07276783694516,393.24997395866313,69.07276783694516,388.24997395866313,79.07276783694516,398.24997395866313,1.0
10,1044,73.79423621355718,393.5165466355783,68.79423621355718,388.5165466355783,78.79423621355718,398.5165466355783,1.0
10,1045,73.11860535501727,394.2880978702412,68.11860535501727,389.2880978702412,78.11860535501727,399.2880978702412,1.0
10,1046,71.7903417785941,395.5577404234839,66.7903417785941,390.5577404234839,76.7903417785941,400.5577404234839,1.0
10,1047,70.68728915754522,396.6253095921603,65.68728915754522,391.6253095921603,75.68728915754522,401.6253095921603,1.0
10,1048,71.38639372663867,396.61105165101856,66.38639372663867,391.61105165101856,76.38639372663867,401.61105165101856,1.0
10,1049,72.90706109003851,397.2207953754673,67.90706109003851,392.2207953754673,77.90706109003851,402.2207953754673,1.0
10,1050,73.19192761021773,396.55995534713,68.19192761021773,391.55995534713,78.19192761021773,401.55995534713,1.0
10,1051,73.21205063830455,395.4922355288705,68.21205063830455,390.4922355288705,78.21205063830455,400.4922355288705,1.0
10,1052,72.89543096373912,395.27076248427574,67.89543096373912,390.27076248427574,77.89543096373912,400.27076248427574,1.0
10,1053,72.09855788862613,395.101835436417,67.09855788862613,390.101835436417,77.09855788862613,400.101835436417,1.0
10,1054,70.85809263404111,394.86948947027344,65.85809263404111,389.86948947027344,75.85809263404111,399.86948947027344,1.0
10,1055,70.07299287022752,393.68355270644446,65.07299287022752,388.68355270644446,75.07299287022752,398.68355270644446,1.0
10,1056,69.58152773764525,391.7242342240186,64.58152773764525,386.7242342240186,74.58152773764525,396.7242342240186,1.0
10,1057,69.05658576421075,391.0235220212796,64.05658576421075,386.0235220212796,74.05658576421075,396.0235220212796,1.0
10,1058,68.51731979765538,390.0677746789397,63.517319797655375,385.0677746789397,73.51731979765538,395.0677746789397,1.0
10,1059,69.03969423996101,390.0273546550999,64.03969423996101,385.0273546550999,74.03969423996101,395.0273546550999,1.0
10,1060,70.33863692632171,389.52590952589856,65.33863692632171,384.52590952589856,75.33863692632171,394.52590952589856,1.0
10,1061,71.97540212228903,388.9518507051588,66.97540212228903,383.9518507051588,76.97540212228903,393.9518507051588,1.0
10,1062,72.81850043282752,389.05229686825675,67.81850043282752,384.05229686825675,77.81850043282752,394.05229686825675,1.0
10,1063,73.72996408132929,389.17221306059866,68.72996408132929,384.17221306059866,78.72996408132929,394.17221306059866,1.0
10,1064,72.28937083723025,388.94523860288945,67.28937083723025,383.94523860288945,77.28937083723025,393.94523860288945,1.0
10,1065,71.34532778037588,389.62267043613747,66.34532778037588,384.62267043613747,76.34532778037588,394.62267043613747,1.0
10,1066,70.02318325599126,391.38687927803204,65.02318325599126,386.38687927803204,75.02318325599126,396.38687927803204,1.0
10,1067,69.97843739237607,392.82007292693345,64.97843739237607,387.82007292693345,74.97843739237607,397.82007292693345,1.0
10,1068,68.88065562837568,394.1859441537357,63.88065562837568,389.1859441537357,73.88065562837568,399.1859441537357,1.0
10,1069,68.73532719291697,395.43186754468536,63.73532719291697,390.43186754468536,73.73532719291697,400.43186754468536,1.0
10,1070,68.68407779111628,395.6487701450973,63.68407779111628,390.6487701450973,73.68407779111628,400.6487701450973,1.0
10,1071,68.74759957625616,394.3303363869166,63.747599576256164,389.3303363869166,73.74759957625616,399.3303363869166,1.0
10,1072,69.88666110664748,393.0684724320475,64.88666110664748,388.0684724320475,74.88666110664748,398.0684724320475,1.0
10,1073,71.34807041124397,393.1163762802348,66.34807041124397,388.1163762802348,76.34807041124397,398.1163762802348,1.0
10,1074,71.55073387387485,393.22140850743693,66.55073387387485,388.22140850743693,76.55073387387485,398.22140850743693,1.0
10,1075,71.49203859727538,393.55204148248004,66.49203859727538,388.55204148248004,76.49203859727538,398.55204148248004,1.0
10,1076,70.3886888456622,392.8743419592161,65.3886888456622,387.8743419592161,75.3886888456622,397.8743419592161,1.0
10,1077,68.76683837800222,392.7382213419137,63.76683837800222,387.7382213419137,73.76683837800222,397.7382213419137,1.0
10,1078,67.42738471623312,392.71861276525135,62.42738471623312,387.71861276525135,72.42738471623312,397.71861276525135,1.0
10,1079,67.13541031247883,393.2856762202072,62.135410312478825,388.2856762202072,72.13541031247883,398.2856762202072,1.0
10,1080,68.02029051285108,392.71637833874996,63.020290512851076,387.71637833874996,73.02029051285108,397.71637833874996,1.0
10,1081,67.61132753779285,392.69854494312733,62.611327537792846,387.69854494312733,72.61132753779285,397.69854494312733,1.0
10,1082,67.75694010416707,392.82796087701735,62.75694010416707,387.82796087701735,72.75694010416707,397.82796087701735,1.0
10,1083,68.08821059534489,392.7106631182032,63.08821059534489,387.7106631182032,73.08821059534489,397.7106631182032,1.0
10,1084,69.16742144699566,392.5852634256422,64.16742144699566,387.5852634256422,74.16742144699566,397.5852634256422,1.0
10,1085,69.57694090192187,393.0000218250637,64.57694090192187,388.0000218250637,74.57694090192187,398.0000218250637,1.0
10,1086,69.80204809048003,392.4937690480774,64.80204809048003,387.4937690480774,74.80204809048003,397.4937690480774,1.0
10,1087,69.67518640325481,392.6106129881635,64.67518640325481,387.6106129881635,74.67518640325481,397.6106129881635,1.0
10,1088,69.43939404916819,393.188791699357,64.43939404916819,388.188791699357,74.43939404916819,398.188791699357,1.0
10,1089,70.18774347303643,394.7439438800476,65.18774347303643,389.7439438800476,75.18774347303643,399.7439438800476,1.0
10,1090,70.02452697648675,395.02080283893963,65.02452697648675,390.02080283893963,75.02452697648675,400.02080283893963,1.0
10,1091,70.30158621775811,394.9648177763572,65.30158621775811,389.9648177763572,75.30158621775811,399.9648177763572,1.0
10,1092,69.83830516532525,395.49478928183544,64.83830516532525,390.49478928183544,74.83830516532525,400.49478928183544,1.0
10,1093,70.09804736673485,395.9293885253058,65.09804736673485,390.9293885253058,75.09804736673485,400.9293885253058,1.0
10,1094,71.02222728881891,396.18497614986245,66.02222728881891,391.18497614986245,76.02222728881891,401.18497614986245,1.0
10,1095,70.3244882606829,396.4065843151428,65.3244882606829,391.4065843151428,75.3244882606829,401.4065843151428,1.0
10,1096,70.34849929032957,397.23019123405936,65.34849929032957,392.23019123405936,75.34849929032957,402.23019123405936,1.0
10,1097,70.14353969208409,397.7342826183014,65.14353969208409,392.7342826183014,75.14353969208409,402.7342826183014,1.0
10,1098,70.09026544932672,396.531172149498,65.09026544932672,391.531172149498,75.09026544932672,401.531172149498,1.0
10,1099,70.80289812871752,394.7937893891,65.80289812871752,389.7937893891,75.80289812871752,399.7937893891,1.0
10,1100,71.34062460562303,394.04211016969174,66.34062460562303,389.04211016969174,76.34062460562303,399.04211016969174,1.0
10,1101,71.78114036530454,394.41256445391775,66.78114036530454,389.41256445391775,76.78114036530454,399.41256445391775,1.0
10,1102,71.76986086923743,394.7140034111844,66.76986086923743,389.7140034111844,76.76986086923743,399.7140034111844,1.0
10,1103,72.15655599476258,395.2275884576376,67.15655599476258,390.2275884576376,77.15655599476258,400.2275884576376,1.0
10,1104,72.03284878218395,395.2905982902487,67.03284878218395,390.2905982902487,77.03284878218395,400.2905982902487,1.0
10,1105,71.09514733817647,395.6219374592573,66.09514733817647,390.6219374592573,76.09514733817647,400.6219374592573,1.0
10,1106,70.38997900914268,396.41724527520387,65.38997900914268,391.41724527520387,75.38997900914268,401.41724527520387,1.0
10,1107,69.80739459809556,396.9694244499185,64.80739459809556,391.9694244499185,74.80739459809556,401.9694244499185,1.0
10,1108,70.44500341841172,396.84537112904394,65.44500341841172,391.84537112904394,75.44500341841172,401.84537112904394,1.0
10,1109,71.49771022130575,396.35343387459943,66.49771022130575,391.35343387459943,76.49771022130575,401.35343387459943,1.0
10,1110,72.136631889384,395.03582109954334,67.136631889384,390.03582109954334,77.136631889384,400.03582109954334,1.0
10,1111,73.06329370075984,395.3966780356554,68.06329370075984,390.3966780356554,78.06329370075984,400.3966780356554,1.0
10,1112,73.19798557984903,396.3427129663998,68.19798557984903,391.3427129663998,78.19798557984903,401.3427129663998,1.0
10,1113,73.54185700551214,397.0832459480684,68.54185700551214,392.0832459480684,78.54185700551214,402.0832459480684,1.0
10,1114,74.26541863217972,396.8396937022817,69.26541863217972,391.8396937022817,79.26541863217972,401.8396937022817,1.0
10,1115,74.0667965390827,396.45634598385993,69.0667965390827,391.45634598385993,79.0667965390827,401.45634598385993,1.0
10,1116,73.53783957410361,396.6396774855939,68.53783957410361,391.6396774855939,78.53783957410361,401.6396774855939,1.0
10,1117,74.14431850645882,396.4524609915626,69.14431850645882,391.4524609915626,79.14431850645882,401.4524609915626,1.0
10,1118,73.58419166884875,395.2394320997772,68.58419166884875,390.2394320997772,78.58419166884875,400.2394320997772,1.0
10,1119,73.77443786038137,393.9101386021121,68.77443786038137,388.9101386021121,78.77443786038137,398.9101386021121,1.0
10,1120,74.20377590498829,394.032366057864,69.20377590498829,389.032366057864,79.20377590498829,399.032366057864,1.0
10,1121,74.06845107851932,393.63445738924855,69.06845107851932,388.63445738924855,79.06845107851932,398.63445738924855,1.0
10,1122,73.52774308941243,393.12626092251213,68.52774308941243,388.12626092251213,78.52774308941243,398.12626092251213,1.0
10,1123,73.84421188389719,393.4492707255474,68.84421188389719,388.4492707255474,78.84421188389719,398.4492707255474,1.0
10,1124,73.52055825544261,393.1035200456648,68.52055825544261,388.1035200456648,78.52055825544261,398.1035200456648,1.0
10,1125,73.20055868607496,392.9698287688323,68.20055868607496,387.9698287688323,78.20055868607496,397.9698287688323,1.0
10,1126,73.19926788314547,392.19801528246506,68.19926788314547,387.19801528246506,78.19926788314547,397.19801528246506,1.0
10,1127,73.90889172094361,391.1402890132342,68.90889172094361,386.1402890132342,78.90889172094361,396.1402890132342,1.0
10,1128,73.23045255271472,391.0767199568235,68.23045255271472,386.0767199568235,78.23045255271472,396.0767199568235,1.0
10,1129,72.93784121627833,390.68932463072656,67.93784121627833,385.68932463072656,77.93784121627833,395.68932463072656,1.0
10,1130,72.9809159479417,389.4191884633489,67.9809159479417,384.4191884633489,77.9809159479417,394.4191884633489,1.0
10,1131,72.7145779476543,388.08373193430214,67.7145779476543,383.08373193430214,77.7145779476543,393.08373193430214,1.0
10,1132,71.66057223079429,386.8504367000421,66.66057223079429,381.8504367000421,76.66057223079429,391.8504367000421,1.0
10,1133,70.9277743411908,386.17310761480326,65.9277743411908,381.17310761480326,75.9277743411908,391.17310761480326,1.0
10,1134,70.22001986145995,385.4326821434772,65.22001986145995,380.4326821434772,75.22001986145995,390.4326821434772,1.0
10,1135,70.8777365367776,384.84469111551846,65.8777365367776,379.84469111551846,75.8777365367776,389.84469111551846,1.0
10,1136,71.05844569218327,383.81139938605133,66.05844569218327,378.81139938605133,76.05844569218327,388.81139938605133,1.0
10,1137,71.04384290900757,382.7584519233382,66.04384290900757,377.7584519233382,76.04384290900757,387.7584519233382,1.0
10,1138,71.72797854908451,382.3240905604278,66.72797854908451,377.3240905604278,76.72797854908451,387.3240905604278,1.0
10,1139,72.20743499980455,381.96221929389384,67.20743499980455,376.96221929389384,77.20743499980455,386.96221929389384,1.0
10,1140,72.1442858832836,382.0278625646268,67.1442858832836,377.0278625646268,77.1442858832836,387.0278625646268,1.0
10,1141,71.2824485690099,382.3619373867561,66.2824485690099,377.3619373867561,76.2824485690099,387.3619373867561,1.0
10,1142,69.74455280946404,382.7159994216607,64.74455280946404,377.7159994216607,74.74455280946404,387.7159994216607,1.0
10,1143,67.11980723583511,382.23467884175597,62.11980723583511,377.23467884175597,72.11980723583511,387.23467884175597,1.0
10,1144,66.19420937972136,382.1554363985802,61.19420937972136,377.1554363985802,71.19420937972136,387.1554363985802,1.0
10,1145,67.11526750228084,381.3560954621577,62.115267502280844,376.3560954621577,72.11526750228084,386.3560954621577,1.0
11,739,246.0,246.0,241.0,241.0,251.0,251.0,1.0
11,740,246.53069640130022,247.0140588135795,241.53069640130022,242.0140588135795,251.53069640130022,252.0140588135795,1.0
11,741,246.8234312741876,246.8914758268204,241.8234312741876,241.8914758268204,251.8234312741876,251.8914758268204,1.0
11,742,246.5105637171036,246.99083392810107,241.5105637171036,241.99083392810107,251.5105637171036,251.99083392810107,1.0
11,743,246.69739737723285,246.33932798160612,241.69739737723285,241.33932798160612,251.69739737723285,251.33932798160612,1.0
11,744,246.84943442772328,246.5599053183325,241.84943442772328,241.5599053183325,251.84943442772328,251.5599053183325,1.0
11,745,245.76840537620802,246.31904330772204,240.76840537620802,241.31904330772204,250.76840537620802,251.31904330772204,1.0
11,746,245.28935214860962,245.48160842312444,240.28935214860962,240.48160842312444,250.28935214860962,250.48160842312444,1.0
11,747,244.47677397173723,245.13618463965017,239.47677397173723,240.13618463965017,249.47677397173723,250.13618463965017,1.0
11,748,243.67855203997274,244.72619061369716,238.67855203997274,239.72619061369716,248.67855203997274,249.72619061369716,1.0
11,749,242.3189604515758,244.5430162497652,237.3189604515758,239.5430162497652,247.3189604515758,249.5430162497652,1.0
11,750,240.95248647464686,244.92708439722279,235.95248647464686,239.92708439722279,245.95248647464686,249.92708439722279,1.0
11,751,241.22756093880207,245.19519614128617,236.22756093880207,240.19519614128617,246.22756093880207,250.19519614128617,1.0
11,752,240.62270325195206,244.60495640510854,235.62270325195206,239.60495640510854,245.62270325195206,249.60495640510854,1.0
11,753,241.21817843516868,245.05313944351022,236.21817843516868,240.05313944351022,246.21817843516868,250.05313944351022,1.0
11,754,241.63918286409609,246.01619938937188,236.63918286409609,241.01619938937188,246.63918286409609,251.01619938937188,1.0
11,755,241.8915131275461,247.6936725758985,236.8915131275461,242.6936725758985,246.8915131275461,252.6936725758985,1.0
11,756,242.54526574480138,249.97199661925788,237.54526574480138,244.97199661925788,247.54526574480138,254.97199661925788,1.0
11,757,243.19379098444597,251.5216440232021,238.19379098444597,246.5216440232021,248.19379098444597,256.5216440232021,1.0
11,758,242.85041716346197,251.96279681133535,237.85041716346197,246.96279681133535,247.85041716346197,256.96279681133535,1.0
11,759,243.79759173746572,252.43322645989656,238.79759173746572,247.43322645989656,248.79759173746572,257.43322645989656,1.0
11,760,244.32646079713905,252.4119769234203,239.32646079713905,247.4119769234203,249.32646079713905,257.4119769234203,1.0
11,761,244.82106904735608,252.18174292899812,239.82106904735608,247.18174292899812,249.82106904735608,257.1817429289981,1.0
11,762,246.12005326111966,252.509878790997,241.12005326111966,247.509878790997,251.12005326111966,257.509878790997,1.0
11,763,245.446191926777,253.68127924359806,240.446191926777,248.68127924359806,250.446191926777,258.68127924359806,1.0
11,764,244.49627798628225,255.29646622520144,239.49627798628225,250.29646622520144,249.49627798628225,260.29646622520147,1.0
11,765,244.22781499393597,255.4967474033618,239.22781499393597,250.4967474033618,249.22781499393597,260.49674740336184,1.0
11,766,245.46562106877394,255.72906883911054,240.46562106877394,250.72906883911054,250.46562106877394,260.72906883911054,1.0
11,767,245.46830646901466,255.89652926059568,240.46830646901466,250.89652926059568,250.46830646901466,260.8965292605957,1.0
11,768,245.0211307330513,256.0337274153091,240.0211307330513,251.0337274153091,250.0211307330513,261.0337274153091,1.0
11,769,244.86293903413457,256.02797781538504,239.86293903413457,251.02797781538504,249.86293903413457,261.02797781538504,1.0
11,770,244.3809985142508,255.78173552353744,239.3809985142508,250.78173552353744,249.3809985142508,260.78173552353746,1.0
11,771,244.43471307988614,256.35836445173123,239.43471307988614,251.35836445173123,249.43471307988614,261.35836445173123,1.0
11,772,245.13700851753694,257.73997643177347,240.13700851753694,252.73997643177347,250.13700851753694,262.73997643177347,1.0
11,773,245.80316442268614,259.0052519544839,240.80316442268614,254.00525195448392,250.80316442268614,264.0052519544839,1.0
11,774,246.28458312904465,259.5694794218972,241.28458312904465,254.5694794218972,251.28458312904465,264.5694794218972,1.0
11,775,245.0433064430811,258.83745038719724,240.0433064430811,253.83745038719724,250.0433064430811,263.83745038719724,1.0
11,776,243.506419628587,259.42227583734393,238.506419628587,254.42227583734393,248.506419628587,264.42227583734393,1.0
11,777,243.51399915053506,259.99940875803344,238.51399915053506,254.99940875803344,248.51399915053506,264.99940875803344,1.0
11,778,244.93137125138273,259.5347094966616,239.93137125138273,254.5347094966616,249.93137125138273,264.5347094966616,1.0
11,779,246.83216027576557,258.8162888172283,241.83216027576557,253.81628881722833,251.83216027576557,263.8162888172283,1.0
11,780,247.46783493201283,258.46835227210295,242.46783493201283,253.46835227210295,252.46783493201283,263.46835227210295,1.0
11,781,248.2857742137499,258.0203165066434,243.2857742137499,253.02031650664338,253.2857742137499,263.0203165066434,1.0
11,782,248.25989362027659,256.5253435318734,243.25989362027659,251.52534353187338,253.25989362027659,261.5253435318734,1.0
11,783,248.15659390720276,256.26311979078645,243.15659390720276,251.26311979078645,253.15659390720276,261.26311979078645,1.0
11,784,247.4511460295855,256.24622490158504,242.4511460295855,251.24622490158504,252.4511460295855,261.24622490158504,1.0
11,785,246.02632242670802,256.0280058201262,241.02632242670802,251.02800582012622,251.02632242670802,261.0280058201262,1.0
11,786,244.1191124208087,256.5456590014983,239.1191124208087,251.54565900149828,249.1191124208087,261.5456590014983,1.0
11,787,243.97318040157992,256.88191255666965,238.97318040157992,251.88191255666965,248.97318040157992,261.88191255666965,1.0
11,788,244.132363943576,257.13820169329693,239.132363943576,252.13820169329693,249.132363943576,262.13820169329693,1.0
11,789,243.63849051993125,256.63300921127444,238.63849051993125,251.63300921127444,248.63849051993125,261.63300921127444,1.0
11,790,244.027787972853,255.2394804457318,239.027787972853,250.2394804457318,249.027787972853,260.23948044573183,1.0
11,791,243.41817266310153,254.89917195561466,238.41817266310153,249.89917195561466,248.41817266310153,259.89917195561463,1.0
11,792,243.3428704209962,254.53783590120736,238.3428704209962,249.53783590120736,248.3428704209962,259.53783590120736,1.0
11,793,243.60046246310372,254.25960593451475,238.60046246310372,249.25960593451475,248.60046246310372,259.25960593451475,1.0
11,794,243.24486960096627,254.43640732622458,238.24486960096627,249.43640732622458,248.24486960096627,259.4364073262246,1.0
11,795,242.01625080030868,255.19282648833376,237.01625080030868,250.19282648833376,247.01625080030868,260.19282648833376,1.0
11,796,241.9775886340044,255.51377073930811,236.9775886340044,250.51377073930811,246.9775886340044,260.51377073930814,1.0
11,797,241.85374959929914,255.70125695814642,236.85374959929914,250.70125695814642,246.85374959929914,260.7012569581464,1.0
11,798,241.84401764866448,256.4438346383532,236.84401764866448,251.44383463835322,246.84401764866448,261.4438346383532,1.0
11,799,242.6232016675288,256.51738050860115,237.6232016675288,251.51738050860115,247.6232016675288,261.51738050860115,1.0
11,800,244.13086407333225,256.05287718171667,239.13086407333225,251.05287718171667,249.13086407333225,261.05287718171667,1.0
11,801,244.76248159244292,256.20038762331325,239.76248159244292,251.20038762331325,249.76248159244292,261.20038762331325,1.0
11,802,244.93191446080687,255.8271203582109,239.93191446080687,250.8271203582109,249.93191446080687,260.8271203582109,1.0
11,803,244.85556565434106,255.41782881236506,239.85556565434106,250.41782881236506,249.85556565434106,260.4178288123651,1.0
11,804,244.86707680753193,255.36205926422045,239.86707680753193,250.36205926422045,249.86707680753193,260.3620592642204,1.0
11,805,244.91863946178933,254.31306264945164,239.91863946178933,249.31306264945164,249.91863946178933,259.31306264945164,1.0
11,806,244.59972285633646,254.11781219692395,239.59972285633646,249.11781219692395,249.59972285633646,259.117812196924,1.0
11,807,244.41676791888705,253.76760335153608,239.41676791888705,248.76760335153608,249.41676791888705,258.7676033515361,1.0
11,808,243.04924652383224,252.8931232807625,238.04924652383224,247.8931232807625,248.04924652383224,257.8931232807625,1.0
11,809,242.55724246531375,251.7851946625151,237.55724246531375,246.7851946625151,247.55724246531375,256.7851946625151,1.0
11,810,242.26018092894444,250.22273868985803,237.26018092894444,245.22273868985803,247.26018092894444,255.22273868985803,1.0
11,811,243.03670121990226,248.94234347147426,238.03670121990226,243.94234347147426,248.03670121990226,253.94234347147426,1.0
11,812,244.37569000176228,248.8373170298421,239.37569000176228,243.8373170298421,249.37569000176228,253.8373170298421,1.0
11,813,244.2928818050589,249.0295508319964,239.2928818050589,244.0295508319964,249.2928818050589,254.0295508319964,1.0
11,814,245.16961543745992,248.66575673779383,240.16961543745992,243.66575673779383,250.16961543745992,253.66575673779383,1.0
11,815,246.5568709611301,249.09830416037855,241.5568709611301,244.09830416037855,251.5568709611301,254.09830416037855,1.0
11,816,246.2400672977496,249.87113512589127,241.2400672977496,244.87113512589127,251.2400672977496,254.87113512589127,1.0
11,817,245.94380553531656,251.4275243073409,240.94380553531656,246.4275243073409,250.94380553531656,256.4275243073409,1.0
11,818,247.07020775059033,252.66058443793253,242.07020775059033,247.66058443793253,252.07020775059033,257.6605844379325,1.0
11,819,249.0762583651645,253.58644503161008,244.0762583651645,248.58644503161008,254.0762583651645,258.5864450316101,1.0
11,820,248.94095413772442,253.39911266200798,243.94095413772442,248.39911266200798,253.94095413772442,258.39911266200795,1.0
11,821,248.84979382873675,253.3321416937295,243.84979382873675,248.3321416937295,253.84979382873675,258.3321416937295,1.0
11,822,249.18068618474553,253.21472024097696,244.18068618474553,248.21472024097696,254.18068618474553,258.21472024097693,1.0
11,823,249.55305577835648,252.53513899125505,244.55305577835648,247.53513899125505,254.55305577835648,257.53513899125505,1.0
11,824,249.42471556015778,251.25110015794084,244.42471556015778,246.25110015794084,254.42471556015778,256.25110015794087,1.0
11,825,249.139618794678,250.486186123972,244.139618794678,245.486186123972,254.139618794678,255.486186123972,1.0
11,826,248.18417795544815,249.61673587787902,243.18417795544815,244.61673587787902,253.18417795544815,254.61673587787902,1.0
11,827,248.32304787638873,249.63984774135733,243.32304787638873,244.63984774135733,253.32304787638873,254.63984774135733,1.0
11,828,247.76670857463964,249.9223801620053,242.76670857463964,244.9223801620053,252.76670857463964,254.9223801620053,1.0
11,829,246.744622927953,249.9318674411105,241.744622927953,244.9318674411105,251.744622927953,254.9318674411105,1.0
11,830,246.16274267610484,249.15464104619917,241.16274267610484,244.15464104619917,251.16274267610484,254.15464104619917,1.0
11,831,246.34859989873834,248.54293674576124,241.34859989873834,243.54293674576124,251.34859989873834,253.54293674576124,1.0
11,832,248.8525408807965,247.84625636252593,243.8525408807965,242.84625636252593,253.8525408807965,252.84625636252593,1.0
11,833,250.8550225689061,246.81035706670338,245.8550225689061,241.81035706670338,255.8550225689061,251.81035706670338,1.0
11,834,252.1036454360947,245.67015797851946,247.1036454360947,240.67015797851946,257.10364543609467,250.67015797851946,1.0
11,835,252.76674277409126,244.38611857485873,247.76674277409126,239.38611857485873,257.76674277409126,249.38611857485873,1.0
11,836,251.80058073684913,243.51416459292483,246.80058073684913,238.51416459292483,256.80058073684916,248.51416459292483,1.0
11,837,250.34387935619168,242.99126934340595,245.34387935619168,237.99126934340595,255.34387935619168,247.99126934340595,1.0
11,838,249.23805986400518,242.93107454900922,244.23805986400518,237.93107454900922,254.23805986400518,247.93107454900922,1.0
11,839,247.60398560797944,243.1020683946018,242.60398560797944,238.1020683946018,252.60398560797944,248.1020683946018,1.0
11,840,246.54686592983472,242.59324646840605,241.54686592983472,237.59324646840605,251.54686592983472,247.59324646840605,1.0
11,841,245.14374740480733,243.1752439943057,240.14374740480733,238.1752439943057,250.14374740480733,248.1752439943057,1.0
11,842,244.08805365049906,243.3339463424051,239.08805365049906,238.3339463424051,249.08805365049906,248.3339463424051,1.0
11,843,244.3136536765183,243.73656335622732,239.3136536765183,238.73656335622732,249.3136536765183,248.73656335622732,1.0
11,844,244.51529464576927,243.26453627033484,239.51529464576927,238.26453627033484,249.51529464576927,248.26453627033484,1.0
11,845,244.739875765901,244.25050314039947,239.739875765901,239.25050314039947,249.739875765901,249.25050314039947,1.0
11,846,245.2541931312183,245.17720710793157,240.2541931312183,240.17720710793157,250.2541931312183,250.17720710793157,1.0
11,847,245.3144421405319,245.76123392171925,240.3144421405319,240.76123392171925,250.3144421405319,250.76123392171925,1.0
11,848,245.20146834061168,245.4646775145745,240.20146834061168,240.4646775145745,250.20146834061168,250.4646775145745,1.0
11,849,245.81043648412515,244.59862742862634,240.81043648412515,239.59862742862634,250.81043648412515,249.59862742862634,1.0
11,850,246.08214227490984,244.7158564681516,241.08214227490984,239.7158564681516,251.08214227490984,249.7158564681516,1.0
11,851,245.99945005099514,244.06728577560108,240.99945005099514,239.06728577560108,250.99945005099514,249.06728577560108,1.0
11,852,245.5115095517712,243.81847554410524,240.5115095517712,238.81847554410524,250.5115095517712,248.81847554410524,1.0
11,853,246.19902736401602,243.67617545574578,241.19902736401602,238.67617545574578,251.19902736401602,248.67617545574578,1.0
11,854,245.9859541009938,244.43081833260908,240.9859541009938,239.43081833260908,250.9859541009938,249.43081833260908,1.0
11,855,245.5681404268477,245.2825418061779,240.5681404268477,240.2825418061779,250.5681404268477,250.2825418061779,1.0
11,856,244.80230474691328,245.60952027908925,239.80230474691328,240.60952027908925,249.80230474691328,250.60952027908925,1.0
11,857,244.02421161615345,246.15170235568536,239.02421161615345,241.15170235568536,249.02421161615345,251.15170235568536,1.0
11,858,243.05694633378965,245.75406192550187,238.05694633378965,240.75406192550187,248.05694633378965,250.75406192550187,1.0
11,859,242.28169532014817,244.8886403098341,237.28169532014817,239.8886403098341,247.28169532014817,249.8886403098341,1.0
11,860,241.51542658568258,243.01752340631563,236.51542658568258,238.01752340631563,246.51542658568258,248.01752340631563,1.0
11,861,241.82739695723063,241.8342413168643,236.82739695723063,236.8342413168643,246.82739695723063,246.8342413168643,1.0
11,862,241.4077268438717,241.0101389237763,236.4077268438717,236.0101389237763,246.4077268438717,246.0101389237763,1.0
11,863,241.67400190951986,240.63488760297537,236.67400190951986,235.63488760297537,246.67400190951986,245.63488760297537,1.0
11,864,241.83239097648135,240.5458276969777,236.83239097648135,235.5458276969777,246.83239097648135,245.5458276969777,1.0
11,865,242.49219948906887,239.7174077623376,237.49219948906887,234.7174077623376,247.49219948906887,244.7174077623376,1.0
11,866,243.45040574743425,239.1252402641298,238.45040574743425,234.1252402641298,248.45040574743425,244.1252402641298,1.0
11,867,243.68155048273445,238.95970011719942,238.68155048273445,233.95970011719942,248.68155048273445,243.95970011719942,1.0
11,868,243.79391715082767,238.44330638000898,238.79391715082767,233.44330638000898,248.79391715082767,243.44330638000898,1.0
11,869,243.99339892482288,238.5809418352325,238.99339892482288,233.5809418352325,248.99339892482288,243.5809418352325,1.0
11,870,243.79412707039725,238.53064830973412,238.79412707039725,233.53064830973412,248.79412707039725,243.53064830973412,1.0
11,871,242.571106177928,238.8980759545543,237.571106177928,233.8980759545543,247.571106177928,243.8980759545543,1.0
11,872,243.40597755080023,239.4049261631709,238.40597755080023,234.4049261631709,248.40597755080023,244.4049261631709,1.0
11,873,243.57996437480645,238.68792014412253,238.57996437480645,233.68792014412253,248.57996437480645,243.68792014412253,1.0
11,874,243.60789531869375,237.6852230286907,238.60789531869375,232.6852230286907,248.60789531869375,242.6852230286907,1.0
11,875,244.79637215452072,237.01421507884424,239.79637215452072,232.01421507884424,249.79637215452072,242.01421507884424,1.0
11,876,244.953298822687,236.44631696044928,239.953298822687,231.44631696044928,249.953298822687,241.44631696044928,1.0
11,877,245.35370782575006,236.70073619991814,240.35370782575006,231.70073619991814,250.35370782575006,241.70073619991814,1.0
11,878,245.62433966558248,236.37957566197656,240.62433966558248,231.37957566197656,250.62433966558248,241.37957566197656,1.0
11,879,246.06741159218856,236.18818086692818,241.06741159218856,231.18818086692818,251.06741159218856,241.18818086692818,1.0
11,880,245.2215751955923,236.64436093048843,240.2215751955923,231.64436093048843,250.2215751955923,241.64436093048843,1.0
11,881,245.02485934761904,237.722316903094,240.02485934761904,232.722316903094,250.02485934761904,242.722316903094,1.0
11,882,245.07936135198884,237.17465244101982,240.07936135198884,232.17465244101982,250.07936135198884,242.17465244101982,1.0
11,883,244.11707910974073,237.88778029138376,239.11707910974073,232.88778029138376,249.11707910974073,242.88778029138376,1.0
11,884,243.44048253348546,238.69422056214233,238.44048253348546,233.69422056214233,248.44048253348546,243.69422056214233,1.0
11,885,243.18570714460927,239.93188215569828,238.18570714460927,234.93188215569828,248.18570714460927,244.93188215569828,1.0
11,886,243.59796554441132,240.90187690615346,238.59796554441132,235.90187690615346,248.59796554441132,245.90187690615346,1.0
11,887,243.65246359347384,241.80930579396394,238.65246359347384,236.80930579396394,248.65246359347384,246.80930579396394,1.0
11,888,243.77549432718246,242.4008981434226,238.77549432718246,237.4008981434226,248.77549432718246,247.4008981434226,1.0
11,889,244.0404496572712,242.20191926588083,239.0404496572712,237.20191926588083,249.0404496572712,247.20191926588083,1.0
11,890,244.58778956370747,242.1794986231772,239.58778956370747,237.1794986231772,249.58778956370747,247.1794986231772,1.0
11,891,244.94537850415605,242.5352473952721,239.94537850415605,237.5352473952721,249.94537850415605,247.5352473952721,1.0
11,892,245.6028982397372,242.51047283805246,240.6028982397372,237.51047283805246,250.6028982397372,247.51047283805246,1.0
11,893,246.29324198340595,242.74170497149436,241.29324198340595,237.74170497149436,251.29324198340595,247.74170497149436,1.0
11,894,247.08604780516973,242.98801384757738,242.08604780516973,237.98801384757738,252.08604780516973,247.98801384757738,1.0
11,895,247.82019744289278,242.73033078941734,242.82019744289278,237.73033078941734,252.82019744289278,247.73033078941734,1.0
11,896,248.2033175020844,242.65724260506252,243.2033175020844,237.65724260506252,253.2033175020844,247.65724260506252,1.0
11,897,249.24388728284876,243.100577329849,244.24388728284876,238.100577329849,254.24388728284876,248.100577329849,1.0
11,898,249.63612388148658,243.49075321168027,244.63612388148658,238.49075321168027,254.63612388148658,248.49075321168027,1.0
11,899,250.2410403835881,243.4391951533981,245.2410403835881,238.4391951533981,255.2410403835881,248.4391951533981,1.0
11,900,249.76449305616575,242.8213487736743,244.76449305616575,237.8213487736743,254.76449305616575,247.8213487736743,1.0
11,901,249.56560720477873,242.86035646574368,244.56560720477873,237.86035646574368,254.56560720477873,247.86035646574368,1.0
11,902,249.66280356586603,242.52220209374204,244.66280356586603,237.52220209374204,254.66280356586603,247.52220209374204,1.0
11,903,250.26717521080673,241.477606649031,245.26717521080673,236.477606649031,255.26717521080673,246.477606649031,1.0
11,904,249.79454234552938,240.90959426754574,244.79454234552938,235.90959426754574,254.79454234552938,245.90959426754574,1.0
11,905,249.99986302175108,240.9235733428157,244.99986302175108,235.9235733428157,254.99986302175108,245.9235733428157,1.0
11,906,250.4136623811814,240.75613807422792,245.4136623811814,235.75613807422792,255.4136623811814,245.75613807422792,1.0
11,907,249.52466564773425,240.14802631047618,244.52466564773425,235.14802631047618,254.52466564773425,245.14802631047618,1.0
11,908,248.88917229187248,240.07912339235813,243.88917229187248,235.07912339235813,253.88917229187248,245.07912339235813,1.0
11,909,248.23060745107864,239.45026373571653,243.23060745107864,234.45026373571653,253.23060745107864,244.45026373571653,1.0
11,910,247.7950055100877,239.19354816749401,242.7950055100877,234.19354816749401,252.7950055100877,244.19354816749401,1.0
11,911,247.51455234433433,239.37206364415835,242.51455234433433,234.37206364415835,252.51455234433433,244.37206364415835,1.0
11,912,246.2597358797145,240.11989266416163,241.2597358797145,235.11989266416163,251.2597358797145,245.11989266416163,1.0
11,913,246.2890958573925,240.59163879523163,241.2890958573925,235.59163879523163,251.2890958573925,245.59163879523163,1.0
11,914,246.08026797222377,239.46512524825013,241.08026797222377,234.46512524825013,251.08026797222377,244.46512524825013,1.0
11,915,246.08566971174386,239.69625843702346,241.08566971174386,234.69625843702346,251.08566971174386,244.69625843702346,1.0
11,916,245.97151059259798,240.1444890247643,240.97151059259798,235.1444890247643,250.97151059259798,245.1444890247643,1.0
11,917,246.42825613221507,241.05927926175437,241.42825613221507,236.05927926175437,251.42825613221507,246.05927926175437,1.0
11,918,247.37624790242427,241.55136430274132,242.37624790242427,236.55136430274132,252.37624790242427,246.55136430274132,1.0
11,919,248.01223006368187,241.446513015627,243.01223006368187,236.446513015627,253.01223006368187,246.446513015627,1.0
11,920,247.73913934282209,242.32683325641983,242.73913934282209,237.32683325641983,252.73913934282209,247.32683325641983,1.0
11,921,247.3810525595196,243.335818809137,242.3810525595196,238.335818809137,252.3810525595196,248.335818809137,1.0
11,922,247.51485129245089,242.71625712269926,242.51485129245089,237.71625712269926,252.51485129245089,247.71625712269926,1.0
11,923,247.62752167035518,242.5560997101551,242.62752167035518,237.5560997101551,252.62752167035518,247.5560997101551,1.0
11,924,247.85229511670963,241.68208164154547,242.85229511670963,236.68208164154547,252.85229511670963,246.68208164154547,1.0
11,925,248.1684458726977,240.60353254067007,243.1684458726977,235.60353254067007,253.1684458726977,245.60353254067007,1.0
11,926,248.71017200164835,240.04587284811498,243.71017200164835,235.04587284811498,253.71017200164835,245.04587284811498,1.0
11,927,248.5414484984784,239.44304103906498,243.5414484984784,234.44304103906498,253.5414484984784,244.44304103906498,1.0
11,928,248.5181137481102,238.58852862693846,243.5181137481102,233.58852862693846,253.5181137481102,243.58852862693846,1.0
11,929,248.95982383981027,236.95476039512187,243.95982383981027,231.95476039512187,253.95982383981027,241.95476039512187,1.0
11,930,249.9277310068451,236.57905406393272,244.9277310068451,231.57905406393272,254.9277310068451,241.57905406393272,1.0
11,931,251.00079291220192,235.69601168399385,246.00079291220192,230.69601168399385,256.0007929122019,240.69601168399385,1.0
11,932,250.3704009783447,236.35650875926828,245.3704009783447,231.35650875926828,255.3704009783447,241.35650875926828,1.0
11,933,250.16743177313478,236.60881609260008,245.16743177313478,231.60881609260008,255.16743177313478,241.60881609260008,1.0
11,934,249.9847360613779,236.91291360148455,244.9847360613779,231.91291360148455,254.9847360613779,241.91291360148455,1.0
11,935,249.87374165644422,237.21760355173288,244.87374165644422,232.21760355173288,254.87374165644422,242.21760355173288,1.0
11,936,250.1453195738846,237.68073905125715,245.1453195738846,232.68073905125715,255.1453195738846,242.68073905125715,1.0
11,937,250.45932064165504,238.54176664859935,245.45932064165504,233.54176664859935,255.45932064165504,243.54176664859935,1.0
11,938,250.3528042866844,239.9204655336407,245.3528042866844,234.9204655336407,255.3528042866844,244.9204655336407,1.0
11,939,249.56148642286612,241.30539869002567,244.56148642286612,236.30539869002567,254.56148642286612,246.30539869002567,1.0
11,940,248.4573379590874,241.44551859693397,243.4573379590874,236.44551859693397,253.4573379590874,246.44551859693397,1.0
11,941,248.34885453799674,241.05873446527144,243.34885453799674,236.05873446527144,253.34885453799674,246.05873446527144,1.0
11,942,247.7562973385496,241.48765454620596,242.7562973385496,236.48765454620596,252.7562973385496,246.48765454620596,1.0
11,943,247.42904672186467,241.7091122409908,242.42904672186467,236.7091122409908,252.42904672186467,246.7091122409908,1.0
11,944,247.8725912174816,242.78869130443755,242.8725912174816,237.78869130443755,252.8725912174816,247.78869130443755,1.0
11,945,249.5098499677853,244.7121556602514,244.5098499677853,239.7121556602514,254.5098499677853,249.7121556602514,1.0
11,946,249.30913480588134,245.24670410697303,244.30913480588134,240.24670410697303,254.30913480588134,250.24670410697303,1.0
11,947,249.2317279143144,246.73734098585723,244.2317279143144,241.73734098585723,254.2317279143144,251.73734098585723,1.0
11,948,249.04228990396302,247.34033696599982,244.04228990396302,242.34033696599982,254.04228990396302,252.34033696599982,1.0
11,949,248.27977004019806,247.3331150228856,243.27977004019806,242.3331150228856,253.27977004019806,252.3331150228856,1.0
11,950,248.3665930131736,246.814763629489,243.3665930131736,241.814763629489,253.3665930131736,251.814763629489,1.0
11,951,248.2191505672562,247.12809302638024,243.2191505672562,242.12809302638024,253.2191505672562,252.12809302638024,1.0
11,952,247.98935424269976,248.6962367269033,242.98935424269976,243.6962367269033,252.98935424269976,253.6962367269033,1.0
11,953,247.16338677619467,249.42828570585618,242.16338677619467,244.42828570585618,252.16338677619467,254.42828570585618,1.0
11,954,247.2593385984379,250.8261915048721,242.2593385984379,245.8261915048721,252.2593385984379,255.8261915048721,1.0
11,955,247.32877025475932,251.95887497006558,242.32877025475932,246.95887497006558,252.32877025475932,256.9588749700656,1.0
11,956,247.7538128409969,252.13857169466078,242.7538128409969,247.13857169466078,252.7538128409969,257.13857169466075,1.0
11,957,247.40678459554334,251.8403988167429,242.40678459554334,246.8403988167429,252.40678459554334,256.8403988167429,1.0
11,958,246.82899065210142,251.5218823648122,241.82899065210142,246.5218823648122,251.82899065210142,256.5218823648122,1.0
11,959,246.86797134649066,251.19638978322416,241.86797134649066,246.19638978322416,251.86797134649066,256.19638978322416,1.0
11,960,246.36609019445353,251.64961612354202,241.36609019445353,246.64961612354202,251.36609019445353,256.64961612354205,1.0
11,961,246.35200008785105,251.9773712603519,241.35200008785105,246.9773712603519,251.35200008785105,256.9773712603519,1.0
11,962,246.7350576348021,251.19250961026847,241.7350576348021,246.19250961026847,251.7350576348021,256.1925096102685,1.0
11,963,246.3311443075557,250.2490856636572,241.3311443075557,245.2490856636572,251.3311443075557,255.2490856636572,1.0
11,964,246.5019333235777,249.73540550620382,241.5019333235777,244.73540550620382,251.5019333235777,254.73540550620382,1.0
11,965,247.01171332263743,249.85363683015947,242.01171332263743,244.85363683015947,252.01171332263743,254.85363683015947,1.0
11,966,248.02266097223793,250.34959289168364,243.02266097223793,245.34959289168364,253.02266097223793,255.34959289168364,1.0
11,967,248.05176653696245,250.37176636081804,243.05176653696245,245.37176636081804,253.05176653696245,255.37176636081804,1.0
11,968,248.79653992174408,249.96434721617032,243.79653992174408,244.96434721617032,253.79653992174408,254.96434721617032,1.0
11,969,248.4651641382528,249.55522881871818,243.4651641382528,244.55522881871818,253.4651641382528,254.55522881871818,1.0
11,970,248.17469548365526,249.1629771246425,243.17469548365526,244.1629771246425,253.17469548365526,254.1629771246425,1.0
11,971,247.46570880412338,248.5434583933072,242.46570880412338,243.5434583933072,252.46570880412338,253.5434583933072,1.0
11,972,246.39012121938194,249.49912673297294,241.39012121938194,244.49912673297294,251.39012121938194,254.49912673297294,1.0
11,973,246.8625626742864,248.27531504684555,241.8625626742864,243.27531504684555,251.8625626742864,253.27531504684555,1.0
11,974,246.8043019437766,246.7885045333528,241.8043019437766,241.7885045333528,251.8043019437766,251.7885045333528,1.0
11,975,245.93101594335934,245.69233486914723,240.93101594335934,240.69233486914723,250.93101594335934,250.69233486914723,1.0
11,976,243.76644061257429,244.79312740078151,238.76644061257429,239.79312740078151,248.76644061257429,249.79312740078151,1.0
11,977,242.52584993737003,244.340475654624,237.52584993737003,239.340475654624,247.52584993737003,249.340475654624,1.0
11,978,242.96167279187637,243.39502365810355,237.96167279187637,238.39502365810355,247.96167279187637,248.39502365810355,1.0
11,979,242.827767704082,242.9121395800351,237.827767704082,237.9121395800351,247.827767704082,247.9121395800351,1.0
11,980,242.89948283617716,243.37761580075863,237.89948283617716,238.37761580075863,247.89948283617716,248.37761580075863,1.0
11,981,243.02244239328996,244.36295683437885,238.02244239328996,239.36295683437885,248.02244239328996,249.36295683437885,1.0
11,982,243.16641453271603,244.06101594807026,238.16641453271603,239.06101594807026,248.16641453271603,249.06101594807026,1.0
11,983,243.00118167490527,243.8970597420018,238.00118167490527,238.8970597420018,248.00118167490527,248.8970597420018,1.0
11,984,241.79737652743987,244.65383468217178,236.79737652743987,239.65383468217178,246.79737652743987,249.65383468217178,1.0
11,985,241.27473139474282,245.69935836273513,236.27473139474282,240.69935836273513,246.27473139474282,250.69935836273513,1.0
11,986,241.2188052576662,247.099786599496,236.2188052576662,242.099786599496,246.2188052576662,252.099786599496,1.0
11,987,241.2494501000173,247.25614148243923,236.2494501000173,242.25614148243923,246.2494501000173,252.25614148243923,1.0
11,988,241.69357098410046,249.24477298198576,236.69357098410046,244.24477298198576,246.69357098410046,254.24477298198576,1.0
11,989,242.2142168080017,250.30302243602017,237.2142168080017,245.30302243602017,247.2142168080017,255.30302243602017,1.0
11,990,242.02806522122896,250.8456800435043,237.02806522122896,245.8456800435043,247.02806522122896,255.8456800435043,1.0
11,991,241.57652627110355,250.56395196016578,236.57652627110355,245.56395196016578,246.57652627110355,255.56395196016578,1.0
11,992,241.9662052381005,251.0512850909759,236.9662052381005,246.0512850909759,246.9662052381005,256.0512850909759,1.0
11,993,242.02537216925643,251.27528227240273,237.02537216925643,246.27528227240273,247.02537216925643,256.2752822724027,1.0
11,994,240.5169406432159,251.43396252686608,235.5169406432159,246.43396252686608,245.5169406432159,256.4339625268661,1.0
11,995,238.76915168872975,251.6813697380201,233.76915168872975,246.6813697380201,243.76915168872975,256.68136973802007,1.0
11,996,237.14301287538402,252.1427077759752,232.14301287538402,247.1427077759752,242.14301287538402,257.14270777597517,1.0
11,997,235.87154226400986,252.61227968394132,230.87154226400986,247.61227968394132,240.87154226400986,257.6122796839413,1.0
11,998,235.81321889723964,252.91842364644484,230.81321889723964,247.91842364644484,240.81321889723964,257.9184236464448,1.0
11,999,235.38228998631584,252.94158062617143,230.38228998631584,247.94158062617143,240.38228998631584,257.94158062617146,1.0
11,1000,235.0940414504691,253.34901808196895,230.0940414504691,248.34901808196895,240.0940414504691,258.34901808196895,1.0
11,1001,234.76034659287913,252.8374294038803,229.76034659287913,247.8374294038803,239.76034659287913,257.83742940388026,1.0
11,1002,234.65139654430362,253.27940951473906,229.65139654430362,248.27940951473906,239.65139654430362,258.2794095147391,1.0
11,1003,234.2941009885432,253.62274791596258,229.2941009885432,248.62274791596258,239.2941009885432,258.6227479159626,1.0
11,1004,233.71824059987424,253.39294108466686,228.71824059987424,248.39294108466686,238.71824059987424,258.39294108466686,1.0
11,1005,233.93651819587524,254.07844196317646,228.93651819587524,249.07844196317646,238.93651819587524,259.0784419631765,1.0
11,1006,233.00104324034945,254.14410407477078,228.00104324034945,249.14410407477078,238.00104324034945,259.1441040747708,1.0
11,1007,231.09763321840643,253.42635407364068,226.09763321840643,248.42635407364068,236.09763321840643,258.4263540736407,1.0
11,1008,229.9176583723644,252.50319556125254,224.9176583723644,247.50319556125254,234.9176583723644,257.50319556125254,1.0
11,1009,229.0446488752713,251.05161027954065,224.0446488752713,246.05161027954065,234.0446488752713,256.0516102795407,1.0
11,1010,228.01926981309003,250.55934340886722,223.01926981309003,245.55934340886722,233.01926981309003,255.55934340886722,1.0
11,1011,227.70236617364347,250.73911752608373,222.70236617364347,245.73911752608373,232.70236617364347,255.73911752608373,1.0
11,1012,228.51871182672195,251.06189781436382,223.51871182672195,246.06189781436382,233.51871182672195,256.0618978143638,1.0
11,1013,228.8436153826859,250.71156176153886,223.8436153826859,245.71156176153886,233.8436153826859,255.71156176153886,1.0
11,1014,228.6572591910174,250.5323385268787,223.6572591910174,245.5323385268787,233.6572591910174,255.5323385268787,1.0
11,1015,227.93247439361093,250.09334995334493,222.93247439361093,245.09334995334493,232.93247439361093,255.09334995334493,1.0
11,1016,228.2016459375207,250.2332955246075,223.2016459375207,245.2332955246075,233.2016459375207,255.2332955246075,1.0
11,1017,227.87626335455326,249.92606414385614,222.87626335455326,244.92606414385614,232.87626335455326,254.92606414385614,1.0
11,1018,226.87996195916736,249.1621552455746,221.87996195916736,244.1621552455746,231.87996195916736,254.1621552455746,1.0
11,1019,226.2218722945915,249.13843956790407,221.2218722945915,244.13843956790407,231.2218722945915,254.13843956790407,1.0
11,1020,226.2425785804504,249.4756386539229,221.2425785804504,244.4756386539229,231.2425785804504,254.4756386539229,1.0
11,1021,225.93357421875314,249.73458190891148,220.93357421875314,244.73458190891148,230.93357421875314,254.73458190891148,1.0
11,1022,225.4099615677502,249.64489292996407,220.4099615677502,244.64489292996407,230.4099615677502,254.64489292996407,1.0
11,1023,225.82894548272338,248.83151946880307,220.82894548272338,243.83151946880307,230.82894548272338,253.83151946880307,1.0
11,1024,226.95178964750008,247.34398436901,221.95178964750008,242.34398436901,231.95178964750008,252.34398436901,1.0
11,1025,227.67255124517376,245.6852300792459,222.67255124517376,240.6852300792459,232.67255124517376,250.6852300792459,1.0
11,1026,229.4647715127795,244.70969461069606,224.4647715127795,239.70969461069606,234.4647715127795,249.70969461069606,1.0
11,1027,230.92844835057184,244.46908041968175,225.92844835057184,239.46908041968175,235.92844835057184,249.46908041968175,1.0
11,1028,232.11453080272608,244.911236048897,227.11453080272608,239.911236048897,237.11453080272608,249.911236048897,1.0
11,1029,233.5197942216102,244.83296578078802,228.5197942216102,239.83296578078802,238.5197942216102,249.83296578078802,1.0
11,1030,233.84997194011905,246.16450186507743,228.84997194011905,241.16450186507743,238.84997194011905,251.16450186507743,1.0
11,1031,233.57818281697135,246.59124248163698,228.57818281697135,241.59124248163698,238.57818281697135,251.59124248163698,1.0
11,1032,233.65853277912345,247.2789896295616,228.65853277912345,242.2789896295616,238.65853277912345,252.2789896295616,1.0
11,1033,234.10174844243363,247.8841775946995,229.10174844243363,242.8841775946995,239.10174844243363,252.8841775946995,1.0
11,1034,235.0281305199223,247.20570628741783,230.0281305199223,242.20570628741783,240.0281305199223,252.20570628741783,1.0
11,1035,235.32152319884094,246.9950708183853,230.32152319884094,241.9950708183853,240.32152319884094,251.9950708183853,1.0
11,1036,235.64221548673808,247.194348889788,230.64221548673808,242.194348889788,240.64221548673808,252.194348889788,1.0
11,1037,236.3962421852782,246.9560023130507,231.3962421852782,241.9560023130507,241.3962421852782,251.9560023130507,1.0
11,1038,236.3091639960315,247.44193867649912,231.3091639960315,242.44193867649912,241.3091639960315,252.44193867649912,1.0
11,1039,236.6057917200603,246.9368022725983,231.6057917200603,241.9368022725983,241.6057917200603,251.9368022725983,1.0
11,1040,237.28211323657328,245.59526931332812,232.28211323657328,240.59526931332812,242.28211323657328,250.59526931332812,1.0
11,1041,237.42157445384535,244.5741170488654,232.42157445384535,239.5741170488654,242.42157445384535,249.5741170488654,1.0
11,1042,237.32116223616995,243.64314510626483,232.32116223616995,238.64314510626483,242.32116223616995,248.64314510626483,1.0
11,1043,235.79990274336555,243.04247672336643,230.79990274336555,238.04247672336643,240.79990274336555,248.04247672336643,1.0
11,1044,234.73893314061343,241.54221790286658,229.73893314061343,236.54221790286658,239.73893314061343,246.54221790286658,1.0
11,1045,234.32937129072434,240.62945268141848,229.32937129072434,235.62945268141848,239.32937129072434,245.62945268141848,1.0
11,1046,234.72455514029775,239.57940495432345,229.72455514029775,234.57940495432345,239.72455514029775,244.57940495432345,1.0
11,1047,235.0580412015121,239.2372105264575,230.0580412015121,234.2372105264575,240.0580412015121,244.2372105264575,1.0
11,1048,235.78630263939655,240.56218841302257,230.78630263939655,235.56218841302257,240.78630263939655,245.56218841302257,1.0
11,1049,236.331658587188,241.67903767405093,231.331658587188,236.67903767405093,241.331658587188,246.67903767405093,1.0
11,1050,235.78976250189172,242.09075117093334,230.78976250189172,237.09075117093334,240.78976250189172,247.09075117093334,1.0
11,1051,236.82829178290328,242.18064155646618,231.82829178290328,237.18064155646618,241.82829178290328,247.18064155646618,1.0
11,1052,237.02026604557773,243.0021317409558,232.02026604557773,238.0021317409558,242.02026604557773,248.0021317409558,1.0
11,1053,236.6315881314365,243.56843081724617,231.6315881314365,238.56843081724617,241.6315881314365,248.56843081724617,1.0
11,1054,237.31699113078386,244.16392213436566,232.31699113078386,239.16392213436566,242.31699113078386,249.16392213436566,1.0
11,1055,238.9303175705935,243.58105129520376,233.9303175705935,238.58105129520376,243.9303175705935,248.58105129520376,1.0
11,1056,239.64671632403864,243.486303084234,234.64671632403864,238.486303084234,244.64671632403864,248.486303084234,1.0
11,1057,239.6291633231645,243.4349079531124,234.6291633231645,238.4349079531124,244.6291633231645,248.4349079531124,1.0
11,1058,239.4650619258557,243.207798739131,234.4650619258557,238.207798739131,244.4650619258557,248.207798739131,1.0
11,1059,238.80053382263796,243.4634616716655,233.80053382263796,238.4634616716655,243.80053382263796,248.4634616716655,1.0
11,1060,236.89835560583134,243.73858083157393,231.89835560583134,238.73858083157393,241.89835560583134,248.73858083157393,1.0
11,1061,236.00303206106278,244.64155933413318,231.00303206106278,239.64155933413318,241.00303206106278,249.64155933413318,1.0
11,1062,234.12728914836524,246.1321726835228,229.12728914836524,241.1321726835228,239.12728914836524,251.1321726835228,1.0
11,1063,233.59091158842682,246.93478759649602,228.59091158842682,241.93478759649602,238.59091158842682,251.93478759649602,1.0
11,1064,233.14762478822152,247.18576599503322,228.14762478822152,242.18576599503322,238.14762478822152,252.18576599503322,1.0
11,1065,233.18715349714248,247.1615081124481,228.18715349714248,242.1615081124481,238.18715349714248,252.1615081124481,1.0
11,1066,232.91720809062312,247.3478848099974,227.91720809062312,242.3478848099974,237.91720809062312,252.3478848099974,1.0
11,1067,232.50401306174194,248.00445512777512,227.50401306174194,243.00445512777512,237.50401306174194,253.00445512777512,1.0
11,1068,232.54898392168542,248.74194737060427,227.54898392168542,243.74194737060427,237.54898392168542,253.74194737060427,1.0
11,1069,232.19713826588455,250.4657853133507,227.19713826588455,245.4657853133507,237.19713826588455,255.4657853133507,1.0
11,1070,232.1740848718151,251.41070412581013,227.1740848718151,246.41070412581013,237.1740848718151,256.4107041258101,1.0
11,1071,232.79824240401592,250.84759947347945,227.79824240401592,245.84759947347945,237.79824240401592,255.84759947347945,1.0
11,1072,234.29847924115523,250.46759793536054,229.29847924115523,245.46759793536054,239.29847924115523,255.46759793536054,1.0
11,1073,235.51661880417183,250.3570732174106,230.51661880417183,245.3570732174106,240.51661880417183,255.3570732174106,1.0
11,1074,236.15048334072114,249.66298723663448,231.15048334072114,244.66298723663448,241.15048334072114,254.66298723663448,1.0
11,1075,235.66315483574684,248.3260243650661,230.66315483574684,243.3260243650661,240.66315483574684,253.3260243650661,1.0
11,1076,235.16707544696044,246.7987686259752,230.16707544696044,241.7987686259752,240.16707544696044,251.7987686259752,1.0
11,1077,235.57850531356624,246.02526939563148,230.57850531356624,241.02526939563148,240.57850531356624,251.02526939563148,1.0
11,1078,235.6872415711127,245.19647176321646,230.6872415711127,240.19647176321646,240.6872415711127,250.19647176321646,1.0
11,1079,236.66504063755892,244.26572500795172,231.66504063755892,239.26572500795172,241.66504063755892,249.26572500795172,1.0
11,1080,237.004512096643,242.2862787964785,232.004512096643,237.2862787964785,242.004512096643,247.2862787964785,1.0
11,1081,237.2744800083166,242.01399615967446,232.2744800083166,237.01399615967446,242.2744800083166,247.01399615967446,1.0
11,1082,237.16058671226583,243.0078521685806,232.16058671226583,238.0078521685806,242.16058671226583,248.0078521685806,1.0
11,1083,237.16827079354607,244.26624391693073,232.16827079354607,239.26624391693073,242.16827079354607,249.26624391693073,1.0
11,1084,237.7835032654017,244.9830686007002,232.7835032654017,239.9830686007002,242.7835032654017,249.9830686007002,1.0
11,1085,238.42677117658212,244.6515155858711,233.42677117658212,239.6515155858711,243.42677117658212,249.6515155858711,1.0
11,1086,239.01063620630154,244.76174284341724,234.01063620630154,239.76174284341724,244.01063620630154,249.76174284341724,1.0
11,1087,239.15650569715388,244.96178286131644,234.15650569715388,239.96178286131644,244.15650569715388,249.96178286131644,1.0
11,1088,240.63184978078783,246.518203140518,235.63184978078783,241.518203140518,245.63184978078783,251.518203140518,1.0
11,1089,241.15823432707754,246.83293474744372,236.15823432707754,241.83293474744372,246.15823432707754,251.83293474744372,1.0
11,1090,241.8240375489088,246.43259505822152,236.8240375489088,241.43259505822152,246.8240375489088,251.43259505822152,1.0
11,1091,242.13224703210994,246.74095105556216,237.13224703210994,241.74095105556216,247.13224703210994,251.74095105556216,1.0
11,1092,243.26999889876376,247.22942256997064,238.26999889876376,242.22942256997064,248.26999889876376,252.22942256997064,1.0
11,1093,242.31896426056738,247.80544876573305,237.31896426056738,242.80544876573305,247.31896426056738,252.80544876573305,1.0
11,1094,241.46200288528846,247.8180385688377,236.46200288528846,242.8180385688377,246.46200288528846,252.8180385688377,1.0
11,1095,239.9698874851916,247.56473797258934,234.9698874851916,242.56473797258934,244.9698874851916,252.56473797258934,1.0
11,1096,239.17335858605287,247.2452664558591,234.17335858605287,242.2452664558591,244.17335858605287,252.2452664558591,1.0
11,1097,238.59240133339546,247.66957322283082,233.59240133339546,242.66957322283082,243.59240133339546,252.66957322283082,1.0
11,1098,238.60320852118863,247.62995499293095,233.60320852118863,242.62995499293095,243.60320852118863,252.62995499293095,1.0
11,1099,238.56435832984815,247.3913336372244,233.56435832984815,242.3913336372244,243.56435832984815,252.3913336372244,1.0
11,1100,239.51764068444174,247.4097938150461,234.51764068444174,242.4097938150461,244.51764068444174,252.4097938150461,1.0
11,1101,239.72931818545683,248.25341898920828,234.72931818545683,243.25341898920828,244.72931818545683,253.25341898920828,1.0
11,1102,239.6256309362772,248.65875804736726,234.6256309362772,243.65875804736726,244.6256309362772,253.65875804736726,1.0
11,1103,240.7514071991886,248.37761403106126,235.7514071991886,243.37761403106126,245.7514071991886,253.37761403106126,1.0
11,1104,241.8649439410797,248.74573174360552,236.8649439410797,243.74573174360552,246.8649439410797,253.74573174360552,1.0
11,1105,242.5126989537056,248.09123293118566,237.5126989537056,243.09123293118566,247.5126989537056,253.09123293118566,1.0
11,1106,242.83489721010633,248.12293778237017,237.83489721010633,243.12293778237017,247.83489721010633,253.12293778237017,1.0
11,1107,244.05372167564923,248.2070374785622,239.05372167564923,243.2070374785622,249.05372167564923,253.2070374785622,1.0
11,1108,245.49780803841492,248.46648017707122,240.49780803841492,243.46648017707122,250.49780803841492,253.46648017707122,1.0
11,1109,246.37787960548366,248.51139874255054,241.37787960548366,243.51139874255054,251.37787960548366,253.51139874255054,1.0
11,1110,245.85841752149466,247.77687151192876,240.85841752149466,242.77687151192876,250.85841752149466,252.77687151192876,1.0
11,1111,243.89066553240016,247.15476049879794,238.89066553240016,242.15476049879794,248.89066553240016,252.15476049879794,1.0
11,1112,242.3629404507587,246.83213116644183,237.3629404507587,241.83213116644183,247.3629404507587,251.83213116644183,1.0
11,1113,242.0994784903758,246.6793977088762,237.0994784903758,241.6793977088762,247.0994784903758,251.6793977088762,1.0
11,1114,242.31908116423367,247.61822345040994,237.31908116423367,242.61822345040994,247.31908116423367,252.61822345040994,1.0
11,1115,242.14846277680923,249.48346209118122,237.14846277680923,244.48346209118122,247.14846277680923,254.48346209118122,1.0
11,1116,241.69466672454087,251.24534591961466,236.69466672454087,246.24534591961466,246.69466672454087,256.2453459196147,1.0
11,1117,242.28785640144977,252.21831558830615,237.28785640144977,247.21831558830615,247.28785640144977,257.21831558830615,1.0
11,1118,242.43318173992924,251.30334528592908,237.43318173992924,246.30334528592908,247.43318173992924,256.3033452859291,1.0
11,1119,244.2218947363932,250.4303069869816,239.2218947363932,245.4303069869816,249.2218947363932,255.4303069869816,1.0
11,1120,245.47777144937155,248.85560193088125,240.47777144937155,243.85560193088125,250.47777144937155,253.85560193088125,1.0
11,1121,246.27603644285105,248.71519086359413,241.27603644285105,243.71519086359413,251.27603644285105,253.71519086359413,1.0
11,1122,245.8999421170923,248.57857667824788,240.8999421170923,243.57857667824788,250.8999421170923,253.57857667824788,1.0
11,1123,244.50362776138627,248.553557761385,239.50362776138627,243.553557761385,249.50362776138627,253.553557761385,1.0
11,1124,244.35545878588286,248.23413145588614,239.35545878588286,243.23413145588614,249.35545878588286,253.23413145588614,1.0
11,1125,244.26888009634698,248.17349230688677,239.26888009634698,243.17349230688677,249.26888009634698,253.17349230688677,1.0
11,1126,244.32802074368246,248.1796848834368,239.32802074368246,243.1796848834368,249.32802074368246,253.1796848834368,1.0
11,1127,244.67080407276143,247.6769540852844,239.67080407276143,242.6769540852844,249.67080407276143,252.6769540852844,1.0
11,1128,246.23338930146306,246.76824342381656,241.23338930146306,241.76824342381656,251.23338930146306,251.76824342381656,1.0
11,1129,246.91123651738246,245.37860104705427,241.91123651738246,240.37860104705427,251.91123651738246,250.37860104705427,1.0
11,1130,247.304434630907,244.76549503013604,242.304434630907,239.76549503013604,252.304434630907,249.76549503013604,1.0
11,1131,248.46748100519315,244.8092357905629,243.46748100519315,239.8092357905629,253.46748100519315,249.8092357905629,1.0
11,1132,248.36288003998115,244.91215847534127,243.36288003998115,239.91215847534127,253.36288003998115,249.91215847534127,1.0
11,1133,247.65370123154537,244.69051257581356,242.65370123154537,239.69051257581356,252.65370123154537,249.69051257581356,1.0
11,1134,246.41677550092882,245.45868500699902,241.41677550092882,240.45868500699902,251.41677550092882,250.45868500699902,1.0
11,1135,245.40264257973007,246.4672267118476,240.40264257973007,241.4672267118476,250.40264257973007,251.4672267118476,1.0
11,1136,245.80823230464256,247.7114798705259,240.80823230464256,242.7114798705259,250.80823230464256,252.7114798705259,1.0
11,1137,246.57370504371602,247.57689498005504,241.57370504371602,242.57689498005504,251.57370504371602,252.57689498005504,1.0
11,1138,246.35686760116116,246.62821865972933,241.35686760116116,241.62821865972933,251.35686760116116,251.62821865972933,1.0
11,1139,246.93270304954888,245.68000996569054,241.93270304954888,240.68000996569054,251.93270304954888,250.68000996569054,1.0
11,1140,248.94392973742583,245.4738431618912,243.94392973742583,240.4738431618912,253.94392973742583,250.4738431618912,1.0
11,1141,249.765980496407,244.67562190064692,244.765980496407,239.67562190064692,254.765980496407,249.67562190064692,1.0
11,1142,249.69825473904496,244.59565206752742,244.69825473904496,239.59565206752742,254.69825473904496,249.59565206752742,1.0
11,1143,249.06209783676906,245.7422929341631,244.06209783676906,240.7422929341631,254.06209783676906,250.7422929341631,1.0
11,1144,249.72518852828446,247.23644066358437,244.72518852828446,242.23644066358437,254.72518852828446,252.23644066358437,1.0
11,1145,250.1615032865371,248.7887641900972,245.1615032865371,243.7887641900972,255.1615032865371,253.7887641900972,1.0
11,1146,250.483785941977,249.94312518804776,245.483785941977,244.94312518804776,255.483785941977,254.94312518804776,1.0
11,1147,251.12046306000752,251.12845369948045,246.12046306000752,246.12845369948045,256.1204630600075,256.1284536994805,1.0
11,1148,251.34697942335544,252.51273596671615,246.34697942335544,247.51273596671615,256.34697942335544,257.51273596671615,1.0
11,1149,250.6709910025061,253.75408258694574,245.6709910025061,248.75408258694574,255.6709910025061,258.75408258694574,1.0
11,1150,250.4877445897385,255.09785811415742,245.4877445897385,250.09785811415742,255.4877445897385,260.0978581141574,1.0
11,1151,250.51092372873669,255.82922541952055,245.51092372873669,250.82922541952055,255.51092372873669,260.8292254195205,1.0
11,1152,251.56319000167449,255.98831590073902,246.56319000167449,250.98831590073902,256.56319000167446,260.98831590073905,1.0
11,1153,252.21308020946705,255.55871185580614,247.21308020946705,250.55871185580614,257.2130802094671,260.5587118558061,1.0
11,1154,252.05855802520455,255.39747101698362,247.05855802520455,250.39747101698362,257.05855802520455,260.3974710169836,1.0
11,1155,252.1206396026712,256.38063764982866,247.1206396026712,251.38063764982866,257.1206396026712,261.38063764982866,1.0
11,1156,252.0461282664389,257.5686765880517,247.0461282664389,252.5686765880517,257.0461282664389,262.5686765880517,1.0
11,1157,252.37774007243428,257.97430609066566,247.37774007243428,252.97430609066566,257.3777400724343,262.97430609066566,1.0
11,1158,253.33660018878177,258.05877597282415,248.33660018878177,253.05877597282415,258.33660018878174,263.05877597282415,1.0
11,1159,252.9138971372328,258.2797348271118,247.9138971372328,253.27973482711178,257.91389713723277,263.2797348271118,1.0
11,1160,253.63042226410943,259.2360141430133,248.63042226410943,254.23601414301328,258.6304222641094,264.2360141430133,1.0
11,1161,254.21414643934955,260.9625418318098,249.21414643934955,255.9625418318098,259.2141464393495,265.9625418318098,1.0
11,1162,255.21540155337163,261.3250977957599,250.21540155337163,256.3250977957599,260.21540155337163,266.3250977957599,1.0
11,1163,255.80748746937834,261.1989960081171,250.80748746937834,256.1989960081171,260.8074874693783,266.1989960081171,1.0
11,1164,256.4458550898864,261.7803364584036,251.44585508988638,256.7803364584036,261.4458550898864,266.7803364584036,1.0
11,1165,257.8803311106588,262.2074227834144,252.8803311106588,257.2074227834144,262.8803311106588,267.2074227834144,1.0
11,1166,258.1336184786319,262.46518572621756,253.1336184786319,257.46518572621756,263.1336184786319,267.46518572621756,1.0
11,1167,258.6636875115023,262.35283108104,253.6636875115023,257.35283108104,263.6636875115023,267.35283108104,1.0
11,1168,259.8089011717771,263.5209782598027,254.8089011717771,258.5209782598027,264.8089011717771,268.5209782598027,1.0
11,1169,260.8780488729669,264.76854681891217,255.87804887296687,259.76854681891217,265.8780488729669,269.76854681891217,1.0
11,1170,261.1425607916286,265.40071399289695,256.1425607916286,260.40071399289695,266.1425607916286,270.40071399289695,1.0
11,1171,260.372329894645,265.53304178832576,255.37232989464502,260.53304178832576,265.372329894645,270.53304178832576,1.0
11,1172,260.40059030388915,265.4094777319758,255.40059030388915,260.4094777319758,265.40059030388915,270.4094777319758,1.0
11,1173,260.7884877746713,265.4209311543223,255.7884877746713,260.4209311543223,265.7884877746713,270.4209311543223,1.0
11,1174,260.81383482018947,264.56771869383135,255.81383482018947,259.56771869383135,265.81383482018947,269.56771869383135,1.0
11,1175,260.42573732336496,263.6252508573961,255.42573732336496,258.6252508573961,265.42573732336496,268.6252508573961,1.0
11,1176,259.7287390712174,262.9158579960761,254.72873907121738,257.9158579960761,264.7287390712174,267.9158579960761,1.0
11,1177,258.31594781401344,262.4964714439564,253.31594781401344,257.4964714439564,263.31594781401344,267.4964714439564,1.0
11,1178,257.1386622892615,263.33451003582974,252.1386622892615,258.33451003582974,262.1386622892615,268.33451003582974,1.0
11,1179,256.8581977146107,263.5507576622646,251.8581977146107,258.5507576622646,261.8581977146107,268.5507576622646,1.0
11,1180,257.1270342582183,264.1113854528786,252.12703425821832,259.1113854528786,262.1270342582183,269.1113854528786,1.0
11,1181,256.8430527370611,264.0743939959612,251.8430527370611,259.0743939959612,261.8430527370611,269.0743939959612,1.0
11,1182,255.84465980850447,262.98142337325646,250.84465980850447,257.98142337325646,260.8446598085045,267.98142337325646,1.0
11,1183,254.43594413541064,262.5751259274652,249.43594413541064,257.5751259274652,259.43594413541064,267.5751259274652,1.0
11,1184,254.58014585859408,263.56613859226803,249.58014585859408,258.56613859226803,259.58014585859405,268.56613859226803,1.0
11,1185,254.05478641730093,265.31086096087705,249.05478641730093,260.31086096087705,259.05478641730093,270.31086096087705,1.0
11,1186,253.21505995490963,265.6656884325981,248.21505995490963,260.6656884325981,258.21505995490963,270.6656884325981,1.0
11,1187,251.99342944739416,265.67664624985036,246.99342944739416,260.67664624985036,256.9934294473942,270.67664624985036,1.0
11,1188,251.19044992959073,265.6250340471537,246.19044992959073,260.6250340471537,256.1904499295907,270.6250340471537,1.0
11,1189,250.9108575346903,265.79537061692616,245.9108575346903,260.79537061692616,255.9108575346903,270.79537061692616,1.0
11,1190,251.5335819954801,265.8499222923589,246.5335819954801,260.8499222923589,256.53358199548006,270.8499222923589,1.0
11,1191,251.29466111321318,264.8824956479826,246.29466111321318,259.8824956479826,256.2946611132132,269.8824956479826,1.0
11,1192,251.04491695339465,264.0724006520361,246.04491695339465,259.0724006520361,256.04491695339465,269.0724006520361,1.0
11,1193,250.541750577076,264.07682014062345,245.541750577076,259.07682014062345,255.541750577076,269.07682014062345,1.0
11,1194,249.4810637709723,263.3503735081796,244.4810637709723,258.3503735081796,254.4810637709723,268.3503735081796,1.0
11,1195,249.81285980745653,261.4660684645812,244.81285980745653,256.4660684645812,254.81285980745653,266.4660684645812,1.0
11,1196,250.51145065075076,260.49802078777327,245.51145065075076,255.49802078777327,255.51145065075076,265.49802078777327,1.0
11,1197,251.19654409065112,259.9625669651518,246.19654409065112,254.96256696515178,256.1965440906511,264.9625669651518,1.0
11,1198,250.81102467096764,259.64236193818505,245.81102467096764,254.64236193818505,255.81102467096764,264.64236193818505,1.0
11,1199,251.4815119905158,259.875818286942,246.4815119905158,254.87581828694198,256.4815119905158,264.875818286942,1.0
11,1200,252.73221061220292,259.92965457988424,247.73221061220292,254.92965457988424,257.73221061220295,264.92965457988424,1.0
11,1201,254.1024321666367,260.1145016571645,249.1024321666367,255.1145016571645,259.10243216663673,265.1145016571645,1.0
11,1202,255.49949445427978,259.5251473711305,250.49949445427978,254.52514737113052,260.4994944542798,264.5251473711305,1.0
11,1203,256.46689275721735,259.82579104785924,251.46689275721735,254.82579104785924,261.46689275721735,264.82579104785924,1.0
11,1204,256.4634516998582,260.3558318537348,251.46345169985818,255.3558318537348,261.4634516998582,265.3558318537348,1.0
11,1205,256.38233166897527,259.1718481496373,251.38233166897527,254.1718481496373,261.38233166897527,264.1718481496373,1.0
11,1206,256.5265817282328,258.5681167807504,251.52658172823283,253.56811678075042,261.5265817282328,263.5681167807504,1.0
11,1207,255.51608809490685,258.41329056359723,250.51608809490685,253.41329056359723,260.5160880949069,263.41329056359723,1.0
11,1208,255.79920239708258,258.1309257507976,250.79920239708258,253.1309257507976,260.7992023970826,263.1309257507976,1.0
11,1209,256.80421757701856,257.6141865347705,251.80421757701856,252.6141865347705,261.80421757701856,262.6141865347705,1.0
11,1210,256.7736920629946,256.74049204838207,251.7736920629946,251.74049204838207,261.7736920629946,261.74049204838207,1.0
11,1211,256.2482817280492,255.46127701325972,251.24828172804922,250.46127701325972,261.2482817280492,260.46127701325975,1.0
11,1212,255.07224642444325,254.74697831361874,250.07224642444325,249.74697831361874,260.0722464244433,259.74697831361874,1.0
11,1213,253.5840682900971,254.4766905806438,248.5840682900971,249.4766905806438,258.5840682900971,259.4766905806438,1.0
11,1214,252.40384642250172,254.2040897215814,247.40384642250172,249.2040897215814,257.4038464225017,259.2040897215814,1.0
11,1215,251.4521386604499,254.3187630732493,246.4521386604499,249.3187630732493,256.4521386604499,259.31876307324933,1.0
11,1216,250.90289133363515,254.0646816218379,245.90289133363515,249.0646816218379,255.90289133363515,259.0646816218379,1.0
11,1217,250.67884425912075,254.21579804458528,245.67884425912075,249.21579804458528,255.67884425912075,259.2157980445853,1.0
11,1218,249.97578124112502,254.7024487760953,244.97578124112502,249.7024487760953,254.97578124112502,259.7024487760953,1.0
11,1219,249.71526572817407,255.72400168879298,244.71526572817407,250.72400168879298,254.71526572817407,260.724001688793,1.0
11,1220,249.70628126862627,255.7142560402159,244.70628126862627,250.7142560402159,254.70628126862627,260.7142560402159,1.0
11,1221,250.37917173433573,256.1868049744631,245.37917173433573,251.1868049744631,255.37917173433573,261.1868049744631,1.0
11,1222,251.08442261634372,256.35748183403143,246.08442261634372,251.35748183403143,256.0844226163437,261.35748183403143,1.0
11,1223,251.3619211595919,256.2624888701115,246.3619211595919,251.2624888701115,256.36192115959193,261.2624888701115,1.0
11,1224,251.4494945965603,256.08073790007194,246.4494945965603,251.08073790007194,256.44949459656027,261.08073790007194,1.0
11,1225,251.0517352009095,256.90188462193277,246.0517352009095,251.90188462193277,256.0517352009095,261.90188462193277,1.0
11,1226,250.50224801948445,257.9982067685837,245.50224801948445,252.9982067685837,255.50224801948445,262.9982067685837,1.0
11,1227,250.8369607515755,259.44214470723483,245.8369607515755,254.44214470723483,255.8369607515755,264.44214470723483,1.0
11,1228,250.96759736654383,260.55271999172885,245.96759736654383,255.55271999172885,255.96759736654383,265.55271999172885,1.0
11,1229,250.54600370237014,261.7372320074854,245.54600370237014,256.7372320074854,255.54600370237014,266.7372320074854,1.0
11,1230,251.2602619059946,261.9437536334435,246.2602619059946,256.9437536334435,256.26026190599464,266.9437536334435,1.0
11,1231,252.51793460908394,262.96360829604515,247.51793460908394,257.96360829604515,257.5179346090839,267.96360829604515,1.0
11,1232,253.50004476624576,263.3984277527179,248.50004476624576,258.3984277527179,258.50004476624576,268.3984277527179,1.0
11,1233,253.99106656037648,262.922054572505,248.99106656037648,257.922054572505,258.99106656037645,267.922054572505,1.0
11,1234,252.7957154627211,262.5344210168663,247.7957154627211,257.5344210168663,257.7957154627211,267.5344210168663,1.0
11,1235,251.85254968307714,261.8686910677663,246.85254968307714,256.8686910677663,256.85254968307714,266.8686910677663,1.0
11,1236,252.37005184299883,261.4677401512897,247.37005184299883,256.4677401512897,257.3700518429988,266.4677401512897,1.0
11,1237,252.78741938527997,261.55011913401387,247.78741938527997,256.55011913401387,257.78741938528,266.55011913401387,1.0
11,1238,252.86113150277933,261.7941128621255,247.86113150277933,256.7941128621255,257.86113150277936,266.7941128621255,1.0
11,1239,252.469954701641,263.00908103710424,247.469954701641,258.00908103710424,257.469954701641,268.00908103710424,1.0
11,1240,251.47320834039274,263.7605704675768,246.47320834039274,258.7605704675768,256.4732083403927,268.7605704675768,1.0
11,1241,251.22834909837263,264.405911023034,246.22834909837263,259.405911023034,256.22834909837263,269.405911023034,1.0
11,1242,251.49276313780788,265.24101729227675,246.49276313780788,260.24101729227675,256.49276313780786,270.24101729227675,1.0
11,1243,250.76195943985957,265.39247630099896,245.76195943985957,260.39247630099896,255.76195943985957,270.39247630099896,1.0
11,1244,250.28192408621916,264.51935970355436,245.28192408621916,259.51935970355436,255.28192408621916,269.51935970355436,1.0
11,1245,250.37544680443995,262.9133354077399,245.37544680443995,257.9133354077399,255.37544680443995,267.9133354077399,1.0
11,1246,250.0843744622806,262.4512873736285,245.0843744622806,257.4512873736285,255.0843744622806,267.4512873736285,1.0
11,1247,249.06392365413407,261.5132110427338,244.06392365413407,256.5132110427338,254.06392365413407,266.5132110427338,1.0
11,1248,247.26759018884525,260.7773220410515,242.26759018884525,255.7773220410515,252.26759018884525,265.7773220410515,1.0
11,1249,246.06167907322921,260.24736073333963,241.06167907322921,255.24736073333963,251.06167907322921,265.24736073333963,1.0
11,1250,245.51766677647186,260.20581896737724,240.51766677647186,255.20581896737724,250.51766677647186,265.20581896737724,1.0
11,1251,244.5539605891011,260.754587430775,239.5539605891011,255.75458743077502,249.5539605891011,265.754587430775,1.0
11,1252,243.31359104808107,261.89536686435696,238.31359104808107,256.89536686435696,248.31359104808107,266.89536686435696,1.0
11,1253,243.3111484457659,262.7645674943247,238.3111484457659,257.7645674943247,248.3111484457659,267.7645674943247,1.0
11,1254,242.53565905466803,263.55870795626083,237.53565905466803,258.55870795626083,247.53565905466803,268.55870795626083,1.0
11,1255,241.43312488268703,263.476885238464,236.43312488268703,258.476885238464,246.43312488268703,268.476885238464,1.0
11,1256,240.1191771845375,263.40355069016704,235.1191771845375,258.40355069016704,245.1191771845375,268.40355069016704,1.0
11,1257,238.5224301864935,263.4617121652516,233.5224301864935,258.4617121652516,243.5224301864935,268.4617121652516,1.0
11,1258,236.65584554939318,262.83639695688913,231.65584554939318,257.83639695688913,241.65584554939318,267.83639695688913,1.0
11,1259,236.41219622251404,263.4917250353216,231.41219622251404,258.4917250353216,241.41219622251404,268.4917250353216,1.0
11,1260,235.7523653017309,262.41757536661186,230.7523653017309,257.41757536661186,240.7523653017309,267.41757536661186,1.0
11,1261,236.2324673263795,260.9942315109358,231.2324673263795,255.99423151093578,241.2324673263795,265.9942315109358,1.0
11,1262,236.72264188178522,260.9739958317682,231.72264188178522,255.9739958317682,241.72264188178522,265.9739958317682,1.0
11,1263,237.58559785754412,260.4431145672035,232.58559785754412,255.4431145672035,242.58559785754412,265.4431145672035,1.0
11,1264,238.00250915743965,259.47335246971556,233.00250915743965,254.47335246971556,243.00250915743965,264.47335246971556,1.0
11,1265,237.86957927192893,258.9888863012805,232.86957927192893,253.9888863012805,242.86957927192893,263.9888863012805,1.0
11,1266,236.98062786096875,258.7876262809047,231.98062786096875,253.7876262809047,241.98062786096875,263.7876262809047,1.0
11,1267,235.55800240450827,258.1683948275488,230.55800240450827,253.1683948275488,240.55800240450827,263.1683948275488,1.0
11,1268,235.26127046051985,257.4336690243956,230.26127046051985,252.4336690243956,240.26127046051985,262.4336690243956,1.0
11,1269,234.7326373201907,257.1745774611514,229.7326373201907,252.1745774611514,239.7326373201907,262.1745774611514,1.0
11,1270,234.36654244008923,257.319110062457,229.36654244008923,252.319110062457,239.36654244008923,262.319110062457,1.0
11,1271,234.0303999404583,256.578781756671,229.0303999404583,251.578781756671,239.0303999404583,261.578781756671,1.0
11,1272,233.09912523685495,256.4650469795138,228.09912523685495,251.46504697951377,238.09912523685495,261.4650469795138,1.0
11,1273,232.99386394318864,256.7387104271522,227.99386394318864,251.73871042715223,237.99386394318864,261.7387104271522,1.0
11,1274,233.3468397824998,256.2060162323195,228.3468397824998,251.20601623231948,238.3468397824998,261.2060162323195,1.0
11,1275,233.56398617812465,255.74178169419622,228.56398617812465,250.74178169419622,238.56398617812465,260.7417816941962,1.0
11,1276,233.25823901633836,255.08204372348249,228.25823901633836,250.08204372348249,238.25823901633836,260.08204372348246,1.0
11,1277,233.94059559960854,254.00557464186392,228.94059559960854,249.00557464186392,238.94059559960854,259.0055746418639,1.0
11,1278,235.19255268862872,253.70525274389564,230.19255268862872,248.70525274389564,240.19255268862872,258.70525274389564,1.0
11,1279,235.99243721592788,253.84273156883486,230.99243721592788,248.84273156883486,240.99243721592788,258.8427315688349,1.0
11,1280,235.60345458411962,253.82334504389058,230.60345458411962,248.82334504389058,240.60345458411962,258.8233450438906,1.0
11,1281,235.2145422851402,254.12163952649954,230.2145422851402,249.12163952649954,240.2145422851402,259.1216395264995,1.0
11,1282,234.21687209998103,254.96176600224493,229.21687209998103,249.96176600224493,239.21687209998103,259.96176600224493,1.0
11,1283,235.10309870715764,255.03301285581537,230.10309870715764,250.03301285581537,240.10309870715764,260.0330128558154,1.0
11,1284,235.8443781798702,255.84226698196957,230.8443781798702,250.84226698196957,240.8443781798702,260.8422669819696,1.0
11,1285,236.5410188111911,256.13651002875355,231.5410188111911,251.13651002875355,241.5410188111911,261.13651002875355,1.0
11,1286,237.14951804017474,256.7582642155377,232.14951804017474,251.75826421553768,242.14951804017474,261.7582642155377,1.0
11,1287,238.08088117787668,256.64307545102173,233.08088117787668,251.64307545102173,243.08088117787668,261.64307545102173,1.0
11,1288,237.57120219511967,256.782439299922,232.57120219511967,251.78243929992198,242.57120219511967,261.782439299922,1.0
11,1289,236.57972377925648,256.29537654799253,231.57972377925648,251.29537654799253,241.57972377925648,261.29537654799253,1.0
11,1290,235.22739824031433,256.60095190381327,230.22739824031433,251.60095190381327,240.22739824031433,261.60095190381327,1.0
11,1291,234.54650452206857,256.8902212406572,229.54650452206857,251.89022124065718,239.54650452206857,261.8902212406572,1.0
11,1292,234.5573323965633,256.72304978361484,229.5573323965633,251.72304978361484,239.5573323965633,261.72304978361484,1.0
11,1293,235.6934842105314,257.0581596952032,230.6934842105314,252.0581596952032,240.6934842105314,262.0581596952032,1.0
11,1294,236.25831675795013,258.5041461793712,231.25831675795013,253.50414617937122,241.25831675795013,263.5041461793712,1.0
11,1295,236.67717737045854,259.54623794841063,231.67717737045854,254.54623794841063,241.67717737045854,264.54623794841063,1.0
11,1296,237.37387439382763,260.1487242574706,232.37387439382763,255.14872425747058,242.37387439382763,265.1487242574706,1.0
11,1297,238.0399337608408,260.69799186524983,233.0399337608408,255.69799186524983,243.0399337608408,265.69799186524983,1.0
11,1298,238.91084870627233,261.3383034827471,233.91084870627233,256.3383034827471,243.91084870627233,266.3383034827471,1.0
11,1299,239.5658714538115,262.2567080089356,234.5658714538115,257.2567080089356,244.5658714538115,267.2567080089356,1.0
11,1300,240.81275159213482,262.94977920005067,235.81275159213482,257.94977920005067,245.81275159213482,267.94977920005067,1.0
11,1301,241.36327398473873,263.6063333620604,236.36327398473873,258.6063333620604,246.36327398473873,268.6063333620604,1.0
11,1302,241.62739304336068,263.13487634750624,236.62739304336068,258.13487634750624,246.62739304336068,268.13487634750624,1.0
11,1303,241.07138667437073,262.6800417685332,236.07138667437073,257.6800417685332,246.07138667437073,267.6800417685332,1.0
11,1304,240.5471479808306,262.9172957898301,235.5471479808306,257.9172957898301,245.5471479808306,267.9172957898301,1.0
11,1305,240.3059863748297,263.7530526167675,235.3059863748297,258.7530526167675,245.3059863748297,268.7530526167675,1.0
11,1306,240.1808144981112,264.2358888216597,235.1808144981112,259.2358888216597,245.1808144981112,269.2358888216597,1.0
11,1307,240.47845632474886,264.7551668484527,235.47845632474886,259.7551668484527,245.47845632474886,269.7551668484527,1.0
11,1308,241.48524957764934,265.51107155539387,236.48524957764934,260.51107155539387,246.48524957764934,270.51107155539387,1.0
11,1309,241.80750163229152,267.50369955161915,236.80750163229152,262.50369955161915,246.80750163229152,272.50369955161915,1.0
11,1310,240.95113654730582,268.9466955792166,235.95113654730582,263.9466955792166,245.95113654730582,273.9466955792166,1.0
11,1311,240.31616063378775,270.2711291579931,235.31616063378775,265.2711291579931,245.31616063378775,275.2711291579931,1.0
11,1312,239.4605422232065,271.73054839941705,234.4605422232065,266.73054839941705,244.4605422232065,276.73054839941705,1.0
11,1313,238.314201536208,271.56713498992804,233.314201536208,266.56713498992804,243.314201536208,276.56713498992804,1.0
11,1314,238.06222420034808,270.8092749722591,233.06222420034808,265.8092749722591,243.06222420034808,275.8092749722591,1.0
11,1315,237.0872495179006,270.46132826304984,232.0872495179006,265.46132826304984,242.0872495179006,275.46132826304984,1.0
11,1316,235.5593988432583,269.035520206956,230.5593988432583,264.035520206956,240.5593988432583,274.035520206956,1.0
11,1317,234.69466718518484,269.1206489607793,229.69466718518484,264.1206489607793,239.69466718518484,274.1206489607793,1.0
11,1318,233.92256055013013,269.14263262497286,228.92256055013013,264.14263262497286,238.92256055013013,274.14263262497286,1.0
11,1319,233.34381919005676,269.39923541715376,228.34381919005676,264.39923541715376,238.34381919005676,274.39923541715376,1.0
11,1320,232.49326552735374,270.38645705814037,227.49326552735374,265.38645705814037,237.49326552735374,275.38645705814037,1.0
11,1321,231.5609440866573,270.026439058685,226.5609440866573,265.026439058685,236.5609440866573,275.026439058685,1.0
11,1322,230.64732040911372,269.89934956390607,225.64732040911372,264.89934956390607,235.64732040911372,274.89934956390607,1.0
11,1323,230.5815289569644,270.38701653899045,225.5815289569644,265.38701653899045,235.5815289569644,275.38701653899045,1.0
11,1324,230.8225862042975,270.81759392549236,225.8225862042975,265.81759392549236,235.8225862042975,275.81759392549236,1.0
11,1325,231.46566854755736,270.8369834910148,226.46566854755736,265.8369834910148,236.46566854755736,275.8369834910148,1.0
11,1326,233.30329095655262,270.86066617367504,228.30329095655262,265.86066617367504,238.30329095655262,275.86066617367504,1.0
11,1327,234.245992795188,271.862816879602,229.245992795188,266.862816879602,239.245992795188,276.862816879602,1.0
11,1328,233.4103264319652,272.26568191780456,228.4103264319652,267.26568191780456,238.4103264319652,277.26568191780456,1.0
11,1329,233.56984344353955,273.15675017174186,228.56984344353955,268.15675017174186,238.56984344353955,278.15675017174186,1.0
11,1330,233.2417303160143,273.2071068046356,228.2417303160143,268.2071068046356,238.2417303160143,278.2071068046356,1.0
11,1331,232.44523799734225,273.0106194269696,227.44523799734225,268.0106194269696,237.44523799734225,278.0106194269696,1.0
11,1332,230.9879542137139,272.49326256980373,225.9879542137139,267.49326256980373,235.9879542137139,277.49326256980373,1.0
11,1333,230.4040338536894,271.99763173814995,225.4040338536894,266.99763173814995,235.4040338536894,276.99763173814995,1.0
11,1334,229.7482359477326,271.6980559536248,224.7482359477326,266.6980559536248,234.7482359477326,276.6980559536248,1.0
11,1335,229.34547551393112,271.68089713856637,224.34547551393112,266.68089713856637,234.34547551393112,276.68089713856637,1.0
11,1336,229.6428512217644,271.5439125303865,224.6428512217644,266.5439125303865,234.6428512217644,276.5439125303865,1.0
11,1337,230.52309845183552,271.26597356209544,225.52309845183552,266.26597356209544,235.52309845183552,276.26597356209544,1.0
11,1338,230.51139083226212,271.97580111840233,225.51139083226212,266.97580111840233,235.51139083226212,276.97580111840233,1.0
11,1339,230.0928061504766,272.59218870949763,225.0928061504766,267.59218870949763,235.0928061504766,277.59218870949763,1.0
11,1340,230.410472533784,272.7628172035095,225.410472533784,267.7628172035095,235.410472533784,277.7628172035095,1.0
11,1341,230.0245583306269,272.73921801868227,225.0245583306269,267.73921801868227,235.0245583306269,277.73921801868227,1.0
11,1342,229.22322821014643,271.5223559670676,224.22322821014643,266.5223559670676,234.22322821014643,276.5223559670676,1.0
11,1343,229.62256082624413,271.1473975465604,224.62256082624413,266.1473975465604,234.62256082624413,276.1473975465604,1.0
11,1344,230.16647848096335,269.6202818674388,225.16647848096335,264.6202818674388,235.16647848096335,274.6202818674388,1.0
11,1345,231.7690374458682,268.393431827376,226.7690374458682,263.393431827376,236.7690374458682,273.393431827376,1.0
11,1346,232.41036283476348,267.497934536442,227.41036283476348,262.497934536442,237.41036283476348,272.497934536442,1.0
11,1347,232.69690303857348,266.7166563086039,227.69690303857348,261.7166563086039,237.69690303857348,271.7166563086039,1.0
11,1348,233.03955954505844,267.0093088523348,228.03955954505844,262.0093088523348,238.03955954505844,272.0093088523348,1.0
11,1349,233.03447369533427,266.7989202256696,228.03447369533427,261.7989202256696,238.03447369533427,271.7989202256696,1.0
11,1350,233.7094489654185,266.80757199108797,228.7094489654185,261.80757199108797,238.7094489654185,271.80757199108797,1.0
11,1351,235.5877980320584,266.83514297472937,230.5877980320584,261.83514297472937,240.5877980320584,271.83514297472937,1.0
11,1352,236.79173574356352,265.7134992046863,231.79173574356352,260.7134992046863,241.79173574356352,270.7134992046863,1.0
11,1353,237.9617407631369,265.06888879919836,232.9617407631369,260.06888879919836,242.9617407631369,270.06888879919836,1.0
11,1354,238.05459690436285,264.63958861163775,233.05459690436285,259.63958861163775,243.05459690436285,269.63958861163775,1.0
11,1355,238.4014798221617,263.85105297171623,233.4014798221617,258.85105297171623,243.4014798221617,268.85105297171623,1.0
11,1356,239.014340353751,263.70875145041634,234.014340353751,258.70875145041634,244.014340353751,268.70875145041634,1.0
11,1357,240.26795537117928,263.817595775655,235.26795537117928,258.817595775655,245.26795537117928,268.817595775655,1.0
11,1358,240.455815760182,263.37117382140946,235.455815760182,258.37117382140946,245.455815760182,268.37117382140946,1.0
11,1359,241.06468693065415,262.31396428322205,236.06468693065415,257.31396428322205,246.06468693065415,267.31396428322205,1.0
11,1360,242.073722514861,262.0066106652378,237.073722514861,257.0066106652378,247.073722514861,267.0066106652378,1.0
11,1361,242.86641878096694,260.9551885398508,237.86641878096694,255.95518853985078,247.86641878096694,265.9551885398508,1.0
11,1362,243.20454999202371,260.35282787897376,238.20454999202371,255.35282787897376,248.20454999202371,265.35282787897376,1.0
11,1363,243.2275289254824,260.3295228932819,238.2275289254824,255.32952289328188,248.2275289254824,265.3295228932819,1.0
11,1364,242.93572515601713,260.0980904688552,237.93572515601713,255.09809046885522,247.93572515601713,265.0980904688552,1.0
11,1365,243.37518686575794,260.1041795890062,238.37518686575794,255.1041795890062,248.37518686575794,265.1041795890062,1.0
11,1366,243.1179178942795,260.4858396318085,238.1179178942795,255.48583963180852,248.1179178942795,265.4858396318085,1.0
11,1367,242.65928238676983,259.9782306654336,237.65928238676983,254.9782306654336,247.65928238676983,264.9782306654336,1.0
11,1368,242.59577280057988,259.53256997801265,237.59577280057988,254.53256997801265,247.59577280057988,264.53256997801265,1.0
11,1369,243.5145392736152,259.50561492950715,238.5145392736152,254.50561492950715,248.5145392736152,264.50561492950715,1.0
11,1370,243.54229804158453,259.8468111454927,238.54229804158453,254.84681114549272,248.54229804158453,264.8468111454927,1.0
11,1371,243.32022449207653,259.80107418675857,238.32022449207653,254.80107418675857,248.32022449207653,264.80107418675857,1.0
11,1372,241.6290782345676,259.77114267073983,236.6290782345676,254.77114267073983,246.6290782345676,264.77114267073983,1.0
11,1373,241.30601321543037,259.3356558336946,236.30601321543037,254.3356558336946,246.30601321543037,264.3356558336946,1.0
11,1374,241.24001844647702,258.8423222080997,236.24001844647702,253.8423222080997,246.24001844647702,263.8423222080997,1.0
11,1375,240.57438186505726,257.3472580467018,235.57438186505726,252.34725804670182,245.57438186505726,262.3472580467018,1.0
11,1376,239.61786851879484,256.70288290229126,234.61786851879484,251.70288290229126,244.61786851879484,261.70288290229126,1.0
11,1377,238.82105336775277,257.0728131626105,233.82105336775277,252.0728131626105,243.82105336775277,262.0728131626105,1.0
11,1378,238.39201724294654,256.3420527199721,233.39201724294654,251.34205271997212,243.39201724294654,261.3420527199721,1.0
11,1379,238.18788342766314,256.1613358890197,233.18788342766314,251.1613358890197,243.18788342766314,261.1613358890197,1.0
11,1380,237.5926187844166,256.28038341326555,232.5926187844166,251.28038341326555,242.5926187844166,261.28038341326555,1.0
11,1381,238.07759610179716,256.54232381630067,233.07759610179716,251.54232381630067,243.07759610179716,261.54232381630067,1.0
11,1382,237.75687172876945,256.2287673518456,232.75687172876945,251.2287673518456,242.75687172876945,261.2287673518456,1.0
11,1383,236.60503318850937,255.03887034364004,231.60503318850937,250.03887034364004,241.60503318850937,260.03887034364004,1.0
11,1384,235.15641605025593,254.80045577387736,230.15641605025593,249.80045577387736,240.15641605025593,259.8004557738774,1.0
11,1385,235.56236416940476,254.9164443444833,230.56236416940476,249.9164443444833,240.56236416940476,259.9164443444833,1.0
11,1386,235.88031411693632,254.11022764324156,230.88031411693632,249.11022764324156,240.88031411693632,259.11022764324156,1.0
11,1387,236.01615923760772,253.84142502365626,231.01615923760772,248.84142502365626,241.01615923760772,258.84142502365626,1.0
11,1388,236.28829841026834,253.43840464437608,231.28829841026834,248.43840464437608,241.28829841026834,258.4384046443761,1.0
11,1389,235.85390104629468,251.54723258112125,230.85390104629468,246.54723258112125,240.85390104629468,256.54723258112125,1.0
11,1390,236.17648739246394,250.61575369856027,231.17648739246394,245.61575369856027,241.17648739246394,255.61575369856027,1.0
11,1391,235.51059914200079,249.2501721629644,230.51059914200079,244.2501721629644,240.51059914200079,254.2501721629644,1.0
11,1392,234.05057388858853,249.18384461000198,229.05057388858853,244.18384461000198,239.05057388858853,254.18384461000198,1.0
11,1393,231.3310208325919,249.46626305124977,226.3310208325919,244.46626305124977,236.3310208325919,254.46626305124977,1.0
11,1394,229.88865458245962,249.4978319879625,224.88865458245962,244.4978319879625,234.88865458245962,254.4978319879625,1.0
11,1395,229.00031589155398,249.7377413529506,224.00031589155398,244.7377413529506,234.00031589155398,254.7377413529506,1.0
11,1396,229.1602608232852,249.06169326007227,224.1602608232852,244.06169326007227,234.1602608232852,254.06169326007227,1.0
11,1397,229.27522222618063,249.01904277110623,224.27522222618063,244.01904277110623,234.27522222618063,254.01904277110623,1.0
11,1398,228.97814379742704,249.41215104435886,223.97814379742704,244.41215104435886,233.97814379742704,254.41215104435886,1.0
11,1399,228.8050880291869,249.08866663317815,223.8050880291869,244.08866663317815,233.8050880291869,254.08866663317815,1.0
11,1400,228.16167930188647,250.1034876600863,223.16167930188647,245.1034876600863,233.16167930188647,255.1034876600863,1.0
11,1401,227.7552679884305,252.10750522828292,222.7552679884305,247.10750522828292,232.7552679884305,257.1075052282829,1.0
11,1402,228.03685365310545,252.2705379077594,223.03685365310545,247.2705379077594,233.03685365310545,257.2705379077594,1.0
11,1403,228.58224732023638,253.54389768678402,223.58224732023638,248.54389768678402,233.58224732023638,258.543897686784,1.0
11,1404,228.98997337571927,254.04458136418626,223.98997337571927,249.04458136418626,233.98997337571927,259.04458136418623,1.0
11,1405,229.2321072406366,253.36053605442385,224.2321072406366,248.36053605442385,234.2321072406366,258.36053605442385,1.0
11,1406,230.61299496429928,253.90032682956306,225.61299496429928,248.90032682956306,235.61299496429928,258.900326829563,1.0
11,1407,230.93715646919844,253.83225460794,225.93715646919844,248.83225460794,235.93715646919844,258.83225460794,1.0
11,1408,230.04573882195086,252.2862435726859,225.04573882195086,247.2862435726859,235.04573882195086,257.28624357268586,1.0
11,1409,229.76650245370521,250.97946115325882,224.76650245370521,245.97946115325882,234.76650245370521,255.97946115325882,1.0
11,1410,229.61390078489046,250.76506958656486,224.61390078489046,245.76506958656486,234.61390078489046,255.76506958656486,1.0
11,1411,229.6477216045664,251.6933827174687,224.6477216045664,246.6933827174687,234.6477216045664,256.6933827174687,1.0
11,1412,229.38433749701932,252.1775103914599,224.38433749701932,247.1775103914599,234.38433749701932,257.1775103914599,1.0
11,1413,229.47943360468497,253.87178869921505,224.47943360468497,248.87178869921505,234.47943360468497,258.871788699215,1.0
11,1414,230.18959778744403,254.68925220655981,225.18959778744403,249.68925220655981,235.18959778744403,259.6892522065598,1.0
11,1415,230.61747428663307,255.22723989748874,225.61747428663307,250.22723989748874,235.61747428663307,260.22723989748874,1.0
11,1416,230.56875083161182,255.78987167724964,225.56875083161182,250.78987167724964,235.56875083161182,260.7898716772496,1.0
11,1417,230.73070898895,257.37152437533115,225.73070898895,252.37152437533115,235.73070898895,262.37152437533115,1.0
11,1418,231.5202715710166,258.8026383168333,226.5202715710166,253.80263831683328,236.5202715710166,263.8026383168333,1.0
11,1419,231.43574916862428,259.7807026649655,226.43574916862428,254.78070266496547,236.43574916862428,264.7807026649655,1.0
11,1420,231.28973956591886,259.6736289574868,226.28973956591886,254.6736289574868,236.28973956591886,264.6736289574868,1.0
11,1421,230.49236071993582,260.0717192548158,225.49236071993582,255.07171925481578,235.49236071993582,265.0717192548158,1.0
11,1422,229.37680622509515,260.9673171509278,224.37680622509515,255.96731715092778,234.37680622509515,265.9673171509278,1.0
11,1423,229.94752178494343,260.6532875314123,224.94752178494343,255.65328753141227,234.94752178494343,265.6532875314123,1.0
11,1424,231.12602013258754,261.11259824849327,226.12602013258754,256.11259824849327,236.12602013258754,266.11259824849327,1.0
11,1425,232.43740473935136,261.26034270988094,227.43740473935136,256.26034270988094,237.43740473935136,266.26034270988094,1.0
11,1426,232.25459534084382,261.16022671032925,227.25459534084382,256.16022671032925,237.25459534084382,266.16022671032925,1.0
11,1427,232.08917809359397,261.65359884043994,227.08917809359397,256.65359884043994,237.08917809359397,266.65359884043994,1.0
11,1428,231.21949861089834,263.34432100490307,226.21949861089834,258.34432100490307,236.21949861089834,268.34432100490307,1.0
11,1429,230.67241133151543,264.40299194865224,225.67241133151543,259.40299194865224,235.67241133151543,269.40299194865224,1.0
11,1430,231.1589027752728,264.87127145899,226.1589027752728,259.87127145899,236.1589027752728,269.87127145899,1.0
11,1431,230.67573030546683,265.44338008451433,225.67573030546683,260.44338008451433,235.67573030546683,270.44338008451433,1.0
11,1432,230.70530964410193,265.74345623586066,225.70530964410193,260.74345623586066,235.70530964410193,270.74345623586066,1.0
11,1433,230.0697719926967,266.15408819417655,225.0697719926967,261.15408819417655,235.0697719926967,271.15408819417655,1.0
11,1434,229.01227321533037,266.84803596903555,224.01227321533037,261.84803596903555,234.01227321533037,271.84803596903555,1.0
11,1435,228.18899989788983,267.0101210285653,223.18899989788983,262.0101210285653,233.18899989788983,272.0101210285653,1.0
11,1436,228.5895755460182,267.8907034750414,223.5895755460182,262.8907034750414,233.5895755460182,272.8907034750414,1.0
11,1437,228.79297605312271,268.34320668503585,223.79297605312271,263.34320668503585,233.79297605312271,273.34320668503585,1.0
11,1438,229.61928496804705,268.8285019059865,224.61928496804705,263.8285019059865,234.61928496804705,273.8285019059865,1.0
11,1439,230.37583895280136,269.13320145247553,225.37583895280136,264.13320145247553,235.37583895280136,274.13320145247553,1.0
11,1440,230.09049320723545,270.33196629406257,225.09049320723545,265.33196629406257,235.09049320723545,275.33196629406257,1.0
11,1441,228.8308090575458,270.1014269982396,223.8308090575458,265.1014269982396,233.8308090575458,275.1014269982396,1.0
11,1442,228.1806584976986,271.38489330557724,223.1806584976986,266.38489330557724,233.1806584976986,276.38489330557724,1.0
11,1443,227.01562392507006,271.93575532408,222.01562392507006,266.93575532408,232.01562392507006,276.93575532408,1.0
11,1444,226.46289582799008,272.3892715354277,221.46289582799008,267.3892715354277,231.46289582799008,277.3892715354277,1.0
11,1445,226.3854238880993,272.76249956588623,221.3854238880993,267.76249956588623,231.3854238880993,277.76249956588623,1.0
11,1446,225.57379455759994,272.81780768681955,220.57379455759994,267.81780768681955,230.57379455759994,277.81780768681955,1.0
11,1447,224.7117098630777,273.0286707666117,219.7117098630777,268.0286707666117,229.7117098630777,278.0286707666117,1.0
11,1448,223.9687171541336,272.73509720586935,218.9687171541336,267.73509720586935,228.9687171541336,277.73509720586935,1.0
11,1449,224.10465971608676,272.3079770440554,219.10465971608676,267.3079770440554,229.10465971608676,277.3079770440554,1.0
11,1450,225.01042622065998,271.33087782453447,220.01042622065998,266.33087782453447,230.01042622065998,276.33087782453447,1.0
11,1451,225.6657471079813,269.9421362674602,220.6657471079813,264.9421362674602,230.6657471079813,274.9421362674602,1.0
11,1452,224.82946709861713,269.4066302741565,219.82946709861713,264.4066302741565,229.82946709861713,274.4066302741565,1.0
11,1453,223.92015720576848,268.7101053513933,218.92015720576848,263.7101053513933,228.92015720576848,273.7101053513933,1.0
11,1454,224.08494840019802,268.0996091000883,219.08494840019802,263.0996091000883,229.08494840019802,273.0996091000883,1.0
11,1455,223.2882977719002,268.42242415805975,218.2882977719002,263.42242415805975,228.2882977719002,273.42242415805975,1.0
11,1456,223.24820221223808,267.7912891127958,218.24820221223808,262.7912891127958,228.24820221223808,272.7912891127958,1.0
11,1457,224.5500329374342,267.32922644516134,219.5500329374342,262.32922644516134,229.5500329374342,272.32922644516134,1.0
11,1458,224.2209836702224,267.9591732006736,219.2209836702224,262.9591732006736,229.2209836702224,272.9591732006736,1.0
11,1459,224.35371844618945,269.0196410636076,219.35371844618945,264.0196410636076,229.35371844618945,274.0196410636076,1.0
11,1460,224.62717276616303,270.2878517550075,219.62717276616303,265.2878517550075,229.62717276616303,275.2878517550075,1.0
11,1461,225.27483879703155,271.3774075847713,220.27483879703155,266.3774075847713,230.27483879703155,276.3774075847713,1.0
11,1462,226.05501938348647,272.3371031110996,221.05501938348647,267.3371031110996,231.05501938348647,277.3371031110996,1.0
11,1463,226.6334789309897,272.4580724851557,221.6334789309897,267.4580724851557,231.6334789309897,277.4580724851557,1.0
11,1464,226.69246787098254,271.30160901019724,221.69246787098254,266.30160901019724,231.69246787098254,276.30160901019724,1.0
11,1465,226.94828621999073,271.2243811889743,221.94828621999073,266.2243811889743,231.94828621999073,276.2243811889743,1.0
11,1466,226.37344457005813,272.13781864311807,221.37344457005813,267.13781864311807,231.37344457005813,277.13781864311807,1.0
11,1467,225.80289168982105,273.4908045699478,220.80289168982105,268.4908045699478,230.80289168982105,278.4908045699478,1.0
11,1468,225.63149441885008,274.75281537111135,220.63149441885008,269.75281537111135,230.63149441885008,279.75281537111135,1.0
11,1469,225.15627975760782,274.2718012648835,220.15627975760782,269.2718012648835,230.15627975760782,279.2718012648835,1.0
12,890,334.0,7.5,329.0,2.5,339.0,12.5,1.0
12,891,333.6687621189775,8.562582571932811,328.6687621189775,3.5625825719328112,338.6687621189775,13.562582571932811,1.0
12,892,332.45158249174534,10.284736018158966,327.45158249174534,5.284736018158966,337.45158249174534,15.284736018158966,1.0
12,893,331.7693830040894,10.14375697112802,326.7693830040894,5.14375697112802,336.7693830040894,15.14375697112802,1.0
12,894,330.297373582459,10.79916760768293,325.297373582459,5.79916760768293,335.297373582459,15.79916760768293,1.0
12,895,329.3342439292344,10.787949882516681,324.3342439292344,5.787949882516681,334.3342439292344,15.787949882516681,1.0
12,896,328.62112864493366,10.714656931003443,323.62112864493366,5.714656931003443,333.62112864493366,15.714656931003443,1.0
12,897,327.7360508975068,10.309653273759654,322.7360508975068,5.309653273759654,332.7360508975068,15.309653273759654,1.0
12,898,327.3369708466241,10.676007775336178,322.3369708466241,5.676007775336178,332.3369708466241,15.676007775336178,1.0
12,899,327.80319027728183,10.818884990106449,322.80319027728183,5.818884990106449,332.80319027728183,15.818884990106449,1.0
12,900,327.2620886711473,10.305517554621044,322.2620886711473,5.305517554621044,332.2620886711473,15.305517554621044,1.0
12,901,328.1746067282514,10.22705896967348,323.1746067282514,5.227058969673481,333.1746067282514,15.22705896967348,1.0
12,902,329.4557505383305,9.997244381751454,324.4557505383305,4.997244381751454,334.4557505383305,14.997244381751454,1.0
12,903,330.0769612019786,9.235499136455179,325.0769612019786,4.235499136455179,335.0769612019786,14.235499136455179,1.0
12,904,331.86671379017525,9.468063546143213,326.86671379017525,4.468063546143213,336.86671379017525,14.468063546143213,1.0
12,905,332.8098749590167,8.76017929131436,327.8098749590167,3.76017929131436,337.8098749590167,13.76017929131436,1.0
12,906,332.40591012738406,9.06315674875638,327.40591012738406,4.063156748756381,337.40591012738406,14.06315674875638,1.0
12,907,331.6343405237064,9.614603579528785,326.6343405237064,4.614603579528785,336.6343405237064,14.614603579528785,1.0
12,908,332.0365385472995,9.184168415501746,327.0365385472995,4.1841684155017465,337.0365385472995,14.184168415501746,1.0
12,909,332.20437663264124,8.726598622437548,327.20437663264124,3.726598622437548,337.20437663264124,13.726598622437548,1.0
12,910,332.1772498241638,7.946093325834031,327.1772498241638,2.946093325834031,337.1772498241638,12.946093325834031,1.0
12,911,331.34883338853314,6.968715120542036,326.34883338853314,1.9687151205420363,336.34883338853314,11.968715120542036,1.0
12,912,330.95617686650536,6.30767980326199,325.95617686650536,1.3076798032619896,335.95617686650536,11.30767980326199,1.0
12,913,331.6690844298083,5.945259341719298,326.6690844298083,0.9452593417192983,336.6690844298083,10.945259341719298,1.0
12,914,333.33175474597846,5.948776211940881,328.33175474597846,0.9487762119408814,338.33175474597846,10.948776211940881,1.0
12,915,334.24361582846484,6.6161457208739645,329.24361582846484,1.6161457208739645,339.24361582846484,11.616145720873964,1.0
12,916,334.5528642135523,7.687252711955913,329.5528642135523,2.687252711955913,339.5528642135523,12.687252711955914,1.0
12,917,336.08224557105393,6.763134277541922,331.08224557105393,1.7631342775419219,341.08224557105393,11.763134277541923,1.0
12,918,336.84226913424527,5.488614339509355,331.84226913424527,0.48861433950935496,341.84226913424527,10.488614339509354,1.0
12,919,337.5310108216579,5.2476089112100475,332.5310108216579,0.24760891121004747,342.5310108216579,10.247608911210047,1.0
12,920,338.11690599308395,5.273237854202874,333.11690599308395,0.2732378542028737,343.11690599308395,10.273237854202874,1.0
12,921,340.0651712902269,4.421755668115535,335.0651712902269,-0.5782443318844646,345.0651712902269,9.421755668115535,1.0
12,922,342.51336632592876,3.367504901841201,337.51336632592876,-1.632495098158799,347.51336632592876,8.367504901841201,1.0
12,923,342.9948692996655,2.299405333656212,337.9948692996655,-2.700594666343788,347.9948692996655,7.299405333656212,1.0
12,924,342.86652624641533,2.038206006091129,337.86652624641533,-2.961793993908871,347.86652624641533,7.038206006091129,1.0
12,925,342.94217764208673,1.6138184082040956,337.94217764208673,-3.3861815917959044,347.94217764208673,6.613818408204096,1.0
12,926,343.15088946011775,0.6149909994547116,338.15088946011775,-4.385009000545288,348.15088946011775,5.614990999454712,1.0
12,927,342.9533616796785,1.3223293615676806,337.9533616796785,-3.6776706384323194,347.9533616796785,6.3223293615676806,1.0
12,928,342.5845600190384,1.7605031620313971,337.5845600190384,-3.239496837968603,347.5845600190384,6.760503162031397,1.0
12,929,342.6312045832644,2.3964921261002727,337.6312045832644,-2.6035078738997273,347.6312045832644,7.396492126100273,1.0
12,930,342.19054345049176,2.9161682214257016,337.19054345049176,-2.0838317785742984,347.19054345049176,7.916168221425702,1.0
12,931,342.8826590254989,3.7574583725693635,337.8826590254989,-1.2425416274306365,347.8826590254989,8.757458372569364,1.0
12,932,343.6346360129148,4.911034193549959,338.6346360129148,-0.08896580645004093,348.6346360129148,9.911034193549959,1.0
12,938,343.16976627793156,6.692337496480757,338.16976627793156,1.6923374964807572,348.16976627793156,11.692337496480757,1.0
12,939,342.5871705379938,7.65723128865061,337.5871705379938,2.6572312886506104,347.5871705379938,12.65723128865061,1.0
12,940,342.1566870149898,7.475491026881616,337.1566870149898,2.475491026881616,347.1566870149898,12.475491026881617,1.0
12,941,341.81603804106356,7.296329647361039,336.81603804106356,2.2963296473610386,346.81603804106356,12.296329647361038,1.0
12,942,341.4576149031012,7.593655756061384,336.4576149031012,2.593655756061384,346.4576149031012,12.593655756061384,1.0
12,943,341.767475600358,8.362405363057189,336.767475600358,3.3624053630571886,346.767475600358,13.362405363057189,1.0
12,944,342.1408018429791,8.899959986904088,337.1408018429791,3.899959986904088,347.1408018429791,13.899959986904088,1.0
12,945,341.7371711559568,9.163891867589543,336.7371711559568,4.163891867589543,346.7371711559568,14.163891867589543,1.0
12,946,341.9548578603238,8.904125942564297,336.9548578603238,3.9041259425642973,346.9548578603238,13.904125942564297,1.0
12,947,341.044279540386,9.1380959108392,336.044279540386,4.1380959108391995,346.044279540386,14.1380959108392,1.0
12,948,340.3215366380671,8.156394350770197,335.3215366380671,3.1563943507701975,345.3215366380671,13.156394350770197,1.0
12,949,339.85121901705077,7.680034070224215,334.85121901705077,2.680034070224215,344.85121901705077,12.680034070224215,1.0
12,950,339.25216654012485,7.5774200843774615,334.25216654012485,2.5774200843774615,344.25216654012485,12.577420084377462,1.0
12,951,338.3465101302333,7.543661496055173,333.3465101302333,2.543661496055173,343.3465101302333,12.543661496055172,1.0
12,952,337.829975756555,7.464584571336133,332.829975756555,2.4645845713361334,342.829975756555,12.464584571336133,1.0
12,953,337.65436723796944,8.104710174209725,332.65436723796944,3.1047101742097247,342.65436723796944,13.104710174209725,1.0
12,954,336.7145979234105,8.007071882146475,331.7145979234105,3.007071882146475,341.7145979234105,13.007071882146475,1.0
12,955,336.0195527012744,7.714178852551505,331.0195527012744,2.7141788525515054,341.0195527012744,12.714178852551505,1.0
12,956,336.3014440802443,7.215845238188329,331.3014440802443,2.2158452381883293,341.3014440802443,12.21584523818833,1.0
12,957,335.94764795151286,6.7852755639638955,330.94764795151286,1.7852755639638955,340.94764795151286,11.785275563963896,1.0
12,958,333.861586296486,6.926130995895575,328.861586296486,1.9261309958955746,338.861586296486,11.926130995895575,1.0
12,959,333.1557408722012,5.432497459979707,328.1557408722012,0.43249745997970734,338.1557408722012,10.432497459979707,1.0
12,960,332.0114859405043,3.4317163441141965,327.0114859405043,-1.5682836558858035,337.0114859405043,8.431716344114196,1.0
12,961,331.6295853725274,2.159551328960619,326.6295853725274,-2.840448671039381,336.6295853725274,7.159551328960619,1.0
12,962,331.85495790161116,1.7234942214483286,326.85495790161116,-3.2765057785516714,336.85495790161116,6.723494221448329,1.0
12,963,332.03190393113584,0.5933109270077033,327.03190393113584,-4.406689072992297,337.03190393113584,5.593310927007703,1.0
12,964,331.97625317194286,-1.2127840462983652,326.97625317194286,-6.212784046298365,336.97625317194286,3.7872159537016348,1.0
12,965,332.6037570486907,-1.3069594576459043,327.6037570486907,-6.306959457645904,337.6037570486907,3.6930405423540957,1.0
12,966,333.13527707196727,-1.1903318593386736,328.13527707196727,-6.190331859338674,338.13527707196727,3.8096681406613264,1.0
12,967,333.96080612464846,-1.2123060163380295,328.96080612464846,-6.2123060163380295,338.96080612464846,3.7876939836619705,1.0
12,968,334.4709842368948,-0.59897396017886,329.4709842368948,-5.59897396017886,339.4709842368948,4.40102603982114,1.0
12,969,334.27574382196326,-0.8098918160764672,329.27574382196326,-5.809891816076467,339.27574382196326,4.190108183923533,1.0
12,970,333.76772166715125,-0.8637679664305811,328.76772166715125,-5.863767966430581,338.76772166715125,4.136232033569419,1.0
12,971,333.54902038125647,0.5184304510817572,328.54902038125647,-4.481569548918243,338.54902038125647,5.518430451081757,1.0
12,972,333.74994148901715,1.7569882003815156,328.74994148901715,-3.2430117996184844,338.74994148901715,6.756988200381516,1.0
12,973,334.53395147529716,2.387905888651427,329.53395147529716,-2.612094111348573,339.53395147529716,7.387905888651427,1.0
12,974,335.40109268085223,3.552807202494585,330.40109268085223,-1.4471927975054149,340.40109268085223,8.552807202494584,1.0
12,975,336.1389946015597,3.6610796264433656,331.1389946015597,-1.3389203735566344,341.1389946015597,8.661079626443366,1.0
12,976,336.3243269960528,2.8251163231157896,331.3243269960528,-2.1748836768842104,341.3243269960528,7.82511632311579,1.0
12,977,336.7549782822196,3.549997938994661,331.7549782822196,-1.450002061005339,341.7549782822196,8.549997938994661,1.0
12,978,335.2879679733422,2.669599804828448,330.2879679733422,-2.330400195171552,340.2879679733422,7.669599804828448,1.0
12,979,334.4364245415183,1.8096061496439173,329.4364245415183,-3.1903938503560827,339.4364245415183,6.809606149643917,1.0
12,980,333.6987101327112,1.7208826438374318,328.6987101327112,-3.279117356162568,338.6987101327112,6.720882643837432,1.0
12,981,333.9506527147338,1.0608045085767266,328.9506527147338,-3.9391954914232734,338.9506527147338,6.060804508576727,1.0
12,982,333.5240084344753,1.100343018342878,328.5240084344753,-3.899656981657122,338.5240084344753,6.100343018342878,1.0
12,983,332.48875880583336,0.6414677011294234,327.48875880583336,-4.358532298870577,337.48875880583336,5.641467701129423,1.0
12,984,332.53451606467115,0.26114170242925017,327.53451606467115,-4.73885829757075,337.53451606467115,5.26114170242925,1.0
12,985,332.5741971195528,0.16699873754523242,327.5741971195528,-4.833001262454768,337.5741971195528,5.166998737545232,1.0
12,986,333.25627598906493,0.45333732465453114,328.25627598906493,-4.546662675345469,338.25627598906493,5.453337324654531,1.0
12,987,333.4103020964765,0.07109569739363852,328.4103020964765,-4.9289043026063615,338.4103020964765,5.0710956973936385,1.0
12,988,332.65651545758624,0.6457052334847715,327.65651545758624,-4.3542947665152285,337.65651545758624,5.6457052334847715,1.0
12,989,332.4684833199112,1.9400466519012056,327.4684833199112,-3.0599533480987944,337.4684833199112,6.940046651901206,1.0
12,990,333.1195818833122,2.875033887067363,328.1195818833122,-2.124966112932637,338.1195818833122,7.875033887067363,1.0
12,991,332.6126756897291,2.530424400721204,327.6126756897291,-2.469575599278796,337.6126756897291,7.530424400721204,1.0
12,992,332.42714219413193,2.144630249079726,327.42714219413193,-2.855369750920274,337.42714219413193,7.144630249079726,1.0
12,993,332.62685439079485,2.148881155569474,327.62685439079485,-2.851118844430526,337.62685439079485,7.148881155569474,1.0
12,994,333.0363577691206,2.8447039487529935,328.0363577691206,-2.1552960512470065,338.0363577691206,7.8447039487529935,1.0
12,995,333.66456334795004,2.8889342058540715,328.66456334795004,-2.1110657941459285,338.66456334795004,7.8889342058540715,1.0
12,996,334.7255671955573,3.412792072311004,329.7255671955573,-1.587207927688996,339.7255671955573,8.412792072311003,1.0
12,997,335.0477768727624,3.6370151543167477,330.0477768727624,-1.3629848456832523,340.0477768727624,8.637015154316748,1.0
12,998,335.272291428751,4.726771903849635,330.272291428751,-0.2732280961503646,340.272291428751,9.726771903849635,1.0
12,999,335.20081006072644,5.71651284825239,330.20081006072644,0.7165128482523899,340.20081006072644,10.716512848252389,1.0
12,1000,335.9178923278158,7.9726944138410785,330.9178923278158,2.9726944138410785,340.9178923278158,12.97269441384108,1.0
12,1001,337.734282694246,8.341431571227362,332.734282694246,3.3414315712273623,342.734282694246,13.341431571227362,1.0
12,1002,338.44080237420235,9.117446512417802,333.44080237420235,4.117446512417802,343.44080237420235,14.117446512417802,1.0
12,1003,338.6153314081983,9.527075822948682,333.6153314081983,4.527075822948682,343.6153314081983,14.527075822948682,1.0
12,1004,338.1854552341274,9.266423771480408,333.1854552341274,4.266423771480408,343.1854552341274,14.266423771480408,1.0
12,1005,337.85024822262704,8.478398106846972,332.85024822262704,3.4783981068469725,342.85024822262704,13.478398106846972,1.0
12,1006,337.1544051971119,8.054893274114441,332.1544051971119,3.0548932741144412,342.1544051971119,13.054893274114441,1.0
12,1007,335.8176445880334,7.8994131932013945,330.8176445880334,2.8994131932013945,340.8176445880334,12.899413193201394,1.0
12,1008,335.16102816707024,8.551266760005323,330.16102816707024,3.5512667600053227,340.16102816707024,13.551266760005323,1.0
12,1009,334.58865431640965,8.780813425200419,329.58865431640965,3.780813425200419,339.58865431640965,13.780813425200419,1.0
12,1010,334.60486615363124,7.943665757617387,329.60486615363124,2.943665757617387,339.60486615363124,12.943665757617387,1.0
12,1011,332.978287728038,8.187138961765196,327.978287728038,3.1871389617651964,337.978287728038,13.187138961765196,1.0
12,1012,331.99863272205073,7.942222336041708,326.99863272205073,2.9422223360417084,336.99863272205073,12.94222233604171,1.0
12,1013,331.11321415111337,7.775819460819994,326.11321415111337,2.775819460819994,336.11321415111337,12.775819460819994,1.0
12,1014,331.17906872087775,7.580480337617082,326.17906872087775,2.5804803376170824,336.17906872087775,12.580480337617082,1.0
12,1015,331.4912437189858,7.437515445055322,326.4912437189858,2.437515445055322,336.4912437189858,12.437515445055322,1.0
12,1016,331.8432302437329,6.474839126136017,326.8432302437329,1.4748391261360174,336.8432302437329,11.474839126136018,1.0
12,1017,332.0953881035185,6.552817751067673,327.0953881035185,1.552817751067673,337.0953881035185,11.552817751067673,1.0
12,1018,332.3227758317602,5.652180347933173,327.3227758317602,0.6521803479331734,337.3227758317602,10.652180347933173,1.0
12,1019,332.80567044063525,4.253718855513898,327.80567044063525,-0.7462811444861019,337.80567044063525,9.253718855513899,1.0
12,1020,334.72449530876844,3.78496572287167,329.72449530876844,-1.2150342771283298,339.72449530876844,8.78496572287167,1.0
12,1021,336.48132742116184,3.6065553550706717,331.48132742116184,-1.3934446449293283,341.48132742116184,8.606555355070672,1.0
12,1022,337.62124119868065,4.907994962928196,332.62124119868065,-0.09200503707180374,342.62124119868065,9.907994962928196,1.0
12,1023,337.6081220948017,5.2420358155781805,332.6081220948017,0.24203581557818055,342.6081220948017,10.24203581557818,1.0
12,1024,337.5617744929499,5.24305703942569,332.5617744929499,0.24305703942568968,342.5617744929499,10.24305703942569,1.0
12,1025,337.4994956190203,5.105093166997241,332.4994956190203,0.10509316699724103,342.4994956190203,10.105093166997241,1.0
12,1026,336.315488905834,5.244781959021785,331.315488905834,0.24478195902178523,341.315488905834,10.244781959021786,1.0
12,1027,336.3796920083882,5.1742783160119465,331.3796920083882,0.17427831601194654,341.3796920083882,10.174278316011947,1.0
12,1028,337.09416534750756,4.591433138151994,332.09416534750756,-0.40856686184800584,342.09416534750756,9.591433138151995,1.0
12,1029,338.1759795866927,4.078630604540995,333.1759795866927,-0.9213693954590054,343.1759795866927,9.078630604540994,1.0
12,1030,337.9971119404426,4.109542993725989,332.9971119404426,-0.8904570062740111,342.9971119404426,9.109542993725988,1.0
12,1031,336.7482773092532,4.532734500440581,331.7482773092532,-0.467265499559419,341.7482773092532,9.532734500440581,1.0
12,1032,336.6833369717078,4.821133730096416,331.6833369717078,-0.17886626990358412,341.6833369717078,9.821133730096417,1.0
12,1033,337.1593967488291,5.184305916371345,332.1593967488291,0.1843059163713452,342.1593967488291,10.184305916371345,1.0
12,1034,336.42710005894924,6.5160349091653,331.42710005894924,1.5160349091652998,341.42710005894924,11.516034909165299,1.0
12,1035,335.7942862413154,6.661256901222377,330.7942862413154,1.6612569012223766,340.7942862413154,11.661256901222377,1.0
12,1036,335.0140175875088,6.0330598991493805,330.0140175875088,1.0330598991493805,340.0140175875088,11.03305989914938,1.0
12,1037,335.1656730160618,5.749974417713425,330.1656730160618,0.7499744177134247,340.1656730160618,10.749974417713425,1.0
12,1038,335.70047761368835,5.502599707847297,330.70047761368835,0.5025997078472972,340.70047761368835,10.502599707847297,1.0
12,1039,336.1206555989481,5.575340409420168,331.1206555989481,0.5753404094201677,341.1206555989481,10.575340409420168,1.0
12,1040,337.19500675735804,5.5599026395963485,332.19500675735804,0.5599026395963485,342.19500675735804,10.559902639596348,1.0
12,1041,337.6801345798135,4.696048452522124,332.6801345798135,-0.303951547477876,342.6801345798135,9.696048452522124,1.0
12,1042,338.2822649706617,4.060483022843361,333.2822649706617,-0.9395169771566394,343.2822649706617,9.06048302284336,1.0
12,1043,338.15822945512184,3.7123612169951867,333.15822945512184,-1.2876387830048133,343.15822945512184,8.712361216995188,1.0
12,1044,337.84647924394784,2.8116878528287756,332.84647924394784,-2.1883121471712244,342.84647924394784,7.811687852828776,1.0
12,1045,337.01223722164684,2.701186391570209,332.01223722164684,-2.298813608429791,342.01223722164684,7.701186391570209,1.0
12,1046,336.1679783340445,3.74484290712899,331.1679783340445,-1.25515709287101,341.1679783340445,8.74484290712899,1.0
12,1047,336.4227637441016,4.166558512844259,331.4227637441016,-0.8334414871557412,341.4227637441016,9.166558512844258,1.0
12,1048,337.42628318323466,4.123536758706351,332.42628318323466,-0.8764632412936493,342.42628318323466,9.12353675870635,1.0
12,1049,338.23761702158976,4.762898722364092,333.23761702158976,-0.23710127763590805,343.23761702158976,9.762898722364092,1.0
12,1050,339.5981607888052,4.812887604279596,334.5981607888052,-0.18711239572040395,344.5981607888052,9.812887604279595,1.0
12,1051,339.3083812827858,4.601282201630473,334.3083812827858,-0.39871779836952737,344.3083812827858,9.601282201630472,1.0
12,1052,338.6394418804248,5.0038333043054255,333.6394418804248,0.0038333043054255,343.6394418804248,10.003833304305426,1.0
12,1053,338.0647376573266,5.064582070820508,333.0647376573266,0.06458207082050826,343.0647376573266,10.064582070820508,1.0
12,1054,337.6986303576396,6.412066646754154,332.6986303576396,1.4120666467541536,342.6986303576396,11.412066646754154,1.0
12,1055,337.47894278665234,7.008037605826194,332.47894278665234,2.0080376058261944,342.47894278665234,12.008037605826194,1.0
12,1056,337.70870909394847,6.916239179671631,332.70870909394847,1.9162391796716314,342.70870909394847,11.916239179671631,1.0
12,1057,337.9750431354088,6.484086635345376,332.9750431354088,1.4840866353453759,342.9750431354088,11.484086635345376,1.0
12,1058,338.7795627439839,6.7384935044328795,333.7795627439839,1.7384935044328795,343.7795627439839,11.73849350443288,1.0
12,1059,340.4086045617059,7.340168935369571,335.4086045617059,2.3401689353695714,345.4086045617059,12.340168935369572,1.0
12,1060,341.48502139733824,7.904974945708608,336.48502139733824,2.9049749457086076,346.48502139733824,12.904974945708608,1.0
12,1061,340.73939006796456,8.15083038745871,335.73939006796456,3.1508303874587096,345.73939006796456,13.15083038745871,1.0
12,1062,340.5305187974786,7.525976187747479,335.5305187974786,2.525976187747479,345.5305187974786,12.525976187747478,1.0
12,1063,339.60675245302275,6.786247746105695,334.60675245302275,1.786247746105695,344.60675245302275,11.786247746105694,1.0
12,1064,338.7231781359997,6.270656534473357,333.7231781359997,1.270656534473357,343.7231781359997,11.270656534473357,1.0
12,1065,338.2739446049938,4.630900962286795,333.2739446049938,-0.3690990377132053,343.2739446049938,9.630900962286795,1.0
12,1066,338.8558228295657,4.829939254552754,333.8558228295657,-0.1700607454472456,343.8558228295657,9.829939254552755,1.0
12,1067,338.9236633417385,4.492071529607338,333.9236633417385,-0.5079284703926623,343.9236633417385,9.492071529607337,1.0
12,1068,338.93380990951255,4.569355532241803,333.93380990951255,-0.43064446775819665,343.93380990951255,9.569355532241804,1.0
12,1069,339.08317104126286,5.111499215351945,334.08317104126286,0.1114992153519454,344.08317104126286,10.111499215351945,1.0
12,1070,339.61584665077396,5.5111496908857855,334.61584665077396,0.5111496908857855,344.61584665077396,10.511149690885786,1.0
12,1071,338.5052640733742,5.185669378156772,333.5052640733742,0.18566937815677242,343.5052640733742,10.185669378156772,1.0
12,1072,337.7765391327654,4.176026341915646,332.7765391327654,-0.8239736580843537,342.7765391327654,9.176026341915646,1.0
12,1073,337.5939663423571,3.8614490184862813,332.5939663423571,-1.1385509815137187,342.5939663423571,8.861449018486281,1.0
12,1074,336.37327838559554,4.0665400287052105,331.37327838559554,-0.9334599712947895,341.37327838559554,9.06654002870521,1.0
12,1075,334.83650925028473,4.074017308052369,329.83650925028473,-0.925982691947631,339.83650925028473,9.074017308052369,1.0
12,1076,334.259991859184,3.3446470726188773,329.259991859184,-1.6553529273811227,339.259991859184,8.344647072618876,1.0
12,1077,334.28673181722763,2.4200591745218647,329.28673181722763,-2.5799408254781353,339.28673181722763,7.420059174521865,1.0
12,1078,334.06281990783935,1.0756744637101487,329.06281990783935,-3.9243255362898513,339.06281990783935,6.075674463710149,1.0
12,1079,333.9202130851379,-0.4951260858889963,328.9202130851379,-5.495126085888996,338.9202130851379,4.504873914111004,1.0
12,1080,333.5488931254765,-1.5661649242722966,328.5488931254765,-6.566164924272297,338.5488931254765,3.4338350757277034,1.0
12,1081,333.15267461651916,-2.4183893058714787,328.15267461651916,-7.418389305871479,338.15267461651916,2.5816106941285213,1.0
12,1082,333.2044254775565,-2.859694485748715,328.2044254775565,-7.859694485748715,338.2044254775565,2.140305514251285,1.0
12,1083,333.09181035968464,-3.747211068799558,328.09181035968464,-8.747211068799558,338.09181035968464,1.2527889312004419,1.0
12,1084,332.97293222761266,-4.176347376576631,327.97293222761266,-9.176347376576631,337.97293222761266,0.823652623423369,1.0
12,1085,334.33836372091844,-4.9837639909455635,329.33836372091844,-9.983763990945564,339.33836372091844,0.01623600905443645,1.0
12,1086,334.9262107234027,-5.129955759372848,329.9262107234027,-10.129955759372848,339.9262107234027,-0.12995575937284798,1.0
12,1087,335.92314407360766,-5.071530650199183,330.92314407360766,-10.071530650199183,340.92314407360766,-0.07153065019918259,1.0
12,1088,336.9628561011406,-5.1097073888963624,331.9628561011406,-10.109707388896362,341.9628561011406,-0.10970738889636245,1.0
12,1089,337.4628880177378,-4.874255603385851,332.4628880177378,-9.874255603385851,342.4628880177378,0.1257443966141487,1.0
12,1090,339.0940531711491,-3.8376148385235123,334.0940531711491,-8.837614838523512,344.0940531711491,1.1623851614764877,1.0
12,1091,341.02489459068124,-2.5907271416114153,336.02489459068124,-7.590727141611415,346.02489459068124,2.4092728583885847,1.0
12,1092,341.4595283705856,-2.1747541439225024,336.4595283705856,-7.174754143922502,346.4595283705856,2.8252458560774976,1.0
12,1093,342.85450418197684,-2.071836188807797,337.85450418197684,-7.071836188807797,347.85450418197684,2.928163811192203,1.0
12,1094,343.3987391661402,-2.3653858387473345,338.3987391661402,-7.3653858387473345,348.3987391661402,2.6346141612526655,1.0
12,1095,344.9403647755633,-1.9972952782799016,339.9403647755633,-6.997295278279902,349.9403647755633,3.0027047217200984,1.0
12,1096,347.05218228775976,-1.911643322245757,342.05218228775976,-6.911643322245757,352.05218228775976,3.088356677754243,1.0
12,1097,348.5385652816072,-3.401511039617448,343.5385652816072,-8.401511039617448,353.5385652816072,1.5984889603825518,1.0
12,1098,348.9577297090873,-3.9923249721117724,343.9577297090873,-8.992324972111772,353.9577297090873,1.0076750278882276,1.0
12,1099,350.05299024636196,-4.6503983087542515,345.05299024636196,-9.650398308754252,355.05299024636196,0.34960169124574847,1.0
12,1100,350.94555688143674,-5.381561740763523,345.94555688143674,-10.381561740763523,355.94555688143674,-0.381561740763523,1.0
12,1101,351.7005394161099,-4.795796899961557,346.7005394161099,-9.795796899961557,356.7005394161099,0.204203100038443,1.0
12,1102,352.6811047834271,-3.7662408739019018,347.6811047834271,-8.766240873901902,357.6811047834271,1.2337591260980982,1.0
12,1103,352.9398161733494,-3.1103775996082987,347.9398161733494,-8.110377599608299,357.9398161733494,1.8896224003917013,1.0
12,1104,353.44365620598893,-2.9863385857363394,348.44365620598893,-7.986338585736339,358.44365620598893,2.0136614142636606,1.0
12,1105,354.27702010970336,-3.189660761078395,349.27702010970336,-8.189660761078395,359.27702010970336,1.810339238921605,1.0
12,1106,355.0844855606527,-3.166546969877187,350.0844855606527,-8.166546969877187,360.0844855606527,1.8334530301228131,1.0
12,1107,355.85133199655496,-3.4098346442500773,350.85133199655496,-8.409834644250077,360.85133199655496,1.5901653557499227,1.0
12,1108,356.14144838184546,-4.781439645245996,351.14144838184546,-9.781439645245996,361.14144838184546,0.21856035475400404,1.0
12,1109,356.6574803658616,-4.923372102468887,351.6574803658616,-9.923372102468887,361.6574803658616,0.07662789753111277,1.0
12,1110,356.7724865792121,-4.66105535139358,351.7724865792121,-9.66105535139358,361.7724865792121,0.3389446486064198,1.0
12,1111,357.1065161253186,-5.952769322072058,352.1065161253186,-10.952769322072058,362.1065161253186,-0.9527693220720579,1.0
12,1112,357.7947844488133,-6.385629043270827,352.7947844488133,-11.385629043270827,362.7947844488133,-1.3856290432708267,1.0
12,1113,357.6727859821826,-6.465109260859778,352.6727859821826,-11.465109260859778,362.6727859821826,-1.4651092608597782,1.0
12,1114,356.8364538723816,-5.53364277522957,351.8364538723816,-10.53364277522957,361.8364538723816,-0.5336427752295698,1.0
12,1115,356.7491854667318,-4.173006643276194,351.7491854667318,-9.173006643276194,361.7491854667318,0.8269933567238059,1.0
12,1116,356.58971578838407,-4.401509180998978,351.58971578838407,-9.401509180998978,361.58971578838407,0.5984908190010216,1.0
12,1117,355.8665765710456,-4.506084324134095,350.8665765710456,-9.506084324134095,360.8665765710456,0.4939156758659049,1.0
12,1118,355.21665912563105,-4.314056879657649,350.21665912563105,-9.314056879657649,360.21665912563105,0.6859431203423512,1.0
12,1119,355.57226242431653,-4.492932060163168,350.57226242431653,-9.492932060163168,360.57226242431653,0.5070679398368316,1.0
12,1120,356.1354509402637,-4.802243831347839,351.1354509402637,-9.80224383134784,361.1354509402637,0.19775616865216072,1.0
12,1121,356.66957222361503,-5.405389372856945,351.66957222361503,-10.405389372856945,361.66957222361503,-0.4053893728569449,1.0
12,1122,356.4726812065364,-5.654321342587096,351.4726812065364,-10.654321342587096,361.4726812065364,-0.654321342587096,1.0
12,1123,356.04371022499146,-6.961625807315709,351.04371022499146,-11.96162580731571,361.04371022499146,-1.9616258073157091,1.0
12,1124,355.9177765082036,-6.8760662648661235,350.9177765082036,-11.876066264866123,360.9177765082036,-1.8760662648661235,1.0
12,1125,355.6785019289182,-6.177897642462934,350.6785019289182,-11.177897642462934,360.6785019289182,-1.1778976424629342,1.0
12,1126,355.91066471541467,-6.933461782037199,350.91066471541467,-11.933461782037199,360.91066471541467,-1.9334617820371989,1.0
12,1127,356.7904375262389,-7.990835658028955,351.7904375262389,-12.990835658028955,361.7904375262389,-2.9908356580289546,1.0
12,1128,356.9123802660724,-7.945792526366123,351.9123802660724,-12.945792526366123,361.9123802660724,-2.945792526366123,1.0
12,1129,356.19993210087443,-8.372099030497775,351.19993210087443,-13.372099030497775,361.19993210087443,-3.3720990304977754,1.0
12,1130,354.979432062703,-9.015218222238637,349.979432062703,-14.015218222238637,359.979432062703,-4.015218222238637,1.0
12,1131,354.14069214485886,-9.717032045102712,349.14069214485886,-14.717032045102712,359.14069214485886,-4.717032045102712,1.0
12,1132,354.04804943237855,-9.897109530953156,349.04804943237855,-14.897109530953156,359.04804943237855,-4.897109530953156,1.0
12,1133,353.5793992850767,-10.755400583164459,348.5793992850767,-15.755400583164459,358.5793992850767,-5.755400583164459,1.0
12,1134,352.6866105502782,-10.690570019928462,347.6866105502782,-15.690570019928462,357.6866105502782,-5.690570019928462,1.0
12,1135,352.94718519779116,-11.680544386992363,347.94718519779116,-16.680544386992363,357.94718519779116,-6.680544386992363,1.0
12,1136,353.73868081621134,-12.49954066452058,348.73868081621134,-17.49954066452058,358.73868081621134,-7.49954066452058,1.0
12,1137,353.75500859932345,-13.051316026866314,348.75500859932345,-18.051316026866314,358.75500859932345,-8.051316026866314,1.0
12,1138,353.90020947581223,-13.346072232357294,348.90020947581223,-18.346072232357294,358.90020947581223,-8.346072232357294,1.0
12,1139,352.9027681327857,-14.196467300169896,347.9027681327857,-19.196467300169896,357.9027681327857,-9.196467300169896,1.0
12,1140,352.07842901041937,-16.087507833617693,347.07842901041937,-21.087507833617693,357.07842901041937,-11.087507833617693,1.0
12,1141,351.1061709255111,-16.27582399096023,346.1061709255111,-21.27582399096023,356.1061709255111,-11.27582399096023,1.0
12,1142,351.0948777306418,-16.252727734036363,346.0948777306418,-21.252727734036363,356.0948777306418,-11.252727734036363,1.0
12,1143,350.3514137822973,-15.835027054696969,345.3514137822973,-20.83502705469697,355.3514137822973,-10.835027054696969,1.0
12,1144,348.4844453538454,-15.45223044824139,343.4844453538454,-20.45223044824139,353.4844453538454,-10.45223044824139,1.0
12,1145,347.46967170628756,-15.25482347245591,342.46967170628756,-20.25482347245591,352.46967170628756,-10.25482347245591,1.0
12,1146,346.6825558408048,-14.886834272249352,341.6825558408048,-19.886834272249352,351.6825558408048,-9.886834272249352,1.0
12,1147,346.6062216250076,-15.258900326325215,341.6062216250076,-20.258900326325215,351.6062216250076,-10.258900326325215,1.0
12,1148,346.38964797744575,-15.602324606484846,341.38964797744575,-20.602324606484846,351.38964797744575,-10.602324606484846,1.0
12,1149,345.91069880866803,-16.264432091985075,340.91069880866803,-21.264432091985075,350.91069880866803,-11.264432091985075,1.0
12,1150,345.7508774294457,-16.47493825364871,340.7508774294457,-21.47493825364871,350.7508774294457,-11.474938253648709,1.0
12,1151,345.33620947989624,-16.482198835677053,340.33620947989624,-21.482198835677053,350.33620947989624,-11.482198835677053,1.0
12,1152,344.60818068673507,-16.704386054425637,339.60818068673507,-21.704386054425637,349.60818068673507,-11.704386054425637,1.0
12,1153,344.395317404804,-15.980852367856784,339.395317404804,-20.980852367856784,349.395317404804,-10.980852367856784,1.0
12,1154,346.1052484961172,-15.505083318926577,341.1052484961172,-20.505083318926577,351.1052484961172,-10.505083318926577,1.0
12,1155,347.0117130396352,-14.665895036831621,342.0117130396352,-19.66589503683162,352.0117130396352,-9.665895036831621,1.0
12,1156,347.3360008398289,-14.31953507932737,342.3360008398289,-19.31953507932737,352.3360008398289,-9.31953507932737,1.0
12,1157,347.80665980961487,-12.952907186178454,342.80665980961487,-17.952907186178454,352.80665980961487,-7.952907186178454,1.0
12,1158,347.4346825460529,-12.670132033377236,342.4346825460529,-17.670132033377236,352.4346825460529,-7.670132033377236,1.0
12,1159,346.95394075737113,-11.814242643771859,341.95394075737113,-16.81424264377186,351.95394075737113,-6.814242643771859,1.0
12,1160,347.6987469407132,-12.310649517382313,342.6987469407132,-17.310649517382313,352.6987469407132,-7.310649517382313,1.0
12,1161,347.08376873313296,-11.948362081307732,342.08376873313296,-16.94836208130773,352.08376873313296,-6.948362081307732,1.0
12,1162,347.2239128220954,-11.639373426691595,342.2239128220954,-16.639373426691595,352.2239128220954,-6.639373426691595,1.0
12,1163,346.4260999829866,-11.310863514530666,341.4260999829866,-16.310863514530666,351.4260999829866,-6.310863514530666,1.0
12,1164,346.57762424608467,-10.86209104682592,341.57762424608467,-15.86209104682592,351.57762424608467,-5.86209104682592,1.0
12,1165,346.6358086173051,-10.61315222284879,341.6358086173051,-15.61315222284879,351.6358086173051,-5.61315222284879,1.0
12,1166,346.33231675251506,-10.732035837282485,341.33231675251506,-15.732035837282485,351.33231675251506,-5.732035837282485,1.0
12,1167,347.2776013180335,-10.403125445701804,342.2776013180335,-15.403125445701804,352.2776013180335,-5.403125445701804,1.0
12,1168,347.8840702640952,-8.684869277139192,342.8840702640952,-13.684869277139192,352.8840702640952,-3.6848692771391924,1.0
12,1169,348.61938673987703,-8.267748295660208,343.61938673987703,-13.267748295660208,353.61938673987703,-3.2677482956602084,1.0
12,1170,348.50741969549074,-7.68466018917707,343.50741969549074,-12.68466018917707,353.50741969549074,-2.6846601891770696,1.0
12,1171,348.4360262806882,-7.187191849535473,343.4360262806882,-12.187191849535473,353.4360262806882,-2.1871918495354734,1.0
12,1172,348.2601975979837,-7.049474864571875,343.2601975979837,-12.049474864571875,353.2601975979837,-2.0494748645718754,1.0
12,1173,347.14164843556176,-6.808466138298694,342.14164843556176,-11.808466138298694,352.14164843556176,-1.8084661382986944,1.0
12,1174,346.32028230163826,-6.560573877113248,341.32028230163826,-11.560573877113248,351.32028230163826,-1.5605738771132476,1.0
12,1175,344.62831297500423,-6.484028146415298,339.62831297500423,-11.484028146415298,349.62831297500423,-1.484028146415298,1.0
12,1176,343.34077495362294,-6.608327660609664,338.34077495362294,-11.608327660609664,348.34077495362294,-1.608327660609664,1.0
12,1177,342.40640733230623,-7.051262301361351,337.40640733230623,-12.051262301361351,347.40640733230623,-2.0512623013613513,1.0
12,1178,341.37633001466804,-6.094594395109695,336.37633001466804,-11.094594395109695,346.37633001466804,-1.094594395109695,1.0
12,1179,341.1751028369778,-4.869850230097706,336.1751028369778,-9.869850230097706,346.1751028369778,0.1301497699022942,1.0
12,1180,340.55906521882144,-3.935504180364383,335.55906521882144,-8.935504180364383,345.55906521882144,1.0644958196356171,1.0
12,1181,340.0402322219852,-2.8561650202820026,335.0402322219852,-7.856165020282003,345.0402322219852,2.1438349797179974,1.0
12,1182,339.40579436576684,-1.2928087735732863,334.40579436576684,-6.292808773573286,344.40579436576684,3.7071912264267137,1.0
12,1183,338.9692740070081,-0.18951970951130637,333.9692740070081,-5.189519709511306,343.9692740070081,4.810480290488694,1.0
12,1184,339.618801093508,1.7171324557080299,334.618801093508,-3.28286754429197,344.618801093508,6.71713245570803,1.0
12,1185,340.25770293562255,3.2328689926824836,335.25770293562255,-1.7671310073175164,345.25770293562255,8.232868992682484,1.0
12,1186,340.64577262920363,3.4831323736323494,335.64577262920363,-1.5168676263676506,345.64577262920363,8.48313237363235,1.0
12,1187,340.8109075630183,3.9728254303477444,335.8109075630183,-1.0271745696522556,345.8109075630183,8.972825430347743,1.0
12,1188,341.41896662087584,4.3016482890117045,336.41896662087584,-0.6983517109882955,346.41896662087584,9.301648289011705,1.0
12,1189,341.7329779623909,4.295438001556922,336.7329779623909,-0.7045619984430784,346.7329779623909,9.29543800155692,1.0
12,1190,343.2224999582963,3.7025783453128476,338.2224999582963,-1.2974216546871524,348.2224999582963,8.702578345312848,1.0
12,1191,344.30395952141635,2.894059969526503,339.30395952141635,-2.105940030473497,349.30395952141635,7.894059969526503,1.0
12,1192,345.70828429039676,2.331088647127417,340.70828429039676,-2.668911352872583,350.70828429039676,7.331088647127417,1.0
12,1193,346.8181647331901,1.6173422918010454,341.8181647331901,-3.3826577081989546,351.8181647331901,6.617342291801045,1.0
12,1194,347.9481267983001,0.9826393209210238,342.9481267983001,-4.017360679078976,352.9481267983001,5.982639320921024,1.0
12,1195,347.17138137214226,1.1948707327729116,342.17138137214226,-3.8051292672270884,352.17138137214226,6.194870732772912,1.0
12,1196,347.53507377505656,0.6761844221878182,342.53507377505656,-4.323815577812182,352.53507377505656,5.676184422187818,1.0
12,1197,347.70025427599995,0.0833661031197801,342.70025427599995,-4.91663389688022,352.70025427599995,5.08336610311978,1.0
12,1198,347.08955002489034,0.17064299960627594,342.08955002489034,-4.829357000393724,352.08955002489034,5.170642999606276,1.0
12,1199,347.37324247063503,-1.152559697970144,342.37324247063503,-6.152559697970144,352.37324247063503,3.847440302029856,1.0
12,1200,348.4814961691007,-2.1071587823614752,343.4814961691007,-7.107158782361475,353.4814961691007,2.8928412176385248,1.0
12,1201,348.6294180101502,-2.047642282536424,343.6294180101502,-7.047642282536424,353.6294180101502,2.952357717463576,1.0
12,1202,348.2365057855648,-0.9775895085151838,343.2365057855648,-5.977589508515184,353.2365057855648,4.022410491484816,1.0
12,1203,347.1435309969402,-0.09831290139834081,342.1435309969402,-5.098312901398341,352.1435309969402,4.901687098601659,1.0
12,1204,346.86702260105034,0.2210131679245002,341.86702260105034,-4.7789868320755,351.86702260105034,5.2210131679245,1.0
12,1205,347.4457250152071,1.3846344465097316,342.4457250152071,-3.6153655534902684,352.4457250152071,6.3846344465097316,1.0
12,1206,348.3563978186454,2.2815947057083434,343.3563978186454,-2.7184052942916566,353.3563978186454,7.281594705708343,1.0
12,1207,349.5643174984339,2.897063581547366,344.5643174984339,-2.102936418452634,354.5643174984339,7.897063581547366,1.0
12,1208,349.7570511451913,2.7373154301012335,344.7570511451913,-2.2626845698987665,354.7570511451913,7.7373154301012335,1.0
12,1209,348.8701656690408,2.3318242280150114,343.8701656690408,-2.6681757719849886,353.8701656690408,7.331824228015011,1.0
12,1210,347.62968395118025,2.290649972100141,342.62968395118025,-2.709350027899859,352.62968395118025,7.290649972100141,1.0
12,1211,347.1296700455053,2.3611805472301794,342.1296700455053,-2.6388194527698206,352.1296700455053,7.3611805472301794,1.0
12,1212,345.73684594003913,3.0874465075206743,340.73684594003913,-1.9125534924793257,350.73684594003913,8.087446507520674,1.0
12,1213,344.5113205710021,4.165965272816649,339.5113205710021,-0.8340347271833508,349.5113205710021,9.16596527281665,1.0
12,1214,344.425405356626,4.924892658299943,339.425405356626,-0.07510734170005673,349.425405356626,9.924892658299942,1.0
12,1215,343.7239525728151,5.278433344310276,338.7239525728151,0.278433344310276,348.7239525728151,10.278433344310276,1.0
12,1216,342.14810737480457,4.88419956046753,337.14810737480457,-0.1158004395324701,347.14810737480457,9.884199560467529,1.0
12,1217,340.39877469389796,5.271547415294335,335.39877469389796,0.2715474152943349,345.39877469389796,10.271547415294336,1.0
12,1218,340.28332880213196,4.802357186155454,335.28332880213196,-0.19764281384454563,345.28332880213196,9.802357186155454,1.0
12,1219,340.2380127768426,4.62468307388122,335.2380127768426,-0.37531692611877965,345.2380127768426,9.62468307388122,1.0
12,1220,340.67980018873595,4.961913437252057,335.67980018873595,-0.0380865627479432,345.67980018873595,9.961913437252058,1.0
12,1221,340.55939892948436,5.92508871917917,335.55939892948436,0.9250887191791701,345.55939892948436,10.92508871917917,1.0
12,1222,340.21846686440233,6.079007214258832,335.21846686440233,1.0790072142588318,345.21846686440233,11.079007214258832,1.0
12,1223,339.74004218350336,6.016892008302618,334.74004218350336,1.0168920083026176,344.74004218350336,11.016892008302618,1.0
12,1224,340.31601039863955,5.5525199058559975,335.31601039863955,0.5525199058559975,345.31601039863955,10.552519905855998,1.0
12,1225,341.10577615408255,5.720510779463113,336.10577615408255,0.7205107794631127,346.10577615408255,10.720510779463112,1.0
12,1226,342.8218027008192,5.7983466915117265,337.8218027008192,0.7983466915117265,347.8218027008192,10.798346691511727,1.0
12,1227,344.15317344123173,5.364774573860178,339.15317344123173,0.36477457386017775,349.15317344123173,10.364774573860178,1.0
12,1228,344.6705518542571,6.030165197604318,339.6705518542571,1.030165197604318,349.6705518542571,11.030165197604319,1.0
12,1229,344.6604815603913,6.904870889593241,339.6604815603913,1.9048708895932407,349.6604815603913,11.90487088959324,1.0
12,1230,344.5874093104123,8.944328760903096,339.5874093104123,3.9443287609030957,349.5874093104123,13.944328760903096,1.0
12,1231,345.2294386345584,10.778493857513435,340.2294386345584,5.7784938575134355,350.2294386345584,15.778493857513435,1.0
12,1232,344.74109779498957,11.706145542014141,339.74109779498957,6.706145542014141,349.74109779498957,16.70614554201414,1.0
12,1233,345.545629692484,12.592382408887502,340.545629692484,7.592382408887502,350.545629692484,17.592382408887502,1.0
12,1234,345.9822987185019,12.518159579146516,340.9822987185019,7.518159579146516,350.9822987185019,17.518159579146516,1.0
12,1235,345.73581200936013,12.346703323396095,340.73581200936013,7.346703323396095,350.73581200936013,17.346703323396095,1.0
12,1236,345.124531396612,11.998759590154435,340.124531396612,6.998759590154435,350.124531396612,16.998759590154435,1.0
12,1237,345.5533287491724,11.522755827361765,340.5533287491724,6.522755827361765,350.5533287491724,16.522755827361763,1.0
12,1238,345.20949525010553,11.153153903056959,340.20949525010553,6.153153903056959,350.20949525010553,16.15315390305696,1.0
12,1239,345.3379540669388,11.969209266754541,340.3379540669388,6.969209266754541,350.3379540669388,16.96920926675454,1.0
12,1240,344.9648398664775,11.782646127009755,339.9648398664775,6.782646127009755,349.9648398664775,16.782646127009755,1.0
12,1241,344.38430397226597,11.229151899229759,339.38430397226597,6.229151899229759,349.38430397226597,16.22915189922976,1.0
12,1242,344.3444867082323,11.390064213157679,339.3444867082323,6.390064213157679,349.3444867082323,16.39006421315768,1.0
12,1243,344.1684154787654,11.516300414538238,339.1684154787654,6.516300414538238,349.1684154787654,16.516300414538236,1.0
12,1244,344.31414742683506,12.113649895308475,339.31414742683506,7.113649895308475,349.31414742683506,17.113649895308477,1.0
12,1245,344.2849694216954,12.630983596602286,339.2849694216954,7.630983596602286,349.2849694216954,17.630983596602285,1.0
12,1246,343.83156159441796,12.658911446146842,338.83156159441796,7.658911446146842,348.83156159441796,17.658911446146842,1.0
12,1247,343.96458891034837,11.899500615782639,338.96458891034837,6.899500615782639,348.96458891034837,16.89950061578264,1.0
12,1248,344.47415915788895,10.798057575895532,339.47415915788895,5.798057575895532,349.47415915788895,15.798057575895532,1.0
12,1249,344.742392685389,9.889133941863161,339.742392685389,4.889133941863161,349.742392685389,14.889133941863161,1.0
12,1250,345.60843171048873,8.7930924322762,340.60843171048873,3.7930924322762003,350.60843171048873,13.7930924322762,1.0
12,1251,345.72092603444526,7.789740333947712,340.72092603444526,2.7897403339477123,350.72092603444526,12.789740333947712,1.0
12,1252,346.2069280769394,7.460627949903752,341.2069280769394,2.4606279499037518,351.2069280769394,12.460627949903753,1.0
12,1253,345.95719190621827,7.432274531007906,340.95719190621827,2.4322745310079057,350.95719190621827,12.432274531007906,1.0
12,1254,345.31137738997455,7.630726983955591,340.31137738997455,2.630726983955591,350.31137738997455,12.63072698395559,1.0
12,1255,345.4892421500632,8.520128911754247,340.4892421500632,3.520128911754247,350.4892421500632,13.520128911754247,1.0
12,1256,344.71823298873954,9.228317991758532,339.71823298873954,4.228317991758532,349.71823298873954,14.228317991758532,1.0
12,1257,344.77106635798367,9.204664210341326,339.77106635798367,4.204664210341326,349.77106635798367,14.204664210341326,1.0
12,1258,345.23251838110133,9.51879581956618,340.23251838110133,4.518795819566179,350.23251838110133,14.51879581956618,1.0
12,1259,344.80377664637643,9.482276515405712,339.80377664637643,4.482276515405712,349.80377664637643,14.482276515405712,1.0
12,1260,344.5967891723025,8.606660983409197,339.5967891723025,3.6066609834091974,349.5967891723025,13.606660983409197,1.0
12,1261,345.10536934972805,8.801226489298822,340.10536934972805,3.8012264892988217,350.10536934972805,13.801226489298822,1.0
12,1262,345.1996516140204,7.835378254997833,340.1996516140204,2.835378254997833,350.1996516140204,12.835378254997833,1.0
12,1263,344.9223003353062,7.224316718040151,339.9223003353062,2.224316718040151,349.9223003353062,12.22431671804015,1.0
12,1264,344.47439356964725,7.946608077438312,339.47439356964725,2.946608077438312,349.47439356964725,12.946608077438313,1.0
12,1265,345.54786948361595,8.165477811863104,340.54786948361595,3.165477811863104,350.54786948361595,13.165477811863104,1.0
12,1266,347.1770005302049,8.055841643438445,342.1770005302049,3.0558416434384448,352.1770005302049,13.055841643438445,1.0
12,1267,348.2646837635496,7.748552078357068,343.2646837635496,2.7485520783570676,353.2646837635496,12.748552078357068,1.0
12,1268,349.0965682523884,7.466719591167011,344.0965682523884,2.466719591167011,354.0965682523884,12.46671959116701,1.0
12,1269,348.4596057444595,6.246959561761484,343.4596057444595,1.246959561761484,353.4596057444595,11.246959561761484,1.0
12,1270,348.2899566849483,6.807853744747134,343.2899566849483,1.807853744747134,353.2899566849483,11.807853744747135,1.0
12,1271,347.84330631261474,6.744673504651771,342.84330631261474,1.7446735046517707,352.84330631261474,11.744673504651772,1.0
12,1272,346.2873354464946,5.496010049884608,341.2873354464946,0.4960100498846076,351.2873354464946,10.496010049884607,1.0
12,1273,344.7221131604595,4.059061346331081,339.7221131604595,-0.940938653668919,349.7221131604595,9.059061346331081,1.0
12,1274,343.1801980574587,3.190118370794714,338.1801980574587,-1.809881629205286,348.1801980574587,8.190118370794714,1.0
12,1275,342.38966337468685,2.0550499833475326,337.38966337468685,-2.9449500166524674,347.38966337468685,7.055049983347533,1.0
12,1276,341.0968275554644,1.0166800161373413,336.0968275554644,-3.9833199838626587,346.0968275554644,6.016680016137341,1.0
12,1277,339.49555608588327,-0.024133001672176135,334.49555608588327,-5.024133001672176,344.49555608588327,4.975866998327824,1.0
12,1278,337.79505437128137,-1.2346431978456405,332.79505437128137,-6.2346431978456405,342.79505437128137,3.7653568021543595,1.0
12,1279,338.4111096711492,-1.5449004127002048,333.4111096711492,-6.544900412700205,343.4111096711492,3.455099587299795,1.0
12,1280,337.9136396979185,-2.324093296599724,332.9136396979185,-7.324093296599724,342.9136396979185,2.675906703400276,1.0
12,1281,337.1305991912327,-3.0932093619091052,332.1305991912327,-8.093209361909105,342.1305991912327,1.9067906380908948,1.0
12,1282,336.6362274108511,-2.8060936784318997,331.6362274108511,-7.8060936784319,341.6362274108511,2.1939063215681003,1.0
12,1283,336.2689871676797,-1.8566289289044615,331.2689871676797,-6.8566289289044615,341.2689871676797,3.1433710710955385,1.0
12,1284,336.6147156272821,-1.577646905148633,331.6147156272821,-6.577646905148633,341.6147156272821,3.422353094851367,1.0
12,1285,336.90689835032214,-1.4511601031381307,331.90689835032214,-6.451160103138131,341.90689835032214,3.5488398968618693,1.0
12,1286,336.5720553230998,-0.7320329995231987,331.5720553230998,-5.732032999523199,341.5720553230998,4.267967000476801,1.0
12,1287,337.1396369457153,-0.8624412277606002,332.1396369457153,-5.8624412277606,342.1396369457153,4.1375587722394,1.0
12,1288,337.0944001716268,-0.2662760142255003,332.0944001716268,-5.2662760142255,342.0944001716268,4.7337239857745,1.0
12,1289,337.6801536505823,-0.7496411927454627,332.6801536505823,-5.749641192745463,342.6801536505823,4.250358807254537,1.0
12,1290,338.03629017752826,-2.180723476396647,333.03629017752826,-7.180723476396647,343.03629017752826,2.819276523603353,1.0
12,1291,337.8553110153436,-3.1073419550360786,332.8553110153436,-8.107341955036079,342.8553110153436,1.8926580449639214,1.0
12,1292,338.14773963475744,-4.2854372727491175,333.14773963475744,-9.285437272749117,343.14773963475744,0.7145627272508825,1.0
12,1293,338.4803402299487,-5.5927323206338695,333.4803402299487,-10.59273232063387,343.4803402299487,-0.5927323206338695,1.0
12,1294,338.3634580122417,-6.148492748568332,333.3634580122417,-11.148492748568332,343.3634580122417,-1.1484927485683318,1.0
12,1295,337.7819919593135,-5.359738802813901,332.7819919593135,-10.3597388028139,342.7819919593135,-0.3597388028139008,1.0
12,1296,338.3075160229988,-4.981082017292394,333.3075160229988,-9.981082017292394,343.3075160229988,0.01891798270760603,1.0
12,1297,339.3081963517203,-5.393011277794505,334.3081963517203,-10.393011277794505,344.3081963517203,-0.3930112777945052,1.0
12,1298,340.2487332817338,-5.45371231414558,335.2487332817338,-10.45371231414558,345.2487332817338,-0.4537123141455801,1.0
12,1299,341.6324604773131,-5.265596893330168,336.6324604773131,-10.265596893330168,346.6324604773131,-0.26559689333016756,1.0
12,1300,342.34160913062135,-4.165299042610123,337.34160913062135,-9.165299042610123,347.34160913062135,0.8347009573898774,1.0
12,1301,342.6057714573521,-3.787796890216761,337.6057714573521,-8.787796890216761,347.6057714573521,1.212203109783239,1.0
12,1302,342.73768023109506,-3.4056039099449738,337.73768023109506,-8.405603909944974,347.73768023109506,1.5943960900550262,1.0
12,1303,342.0772906074552,-2.304663750209956,337.0772906074552,-7.304663750209956,347.0772906074552,2.695336249790044,1.0
12,1304,341.6992257962894,-1.8541652105979232,336.6992257962894,-6.854165210597923,346.6992257962894,3.145834789402077,1.0
12,1305,340.8236248424146,-1.1024740164060987,335.8236248424146,-6.102474016406099,345.8236248424146,3.8975259835939013,1.0
12,1306,340.07399167976047,-1.4240039594090792,335.07399167976047,-6.424003959409079,345.07399167976047,3.575996040590921,1.0
12,1307,339.60289964641873,-2.247101520293084,334.60289964641873,-7.247101520293084,344.60289964641873,2.752898479706916,1.0
12,1308,339.57477229444834,-3.298181282521824,334.57477229444834,-8.298181282521824,344.57477229444834,1.7018187174781758,1.0
12,1309,339.16452889659115,-5.187507581157156,334.16452889659115,-10.187507581157156,344.16452889659115,-0.18750758115715627,1.0
12,1310,338.6681034839709,-5.566902041489621,333.6681034839709,-10.566902041489621,343.6681034839709,-0.5669020414896213,1.0
12,1311,338.14441830391735,-5.1983074315866755,333.14441830391735,-10.198307431586676,343.14441830391735,-0.19830743158667552,1.0
12,1312,337.44063456576845,-4.894976746579541,332.44063456576845,-9.894976746579541,342.44063456576845,0.10502325342045893,1.0
12,1313,337.0696253681953,-5.338231782600802,332.0696253681953,-10.338231782600802,342.0696253681953,-0.33823178260080233,1.0
12,1314,337.2072278204676,-4.519107009043841,332.2072278204676,-9.519107009043841,342.2072278204676,0.4808929909561588,1.0
12,1315,336.4208944138299,-3.977802053936818,331.4208944138299,-8.977802053936818,341.4208944138299,1.0221979460631818,1.0
12,1316,336.0106103459269,-4.306198179818432,331.0106103459269,-9.306198179818432,341.0106103459269,0.6938018201815677,1.0
12,1317,335.8383459932223,-4.642503128972489,330.8383459932223,-9.64250312897249,340.8383459932223,0.3574968710275108,1.0
12,1318,336.0941496394712,-5.32286008973791,331.0941496394712,-10.32286008973791,341.0941496394712,-0.3228600897379099,1.0
12,1319,336.2742120751424,-4.636808659327425,331.2742120751424,-9.636808659327425,341.2742120751424,0.3631913406725751,1.0
12,1320,335.9864181120088,-4.572183492483102,330.9864181120088,-9.572183492483102,340.9864181120088,0.4278165075168978,1.0
12,1321,336.17463422065737,-5.326949618605319,331.17463422065737,-10.326949618605319,341.17463422065737,-0.3269496186053189,1.0
12,1322,336.11553054476565,-4.6770010972768326,331.11553054476565,-9.677001097276833,341.11553054476565,0.32299890272316745,1.0
12,1323,335.1787855514907,-5.275767408333332,330.1787855514907,-10.275767408333332,340.1787855514907,-0.2757674083333317,1.0
12,1324,333.8561960847737,-5.26271284576055,328.8561960847737,-10.26271284576055,338.8561960847737,-0.2627128457605501,1.0
12,1325,332.4309190810202,-5.017689860646643,327.4309190810202,-10.017689860646643,337.4309190810202,-0.017689860646642686,1.0
12,1326,331.2025108682828,-5.257615857424057,326.2025108682828,-10.257615857424057,336.2025108682828,-0.25761585742405657,1.0
12,1327,331.1354223608561,-5.732237389455994,326.1354223608561,-10.732237389455994,336.1354223608561,-0.7322373894559941,1.0
12,1328,330.4697926417962,-6.896993503220653,325.4697926417962,-11.896993503220653,335.4697926417962,-1.8969935032206529,1.0
12,1329,330.5789949219289,-7.652838401833744,325.5789949219289,-12.652838401833744,335.5789949219289,-2.652838401833744,1.0
12,1330,330.3467478972971,-8.264727913707933,325.3467478972971,-13.264727913707933,335.3467478972971,-3.264727913707933,1.0
12,1331,330.3516781122231,-9.312522449099603,325.3516781122231,-14.312522449099603,335.3516781122231,-4.312522449099603,1.0
12,1332,329.4545737559339,-10.143984034276912,324.4545737559339,-15.143984034276912,334.4545737559339,-5.143984034276912,1.0
12,1333,329.3503815333567,-10.516240611882573,324.3503815333567,-15.516240611882573,334.3503815333567,-5.516240611882573,1.0
12,1334,328.42849786174054,-11.897461615979637,323.42849786174054,-16.897461615979637,333.42849786174054,-6.897461615979637,1.0
12,1335,328.68022273247317,-13.052629955819103,323.68022273247317,-18.052629955819103,333.68022273247317,-8.052629955819103,1.0
12,1336,328.4422197517042,-13.074906999299273,323.4422197517042,-18.074906999299273,333.4422197517042,-8.074906999299273,1.0
12,1337,328.82401459266856,-12.316901118595116,323.82401459266856,-17.316901118595116,333.82401459266856,-7.316901118595116,1.0
12,1338,328.75739722644227,-11.995505985105677,323.75739722644227,-16.995505985105677,333.75739722644227,-6.995505985105677,1.0
12,1339,329.5433949491319,-11.707910769337595,324.5433949491319,-16.707910769337595,334.5433949491319,-6.707910769337595,1.0
12,1340,329.86046452335756,-11.507881069529347,324.86046452335756,-16.507881069529347,334.86046452335756,-6.507881069529347,1.0
12,1341,329.3811311426627,-12.601305634837043,324.3811311426627,-17.601305634837043,334.3811311426627,-7.601305634837043,1.0
12,1342,328.32321850995584,-13.23887886451531,323.32321850995584,-18.23887886451531,333.32321850995584,-8.23887886451531,1.0
12,1343,328.1797982479277,-14.278039459325399,323.1797982479277,-19.2780394593254,333.1797982479277,-9.278039459325399,1.0
12,1344,328.26453315690844,-13.900445558185833,323.26453315690844,-18.900445558185833,333.26453315690844,-8.900445558185833,1.0
12,1345,328.8135367447309,-13.591407561939256,323.8135367447309,-18.591407561939256,333.8135367447309,-8.591407561939256,1.0
12,1346,328.3820779530394,-12.736303535668469,323.3820779530394,-17.73630353566847,333.3820779530394,-7.736303535668469,1.0
12,1347,328.61759222755165,-12.9766382453751,323.61759222755165,-17.9766382453751,333.61759222755165,-7.976638245375099,1.0
12,1348,329.1054650114146,-12.623792277346983,324.1054650114146,-17.623792277346983,334.1054650114146,-7.623792277346983,1.0
12,1349,329.738710549628,-11.586270667985211,324.738710549628,-16.58627066798521,334.738710549628,-6.586270667985211,1.0
12,1350,330.4456150529787,-9.99297971674821,325.4456150529787,-14.99297971674821,335.4456150529787,-4.992979716748209,1.0
12,1351,330.2678652927866,-10.597446481547571,325.2678652927866,-15.597446481547571,335.2678652927866,-5.597446481547571,1.0
12,1352,329.9984138146297,-10.207508995217037,324.9984138146297,-15.207508995217037,334.9984138146297,-5.207508995217037,1.0
12,1353,330.7292559577607,-10.265474633262048,325.7292559577607,-15.265474633262048,335.7292559577607,-5.265474633262048,1.0
12,1354,330.580842980173,-9.240995264771971,325.580842980173,-14.240995264771971,335.580842980173,-4.240995264771971,1.0
12,1355,331.56954901977093,-9.35726552183802,326.56954901977093,-14.35726552183802,336.56954901977093,-4.35726552183802,1.0
12,1356,332.9371137088273,-9.958527521077873,327.9371137088273,-14.958527521077873,337.9371137088273,-4.9585275210778725,1.0
12,1357,334.5789223723808,-10.50644625528584,329.5789223723808,-15.50644625528584,339.5789223723808,-5.506446255285841,1.0
12,1358,334.75848568513294,-10.50246400060323,329.75848568513294,-15.50246400060323,339.75848568513294,-5.502464000603229,1.0
12,1359,334.7946861832787,-9.840146458640465,329.7946861832787,-14.840146458640465,339.7946861832787,-4.840146458640465,1.0
12,1360,334.99201051322996,-10.5693230428129,329.99201051322996,-15.5693230428129,339.99201051322996,-5.569323042812901,1.0
12,1361,336.3995650678576,-10.376097281790187,331.3995650678576,-15.376097281790187,341.3995650678576,-5.376097281790187,1.0
12,1362,336.9222640502542,-9.82550947296135,331.9222640502542,-14.82550947296135,341.9222640502542,-4.82550947296135,1.0
12,1363,336.32728409541664,-9.859642123388575,331.32728409541664,-14.859642123388575,341.32728409541664,-4.859642123388575,1.0
12,1364,335.57800413511677,-9.45164463777212,330.57800413511677,-14.45164463777212,340.57800413511677,-4.4516446377721195,1.0
12,1365,335.62060180378415,-10.191242798376337,330.62060180378415,-15.191242798376337,340.62060180378415,-5.1912427983763365,1.0
12,1366,335.1597694408063,-10.513173545603259,330.1597694408063,-15.513173545603259,340.1597694408063,-5.513173545603259,1.0
12,1367,334.03499088369125,-9.688293422726993,329.03499088369125,-14.688293422726993,339.03499088369125,-4.688293422726993,1.0
12,1368,332.6869499628411,-8.749567779503352,327.6869499628411,-13.749567779503352,337.6869499628411,-3.7495677795033515,1.0
12,1369,331.2996838941113,-8.670412380122322,326.2996838941113,-13.670412380122322,336.2996838941113,-3.670412380122322,1.0
12,1370,331.28838216368547,-7.584057706560687,326.28838216368547,-12.584057706560687,336.28838216368547,-2.584057706560687,1.0
12,1371,331.5660708018914,-7.45032678344451,326.5660708018914,-12.45032678344451,336.5660708018914,-2.4503267834445097,1.0
12,1372,331.08092288226914,-7.057596837250836,326.08092288226914,-12.057596837250836,336.08092288226914,-2.057596837250836,1.0
12,1373,330.1474394653112,-6.999340814620673,325.1474394653112,-11.999340814620673,335.1474394653112,-1.9993408146206733,1.0
12,1374,329.41199336630626,-6.450965602705482,324.41199336630626,-11.450965602705482,334.41199336630626,-1.450965602705482,1.0
12,1375,329.9733077887952,-5.9022308926882925,324.9733077887952,-10.902230892688292,334.9733077887952,-0.9022308926882925,1.0
12,1376,330.31065988468737,-4.915508207681501,325.31065988468737,-9.915508207681501,335.31065988468737,0.08449179231849868,1.0
12,1377,330.46385656523273,-5.056081459705798,325.46385656523273,-10.056081459705798,335.46385656523273,-0.0560814597057977,1.0
12,1378,330.5006993127534,-5.182402492109794,325.5006993127534,-10.182402492109794,335.5006993127534,-0.18240249210979442,1.0
12,1379,330.2437179924596,-5.42386679493776,325.2437179924596,-10.42386679493776,335.2437179924596,-0.42386679493776036,1.0
12,1380,329.4073488657976,-5.615295599511679,324.4073488657976,-10.61529559951168,334.4073488657976,-0.6152955995116791,1.0
12,1381,328.92827995724326,-5.426045991413302,323.92827995724326,-10.426045991413302,333.92827995724326,-0.4260459914133019,1.0
12,1382,329.2113328637476,-5.421366139429484,324.2113328637476,-10.421366139429484,334.2113328637476,-0.42136613942948387,1.0
12,1383,328.5011950346708,-6.682466797654595,323.5011950346708,-11.682466797654595,333.5011950346708,-1.6824667976545946,1.0
12,1384,326.50993306439074,-6.726101910346637,321.50993306439074,-11.726101910346637,331.50993306439074,-1.726101910346637,1.0
12,1385,325.79710948611717,-6.763380890327165,320.79710948611717,-11.763380890327165,330.79710948611717,-1.7633808903271646,1.0
12,1386,325.61046644561816,-6.944245006764319,320.61046644561816,-11.94424500676432,330.61046644561816,-1.9442450067643193,1.0
12,1387,325.3342037326815,-6.927800120103985,320.3342037326815,-11.927800120103985,330.3342037326815,-1.927800120103985,1.0
12,1388,325.01688096114736,-7.1808511312533145,320.01688096114736,-12.180851131253315,330.01688096114736,-2.1808511312533145,1.0
12,1389,324.0147048589907,-6.6909658140008474,319.0147048589907,-11.690965814000847,329.0147048589907,-1.6909658140008474,1.0
12,1390,322.1017890483495,-6.681199940372995,317.1017890483495,-11.681199940372995,327.1017890483495,-1.681199940372995,1.0
12,1391,322.01574209825696,-7.217677736368628,317.01574209825696,-12.217677736368628,327.01574209825696,-2.2176777363686284,1.0
12,1392,321.40998206164505,-7.0691242269446715,316.40998206164505,-12.069124226944671,326.40998206164505,-2.0691242269446715,1.0
12,1393,320.23425187659143,-6.662911557052457,315.23425187659143,-11.662911557052457,325.23425187659143,-1.6629115570524569,1.0
12,1394,318.8619933209047,-6.648665177625517,313.8619933209047,-11.648665177625517,323.8619933209047,-1.6486651776255172,1.0
12,1395,317.56272591871004,-7.357517895792483,312.56272591871004,-12.357517895792483,322.56272591871004,-2.3575178957924834,1.0
12,1396,316.96349239273286,-7.66380288445216,311.96349239273286,-12.66380288445216,321.96349239273286,-2.66380288445216,1.0
12,1397,316.586518410896,-8.35252666774449,311.586518410896,-13.35252666774449,321.586518410896,-3.35252666774449,1.0
12,1398,315.9570524719124,-8.167277608570776,310.9570524719124,-13.167277608570776,320.9570524719124,-3.1672776085707763,1.0
12,1399,316.2373634735876,-9.247445385473892,311.2373634735876,-14.247445385473892,321.2373634735876,-4.247445385473892,1.0
12,1400,315.50529995913854,-9.952284349337091,310.50529995913854,-14.952284349337091,320.50529995913854,-4.952284349337091,1.0
12,1401,315.2775395882925,-8.8793192080322,310.2775395882925,-13.8793192080322,320.2775395882925,-3.8793192080322,1.0
12,1402,314.94493209201124,-7.084006982437586,309.94493209201124,-12.084006982437586,319.94493209201124,-2.084006982437586,1.0
12,1403,315.4934120245504,-5.410099691405954,310.4934120245504,-10.410099691405954,320.4934120245504,-0.4100996914059536,1.0
12,1404,316.3661725553095,-5.2130750851756105,311.3661725553095,-10.21307508517561,321.3661725553095,-0.21307508517561047,1.0
12,1405,316.45800835392623,-5.681457612215144,311.45800835392623,-10.681457612215144,321.45800835392623,-0.6814576122151443,1.0
12,1406,317.3117696699724,-5.07423284999301,312.3117696699724,-10.07423284999301,322.3117696699724,-0.07423284999300961,1.0
12,1407,317.67575081287913,-4.990854948915695,312.67575081287913,-9.990854948915695,322.67575081287913,0.009145051084304967,1.0
12,1408,317.490277185882,-5.961534742024098,312.490277185882,-10.961534742024098,322.490277185882,-0.9615347420240976,1.0
12,1409,317.89775288011896,-5.577690389350387,312.89775288011896,-10.577690389350387,322.89775288011896,-0.5776903893503871,1.0
12,1410,318.14036662901617,-5.758271712393611,313.14036662901617,-10.758271712393611,323.14036662901617,-0.7582717123936114,1.0
12,1411,318.34940043985443,-5.728104916351386,313.34940043985443,-10.728104916351386,323.34940043985443,-0.728104916351386,1.0
12,1412,317.9805809662545,-6.134420932758541,312.9805809662545,-11.134420932758541,322.9805809662545,-1.134420932758541,1.0
12,1413,317.2277811887352,-4.658726858693916,312.2277811887352,-9.658726858693916,322.2277811887352,0.3412731413060843,1.0
12,1414,317.84244415591104,-3.555555381946032,312.84244415591104,-8.555555381946032,322.84244415591104,1.4444446180539678,1.0
12,1415,317.94070130354663,-2.1347608575417585,312.94070130354663,-7.1347608575417585,322.94070130354663,2.8652391424582415,1.0
12,1416,317.6476272149143,-1.245548743144962,312.6476272149143,-6.245548743144962,322.6476272149143,3.754451256855038,1.0
12,1417,317.8254515507569,-0.5738433881311487,312.8254515507569,-5.573843388131149,322.8254515507569,4.426156611868851,1.0
12,1418,318.1907266319642,0.541146270605668,313.1907266319642,-4.458853729394332,323.1907266319642,5.541146270605668,1.0
12,1419,318.21291229707435,1.9753505636809905,313.21291229707435,-3.0246494363190095,323.21291229707435,6.9753505636809905,1.0
12,1420,319.2204693394169,2.9137199288247473,314.2204693394169,-2.0862800711752527,324.2204693394169,7.913719928824747,1.0
12,1421,319.53393464266907,2.8072430579357714,314.53393464266907,-2.1927569420642286,324.53393464266907,7.8072430579357714,1.0
12,1422,318.9455148159425,1.7926292632331347,313.9455148159425,-3.2073707367668653,323.9455148159425,6.792629263233135,1.0
12,1423,318.4218058349905,1.3871234135616533,313.4218058349905,-3.6128765864383467,323.4218058349905,6.387123413561653,1.0
12,1424,318.3602000545312,1.7487714195099366,313.3602000545312,-3.2512285804900634,323.3602000545312,6.748771419509937,1.0
12,1425,320.01967684442957,2.744810257728685,315.01967684442957,-2.255189742271315,325.01967684442957,7.744810257728685,1.0
12,1426,320.92472311681723,4.498750513659078,315.92472311681723,-0.5012494863409218,325.92472311681723,9.498750513659079,1.0
12,1427,322.7420660958823,6.105001216165848,317.7420660958823,1.1050012161658476,327.7420660958823,11.105001216165848,1.0
12,1428,324.4758100372523,7.048393207067346,319.4758100372523,2.0483932070673463,329.4758100372523,12.048393207067345,1.0
12,1429,324.89527463364055,7.319643192603289,319.89527463364055,2.319643192603289,329.89527463364055,12.319643192603289,1.0
12,1430,325.34012728700276,6.9796410140289185,320.34012728700276,1.9796410140289185,330.34012728700276,11.979641014028918,1.0
12,1431,325.43532504795274,7.487961509365474,320.43532504795274,2.4879615093654737,330.43532504795274,12.487961509365473,1.0
12,1432,325.12140521872266,7.112213604404599,320.12140521872266,2.112213604404599,330.12140521872266,12.112213604404598,1.0
12,1433,325.00233312896296,7.000488419568318,320.00233312896296,2.0004884195683177,330.00233312896296,12.000488419568317,1.0
12,1434,325.2029477489422,7.76254181028116,320.2029477489422,2.76254181028116,330.2029477489422,12.76254181028116,1.0
12,1435,325.66058247159526,8.267409290708164,320.66058247159526,3.267409290708164,330.66058247159526,13.267409290708164,1.0
12,1436,325.41615906967405,8.064701210008483,320.41615906967405,3.064701210008483,330.41615906967405,13.064701210008483,1.0
12,1437,325.4263126098083,8.066873472711805,320.4263126098083,3.066873472711805,330.4263126098083,13.066873472711805,1.0
12,1438,325.8914994097842,7.945172084262927,320.8914994097842,2.9451720842629268,330.8914994097842,12.945172084262927,1.0
12,1439,327.3421097209677,7.6948917039163875,322.3421097209677,2.6948917039163875,332.3421097209677,12.694891703916387,1.0
12,1440,327.13460874223927,8.24580499084463,322.13460874223927,3.245804990844629,332.13460874223927,13.24580499084463,1.0
12,1441,327.2010877761481,8.39886002886497,322.2010877761481,3.39886002886497,332.2010877761481,13.39886002886497,1.0
12,1442,327.31418127011403,8.486384891264583,322.31418127011403,3.486384891264583,332.31418127011403,13.486384891264583,1.0
12,1443,327.94261494671554,8.806084269746663,322.94261494671554,3.8060842697466626,332.94261494671554,13.806084269746663,1.0
12,1444,327.5142603385017,8.541149318042933,322.5142603385017,3.541149318042933,332.5142603385017,13.541149318042933,1.0
12,1445,327.7656446297379,7.087042239367781,322.7656446297379,2.087042239367781,332.7656446297379,12.087042239367781,1.0
12,1446,329.25036006029865,6.854050891675257,324.25036006029865,1.8540508916752572,334.25036006029865,11.854050891675257,1.0
12,1447,331.2786709239521,6.885167417285629,326.2786709239521,1.8851674172856292,336.2786709239521,11.88516741728563,1.0
12,1448,332.38019168754244,7.3876917160578195,327.38019168754244,2.3876917160578195,337.38019168754244,12.38769171605782,1.0
12,1449,333.29778187882454,6.978712931946438,328.29778187882454,1.978712931946438,338.29778187882454,11.978712931946438,1.0
12,1450,334.3842477786124,7.051811856269997,329.3842477786124,2.051811856269997,339.3842477786124,12.051811856269996,1.0
12,1451,334.66378977134605,7.3992142617496395,329.66378977134605,2.3992142617496395,339.66378977134605,12.39921426174964,1.0
12,1452,334.49216621538005,7.862585510451082,329.49216621538005,2.8625855104510816,339.49216621538005,12.862585510451082,1.0
12,1453,335.01266371510957,8.167101156103321,330.01266371510957,3.167101156103321,340.01266371510957,13.167101156103321,1.0
12,1454,335.0932481955293,8.233636202635541,330.0932481955293,3.233636202635541,340.0932481955293,13.233636202635541,1.0
12,1455,335.4420684254003,8.513293582357608,330.4420684254003,3.5132935823576084,340.4420684254003,13.513293582357608,1.0
12,1456,335.592793549797,9.110431612518603,330.592793549797,4.110431612518603,340.592793549797,14.110431612518603,1.0
12,1457,335.6108735238068,9.597652663710381,330.6108735238068,4.597652663710381,340.6108735238068,14.597652663710381,1.0
12,1458,337.3082914849289,10.16907712007781,332.3082914849289,5.1690771200778105,342.3082914849289,15.16907712007781,1.0
12,1459,338.74594349303055,10.611876087572107,333.74594349303055,5.6118760875721065,343.74594349303055,15.611876087572107,1.0
12,1460,339.0789468500319,11.105239855098228,334.0789468500319,6.105239855098228,344.0789468500319,16.105239855098226,1.0
12,1461,339.3736997184453,12.026174115007011,334.3736997184453,7.026174115007011,344.3736997184453,17.02617411500701,1.0
12,1462,338.65631386898343,12.443978026360679,333.65631386898343,7.4439780263606785,343.65631386898343,17.44397802636068,1.0
12,1463,338.44429014132544,13.190461009128152,333.44429014132544,8.190461009128152,343.44429014132544,18.19046100912815,1.0
12,1464,339.75581257648565,13.820983845685884,334.75581257648565,8.820983845685884,344.75581257648565,18.820983845685884,1.0
12,1465,341.9492381478496,14.150964010886813,336.9492381478496,9.150964010886813,346.9492381478496,19.150964010886813,1.0
12,1466,342.58286153879504,14.382944449978913,337.58286153879504,9.382944449978913,347.58286153879504,19.382944449978915,1.0
12,1467,343.73180883138303,14.761461965773496,338.73180883138303,9.761461965773496,348.73180883138303,19.761461965773496,1.0
12,1468,344.7116064583293,15.311553531420747,339.7116064583293,10.311553531420747,349.7116064583293,20.31155353142075,1.0
12,1469,345.61281948322204,15.614046063273364,340.61281948322204,10.614046063273364,350.61281948322204,20.614046063273364,1.0
13,1001,633.5,387.5,628.5,382.5,638.5,392.5,1.0
13,1002,631.5689741867388,387.42406139806576,626.5689741867388,382.42406139806576,636.5689741867388,392.42406139806576,1.0
13,1003,630.8690924560374,387.3225193973531,625.8690924560374,382.3225193973531,635.8690924560374,392.3225193973531,1.0
13,1004,630.7447746231637,387.80690403661595,625.7447746231637,382.80690403661595,635.7447746231637,392.80690403661595,1.0
13,1005,631.2499309040255,388.0800169426994,626.2499309040255,383.0800169426994,636.2499309040255,393.0800169426994,1.0
13,1006,633.1975216353062,387.8015027261504,628.1975216353062,382.8015027261504,638.1975216353062,392.8015027261504,1.0
13,1007,633.4304850978898,386.85902768243943,628.4304850978898,381.85902768243943,638.4304850978898,391.85902768243943,1.0
13,1008,633.7316337947922,385.6366193880433,628.7316337947922,380.6366193880433,638.7316337947922,390.6366193880433,1.0
13,1009,635.0058612535199,385.21805862021864,630.0058612535199,380.21805862021864,640.0058612535199,390.21805862021864,1.0
13,1010,635.5555300316734,384.32813808485054,630.5555300316734,379.32813808485054,640.5555300316734,389.32813808485054,1.0
13,1011,635.1117096241511,383.80743777204543,630.1117096241511,378.80743777204543,640.1117096241511,388.80743777204543,1.0
13,1012,634.7452626129784,384.4334217246768,629.7452626129784,379.4334217246768,639.7452626129784,389.4334217246768,1.0
13,1013,634.504756233312,383.9660630219987,629.504756233312,378.9660630219987,639.504756233312,388.9660630219987,1.0
13,1014,633.1323864249013,383.0389704714589,628.1323864249013,378.0389704714589,638.1323864249013,388.0389704714589,1.0
13,1015,632.5835157689721,382.2555440865185,627.5835157689721,377.2555440865185,637.5835157689721,387.2555440865185,1.0
13,1016,632.0193229808756,381.8652688668228,627.0193229808756,376.8652688668228,637.0193229808756,386.8652688668228,1.0
13,1017,631.0787258074322,381.6202284833311,626.0787258074322,376.6202284833311,636.0787258074322,386.6202284833311,1.0
13,1018,630.8131405721301,380.23143273941344,625.8131405721301,375.23143273941344,635.8131405721301,385.23143273941344,1.0
13,1019,630.6268055355248,379.3721651933049,625.6268055355248,374.3721651933049,635.6268055355248,384.3721651933049,1.0
13,1020,629.5300050485768,378.2906751240384,624.5300050485768,373.2906751240384,634.5300050485768,383.2906751240384,1.0
13,1021,629.4741293509832,378.2394549646214,624.4741293509832,373.2394549646214,634.4741293509832,383.2394549646214,1.0
13,1022,628.6828703913345,378.75721533535176,623.6828703913345,373.75721533535176,633.6828703913345,383.75721533535176,1.0
13,1023,628.218239791269,379.2617193364921,623.218239791269,374.2617193364921,633.218239791269,384.2617193364921,1.0
13,1024,627.2603155528367,378.8534059470232,622.2603155528367,373.8534059470232,632.2603155528367,383.8534059470232,1.0
13,1025,626.4495764112545,378.85157904130904,621.4495764112545,373.85157904130904,631.4495764112545,383.85157904130904,1.0
13,1026,626.5547482050503,379.407462967938,621.5547482050503,374.407462967938,631.5547482050503,384.407462967938,1.0
13,1027,627.2553293313431,380.16807669518386,622.2553293313431,375.16807669518386,632.2553293313431,385.16807669518386,1.0
13,1028,627.3593708747673,381.0408417549282,622.3593708747673,376.0408417549282,632.3593708747673,386.0408417549282,1.0
13,1029,628.3407188343793,381.39762919643334,623.3407188343793,376.39762919643334,633.3407188343793,386.39762919643334,1.0
13,1030,628.6826242212737,380.91685947887663,623.6826242212737,375.91685947887663,633.6826242212737,385.91685947887663,1.0
13,1031,628.2967765764536,379.7760374378084,623.2967765764536,374.7760374378084,633.2967765764536,384.7760374378084,1.0
13,1032,628.4957883341758,379.96432191254735,623.4957883341758,374.96432191254735,633.4957883341758,384.96432191254735,1.0
13,1033,628.4006630014825,380.4474977425973,623.4006630014825,375.4474977425973,633.4006630014825,385.4474977425973,1.0
13,1034,627.5139679773865,380.13972008853904,622.5139679773865,375.13972008853904,632.5139679773865,385.13972008853904,1.0
13,1035,626.9505791992402,379.87868363538456,621.9505791992402,374.87868363538456,631.9505791992402,384.87868363538456,1.0
13,1036,626.0056753907048,379.3051176762793,621.0056753907048,374.3051176762793,631.0056753907048,384.3051176762793,1.0
13,1037,626.268725196319,378.37499899315304,621.268725196319,373.37499899315304,631.268725196319,383.37499899315304,1.0
13,1038,626.9170916366181,378.1262492603382,621.9170916366181,373.1262492603382,631.9170916366181,383.1262492603382,1.0
13,1039,627.0591009675243,377.1182581831531,622.0591009675243,372.1182581831531,632.0591009675243,382.1182581831531,1.0
13,1040,625.8242128141071,376.2872488750847,620.8242128141071,371.2872488750847,630.8242128141071,381.2872488750847,1.0
13,1041,625.6306245908501,375.59678121132663,620.6306245908501,370.59678121132663,630.6306245908501,380.59678121132663,1.0
13,1042,625.3607612390898,374.7390446839018,620.3607612390898,369.7390446839018,630.3607612390898,379.7390446839018,1.0
13,1043,625.2202863308901,373.9348486999679,620.2202863308901,368.9348486999679,630.2202863308901,378.9348486999679,1.0
13,1044,625.019049919308,372.6159925920214,620.019049919308,367.6159925920214,630.019049919308,377.6159925920214,1.0
13,1045,624.6903250357296,371.3228344778158,619.6903250357296,366.3228344778158,629.6903250357296,376.3228344778158,1.0
13,1046,623.9620007434535,371.02867832813195,618.9620007434535,366.02867832813195,628.9620007434535,376.02867832813195,1.0
13,1047,624.3849609246269,371.8528535620926,619.3849609246269,366.8528535620926,629.3849609246269,376.8528535620926,1.0
13,1048,623.2712856719936,373.6964055473205,618.2712856719936,368.6964055473205,628.2712856719936,378.6964055473205,1.0
13,1049,622.1402536823024,374.26082609542215,617.1402536823024,369.26082609542215,627.1402536823024,379.26082609542215,1.0
13,1050,622.1315845632951,375.3046849592735,617.1315845632951,370.3046849592735,627.1315845632951,380.3046849592735,1.0
13,1051,622.4866460751525,375.53130197146305,617.4866460751525,370.53130197146305,627.4866460751525,380.53130197146305,1.0
13,1052,622.3590955693618,376.1183543869975,617.3590955693618,371.1183543869975,627.3590955693618,381.1183543869975,1.0
13,1053,622.1719001219866,376.6336530082747,617.1719001219866,371.6336530082747,627.1719001219866,381.6336530082747,1.0
13,1054,621.8928691110875,376.90954900373407,616.8928691110875,371.90954900373407,626.8928691110875,381.90954900373407,1.0
13,1055,621.3153409828615,376.9428740299997,616.3153409828615,371.9428740299997,626.3153409828615,381.9428740299997,1.0
13,1056,621.6510803936642,377.6411257352625,616.6510803936642,372.6411257352625,626.6510803936642,382.6411257352625,1.0
13,1057,621.2959572771972,377.34144122654635,616.2959572771972,372.34144122654635,626.2959572771972,382.34144122654635,1.0
13,1058,620.4880445720165,377.0166796785592,615.4880445720165,372.0166796785592,625.4880445720165,382.0166796785592,1.0
13,1059,619.5429645009491,376.74243906806623,614.5429645009491,371.74243906806623,624.5429645009491,381.74243906806623,1.0
13,1060,618.3984311235866,375.94395797187343,613.3984311235866,370.94395797187343,623.3984311235866,380.94395797187343,1.0
13,1061,616.2498696310524,374.89132556372533,611.2498696310524,369.89132556372533,621.2498696310524,379.89132556372533,1.0
13,1062,614.5869513607163,373.93697854939757,609.5869513607163,368.93697854939757,619.5869513607163,378.93697854939757,1.0
13,1063,614.4361905824449,374.0061913534637,609.4361905824449,369.0061913534637,619.4361905824449,379.0061913534637,1.0
13,1064,613.7673205314321,374.18675096574515,608.7673205314321,369.18675096574515,618.7673205314321,379.18675096574515,1.0
13,1065,612.4567113223012,375.6184017885585,607.4567113223012,370.6184017885585,617.4567113223012,380.6184017885585,1.0
13,1066,611.884903527082,376.1899731091872,606.884903527082,371.1899731091872,616.884903527082,381.1899731091872,1.0
13,1067,611.5375335601458,376.9284854646546,606.5375335601458,371.9284854646546,616.5375335601458,381.9284854646546,1.0
13,1068,611.2760997957291,377.73248110522275,606.2760997957291,372.73248110522275,616.2760997957291,382.73248110522275,1.0
13,1069,610.942424189369,377.95715304237484,605.942424189369,372.95715304237484,615.942424189369,382.95715304237484,1.0
13,1070,609.4723855242285,378.15129351710004,604.4723855242285,373.15129351710004,614.4723855242285,383.15129351710004,1.0
13,1071,608.4360443211352,377.88128180383734,603.4360443211352,372.88128180383734,613.4360443211352,382.88128180383734,1.0
13,1072,607.7180287029092,378.3608076197976,602.7180287029092,373.3608076197976,612.7180287029092,383.3608076197976,1.0
13,1073,607.6186114354227,378.10675220776403,602.6186114354227,373.10675220776403,612.6186114354227,383.10675220776403,1.0
13,1074,606.8857658274547,378.165874670169,601.8857658274547,373.165874670169,611.8857658274547,383.165874670169,1.0
13,1075,606.1819132441686,377.4008410785543,601.1819132441686,372.4008410785543,611.1819132441686,382.4008410785543,1.0
13,1076,606.0580342777413,376.5153236814086,601.0580342777413,371.5153236814086,611.0580342777413,381.5153236814086,1.0
13,1077,605.8886307620851,374.6093663275107,600.8886307620851,369.6093663275107,610.8886307620851,379.6093663275107,1.0
13,1078,605.7997211445426,373.7100213065077,600.7997211445426,368.7100213065077,610.7997211445426,378.7100213065077,1.0
13,1079,606.1458461050119,373.3165008016846,601.1458461050119,368.3165008016846,611.1458461050119,378.3165008016846,1.0
13,1080,606.7769888748578,372.57402506656024,601.7769888748578,367.57402506656024,611.7769888748578,377.57402506656024,1.0
13,1081,608.0844765944327,371.6851837081788,603.0844765944327,366.6851837081788,613.0844765944327,376.6851837081788,1.0
13,1082,609.2091862489776,371.37658868910097,604.2091862489776,366.37658868910097,614.2091862489776,376.37658868910097,1.0
13,1083,610.9488164893704,372.0237061282905,605.9488164893704,367.0237061282905,615.9488164893704,377.0237061282905,1.0
13,1084,611.4684791096648,372.05740605341634,606.4684791096648,367.05740605341634,616.4684791096648,377.05740605341634,1.0
13,1085,612.4503097035065,371.7260278179971,607.4503097035065,366.7260278179971,617.4503097035065,376.7260278179971,1.0
13,1086,613.9137429772156,371.9155207355032,608.9137429772156,366.9155207355032,618.9137429772156,376.9155207355032,1.0
13,1087,614.7941853566856,372.5290313417182,609.7941853566856,367.5290313417182,619.7941853566856,377.5290313417182,1.0
13,1088,614.6981270522009,372.8691936642499,609.6981270522009,367.8691936642499,619.6981270522009,377.8691936642499,1.0
13,1089,614.9468903192193,373.1602617189872,609.9468903192193,368.1602617189872,619.9468903192193,378.1602617189872,1.0
13,1090,615.4957626571078,373.1391443887742,610.4957626571078,368.1391443887742,620.4957626571078,378.1391443887742,1.0
13,1091,615.7507573752042,373.7064214707471,610.7507573752042,368.7064214707471,620.7507573752042,378.7064214707471,1.0
13,1092,616.3966754620509,373.4385374777941,611.3966754620509,368.4385374777941,621.3966754620509,378.4385374777941,1.0
13,1093,616.8717448275307,373.24991265428747,611.8717448275307,368.24991265428747,621.8717448275307,378.24991265428747,1.0
13,1094,617.226060663379,373.31199290438695,612.226060663379,368.31199290438695,622.226060663379,378.31199290438695,1.0
13,1095,617.966750016818,372.56511490929427,612.966750016818,367.56511490929427,622.966750016818,377.56511490929427,1.0
13,1096,618.2507911404787,372.04320077985204,613.2507911404787,367.04320077985204,623.2507911404787,377.04320077985204,1.0
13,1097,619.0237334078009,372.84361418324386,614.0237334078009,367.84361418324386,624.0237334078009,377.84361418324386,1.0
13,1098,619.7632830282041,373.40813195511197,614.7632830282041,368.40813195511197,624.7632830282041,378.40813195511197,1.0
13,1099,620.1564937986052,374.5068548697055,615.1564937986052,369.5068548697055,625.1564937986052,379.5068548697055,1.0
13,1100,621.2444581697669,374.97540689493877,616.2444581697669,369.97540689493877,626.2444581697669,379.97540689493877,1.0
13,1101,621.0260427365353,374.87320945945896,616.0260427365353,369.87320945945896,626.0260427365353,379.87320945945896,1.0
13,1102,620.6431609827904,375.1341938287963,615.6431609827904,370.1341938287963,625.6431609827904,380.1341938287963,1.0
13,1103,620.7325320854277,375.9032440308085,615.7325320854277,370.9032440308085,625.7325320854277,380.9032440308085,1.0
13,1104,620.9744136167426,375.4803982700594,615.9744136167426,370.4803982700594,625.9744136167426,380.4803982700594,1.0
13,1105,620.7244323340863,374.16473246656165,615.7244323340863,369.16473246656165,625.7244323340863,379.16473246656165,1.0
13,1106,621.217483794591,373.44288263990774,616.217483794591,368.44288263990774,626.217483794591,378.44288263990774,1.0
13,1107,621.8108696464998,373.48127829057654,616.8108696464998,368.48127829057654,626.8108696464998,378.48127829057654,1.0
13,1108,622.1677515517476,373.7031773191214,617.1677515517476,368.7031773191214,627.1677515517476,378.7031773191214,1.0
13,1109,622.2872246225753,373.9513771889668,617.2872246225753,368.9513771889668,627.2872246225753,378.9513771889668,1.0
13,1110,622.6611679058575,374.7551526961465,617.6611679058575,369.7551526961465,627.6611679058575,379.7551526961465,1.0
13,1111,622.2174380401642,375.5890090169129,617.2174380401642,370.5890090169129,627.2174380401642,380.5890090169129,1.0
13,1112,620.9345508528767,376.2888603635646,615.9345508528767,371.2888603635646,625.9345508528767,381.2888603635646,1.0
13,1113,619.4685796486579,376.5944606522347,614.4685796486579,371.5944606522347,624.4685796486579,381.5944606522347,1.0
13,1114,618.0601251409466,376.9848516751457,613.0601251409466,371.9848516751457,623.0601251409466,381.9848516751457,1.0
13,1115,616.8446952865214,377.7946658816907,611.8446952865214,372.7946658816907,621.8446952865214,382.7946658816907,1.0
13,1116,616.0012191375786,378.21146052145593,611.0012191375786,373.21146052145593,621.0012191375786,383.21146052145593,1.0
13,1117,615.810420997803,377.13066410499624,610.810420997803,372.13066410499624,620.810420997803,382.13066410499624,1.0
13,1118,616.1234125606006,376.85136336925217,611.1234125606006,371.85136336925217,621.1234125606006,381.85136336925217,1.0
13,1119,616.0776125755073,375.7497142479577,611.0776125755073,370.7497142479577,621.0776125755073,380.7497142479577,1.0
13,1120,614.9287916637464,374.987844106251,609.9287916637464,369.987844106251,619.9287916637464,379.987844106251,1.0
13,1121,613.3716713368145,374.52993807426157,608.3716713368145,369.52993807426157,618.3716713368145,379.52993807426157,1.0
13,1122,611.994854204586,374.306737955171,606.994854204586,369.306737955171,616.994854204586,379.306737955171,1.0
13,1123,611.5628609031984,373.5631201423504,606.5628609031984,368.5631201423504,616.5628609031984,378.5631201423504,1.0
13,1124,610.2732775915862,373.3311183242412,605.2732775915862,368.3311183242412,615.2732775915862,378.3311183242412,1.0
13,1125,609.8151558685496,372.3327362293645,604.8151558685496,367.3327362293645,614.8151558685496,377.3327362293645,1.0
13,1126,609.4479161946464,372.5385795001682,604.4479161946464,367.5385795001682,614.4479161946464,377.5385795001682,1.0
13,1127,610.183419894508,373.13273230873966,605.183419894508,368.13273230873966,615.183419894508,378.13273230873966,1.0
13,1128,610.5496872021747,373.8664528572089,605.5496872021747,368.8664528572089,615.5496872021747,378.8664528572089,1.0
13,1129,610.4537078766284,374.90128151585316,605.4537078766284,369.90128151585316,615.4537078766284,379.90128151585316,1.0
13,1130,610.2324739599884,376.7670937015367,605.2324739599884,371.7670937015367,615.2324739599884,381.7670937015367,1.0
13,1131,609.6884546900968,377.9423099816224,604.6884546900968,372.9423099816224,614.6884546900968,382.9423099816224,1.0
13,1132,610.3495009800928,379.79140507454434,605.3495009800928,374.79140507454434,615.3495009800928,384.79140507454434,1.0
13,1133,610.9884444502712,380.4123022783244,605.9884444502712,375.4123022783244,615.9884444502712,385.4123022783244,1.0
13,1134,611.8309032857945,381.173441372539,606.8309032857945,376.173441372539,616.8309032857945,386.173441372539,1.0
13,1135,612.1865788497455,380.79748453370115,607.1865788497455,375.79748453370115,617.1865788497455,385.79748453370115,1.0
13,1136,612.3238966670904,380.70958789095414,607.3238966670904,375.70958789095414,617.3238966670904,385.70958789095414,1.0
13,1137,612.9168075255009,380.3594125539848,607.9168075255009,375.3594125539848,617.9168075255009,385.3594125539848,1.0
13,1138,613.6583459344786,380.21590049157936,608.6583459344786,375.21590049157936,618.6583459344786,385.21590049157936,1.0
13,1139,613.4281529433957,379.8105681396549,608.4281529433957,374.8105681396549,618.4281529433957,384.8105681396549,1.0
13,1140,613.2482490980344,379.24288437499104,608.2482490980344,374.24288437499104,618.2482490980344,384.24288437499104,1.0
13,1141,613.2998763897681,379.1520716804387,608.2998763897681,374.1520716804387,618.2998763897681,384.1520716804387,1.0
13,1142,613.5308145764117,379.29255923098117,608.5308145764117,374.29255923098117,618.5308145764117,384.29255923098117,1.0
13,1143,614.0140220219268,379.1854844102912,609.0140220219268,374.1854844102912,619.0140220219268,384.1854844102912,1.0
13,1144,614.1675318544005,379.0316280339239,609.1675318544005,374.0316280339239,619.1675318544005,384.0316280339239,1.0
13,1145,613.9114441573083,378.8763691740899,608.9114441573083,373.8763691740899,618.9114441573083,383.8763691740899,1.0
13,1146,613.9655777165018,379.4748076253883,608.9655777165018,374.4748076253883,618.9655777165018,384.4748076253883,1.0
13,1147,614.1765223353619,379.1786988485772,609.1765223353619,374.1786988485772,619.1765223353619,384.1786988485772,1.0
13,1148,614.7466904251122,378.9065568660832,609.7466904251122,373.9065568660832,619.7466904251122,383.9065568660832,1.0
13,1149,614.4373483633709,378.9080537383647,609.4373483633709,373.9080537383647,619.4373483633709,383.9080537383647,1.0
13,1150,614.2971654672509,380.5256165411657,609.2971654672509,375.5256165411657,619.2971654672509,385.5256165411657,1.0
13,1151,613.7273319155074,382.1101265761627,608.7273319155074,377.1101265761627,618.7273319155074,387.1101265761627,1.0
13,1152,613.4865121270747,382.5038189181679,608.4865121270747,377.5038189181679,618.4865121270747,387.5038189181679,1.0
13,1153,612.5614605529837,382.7765897218748,607.5614605529837,377.7765897218748,617.5614605529837,387.7765897218748,1.0
13,1154,612.3326592746891,382.85684615790734,607.3326592746891,377.85684615790734,617.3326592746891,387.85684615790734,1.0
13,1155,612.165347321419,382.95192904511805,607.165347321419,377.95192904511805,617.165347321419,387.95192904511805,1.0
13,1156,612.2733413380672,382.63677083120183,607.2733413380672,377.63677083120183,617.2733413380672,387.63677083120183,1.0
13,1157,612.3284599384539,382.5049560543346,607.3284599384539,377.5049560543346,617.3284599384539,387.5049560543346,1.0
13,1158,612.0844298705632,382.89757856802106,607.0844298705632,377.89757856802106,617.0844298705632,387.89757856802106,1.0
13,1159,612.1393529555847,384.4515053153115,607.1393529555847,379.4515053153115,617.1393529555847,389.4515053153115,1.0
13,1160,612.4395095739832,385.55493414033805,607.4395095739832,380.55493414033805,617.4395095739832,390.55493414033805,1.0
13,1161,611.5506002595743,386.58086667160774,606.5506002595743,381.58086667160774,616.5506002595743,391.58086667160774,1.0
13,1162,612.1150957438987,387.2166928575126,607.1150957438987,382.2166928575126,617.1150957438987,392.2166928575126,1.0
13,1163,612.430505595166,387.86661753706034,607.430505595166,382.86661753706034,617.430505595166,392.86661753706034,1.0
13,1164,611.754505497507,388.6173716703982,606.754505497507,383.6173716703982,616.754505497507,393.6173716703982,1.0
13,1165,611.3746565687699,388.93496329133853,606.3746565687699,383.93496329133853,616.3746565687699,393.93496329133853,1.0
13,1166,611.449376462159,388.889648050819,606.449376462159,383.889648050819,616.449376462159,393.889648050819,1.0
13,1167,611.6075126795516,388.7739121971298,606.6075126795516,383.7739121971298,616.6075126795516,393.7739121971298,1.0
13,1168,612.1068149716024,389.69602063648136,607.1068149716024,384.69602063648136,617.1068149716024,394.69602063648136,1.0
13,1169,613.334991424362,389.3882812582441,608.334991424362,384.3882812582441,618.334991424362,394.3882812582441,1.0
13,1170,614.7243182333742,388.7380120868117,609.7243182333742,383.7380120868117,619.7243182333742,393.7380120868117,1.0
13,1171,615.7397401871684,388.78307326532985,610.7397401871684,383.78307326532985,620.7397401871684,393.78307326532985,1.0
13,1172,616.3397897542733,388.1298371258058,611.3397897542733,383.1298371258058,621.3397897542733,393.1298371258058,1.0
13,1173,616.9685568676567,386.69787781615213,611.9685568676567,381.69787781615213,621.9685568676567,391.69787781615213,1.0
13,1174,617.4763831611302,385.88144857950715,612.4763831611302,380.88144857950715,622.4763831611302,390.88144857950715,1.0
13,1175,617.3995517053183,385.5592557954841,612.3995517053183,380.5592557954841,622.3995517053183,390.5592557954841,1.0
13,1176,618.1792408387362,385.4003103364352,613.1792408387362,380.4003103364352,623.1792408387362,390.4003103364352,1.0
13,1177,618.513671979685,385.5678246611716,613.513671979685,380.5678246611716,623.513671979685,390.5678246611716,1.0
13,1178,618.2370636744539,384.7671020795808,613.2370636744539,379.7671020795808,623.2370636744539,389.7671020795808,1.0
13,1179,618.7185596521082,384.6971721613167,613.7185596521082,379.6971721613167,623.7185596521082,389.6971721613167,1.0
13,1180,618.7449324862564,385.08190363770717,613.7449324862564,380.08190363770717,623.7449324862564,390.08190363770717,1.0
13,1181,619.52125674426,385.9716136661544,614.52125674426,380.9716136661544,624.52125674426,390.9716136661544,1.0
13,1182,620.1349585650895,386.4511422983837,615.1349585650895,381.4511422983837,625.1349585650895,391.4511422983837,1.0
13,1183,619.6211977404721,387.21388393560034,614.6211977404721,382.21388393560034,624.6211977404721,392.21388393560034,1.0
14,105,431.0,9.0,426.0,4.0,436.0,14.0,1.0
14,106,429.9335230740572,8.48790644868165,424.9335230740572,3.4879064486816507,434.9335230740572,13.48790644868165,1.0
14,107,429.05435799567954,8.566723213514358,424.05435799567954,3.566723213514358,434.05435799567954,13.566723213514358,1.0
14,108,430.11003564714196,9.443408192526896,425.11003564714196,4.443408192526896,435.11003564714196,14.443408192526896,1.0
14,109,430.6342479487189,10.138590545190894,425.6342479487189,5.138590545190894,435.6342479487189,15.138590545190894,1.0
14,110,430.6346002578303,10.610426859913478,425.6346002578303,5.610426859913478,435.6346002578303,15.610426859913478,1.0
14,111,429.8929369706414,9.793356453396875,424.8929369706414,4.793356453396875,434.8929369706414,14.793356453396875,1.0
14,112,428.9238198500235,8.753087342070325,423.9238198500235,3.753087342070325,433.9238198500235,13.753087342070325,1.0
14,113,428.0320429479382,8.429989514399434,423.0320429479382,3.429989514399434,433.0320429479382,13.429989514399434,1.0
14,114,426.79573650770976,8.475619134857801,421.79573650770976,3.4756191348578014,431.79573650770976,13.475619134857801,1.0
14,115,425.793631903927,7.302653954121935,420.793631903927,2.3026539541219346,430.793631903927,12.302653954121935,1.0
14,116,425.9456841948103,6.772281097076933,420.9456841948103,1.7722810970769327,430.9456841948103,11.772281097076933,1.0
14,117,426.52616763821607,7.204272799455197,421.52616763821607,2.2042727994551967,431.52616763821607,12.204272799455197,1.0
14,118,426.64744969222596,8.047419411422025,421.64744969222596,3.047419411422025,431.64744969222596,13.047419411422025,1.0
14,119,426.23873022438715,7.760060514643971,421.23873022438715,2.760060514643971,431.23873022438715,12.760060514643971,1.0
14,120,426.5188688377708,7.059272111198037,421.5188688377708,2.0592721111980374,431.5188688377708,12.059272111198037,1.0
14,121,427.34097619986204,6.393017508574308,422.34097619986204,1.3930175085743084,432.34097619986204,11.393017508574308,1.0
14,122,427.75469489902235,5.564979627190322,422.75469489902235,0.564979627190322,432.75469489902235,10.564979627190322,1.0
14,123,428.91317321209647,5.774403226579336,423.91317321209647,0.7744032265793361,433.91317321209647,10.774403226579336,1.0
14,124,429.3892904093027,6.25350317466302,424.3892904093027,1.2535031746630203,434.3892904093027,11.25350317466302,1.0
14,125,428.90079874643783,6.078809779625612,423.90079874643783,1.0788097796256118,433.90079874643783,11.078809779625612,1.0
14,126,428.90235430900645,6.099865136470456,423.90235430900645,1.0998651364704557,433.90235430900645,11.099865136470456,1.0
14,127,428.4041166570382,5.487027585449976,423.4041166570382,0.48702758544997593,433.4041166570382,10.487027585449976,1.0
14,128,427.40296722328435,5.397640421286129,422.40296722328435,0.39764042128612864,432.40296722328435,10.397640421286129,1.0
14,129,427.0966438441167,5.19753285995367,422.0966438441167,0.19753285995366987,432.0966438441167,10.19753285995367,1.0
14,130,427.80336285074446,5.547701851389997,422.80336285074446,0.5477018513899967,432.80336285074446,10.547701851389997,1.0
14,131,429.42710412431836,5.657942297803421,424.42710412431836,0.6579422978034213,434.42710412431836,10.657942297803421,1.0
14,132,429.4903809444709,5.1761550758927175,424.4903809444709,0.1761550758927175,434.4903809444709,10.176155075892718,1.0
14,133,429.16800228970266,6.711107778608625,424.16800228970266,1.7111077786086248,434.16800228970266,11.711107778608625,1.0
14,134,428.02740980830123,7.2806092027225215,423.02740980830123,2.2806092027225215,433.02740980830123,12.280609202722522,1.0
14,135,427.1389070012023,7.969218494652868,422.1389070012023,2.9692184946528677,432.1389070012023,12.969218494652868,1.0
14,136,426.1433632012713,8.646823075897712,421.1433632012713,3.6468230758977125,431.1433632012713,13.646823075897712,1.0
14,137,424.6366082117831,9.417408715398782,419.6366082117831,4.417408715398782,429.6366082117831,14.417408715398782,1.0
14,138,423.0321248314344,10.10803608513575,418.0321248314344,5.108036085135749,428.0321248314344,15.10803608513575,1.0
14,139,422.49466134261235,10.782776536337966,417.49466134261235,5.782776536337966,427.49466134261235,15.782776536337966,1.0
14,140,423.0770038767347,12.210330364839724,418.0770038767347,7.210330364839724,428.0770038767347,17.210330364839724,1.0
14,141,422.9727914800772,13.386037027237418,417.9727914800772,8.386037027237418,427.9727914800772,18.386037027237418,1.0
14,142,422.75149380862536,13.705163889795603,417.75149380862536,8.705163889795603,427.75149380862536,18.705163889795603,1.0
14,143,422.693106201408,15.021009555190101,417.693106201408,10.021009555190101,427.693106201408,20.0210095551901,1.0
14,144,422.792079234677,16.054195235883242,417.792079234677,11.054195235883242,427.792079234677,21.054195235883242,1.0
14,145,423.17161182508727,15.299328693623476,418.17161182508727,10.299328693623476,428.17161182508727,20.299328693623476,1.0
14,146,423.4906084448442,14.848888549466317,418.4906084448442,9.848888549466317,428.4906084448442,19.848888549466317,1.0
14,147,423.9217460034988,14.054213941470529,418.9217460034988,9.054213941470529,428.9217460034988,19.05421394147053,1.0
14,148,424.3700672441948,13.30103259901694,419.3700672441948,8.30103259901694,429.3700672441948,18.301032599016942,1.0
14,149,424.98047729923115,12.011453418904,419.98047729923115,7.011453418904001,429.98047729923115,17.011453418904,1.0
14,150,426.07304865887454,11.383709769392729,421.07304865887454,6.383709769392729,431.07304865887454,16.38370976939273,1.0
14,151,426.93850528586916,10.346594483554508,421.93850528586916,5.346594483554508,431.93850528586916,15.346594483554508,1.0
14,152,427.5337610417986,9.074254045299337,422.5337610417986,4.074254045299337,432.5337610417986,14.074254045299337,1.0
14,153,426.96527364909707,8.746541191069085,421.96527364909707,3.7465411910690847,431.96527364909707,13.746541191069085,1.0
14,154,427.6030715902924,7.880617123895056,422.6030715902924,2.880617123895056,432.6030715902924,12.880617123895057,1.0
14,169,427.14973310967315,7.139093489117538,422.14973310967315,2.1390934891175384,432.14973310967315,12.139093489117538,1.0
14,170,426.5969344967473,7.941172957522015,421.5969344967473,2.9411729575220154,431.5969344967473,12.941172957522015,1.0
14,171,426.7278204802134,8.35231296245702,421.7278204802134,3.3523129624570203,431.7278204802134,13.35231296245702,1.0
14,172,426.55388126270515,8.529392585715383,421.55388126270515,3.5293925857153834,431.55388126270515,13.529392585715383,1.0
14,173,426.58214301789883,8.879095513089403,421.58214301789883,3.8790955130894034,431.58214301789883,13.879095513089403,1.0
14,174,425.9841630520659,8.736746816169513,420.9841630520659,3.7367468161695125,430.9841630520659,13.736746816169513,1.0
14,175,426.7118834178833,8.585758548493416,421.7118834178833,3.5857585484934162,431.7118834178833,13.585758548493416,1.0
14,176,426.04259802325134,9.381150075934146,421.04259802325134,4.381150075934146,431.04259802325134,14.381150075934146,1.0
14,177,425.8067505400527,10.66383040855337,420.8067505400527,5.66383040855337,430.8067505400527,15.66383040855337,1.0
14,178,425.2335722569644,11.01159969354785,420.2335722569644,6.011599693547851,430.2335722569644,16.01159969354785,1.0
14,179,424.6955278379145,10.507656426188019,419.6955278379145,5.507656426188019,429.6955278379145,15.507656426188019,1.0
14,180,424.9577320178257,10.07708317493605,419.9577320178257,5.07708317493605,429.9577320178257,15.07708317493605,1.0
14,181,425.05262576796656,8.904228493232972,420.05262576796656,3.9042284932329725,430.05262576796656,13.904228493232972,1.0
14,182,424.33772676900037,8.292075650270636,419.33772676900037,3.292075650270636,429.33772676900037,13.292075650270636,1.0
14,183,424.1600790484743,7.422153645687862,419.1600790484743,2.422153645687862,429.1600790484743,12.422153645687862,1.0
14,184,424.93534206370015,7.815957608908104,419.93534206370015,2.8159576089081044,429.93534206370015,12.815957608908104,1.0
14,185,424.7780391609579,8.019956086856155,419.7780391609579,3.019956086856155,429.7780391609579,13.019956086856155,1.0
14,186,424.40566891077646,8.314287091809218,419.40566891077646,3.314287091809218,429.40566891077646,13.314287091809218,1.0
14,187,423.63748448097596,8.173176726572812,418.63748448097596,3.1731767265728124,428.63748448097596,13.173176726572812,1.0
14,188,422.9779553644634,9.467421878948135,417.9779553644634,4.4674218789481355,427.9779553644634,14.467421878948135,1.0
14,189,422.91092266638793,10.506449116816972,417.91092266638793,5.506449116816972,427.91092266638793,15.506449116816972,1.0
14,215,421.64333624633974,10.728946640116868,416.64333624633974,5.7289466401168685,426.64333624633974,15.728946640116868,1.0
14,216,421.20502907703616,10.327813720035156,416.20502907703616,5.327813720035156,426.20502907703616,15.327813720035156,1.0
14,217,421.6391920223824,9.84633030976625,416.6391920223824,4.84633030976625,426.6391920223824,14.84633030976625,1.0
14,218,421.9914154169712,10.595763582357446,416.9914154169712,5.595763582357446,426.9914154169712,15.595763582357446,1.0
14,219,421.5554846300904,11.179371200511298,416.5554846300904,6.179371200511298,426.5554846300904,16.179371200511298,1.0
14,220,421.74881054764273,12.212233703922664,416.74881054764273,7.212233703922664,426.74881054764273,17.212233703922664,1.0
14,221,421.54946850969964,12.800506007159257,416.54946850969964,7.800506007159257,426.54946850969964,17.800506007159257,1.0
14,222,420.6967379500851,13.333487204705714,415.6967379500851,8.333487204705714,425.6967379500851,18.333487204705712,1.0
14,223,421.37985912783165,13.389069250637014,416.37985912783165,8.389069250637014,426.37985912783165,18.389069250637014,1.0
14,224,421.78111366291284,13.967761221993449,416.78111366291284,8.967761221993449,426.78111366291284,18.96776122199345,1.0
14,225,421.4784667007502,14.386816960650922,416.4784667007502,9.386816960650922,426.4784667007502,19.386816960650922,1.0
14,226,421.52061187301786,13.954876903028467,416.52061187301786,8.954876903028467,426.52061187301786,18.954876903028467,1.0
14,227,422.02303223898724,13.811944344280384,417.02303223898724,8.811944344280384,427.02303223898724,18.811944344280384,1.0
14,228,422.58054263510877,13.553013343029459,417.58054263510877,8.553013343029459,427.58054263510877,18.55301334302946,1.0
14,229,422.1136955780138,14.310219879333696,417.1136955780138,9.310219879333696,427.1136955780138,19.310219879333694,1.0
14,230,421.6947737963511,15.369327130982006,416.6947737963511,10.369327130982006,426.6947737963511,20.369327130982008,1.0
14,231,421.79263495905184,15.454566720702175,416.79263495905184,10.454566720702175,426.79263495905184,20.454566720702175,1.0
14,232,421.3592384778601,15.541653104788491,416.3592384778601,10.541653104788491,426.3592384778601,20.54165310478849,1.0
14,233,419.7470224369881,15.476500306054806,414.7470224369881,10.476500306054806,424.7470224369881,20.476500306054806,1.0
14,234,418.2172399620305,15.94122319226524,413.2172399620305,10.94122319226524,423.2172399620305,20.94122319226524,1.0
14,235,416.6826921886898,16.387729880678005,411.6826921886898,11.387729880678005,421.6826921886898,21.387729880678005,1.0
14,236,414.6794675327947,16.898093186268945,409.6794675327947,11.898093186268945,419.6794675327947,21.898093186268945,1.0
14,237,412.9450978436199,17.706207458211768,407.9450978436199,12.706207458211768,417.9450978436199,22.706207458211768,1.0
14,238,411.7006418835011,18.102185149586795,406.7006418835011,13.102185149586795,416.7006418835011,23.102185149586795,1.0
14,239,412.6160982139806,18.43148313680419,407.6160982139806,13.43148313680419,417.6160982139806,23.43148313680419,1.0
14,240,413.5949671933533,18.81345600014972,408.5949671933533,13.81345600014972,418.5949671933533,23.81345600014972,1.0
14,241,414.2403719566934,18.837060891546123,409.2403719566934,13.837060891546123,419.2403719566934,23.837060891546123,1.0
14,242,414.94371371576943,19.252504527576015,409.94371371576943,14.252504527576015,419.94371371576943,24.252504527576015,1.0
14,243,415.6365873149196,20.37932987235654,410.6365873149196,15.37932987235654,420.6365873149196,25.37932987235654,1.0
14,244,415.23777052575156,20.24709122263185,410.23777052575156,15.247091222631848,420.23777052575156,25.24709122263185,1.0
14,245,415.03683440051714,20.009328237402354,410.03683440051714,15.009328237402354,420.03683440051714,25.009328237402354,1.0
14,246,414.8324229025417,20.374685583078012,409.8324229025417,15.374685583078012,419.8324229025417,25.374685583078012,1.0
14,247,415.06788640061586,20.617875917081605,410.06788640061586,15.617875917081605,420.06788640061586,25.617875917081605,1.0
14,248,415.72999849149477,20.983300867703505,410.72999849149477,15.983300867703505,420.72999849149477,25.983300867703505,1.0
14,249,416.7395075735292,21.588626120996352,411.7395075735292,16.588626120996352,421.7395075735292,26.588626120996352,1.0
14,250,417.75847007321084,22.745739759540314,412.75847007321084,17.745739759540314,422.75847007321084,27.745739759540314,1.0
14,251,418.0991856804918,22.760231960744292,413.0991856804918,17.760231960744292,423.0991856804918,27.760231960744292,1.0
14,252,418.51328000593276,23.131412281434766,413.51328000593276,18.131412281434766,423.51328000593276,28.131412281434766,1.0
14,253,418.68524800245024,23.22517063656617,413.68524800245024,18.22517063656617,423.68524800245024,28.22517063656617,1.0
14,254,419.77102016622854,22.617761924958494,414.77102016622854,17.617761924958494,424.77102016622854,27.617761924958494,1.0
14,255,419.82198460504395,21.84315041018781,414.82198460504395,16.84315041018781,424.82198460504395,26.84315041018781,1.0
14,256,419.48687906879013,21.676563486198944,414.48687906879013,16.676563486198944,424.48687906879013,26.676563486198944,1.0
14,257,419.5223115917216,22.2818444412378,414.5223115917216,17.2818444412378,424.5223115917216,27.2818444412378,1.0
14,258,418.60634929433303,22.99237756762537,413.60634929433303,17.99237756762537,423.60634929433303,27.99237756762537,1.0
14,259,418.05878518330866,24.965891154096184,413.05878518330866,19.965891154096184,423.05878518330866,29.965891154096184,1.0
14,260,418.3331752742544,25.40382519904366,413.3331752742544,20.40382519904366,423.3331752742544,30.40382519904366,1.0
14,261,418.57579627140444,25.40428171225163,413.57579627140444,20.40428171225163,423.57579627140444,30.40428171225163,1.0
14,262,419.48806811598,25.54558114635888,414.48806811598,20.54558114635888,424.48806811598,30.54558114635888,1.0
14,263,420.29122913610416,24.072031560522504,415.29122913610416,19.072031560522504,425.29122913610416,29.072031560522504,1.0
14,264,420.90050076957175,22.70671932663774,415.90050076957175,17.70671932663774,425.90050076957175,27.70671932663774,1.0
14,265,421.47716548144894,21.44417222059498,416.47716548144894,16.44417222059498,426.47716548144894,26.44417222059498,1.0
14,266,420.17127165551585,20.778403703107642,415.17127165551585,15.778403703107642,425.17127165551585,25.778403703107642,1.0
14,267,419.49826157779233,21.574967711811645,414.49826157779233,16.574967711811645,424.49826157779233,26.574967711811645,1.0
14,268,420.22499183088206,21.313990124440416,415.22499183088206,16.313990124440416,425.22499183088206,26.313990124440416,1.0
14,269,419.99581411457905,20.336322558004618,414.99581411457905,15.336322558004618,424.99581411457905,25.336322558004618,1.0
14,270,419.9866140209711,19.682426792840353,414.9866140209711,14.682426792840353,424.9866140209711,24.682426792840353,1.0
14,276,419.00807890453325,18.9379114294209,414.00807890453325,13.9379114294209,424.00807890453325,23.9379114294209,1.0
14,277,417.8771918702404,18.122644774854905,412.8771918702404,13.122644774854905,422.8771918702404,23.122644774854905,1.0
14,278,416.6288978793484,17.804693108899354,411.6288978793484,12.804693108899354,421.6288978793484,22.804693108899354,1.0
14,279,415.0683518116697,18.28213077039249,410.0683518116697,13.282130770392492,420.0683518116697,23.28213077039249,1.0
14,280,414.2874179360109,18.31439284407631,409.2874179360109,13.314392844076309,419.2874179360109,23.31439284407631,1.0
14,281,413.56241858667306,17.83782100528822,408.56241858667306,12.83782100528822,418.56241858667306,22.83782100528822,1.0
14,282,413.0919669369467,17.30495909371914,408.0919669369467,12.304959093719141,418.0919669369467,22.30495909371914,1.0
14,283,412.81893517009894,17.645336436499257,407.81893517009894,12.645336436499257,417.81893517009894,22.645336436499257,1.0
14,284,412.62231692151965,17.126899499912597,407.62231692151965,12.126899499912597,417.62231692151965,22.126899499912597,1.0
14,285,411.6447075552209,16.574160541910015,406.6447075552209,11.574160541910015,416.6447075552209,21.574160541910015,1.0
14,286,411.22651407327743,17.17497469613133,406.22651407327743,12.17497469613133,416.22651407327743,22.17497469613133,1.0
14,287,409.8046071965042,18.062381695024428,404.8046071965042,13.062381695024428,414.8046071965042,23.062381695024428,1.0
14,288,408.5749199586462,18.09879078472246,403.5749199586462,13.09879078472246,413.5749199586462,23.09879078472246,1.0
14,289,407.5303493805274,17.78869521184749,402.5303493805274,12.78869521184749,412.5303493805274,22.78869521184749,1.0
14,290,407.20169313597,17.065507957923337,402.20169313597,12.065507957923337,412.20169313597,22.065507957923337,1.0
14,291,407.4865144948847,16.707091342412774,402.4865144948847,11.707091342412774,412.4865144948847,21.707091342412774,1.0
14,292,406.79948557049073,16.334092222105063,401.79948557049073,11.334092222105063,411.79948557049073,21.334092222105063,1.0
14,293,406.347598584607,16.588895910793823,401.347598584607,11.588895910793823,411.347598584607,21.588895910793823,1.0
14,294,405.1689134952506,17.25142619601165,400.1689134952506,12.25142619601165,410.1689134952506,22.25142619601165,1.0
14,295,404.3947184571112,18.509994234084076,399.3947184571112,13.509994234084076,409.3947184571112,23.509994234084076,1.0
14,296,403.5645903806542,18.695068793460056,398.5645903806542,13.695068793460056,408.5645903806542,23.695068793460056,1.0
14,297,403.63829547105917,18.989947114407187,398.63829547105917,13.989947114407187,408.63829547105917,23.989947114407187,1.0
14,298,403.74196882660675,18.91909872749269,398.74196882660675,13.919098727492688,408.74196882660675,23.91909872749269,1.0
14,299,403.43137756438966,18.26576694188975,398.43137756438966,13.265766941889751,408.43137756438966,23.26576694188975,1.0
14,300,403.4070391075402,18.308364246903597,398.4070391075402,13.308364246903597,408.4070391075402,23.308364246903597,1.0
14,301,403.94719780947815,18.530322232500403,398.94719780947815,13.530322232500403,408.94719780947815,23.530322232500403,1.0
14,302,402.7446580640384,18.211879308696787,397.7446580640384,13.211879308696787,407.7446580640384,23.211879308696787,1.0
14,303,402.09787077866577,16.825662483815556,397.09787077866577,11.825662483815556,407.09787077866577,21.825662483815556,1.0
14,304,402.40923052605046,15.806700188112481,397.40923052605046,10.806700188112481,407.40923052605046,20.80670018811248,1.0
14,305,403.6009298842099,15.907129002528906,398.6009298842099,10.907129002528906,408.6009298842099,20.907129002528904,1.0
14,306,405.2243464793708,15.6093655847039,400.2243464793708,10.6093655847039,410.2243464793708,20.6093655847039,1.0
14,307,406.64781877061915,15.320330436280969,401.64781877061915,10.320330436280969,411.64781877061915,20.32033043628097,1.0
14,308,407.49602846843953,15.71562716449835,402.49602846843953,10.71562716449835,412.49602846843953,20.71562716449835,1.0
14,309,407.15423718689465,16.247746889386384,402.15423718689465,11.247746889386384,412.15423718689465,21.247746889386384,1.0
14,310,406.5797737230285,16.758533223995627,401.5797737230285,11.758533223995627,411.5797737230285,21.758533223995627,1.0
14,311,406.37191332736415,17.80813000606055,401.37191332736415,12.808130006060551,411.37191332736415,22.80813000606055,1.0
14,312,406.51874035478215,18.582453813499715,401.51874035478215,13.582453813499715,411.51874035478215,23.582453813499715,1.0
14,313,407.41146924785556,19.34136849542397,402.41146924785556,14.341368495423971,412.41146924785556,24.34136849542397,1.0
14,314,407.78015156588947,19.85145486564614,402.78015156588947,14.85145486564614,412.78015156588947,24.85145486564614,1.0
14,315,407.5693098299596,19.47474234894691,402.5693098299596,14.474742348946911,412.5693098299596,24.47474234894691,1.0
14,316,407.4886425615092,18.54734309245604,402.4886425615092,13.547343092456039,412.4886425615092,23.54734309245604,1.0
14,317,407.62429972185123,17.465146778117987,402.62429972185123,12.465146778117987,412.62429972185123,22.465146778117987,1.0
14,318,408.3355967807617,16.47520543394832,403.3355967807617,11.475205433948322,413.3355967807617,21.47520543394832,1.0
14,319,408.7187717362328,15.858293465619461,403.7187717362328,10.858293465619461,413.7187717362328,20.85829346561946,1.0
14,320,410.07852207710334,16.18103483807948,405.07852207710334,11.18103483807948,415.07852207710334,21.18103483807948,1.0
14,321,410.94180621132784,15.94833385715274,405.94180621132784,10.94833385715274,415.94180621132784,20.94833385715274,1.0
14,322,411.03414384657117,15.803761162391456,406.03414384657117,10.803761162391456,416.03414384657117,20.803761162391456,1.0
14,323,411.1304663930323,16.183355860600447,406.1304663930323,11.183355860600447,416.1304663930323,21.183355860600447,1.0
14,324,411.2700397966725,16.814187501038838,406.2700397966725,11.814187501038838,416.2700397966725,21.814187501038838,1.0
14,325,411.10971936826684,17.197123510170066,406.10971936826684,12.197123510170066,416.10971936826684,22.197123510170066,1.0
14,326,411.1296462639033,18.073113076795703,406.1296462639033,13.073113076795703,416.1296462639033,23.073113076795703,1.0
14,327,411.03309900062453,17.690829791102313,406.03309900062453,12.690829791102313,416.03309900062453,22.690829791102313,1.0
14,328,410.89481887449347,17.551469929038664,405.89481887449347,12.551469929038664,415.89481887449347,22.551469929038664,1.0
14,329,411.3813091447686,17.266082429330332,406.3813091447686,12.266082429330332,416.3813091447686,22.266082429330332,1.0
14,330,411.3394293706566,17.36600197448583,406.3394293706566,12.36600197448583,416.3394293706566,22.36600197448583,1.0
14,331,411.21009764316193,17.935191141178294,406.21009764316193,12.935191141178294,416.21009764316193,22.935191141178294,1.0
14,332,411.88520141096905,17.326246091734163,406.88520141096905,12.326246091734163,416.88520141096905,22.326246091734163,1.0
14,333,413.09568910358854,17.601531487986183,408.09568910358854,12.601531487986183,418.09568910358854,22.601531487986183,1.0
14,334,414.21989340032485,17.982639978666327,409.21989340032485,12.982639978666327,419.21989340032485,22.982639978666327,1.0
14,335,413.6934689773837,18.83353838814372,408.6934689773837,13.833538388143719,418.6934689773837,23.83353838814372,1.0
14,336,413.5192462988076,20.151315174668618,408.5192462988076,15.151315174668618,418.5192462988076,25.151315174668618,1.0
14,337,413.501757292759,20.617589386747674,408.501757292759,15.617589386747674,418.501757292759,25.617589386747674,1.0
14,338,412.28574282761724,21.05810369468333,407.28574282761724,16.05810369468333,417.28574282761724,26.05810369468333,1.0
14,339,411.86162870558434,21.159325041947056,406.86162870558434,16.159325041947056,416.86162870558434,26.159325041947056,1.0
14,340,410.28240569909207,20.19395038357518,405.28240569909207,15.193950383575181,415.28240569909207,25.19395038357518,1.0
14,341,408.6769223060798,20.058994805613963,403.6769223060798,15.058994805613963,413.6769223060798,25.058994805613963,1.0
14,342,408.2225817829732,20.428438801309436,403.2225817829732,15.428438801309436,413.2225817829732,25.428438801309436,1.0
14,343,408.1670250293209,21.28933782655632,403.1670250293209,16.28933782655632,413.1670250293209,26.28933782655632,1.0
14,344,409.2820339637004,21.453770143328015,404.2820339637004,16.453770143328015,414.2820339637004,26.453770143328015,1.0
14,345,410.3375153149089,21.056694182926286,405.3375153149089,16.056694182926286,415.3375153149089,26.056694182926286,1.0
14,346,411.760280644556,20.98099976878813,406.760280644556,15.98099976878813,416.760280644556,25.98099976878813,1.0
14,347,411.9113661849785,21.399419224584822,406.9113661849785,16.399419224584822,416.9113661849785,26.399419224584822,1.0
14,348,411.7102982536306,22.083366970769486,406.7102982536306,17.083366970769486,416.7102982536306,27.083366970769486,1.0
14,349,411.62702493531265,22.645140735472218,406.62702493531265,17.645140735472218,416.62702493531265,27.645140735472218,1.0
14,350,411.91030614389,23.59898668490455,406.91030614389,18.59898668490455,416.91030614389,28.59898668490455,1.0
14,351,412.13986329669933,24.178965311344168,407.13986329669933,19.178965311344168,417.13986329669933,29.178965311344168,1.0
14,352,412.28877545780045,24.789951150151968,407.28877545780045,19.789951150151968,417.28877545780045,29.789951150151968,1.0
14,353,411.6779447964916,26.21340243112839,406.6779447964916,21.21340243112839,416.6779447964916,31.21340243112839,1.0
14,354,411.82227698007983,27.91128755653302,406.82227698007983,22.91128755653302,416.82227698007983,32.91128755653302,1.0
14,355,411.41155191007067,28.532315683318643,406.41155191007067,23.532315683318643,416.41155191007067,33.53231568331864,1.0
14,356,411.39600116252234,29.337001672989768,406.39600116252234,24.337001672989768,416.39600116252234,34.33700167298977,1.0
14,357,411.70352662991206,28.868885067842275,406.70352662991206,23.868885067842275,416.70352662991206,33.86888506784227,1.0
14,358,411.66674263668904,28.00203155068829,406.66674263668904,23.00203155068829,416.66674263668904,33.00203155068829,1.0
14,359,411.814996873054,28.40264606022254,406.814996873054,23.40264606022254,416.814996873054,33.40264606022254,1.0
14,360,412.08616109991186,29.664622263525104,407.08616109991186,24.664622263525104,417.08616109991186,34.664622263525104,1.0
14,361,413.2581392959652,30.11507501008048,408.2581392959652,25.11507501008048,418.2581392959652,35.11507501008048,1.0
14,362,413.46144590814123,30.17437610512058,408.46144590814123,25.17437610512058,418.46144590814123,35.17437610512058,1.0
14,363,412.80349061915837,29.13435280114787,407.80349061915837,24.13435280114787,417.80349061915837,34.13435280114787,1.0
14,364,413.0014991796787,28.145627743635092,408.0014991796787,23.145627743635092,418.0014991796787,33.14562774363509,1.0
14,365,412.25882463042734,27.890206278210957,407.25882463042734,22.890206278210957,417.25882463042734,32.890206278210954,1.0
14,366,410.6467849970775,27.658243908189462,405.6467849970775,22.658243908189462,415.6467849970775,32.65824390818946,1.0
14,367,409.33167081571196,27.855393173546116,404.33167081571196,22.855393173546116,414.33167081571196,32.85539317354612,1.0
14,368,408.0413041777991,28.496544183524744,403.0413041777991,23.496544183524744,413.0413041777991,33.49654418352475,1.0
14,369,408.14948722826944,28.6950740686919,403.14948722826944,23.6950740686919,413.14948722826944,33.695074068691895,1.0
14,370,407.3829530986712,27.634206213422498,402.3829530986712,22.634206213422498,412.3829530986712,32.6342062134225,1.0
14,371,406.5573030519832,27.758246522378528,401.5573030519832,22.758246522378528,411.5573030519832,32.75824652237853,1.0
14,372,406.22918886474463,26.78634212877893,401.22918886474463,21.78634212877893,411.22918886474463,31.78634212877893,1.0
14,373,405.41285893538924,25.68721215160496,400.41285893538924,20.68721215160496,410.41285893538924,30.68721215160496,1.0
14,374,405.27994973277174,24.366983720990824,400.27994973277174,19.366983720990824,410.27994973277174,29.366983720990824,1.0
14,375,404.888207970594,24.567344180064048,399.888207970594,19.567344180064048,409.888207970594,29.567344180064048,1.0
14,376,404.77861370144063,24.498242560470654,399.77861370144063,19.498242560470654,409.77861370144063,29.498242560470654,1.0
14,377,404.66585616397293,23.49249807787119,399.66585616397293,18.49249807787119,409.66585616397293,28.49249807787119,1.0
14,378,404.32468508832574,22.20111557312885,399.32468508832574,17.20111557312885,409.32468508832574,27.20111557312885,1.0
14,379,404.68843730365364,21.48671887864488,399.68843730365364,16.48671887864488,409.68843730365364,26.48671887864488,1.0
14,380,405.80261057546363,22.24640521775948,400.80261057546363,17.24640521775948,410.80261057546363,27.24640521775948,1.0
14,381,406.2356263054981,22.47985001019537,401.2356263054981,17.47985001019537,411.2356263054981,27.47985001019537,1.0
14,382,406.3580771556989,22.163062591809233,401.3580771556989,17.163062591809233,411.3580771556989,27.163062591809233,1.0
14,383,406.5480281312105,21.279529835108008,401.5480281312105,16.279529835108008,411.5480281312105,26.279529835108008,1.0
14,384,405.71259777386786,20.954945428041093,400.71259777386786,15.954945428041093,410.71259777386786,25.954945428041093,1.0
14,385,405.36597677536236,21.844812291777465,400.36597677536236,16.844812291777465,410.36597677536236,26.844812291777465,1.0
14,386,404.8560243933844,22.30449451968309,399.8560243933844,17.30449451968309,409.8560243933844,27.30449451968309,1.0
14,387,404.23183651966116,22.991478855242512,399.23183651966116,17.991478855242512,409.23183651966116,27.991478855242512,1.0
14,388,403.3258557733194,23.43195620194978,398.3258557733194,18.43195620194978,408.3258557733194,28.43195620194978,1.0
14,389,402.83013982627944,23.43140504316258,397.83013982627944,18.43140504316258,407.83013982627944,28.43140504316258,1.0
14,390,402.3928891868475,22.289603775612477,397.3928891868475,17.289603775612477,407.3928891868475,27.289603775612477,1.0
14,391,401.4449126897603,21.814671585823838,396.4449126897603,16.814671585823838,406.4449126897603,26.814671585823838,1.0
14,392,400.1068102499256,20.134598781576067,395.1068102499256,15.134598781576067,405.1068102499256,25.134598781576067,1.0
14,393,399.85308625077755,18.94469430389863,394.85308625077755,13.944694303898629,404.85308625077755,23.94469430389863,1.0
14,394,400.1357081490519,17.960348259088427,395.1357081490519,12.960348259088427,405.1357081490519,22.960348259088427,1.0
14,395,398.9214530733572,17.907853800494422,393.9214530733572,12.907853800494422,403.9214530733572,22.907853800494422,1.0
14,396,398.30928428486675,17.55440911493432,393.30928428486675,12.55440911493432,403.30928428486675,22.55440911493432,1.0
14,397,397.6849730820827,18.196735171202107,392.6849730820827,13.196735171202107,402.6849730820827,23.196735171202107,1.0
14,398,397.79137676657155,18.39889585386091,392.79137676657155,13.39889585386091,402.79137676657155,23.39889585386091,1.0
14,399,396.25855448219306,19.307945044482548,391.25855448219306,14.307945044482548,401.25855448219306,24.307945044482548,1.0
14,400,395.0041865508157,20.414880457343536,390.0041865508157,15.414880457343536,400.0041865508157,25.414880457343536,1.0
14,401,393.36396303783505,21.612924979773865,388.36396303783505,16.612924979773865,398.36396303783505,26.612924979773865,1.0
14,402,393.10918132527604,22.027289964257818,388.10918132527604,17.027289964257818,398.10918132527604,27.027289964257818,1.0
14,403,392.78798568768235,22.400624717160454,387.78798568768235,17.400624717160454,397.78798568768235,27.400624717160454,1.0
14,404,391.4195756127836,22.50310359296997,386.4195756127836,17.50310359296997,396.4195756127836,27.50310359296997,1.0
14,405,389.98051395778583,23.563935091644467,384.98051395778583,18.563935091644467,394.98051395778583,28.563935091644467,1.0
14,406,388.65145520498703,24.87858257721474,383.65145520498703,19.87858257721474,393.65145520498703,29.87858257721474,1.0
14,407,387.16376725885925,25.48335522018175,382.16376725885925,20.48335522018175,392.16376725885925,30.48335522018175,1.0
14,408,387.38922317810426,25.87111491212071,382.38922317810426,20.87111491212071,392.38922317810426,30.87111491212071,1.0
14,409,388.09064736449466,26.218424842240132,383.09064736449466,21.218424842240132,393.09064736449466,31.218424842240132,1.0
14,410,387.17916677584464,26.223656872718966,382.17916677584464,21.223656872718966,392.17916677584464,31.223656872718966,1.0
14,411,386.37290066968455,25.256273920099215,381.37290066968455,20.256273920099215,391.37290066968455,30.256273920099215,1.0
14,412,386.37658361439503,25.092690780824928,381.37658361439503,20.092690780824928,391.37658361439503,30.092690780824928,1.0
14,413,386.64192635579883,25.944239343327798,381.64192635579883,20.944239343327798,391.64192635579883,30.944239343327798,1.0
14,414,386.7295157357575,26.73248046748573,381.7295157357575,21.73248046748573,391.7295157357575,31.73248046748573,1.0
14,415,386.2787005067978,27.297870631028193,381.2787005067978,22.297870631028193,391.2787005067978,32.29787063102819,1.0
14,416,386.71653227954096,27.66520105238432,381.71653227954096,22.66520105238432,391.71653227954096,32.66520105238432,1.0
14,417,386.82544367807566,28.678793511923903,381.82544367807566,23.678793511923903,391.82544367807566,33.6787935119239,1.0
14,418,386.1566290909527,29.053602297037934,381.1566290909527,24.053602297037934,391.1566290909527,34.05360229703793,1.0
14,419,385.4363988366668,27.91252085894418,380.4363988366668,22.91252085894418,390.4363988366668,32.91252085894418,1.0
14,420,385.82080929984204,27.91434276770554,380.82080929984204,22.91434276770554,390.82080929984204,32.91434276770554,1.0
14,421,386.1065703567309,28.272228579282935,381.1065703567309,23.272228579282935,391.1065703567309,33.27222857928294,1.0
14,422,386.42877608816957,28.251369918950743,381.42877608816957,23.251369918950743,391.42877608816957,33.25136991895074,1.0
14,423,387.7710822034829,28.632640923553662,382.7710822034829,23.632640923553662,392.7710822034829,33.632640923553666,1.0
14,424,388.39857984488805,27.529786055875057,383.39857984488805,22.529786055875057,393.39857984488805,32.52978605587506,1.0
14,425,388.6219850977413,26.53653720953698,383.6219850977413,21.53653720953698,393.6219850977413,31.53653720953698,1.0
14,426,389.4809996957888,26.03332027429246,384.4809996957888,21.03332027429246,394.4809996957888,31.03332027429246,1.0
14,427,390.2832224006841,26.57121643056944,385.2832224006841,21.57121643056944,395.2832224006841,31.57121643056944,1.0
14,428,390.18747786144644,27.484411280574054,385.18747786144644,22.484411280574054,395.18747786144644,32.48441128057405,1.0
14,429,390.12345828367165,28.76620627300151,385.12345828367165,23.76620627300151,395.12345828367165,33.766206273001515,1.0
14,430,390.28737657244926,29.76941342125601,385.28737657244926,24.76941342125601,395.28737657244926,34.76941342125601,1.0
14,431,389.60983171647075,30.392660072077433,384.60983171647075,25.392660072077433,394.60983171647075,35.39266007207743,1.0
14,432,389.8414700387633,31.890575928936517,384.8414700387633,26.890575928936517,394.8414700387633,36.890575928936514,1.0
14,433,389.3387958352839,32.814666141684114,384.3387958352839,27.814666141684114,394.3387958352839,37.814666141684114,1.0
14,434,389.4057712782806,33.505312753513245,384.4057712782806,28.505312753513245,394.4057712782806,38.505312753513245,1.0
14,435,388.8019750785784,33.08915463880278,383.8019750785784,28.089154638802782,393.8019750785784,38.08915463880278,1.0
14,436,387.9271570015291,32.0789077272956,382.9271570015291,27.0789077272956,392.9271570015291,37.0789077272956,1.0
14,437,387.42466397857174,31.00742456051309,382.42466397857174,26.00742456051309,392.42466397857174,36.00742456051309,1.0
14,438,388.7134418306742,30.789814173020122,383.7134418306742,25.789814173020122,393.7134418306742,35.78981417302012,1.0
14,439,390.26146354111256,30.190273232616182,385.26146354111256,25.190273232616182,395.26146354111256,35.19027323261618,1.0
14,440,391.95349976375337,29.514866896844804,386.95349976375337,24.514866896844804,396.95349976375337,34.51486689684481,1.0
14,441,392.7886517770225,28.483140572520888,387.7886517770225,23.483140572520888,397.7886517770225,33.48314057252089,1.0
14,442,392.64437787783845,27.760756273772582,387.64437787783845,22.760756273772582,397.64437787783845,32.760756273772586,1.0
14,443,393.0105761258918,27.2824231712927,388.0105761258918,22.2824231712927,398.0105761258918,32.2824231712927,1.0
14,444,394.1738217715778,26.792125040978515,389.1738217715778,21.792125040978515,399.1738217715778,31.792125040978515,1.0
14,445,393.99798447580656,26.285968470287294,388.99798447580656,21.285968470287294,398.99798447580656,31.285968470287294,1.0
14,446,394.5460853015431,26.675966171231426,389.5460853015431,21.675966171231426,399.5460853015431,31.675966171231426,1.0
14,447,394.8687008227578,27.038673557380598,389.8687008227578,22.038673557380598,399.8687008227578,32.0386735573806,1.0
14,448,395.1539459357676,26.80452620140269,390.1539459357676,21.80452620140269,400.1539459357676,31.80452620140269,1.0
14,449,396.64509842252454,26.949456654597558,391.64509842252454,21.949456654597558,401.64509842252454,31.949456654597558,1.0
14,450,397.9290571603179,26.448209383761828,392.9290571603179,21.448209383761828,402.9290571603179,31.448209383761828,1.0
14,451,399.8821089745378,26.26316286035213,394.8821089745378,21.26316286035213,404.8821089745378,31.26316286035213,1.0
14,452,399.7763724703133,26.40789740918666,394.7763724703133,21.40789740918666,404.7763724703133,31.40789740918666,1.0
14,453,399.98605462428543,26.79791652623533,394.98605462428543,21.79791652623533,404.98605462428543,31.79791652623533,1.0
14,454,400.8926264445301,26.43561991021359,395.8926264445301,21.43561991021359,405.8926264445301,31.43561991021359,1.0
14,455,401.70276385477496,25.254131434877714,396.70276385477496,20.254131434877714,406.70276385477496,30.254131434877714,1.0
14,456,401.80918374702514,24.122957864336854,396.80918374702514,19.122957864336854,406.80918374702514,29.122957864336854,1.0
14,457,401.2149866730771,23.416635051158668,396.2149866730771,18.416635051158668,406.2149866730771,28.416635051158668,1.0
14,458,401.2328563036159,22.29704846283918,396.2328563036159,17.29704846283918,406.2328563036159,27.29704846283918,1.0
14,459,402.8305286960566,21.97025282570599,397.8305286960566,16.97025282570599,407.8305286960566,26.97025282570599,1.0
14,460,403.2842361878916,21.645646638758826,398.2842361878916,16.645646638758826,408.2842361878916,26.645646638758826,1.0
14,461,403.4946523809364,21.150933810159575,398.4946523809364,16.150933810159575,408.4946523809364,26.150933810159575,1.0
14,462,403.70199571520527,20.23004173863368,398.70199571520527,15.23004173863368,408.70199571520527,25.23004173863368,1.0
14,463,404.2543031570233,19.11009038715209,399.2543031570233,14.110090387152091,409.2543031570233,24.11009038715209,1.0
14,464,404.17703602711435,18.59393771628449,399.17703602711435,13.59393771628449,409.17703602711435,23.59393771628449,1.0
14,465,403.7136228974488,18.32394949805953,398.7136228974488,13.32394949805953,408.7136228974488,23.32394949805953,1.0
14,466,402.8766725541167,19.60644644262251,397.8766725541167,14.60644644262251,407.8766725541167,24.60644644262251,1.0
14,467,402.41111185437023,20.750827710322568,397.41111185437023,15.750827710322568,407.41111185437023,25.750827710322568,1.0
14,468,401.5978256810165,22.16558428678939,396.5978256810165,17.16558428678939,406.5978256810165,27.16558428678939,1.0
14,469,401.153677512742,24.261038771413947,396.153677512742,19.261038771413947,406.153677512742,29.261038771413947,1.0
14,470,400.86349827474027,24.860047654261678,395.86349827474027,19.860047654261678,405.86349827474027,29.860047654261678,1.0
14,471,400.780118878949,25.598489939735384,395.780118878949,20.598489939735384,405.780118878949,30.598489939735384,1.0
14,472,400.7466665964055,26.124629424870612,395.7466665964055,21.124629424870612,405.7466665964055,31.124629424870612,1.0
14,473,400.9862003927356,25.479633706152995,395.9862003927356,20.479633706152995,405.9862003927356,30.479633706152995,1.0
14,474,401.20923415663486,25.650048095088813,396.20923415663486,20.650048095088813,406.20923415663486,30.650048095088813,1.0
14,475,400.71776480268846,26.3220294124972,395.71776480268846,21.3220294124972,405.71776480268846,31.3220294124972,1.0
14,476,401.00534347874395,26.65720121272013,396.00534347874395,21.65720121272013,406.00534347874395,31.65720121272013,1.0
14,477,401.4493756215754,26.653942722983338,396.4493756215754,21.653942722983338,406.4493756215754,31.653942722983338,1.0
14,478,401.69759023088886,26.66693705589932,396.69759023088886,21.66693705589932,406.69759023088886,31.66693705589932,1.0
14,479,401.7307144516358,26.65024963962855,396.7307144516358,21.65024963962855,406.7307144516358,31.65024963962855,1.0
14,480,401.0088066721902,26.14874348919617,396.0088066721902,21.14874348919617,406.0088066721902,31.14874348919617,1.0
14,481,400.6045677060954,26.298234932659195,395.6045677060954,21.298234932659195,405.6045677060954,31.298234932659195,1.0
14,482,400.71238381149635,26.666011057644596,395.71238381149635,21.666011057644596,405.71238381149635,31.666011057644596,1.0
14,483,400.42083251494597,27.58081340236233,395.42083251494597,22.58081340236233,405.42083251494597,32.58081340236233,1.0
14,484,400.6087713676982,28.331331606243413,395.6087713676982,23.331331606243413,405.6087713676982,33.33133160624341,1.0
14,485,400.2532487047257,27.956489046488137,395.2532487047257,22.956489046488137,405.2532487047257,32.95648904648814,1.0
14,486,399.6912730072396,27.296548127767405,394.6912730072396,22.296548127767405,404.6912730072396,32.29654812776741,1.0
14,487,398.33095436031914,27.41178683025244,393.33095436031914,22.41178683025244,403.33095436031914,32.41178683025244,1.0
14,488,396.9990575307401,27.262960970457637,391.9990575307401,22.262960970457637,401.9990575307401,32.26296097045764,1.0
14,489,397.0428421659086,27.614004890715048,392.0428421659086,22.614004890715048,402.0428421659086,32.61400489071505,1.0
14,490,396.72619065654015,27.13834646096169,391.72619065654015,22.13834646096169,401.72619065654015,32.138346460961685,1.0
14,491,398.3516087565823,25.829332616427365,393.3516087565823,20.829332616427365,403.3516087565823,30.829332616427365,1.0
14,492,399.37924333523523,24.62513548110772,394.37924333523523,19.62513548110772,404.37924333523523,29.62513548110772,1.0
14,493,400.28485937135645,23.586961513813634,395.28485937135645,18.586961513813634,405.28485937135645,28.586961513813634,1.0
14,494,400.75567349325127,22.579382137407812,395.75567349325127,17.579382137407812,405.75567349325127,27.579382137407812,1.0
14,495,400.8230482854845,21.769689253506503,395.8230482854845,16.769689253506503,405.8230482854845,26.769689253506503,1.0
14,496,400.84682067344096,21.956897443410863,395.84682067344096,16.956897443410863,405.84682067344096,26.956897443410863,1.0
14,497,401.21631665960433,22.408743205514675,396.21631665960433,17.408743205514675,406.21631665960433,27.408743205514675,1.0
14,498,401.6684473321083,23.28691606626246,396.6684473321083,18.28691606626246,406.6684473321083,28.28691606626246,1.0
14,499,402.5809496039585,24.336254643647642,397.5809496039585,19.336254643647642,407.5809496039585,29.336254643647642,1.0
14,500,404.76560284508923,26.137356556040324,399.76560284508923,21.137356556040324,409.76560284508923,31.137356556040324,1.0
14,501,405.5656906932315,28.557917963478797,400.5656906932315,23.557917963478797,410.5656906932315,33.5579179634788,1.0
14,502,405.5788837346606,29.52072562266826,400.5788837346606,24.52072562266826,410.5788837346606,34.52072562266826,1.0
14,503,406.06322889252203,30.20904283053651,401.06322889252203,25.20904283053651,411.06322889252203,35.20904283053651,1.0
14,504,406.10211834253835,31.61465128220347,401.10211834253835,26.61465128220347,411.10211834253835,36.61465128220347,1.0
14,505,406.46220189831297,32.37056224754562,401.46220189831297,27.37056224754562,411.46220189831297,37.37056224754562,1.0
14,506,406.9831600916709,33.23071638470243,401.9831600916709,28.230716384702433,411.9831600916709,38.23071638470243,1.0
14,507,405.97563078765086,33.85860406378511,400.97563078765086,28.85860406378511,410.97563078765086,38.85860406378511,1.0
14,508,404.09671476926593,34.10697214035986,399.09671476926593,29.106972140359858,409.09671476926593,39.10697214035986,1.0
14,509,403.0736244480414,35.45725334876886,398.0736244480414,30.45725334876886,408.0736244480414,40.45725334876886,1.0
14,510,402.2616566089561,35.83897146214616,397.2616566089561,30.838971462146162,407.2616566089561,40.83897146214616,1.0
14,511,402.5381699879449,35.68986540005484,397.5381699879449,30.689865400054842,407.5381699879449,40.68986540005484,1.0
14,512,402.6901346926904,35.542256768973516,397.6901346926904,30.542256768973516,407.6901346926904,40.542256768973516,1.0
14,513,402.6527633549481,35.41301915457745,397.6527633549481,30.413019154577448,407.6527633549481,40.41301915457745,1.0
14,514,402.51762697947646,35.27579609117275,397.51762697947646,30.27579609117275,407.51762697947646,40.27579609117275,1.0
14,515,401.6846450357204,35.09766656151393,396.6846450357204,30.097666561513932,406.6846450357204,40.09766656151393,1.0
14,516,400.83014143081795,35.299803071179184,395.83014143081795,30.299803071179184,405.83014143081795,40.299803071179184,1.0
14,517,399.4980294736234,35.940113994731014,394.4980294736234,30.940113994731014,404.4980294736234,40.940113994731014,1.0
14,518,397.7856996465419,36.2813805697882,392.7856996465419,31.281380569788197,402.7856996465419,41.2813805697882,1.0
14,519,397.2378242227414,35.854668960487466,392.2378242227414,30.854668960487466,402.2378242227414,40.854668960487466,1.0
14,520,397.1790897191639,35.51657030226036,392.1790897191639,30.516570302260362,402.1790897191639,40.51657030226036,1.0
14,521,397.4972234284054,34.574175821565845,392.4972234284054,29.574175821565845,402.4972234284054,39.574175821565845,1.0
14,522,397.8671766758429,34.030403527074085,392.8671766758429,29.030403527074085,402.8671766758429,39.030403527074085,1.0
14,523,397.8286673344695,34.71053238806509,392.8286673344695,29.71053238806509,402.8286673344695,39.71053238806509,1.0
14,524,397.5121857567377,35.6459250993974,392.5121857567377,30.645925099397402,402.5121857567377,40.6459250993974,1.0
14,525,397.65027319442186,37.79637564074095,392.65027319442186,32.79637564074095,402.65027319442186,42.79637564074095,1.0
14,526,396.70952887310784,39.46305737463504,391.70952887310784,34.46305737463504,401.70952887310784,44.46305737463504,1.0
14,527,397.3471039977732,40.909905198171856,392.3471039977732,35.909905198171856,402.3471039977732,45.909905198171856,1.0
14,528,397.6922457655253,41.95793065371791,392.6922457655253,36.95793065371791,402.6922457655253,46.95793065371791,1.0
14,529,397.2065290859562,42.52801316107718,392.2065290859562,37.52801316107718,402.2065290859562,47.52801316107718,1.0
14,530,396.15804872518527,43.000332654402094,391.15804872518527,38.000332654402094,401.15804872518527,48.000332654402094,1.0
14,531,395.6074739099434,43.95562603493637,390.6074739099434,38.95562603493637,400.6074739099434,48.95562603493637,1.0
14,532,395.69302114658245,44.79448330487505,390.69302114658245,39.79448330487505,400.69302114658245,49.79448330487505,1.0
14,533,395.42128745395934,45.49860896174823,390.42128745395934,40.49860896174823,400.42128745395934,50.49860896174823,1.0
14,534,395.8247429539124,45.69505012160569,390.8247429539124,40.69505012160569,400.8247429539124,50.69505012160569,1.0
14,535,396.5589796068968,45.89401653638691,391.5589796068968,40.89401653638691,401.5589796068968,50.89401653638691,1.0
14,536,397.4994519790559,44.56902585827991,392.4994519790559,39.56902585827991,402.4994519790559,49.56902585827991,1.0
14,537,397.6469446554616,44.275505086299184,392.6469446554616,39.275505086299184,402.6469446554616,49.275505086299184,1.0
14,538,397.9184537265344,45.162741978883304,392.9184537265344,40.162741978883304,402.9184537265344,50.162741978883304,1.0
14,539,397.3957830957787,46.47043685204806,392.3957830957787,41.47043685204806,402.3957830957787,51.47043685204806,1.0
14,540,396.9317269444177,46.311178261144725,391.9317269444177,41.311178261144725,401.9317269444177,51.311178261144725,1.0
14,541,395.90341794453576,46.62497918949289,390.90341794453576,41.62497918949289,400.90341794453576,51.62497918949289,1.0
14,542,395.9888340466451,46.94509813166423,390.9888340466451,41.94509813166423,400.9888340466451,51.94509813166423,1.0
14,543,395.4408907999341,48.050718933898665,390.4408907999341,43.050718933898665,400.4408907999341,53.050718933898665,1.0
14,544,394.29538253235194,50.21207602755444,389.29538253235194,45.21207602755444,399.29538253235194,55.21207602755444,1.0
14,545,393.5985173288057,52.267203323064926,388.5985173288057,47.267203323064926,398.5985173288057,57.267203323064926,1.0
14,546,393.8533725028171,52.994834212752416,388.8533725028171,47.994834212752416,398.8533725028171,57.994834212752416,1.0
14,547,393.6584056947425,53.09314409530839,388.6584056947425,48.09314409530839,398.6584056947425,58.09314409530839,1.0
14,548,393.88898680243483,53.90267197505669,388.88898680243483,48.90267197505669,398.88898680243483,58.90267197505669,1.0
14,549,394.87430202955625,53.24913611091209,389.87430202955625,48.24913611091209,399.87430202955625,58.24913611091209,1.0
14,550,395.4158951800543,52.09821845496613,390.4158951800543,47.09821845496613,400.4158951800543,57.09821845496613,1.0
14,551,394.9112079154065,51.80117317259184,389.9112079154065,46.80117317259184,399.9112079154065,56.80117317259184,1.0
14,552,395.1460096891185,51.51609017171497,390.1460096891185,46.51609017171497,400.1460096891185,56.51609017171497,1.0
14,553,395.81954896868695,51.19420764092584,390.81954896868695,46.19420764092584,400.81954896868695,56.19420764092584,1.0
14,554,396.7122386309468,51.58643389894562,391.7122386309468,46.58643389894562,401.7122386309468,56.58643389894562,1.0
14,555,398.3228046468203,52.43483737802228,393.3228046468203,47.43483737802228,403.3228046468203,57.43483737802228,1.0
14,556,399.20503111005246,52.768767160766465,394.20503111005246,47.768767160766465,404.20503111005246,57.768767160766465,1.0
14,557,399.1043276674528,52.65695031494078,394.1043276674528,47.65695031494078,404.1043276674528,57.65695031494078,1.0
14,558,398.59280990233333,51.7045113745821,393.59280990233333,46.7045113745821,403.59280990233333,56.7045113745821,1.0
14,559,398.5222154453662,51.70371099808261,393.5222154453662,46.70371099808261,403.5222154453662,56.70371099808261,1.0
14,560,397.97656300444686,52.13653664388082,392.97656300444686,47.13653664388082,402.97656300444686,57.13653664388082,1.0
14,561,398.4311401351997,51.86416374742294,393.4311401351997,46.86416374742294,403.4311401351997,56.86416374742294,1.0
14,562,398.8929076511964,51.842834653131575,393.8929076511964,46.842834653131575,403.8929076511964,56.842834653131575,1.0
14,563,399.5819501954846,52.51985807633339,394.5819501954846,47.51985807633339,404.5819501954846,57.51985807633339,1.0
14,564,399.6932128971744,52.730724147158156,394.6932128971744,47.730724147158156,404.6932128971744,57.730724147158156,1.0
14,565,400.9089911952313,52.79852053638846,395.9089911952313,47.79852053638846,405.9089911952313,57.79852053638846,1.0
14,566,401.61686612385216,52.92231261587628,396.61686612385216,47.92231261587628,406.61686612385216,57.92231261587628,1.0
14,567,401.94257809081506,53.960868582827146,396.94257809081506,48.960868582827146,406.94257809081506,58.960868582827146,1.0
14,568,402.559715873713,54.090424662974634,397.559715873713,49.090424662974634,407.559715873713,59.090424662974634,1.0
14,569,402.48048568008124,54.117839003826724,397.48048568008124,49.117839003826724,407.48048568008124,59.117839003826724,1.0
14,570,402.19786782437177,53.041523498716025,397.19786782437177,48.041523498716025,407.19786782437177,58.041523498716025,1.0
14,571,402.21365769775787,52.96709073209947,397.21365769775787,47.96709073209947,407.21365769775787,57.96709073209947,1.0
14,572,403.4097641320475,54.52271841054159,398.4097641320475,49.52271841054159,408.4097641320475,59.52271841054159,1.0
14,573,404.6505094165279,55.285890954800465,399.6505094165279,50.285890954800465,409.6505094165279,60.285890954800465,1.0
14,574,405.5014938197014,56.162583479689914,400.5014938197014,51.162583479689914,410.5014938197014,61.162583479689914,1.0
14,575,405.48196886832426,57.21659069614085,400.48196886832426,52.21659069614085,410.48196886832426,62.21659069614085,1.0
14,576,405.1966055316127,58.72684925622766,400.1966055316127,53.72684925622766,410.1966055316127,63.72684925622766,1.0
14,577,404.3571310399731,60.42101701931205,399.3571310399731,55.42101701931205,409.3571310399731,65.42101701931205,1.0
14,578,404.1646726480455,61.13026695034228,399.1646726480455,56.13026695034228,409.1646726480455,66.13026695034227,1.0
14,579,403.06969618312473,61.44926512817593,398.06969618312473,56.44926512817593,408.06969618312473,66.44926512817594,1.0
14,580,403.1200529907954,62.40608933341418,398.1200529907954,57.40608933341418,408.1200529907954,67.40608933341417,1.0
14,581,403.0572075788877,63.19950397604516,398.0572075788877,58.19950397604516,408.0572075788877,68.19950397604515,1.0
14,582,403.04587435879927,63.20227198067065,398.04587435879927,58.20227198067065,408.04587435879927,68.20227198067064,1.0
14,583,403.3294212584738,62.517750071275756,398.3294212584738,57.517750071275756,408.3294212584738,67.51775007127576,1.0
14,584,402.55804100016957,61.94195706012012,397.55804100016957,56.94195706012012,407.55804100016957,66.94195706012012,1.0
14,585,402.7889641939751,61.34127264580932,397.7889641939751,56.34127264580932,407.7889641939751,66.34127264580931,1.0
14,586,404.21212394859,59.79224401018663,399.21212394859,54.79224401018663,409.21212394859,64.79224401018664,1.0
14,587,405.7314641694056,57.79548803008342,400.7314641694056,52.79548803008342,410.7314641694056,62.79548803008342,1.0
14,588,406.5128072609584,57.217293488666996,401.5128072609584,52.217293488666996,411.5128072609584,62.217293488666996,1.0
14,589,406.6644898733987,58.015358301647865,401.6644898733987,53.015358301647865,411.6644898733987,63.015358301647865,1.0
14,590,406.9880176435431,58.429645729236846,401.9880176435431,53.429645729236846,411.9880176435431,63.429645729236846,1.0
14,591,407.77857092167096,57.02798964360241,402.77857092167096,52.02798964360241,412.77857092167096,62.02798964360241,1.0
14,592,408.7863446309595,57.84643429802887,403.7863446309595,52.84643429802887,413.7863446309595,62.84643429802887,1.0
14,593,409.09647293350116,58.614099800726,404.09647293350116,53.614099800726,414.09647293350116,63.614099800726,1.0
14,594,408.5111371113339,58.98017810543341,403.5111371113339,53.98017810543341,413.5111371113339,63.98017810543341,1.0
14,595,408.1891966711432,59.12096977663083,403.1891966711432,54.12096977663083,413.1891966711432,64.12096977663083,1.0
14,596,407.8077499341705,58.926193979626646,402.8077499341705,53.926193979626646,412.8077499341705,63.926193979626646,1.0
14,597,407.53575870950687,58.84033937396367,402.53575870950687,53.84033937396367,412.53575870950687,63.84033937396367,1.0
14,598,407.8623047370314,58.968402627374864,402.8623047370314,53.968402627374864,412.8623047370314,63.968402627374864,1.0
14,599,407.2542787211581,59.882413059546856,402.2542787211581,54.882413059546856,412.2542787211581,64.88241305954685,1.0
14,600,407.27757934443065,59.63945881862667,402.27757934443065,54.63945881862667,412.27757934443065,64.63945881862668,1.0
14,601,407.47697844860375,59.53066064687663,402.47697844860375,54.53066064687663,412.47697844860375,64.53066064687664,1.0
14,602,406.3475431289697,59.854613089731814,401.3475431289697,54.854613089731814,411.3475431289697,64.85461308973181,1.0
14,603,406.4186074918339,59.3223719367913,401.4186074918339,54.3223719367913,411.4186074918339,64.3223719367913,1.0
14,604,405.1018988735704,58.03633627688045,400.1018988735704,53.03633627688045,410.1018988735704,63.03633627688045,1.0
14,605,403.9851586304042,56.68955806016272,398.9851586304042,51.68955806016272,408.9851586304042,61.68955806016272,1.0
14,606,404.1186803716026,55.420174051671694,399.1186803716026,50.420174051671694,409.1186803716026,60.420174051671694,1.0
14,607,405.26118652110057,54.72411791826817,400.26118652110057,49.72411791826817,410.26118652110057,59.72411791826817,1.0
14,608,406.25140368659584,54.65462325132689,401.25140368659584,49.65462325132689,411.25140368659584,59.65462325132689,1.0
14,609,406.91916799139653,55.45562791150159,401.91916799139653,50.45562791150159,411.91916799139653,60.45562791150159,1.0
14,610,406.3575088169463,56.89772215970136,401.3575088169463,51.89772215970136,411.3575088169463,61.89772215970136,1.0
14,611,404.8662045050188,57.890763468367304,399.8662045050188,52.890763468367304,409.8662045050188,62.890763468367304,1.0
14,612,403.61777082934873,57.2771094923147,398.61777082934873,52.2771094923147,408.61777082934873,62.2771094923147,1.0
14,613,403.91413344839674,56.49997612621168,398.91413344839674,51.49997612621168,408.91413344839674,61.49997612621168,1.0
14,614,404.7262877761146,55.96386149432697,399.7262877761146,50.96386149432697,409.7262877761146,60.96386149432697,1.0
14,615,404.8635140615855,54.343618881474896,399.8635140615855,49.343618881474896,409.8635140615855,59.343618881474896,1.0
14,616,405.2433039219007,53.416562310357875,400.2433039219007,48.416562310357875,410.2433039219007,58.416562310357875,1.0
14,617,405.10545700003934,51.93897350580504,400.10545700003934,46.93897350580504,410.10545700003934,56.93897350580504,1.0
14,618,405.31138791129587,51.44343735478387,400.31138791129587,46.44343735478387,410.31138791129587,56.44343735478387,1.0
14,619,405.1127786442047,51.28013183262117,400.1127786442047,46.28013183262117,410.1127786442047,56.28013183262117,1.0
14,620,405.2449531248527,52.235131628783904,400.2449531248527,47.235131628783904,410.2449531248527,57.235131628783904,1.0
14,621,404.6546843203457,52.815844293485576,399.6546843203457,47.815844293485576,409.6546843203457,57.815844293485576,1.0
14,622,404.6423423704053,54.31563850407466,399.6423423704053,49.31563850407466,409.6423423704053,59.31563850407466,1.0
14,623,405.05527530009806,54.840822654242984,400.05527530009806,49.840822654242984,410.05527530009806,59.840822654242984,1.0
14,624,405.32761334038577,55.82724164113985,400.32761334038577,50.82724164113985,410.32761334038577,60.82724164113985,1.0
14,625,403.89560974556446,55.2017093362305,398.89560974556446,50.2017093362305,408.89560974556446,60.2017093362305,1.0
14,626,403.78107710409677,54.74176163488811,398.78107710409677,49.74176163488811,408.78107710409677,59.74176163488811,1.0
14,627,403.52774181028104,54.35799598130533,398.52774181028104,49.35799598130533,408.52774181028104,59.35799598130533,1.0
14,628,403.2031696060607,53.85571988395801,398.2031696060607,48.85571988395801,408.2031696060607,58.85571988395801,1.0
14,629,403.15576769688266,53.51729115415284,398.15576769688266,48.51729115415284,408.15576769688266,58.51729115415284,1.0
14,630,402.0518683666283,53.807117282197964,397.0518683666283,48.807117282197964,407.0518683666283,58.807117282197964,1.0
14,631,401.9167032828962,54.028019919240954,396.9167032828962,49.028019919240954,406.9167032828962,59.028019919240954,1.0
14,632,402.75965568838603,54.3952164770089,397.75965568838603,49.3952164770089,407.75965568838603,59.3952164770089,1.0
14,633,404.0774245321796,55.156791691659684,399.0774245321796,50.156791691659684,409.0774245321796,60.156791691659684,1.0
14,634,405.1671680749678,56.0404488972175,400.1671680749678,51.0404488972175,410.1671680749678,61.0404488972175,1.0
14,635,406.3511814352969,56.63351806752556,401.3511814352969,51.63351806752556,411.3511814352969,61.63351806752556,1.0
14,636,406.74306763090283,57.03914915934872,401.74306763090283,52.03914915934872,411.74306763090283,62.03914915934872,1.0
14,637,408.289779184185,58.603239199614165,403.289779184185,53.603239199614165,413.289779184185,63.603239199614165,1.0
14,638,408.65294323776385,59.02557397280975,403.65294323776385,54.02557397280975,413.65294323776385,64.02557397280975,1.0
14,639,409.07889201407403,60.19743405505278,404.07889201407403,55.19743405505278,414.07889201407403,65.19743405505278,1.0
14,640,409.2928595985869,61.63779412408056,404.2928595985869,56.63779412408056,414.2928595985869,66.63779412408056,1.0
14,641,407.8486731312736,62.671659623002554,402.8486731312736,57.671659623002554,412.8486731312736,67.67165962300255,1.0
14,642,407.01811624348386,63.21761599996139,402.01811624348386,58.21761599996139,412.01811624348386,68.2176159999614,1.0
14,643,406.35774264474423,62.89177044742542,401.35774264474423,57.89177044742542,411.35774264474423,67.89177044742542,1.0
14,644,405.4228288569059,62.55949150417851,400.4228288569059,57.55949150417851,410.4228288569059,67.55949150417851,1.0
14,645,404.9738470881495,62.31734863089223,399.9738470881495,57.31734863089223,409.9738470881495,67.31734863089224,1.0
14,646,403.93940323458554,62.8637504943929,398.93940323458554,57.8637504943929,408.93940323458554,67.8637504943929,1.0
14,647,403.67588359431227,62.89395287015131,398.67588359431227,57.89395287015131,408.67588359431227,67.89395287015131,1.0
14,648,403.97606246563726,63.68558292747468,398.97606246563726,58.68558292747468,408.97606246563726,68.68558292747468,1.0
14,649,403.9851050292159,65.6165676814302,398.9851050292159,60.6165676814302,408.9851050292159,70.6165676814302,1.0
14,650,404.67309538074244,66.61485221339244,399.67309538074244,61.61485221339244,409.67309538074244,71.61485221339244,1.0
14,651,405.49211462081144,66.72230001250793,400.49211462081144,61.72230001250793,410.49211462081144,71.72230001250793,1.0
14,652,405.44674935389486,66.88383802825132,400.44674935389486,61.88383802825132,410.44674935389486,71.88383802825132,1.0
14,653,404.2529153645422,67.05230665024112,399.2529153645422,62.05230665024112,409.2529153645422,72.05230665024112,1.0
14,654,403.25324974581196,69.25582762743497,398.25324974581196,64.25582762743497,408.25324974581196,74.25582762743497,1.0
14,655,403.1215264080685,70.80626563838865,398.1215264080685,65.80626563838865,408.1215264080685,75.80626563838865,1.0
14,656,402.9841044483263,72.62678057612429,397.9841044483263,67.62678057612429,407.9841044483263,77.62678057612429,1.0
14,657,402.24525751496174,72.89388004159787,397.24525751496174,67.89388004159787,407.24525751496174,77.89388004159787,1.0
14,658,402.27446701606334,71.41818485810823,397.27446701606334,66.41818485810823,407.27446701606334,76.41818485810823,1.0
14,659,402.0940615457466,71.50964177810094,397.0940615457466,66.50964177810094,407.0940615457466,76.50964177810094,1.0
14,660,401.6132953206004,71.15417745980031,396.6132953206004,66.15417745980031,406.6132953206004,76.15417745980031,1.0
14,661,401.07214804845637,70.68547773910399,396.07214804845637,65.68547773910399,406.07214804845637,75.68547773910399,1.0
14,662,401.5466459650908,70.23630856486412,396.5466459650908,65.23630856486412,406.5466459650908,75.23630856486412,1.0
14,663,401.5776966392962,70.56771355426127,396.5776966392962,65.56771355426127,406.5776966392962,75.56771355426127,1.0
14,664,402.19617885021466,71.63682349895076,397.19617885021466,66.63682349895076,407.19617885021466,76.63682349895076,1.0
14,665,403.44972205322904,72.694890541272,398.44972205322904,67.694890541272,408.44972205322904,77.694890541272,1.0
14,666,403.64592724211656,73.7173314479898,398.64592724211656,68.7173314479898,408.64592724211656,78.7173314479898,1.0
14,667,403.1216828881712,73.8252481820748,398.1216828881712,68.8252481820748,408.1216828881712,78.8252481820748,1.0
14,668,402.892426633127,73.86771698625289,397.892426633127,68.86771698625289,407.892426633127,78.86771698625289,1.0
14,669,402.4106218275961,74.1757360877148,397.4106218275961,69.1757360877148,407.4106218275961,79.1757360877148,1.0
14,670,401.7320802989928,74.13209647501272,396.7320802989928,69.13209647501272,406.7320802989928,79.13209647501272,1.0
14,671,401.16700173675054,73.86455347997766,396.16700173675054,68.86455347997766,406.16700173675054,78.86455347997766,1.0
14,672,401.3291550625635,72.70492305621889,396.3291550625635,67.70492305621889,406.3291550625635,77.70492305621889,1.0
14,673,401.64405454090485,70.72013442129267,396.64405454090485,65.72013442129267,406.64405454090485,75.72013442129267,1.0
14,674,402.3462808152429,71.14547570771089,397.3462808152429,66.14547570771089,407.3462808152429,76.14547570771089,1.0
14,675,402.6258567056329,70.85504341804838,397.6258567056329,65.85504341804838,407.6258567056329,75.85504341804838,1.0
14,676,402.45943984358166,71.16546800987629,397.45943984358166,66.16546800987629,407.45943984358166,76.16546800987629,1.0
14,677,402.8796283864898,69.81337889098366,397.8796283864898,64.81337889098366,407.8796283864898,74.81337889098366,1.0
14,678,402.65079417455576,68.56450909775299,397.65079417455576,63.56450909775299,407.65079417455576,73.56450909775299,1.0
14,679,402.1097290874102,67.06164759658267,397.1097290874102,62.061647596582674,407.1097290874102,72.06164759658267,1.0
14,680,402.02281804719627,65.05209389932118,397.02281804719627,60.05209389932118,407.02281804719627,70.05209389932118,1.0
14,681,401.66007406260667,64.19595599835357,396.66007406260667,59.19595599835357,406.66007406260667,69.19595599835357,1.0
14,682,402.2290720908835,64.10198787013036,397.2290720908835,59.10198787013036,407.2290720908835,69.10198787013036,1.0
14,683,402.103821526535,64.67548284191113,397.103821526535,59.67548284191113,407.103821526535,69.67548284191113,1.0
14,684,402.78692661083574,65.23942958632301,397.78692661083574,60.23942958632301,407.78692661083574,70.23942958632301,1.0
14,685,402.03534895322,65.01833017766626,397.03534895322,60.01833017766626,407.03534895322,70.01833017766626,1.0
14,686,402.2889762861497,65.44357757972095,397.2889762861497,60.44357757972095,407.2889762861497,70.44357757972095,1.0
14,687,403.17346430327524,65.81511545416147,398.17346430327524,60.81511545416147,408.17346430327524,70.81511545416147,1.0
14,688,403.05235050379497,67.06903175774147,398.05235050379497,62.06903175774147,408.05235050379497,72.06903175774147,1.0
14,689,401.5718128313821,67.43146807363213,396.5718128313821,62.43146807363213,406.5718128313821,72.43146807363213,1.0
14,690,399.8224220899101,68.72717789465509,394.8224220899101,63.727177894655085,404.8224220899101,73.72717789465509,1.0
14,691,398.8263210138801,69.95659466449467,393.8263210138801,64.95659466449467,403.8263210138801,74.95659466449467,1.0
14,692,398.0374332718477,71.01283258267333,393.0374332718477,66.01283258267333,403.0374332718477,76.01283258267333,1.0
14,693,397.40174565313527,71.47822784058357,392.40174565313527,66.47822784058357,402.40174565313527,76.47822784058357,1.0
14,694,396.27663269309517,71.8316110258838,391.27663269309517,66.8316110258838,401.27663269309517,76.8316110258838,1.0
14,695,395.7520527588287,71.27074640653953,390.7520527588287,66.27074640653953,400.7520527588287,76.27074640653953,1.0
14,696,396.0978046521396,70.91140653862757,391.0978046521396,65.91140653862757,401.0978046521396,75.91140653862757,1.0
14,697,396.1765926125167,71.21597664390276,391.1765926125167,66.21597664390276,401.1765926125167,76.21597664390276,1.0
14,698,396.33622136611433,70.54272370895566,391.33622136611433,65.54272370895566,401.33622136611433,75.54272370895566,1.0
14,699,395.4755483479829,71.03733871194004,390.4755483479829,66.03733871194004,400.4755483479829,76.03733871194004,1.0
14,700,394.90470768923785,71.32188962482617,389.90470768923785,66.32188962482617,399.90470768923785,76.32188962482617,1.0
14,701,395.49022546965307,71.62509220761551,390.49022546965307,66.62509220761551,400.49022546965307,76.62509220761551,1.0
14,702,396.1983677384999,71.11843797834055,391.1983677384999,66.11843797834055,401.1983677384999,76.11843797834055,1.0
14,703,397.1896373369573,69.92132635429883,392.1896373369573,64.92132635429883,402.1896373369573,74.92132635429883,1.0
14,704,398.0226316359604,70.27067867125805,393.0226316359604,65.27067867125805,403.0226316359604,75.27067867125805,1.0
14,705,398.2104701828106,71.00796377315348,393.2104701828106,66.00796377315348,403.2104701828106,76.00796377315348,1.0
14,706,398.28343983950367,71.05872210929266,393.28343983950367,66.05872210929266,403.28343983950367,76.05872210929266,1.0
14,707,398.26518278458843,71.4050738015978,393.26518278458843,66.4050738015978,403.26518278458843,76.4050738015978,1.0
14,708,398.37029510747675,71.52748922314666,393.37029510747675,66.52748922314666,403.37029510747675,76.52748922314666,1.0
14,709,398.3431852691926,71.59671708814878,393.3431852691926,66.59671708814878,403.3431852691926,76.59671708814878,1.0
14,710,398.53086550192734,72.38422533336808,393.53086550192734,67.38422533336808,403.53086550192734,77.38422533336808,1.0
14,711,398.2544855729362,72.63726917738083,393.2544855729362,67.63726917738083,403.2544855729362,77.63726917738083,1.0
14,712,398.22498497371663,72.36496091345393,393.22498497371663,67.36496091345393,403.22498497371663,77.36496091345393,1.0
14,713,399.0789584159158,72.59065764396382,394.0789584159158,67.59065764396382,404.0789584159158,77.59065764396382,1.0
14,714,399.3585991118119,73.87421631872122,394.3585991118119,68.87421631872122,404.3585991118119,78.87421631872122,1.0
14,715,399.4821324977771,74.53574746337001,394.4821324977771,69.53574746337001,404.4821324977771,79.53574746337001,1.0
14,716,398.4353495338637,74.94742061538301,393.4353495338637,69.94742061538301,403.4353495338637,79.94742061538301,1.0
14,717,397.6929056222715,75.4949716960898,392.6929056222715,70.4949716960898,402.6929056222715,80.4949716960898,1.0
14,718,397.38118867252507,75.24693451956884,392.38118867252507,70.24693451956884,402.38118867252507,80.24693451956884,1.0
14,719,397.270092369442,74.60844967903772,392.270092369442,69.60844967903772,402.270092369442,79.60844967903772,1.0
14,720,397.61230303691946,74.21812288365115,392.61230303691946,69.21812288365115,402.61230303691946,79.21812288365115,1.0
14,721,397.91712867901384,74.74304064290548,392.91712867901384,69.74304064290548,402.91712867901384,79.74304064290548,1.0
14,722,397.3311988547432,75.25054773685454,392.3311988547432,70.25054773685454,402.3311988547432,80.25054773685454,1.0
14,723,396.835664754237,76.35584876710534,391.835664754237,71.35584876710534,401.835664754237,81.35584876710534,1.0
14,724,395.90504496983453,77.17621474744215,390.90504496983453,72.17621474744215,400.90504496983453,82.17621474744215,1.0
14,725,395.338204939757,77.61964182804134,390.338204939757,72.61964182804134,400.338204939757,82.61964182804134,1.0
14,726,394.8230288896114,77.78086713486967,389.8230288896114,72.78086713486967,399.8230288896114,82.78086713486967,1.0
14,727,395.51343849278055,78.23868428276363,390.51343849278055,73.23868428276363,400.51343849278055,83.23868428276363,1.0
14,728,395.46233835864894,78.78752633035185,390.46233835864894,73.78752633035185,400.46233835864894,83.78752633035185,1.0
14,729,394.9659817519726,78.37878817392854,389.9659817519726,73.37878817392854,399.9659817519726,83.37878817392854,1.0
14,730,394.35917425615514,80.06431382033162,389.35917425615514,75.06431382033162,399.35917425615514,85.06431382033162,1.0
14,731,394.32855649156903,81.49733435379709,389.32855649156903,76.49733435379709,399.32855649156903,86.49733435379709,1.0
14,732,393.2362518224418,81.90885944859234,388.2362518224418,76.90885944859234,398.2362518224418,86.90885944859234,1.0
14,733,392.99859551342064,81.66774177932655,387.99859551342064,76.66774177932655,397.99859551342064,86.66774177932655,1.0
14,734,393.61343966295806,81.91927689607903,388.61343966295806,76.91927689607903,398.61343966295806,86.91927689607903,1.0
14,735,393.95627287470774,82.42398419500923,388.95627287470774,77.42398419500923,398.95627287470774,87.42398419500923,1.0
14,736,394.0500667130768,82.50306597185919,389.0500667130768,77.50306597185919,399.0500667130768,87.50306597185919,1.0
14,737,394.02930195339155,81.87721260082076,389.02930195339155,76.87721260082076,399.02930195339155,86.87721260082076,1.0
14,738,395.127652091388,81.23473989175527,390.127652091388,76.23473989175527,400.127652091388,86.23473989175527,1.0
15,1,426.0,13.0,421.0,8.0,431.0,18.0,1.0
15,2,426.2087188580967,14.180982681222734,421.2087188580967,9.180982681222734,431.2087188580967,19.180982681222734,1.0
15,3,426.0218514558623,15.54355546345335,421.0218514558623,10.54355546345335,431.0218514558623,20.54355546345335,1.0
15,4,426.01141135990906,17.30354697855794,421.01141135990906,12.30354697855794,431.01141135990906,22.30354697855794,1.0
15,5,425.0902712673243,17.571909849359407,420.0902712673243,12.571909849359407,430.0902712673243,22.571909849359407,1.0
15,6,424.54891835339356,18.677861425815664,419.54891835339356,13.677861425815664,429.54891835339356,23.677861425815664,1.0
15,7,424.1267265384671,19.1344501833161,419.1267265384671,14.134450183316101,429.1267265384671,24.1344501833161,1.0
15,8,423.38975606712233,19.62542884339299,418.38975606712233,14.625428843392989,428.38975606712233,24.62542884339299,1.0
15,9,422.67287038329783,19.49814051331684,417.67287038329783,14.49814051331684,427.67287038329783,24.49814051331684,1.0
15,10,421.51655202488513,18.69783772614121,416.51655202488513,13.69783772614121,426.51655202488513,23.69783772614121,1.0
15,11,420.1173818226338,18.20274383019399,415.1173818226338,13.202743830193992,425.1173818226338,23.20274383019399,1.0
15,12,420.7661324214098,17.314343411816342,415.7661324214098,12.314343411816342,425.7661324214098,22.314343411816342,1.0
15,13,421.57805805631693,16.815196249749835,416.57805805631693,11.815196249749835,426.57805805631693,21.815196249749835,1.0
15,14,422.34404985454063,16.5250690569141,417.34404985454063,11.525069056914099,427.34404985454063,21.5250690569141,1.0
15,15,423.3176195752232,16.474570692636487,418.3176195752232,11.474570692636487,428.3176195752232,21.474570692636487,1.0
15,16,425.0438115915195,16.741504570129383,420.0438115915195,11.741504570129383,430.0438115915195,21.741504570129383,1.0
15,17,425.45758959558697,16.322583759592387,420.45758959558697,11.322583759592387,430.45758959558697,21.322583759592387,1.0
15,18,425.03840091438957,16.28421204654275,420.03840091438957,11.284212046542748,430.03840091438957,21.28421204654275,1.0
15,19,424.86825519191734,15.842364070809449,419.86825519191734,10.842364070809449,429.86825519191734,20.84236407080945,1.0
15,20,424.9959037522682,15.915206389559158,419.9959037522682,10.915206389559158,429.9959037522682,20.91520638955916,1.0
15,21,426.2927325041726,16.098588446363248,421.2927325041726,11.098588446363248,431.2927325041726,21.098588446363248,1.0
15,22,427.07426603752725,16.187498824934224,422.07426603752725,11.187498824934224,432.07426603752725,21.187498824934224,1.0
15,23,428.0438437256172,15.665763239122642,423.0438437256172,10.665763239122642,433.0438437256172,20.66576323912264,1.0
15,24,427.7133001495857,15.926140018627596,422.7133001495857,10.926140018627596,432.7133001495857,20.926140018627596,1.0
15,25,427.5043059484173,15.463348352399368,422.5043059484173,10.463348352399368,432.5043059484173,20.46334835239937,1.0
15,26,427.7204571412716,15.688338191597369,422.7204571412716,10.688338191597369,432.7204571412716,20.688338191597367,1.0
15,27,427.71421570526013,15.732416238654379,422.71421570526013,10.732416238654379,432.71421570526013,20.73241623865438,1.0
15,28,427.473543097579,15.186193998316448,422.473543097579,10.186193998316448,432.473543097579,20.186193998316448,1.0
15,29,426.6721609873637,15.230701595506158,421.6721609873637,10.230701595506158,431.6721609873637,20.230701595506158,1.0
15,30,426.9703151887578,15.027407922130529,421.9703151887578,10.027407922130529,431.9703151887578,20.02740792213053,1.0
15,31,427.80750302807445,14.106841010702578,422.80750302807445,9.106841010702578,432.80750302807445,19.106841010702578,1.0
15,32,428.6081117651935,12.461611991015117,423.6081117651935,7.461611991015117,433.6081117651935,17.46161199101512,1.0
15,33,428.94452278010607,11.707375708651698,423.94452278010607,6.707375708651698,433.94452278010607,16.707375708651696,1.0
15,34,428.9163478021344,10.952540994591015,423.9163478021344,5.952540994591015,433.9163478021344,15.952540994591015,1.0
15,35,428.0186776854075,8.945688373246641,423.0186776854075,3.9456883732466412,433.0186776854075,13.945688373246641,1.0
15,36,427.09087552113243,7.804437982383368,422.09087552113243,2.8044379823833676,432.09087552113243,12.804437982383368,1.0
15,37,426.4518755509148,7.490137347297532,421.4518755509148,2.490137347297532,431.4518755509148,12.490137347297532,1.0
15,38,425.7178990634458,5.873411031910971,420.7178990634458,0.8734110319109707,430.7178990634458,10.87341103191097,1.0
16,111,633.5,164.0,628.5,159.0,638.5,169.0,1.0
16,112,634.4094742620133,164.62964779297732,629.4094742620133,159.62964779297732,639.4094742620133,169.62964779297732,1.0
16,113,633.7789013704513,164.6058145100642,628.7789013704513,159.6058145100642,638.7789013704513,169.6058145100642,1.0
16,114,634.0463742100623,165.0629637095527,629.0463742100623,160.0629637095527,639.0463742100623,170.0629637095527,1.0
16,115,634.5280503377833,164.49487995423453,629.5280503377833,159.49487995423453,639.5280503377833,169.49487995423453,1.0
16,116,634.2560643471729,164.7332496907259,629.2560643471729,159.7332496907259,639.2560643471729,169.7332496907259,1.0
16,117,635.0039859026066,164.85898561165556,630.0039859026066,159.85898561165556,640.0039859026066,169.85898561165556,1.0
16,118,635.3795756038201,165.29400654207407,630.3795756038201,160.29400654207407,640.3795756038201,170.29400654207407,1.0
16,119,635.3881267957399,166.34773441991445,630.3881267957399,161.34773441991445,640.3881267957399,171.34773441991445,1.0
16,120,636.3316005505027,165.91423309921325,631.3316005505027,160.91423309921325,641.3316005505027,170.91423309921325,1.0
16,121,636.5407408026075,166.9753879122344,631.5407408026075,161.9753879122344,641.5407408026075,171.9753879122344,1.0
16,122,636.5798966305024,168.7618907386282,631.5798966305024,163.7618907386282,641.5798966305024,173.7618907386282,1.0
16,123,637.2758668952232,170.59156729889617,632.2758668952232,165.59156729889617,642.2758668952232,175.59156729889617,1.0
16,124,637.6528625674273,171.82844594943094,632.6528625674273,166.82844594943094,642.6528625674273,176.82844594943094,1.0
16,125,637.5140315317202,173.22196971809106,632.5140315317202,168.22196971809106,642.5140315317202,178.22196971809106,1.0
16,126,637.1688406053426,174.1565769060349,632.1688406053426,169.1565769060349,642.1688406053426,179.1565769060349,1.0
16,127,635.6323817688245,175.01201252462462,630.6323817688245,170.01201252462462,640.6323817688245,180.01201252462462,1.0
16,128,635.1801913574012,175.99507102176392,630.1801913574012,170.99507102176392,640.1801913574012,180.99507102176392,1.0
16,129,635.4338697095401,176.09701188634543,630.4338697095401,171.09701188634543,640.4338697095401,181.09701188634543,1.0
16,130,635.7111610874579,176.0207448421338,630.7111610874579,171.0207448421338,640.7111610874579,181.0207448421338,1.0
16,131,634.770242149242,175.59635320660237,629.770242149242,170.59635320660237,639.770242149242,180.59635320660237,1.0
16,132,634.4999392351671,175.06648495519954,629.4999392351671,170.06648495519954,639.4999392351671,180.06648495519954,1.0
16,133,633.9894421434658,172.97250101563304,628.9894421434658,167.97250101563304,638.9894421434658,177.97250101563304,1.0
16,134,633.3006878847883,172.22130566700608,628.3006878847883,167.22130566700608,638.3006878847883,177.22130566700608,1.0
16,135,633.4216717685949,170.50203804430188,628.4216717685949,165.50203804430188,638.4216717685949,175.50203804430188,1.0
16,136,633.9005916228194,168.29310406479135,628.9005916228194,163.29310406479135,638.9005916228194,173.29310406479135,1.0
16,137,632.9994922420798,167.72598304536476,627.9994922420798,162.72598304536476,637.9994922420798,172.72598304536476,1.0
16,138,633.5952221041243,166.73117836091404,628.5952221041243,161.73117836091404,638.5952221041243,171.73117836091404,1.0
16,139,633.6255827007697,165.45019245224225,628.6255827007697,160.45019245224225,638.6255827007697,170.45019245224225,1.0
16,140,634.2911388359192,164.02801664561665,629.2911388359192,159.02801664561665,639.2911388359192,169.02801664561665,1.0
16,141,634.690962322569,163.0212777229491,629.690962322569,158.0212777229491,639.690962322569,168.0212777229491,1.0
16,142,635.3040272818108,161.85002228269295,630.3040272818108,156.85002228269295,640.3040272818108,166.85002228269295,1.0
16,143,635.5613621521007,162.1997628717199,630.5613621521007,157.1997628717199,640.5613621521007,167.1997628717199,1.0
16,144,636.2359193196943,162.6455827465942,631.2359193196943,157.6455827465942,641.2359193196943,167.6455827465942,1.0
16,145,636.5011021306805,162.8271292231769,631.5011021306805,157.8271292231769,641.5011021306805,167.8271292231769,1.0
16,146,637.5750693431277,163.0317453299399,632.5750693431277,158.0317453299399,642.5750693431277,168.0317453299399,1.0
16,147,639.2211586366042,163.08429295660196,634.2211586366042,158.08429295660196,644.2211586366042,168.08429295660196,1.0
16,148,640.5939767997046,163.17435729827474,635.5939767997046,158.17435729827474,645.5939767997046,168.17435729827474,1.0
16,149,641.9117051487356,163.6814823832743,636.9117051487356,158.6814823832743,646.9117051487356,168.6814823832743,1.0
16,150,642.3351129295213,163.10431927821904,637.3351129295213,158.10431927821904,647.3351129295213,168.10431927821904,1.0
16,151,642.0905758350394,163.02826669815082,637.0905758350394,158.02826669815082,647.0905758350394,168.02826669815082,1.0
16,152,641.7925617101157,163.3728583300325,636.7925617101157,158.3728583300325,646.7925617101157,168.3728583300325,1.0
16,153,642.7159001156476,163.49949178679444,637.7159001156476,158.49949178679444,647.7159001156476,168.49949178679444,1.0
16,154,641.849635396193,164.2406958262184,636.849635396193,159.2406958262184,646.849635396193,169.2406958262184,1.0
16,155,640.9620281027418,163.87802831104128,635.9620281027418,158.87802831104128,645.9620281027418,168.87802831104128,1.0
16,156,640.3717083026773,164.67128935421837,635.3717083026773,159.67128935421837,645.3717083026773,169.67128935421837,1.0
16,157,639.3105250111619,165.81127999909268,634.3105250111619,160.81127999909268,644.3105250111619,170.81127999909268,1.0
16,158,639.8441507052459,166.06206544637854,634.8441507052459,161.06206544637854,644.8441507052459,171.06206544637854,1.0
16,159,639.206360034176,165.5415599407228,634.206360034176,160.5415599407228,644.206360034176,170.5415599407228,1.0
16,160,638.9975735126867,164.2970672742365,633.9975735126867,159.2970672742365,643.9975735126867,169.2970672742365,1.0
16,161,638.4441203175678,163.06186614654052,633.4441203175678,158.06186614654052,643.4441203175678,168.06186614654052,1.0
16,162,638.5639099424118,162.56003884468748,633.5639099424118,157.56003884468748,643.5639099424118,167.56003884468748,1.0
16,163,638.0842548376523,161.57385514426943,633.0842548376523,156.57385514426943,643.0842548376523,166.57385514426943,1.0
16,164,637.0930572876047,161.1491737700242,632.0930572876047,156.1491737700242,642.0930572876047,166.1491737700242,1.0
16,165,635.1074197508647,159.4338029663367,630.1074197508647,154.4338029663367,640.1074197508647,164.4338029663367,1.0
16,166,633.9532352367037,157.47279684449023,628.9532352367037,152.47279684449023,638.9532352367037,162.47279684449023,1.0
16,167,633.00943085234,155.98438368441026,628.00943085234,150.98438368441026,638.00943085234,160.98438368441026,1.0
16,168,632.4401483947333,155.1645135992876,627.4401483947333,150.1645135992876,637.4401483947333,160.1645135992876,1.0
16,169,631.7453858887175,153.76646210221617,626.7453858887175,148.76646210221617,636.7453858887175,158.76646210221617,1.0
16,170,631.771030706962,153.09646148533542,626.771030706962,148.09646148533542,636.771030706962,158.09646148533542,1.0
16,171,630.9207710567227,152.14156721769604,625.9207710567227,147.14156721769604,635.9207710567227,157.14156721769604,1.0
16,172,631.2216543347603,150.7368173878465,626.2216543347603,145.7368173878465,636.2216543347603,155.7368173878465,1.0
16,173,631.1458148728382,149.1395802388269,626.1458148728382,144.1395802388269,636.1458148728382,154.1395802388269,1.0
16,174,631.6350522284383,148.29169056718732,626.6350522284383,143.29169056718732,636.6350522284383,153.29169056718732,1.0
16,175,632.0050040820514,148.0597026713633,627.0050040820514,143.0597026713633,637.0050040820514,153.0597026713633,1.0
16,176,633.0378496403381,147.75290935068512,628.0378496403381,142.75290935068512,638.0378496403381,152.75290935068512,1.0
16,177,632.3686712735913,147.173435061577,627.3686712735913,142.173435061577,637.3686712735913,152.173435061577,1.0
16,178,632.2003401433676,147.4301594134797,627.2003401433676,142.4301594134797,637.2003401433676,152.4301594134797,1.0
16,179,631.522151774582,146.86433795601238,626.522151774582,141.86433795601238,636.522151774582,151.86433795601238,1.0
16,180,631.3194505994499,145.69732552673156,626.3194505994499,140.69732552673156,636.3194505994499,150.69732552673156,1.0
16,181,630.8710030698544,144.42191316148254,625.8710030698544,139.42191316148254,635.8710030698544,149.42191316148254,1.0
16,182,629.9901047740714,144.07063540266847,624.9901047740714,139.07063540266847,634.9901047740714,149.07063540266847,1.0
16,183,631.3038649279107,142.90901165991997,626.3038649279107,137.90901165991997,636.3038649279107,147.90901165991997,1.0
16,184,631.5003524095267,142.03233031384582,626.5003524095267,137.03233031384582,636.5003524095267,147.03233031384582,1.0
16,185,632.0256576098333,142.12962585400237,627.0256576098333,137.12962585400237,637.0256576098333,147.12962585400237,1.0
16,186,631.9111855607055,142.50282125042818,626.9111855607055,137.50282125042818,636.9111855607055,147.50282125042818,1.0
16,187,631.5538425473453,142.14339481219156,626.5538425473453,137.14339481219156,636.5538425473453,147.14339481219156,1.0
16,188,631.2070722516175,142.20341277453696,626.2070722516175,137.20341277453696,636.2070722516175,147.20341277453696,1.0
16,189,630.8564776903946,142.4950042195599,625.8564776903946,137.4950042195599,635.8564776903946,147.4950042195599,1.0
16,190,631.8284699281397,142.19540514323822,626.8284699281397,137.19540514323822,636.8284699281397,147.19540514323822,1.0
16,191,632.6903889750896,140.8425903046844,627.6903889750896,135.8425903046844,637.6903889750896,145.8425903046844,1.0
16,192,631.7587167621169,140.12309874251275,626.7587167621169,135.12309874251275,636.7587167621169,145.12309874251275,1.0
16,193,631.2797409787884,138.87581935933576,626.2797409787884,133.87581935933576,636.2797409787884,143.87581935933576,1.0
16,194,631.3226704909556,138.53503956528235,626.3226704909556,133.53503956528235,636.3226704909556,143.53503956528235,1.0
16,195,632.6769500144102,138.23298748416576,627.6769500144102,133.23298748416576,637.6769500144102,143.23298748416576,1.0
16,196,633.5558990513385,137.79154755157708,628.5558990513385,132.79154755157708,638.5558990513385,142.79154755157708,1.0
16,197,633.9855785781788,138.45401205854387,628.9855785781788,133.45401205854387,638.9855785781788,143.45401205854387,1.0
16,198,633.5405509141763,139.41714764900112,628.5405509141763,134.41714764900112,638.5405509141763,144.41714764900112,1.0
16,199,632.7044725524499,139.78015586692933,627.7044725524499,134.78015586692933,637.7044725524499,144.78015586692933,1.0
16,200,632.6291434623943,139.43169348165594,627.6291434623943,134.43169348165594,637.6291434623943,144.43169348165594,1.0
16,201,631.5567608213975,139.56218836758143,626.5567608213975,134.56218836758143,636.5567608213975,144.56218836758143,1.0
16,202,630.9481251908036,139.2160970375982,625.9481251908036,134.2160970375982,635.9481251908036,144.2160970375982,1.0
16,203,630.5745084283432,138.37447893707701,625.5745084283432,133.37447893707701,635.5745084283432,143.37447893707701,1.0
16,204,630.9535739435455,138.04791875729302,625.9535739435455,133.04791875729302,635.9535739435455,143.04791875729302,1.0
16,205,630.641188816001,136.83266191170398,625.641188816001,131.83266191170398,635.641188816001,141.83266191170398,1.0
16,206,630.4560210390359,135.8854684451675,625.4560210390359,130.8854684451675,635.4560210390359,140.8854684451675,1.0
16,207,630.4602762485479,133.98415717894943,625.4602762485479,128.98415717894943,635.4602762485479,138.98415717894943,1.0
16,208,631.2699757938105,133.19930935797794,626.2699757938105,128.19930935797794,636.2699757938105,138.19930935797794,1.0
16,209,632.5565042814454,132.79680982165283,627.5565042814454,127.79680982165283,637.5565042814454,137.79680982165283,1.0
17,45,8.0,327.5,3.0,322.5,13.0,332.5,1.0
17,46,7.3228428451519685,328.8236138662193,2.3228428451519685,323.8236138662193,12.322842845151968,333.8236138662193,1.0
17,47,6.8585665139990555,329.77255798782085,1.8585665139990555,324.77255798782085,11.858566513999055,334.77255798782085,1.0
17,48,7.226570243169352,330.2696046605248,2.226570243169352,325.2696046605248,12.226570243169352,335.2696046605248,1.0
17,49,7.576782102934303,330.19384090001654,2.5767821029343034,325.19384090001654,12.576782102934303,335.19384090001654,1.0
17,50,6.907758922313457,330.0969844169203,1.907758922313457,325.0969844169203,11.907758922313457,335.0969844169203,1.0
17,51,6.500457112785986,330.1951463619403,1.5004571127859858,325.1951463619403,11.500457112785986,335.1951463619403,1.0
17,52,6.23365860497244,330.7640698726686,1.2336586049724403,325.7640698726686,11.23365860497244,335.7640698726686,1.0
17,53,5.54889888914122,331.2601566017375,0.5488988891412196,326.2601566017375,10.54889888914122,336.2601566017375,1.0
17,54,5.361492020884189,330.9890975123646,0.36149202088418875,325.9890975123646,10.361492020884189,335.9890975123646,1.0
17,55,5.784784520558783,331.17423329107214,0.7847845205587829,326.17423329107214,10.784784520558784,336.17423329107214,1.0
17,56,5.8546607239203325,331.49666513225145,0.8546607239203325,326.49666513225145,10.854660723920333,336.49666513225145,1.0
17,57,5.44152203472075,332.42192840161215,0.4415220347207498,327.42192840161215,10.44152203472075,337.42192840161215,1.0
17,58,4.632411505636603,331.74979763328054,-0.3675884943633969,326.74979763328054,9.632411505636604,336.74979763328054,1.0
17,59,4.961570190454209,331.9704584534223,-0.038429809545791116,326.9704584534223,9.961570190454209,336.9704584534223,1.0
17,60,3.8471790743285466,331.73425468676163,-1.1528209256714534,326.73425468676163,8.847179074328547,336.73425468676163,1.0
17,61,3.696387623626996,331.53048572463894,-1.303612376373004,326.53048572463894,8.696387623626997,336.53048572463894,1.0
17,62,3.2196177253691642,332.4797473788262,-1.7803822746308358,327.4797473788262,8.219617725369165,337.4797473788262,1.0
17,63,3.4306643617676764,333.5638709446013,-1.5693356382323236,328.5638709446013,8.430664361767676,338.5638709446013,1.0
17,64,3.1539708727760427,333.370153459218,-1.8460291272239573,328.370153459218,8.153970872776043,338.370153459218,1.0
17,65,3.052419540287218,333.7315992955397,-1.947580459712782,328.7315992955397,8.052419540287218,338.7315992955397,1.0
17,66,3.307269130907568,333.5867593769683,-1.6927308690924319,328.5867593769683,8.307269130907567,338.5867593769683,1.0
17,67,3.530241058699673,334.44248635424964,-1.4697589413003271,329.44248635424964,8.530241058699673,339.44248635424964,1.0
17,68,3.378420196681885,334.9568469456441,-1.6215798033181148,329.9568469456441,8.378420196681885,339.9568469456441,1.0
17,69,2.921173054552087,335.26548246463335,-2.078826945447913,330.26548246463335,7.921173054552087,340.26548246463335,1.0
17,70,2.794807900374889,335.3429535275887,-2.205192099625111,330.3429535275887,7.794807900374889,340.3429535275887,1.0
17,71,2.1080407173929006,335.3027426992203,-2.8919592826070994,330.3027426992203,7.1080407173929006,340.3027426992203,1.0
17,72,1.4671309123448992,335.7718634845626,-3.5328690876551008,330.7718634845626,6.467130912344899,340.7718634845626,1.0
17,73,1.2980535378990394,336.22188338160305,-3.7019464621009606,331.22188338160305,6.298053537899039,341.22188338160305,1.0
17,74,0.6563207150224173,335.8018298454777,-4.343679284977583,330.8018298454777,5.656320715022417,340.8018298454777,1.0
17,75,0.09137288617709949,334.8598551966595,-4.9086271138229005,329.8598551966595,5.0913728861770995,339.8598551966595,1.0
17,76,-0.7891407960076151,334.6030204377652,-5.789140796007615,329.6030204377652,4.210859203992385,339.6030204377652,1.0
17,77,-0.5343014761376192,333.7626058703819,-5.534301476137619,328.7626058703819,4.465698523862381,338.7626058703819,1.0
17,78,-0.11730437775555558,333.1508996802504,-5.117304377755556,328.1508996802504,4.882695622244444,338.1508996802504,1.0
17,79,-0.04639254197259923,332.3370688162681,-5.046392541972599,327.3370688162681,4.953607458027401,337.3370688162681,1.0
17,80,-0.6509754039682569,332.1257206302812,-5.650975403968257,327.1257206302812,4.349024596031743,337.1257206302812,1.0
17,126,-0.8164361491056198,330.93344756949585,-5.81643614910562,325.93344756949585,4.18356385089438,335.93344756949585,1.0
17,127,-0.06249675825481127,330.4193923920399,-5.062496758254811,325.4193923920399,4.937503241745189,335.4193923920399,1.0
17,128,0.8574981357251579,329.25181999264413,-4.142501864274842,324.25181999264413,5.857498135725158,334.25181999264413,1.0
17,129,2.4373206600980417,328.44718581801334,-2.5626793399019583,323.44718581801334,7.437320660098042,333.44718581801334,1.0
17,130,3.903035194054725,327.8732059923546,-1.0969648059452748,322.8732059923546,8.903035194054725,332.8732059923546,1.0
17,131,5.793204546706161,327.37622707654333,0.7932045467061606,322.37622707654333,10.79320454670616,332.37622707654333,1.0
17,132,6.714825448671082,327.03345361564504,1.7148254486710819,322.03345361564504,11.714825448671082,332.03345361564504,1.0
17,133,6.505778743743951,326.9798457057203,1.5057787437439512,321.9798457057203,11.505778743743951,331.9798457057203,1.0
17,134,5.9643025331005175,326.97007824346247,0.9643025331005175,321.97007824346247,10.964302533100518,331.97007824346247,1.0
17,135,5.1618676724044885,327.656081034012,0.16186767240448852,322.656081034012,10.161867672404489,332.656081034012,1.0
17,136,3.969639793007892,328.9633382653677,-1.0303602069921078,323.9633382653677,8.969639793007893,333.9633382653677,1.0
17,137,3.2017250835949174,328.3465296828994,-1.7982749164050826,323.3465296828994,8.201725083594917,333.3465296828994,1.0
17,138,2.155800242866139,327.795422745111,-2.844199757133861,322.795422745111,7.155800242866139,332.795422745111,1.0
17,139,1.556480674491735,326.668056056023,-3.443519325508265,321.668056056023,6.556480674491735,331.668056056023,1.0
17,140,1.7514845613972074,326.6672600549344,-3.2485154386027926,321.6672600549344,6.751484561397207,331.6672600549344,1.0
17,141,1.497453170024503,326.0995031476207,-3.502546829975497,321.0995031476207,6.497453170024503,331.0995031476207,1.0
17,142,2.4480950713163487,326.02225754540734,-2.5519049286836513,321.02225754540734,7.448095071316349,331.02225754540734,1.0
17,143,2.906542579892001,327.74544067640073,-2.093457420107999,322.74544067640073,7.906542579892001,332.74544067640073,1.0
17,144,3.086795574062937,328.2913254987488,-1.9132044259370629,323.2913254987488,8.086795574062936,333.2913254987488,1.0
17,145,2.9189080942061105,329.3374126152422,-2.0810919057938895,324.3374126152422,7.9189080942061105,334.3374126152422,1.0
17,146,3.2113115593092303,329.7231346750247,-1.7886884406907697,324.7231346750247,8.21131155930923,334.7231346750247,1.0
17,147,4.469745396415872,329.3172529755466,-0.5302546035841278,324.3172529755466,9.469745396415872,334.3172529755466,1.0
17,148,5.083303760483597,329.5413013127573,0.08330376048359689,324.5413013127573,10.083303760483597,334.5413013127573,1.0
17,149,4.934191514792547,330.2166213692499,-0.06580848520745342,325.2166213692499,9.934191514792547,335.2166213692499,1.0
17,150,5.7176475989071935,330.51716551280333,0.7176475989071935,325.51716551280333,10.717647598907194,335.51716551280333,1.0
17,151,6.072033011667158,330.45704125665196,1.0720330116671581,325.45704125665196,11.072033011667159,335.45704125665196,1.0
17,152,7.4564613908250585,329.9942363992275,2.4564613908250585,324.9942363992275,12.456461390825059,334.9942363992275,1.0
17,153,8.364103685760178,329.4646978492361,3.3641036857601776,324.4646978492361,13.364103685760178,334.4646978492361,1.0
17,154,9.322642162441724,328.1330086602848,4.322642162441724,323.1330086602848,14.322642162441724,333.1330086602848,1.0
17,155,8.993245139798118,326.69723224579417,3.993245139798118,321.69723224579417,13.993245139798118,331.69723224579417,1.0
17,156,9.062534594678644,325.9851879326711,4.0625345946786435,320.9851879326711,14.062534594678644,330.9851879326711,1.0
17,157,9.467097138604235,326.1954636839726,4.467097138604235,321.1954636839726,14.467097138604235,331.1954636839726,1.0
17,158,10.32638601499821,325.84940241594234,5.32638601499821,320.84940241594234,15.32638601499821,330.84940241594234,1.0
17,159,10.398123208125174,326.26270304002867,5.398123208125174,321.26270304002867,15.398123208125174,331.26270304002867,1.0
17,160,11.593064215812312,325.445456137715,6.593064215812312,320.445456137715,16.593064215812312,330.445456137715,1.0
17,161,12.113050266017943,324.87966252371143,7.113050266017943,319.87966252371143,17.113050266017943,329.87966252371143,1.0
17,162,12.415819814162989,324.7085173854349,7.4158198141629885,319.7085173854349,17.415819814162987,329.7085173854349,1.0
17,163,11.991161921278799,324.0460436785135,6.991161921278799,319.0460436785135,16.9911619212788,329.0460436785135,1.0
17,164,11.47556880879561,323.48105048201046,6.475568808795609,318.48105048201046,16.475568808795607,328.48105048201046,1.0
17,165,10.461031753065578,323.23248536099663,5.461031753065578,318.23248536099663,15.461031753065578,328.23248536099663,1.0
17,166,10.521376851256855,323.83628387060736,5.521376851256855,318.83628387060736,15.521376851256855,328.83628387060736,1.0
17,167,9.938456862330746,323.62838487333306,4.938456862330746,318.62838487333306,14.938456862330746,328.62838487333306,1.0
17,168,10.104933766970674,323.48392034158877,5.1049337669706745,318.48392034158877,15.104933766970674,328.48392034158877,1.0
17,169,11.109554638509318,322.7049285696523,6.109554638509318,317.7049285696523,16.109554638509316,327.7049285696523,1.0
17,170,11.353364349122833,321.5331154641025,6.353364349122833,316.5331154641025,16.353364349122835,326.5331154641025,1.0
17,171,11.012776953929517,320.4976649781191,6.012776953929517,315.4976649781191,16.012776953929517,325.4976649781191,1.0
17,172,11.70545504526227,320.2628753347358,6.705455045262269,315.2628753347358,16.70545504526227,325.2628753347358,1.0
17,173,11.52674786088441,319.963853723783,6.526747860884409,314.963853723783,16.52674786088441,324.963853723783,1.0
17,174,11.109170730845706,319.59620794733144,6.109170730845706,314.59620794733144,16.109170730845705,324.59620794733144,1.0
17,175,10.762263116317172,319.20110190429654,5.762263116317172,314.20110190429654,15.762263116317172,324.20110190429654,1.0
17,176,10.254392539824401,318.49827821376687,5.254392539824401,313.49827821376687,15.254392539824401,323.49827821376687,1.0
17,177,9.958002710795064,318.272810759214,4.958002710795064,313.272810759214,14.958002710795064,323.272810759214,1.0
17,178,9.531250976456828,319.5241738275983,4.531250976456828,314.5241738275983,14.531250976456828,324.5241738275983,1.0
17,179,9.374325505888779,320.9558574252794,4.374325505888779,315.9558574252794,14.374325505888779,325.9558574252794,1.0
17,180,8.905419048365982,320.9179580961417,3.9054190483659816,315.9179580961417,13.905419048365982,325.9179580961417,1.0
17,181,8.174223342874575,321.13556345362224,3.1742233428745745,316.13556345362224,13.174223342874575,326.13556345362224,1.0
17,182,7.308787739130556,321.1731268016007,2.3087877391305556,316.1731268016007,12.308787739130555,326.1731268016007,1.0
17,183,6.358946830530746,320.2327987231247,1.358946830530746,315.2327987231247,11.358946830530746,325.2327987231247,1.0
17,184,7.15083023207217,319.7835185378816,2.1508302320721704,314.7835185378816,12.15083023207217,324.7835185378816,1.0
17,185,6.998557796986792,320.0715187495815,1.998557796986792,315.0715187495815,11.998557796986791,325.0715187495815,1.0
17,186,6.6806243072596665,319.67954825039885,1.6806243072596665,314.67954825039885,11.680624307259666,324.67954825039885,1.0
17,187,5.932311144557397,319.82385952995867,0.9323111445573966,314.82385952995867,10.932311144557396,324.82385952995867,1.0
17,188,5.3360782635982265,319.626293569949,0.33607826359822646,314.626293569949,10.336078263598226,324.626293569949,1.0
17,189,6.195905512941046,319.1996534444255,1.1959055129410459,314.1996534444255,11.195905512941046,324.1996534444255,1.0
17,190,5.975706182036273,318.57529307843396,0.9757061820362729,313.57529307843396,10.975706182036273,323.57529307843396,1.0
17,191,5.643442185051784,318.86074607339975,0.643442185051784,313.86074607339975,10.643442185051784,323.86074607339975,1.0
17,192,5.920060564523666,318.6811871412914,0.9200605645236664,313.6811871412914,10.920060564523666,323.6811871412914,1.0
17,193,5.723728869712849,318.10720601192975,0.7237288697128488,313.10720601192975,10.723728869712849,323.10720601192975,1.0
17,194,5.415705805072158,317.5235785235643,0.41570580507215826,312.5235785235643,10.415705805072157,322.5235785235643,1.0
17,195,5.493957926414266,317.46435831000395,0.49395792641426617,312.46435831000395,10.493957926414266,322.46435831000395,1.0
17,196,5.601265141080869,317.3862825861022,0.6012651410808694,312.3862825861022,10.60126514108087,322.3862825861022,1.0
17,197,3.991576506823715,317.6912436273236,-1.0084234931762852,312.6912436273236,8.991576506823716,322.6912436273236,1.0
17,198,2.9595385561830865,317.97990404238755,-2.0404614438169135,312.97990404238755,7.9595385561830865,322.97990404238755,1.0
17,199,2.5865508979898273,317.3636162924842,-2.4134491020101727,312.3636162924842,7.586550897989827,322.3636162924842,1.0
17,200,2.9387589149002604,317.40020879221026,-2.0612410850997396,312.40020879221026,7.93875891490026,322.40020879221026,1.0
17,201,4.140752990466706,317.0907417153772,-0.859247009533294,312.0907417153772,9.140752990466705,322.0907417153772,1.0
17,202,4.704319783977476,317.4684690818443,-0.29568021602252426,312.4684690818443,9.704319783977475,322.4684690818443,1.0
17,203,5.351907338560959,317.8933583291853,0.35190733856095857,312.8933583291853,10.35190733856096,322.8933583291853,1.0
17,204,5.8631218109859535,316.6736069607478,0.8631218109859535,311.6736069607478,10.863121810985954,321.6736069607478,1.0
17,205,5.651218376925165,315.79924825294586,0.6512183769251649,310.79924825294586,10.651218376925165,320.79924825294586,1.0
17,206,5.840677270343372,315.03320937984404,0.840677270343372,310.03320937984404,10.840677270343372,320.03320937984404,1.0
17,207,6.618657507773806,314.6561579060391,1.618657507773806,309.6561579060391,11.618657507773806,319.6561579060391,1.0
17,208,7.3535328427697735,314.2522639239085,2.3535328427697735,309.2522639239085,12.353532842769773,319.2522639239085,1.0
17,209,8.08065838652429,313.6094658990154,3.0806583865242896,308.6094658990154,13.08065838652429,318.6094658990154,1.0
17,210,9.45545669481599,313.2918162193418,4.4554566948159895,308.2918162193418,14.45545669481599,318.2918162193418,1.0
17,211,11.893774102239604,313.386962482841,6.893774102239604,308.386962482841,16.893774102239604,318.386962482841,1.0
17,212,13.136251532308837,313.31786306936993,8.136251532308837,308.31786306936993,18.136251532308837,318.31786306936993,1.0
17,213,14.09726404294463,312.57821364716557,9.09726404294463,307.57821364716557,19.09726404294463,317.57821364716557,1.0
17,214,15.444273312856883,311.97171352166015,10.444273312856883,306.97171352166015,20.444273312856883,316.97171352166015,1.0
17,215,17.29394142238381,310.913841552508,12.29394142238381,305.913841552508,22.29394142238381,315.913841552508,1.0
17,216,18.285773068771498,310.5576661077934,13.285773068771498,305.5576661077934,23.285773068771498,315.5576661077934,1.0
17,217,18.227538544361344,310.0148060322578,13.227538544361344,305.0148060322578,23.227538544361344,315.0148060322578,1.0
17,218,17.996310619641044,310.75685731811603,12.996310619641044,305.75685731811603,22.996310619641044,315.75685731811603,1.0
17,219,16.5938452333159,310.29438779493944,11.5938452333159,305.29438779493944,21.5938452333159,315.29438779493944,1.0
17,220,16.672501628376956,309.77212867463953,11.672501628376956,304.77212867463953,21.672501628376956,314.77212867463953,1.0
17,221,16.733855165252095,309.0361287601107,11.733855165252095,304.0361287601107,21.733855165252095,314.0361287601107,1.0
17,222,16.855788470954884,309.1280965455897,11.855788470954884,304.1280965455897,21.855788470954884,314.1280965455897,1.0
17,223,17.15619271640439,309.1648018876678,12.15619271640439,304.1648018876678,22.15619271640439,314.1648018876678,1.0
17,224,17.043802117252632,309.0140573094021,12.043802117252632,304.0140573094021,22.043802117252632,314.0140573094021,1.0
17,225,18.100362551358963,309.3413079218392,13.100362551358963,304.3413079218392,23.100362551358963,314.3413079218392,1.0
17,226,18.2907584048627,309.4022037479369,13.2907584048627,304.4022037479369,23.2907584048627,314.4022037479369,1.0
17,227,17.879828812655735,309.89893816285877,12.879828812655735,304.89893816285877,22.879828812655735,314.89893816285877,1.0
17,228,17.952280126109397,309.8547907172737,12.952280126109397,304.8547907172737,22.952280126109397,314.8547907172737,1.0
17,229,17.92843555891885,309.6073353494384,12.92843555891885,304.6073353494384,22.92843555891885,314.6073353494384,1.0
17,230,17.868584138453812,309.7725210847781,12.868584138453812,304.7725210847781,22.868584138453812,314.7725210847781,1.0
17,231,17.441689907613735,309.55693094150934,12.441689907613735,304.55693094150934,22.441689907613735,314.55693094150934,1.0
17,232,16.021377638226014,310.0401620999934,11.021377638226014,305.0401620999934,21.021377638226014,315.0401620999934,1.0
17,233,14.817362330057732,310.61639987837555,9.817362330057732,305.61639987837555,19.817362330057733,315.61639987837555,1.0
17,234,13.655584729518868,311.71624274148223,8.655584729518868,306.71624274148223,18.655584729518868,316.71624274148223,1.0
17,235,12.832611001697384,312.44507726037955,7.832611001697384,307.44507726037955,17.832611001697384,317.44507726037955,1.0
17,236,13.1739259137827,311.7823187775639,8.1739259137827,306.7823187775639,18.1739259137827,316.7823187775639,1.0
17,237,13.761573532815847,310.96785952880566,8.761573532815847,305.96785952880566,18.761573532815845,315.96785952880566,1.0
17,238,14.288793429888191,309.96882393494235,9.288793429888191,304.96882393494235,19.28879342988819,314.96882393494235,1.0
17,239,14.180073806790134,309.65426445173347,9.180073806790134,304.65426445173347,19.180073806790134,314.65426445173347,1.0
17,240,14.416631565982712,308.60970834015745,9.416631565982712,303.60970834015745,19.416631565982712,313.60970834015745,1.0
17,241,13.275168045181994,308.71291572903505,8.275168045181994,303.71291572903505,18.275168045181992,313.71291572903505,1.0
17,242,12.233087753598477,307.5200676991508,7.233087753598477,302.5200676991508,17.233087753598475,312.5200676991508,1.0
17,243,11.416418233894232,307.1548796407972,6.416418233894232,302.1548796407972,16.416418233894234,312.1548796407972,1.0
17,244,10.8701333414532,307.16821070727354,5.870133341453201,302.16821070727354,15.8701333414532,312.16821070727354,1.0
17,245,10.804985557029486,307.0530842014461,5.804985557029486,302.0530842014461,15.804985557029486,312.0530842014461,1.0
17,246,11.260104527976981,306.82268221403774,6.260104527976981,301.82268221403774,16.26010452797698,311.82268221403774,1.0
17,247,11.314809205100822,306.1091402275365,6.314809205100822,301.1091402275365,16.314809205100822,311.1091402275365,1.0
17,248,12.250143248948486,305.83561349417727,7.250143248948486,300.83561349417727,17.250143248948486,310.83561349417727,1.0
17,249,14.091080139779192,305.5107342478839,9.091080139779192,300.5107342478839,19.091080139779194,310.5107342478839,1.0
17,250,14.454308260764442,306.2537128967408,9.454308260764442,301.2537128967408,19.454308260764442,311.2537128967408,1.0
17,251,13.91468797658695,306.7872912578138,8.91468797658695,301.7872912578138,18.91468797658695,311.7872912578138,1.0
17,252,13.70346833423526,306.2776677718288,8.70346833423526,301.2776677718288,18.70346833423526,311.2776677718288,1.0
17,253,13.594399081892721,306.52143411121233,8.594399081892721,301.52143411121233,18.59439908189272,311.52143411121233,1.0
17,254,12.477000216628078,305.7540013883104,7.477000216628078,300.7540013883104,17.477000216628078,310.7540013883104,1.0
17,255,12.16143886259431,306.47134804589496,7.161438862594309,301.47134804589496,17.16143886259431,311.47134804589496,1.0
17,256,12.838200630276948,307.2356936648435,7.838200630276948,302.2356936648435,17.838200630276948,312.2356936648435,1.0
17,257,13.788124733060275,308.2793443145245,8.788124733060275,303.2793443145245,18.788124733060275,313.2793443145245,1.0
17,258,13.935926323649028,309.45125646301614,8.935926323649028,304.45125646301614,18.935926323649028,314.45125646301614,1.0
17,259,14.986174034881635,309.9960221417581,9.986174034881635,304.9960221417581,19.986174034881635,314.9960221417581,1.0
17,260,15.882781287158169,310.13475493545417,10.882781287158169,305.13475493545417,20.882781287158167,315.13475493545417,1.0
17,261,15.087489995001736,310.02468997991787,10.087489995001736,305.02468997991787,20.087489995001736,315.02468997991787,1.0
17,262,14.456473227397701,309.1532724842335,9.456473227397701,304.1532724842335,19.4564732273977,314.1532724842335,1.0
17,263,14.377384455610667,308.26681810967216,9.377384455610667,303.26681810967216,19.377384455610667,313.26681810967216,1.0
17,264,14.273937225455885,308.1940858986489,9.273937225455885,303.1940858986489,19.273937225455885,313.1940858986489,1.0
17,265,14.540886020996847,308.75137578297176,9.540886020996847,303.75137578297176,19.540886020996847,313.75137578297176,1.0
17,266,15.8532644352151,309.08621991867,10.8532644352151,304.08621991867,20.853264435215102,314.08621991867,1.0
17,267,16.70345967243333,309.98511472269445,11.703459672433329,304.98511472269445,21.70345967243333,314.98511472269445,1.0
17,268,16.834966122322648,310.72867196426444,11.834966122322648,305.72867196426444,21.834966122322648,315.72867196426444,1.0
17,269,18.09558842219019,311.6469672023417,13.09558842219019,306.6469672023417,23.09558842219019,316.6469672023417,1.0
17,270,17.64173506363261,313.32972397545296,12.64173506363261,308.32972397545296,22.64173506363261,318.32972397545296,1.0
17,271,16.888731212825313,313.530088818543,11.888731212825313,308.530088818543,21.888731212825313,318.530088818543,1.0
17,272,17.138275621861858,313.89614151176295,12.138275621861858,308.89614151176295,22.138275621861858,318.89614151176295,1.0
17,273,16.73294067852237,313.8694043933758,11.732940678522372,308.8694043933758,21.73294067852237,318.8694043933758,1.0
17,274,16.318583737847234,313.6573534358612,11.318583737847234,308.6573534358612,21.318583737847234,318.6573534358612,1.0
17,275,15.512241970836673,312.5153293681734,10.512241970836673,307.5153293681734,20.512241970836673,317.5153293681734,1.0
17,276,15.890536622509595,312.0053880841565,10.890536622509595,307.0053880841565,20.890536622509593,317.0053880841565,1.0
17,277,15.770112072148153,312.3119823142886,10.770112072148153,307.3119823142886,20.77011207214815,317.3119823142886,1.0
17,278,15.288225286981994,312.114869254196,10.288225286981994,307.114869254196,20.288225286981994,317.114869254196,1.0
17,279,15.593574419139141,313.15751486681825,10.593574419139141,308.15751486681825,20.59357441913914,318.15751486681825,1.0
17,280,16.196179853011728,313.8546317771963,11.196179853011728,308.8546317771963,21.196179853011728,318.8546317771963,1.0
17,281,16.858727781701624,314.6626450603392,11.858727781701624,309.6626450603392,21.858727781701624,319.6626450603392,1.0
17,282,17.012882838065572,314.9434001407561,12.012882838065572,309.9434001407561,22.012882838065572,319.9434001407561,1.0
17,283,17.271135977469786,314.54929011007,12.271135977469786,309.54929011007,22.271135977469786,319.54929011007,1.0
17,284,16.619689348064032,313.91513894378346,11.619689348064032,308.91513894378346,21.619689348064032,318.91513894378346,1.0
17,285,15.272638830475604,313.6364850849564,10.272638830475604,308.6364850849564,20.272638830475604,318.6364850849564,1.0
17,286,14.95118416060416,313.04861035279197,9.95118416060416,308.04861035279197,19.95118416060416,318.04861035279197,1.0
17,287,14.605247209597346,312.19546753889944,9.605247209597346,307.19546753889944,19.605247209597344,317.19546753889944,1.0
17,288,14.151153880534244,311.82552381598487,9.151153880534244,306.82552381598487,19.151153880534245,316.82552381598487,1.0
17,289,14.388761058465388,312.14118605518695,9.388761058465388,307.14118605518695,19.388761058465388,317.14118605518695,1.0
17,290,14.210035000635177,312.5769215997263,9.210035000635177,307.5769215997263,19.210035000635177,317.5769215997263,1.0
17,291,14.534354802606568,312.469007343693,9.534354802606568,307.469007343693,19.53435480260657,317.469007343693,1.0
17,292,14.268046070977569,312.1142594136875,9.268046070977569,307.1142594136875,19.26804607097757,317.1142594136875,1.0
17,293,13.794171575393317,312.204099483469,8.794171575393317,307.204099483469,18.794171575393317,317.204099483469,1.0
17,294,13.566662005243185,310.66122623776414,8.566662005243185,305.66122623776414,18.566662005243185,315.66122623776414,1.0
17,295,13.75153132694403,310.2982688959144,8.75153132694403,305.2982688959144,18.75153132694403,315.2982688959144,1.0
17,296,15.180659984165327,309.4920317733519,10.180659984165327,304.4920317733519,20.180659984165327,314.4920317733519,1.0
17,297,15.502751756365765,308.31626201588165,10.502751756365765,303.31626201588165,20.502751756365765,313.31626201588165,1.0
17,298,15.005180888013712,307.5229046850329,10.005180888013712,302.5229046850329,20.00518088801371,312.5229046850329,1.0
17,299,14.750791216276571,307.495198886695,9.750791216276571,302.495198886695,19.75079121627657,312.495198886695,1.0
17,300,14.5499088240956,307.7797599973505,9.5499088240956,302.7797599973505,19.5499088240956,312.7797599973505,1.0
17,301,13.886800850828088,307.80955489574524,8.886800850828088,302.80955489574524,18.886800850828088,312.80955489574524,1.0
17,302,13.470625874042664,307.2246504561504,8.470625874042664,302.2246504561504,18.470625874042664,312.2246504561504,1.0
17,303,13.492510033313637,307.284123825495,8.492510033313637,302.284123825495,18.492510033313636,312.284123825495,1.0
17,304,13.048966245457992,307.5733222532152,8.048966245457992,302.5733222532152,18.04896624545799,312.5733222532152,1.0
17,305,12.267675552685755,308.1589762245797,7.2676755526857555,303.1589762245797,17.267675552685755,313.1589762245797,1.0
17,306,12.476014642202276,308.35283299868445,7.476014642202276,303.35283299868445,17.476014642202276,313.35283299868445,1.0
17,307,12.98596665865442,308.3819623388095,7.985966658654419,303.3819623388095,17.98596665865442,313.3819623388095,1.0
17,308,13.456373881866131,306.6271533170757,8.456373881866131,301.6271533170757,18.45637388186613,311.6271533170757,1.0
17,309,14.483030769039578,305.8432820901532,9.483030769039578,300.8432820901532,19.48303076903958,310.8432820901532,1.0
17,310,16.204962889052105,305.6429112516722,11.204962889052105,300.6429112516722,21.204962889052105,310.6429112516722,1.0
17,311,16.788397636806117,305.22249975818534,11.788397636806117,300.22249975818534,21.788397636806117,310.22249975818534,1.0
17,312,16.93026249187666,306.20782517309107,11.930262491876661,301.20782517309107,21.93026249187666,311.20782517309107,1.0
17,313,16.521881725678806,307.72518689488373,11.521881725678806,302.72518689488373,21.521881725678806,312.72518689488373,1.0
17,314,15.971284257658901,307.77346507469645,10.971284257658901,302.77346507469645,20.9712842576589,312.77346507469645,1.0
17,315,16.277139877764675,306.704978315358,11.277139877764675,301.704978315358,21.277139877764675,311.704978315358,1.0
17,316,17.25867518818366,306.78459642766614,12.258675188183659,301.78459642766614,22.25867518818366,311.78459642766614,1.0
17,317,19.19311153150626,307.15792972608915,14.193111531506261,302.15792972608915,24.19311153150626,312.15792972608915,1.0
17,318,19.388429582969355,307.5730151049311,14.388429582969355,302.5730151049311,24.388429582969355,312.5730151049311,1.0
17,319,19.3572532661437,308.4277454679377,14.357253266143701,303.4277454679377,24.3572532661437,313.4277454679377,1.0
17,320,19.49516093327975,309.41637972177057,14.495160933279749,304.41637972177057,24.49516093327975,314.41637972177057,1.0
17,321,20.06242380789764,310.9071692417898,15.062423807897641,305.9071692417898,25.06242380789764,315.9071692417898,1.0
17,322,21.847644665668966,310.9575086323641,16.847644665668966,305.9575086323641,26.847644665668966,315.9575086323641,1.0
17,323,23.566827034652114,310.09699925180047,18.566827034652114,305.09699925180047,28.566827034652114,315.09699925180047,1.0
17,324,24.322057298244395,310.2680797484935,19.322057298244395,305.2680797484935,29.322057298244395,315.2680797484935,1.0
17,325,24.281708336649746,310.1139324441165,19.281708336649746,305.1139324441165,29.281708336649746,315.1139324441165,1.0
17,326,24.289507670606614,309.03236021265394,19.289507670606614,304.03236021265394,29.289507670606614,314.03236021265394,1.0
17,327,24.69981176337523,308.61559358935966,19.69981176337523,303.61559358935966,29.69981176337523,313.61559358935966,1.0
17,328,24.981055870913362,309.3937405812922,19.981055870913362,304.3937405812922,29.981055870913362,314.3937405812922,1.0
17,329,23.742781544845734,310.43235106921156,18.742781544845734,305.43235106921156,28.742781544845734,315.43235106921156,1.0
17,330,22.80094195489771,311.0281971333109,17.80094195489771,306.0281971333109,27.80094195489771,316.0281971333109,1.0
17,331,21.747787448736776,311.8473432627302,16.747787448736776,306.8473432627302,26.747787448736776,316.8473432627302,1.0
17,332,21.465261620947462,311.18660176830343,16.465261620947462,306.18660176830343,26.465261620947462,316.18660176830343,1.0
17,333,21.060001985615173,311.2159120983504,16.060001985615173,306.2159120983504,26.060001985615173,316.2159120983504,1.0
17,334,20.855891060899996,311.010099293401,15.855891060899996,306.010099293401,25.855891060899996,316.010099293401,1.0
17,335,19.940631616394008,311.3455580767187,14.940631616394008,306.3455580767187,24.940631616394008,316.3455580767187,1.0
17,336,19.190970666393618,310.1474691886308,14.190970666393618,305.1474691886308,24.190970666393618,315.1474691886308,1.0
17,337,18.304792993727204,308.42102048754515,13.304792993727204,303.42102048754515,23.304792993727204,313.42102048754515,1.0
17,338,18.656580840770907,307.6034796244354,13.656580840770907,302.6034796244354,23.656580840770907,312.6034796244354,1.0
17,339,18.608266221538184,306.38413772090814,13.608266221538184,301.38413772090814,23.608266221538184,311.38413772090814,1.0
17,340,18.695617983239508,306.41577752036426,13.695617983239508,301.41577752036426,23.695617983239508,311.41577752036426,1.0
17,341,18.49123152061108,307.97225519820404,13.49123152061108,302.97225519820404,23.49123152061108,312.97225519820404,1.0
17,342,18.871412310532136,309.04108253867605,13.871412310532136,304.04108253867605,23.871412310532136,314.04108253867605,1.0
17,343,19.552338423360773,309.2626167609594,14.552338423360773,304.2626167609594,24.552338423360773,314.2626167609594,1.0
17,344,20.121810814009685,308.79967032309145,15.121810814009685,303.79967032309145,25.121810814009685,313.79967032309145,1.0
17,345,19.968265643804074,308.361023293616,14.968265643804074,303.361023293616,24.968265643804074,313.361023293616,1.0
17,346,19.90505029804768,308.02588154394806,14.90505029804768,303.02588154394806,24.90505029804768,313.02588154394806,1.0
17,347,20.020051492170253,307.489414176014,15.020051492170253,302.489414176014,25.020051492170253,312.489414176014,1.0
17,348,20.15375614311268,307.5843518600724,15.15375614311268,302.5843518600724,25.15375614311268,312.5843518600724,1.0
17,349,20.619745461700816,308.30255783319234,15.619745461700816,303.30255783319234,25.619745461700816,313.30255783319234,1.0
17,350,21.574084005642142,308.2506601905492,16.574084005642142,303.2506601905492,26.574084005642142,313.2506601905492,1.0
17,351,21.693341879827095,308.27436223238954,16.693341879827095,303.27436223238954,26.693341879827095,313.27436223238954,1.0
17,352,20.996761635064367,308.74382755683365,15.996761635064367,303.74382755683365,25.996761635064367,313.74382755683365,1.0
17,353,20.724176196745546,307.4584790888619,15.724176196745546,302.4584790888619,25.724176196745546,312.4584790888619,1.0
17,354,20.8296797852026,306.29890289704025,15.8296797852026,301.29890289704025,25.8296797852026,311.29890289704025,1.0
17,355,20.46504608335877,305.04293260696693,15.465046083358772,300.04293260696693,25.46504608335877,310.04293260696693,1.0
17,356,20.774253410165336,304.6495860434847,15.774253410165336,299.6495860434847,25.774253410165336,309.6495860434847,1.0
17,357,21.14830484281424,303.6491373212915,16.14830484281424,298.6491373212915,26.14830484281424,308.6491373212915,1.0
17,358,21.178183911222654,304.1355005573452,16.178183911222654,299.1355005573452,26.178183911222654,309.1355005573452,1.0
17,359,20.79863360799758,304.6233205660229,15.79863360799758,299.6233205660229,25.79863360799758,309.6233205660229,1.0
17,360,21.118980283207172,305.3523208496327,16.118980283207172,300.3523208496327,26.118980283207172,310.3523208496327,1.0
17,361,20.82166248102161,303.962528966992,15.821662481021612,298.962528966992,25.82166248102161,308.962528966992,1.0
17,362,20.4598579389059,303.5501383258832,15.459857938905898,298.5501383258832,25.4598579389059,308.5501383258832,1.0
17,363,20.36690055875483,302.767969438417,15.366900558754828,297.767969438417,25.36690055875483,307.767969438417,1.0
17,364,20.077057484369234,301.65454626694344,15.077057484369234,296.65454626694344,25.077057484369234,306.65454626694344,1.0
17,365,20.608455420938583,300.8880823407957,15.608455420938583,295.8880823407957,25.608455420938583,305.8880823407957,1.0
17,366,21.258404276036977,299.8603598079651,16.258404276036977,294.8603598079651,26.258404276036977,304.8603598079651,1.0
17,367,21.176577478114563,299.35143645477785,16.176577478114563,294.35143645477785,26.176577478114563,304.35143645477785,1.0
17,368,20.770392223148512,299.18034427462703,15.770392223148512,294.18034427462703,25.770392223148512,304.18034427462703,1.0
17,369,19.51006674656515,299.4116516860737,14.510066746565151,294.4116516860737,24.51006674656515,304.4116516860737,1.0
17,370,18.119684572878583,299.9357565386254,13.119684572878583,294.9357565386254,23.119684572878583,304.9357565386254,1.0
17,371,16.065686529009223,300.1105281316259,11.065686529009223,295.1105281316259,21.065686529009223,305.1105281316259,1.0
17,372,15.67417562839784,299.77201961298624,10.67417562839784,294.77201961298624,20.67417562839784,304.77201961298624,1.0
17,373,15.413555965537988,299.57828729068177,10.413555965537988,294.57828729068177,20.413555965537988,304.57828729068177,1.0
17,374,14.44570878945482,299.7913196497023,9.44570878945482,294.7913196497023,19.44570878945482,304.7913196497023,1.0
17,375,14.046168946468878,299.2350068788766,9.046168946468878,294.2350068788766,19.046168946468878,304.2350068788766,1.0
17,376,13.593810237380412,297.92583741362574,8.593810237380412,292.92583741362574,18.59381023738041,302.92583741362574,1.0
17,377,12.672771602212984,297.2763201759379,7.672771602212984,292.2763201759379,17.672771602212983,302.2763201759379,1.0
17,378,11.742141442683659,297.13157630200794,6.742141442683659,292.13157630200794,16.74214144268366,302.13157630200794,1.0
17,379,11.756439680203892,296.9136155195205,6.756439680203892,291.9136155195205,16.75643968020389,301.9136155195205,1.0
17,380,13.351368489100345,297.1172223588545,8.351368489100345,292.1172223588545,18.351368489100345,302.1172223588545,1.0
17,381,14.946436836914286,296.61686801265677,9.946436836914286,291.61686801265677,19.946436836914287,301.61686801265677,1.0
17,382,14.82535238650698,296.3259928998839,9.82535238650698,291.3259928998839,19.825352386506978,301.3259928998839,1.0
17,383,13.955616853749142,295.8938829691279,8.955616853749142,290.8938829691279,18.95561685374914,300.8938829691279,1.0
17,384,13.330656700540846,295.4391546865118,8.330656700540846,290.4391546865118,18.330656700540846,300.4391546865118,1.0
17,385,11.624140637524143,294.57446704299156,6.6241406375241425,289.57446704299156,16.624140637524143,299.57446704299156,1.0
17,386,9.857296033639347,294.21101266670337,4.857296033639347,289.21101266670337,14.857296033639347,299.21101266670337,1.0
17,387,9.46750570867939,294.40537707406213,4.46750570867939,289.40537707406213,14.46750570867939,299.40537707406213,1.0
17,388,8.730209050851983,294.3987619963993,3.7302090508519825,289.3987619963993,13.730209050851983,299.3987619963993,1.0
17,389,7.866672104726092,293.73228288634795,2.866672104726092,288.73228288634795,12.866672104726092,298.73228288634795,1.0
17,390,6.461624222094413,292.5333835612015,1.4616242220944127,287.5333835612015,11.461624222094413,297.5333835612015,1.0
17,391,7.137928415560998,292.1284397079011,2.1379284155609977,287.1284397079011,12.137928415560998,297.1284397079011,1.0
17,392,8.49732791773675,292.07289701528794,3.497327917736749,287.07289701528794,13.49732791773675,297.07289701528794,1.0
17,393,8.726920724425744,291.61524701639456,3.726920724425744,286.61524701639456,13.726920724425744,296.61524701639456,1.0
17,394,8.751555396920745,291.506595155819,3.751555396920745,286.506595155819,13.751555396920745,296.506595155819,1.0
17,395,9.47972927214624,290.76351427689275,4.4797292721462405,285.76351427689275,14.47972927214624,295.76351427689275,1.0
17,396,10.522725928553465,290.85060423365707,5.522725928553465,285.85060423365707,15.522725928553465,295.85060423365707,1.0
17,397,10.50787488575542,290.82792821493115,5.50787488575542,285.82792821493115,15.50787488575542,295.82792821493115,1.0
17,398,10.059738193517816,290.98119626033406,5.059738193517816,285.98119626033406,15.059738193517816,295.98119626033406,1.0
17,399,10.51490392290766,292.363893781321,5.51490392290766,287.363893781321,15.51490392290766,297.363893781321,1.0
17,400,11.499926575265793,293.69663201320697,6.499926575265793,288.69663201320697,16.499926575265793,298.69663201320697,1.0
17,401,11.198886029155727,294.18345053528515,6.198886029155727,289.18345053528515,16.198886029155727,299.18345053528515,1.0
17,402,10.515314747167388,293.69926913102546,5.515314747167388,288.69926913102546,15.515314747167388,298.69926913102546,1.0
17,403,9.360819164393352,293.30157353308095,4.360819164393352,288.30157353308095,14.360819164393352,298.30157353308095,1.0
17,404,8.83660126459406,293.7407192938842,3.8366012645940604,288.7407192938842,13.83660126459406,298.7407192938842,1.0
17,405,8.595193843851026,293.8754539928585,3.5951938438510265,288.8754539928585,13.595193843851026,298.8754539928585,1.0
17,406,9.214578003819863,293.4977833266647,4.214578003819863,288.4977833266647,14.214578003819863,298.4977833266647,1.0
17,407,9.754214392915083,293.6080167583781,4.754214392915083,288.6080167583781,14.754214392915083,298.6080167583781,1.0
17,408,11.719257977876143,293.94660995216856,6.719257977876143,288.94660995216856,16.719257977876143,298.94660995216856,1.0
17,409,13.540613997329011,294.7477493672103,8.540613997329011,289.7477493672103,18.54061399732901,299.7477493672103,1.0
17,410,14.488658788590175,295.617909705671,9.488658788590175,290.617909705671,19.488658788590175,300.617909705671,1.0
17,411,15.401684705380223,296.40968915144066,10.401684705380223,291.40968915144066,20.401684705380223,301.40968915144066,1.0
17,412,15.79947737636633,296.49343649123057,10.79947737636633,291.49343649123057,20.79947737636633,301.49343649123057,1.0
17,413,15.838358127206341,297.1236277709344,10.838358127206341,292.1236277709344,20.83835812720634,302.1236277709344,1.0
17,414,16.57338005035382,298.3534471325959,11.57338005035382,293.3534471325959,21.57338005035382,303.3534471325959,1.0
17,415,17.787416109560994,299.0209307154645,12.787416109560994,294.0209307154645,22.787416109560994,304.0209307154645,1.0
17,416,18.572693887230372,299.1303596793226,13.572693887230372,294.1303596793226,23.572693887230372,304.1303596793226,1.0
17,417,17.935593549729862,299.8761476653932,12.935593549729862,294.8761476653932,22.935593549729862,304.8761476653932,1.0
17,418,18.42010117859916,299.8393449287783,13.420101178599161,294.8393449287783,23.42010117859916,304.8393449287783,1.0
17,419,19.55778060691393,299.0928190934683,14.55778060691393,294.0928190934683,24.55778060691393,304.0928190934683,1.0
17,420,20.352228753095925,298.3507641996954,15.352228753095925,293.3507641996954,25.352228753095925,303.3507641996954,1.0
17,421,20.785034503160208,298.0913425352473,15.785034503160208,293.0913425352473,25.785034503160208,303.0913425352473,1.0
17,422,20.98577958759308,297.83839478473186,15.985779587593079,292.83839478473186,25.98577958759308,302.83839478473186,1.0
17,423,20.68173267371752,297.8238024774749,15.68173267371752,292.8238024774749,25.68173267371752,302.8238024774749,1.0
17,424,21.52060076343644,298.29921379475354,16.52060076343644,293.29921379475354,26.52060076343644,303.29921379475354,1.0
17,425,21.725852966746082,298.79850991341397,16.725852966746082,293.79850991341397,26.725852966746082,303.79850991341397,1.0
17,426,21.601271986824557,298.67873166893423,16.601271986824557,293.67873166893423,26.601271986824557,303.67873166893423,1.0
17,427,21.4815242997241,300.1089597434027,16.4815242997241,295.1089597434027,26.4815242997241,305.1089597434027,1.0
17,428,21.965738091176092,301.6551218642525,16.965738091176092,296.6551218642525,26.965738091176092,306.6551218642525,1.0
17,429,23.267492541287137,302.5037722752337,18.267492541287137,297.5037722752337,28.267492541287137,307.5037722752337,1.0
17,430,24.36332828778402,302.36338175152235,19.36332828778402,297.36338175152235,29.36332828778402,307.36338175152235,1.0
17,431,25.45102541403183,302.2692694739293,20.45102541403183,297.2692694739293,30.45102541403183,307.2692694739293,1.0
17,432,26.97050341907061,302.34947066107844,21.97050341907061,297.34947066107844,31.97050341907061,307.34947066107844,1.0
17,433,27.544373620253737,302.5857220575979,22.544373620253737,297.5857220575979,32.54437362025374,307.5857220575979,1.0
17,434,27.088819933308617,302.605830906632,22.088819933308617,297.605830906632,32.08881993330861,307.605830906632,1.0
17,435,25.868049958722576,302.55999634998784,20.868049958722576,297.55999634998784,30.868049958722576,307.55999634998784,1.0
17,436,25.49746119732272,303.4107211101474,20.49746119732272,298.4107211101474,30.49746119732272,308.4107211101474,1.0
17,437,26.254840240206825,304.4700332184183,21.254840240206825,299.4700332184183,31.254840240206825,309.4700332184183,1.0
17,438,27.012136489403773,305.5725452434917,22.012136489403773,300.5725452434917,32.01213648940377,310.5725452434917,1.0
17,439,27.926498748585864,306.31646301934256,22.926498748585864,301.31646301934256,32.926498748585864,311.31646301934256,1.0
17,440,27.57413261825909,306.8991442613323,22.57413261825909,301.8991442613323,32.574132618259085,311.8991442613323,1.0
17,441,27.962160727267094,307.97443867645,22.962160727267094,302.97443867645,32.96216072726709,312.97443867645,1.0
17,442,28.684780137087756,308.45671217146264,23.684780137087756,303.45671217146264,33.684780137087756,313.45671217146264,1.0
17,443,28.873738163352165,308.62792675974345,23.873738163352165,303.62792675974345,33.873738163352165,313.62792675974345,1.0
17,444,27.700803127175245,308.55547708271513,22.700803127175245,303.55547708271513,32.70080312717525,313.55547708271513,1.0
17,445,26.68561732172352,307.86760261778664,21.68561732172352,302.86760261778664,31.68561732172352,312.86760261778664,1.0
17,446,25.972247757008926,306.80152978388344,20.972247757008926,301.80152978388344,30.972247757008926,311.80152978388344,1.0
17,447,25.6258983927925,306.1710052628263,20.6258983927925,301.1710052628263,30.6258983927925,311.1710052628263,1.0
17,448,24.529784468565843,305.3185336853048,19.529784468565843,300.3185336853048,29.529784468565843,310.3185336853048,1.0
17,449,23.66155257732241,305.1219051817161,18.66155257732241,300.1219051817161,28.66155257732241,310.1219051817161,1.0
17,450,22.246802592478378,304.7846623033722,17.246802592478378,299.7846623033722,27.246802592478378,309.7846623033722,1.0
17,451,21.500818186985967,304.54255454948435,16.500818186985967,299.54255454948435,26.500818186985967,309.54255454948435,1.0
17,452,20.615194116806805,303.98540090314043,15.615194116806805,298.98540090314043,25.615194116806805,308.98540090314043,1.0
17,453,20.61181392399518,303.83951480766706,15.611813923995179,298.83951480766706,25.61181392399518,308.83951480766706,1.0
17,454,21.44410935105044,304.08685415832895,16.44410935105044,299.08685415832895,26.44410935105044,309.08685415832895,1.0
17,455,21.623215326327248,303.7212060271357,16.623215326327248,298.7212060271357,26.623215326327248,308.7212060271357,1.0
17,456,21.195558926355986,303.34337555179474,16.195558926355986,298.34337555179474,26.195558926355986,308.34337555179474,1.0
17,457,20.35279260544116,302.963157534548,15.35279260544116,297.963157534548,25.35279260544116,307.963157534548,1.0
17,458,19.406874931190213,302.3437036731554,14.406874931190213,297.3437036731554,24.406874931190213,307.3437036731554,1.0
17,459,17.905761459825623,303.0856213661991,12.905761459825623,298.0856213661991,22.905761459825623,308.0856213661991,1.0
17,460,16.829433711714614,303.5848754381123,11.829433711714614,298.5848754381123,21.829433711714614,308.5848754381123,1.0
17,461,16.23950437766345,304.3591191356172,11.239504377663451,299.3591191356172,21.23950437766345,309.3591191356172,1.0
17,462,15.699205523004139,305.28311552131555,10.699205523004139,300.28311552131555,20.69920552300414,310.28311552131555,1.0
17,463,15.348413079203812,305.98074774775694,10.348413079203812,300.98074774775694,20.348413079203812,310.98074774775694,1.0
17,464,14.84702891211964,307.90787262552294,9.84702891211964,302.90787262552294,19.84702891211964,312.90787262552294,1.0
17,465,12.806068808098868,307.88547970998906,7.806068808098868,302.88547970998906,17.806068808098868,312.88547970998906,1.0
17,466,11.838021385948908,307.5495522645012,6.838021385948908,302.5495522645012,16.838021385948906,312.5495522645012,1.0
17,467,11.305115041230131,307.5571317902133,6.305115041230131,302.5571317902133,16.30511504123013,312.5571317902133,1.0
17,468,12.098731551003134,309.01506789375986,7.098731551003134,304.01506789375986,17.098731551003134,314.01506789375986,1.0
17,469,11.781817177504703,310.00298422456757,6.781817177504703,305.00298422456757,16.781817177504703,315.00298422456757,1.0
18,390,386.5,473.0,381.5,468.0,391.5,478.0,1.0
18,391,386.1193481562552,473.3184384199941,381.1193481562552,468.3184384199941,391.1193481562552,478.3184384199941,1.0
18,392,385.117972511586,473.38919809445713,380.117972511586,468.38919809445713,390.117972511586,478.38919809445713,1.0
18,393,383.61760813127734,473.8438342191915,378.61760813127734,468.8438342191915,388.61760813127734,478.8438342191915,1.0
18,394,382.1332031605148,473.2691149619504,377.1332031605148,468.2691149619504,387.1332031605148,478.2691149619504,1.0
18,395,381.46236459276173,472.3123207583414,376.46236459276173,467.3123207583414,386.46236459276173,477.3123207583414,1.0
18,396,381.4768518097617,473.0787136126161,376.4768518097617,468.0787136126161,386.4768518097617,478.0787136126161,1.0
18,397,381.42769647921364,473.2593957050702,376.42769647921364,468.2593957050702,386.42769647921364,478.2593957050702,1.0
18,398,381.8575261659666,474.12029931019043,376.8575261659666,469.12029931019043,386.8575261659666,479.12029931019043,1.0
18,399,382.2946892051542,474.2717893795911,377.2946892051542,469.2717893795911,387.2946892051542,479.2717893795911,1.0
18,400,383.6887248383582,473.28872616422046,378.6887248383582,468.28872616422046,388.6887248383582,478.28872616422046,1.0
18,401,383.7150269826406,472.8053817519855,378.7150269826406,467.8053817519855,388.7150269826406,477.8053817519855,1.0
18,402,384.00469925313416,472.0301833222856,379.00469925313416,467.0301833222856,389.00469925313416,477.0301833222856,1.0
18,403,384.06832960537923,470.8903293886786,379.06832960537923,465.8903293886786,389.06832960537923,475.8903293886786,1.0
18,404,383.76872656982573,469.3942026949571,378.76872656982573,464.3942026949571,388.76872656982573,474.3942026949571,1.0
18,405,384.4659752193044,468.9831555778674,379.4659752193044,463.9831555778674,389.4659752193044,473.9831555778674,1.0
18,406,385.2833657814389,467.89546941933526,380.2833657814389,462.89546941933526,390.2833657814389,472.89546941933526,1.0
18,407,385.5572473301264,468.33131985501393,380.5572473301264,463.33131985501393,390.5572473301264,473.33131985501393,1.0
18,408,386.09788722439674,469.0958235774508,381.09788722439674,464.0958235774508,391.09788722439674,474.0958235774508,1.0
18,409,386.1847907728496,470.09886721567403,381.1847907728496,465.09886721567403,391.1847907728496,475.09886721567403,1.0
18,410,384.95238353808304,471.09482745313164,379.95238353808304,466.09482745313164,389.95238353808304,476.09482745313164,1.0
18,411,384.8770573710785,471.5040140384021,379.8770573710785,466.5040140384021,389.8770573710785,476.5040140384021,1.0
18,412,384.07804946412836,472.9290039751063,379.07804946412836,467.9290039751063,389.07804946412836,477.9290039751063,1.0
18,413,382.7381337320469,473.4471215641999,377.7381337320469,468.4471215641999,387.7381337320469,478.4471215641999,1.0
18,414,381.80228466213396,472.6456442278698,376.80228466213396,467.6456442278698,386.80228466213396,477.6456442278698,1.0
18,415,381.3598365244086,471.93575209135116,376.3598365244086,466.93575209135116,386.3598365244086,476.93575209135116,1.0
18,416,381.0290149883109,470.5895350757631,376.0290149883109,465.5895350757631,386.0290149883109,475.5895350757631,1.0
18,417,380.371976073681,469.2454376855293,375.371976073681,464.2454376855293,385.371976073681,474.2454376855293,1.0
18,418,378.72499847451866,468.17788528609805,373.72499847451866,463.17788528609805,383.72499847451866,473.17788528609805,1.0
18,419,378.3812915508182,467.2114839767679,373.3812915508182,462.2114839767679,383.3812915508182,472.2114839767679,1.0
18,420,377.74700981570186,466.5085880786057,372.74700981570186,461.5085880786057,382.74700981570186,471.5085880786057,1.0
18,421,377.9649661837445,465.96498855120814,372.9649661837445,460.96498855120814,382.9649661837445,470.96498855120814,1.0
18,422,378.85497867740446,464.9006677129682,373.85497867740446,459.9006677129682,383.85497867740446,469.9006677129682,1.0
18,423,379.7730698572895,463.7721285209996,374.7730698572895,458.7721285209996,384.7730698572895,468.7721285209996,1.0
18,424,380.37052212214985,462.5763560153907,375.37052212214985,457.5763560153907,385.37052212214985,467.5763560153907,1.0
18,425,380.98010823958856,460.9991513097988,375.98010823958856,455.9991513097988,385.98010823958856,465.9991513097988,1.0
18,426,381.1003091549096,460.02880682257796,376.1003091549096,455.02880682257796,386.1003091549096,465.02880682257796,1.0
18,427,381.3162741884425,460.0856007498262,376.3162741884425,455.0856007498262,386.3162741884425,465.0856007498262,1.0
18,428,380.9606146019783,460.759714009065,375.9606146019783,455.759714009065,385.9606146019783,465.759714009065,1.0
18,429,380.5370144294485,461.71973841674003,375.5370144294485,456.71973841674003,385.5370144294485,466.71973841674003,1.0
18,430,381.61998601931947,461.4870209626348,376.61998601931947,456.4870209626348,386.61998601931947,466.4870209626348,1.0
18,431,382.7551858667113,461.1525419545772,377.7551858667113,456.1525419545772,387.7551858667113,466.1525419545772,1.0
18,432,384.0058654405757,460.84377632785225,379.0058654405757,455.84377632785225,389.0058654405757,465.84377632785225,1.0
18,433,385.63465635202294,460.12050312116094,380.63465635202294,455.12050312116094,390.63465635202294,465.12050312116094,1.0
18,434,387.06293632361314,458.8789911413702,382.06293632361314,453.8789911413702,392.06293632361314,463.8789911413702,1.0
18,435,388.17840784538174,457.12062047989446,383.17840784538174,452.12062047989446,393.17840784538174,462.12062047989446,1.0
18,436,390.18113192479376,456.4119978269617,385.18113192479376,451.4119978269617,395.18113192479376,461.4119978269617,1.0
18,437,391.1195482831859,454.77016266195005,386.1195482831859,449.77016266195005,396.1195482831859,459.77016266195005,1.0
18,438,391.2487109005145,453.79671136084704,386.2487109005145,448.79671136084704,396.2487109005145,458.79671136084704,1.0
18,439,390.5360185584074,453.23300560111045,385.5360185584074,448.23300560111045,395.5360185584074,458.23300560111045,1.0
18,440,389.89134992831816,451.4474807138503,384.89134992831816,446.4474807138503,394.89134992831816,456.4474807138503,1.0
18,441,389.9732268427512,450.1037802382675,384.9732268427512,445.1037802382675,394.9732268427512,455.1037802382675,1.0
18,442,390.09580331142206,448.8578860180971,385.09580331142206,443.8578860180971,395.09580331142206,453.8578860180971,1.0
18,443,389.05566227634944,448.58228371704797,384.05566227634944,443.58228371704797,394.05566227634944,453.58228371704797,1.0
18,444,387.44339378399235,447.5839357231687,382.44339378399235,442.5839357231687,392.44339378399235,452.5839357231687,1.0
18,445,386.6404296520702,446.9598380977627,381.6404296520702,441.9598380977627,391.6404296520702,451.9598380977627,1.0
18,446,386.4954917815777,446.52014682170585,381.4954917815777,441.52014682170585,391.4954917815777,451.52014682170585,1.0
18,447,386.512189963733,446.05121107467556,381.512189963733,441.05121107467556,391.512189963733,451.05121107467556,1.0
18,448,386.3431991601831,445.10594515825125,381.3431991601831,440.10594515825125,391.3431991601831,450.10594515825125,1.0
18,449,385.7981486052831,443.89097298736675,380.7981486052831,438.89097298736675,390.7981486052831,448.89097298736675,1.0
18,450,384.73036970167857,443.02754286874347,379.73036970167857,438.02754286874347,389.73036970167857,448.02754286874347,1.0
18,451,385.151554415895,443.1301538861251,380.151554415895,438.1301538861251,390.151554415895,448.1301538861251,1.0
18,452,386.8383166040467,442.28019308775623,381.8383166040467,437.28019308775623,391.8383166040467,447.28019308775623,1.0
18,453,387.4908249665379,441.29702415944683,382.4908249665379,436.29702415944683,392.4908249665379,446.29702415944683,1.0
18,454,388.70202293280363,439.5214755805815,383.70202293280363,434.5214755805815,393.70202293280363,444.5214755805815,1.0
18,455,388.41256759088384,438.8671202996705,383.41256759088384,433.8671202996705,393.41256759088384,443.8671202996705,1.0
18,456,388.8021876959447,439.3701063253195,383.8021876959447,434.3701063253195,393.8021876959447,444.3701063253195,1.0
18,457,389.38877898444383,438.8920657652701,384.38877898444383,433.8920657652701,394.38877898444383,443.8920657652701,1.0
18,458,389.86825862609857,439.0848103910716,384.86825862609857,434.0848103910716,394.86825862609857,444.0848103910716,1.0
18,459,389.06175708367357,438.35786975009114,384.06175708367357,433.35786975009114,394.06175708367357,443.35786975009114,1.0
18,460,388.8733620722327,438.9043291197689,383.8733620722327,433.9043291197689,393.8733620722327,443.9043291197689,1.0
18,461,387.9651479191637,440.71602718276813,382.9651479191637,435.71602718276813,392.9651479191637,445.71602718276813,1.0
18,462,386.70346370347727,442.5989962839895,381.70346370347727,437.5989962839895,391.70346370347727,447.5989962839895,1.0
18,463,387.3838951513608,444.96225755727943,382.3838951513608,439.96225755727943,392.3838951513608,449.96225755727943,1.0
18,464,386.85835577549693,446.32682974932857,381.85835577549693,441.32682974932857,391.85835577549693,451.32682974932857,1.0
18,465,386.1384721323809,447.5632398895169,381.1384721323809,442.5632398895169,391.1384721323809,452.5632398895169,1.0
18,466,384.93524005795484,447.5665124727347,379.93524005795484,442.5665124727347,389.93524005795484,452.5665124727347,1.0
18,467,383.61176138145277,447.880545673396,378.61176138145277,442.880545673396,388.61176138145277,452.880545673396,1.0
18,468,382.73341430149185,447.228091869443,377.73341430149185,442.228091869443,387.73341430149185,452.228091869443,1.0
18,469,381.7819467790968,446.248499105703,376.7819467790968,441.248499105703,386.7819467790968,451.248499105703,1.0
18,470,380.55352200913507,446.2856413317011,375.55352200913507,441.2856413317011,385.55352200913507,451.2856413317011,1.0
18,471,380.7850372743842,446.0165270541753,375.7850372743842,441.0165270541753,385.7850372743842,451.0165270541753,1.0
18,472,381.3214388667656,445.98357094594803,376.3214388667656,440.98357094594803,386.3214388667656,450.98357094594803,1.0
18,473,381.4419960115185,445.40214568116477,376.4419960115185,440.40214568116477,386.4419960115185,450.40214568116477,1.0
18,474,381.8134023740001,445.0415837361169,376.8134023740001,440.0415837361169,386.8134023740001,450.0415837361169,1.0
18,475,381.36909060902764,444.85557849281366,376.36909060902764,439.85557849281366,386.36909060902764,449.85557849281366,1.0
18,476,381.21615656574085,445.7825104385332,376.21615656574085,440.7825104385332,386.21615656574085,450.7825104385332,1.0
18,477,381.26409106083014,447.2009962977166,376.26409106083014,442.2009962977166,386.26409106083014,452.2009962977166,1.0
18,478,380.7963084086124,447.86689531912793,375.7963084086124,442.86689531912793,385.7963084086124,452.86689531912793,1.0
18,479,380.121802197208,448.6893795205574,375.121802197208,443.6893795205574,385.121802197208,453.6893795205574,1.0
18,480,379.28776762945995,449.32913792647525,374.28776762945995,444.32913792647525,384.28776762945995,454.32913792647525,1.0
18,481,378.84040908541016,449.44119117586064,373.84040908541016,444.44119117586064,383.84040908541016,454.44119117586064,1.0
18,482,377.81896845109827,448.6294804725414,372.81896845109827,443.6294804725414,382.81896845109827,453.6294804725414,1.0
18,483,378.18505518865584,447.5886577148311,373.18505518865584,442.5886577148311,383.18505518865584,452.5886577148311,1.0
18,484,378.1976712383526,447.20617217954964,373.1976712383526,442.20617217954964,383.1976712383526,452.20617217954964,1.0
18,485,377.9643303993486,446.3199999986363,372.9643303993486,441.3199999986363,382.9643303993486,451.3199999986363,1.0
18,486,377.4775246302546,447.12607403032223,372.4775246302546,442.12607403032223,382.4775246302546,452.12607403032223,1.0
18,487,376.72083230262166,447.12683016799286,371.72083230262166,442.12683016799286,381.72083230262166,452.12683016799286,1.0
18,488,377.38023124463535,446.92265323538425,372.38023124463535,441.92265323538425,382.38023124463535,451.92265323538425,1.0
18,489,378.03405030482577,446.7928398970595,373.03405030482577,441.7928398970595,383.03405030482577,451.7928398970595,1.0
18,490,378.55618777548153,447.1841641478129,373.55618777548153,442.1841641478129,383.55618777548153,452.1841641478129,1.0
18,491,379.01969561911505,447.362315317165,374.01969561911505,442.362315317165,384.01969561911505,452.362315317165,1.0
18,492,380.10904153480675,447.05196401072106,375.10904153480675,442.05196401072106,385.10904153480675,452.05196401072106,1.0
18,493,380.62545795704034,447.0263172777475,375.62545795704034,442.0263172777475,385.62545795704034,452.0263172777475,1.0
18,494,381.8269364581464,448.2573059161348,376.8269364581464,443.2573059161348,386.8269364581464,453.2573059161348,1.0
18,495,382.66739891974123,447.8233913999186,377.66739891974123,442.8233913999186,387.66739891974123,452.8233913999186,1.0
18,496,382.8164689722672,446.9844754419056,377.8164689722672,441.9844754419056,387.8164689722672,451.9844754419056,1.0
18,497,382.05540616342347,445.43870099305303,377.05540616342347,440.43870099305303,387.05540616342347,450.43870099305303,1.0
18,498,381.2872445385235,444.4201899363675,376.2872445385235,439.4201899363675,386.2872445385235,449.4201899363675,1.0
18,499,380.71681979738537,444.6743699602573,375.71681979738537,439.6743699602573,385.71681979738537,449.6743699602573,1.0
18,500,380.6729149508385,445.07143323205383,375.6729149508385,440.07143323205383,385.6729149508385,450.07143323205383,1.0
18,501,381.13699268773695,445.315709472997,376.13699268773695,440.315709472997,386.13699268773695,450.315709472997,1.0
18,502,381.6599919629178,446.39803040706,376.6599919629178,441.39803040706,386.6599919629178,451.39803040706,1.0
18,503,381.3181458077685,447.1718302499356,376.3181458077685,442.1718302499356,386.3181458077685,452.1718302499356,1.0
18,504,380.4386032623392,448.4492329935678,375.4386032623392,443.4492329935678,385.4386032623392,453.4492329935678,1.0
18,505,380.81256650363844,448.9134940985653,375.81256650363844,443.9134940985653,385.81256650363844,453.9134940985653,1.0
18,506,380.0662912481716,448.6924131949096,375.0662912481716,443.6924131949096,385.0662912481716,453.6924131949096,1.0
18,507,379.8804510044245,448.7851518397812,374.8804510044245,443.7851518397812,384.8804510044245,453.7851518397812,1.0
18,508,379.79821025081924,449.0622046652442,374.79821025081924,444.0622046652442,384.79821025081924,454.0622046652442,1.0
18,509,380.7920532454581,449.17845454135875,375.7920532454581,444.17845454135875,385.7920532454581,454.17845454135875,1.0
18,510,382.5978731425008,449.00114824692383,377.5978731425008,444.00114824692383,387.5978731425008,454.00114824692383,1.0
18,511,384.3968453890408,448.0222469717904,379.3968453890408,443.0222469717904,389.3968453890408,453.0222469717904,1.0
18,512,385.33858175560357,447.8496219068793,380.33858175560357,442.8496219068793,390.33858175560357,452.8496219068793,1.0
18,513,385.0148954794495,447.52521300960706,380.0148954794495,442.52521300960706,390.0148954794495,452.52521300960706,1.0
18,514,384.9389772365696,447.0292970331857,379.9389772365696,442.0292970331857,389.9389772365696,452.0292970331857,1.0
18,515,384.40999177726883,447.722336461228,379.40999177726883,442.722336461228,389.40999177726883,452.722336461228,1.0
18,516,384.52903661068615,448.78799203551915,379.52903661068615,443.78799203551915,389.52903661068615,453.78799203551915,1.0
18,517,383.91861336300525,449.7569884238295,378.91861336300525,444.7569884238295,388.91861336300525,454.7569884238295,1.0
18,518,383.8332065264603,450.6570439647762,378.8332065264603,445.6570439647762,388.8332065264603,455.6570439647762,1.0
18,519,383.8298702432518,450.7418868988645,378.8298702432518,445.7418868988645,388.8298702432518,455.7418868988645,1.0
18,520,383.66052070275987,452.2933092949655,378.66052070275987,447.2933092949655,388.66052070275987,457.2933092949655,1.0
18,521,382.41939022565657,453.25474765849555,377.41939022565657,448.25474765849555,387.41939022565657,458.25474765849555,1.0
18,522,382.27275848876457,453.81087413448813,377.27275848876457,448.81087413448813,387.27275848876457,458.81087413448813,1.0
18,523,381.71109016512554,454.011926110348,376.71109016512554,449.011926110348,386.71109016512554,459.011926110348,1.0
18,524,382.93584199359464,454.02320157134545,377.93584199359464,449.02320157134545,387.93584199359464,459.02320157134545,1.0
18,525,383.0405925561314,454.8103408251028,378.0405925561314,449.8103408251028,388.0405925561314,459.8103408251028,1.0
18,526,384.246595237358,454.7120036678537,379.246595237358,449.7120036678537,389.246595237358,459.7120036678537,1.0
18,527,385.8574510979002,456.13908429227683,380.8574510979002,451.13908429227683,390.8574510979002,461.13908429227683,1.0
18,528,387.0614051664283,456.84100762451135,382.0614051664283,451.84100762451135,392.0614051664283,461.84100762451135,1.0
18,529,388.0716915559502,456.8813629448757,383.0716915559502,451.8813629448757,393.0716915559502,461.8813629448757,1.0
18,530,389.08198946125935,456.8375932208978,384.08198946125935,451.8375932208978,394.08198946125935,461.8375932208978,1.0
18,531,390.20756626933473,456.75942845069784,385.20756626933473,451.75942845069784,395.20756626933473,461.75942845069784,1.0
18,532,389.5900435230106,456.89111013914004,384.5900435230106,451.89111013914004,394.5900435230106,461.89111013914004,1.0
18,533,389.3643258710704,456.7987420705905,384.3643258710704,451.7987420705905,394.3643258710704,461.7987420705905,1.0
18,534,390.43049841046803,456.93272131653515,385.43049841046803,451.93272131653515,395.43049841046803,461.93272131653515,1.0
18,535,390.00328235034254,457.24804927018624,385.00328235034254,452.24804927018624,395.00328235034254,462.24804927018624,1.0
18,536,389.5075153905564,457.87120027364483,384.5075153905564,452.87120027364483,394.5075153905564,462.87120027364483,1.0
18,537,389.2150895009017,458.0963540489081,384.2150895009017,453.0963540489081,394.2150895009017,463.0963540489081,1.0
18,538,388.69601769085784,458.60162830900754,383.69601769085784,453.60162830900754,393.69601769085784,463.60162830900754,1.0
18,539,387.85935336335166,459.3436169358451,382.85935336335166,454.3436169358451,392.85935336335166,464.3436169358451,1.0
18,540,387.10367110846784,460.1683180400725,382.10367110846784,455.1683180400725,392.10367110846784,465.1683180400725,1.0
18,541,385.65453259101355,460.12928332050166,380.65453259101355,455.12928332050166,390.65453259101355,465.12928332050166,1.0
18,542,384.2996541486281,459.7303536223908,379.2996541486281,454.7303536223908,389.2996541486281,464.7303536223908,1.0
18,543,383.15241746211115,460.0688151081347,378.15241746211115,455.0688151081347,388.15241746211115,465.0688151081347,1.0
18,544,382.3208810796554,460.44312048173606,377.3208810796554,455.44312048173606,387.3208810796554,465.44312048173606,1.0
18,545,381.70854419699225,459.54356317802404,376.70854419699225,454.54356317802404,386.70854419699225,464.54356317802404,1.0
18,546,382.4198310110194,459.3861976820454,377.4198310110194,454.3861976820454,387.4198310110194,464.3861976820454,1.0
18,547,381.82146994895766,460.20609784860187,376.82146994895766,455.20609784860187,386.82146994895766,465.20609784860187,1.0
18,548,380.83450295063,461.56760389278463,375.83450295063,456.56760389278463,385.83450295063,466.56760389278463,1.0
18,549,380.3772750690668,462.2364645933395,375.3772750690668,457.2364645933395,385.3772750690668,467.2364645933395,1.0
18,550,380.37914750152,462.1597884896887,375.37914750152,457.1597884896887,385.37914750152,467.1597884896887,1.0
18,551,380.44966049778606,462.81514575092734,375.44966049778606,457.81514575092734,385.44966049778606,467.81514575092734,1.0
18,552,380.9343519215266,462.70036874444054,375.9343519215266,457.70036874444054,385.9343519215266,467.70036874444054,1.0
18,553,381.0805468325811,462.65691071135484,376.0805468325811,457.65691071135484,386.0805468325811,467.65691071135484,1.0
18,554,381.789493590973,461.0137816741384,376.789493590973,456.0137816741384,386.789493590973,466.0137816741384,1.0
18,555,382.66424142006827,460.43910719975787,377.66424142006827,455.43910719975787,387.66424142006827,465.43910719975787,1.0
18,556,383.57770152855676,460.578204782231,378.57770152855676,455.578204782231,388.57770152855676,465.578204782231,1.0
18,557,384.59852763132983,460.4827530046166,379.59852763132983,455.4827530046166,389.59852763132983,465.4827530046166,1.0
18,558,384.83495007570156,462.05958413497757,379.83495007570156,457.05958413497757,389.83495007570156,467.05958413497757,1.0
18,559,385.3158349079672,463.3315534017588,380.3158349079672,458.3315534017588,390.3158349079672,468.3315534017588,1.0
18,560,384.8872485905797,463.1496214243693,379.8872485905797,458.1496214243693,389.8872485905797,468.1496214243693,1.0
18,561,385.1157522612189,462.81526039693165,380.1157522612189,457.81526039693165,390.1157522612189,467.81526039693165,1.0
18,562,386.08963410127933,463.84102440347544,381.08963410127933,458.84102440347544,391.08963410127933,468.84102440347544,1.0
18,563,386.9072189917982,464.55284261421286,381.9072189917982,459.55284261421286,391.9072189917982,469.55284261421286,1.0
18,564,388.0414931720377,466.017885317083,383.0414931720377,461.017885317083,393.0414931720377,471.017885317083,1.0
18,565,389.04882001187246,466.6146644343855,384.04882001187246,461.6146644343855,394.04882001187246,471.6146644343855,1.0
18,566,389.6655610901903,468.6003582292349,384.6655610901903,463.6003582292349,394.6655610901903,473.6003582292349,1.0
18,567,390.4335926013317,468.9315490179189,385.4335926013317,463.9315490179189,395.4335926013317,473.9315490179189,1.0
18,568,390.9628147237749,469.2489045460396,385.9628147237749,464.2489045460396,395.9628147237749,474.2489045460396,1.0
18,569,390.89954123334616,469.61223764901393,385.89954123334616,464.61223764901393,395.89954123334616,474.61223764901393,1.0
18,570,390.5644946613619,469.81450843489176,385.5644946613619,464.81450843489176,395.5644946613619,474.81450843489176,1.0
18,571,389.10960255257606,469.9641766139831,384.10960255257606,464.9641766139831,394.10960255257606,474.9641766139831,1.0
18,572,388.116024468673,469.15097983490176,383.116024468673,464.15097983490176,393.116024468673,474.15097983490176,1.0
18,573,388.018292168058,469.22721860205763,383.018292168058,464.22721860205763,393.018292168058,474.22721860205763,1.0
18,574,387.52859111304343,469.9553964044396,382.52859111304343,464.9553964044396,392.52859111304343,474.9553964044396,1.0
18,575,387.6761524732532,469.56216823076966,382.6761524732532,464.56216823076966,392.6761524732532,474.56216823076966,1.0
18,576,387.8450809725647,469.3181459307594,382.8450809725647,464.3181459307594,392.8450809725647,474.3181459307594,1.0
18,577,387.51916257624356,469.59249535771255,382.51916257624356,464.59249535771255,392.51916257624356,474.59249535771255,1.0
18,578,387.44989096996767,469.9460032337299,382.44989096996767,464.9460032337299,392.44989096996767,474.9460032337299,1.0
18,579,389.05149694100635,469.6699235611685,384.05149694100635,464.6699235611685,394.05149694100635,474.6699235611685,1.0
18,580,390.742965375788,468.78146552089873,385.742965375788,463.78146552089873,395.742965375788,473.78146552089873,1.0
18,581,391.7804766328808,467.9357614643989,386.7804766328808,462.9357614643989,396.7804766328808,472.9357614643989,1.0
18,582,392.5028290487821,467.14349055135676,387.5028290487821,462.14349055135676,397.5028290487821,472.14349055135676,1.0
18,583,393.81095606572524,467.1319771012067,388.81095606572524,462.1319771012067,398.81095606572524,472.1319771012067,1.0
18,584,395.1454101066179,467.28864068738466,390.1454101066179,462.28864068738466,400.1454101066179,472.28864068738466,1.0
18,585,396.0562925016341,466.6703881904619,391.0562925016341,461.6703881904619,401.0562925016341,471.6703881904619,1.0
18,586,396.74095668388856,466.31588307046735,391.74095668388856,461.31588307046735,401.74095668388856,471.31588307046735,1.0
18,587,397.6435730170035,464.8738152577548,392.6435730170035,459.8738152577548,402.6435730170035,469.8738152577548,1.0
18,588,397.940181608371,463.9395358935491,392.940181608371,458.9395358935491,402.940181608371,468.9395358935491,1.0
18,589,399.20599285537565,462.5534708877477,394.20599285537565,457.5534708877477,404.20599285537565,467.5534708877477,1.0
18,590,400.88691140376403,461.89241029675713,395.88691140376403,456.89241029675713,405.88691140376403,466.89241029675713,1.0
18,591,401.8220264500506,461.95541634391236,396.8220264500506,456.95541634391236,406.8220264500506,466.95541634391236,1.0
18,592,402.2657900771028,463.2697477995895,397.2657900771028,458.2697477995895,407.2657900771028,468.2697477995895,1.0
18,593,402.40331170236743,464.71119127338005,397.40331170236743,459.71119127338005,407.40331170236743,469.71119127338005,1.0
18,594,402.8031190177919,464.90456720630215,397.8031190177919,459.90456720630215,407.8031190177919,469.90456720630215,1.0
18,595,402.46471390903133,464.89906965990957,397.46471390903133,459.89906965990957,407.46471390903133,469.89906965990957,1.0
18,596,402.1293518716621,465.13959753274736,397.1293518716621,460.13959753274736,407.1293518716621,470.13959753274736,1.0
18,597,401.06350703358635,465.89932232427566,396.06350703358635,460.89932232427566,406.06350703358635,470.89932232427566,1.0
18,598,400.33136085478566,466.2111212954423,395.33136085478566,461.2111212954423,405.33136085478566,471.2111212954423,1.0
18,599,399.18208801253996,467.5655902504217,394.18208801253996,462.5655902504217,404.18208801253996,472.5655902504217,1.0
18,600,398.99515952458813,468.07011641776467,393.99515952458813,463.07011641776467,403.99515952458813,473.07011641776467,1.0
18,601,398.7834372110591,468.59897255449283,393.7834372110591,463.59897255449283,403.7834372110591,473.59897255449283,1.0
18,602,398.2951534218766,467.8590067993572,393.2951534218766,462.8590067993572,403.2951534218766,472.8590067993572,1.0
18,603,398.57411071506635,468.7455590812578,393.57411071506635,463.7455590812578,403.57411071506635,473.7455590812578,1.0
18,604,399.13825152810915,469.70104258479796,394.13825152810915,464.70104258479796,404.13825152810915,474.70104258479796,1.0
18,605,399.16494715283744,470.5006287614801,394.16494715283744,465.5006287614801,404.16494715283744,475.5006287614801,1.0
18,606,399.565369631302,471.06613126375385,394.565369631302,466.06613126375385,404.565369631302,476.06613126375385,1.0
18,607,400.80032505381155,471.56382797003863,395.80032505381155,466.56382797003863,405.80032505381155,476.56382797003863,1.0
18,608,402.19473427009655,471.74458867769664,397.19473427009655,466.74458867769664,407.19473427009655,476.74458867769664,1.0
18,609,403.13932351271,471.9389511689932,398.13932351271,466.9389511689932,408.13932351271,476.9389511689932,1.0
18,610,403.5360849039909,472.0662420376028,398.5360849039909,467.0662420376028,408.5360849039909,477.0662420376028,1.0
18,611,404.16414192154167,472.49025290563884,399.16414192154167,467.49025290563884,409.16414192154167,477.49025290563884,1.0
18,612,403.3635667816542,472.62166502800613,398.3635667816542,467.62166502800613,408.3635667816542,477.62166502800613,1.0
18,613,402.5974589016253,472.31657931197583,397.5974589016253,467.31657931197583,407.5974589016253,477.31657931197583,1.0
18,614,402.2303328516213,473.0270151260961,397.2303328516213,468.0270151260961,407.2303328516213,478.0270151260961,1.0
18,615,402.3524440767906,474.1967372664403,397.3524440767906,469.1967372664403,407.3524440767906,479.1967372664403,1.0
18,616,402.7624243997205,473.8181806065299,397.7624243997205,468.8181806065299,407.7624243997205,478.8181806065299,1.0
18,617,402.5903631430163,473.5029265435932,397.5903631430163,468.5029265435932,407.5903631430163,478.5029265435932,1.0
18,618,403.1502431993538,473.74092108670294,398.1502431993538,468.74092108670294,408.1502431993538,478.74092108670294,1.0
18,619,403.5444165994717,474.24204554549146,398.5444165994717,469.24204554549146,408.5444165994717,479.24204554549146,1.0
18,620,403.91674379002313,474.81810955737546,398.91674379002313,469.81810955737546,408.91674379002313,479.81810955737546,1.0
18,621,404.3895871790989,475.87295101007487,399.3895871790989,470.87295101007487,409.3895871790989,480.87295101007487,1.0
18,622,405.0251845653404,475.35576224690254,400.0251845653404,470.35576224690254,410.0251845653404,480.35576224690254,1.0
18,623,404.86805436268423,475.32809841205955,399.86805436268423,470.32809841205955,409.86805436268423,480.32809841205955,1.0
18,624,404.5277290289128,474.48442841660227,399.5277290289128,469.48442841660227,409.5277290289128,479.48442841660227,1.0
18,625,403.44029292734075,474.56725272018673,398.44029292734075,469.56725272018673,408.44029292734075,479.56725272018673,1.0
18,626,403.1954034746027,474.8345478838882,398.1954034746027,469.8345478838882,408.1954034746027,479.8345478838882,1.0
18,627,403.146243291412,474.1019529339448,398.146243291412,469.1019529339448,408.146243291412,479.1019529339448,1.0
18,628,402.65389175972547,474.07555086040117,397.65389175972547,469.07555086040117,407.65389175972547,479.07555086040117,1.0
18,629,401.56765764334045,474.75433019326783,396.56765764334045,469.75433019326783,406.56765764334045,479.75433019326783,1.0
18,630,400.5479987275693,475.4314451645978,395.5479987275693,470.4314451645978,405.5479987275693,480.4314451645978,1.0
18,631,400.0232932187307,475.6594222107446,395.0232932187307,470.6594222107446,405.0232932187307,480.6594222107446,1.0
18,632,399.3340640184473,474.63500638016137,394.3340640184473,469.63500638016137,404.3340640184473,479.63500638016137,1.0
18,633,399.14535163004507,474.1433426285094,394.14535163004507,469.1433426285094,404.14535163004507,479.1433426285094,1.0
18,634,398.6330319086191,473.89629346722944,393.6330319086191,468.89629346722944,403.6330319086191,478.89629346722944,1.0
18,635,398.28791207882676,474.0767707742663,393.28791207882676,469.0767707742663,403.28791207882676,479.0767707742663,1.0
18,636,398.8692049125032,475.41614667347295,393.8692049125032,470.41614667347295,403.8692049125032,480.41614667347295,1.0
18,637,398.7416010608289,476.49675998149695,393.7416010608289,471.49675998149695,403.7416010608289,481.49675998149695,1.0
18,638,397.0552428236707,476.7842949694526,392.0552428236707,471.7842949694526,402.0552428236707,481.7842949694526,1.0
18,639,395.9546194594332,476.8040019498573,390.9546194594332,471.8040019498573,400.9546194594332,481.8040019498573,1.0
18,640,395.2150822609511,476.6516839535712,390.2150822609511,471.6516839535712,400.2150822609511,481.6516839535712,1.0
18,641,395.83142555661516,476.3011833258518,390.83142555661516,471.3011833258518,400.83142555661516,481.3011833258518,1.0
18,642,396.1771931064914,475.70250316643904,391.1771931064914,470.70250316643904,401.1771931064914,480.70250316643904,1.0
18,643,397.72163022309087,475.3922211198602,392.72163022309087,470.3922211198602,402.72163022309087,480.3922211198602,1.0
18,644,397.59733795027745,475.17288076495646,392.59733795027745,470.17288076495646,402.59733795027745,480.17288076495646,1.0
18,645,397.2034670678591,474.81051807964917,392.2034670678591,469.81051807964917,402.2034670678591,479.81051807964917,1.0
18,646,396.4430529384964,475.4379677633631,391.4430529384964,470.4379677633631,401.4430529384964,480.4379677633631,1.0
18,647,396.4670835550536,475.9330996248642,391.4670835550536,470.9330996248642,401.4670835550536,480.9330996248642,1.0
18,648,395.72100648916853,476.5919619108159,390.72100648916853,471.5919619108159,400.72100648916853,481.5919619108159,1.0
18,649,394.4729960435961,477.79111877687143,389.4729960435961,472.79111877687143,399.4729960435961,482.79111877687143,1.0
18,650,394.5494686402446,477.77423868511886,389.5494686402446,472.77423868511886,399.5494686402446,482.77423868511886,1.0
18,651,394.43755749152797,477.6940389492793,389.43755749152797,472.6940389492793,399.43755749152797,482.6940389492793,1.0
18,652,393.4977836528418,477.2489950134061,388.4977836528418,472.2489950134061,398.4977836528418,482.2489950134061,1.0
18,653,393.37346946820554,476.8323110062393,388.37346946820554,471.8323110062393,398.37346946820554,481.8323110062393,1.0
18,654,393.11932455906316,476.68610694261776,388.11932455906316,471.68610694261776,398.11932455906316,481.68610694261776,1.0
18,655,392.96157397074137,476.1613933455015,387.96157397074137,471.1613933455015,397.96157397074137,481.1613933455015,1.0
18,656,392.6801135463426,475.6038025929151,387.6801135463426,470.6038025929151,397.6801135463426,480.6038025929151,1.0
18,657,393.0617721421722,475.2295209962089,388.0617721421722,470.2295209962089,398.0617721421722,480.2295209962089,1.0
18,658,392.7214682029054,475.076271183888,387.7214682029054,470.076271183888,397.7214682029054,480.076271183888,1.0
18,659,391.76474147164026,474.3854521034061,386.76474147164026,469.3854521034061,396.76474147164026,479.3854521034061,1.0
18,660,391.388826553675,473.96404567441556,386.388826553675,468.96404567441556,396.388826553675,478.96404567441556,1.0
18,661,391.30170027813165,474.31464604083817,386.30170027813165,469.31464604083817,396.30170027813165,479.31464604083817,1.0
18,662,391.87454696254736,474.5483918698181,386.87454696254736,469.5483918698181,396.87454696254736,479.5483918698181,1.0
18,663,391.89622602616,473.69646982967487,386.89622602616,468.69646982967487,396.89622602616,478.69646982967487,1.0
18,664,391.58707718660435,472.6797842104439,386.58707718660435,467.6797842104439,396.58707718660435,477.6797842104439,1.0
18,665,390.5784065068483,471.9042095555491,385.5784065068483,466.9042095555491,395.5784065068483,476.9042095555491,1.0
18,666,389.5585770478788,471.36355106181355,384.5585770478788,466.36355106181355,394.5585770478788,476.36355106181355,1.0
18,667,388.300256407321,471.07606952741537,383.300256407321,466.07606952741537,393.300256407321,476.07606952741537,1.0
18,668,387.6469529748388,471.1085036741156,382.6469529748388,466.1085036741156,392.6469529748388,476.1085036741156,1.0
18,669,387.46147870808267,472.06015299060215,382.46147870808267,467.06015299060215,392.46147870808267,477.06015299060215,1.0
18,670,386.7613672318335,472.22395988869323,381.7613672318335,467.22395988869323,391.7613672318335,477.22395988869323,1.0
18,671,386.4501403584294,473.0637198147737,381.4501403584294,468.0637198147737,391.4501403584294,478.0637198147737,1.0
18,672,386.1120115557557,473.1179973376473,381.1120115557557,468.1179973376473,391.1120115557557,478.1179973376473,1.0
18,673,386.0288994931018,472.92977433980894,381.0288994931018,467.92977433980894,391.0288994931018,477.92977433980894,1.0
18,674,385.60123851181675,472.8261402501016,380.60123851181675,467.8261402501016,390.60123851181675,477.8261402501016,1.0
18,675,385.5790151311792,472.4107926935622,380.5790151311792,467.4107926935622,390.5790151311792,477.4107926935622,1.0
18,676,385.8214080577342,471.8912248089072,380.8214080577342,466.8912248089072,390.8214080577342,476.8912248089072,1.0
18,677,386.6028895942441,471.4771932214899,381.6028895942441,466.4771932214899,391.6028895942441,476.4771932214899,1.0
18,678,385.7682690294387,470.85073671039686,380.7682690294387,465.85073671039686,390.7682690294387,475.85073671039686,1.0
18,679,385.24744053837884,470.6997776610314,380.24744053837884,465.6997776610314,390.24744053837884,475.6997776610314,1.0
18,680,385.7746447168324,469.79603889238854,380.7746447168324,464.79603889238854,390.7746447168324,474.79603889238854,1.0
18,681,385.056448525333,469.0074237782779,380.056448525333,464.0074237782779,390.056448525333,474.0074237782779,1.0
18,682,385.33188046925216,468.72961532454025,380.33188046925216,463.72961532454025,390.33188046925216,473.72961532454025,1.0
18,683,386.2604319289153,467.3856216662723,381.2604319289153,462.3856216662723,391.2604319289153,472.3856216662723,1.0
18,684,386.60234457819377,465.8491310593628,381.60234457819377,460.8491310593628,391.60234457819377,470.8491310593628,1.0
18,685,387.35216731395354,464.77665734344686,382.35216731395354,459.77665734344686,392.35216731395354,469.77665734344686,1.0
18,686,388.3501544702628,463.72612765003777,383.3501544702628,458.72612765003777,393.3501544702628,468.72612765003777,1.0
18,687,389.43092954055726,463.54979078003424,384.43092954055726,458.54979078003424,394.43092954055726,468.54979078003424,1.0
18,688,389.62364642576057,463.329620855175,384.62364642576057,458.329620855175,394.62364642576057,468.329620855175,1.0
18,689,390.92027601924747,463.01931271484966,385.92027601924747,458.01931271484966,395.92027601924747,468.01931271484966,1.0
18,690,392.9936389324198,463.53668514826,387.9936389324198,458.53668514826,397.9936389324198,468.53668514826,1.0
18,691,394.6070558770512,463.0940775912794,389.6070558770512,458.0940775912794,399.6070558770512,468.0940775912794,1.0
18,692,395.62852201264434,462.26065357041006,390.62852201264434,457.26065357041006,400.62852201264434,467.26065357041006,1.0
18,693,396.82273185307093,461.31520625630026,391.82273185307093,456.31520625630026,401.82273185307093,466.31520625630026,1.0
18,694,397.0528306171486,461.1890311484947,392.0528306171486,456.1890311484947,402.0528306171486,466.1890311484947,1.0
18,695,396.6568558470741,461.2298568899982,391.6568558470741,456.2298568899982,401.6568558470741,466.2298568899982,1.0
18,696,396.7565437468583,461.5221061263436,391.7565437468583,456.5221061263436,401.7565437468583,466.5221061263436,1.0
18,697,397.92935671562395,462.6194802446139,392.92935671562395,457.6194802446139,402.92935671562395,467.6194802446139,1.0
18,698,399.2793092427179,463.38840729177616,394.2793092427179,458.38840729177616,404.2793092427179,468.38840729177616,1.0
18,699,401.3084530946165,462.70254548987936,396.3084530946165,457.70254548987936,406.3084530946165,467.70254548987936,1.0
18,700,401.90931557887836,462.0086245885683,396.90931557887836,457.0086245885683,406.90931557887836,467.0086245885683,1.0
18,701,401.24330455918465,461.405305811285,396.24330455918465,456.405305811285,406.24330455918465,466.405305811285,1.0
18,702,401.79110296744847,460.4297550641895,396.79110296744847,455.4297550641895,406.79110296744847,465.4297550641895,1.0
18,703,401.9444078461553,459.2584446210279,396.9444078461553,454.2584446210279,406.9444078461553,464.2584446210279,1.0
18,704,402.59935553786653,459.334181388869,397.59935553786653,454.334181388869,407.59935553786653,464.334181388869,1.0
18,705,403.79471858552694,458.54338056143706,398.79471858552694,453.54338056143706,408.79471858552694,463.54338056143706,1.0
18,706,404.5585153847441,459.1357394780837,399.5585153847441,454.1357394780837,409.5585153847441,464.1357394780837,1.0
18,707,405.55482195291177,458.5583293849918,400.55482195291177,453.5583293849918,410.55482195291177,463.5583293849918,1.0
18,708,406.3606222599284,457.55810393980533,401.3606222599284,452.55810393980533,411.3606222599284,462.55810393980533,1.0
18,709,406.5527939087616,456.52999876265244,401.5527939087616,451.52999876265244,411.5527939087616,461.52999876265244,1.0
18,710,407.93086446669,455.2509439741859,402.93086446669,450.2509439741859,412.93086446669,460.2509439741859,1.0
18,711,410.63030577003235,453.53987676631635,405.63030577003235,448.53987676631635,415.63030577003235,458.53987676631635,1.0
18,712,412.63991158392116,453.00540747222846,407.63991158392116,448.00540747222846,417.63991158392116,458.00540747222846,1.0
18,713,414.38391535167415,452.80073456852654,409.38391535167415,447.80073456852654,419.38391535167415,457.80073456852654,1.0
18,714,415.2495595999808,452.9179011384829,410.2495595999808,447.9179011384829,420.2495595999808,457.9179011384829,1.0
18,715,414.85205282689145,452.7996201501877,409.85205282689145,447.7996201501877,419.85205282689145,457.7996201501877,1.0
18,716,415.371686409479,452.59743752581284,410.371686409479,447.59743752581284,420.371686409479,457.59743752581284,1.0
18,717,415.0087926598937,452.09395422955,410.0087926598937,447.09395422955,420.0087926598937,457.09395422955,1.0
18,718,415.55350519839004,450.62397851974885,410.55350519839004,445.62397851974885,420.55350519839004,455.62397851974885,1.0
18,719,416.22016594481386,449.46593869948606,411.22016594481386,444.46593869948606,421.22016594481386,454.46593869948606,1.0
18,720,416.3233624113507,448.6087356009494,411.3233624113507,443.6087356009494,421.3233624113507,453.6087356009494,1.0
18,721,417.17088586700413,447.19635326899527,412.17088586700413,442.19635326899527,422.17088586700413,452.19635326899527,1.0
18,722,417.8771561751036,446.4180173430164,412.8771561751036,441.4180173430164,422.8771561751036,451.4180173430164,1.0
18,723,417.2149114104459,446.22027410025356,412.2149114104459,441.22027410025356,422.2149114104459,451.22027410025356,1.0
18,724,417.3916571288549,446.2266220479711,412.3916571288549,441.2266220479711,422.3916571288549,451.2266220479711,1.0
18,725,417.6792168920243,446.74743756870043,412.6792168920243,441.74743756870043,422.6792168920243,451.74743756870043,1.0
18,726,417.40674106234263,447.3753002147365,412.40674106234263,442.3753002147365,422.40674106234263,452.3753002147365,1.0
18,727,417.1559172721516,447.6431656058366,412.1559172721516,442.6431656058366,422.1559172721516,452.6431656058366,1.0
18,728,415.55666129558034,447.4037498094245,410.55666129558034,442.4037498094245,420.55666129558034,452.4037498094245,1.0
18,729,414.70530733499305,447.1691839392695,409.70530733499305,442.1691839392695,419.70530733499305,452.1691839392695,1.0
18,730,414.42295436270933,447.4166342630603,409.42295436270933,442.4166342630603,419.42295436270933,452.4166342630603,1.0
18,731,415.30800993530045,447.29624417238347,410.30800993530045,442.29624417238347,420.30800993530045,452.29624417238347,1.0
18,732,417.3166233017759,448.2513555398931,412.3166233017759,443.2513555398931,422.3166233017759,453.2513555398931,1.0
18,733,418.7182579665739,448.95669432793323,413.7182579665739,443.95669432793323,423.7182579665739,453.95669432793323,1.0
18,734,419.89791067856277,448.27691471242485,414.89791067856277,443.27691471242485,424.89791067856277,453.27691471242485,1.0
18,735,420.97482936950945,447.6841282376932,415.97482936950945,442.6841282376932,425.97482936950945,452.6841282376932,1.0
18,736,422.0528978821115,447.2741448802468,417.0528978821115,442.2741448802468,427.0528978821115,452.2741448802468,1.0
18,737,422.9955212804477,447.87894872314195,417.9955212804477,442.87894872314195,427.9955212804477,452.87894872314195,1.0
18,738,424.7498708815415,447.78940879965165,419.7498708815415,442.78940879965165,429.7498708815415,452.78940879965165,1.0
19,436,535.0,8.0,530.0,3.0,540.0,13.0,1.0
19,437,534.2723581967954,7.552062518908788,529.2723581967954,2.552062518908788,539.2723581967954,12.552062518908787,1.0
19,438,533.6130545031023,7.665781591792697,528.6130545031023,2.6657815917926966,538.6130545031023,12.665781591792697,1.0
19,439,533.0935313333628,7.560854370524582,528.0935313333628,2.5608543705245816,538.0935313333628,12.56085437052458,1.0
19,440,533.118393315899,7.539852244494578,528.118393315899,2.539852244494578,538.118393315899,12.539852244494579,1.0
19,441,533.8300944389093,6.613156745092567,528.8300944389093,1.6131567450925672,538.8300944389093,11.613156745092567,1.0
19,442,534.2071537507139,6.836944471247285,529.2071537507139,1.8369444712472847,539.2071537507139,11.836944471247286,1.0
19,443,534.6572925144457,6.188121712691015,529.6572925144457,1.1881217126910153,539.6572925144457,11.188121712691014,1.0
19,444,534.7458950754229,6.15888900335737,529.7458950754229,1.1588890033573698,539.7458950754229,11.15888900335737,1.0
19,445,535.1323369402337,6.072082359350483,530.1323369402337,1.0720823593504827,540.1323369402337,11.072082359350482,1.0
19,446,535.5799721443586,5.199036374159444,530.5799721443586,0.1990363741594443,540.5799721443586,10.199036374159444,1.0
19,447,536.7448004335333,4.370210518490374,531.7448004335333,-0.6297894815096257,541.7448004335333,9.370210518490374,1.0
19,448,537.9171941835617,5.0356692623285335,532.9171941835617,0.03566926232853351,542.9171941835617,10.035669262328533,1.0
19,449,538.1994272993098,5.898156266184571,533.1994272993098,0.8981562661845706,543.1994272993098,10.898156266184571,1.0
19,450,538.8278390241436,6.3462054644295565,533.8278390241436,1.3462054644295565,543.8278390241436,11.346205464429556,1.0
19,451,539.1150896286371,6.7482284399713315,534.1150896286371,1.7482284399713315,544.1150896286371,11.748228439971331,1.0
19,452,539.7092214071276,5.953477627953409,534.7092214071276,0.9534776279534087,544.7092214071276,10.953477627953408,1.0
19,453,539.3739309771505,5.102092483906841,534.3739309771505,0.10209248390684067,544.3739309771505,10.10209248390684,1.0
19,454,540.1287370313277,5.698063058319026,535.1287370313277,0.6980630583190264,545.1287370313277,10.698063058319025,1.0
19,455,540.6717515423194,6.329918516353606,535.6717515423194,1.3299185163536063,545.6717515423194,11.329918516353606,1.0
19,456,541.2455645148316,5.975058348730901,536.2455645148316,0.9750583487309008,546.2455645148316,10.9750583487309,1.0
19,457,541.05437357728,5.813447420367472,536.05437357728,0.8134474203674724,546.05437357728,10.813447420367472,1.0
19,458,540.2779563648199,4.1783129347415136,535.2779563648199,-0.8216870652584864,545.2779563648199,9.178312934741513,1.0
19,459,539.7416402961888,2.7951144637227507,534.7416402961888,-2.2048855362772493,544.7416402961888,7.795114463722751,1.0
19,460,539.3602743484239,1.3987378236287755,534.3602743484239,-3.6012621763712245,544.3602743484239,6.3987378236287755,1.0
19,461,539.1891502450359,1.8675318380340649,534.1891502450359,-3.132468161965935,544.1891502450359,6.867531838034065,1.0
19,462,538.0585033663848,2.2092826407236785,533.0585033663848,-2.7907173592763215,543.0585033663848,7.2092826407236785,1.0
19,463,536.7831547190547,2.025287935626986,531.7831547190547,-2.974712064373014,541.7831547190547,7.025287935626986,1.0
19,464,536.9508203592964,2.1177258430635453,531.9508203592964,-2.8822741569364547,541.9508203592964,7.117725843063545,1.0
19,465,536.5297798227812,0.8903943762965882,531.5297798227812,-4.109605623703412,541.5297798227812,5.890394376296588,1.0
19,466,535.7580825278585,1.6857889391973124,530.7580825278585,-3.3142110608026876,540.7580825278585,6.685788939197312,1.0
19,467,534.4381914236044,2.9818159766635697,529.4381914236044,-2.0181840233364303,539.4381914236044,7.98181597666357,1.0
19,468,534.7186558568187,3.7911909306621396,529.7186558568187,-1.2088090693378604,539.7186558568187,8.79119093066214,1.0
19,469,534.4896645370181,5.395818669793346,529.4896645370181,0.39581866979334634,539.4896645370181,10.395818669793346,1.0
19,470,535.2073131711657,5.304229729432807,530.2073131711657,0.3042297294328069,540.2073131711657,10.304229729432807,1.0
19,471,535.5050916151908,3.7269907649420766,530.5050916151908,-1.2730092350579234,540.5050916151908,8.726990764942077,1.0
19,472,535.5424616025507,2.155234189336153,530.5424616025507,-2.844765810663847,540.5424616025507,7.155234189336153,1.0
19,473,535.6599651103224,1.082574468540324,530.6599651103224,-3.917425531459676,540.6599651103224,6.082574468540324,1.0
19,474,535.7384102605279,0.4885463043131244,530.7384102605279,-4.511453695686876,540.7384102605279,5.488546304313124,1.0
19,475,534.9875079077369,-0.17172004106479655,529.9875079077369,-5.1717200410647965,539.9875079077369,4.8282799589352035,1.0
19,476,535.4537768036568,-1.1250986722536176,530.4537768036568,-6.125098672253618,540.4537768036568,3.8749013277463824,1.0
19,477,536.3217880165975,-2.2198143849562957,531.3217880165975,-7.219814384956296,541.3217880165975,2.7801856150437043,1.0
19,478,536.7179272028724,-2.606036765838308,531.7179272028724,-7.606036765838308,541.7179272028724,2.393963234161692,1.0
19,479,537.0222644509654,-2.4185499003299835,532.0222644509654,-7.4185499003299835,542.0222644509654,2.5814500996700165,1.0
19,480,536.9198823895862,-2.8115647988582655,531.9198823895862,-7.8115647988582655,541.9198823895862,2.1884352011417345,1.0
19,481,536.018658186467,-2.5156021144586624,531.018658186467,-7.515602114458662,541.018658186467,2.4843978855413376,1.0
19,482,535.7787194191301,-1.686580210126765,530.7787194191301,-6.686580210126765,540.7787194191301,3.313419789873235,1.0
19,483,535.6671218627779,-2.9255225219412537,530.6671218627779,-7.925522521941254,540.6671218627779,2.0744774780587463,1.0
19,484,534.6983665926464,-3.231019443223051,529.6983665926464,-8.231019443223051,539.6983665926464,1.768980556776949,1.0
19,485,534.3909848455401,-3.228332662029951,529.3909848455401,-8.22833266202995,539.3909848455401,1.7716673379700492,1.0
19,486,534.5088387704488,-4.296308529412974,529.5088387704488,-9.296308529412974,539.5088387704488,0.7036914705870263,1.0
19,487,534.7343883457897,-5.350786873701466,529.7343883457897,-10.350786873701466,539.7343883457897,-0.3507868737014661,1.0
19,488,534.6567799484076,-7.672685159527411,529.6567799484076,-12.672685159527411,539.6567799484076,-2.6726851595274113,1.0
19,489,533.9898130933129,-8.172385957008654,528.9898130933129,-13.172385957008654,538.9898130933129,-3.172385957008654,1.0
19,490,534.2986498425639,-8.596313651072542,529.2986498425639,-13.596313651072542,539.2986498425639,-3.596313651072542,1.0
19,491,534.1870891247689,-9.441985253914709,529.1870891247689,-14.441985253914709,539.1870891247689,-4.441985253914709,1.0
19,492,534.1611221254827,-10.452528098886358,529.1611221254827,-15.452528098886358,539.1611221254827,-5.452528098886358,1.0
19,493,534.344530663453,-10.945722597568327,529.344530663453,-15.945722597568327,539.344530663453,-5.945722597568327,1.0
19,494,534.0718882837532,-11.729712460821577,529.0718882837532,-16.729712460821577,539.0718882837532,-6.7297124608215775,1.0
19,495,533.76527535107,-11.191552815965409,528.76527535107,-16.19155281596541,538.76527535107,-6.191552815965409,1.0
19,496,532.8912300500742,-9.772364405930414,527.8912300500742,-14.772364405930414,537.8912300500742,-4.772364405930414,1.0
19,497,532.4030557959926,-8.911028081402435,527.4030557959926,-13.911028081402435,537.4030557959926,-3.911028081402435,1.0
19,498,532.430826916703,-7.8742323805937495,527.430826916703,-12.87423238059375,537.430826916703,-2.8742323805937495,1.0
19,499,533.5822009047248,-6.753415401612427,528.5822009047248,-11.753415401612427,538.5822009047248,-1.7534154016124273,1.0
19,500,534.812534716378,-6.055343741336259,529.812534716378,-11.055343741336259,539.812534716378,-1.0553437413362587,1.0
19,501,535.852386055329,-6.2150057639374126,530.852386055329,-11.215005763937413,540.852386055329,-1.2150057639374126,1.0
19,502,536.479129175075,-6.726494601573398,531.479129175075,-11.726494601573398,541.479129175075,-1.726494601573398,1.0
19,503,537.8328844339619,-7.582265952852058,532.8328844339619,-12.582265952852058,542.8328844339619,-2.582265952852058,1.0
19,504,538.1641237775051,-8.493623390873442,533.1641237775051,-13.493623390873442,543.1641237775051,-3.4936233908734415,1.0
19,505,537.5184140067566,-8.389761757925154,532.5184140067566,-13.389761757925154,542.5184140067566,-3.3897617579251538,1.0
19,506,536.2519373415485,-7.439145040295344,531.2519373415485,-12.439145040295344,541.2519373415485,-2.439145040295344,1.0
19,507,535.2264336370208,-5.677189883948964,530.2264336370208,-10.677189883948964,540.2264336370208,-0.6771898839489641,1.0
19,508,534.9062755866581,-4.358368522643609,529.9062755866581,-9.358368522643609,539.9062755866581,0.6416314773563911,1.0
19,509,534.3432179309831,-3.13999085834881,529.3432179309831,-8.13999085834881,539.3432179309831,1.8600091416511901,1.0
19,510,534.2093495455717,-1.80727481152298,529.2093495455717,-6.80727481152298,539.2093495455717,3.19272518847702,1.0
19,511,534.5750615959788,-0.7803239886433069,529.5750615959788,-5.780323988643307,539.5750615959788,4.219676011356693,1.0
19,512,536.2289538546189,-0.17216837014730046,531.2289538546189,-5.1721683701473005,541.2289538546189,4.8278316298526995,1.0
19,513,537.7960141111131,-0.11667804179392505,532.7960141111131,-5.116678041793925,542.7960141111131,4.883321958206075,1.0
19,514,537.8661924966818,-0.133111621325126,532.8661924966818,-5.133111621325126,542.8661924966818,4.866888378674874,1.0
19,515,537.1554390373853,-0.23151230631129316,532.1554390373853,-5.231512306311293,542.1554390373853,4.768487693688707,1.0
19,516,537.419249339931,-0.6314551990156172,532.419249339931,-5.631455199015617,542.419249339931,4.368544800984383,1.0
19,517,537.7165692477687,-0.5923253421507866,532.7165692477687,-5.592325342150787,542.7165692477687,4.407674657849213,1.0
19,518,537.0955851248791,-1.251699996071979,532.0955851248791,-6.251699996071979,542.0955851248791,3.748300003928021,1.0
19,519,536.3896852251861,-1.2917791780622316,531.3896852251861,-6.291779178062232,541.3896852251861,3.7082208219377684,1.0
19,520,536.024781536613,-1.4014826501411601,531.024781536613,-6.40148265014116,541.024781536613,3.59851734985884,1.0
19,521,536.107509861205,-1.4445210720686301,531.107509861205,-6.44452107206863,541.107509861205,3.55547892793137,1.0
19,522,536.545428520664,-2.5157230863061883,531.545428520664,-7.515723086306188,541.545428520664,2.4842769136938117,1.0
19,523,536.5799124597231,-2.8079032477597714,531.5799124597231,-7.807903247759771,541.5799124597231,2.1920967522402286,1.0
19,524,536.8023981555314,-3.9101416745639135,531.8023981555314,-8.910141674563913,541.8023981555314,1.0898583254360865,1.0
19,525,537.4271233296469,-6.69267833053004,532.4271233296469,-11.69267833053004,542.4271233296469,-1.6926783305300397,1.0
19,526,537.8468744300155,-9.314457901288979,532.8468744300155,-14.314457901288979,542.8468744300155,-4.3144579012889785,1.0
19,527,538.0196562060822,-11.516030980530779,533.0196562060822,-16.51603098053078,543.0196562060822,-6.516030980530779,1.0
19,528,538.6441937600057,-13.182662067565179,533.6441937600057,-18.18266206756518,543.6441937600057,-8.182662067565179,1.0
19,529,539.6170955333075,-14.445361576315403,534.6170955333075,-19.445361576315403,544.6170955333075,-9.445361576315403,1.0
19,530,539.818477936955,-14.994578022992918,534.818477936955,-19.99457802299292,544.818477936955,-9.994578022992918,1.0
19,531,538.4474758096402,-15.549030905823155,533.4474758096402,-20.549030905823155,543.4474758096402,-10.549030905823155,1.0
19,532,537.3374555681613,-15.900096293327834,532.3374555681613,-20.900096293327834,542.3374555681613,-10.900096293327834,1.0
19,533,536.1914145568813,-15.472453369222062,531.1914145568813,-20.472453369222062,541.1914145568813,-10.472453369222062,1.0
19,534,536.0596203190938,-14.872174511040583,531.0596203190938,-19.872174511040583,541.0596203190938,-9.872174511040583,1.0
19,535,535.7965719792443,-15.114622449946875,530.7965719792443,-20.114622449946875,540.7965719792443,-10.114622449946875,1.0
19,536,535.9814639389591,-15.364102830517727,530.9814639389591,-20.364102830517727,540.9814639389591,-10.364102830517727,1.0
19,537,535.8990287498891,-15.689013425151252,530.8990287498891,-20.689013425151252,540.8990287498891,-10.689013425151252,1.0
19,538,535.2886929067402,-16.83112982752564,530.2886929067402,-21.83112982752564,540.2886929067402,-11.83112982752564,1.0
19,539,535.268818656067,-17.484259401963214,530.268818656067,-22.484259401963214,540.268818656067,-12.484259401963214,1.0
19,540,534.7086997099964,-17.677967649576754,529.7086997099964,-22.677967649576754,539.7086997099964,-12.677967649576754,1.0
19,541,533.8668724058138,-17.820346072502176,528.8668724058138,-22.820346072502176,538.8668724058138,-12.820346072502176,1.0
19,542,533.7253731128637,-18.414725263140152,528.7253731128637,-23.414725263140152,538.7253731128637,-13.414725263140152,1.0
19,543,532.9910221155884,-19.383624361855805,527.9910221155884,-24.383624361855805,537.9910221155884,-14.383624361855805,1.0
19,544,531.6003647461357,-20.0470332183922,526.6003647461357,-25.0470332183922,536.6003647461357,-15.047033218392201,1.0
19,545,530.8263459392196,-20.10593404381118,525.8263459392196,-25.10593404381118,535.8263459392196,-15.105934043811182,1.0
19,546,530.5948534424391,-20.249286780182192,525.5948534424391,-25.249286780182192,535.5948534424391,-15.249286780182192,1.0
19,547,530.8597354702312,-19.935964710036263,525.8597354702312,-24.935964710036263,535.8597354702312,-14.935964710036263,1.0
19,548,530.3865029630407,-18.99748707836393,525.3865029630407,-23.99748707836393,535.3865029630407,-13.997487078363928,1.0
19,549,530.1616768108489,-17.739145864609647,525.1616768108489,-22.739145864609647,535.1616768108489,-12.739145864609647,1.0
19,550,529.7769680430218,-17.215427108178584,524.7769680430218,-22.215427108178584,534.7769680430218,-12.215427108178584,1.0
19,551,528.5605643897243,-17.52017013077562,523.5605643897243,-22.52017013077562,533.5605643897243,-12.520170130775622,1.0
19,552,526.6266240610263,-17.452734701511098,521.6266240610263,-22.452734701511098,531.6266240610263,-12.452734701511098,1.0
19,553,525.6213358532935,-17.441338947327782,520.6213358532935,-22.441338947327782,530.6213358532935,-12.441338947327782,1.0
19,554,524.8466961600144,-17.200221374694912,519.8466961600144,-22.200221374694912,529.8466961600144,-12.200221374694912,1.0
19,555,525.080942679001,-16.5927446109229,520.080942679001,-21.5927446109229,530.080942679001,-11.5927446109229,1.0
19,556,525.1712969225395,-15.407716748028367,520.1712969225395,-20.407716748028367,530.1712969225395,-10.407716748028367,1.0
19,557,524.9214573521965,-14.084567038843357,519.9214573521965,-19.084567038843357,529.9214573521965,-9.084567038843357,1.0
19,558,524.726697236494,-13.705382394749435,519.726697236494,-18.705382394749435,529.726697236494,-8.705382394749435,1.0
19,559,524.6299299359213,-13.267290985333695,519.6299299359213,-18.267290985333695,529.6299299359213,-8.267290985333695,1.0
19,560,524.740302400626,-12.622719336791057,519.740302400626,-17.622719336791057,529.740302400626,-7.622719336791057,1.0
19,561,525.2698159787133,-11.753996736628213,520.2698159787133,-16.753996736628213,530.2698159787133,-6.753996736628213,1.0
19,562,525.319801150768,-11.363035837920652,520.319801150768,-16.363035837920652,530.319801150768,-6.363035837920652,1.0
19,563,525.5819747204458,-11.79115237508822,520.5819747204458,-16.79115237508822,530.5819747204458,-6.79115237508822,1.0
19,564,526.6158819546089,-11.654368373493423,521.6158819546089,-16.654368373493423,531.6158819546089,-6.654368373493423,1.0
19,565,527.1268508264221,-11.097265294801833,522.1268508264221,-16.097265294801833,532.1268508264221,-6.097265294801833,1.0
19,566,527.0467273105855,-10.225209076703798,522.0467273105855,-15.225209076703798,532.0467273105855,-5.225209076703798,1.0
19,567,527.1033840652173,-9.367115286934368,522.1033840652173,-14.367115286934368,532.1033840652173,-4.367115286934368,1.0
19,568,526.3472177395936,-9.541565604834005,521.3472177395936,-14.541565604834005,531.3472177395936,-4.541565604834005,1.0
19,569,524.4582594722906,-10.345277002381579,519.4582594722906,-15.345277002381579,529.4582594722906,-5.345277002381579,1.0
19,570,521.786052429365,-10.912291673658455,516.786052429365,-15.912291673658455,526.786052429365,-5.912291673658455,1.0
19,571,519.9344229054926,-11.325298075954858,514.9344229054926,-16.32529807595486,524.9344229054926,-6.3252980759548585,1.0
19,572,519.4367959398284,-11.058786996694312,514.4367959398284,-16.058786996694312,524.4367959398284,-6.058786996694312,1.0
19,573,519.285387898731,-12.083876653140432,514.285387898731,-17.083876653140432,524.285387898731,-7.0838766531404325,1.0
19,574,520.8263200779851,-13.27387499051892,515.8263200779851,-18.27387499051892,525.8263200779851,-8.27387499051892,1.0
19,575,521.2942360120289,-13.877976831186071,516.2942360120289,-18.87797683118607,526.2942360120289,-8.877976831186071,1.0
19,576,522.0056241765351,-15.67982832705599,517.0056241765351,-20.67982832705599,527.0056241765351,-10.67982832705599,1.0
19,577,521.5461018688414,-17.027969890493807,516.5461018688414,-22.027969890493807,526.5461018688414,-12.027969890493807,1.0
19,578,521.217377122242,-17.680108151963722,516.217377122242,-22.680108151963722,526.217377122242,-12.680108151963722,1.0
19,579,521.6744040699791,-17.44391604016398,516.6744040699791,-22.44391604016398,526.6744040699791,-12.44391604016398,1.0
19,580,522.223364590955,-16.696933134217957,517.223364590955,-21.696933134217957,527.223364590955,-11.696933134217957,1.0
19,581,522.0224893436315,-15.315944925956419,517.0224893436315,-20.31594492595642,527.0224893436315,-10.315944925956419,1.0
19,582,522.3748963162602,-15.163772022290669,517.3748963162602,-20.16377202229067,527.3748963162602,-10.163772022290669,1.0
19,583,522.4864114628241,-15.341738783723422,517.4864114628241,-20.34173878372342,527.4864114628241,-10.341738783723422,1.0
19,584,523.0425908328531,-15.683526442352733,518.0425908328531,-20.683526442352733,528.0425908328531,-10.683526442352733,1.0
19,585,523.7052497600359,-15.59879699685975,518.7052497600359,-20.59879699685975,528.7052497600359,-10.59879699685975,1.0
19,586,524.7021389148482,-16.77771201142227,519.7021389148482,-21.77771201142227,529.7021389148482,-11.77771201142227,1.0
19,587,525.3124917405225,-17.62808692267748,520.3124917405225,-22.62808692267748,530.3124917405225,-12.628086922677479,1.0
19,588,526.2695968016284,-18.594241132953698,521.2695968016284,-23.594241132953698,531.2695968016284,-13.594241132953698,1.0
19,589,526.7930175493268,-19.40186146793617,521.7930175493268,-24.40186146793617,531.7930175493268,-14.401861467936168,1.0
19,590,527.2114940140432,-19.595065529217063,522.2114940140432,-24.595065529217063,532.2114940140432,-14.595065529217063,1.0
19,591,528.1649434513562,-20.062243596877245,523.1649434513562,-25.062243596877245,533.1649434513562,-15.062243596877245,1.0
19,592,528.1787750008386,-21.03158167101514,523.1787750008386,-26.03158167101514,533.1787750008386,-16.03158167101514,1.0
19,593,528.9096732370107,-22.19623623417016,523.9096732370107,-27.19623623417016,533.9096732370107,-17.19623623417016,1.0
19,594,527.5841136921176,-24.1883906825434,522.5841136921176,-29.1883906825434,532.5841136921176,-19.1883906825434,1.0
19,595,527.0915033209084,-25.04957754491177,522.0915033209084,-30.04957754491177,532.0915033209084,-20.04957754491177,1.0
19,596,526.0474600801722,-25.49548177192265,521.0474600801722,-30.49548177192265,531.0474600801722,-20.49548177192265,1.0
19,597,524.4591894587088,-25.918681166962337,519.4591894587088,-30.918681166962337,529.4591894587088,-20.918681166962337,1.0
20,444,169.0,8.5,164.0,3.5,174.0,13.5,1.0
20,445,168.73727840594864,7.691328157954987,163.73727840594864,2.6913281579549873,173.73727840594864,12.691328157954988,1.0
20,446,168.19283910921115,7.111443300340888,163.19283910921115,2.1114433003408877,173.19283910921115,12.111443300340888,1.0
20,447,168.34695411014675,7.501552715444472,163.34695411014675,2.501552715444472,173.34695411014675,12.501552715444472,1.0
20,448,167.8708403369458,8.345865477938586,162.8708403369458,3.3458654779385864,172.8708403369458,13.345865477938586,1.0
20,449,168.36380097775287,8.057351390274766,163.36380097775287,3.057351390274766,173.36380097775287,13.057351390274766,1.0
20,450,168.48067584362101,7.66109010516062,163.48067584362101,2.6610901051606204,173.48067584362101,12.661090105160621,1.0
20,451,168.19273231964632,6.9656210119424085,163.19273231964632,1.9656210119424085,173.19273231964632,11.965621011942408,1.0
20,452,168.09923600698917,7.089016462454616,163.09923600698917,2.089016462454616,173.09923600698917,12.089016462454616,1.0
20,453,168.50663439035233,6.605189536742985,163.50663439035233,1.6051895367429854,173.50663439035233,11.605189536742985,1.0
20,454,169.67269852892898,7.332690941120111,164.67269852892898,2.332690941120111,174.67269852892898,12.332690941120111,1.0
20,455,171.76813132749254,7.48239698145419,166.76813132749254,2.4823969814541904,176.76813132749254,12.48239698145419,1.0
20,456,173.23115839042407,8.28224512699499,168.23115839042407,3.28224512699499,178.23115839042407,13.28224512699499,1.0
20,457,174.3319519580741,8.613247829741265,169.3319519580741,3.6132478297412653,179.3319519580741,13.613247829741265,1.0
20,458,175.05164414274643,8.555044809945688,170.05164414274643,3.555044809945688,180.05164414274643,13.555044809945688,1.0
20,459,175.73335675200846,9.447146386144938,170.73335675200846,4.447146386144938,180.73335675200846,14.447146386144938,1.0
20,460,175.85868650574312,10.051164854703357,170.85868650574312,5.051164854703357,180.85868650574312,15.051164854703357,1.0
20,461,175.58980317623713,10.299817654349294,170.58980317623713,5.299817654349294,180.58980317623713,15.299817654349294,1.0
20,462,176.09711884724973,10.233080084766181,171.09711884724973,5.233080084766181,181.09711884724973,15.233080084766181,1.0
20,463,175.79533187072025,10.170758275651881,170.79533187072025,5.170758275651881,180.79533187072025,15.170758275651881,1.0
20,464,175.93385194843975,10.14050733725739,170.93385194843975,5.1405073372573895,180.93385194843975,15.14050733725739,1.0
20,465,176.5451599693076,10.258100855099153,171.5451599693076,5.258100855099153,181.5451599693076,15.258100855099153,1.0
20,466,177.12980189653666,9.920699903220026,172.12980189653666,4.920699903220026,182.12980189653666,14.920699903220026,1.0
20,467,177.143896057229,8.860193909410203,172.143896057229,3.860193909410203,182.143896057229,13.860193909410203,1.0
20,468,178.75999145064645,8.12893181094408,173.75999145064645,3.1289318109440796,183.75999145064645,13.12893181094408,1.0
20,469,180.3730834666966,8.000756242188432,175.3730834666966,3.000756242188432,185.3730834666966,13.000756242188432,1.0
20,470,181.14116060201363,8.46065318887382,176.14116060201363,3.4606531888738203,186.14116060201363,13.46065318887382,1.0
20,471,181.26637473149955,9.831617665623689,176.26637473149955,4.831617665623689,186.26637473149955,14.831617665623689,1.0
20,472,180.1320696956565,9.837708730635141,175.1320696956565,4.837708730635141,185.1320696956565,14.837708730635141,1.0
20,473,179.47019302900696,10.193457216145818,174.47019302900696,5.193457216145818,184.47019302900696,15.193457216145818,1.0
20,474,179.15098679178757,9.699877963376888,174.15098679178757,4.699877963376888,184.15098679178757,14.699877963376888,1.0
20,475,178.78520583166213,10.201748791156323,173.78520583166213,5.201748791156323,183.78520583166213,15.201748791156323,1.0
20,476,178.27322352402533,10.036260596265109,173.27322352402533,5.036260596265109,183.27322352402533,15.036260596265109,1.0
20,477,177.1536718618107,10.128507688798528,172.1536718618107,5.128507688798528,182.1536718618107,15.128507688798528,1.0
20,478,177.15514581424392,10.395366953559153,172.15514581424392,5.395366953559153,182.15514581424392,15.395366953559153,1.0
20,479,176.46504812870418,9.96527120803382,171.46504812870418,4.965271208033821,181.46504812870418,14.96527120803382,1.0
20,480,174.95450147692358,9.9581557482502,169.95450147692358,4.958155748250199,179.95450147692358,14.9581557482502,1.0
20,481,175.22384939488458,10.58911890149042,170.22384939488458,5.589118901490419,180.22384939488458,15.58911890149042,1.0
20,482,173.5800516470421,10.322996296185664,168.5800516470421,5.322996296185664,178.5800516470421,15.322996296185664,1.0
20,483,172.73406425229055,9.93099499534976,167.73406425229055,4.93099499534976,177.73406425229055,14.93099499534976,1.0
20,484,171.2600744838205,9.634159027420232,166.2600744838205,4.634159027420232,176.2600744838205,14.634159027420232,1.0
20,485,170.30288720722425,9.838298904977158,165.30288720722425,4.838298904977158,175.30288720722425,14.838298904977158,1.0
20,486,170.49459100868953,9.429701352372733,165.49459100868953,4.429701352372733,175.49459100868953,14.429701352372733,1.0
20,487,169.41486963514217,9.808683010140946,164.41486963514217,4.808683010140946,174.41486963514217,14.808683010140946,1.0
20,488,168.49029958932738,9.912211966715477,163.49029958932738,4.912211966715477,173.49029958932738,14.912211966715477,1.0
20,489,168.19184737415353,10.48453283214128,163.19184737415353,5.48453283214128,173.19184737415353,15.48453283214128,1.0
20,490,167.7934433455682,10.112396914869638,162.7934433455682,5.112396914869638,172.7934433455682,15.112396914869638,1.0
20,491,166.95296742975063,9.774786390301246,161.95296742975063,4.774786390301246,171.95296742975063,14.774786390301246,1.0
20,492,166.78595954612197,9.946775194759354,161.78595954612197,4.946775194759354,171.78595954612197,14.946775194759354,1.0
20,493,166.53826150229315,10.14623761638461,161.53826150229315,5.14623761638461,171.53826150229315,15.14623761638461,1.0
20,494,166.08311773675402,10.023009955097674,161.08311773675402,5.023009955097674,171.08311773675402,15.023009955097674,1.0
20,495,165.45664605476006,10.168031516994347,160.45664605476006,5.168031516994347,170.45664605476006,15.168031516994347,1.0
20,496,165.24185238758312,9.472283550065754,160.24185238758312,4.472283550065754,170.24185238758312,14.472283550065754,1.0
20,497,164.48393444361142,9.000243152730866,159.48393444361142,4.0002431527308655,169.48393444361142,14.000243152730866,1.0
20,498,164.3725330763208,9.170561171906499,159.3725330763208,4.170561171906499,169.3725330763208,14.170561171906499,1.0
20,499,164.3047203187668,9.363483340992918,159.3047203187668,4.363483340992918,169.3047203187668,14.363483340992918,1.0
20,500,163.72815244261776,9.657757665361775,158.72815244261776,4.657757665361775,168.72815244261776,14.657757665361775,1.0
20,501,162.97660393902615,10.530492782689675,157.97660393902615,5.5304927826896755,167.97660393902615,15.530492782689675,1.0
20,502,163.28435725406106,9.70827333590396,158.28435725406106,4.708273335903961,168.28435725406106,14.70827333590396,1.0
20,503,163.39323152554056,9.491377870763769,158.39323152554056,4.491377870763769,168.39323152554056,14.491377870763769,1.0
20,504,163.2584977937939,8.887387819651218,158.2584977937939,3.8873878196512184,168.2584977937939,13.887387819651218,1.0
20,505,163.41057616634436,8.395228114765155,158.41057616634436,3.395228114765155,168.41057616634436,13.395228114765155,1.0
20,506,163.74708137554293,9.09964345071174,158.74708137554293,4.09964345071174,168.74708137554293,14.09964345071174,1.0
20,507,164.00701634044125,9.60940102402742,159.00701634044125,4.60940102402742,169.00701634044125,14.60940102402742,1.0
20,508,164.57274603002966,9.357865457544204,159.57274603002966,4.357865457544204,169.57274603002966,14.357865457544204,1.0
20,509,164.79592236092864,9.796271350196756,159.79592236092864,4.796271350196756,169.79592236092864,14.796271350196756,1.0
20,510,164.69668423140703,11.06954008789789,159.69668423140703,6.06954008789789,169.69668423140703,16.06954008789789,1.0
20,511,164.21272270391216,11.966466554251255,159.21272270391216,6.966466554251255,169.21272270391216,16.966466554251255,1.0
20,512,163.99531427930575,12.955118259810973,158.99531427930575,7.955118259810973,168.99531427930575,17.955118259810973,1.0
20,513,163.71305505165256,14.656845346826099,158.71305505165256,9.656845346826099,168.71305505165256,19.6568453468261,1.0
20,514,163.86059064320833,16.18149067106836,158.86059064320833,11.18149067106836,168.86059064320833,21.18149067106836,1.0
20,515,163.94040159420743,16.549810481227176,158.94040159420743,11.549810481227176,168.94040159420743,21.549810481227176,1.0
20,516,162.7861048382419,16.42479447878929,157.7861048382419,11.424794478789291,167.7861048382419,21.42479447878929,1.0
20,517,162.05081824404337,16.36345104979283,157.05081824404337,11.363451049792829,167.05081824404337,21.36345104979283,1.0
20,518,161.58678875427512,16.84891478165318,156.58678875427512,11.848914781653178,166.58678875427512,21.84891478165318,1.0
20,519,160.91984030025117,17.73043095755113,155.91984030025117,12.730430957551128,165.91984030025117,22.73043095755113,1.0
20,520,160.49978356918115,16.57803581599548,155.49978356918115,11.57803581599548,165.49978356918115,21.57803581599548,1.0
20,521,159.5456711353482,15.485677443383526,154.5456711353482,10.485677443383526,164.5456711353482,20.485677443383526,1.0
20,522,159.08756528912497,14.778904043913267,154.08756528912497,9.778904043913267,164.08756528912497,19.778904043913265,1.0
20,523,158.2297562834457,13.500548044137028,153.2297562834457,8.500548044137028,163.2297562834457,18.500548044137027,1.0
20,524,157.50183733097867,12.043278810360722,152.50183733097867,7.043278810360722,162.50183733097867,17.04327881036072,1.0
20,525,156.90102965940974,10.900315482693589,151.90102965940974,5.900315482693589,161.90102965940974,15.900315482693589,1.0
20,526,156.60950192123494,10.615161959163563,151.60950192123494,5.615161959163563,161.60950192123494,15.615161959163563,1.0
20,527,155.75680302371384,10.69864740665473,150.75680302371384,5.698647406654731,160.75680302371384,15.69864740665473,1.0
20,528,154.49665991790414,9.7095763289809,149.49665991790414,4.7095763289809,159.49665991790414,14.7095763289809,1.0
20,529,153.62153502962576,8.900061606566817,148.62153502962576,3.900061606566817,158.62153502962576,13.900061606566817,1.0
20,530,151.75796784532668,8.781376238215973,146.75796784532668,3.781376238215973,156.75796784532668,13.781376238215973,1.0
20,531,150.21557517045017,8.082732965978723,145.21557517045017,3.082732965978723,155.21557517045017,13.082732965978723,1.0
20,532,149.39619800127608,7.873894971534886,144.39619800127608,2.8738949715348863,154.39619800127608,12.873894971534886,1.0
20,533,148.4069984605901,8.229480472046868,143.4069984605901,3.229480472046868,153.4069984605901,13.229480472046868,1.0
20,534,146.8060638025412,9.027644964035646,141.8060638025412,4.027644964035646,151.8060638025412,14.027644964035646,1.0
20,535,145.73746893386567,9.575051917913969,140.73746893386567,4.575051917913969,150.73746893386567,14.575051917913969,1.0
20,536,143.79313722058149,9.626713532148498,138.79313722058149,4.626713532148498,148.79313722058149,14.626713532148498,1.0
20,537,141.99646171144374,8.58010401393222,136.99646171144374,3.5801040139322193,146.99646171144374,13.58010401393222,1.0
20,538,141.69611005854787,7.9140040014804445,136.69611005854787,2.9140040014804445,146.69611005854787,12.914004001480444,1.0
20,539,141.9094802562007,6.537863054106209,136.9094802562007,1.537863054106209,146.9094802562007,11.537863054106209,1.0
20,540,141.84529194269825,5.2104653717590566,136.84529194269825,0.21046537175905655,146.84529194269825,10.210465371759057,1.0
20,541,141.3151905128825,3.7318187881981117,136.3151905128825,-1.2681812118018883,146.3151905128825,8.731818788198112,1.0
20,542,141.0060766564493,2.691632768631825,136.0060766564493,-2.308367231368175,146.0060766564493,7.691632768631825,1.0
20,543,141.32577001881694,2.35651870725693,136.32577001881694,-2.64348129274307,146.32577001881694,7.35651870725693,1.0
20,544,142.0027251525941,2.016757853785675,137.0027251525941,-2.983242146214325,147.0027251525941,7.016757853785675,1.0
20,545,142.52082945476042,1.1392716414727726,137.52082945476042,-3.8607283585272274,147.52082945476042,6.139271641472773,1.0
20,546,143.0744220237424,-0.38669302357120117,138.0744220237424,-5.386693023571201,148.0744220237424,4.613306976428799,1.0
20,547,143.50131146925824,0.1630857973924389,138.50131146925824,-4.836914202607561,148.50131146925824,5.163085797392439,1.0
20,548,143.80541696493515,0.25351500494299906,138.80541696493515,-4.746484995057001,148.80541696493515,5.253515004942999,1.0
20,549,143.89183758269172,-0.15841493465813983,138.89183758269172,-5.15841493465814,148.89183758269172,4.84158506534186,1.0
20,550,143.33508053549096,-1.2284758585963829,138.33508053549096,-6.228475858596383,148.33508053549096,3.771524141403617,1.0
20,551,143.35664568872022,-1.802185558648576,138.35664568872022,-6.802185558648576,148.35664568872022,3.197814441351424,1.0
20,552,144.08305743613084,-2.1326946866862393,139.08305743613084,-7.132694686686239,149.08305743613084,2.8673053133137607,1.0
20,553,145.49840834526822,-0.6790398308412939,140.49840834526822,-5.679039830841294,150.49840834526822,4.320960169158706,1.0
20,554,145.53573380494686,-0.13329523520012287,140.53573380494686,-5.133295235200123,150.53573380494686,4.866704764799877,1.0
20,555,145.57923874182453,-0.41054106738234,140.57923874182453,-5.41054106738234,150.57923874182453,4.58945893261766,1.0
20,556,146.1190174362246,-0.06351192638103953,141.1190174362246,-5.0635119263810395,151.1190174362246,4.9364880736189605,1.0
20,557,147.06984060897264,0.26038606554722143,142.06984060897264,-4.739613934452779,152.06984060897264,5.260386065547221,1.0
20,558,147.08683152030576,0.6753681977187522,142.08683152030576,-4.324631802281248,152.08683152030576,5.675368197718752,1.0
20,559,147.280917588115,1.5221063278892686,142.280917588115,-3.4778936721107314,152.280917588115,6.522106327889269,1.0
20,560,147.54860086510092,1.8409026518765712,142.54860086510092,-3.159097348123429,152.54860086510092,6.840902651876571,1.0
20,561,146.92072476003491,1.7624086690734995,141.92072476003491,-3.2375913309265005,151.92072476003491,6.7624086690734995,1.0
20,562,146.668576088297,1.3113129081929475,141.668576088297,-3.6886870918070525,151.668576088297,6.3113129081929475,1.0
20,563,145.07391465652938,0.8404056565774916,140.07391465652938,-4.1595943434225084,150.07391465652938,5.8404056565774916,1.0
20,564,143.91263107015035,1.1931097851075574,138.91263107015035,-3.8068902148924426,148.91263107015035,6.193109785107557,1.0
20,565,143.3075193859571,1.818408093514905,138.3075193859571,-3.181591906485095,148.3075193859571,6.818408093514905,1.0
20,566,143.29984161433634,1.9026560753443151,138.29984161433634,-3.097343924655685,148.29984161433634,6.902656075344315,1.0
20,567,143.4928711066774,1.1968868794491643,138.4928711066774,-3.8031131205508357,148.4928711066774,6.196886879449164,1.0
20,568,142.5147510878887,1.8002244123376698,137.5147510878887,-3.19977558766233,147.5147510878887,6.80022441233767,1.0
20,569,141.41365710721863,2.343187846588731,136.41365710721863,-2.656812153411269,146.41365710721863,7.343187846588731,1.0
20,570,140.76979092334312,3.238867827358555,135.76979092334312,-1.761132172641445,145.76979092334312,8.238867827358554,1.0
20,571,139.89720133732118,3.925465101163291,134.89720133732118,-1.074534898836709,144.89720133732118,8.92546510116329,1.0
20,572,139.05863540979385,5.050359244651547,134.05863540979385,0.050359244651547286,144.05863540979385,10.050359244651547,1.0
20,573,138.25742334715125,5.433057231657387,133.25742334715125,0.4330572316573873,143.25742334715125,10.433057231657386,1.0
20,574,138.53784110105516,4.831159385080641,133.53784110105516,-0.1688406149193593,143.53784110105516,9.83115938508064,1.0
20,575,138.44228872736852,3.9515582670648506,133.44228872736852,-1.0484417329351494,143.44228872736852,8.95155826706485,1.0
20,576,138.70035104002014,4.521346079095883,133.70035104002014,-0.47865392090411696,143.70035104002014,9.521346079095883,1.0
20,577,138.4124228095309,4.936464596922027,133.4124228095309,-0.06353540307797267,143.4124228095309,9.936464596922027,1.0
20,578,137.67277750024135,4.6457760506165195,132.67277750024135,-0.35422394938348045,142.67277750024135,9.645776050616519,1.0
20,579,136.77700522072251,4.926227999102949,131.77700522072251,-0.07377200089705127,141.77700522072251,9.926227999102949,1.0
20,580,136.1452171451851,4.593776739616551,131.1452171451851,-0.4062232603834488,141.1452171451851,9.593776739616551,1.0
20,581,136.0980716961543,3.9834745628670074,131.0980716961543,-1.0165254371329926,141.0980716961543,8.983474562867007,1.0
20,582,136.36406824611038,4.072225175090474,131.36406824611038,-0.9277748249095259,141.36406824611038,9.072225175090473,1.0
20,583,137.1888258772351,3.733898934931699,132.1888258772351,-1.266101065068301,142.1888258772351,8.733898934931698,1.0
20,584,137.69977918048244,3.7992706039598643,132.69977918048244,-1.2007293960401357,142.69977918048244,8.799270603959865,1.0
20,585,138.16112804615366,3.5389896107285077,133.16112804615366,-1.4610103892714923,143.16112804615366,8.538989610728507,1.0
20,586,136.96442115976325,3.398294857976235,131.96442115976325,-1.6017051420237651,141.96442115976325,8.398294857976236,1.0
20,587,137.30204201221682,2.835655713338511,132.30204201221682,-2.164344286661489,142.30204201221682,7.835655713338511,1.0
20,588,136.88083489655983,4.173492809830745,131.88083489655983,-0.8265071901692549,141.88083489655983,9.173492809830744,1.0
20,589,136.3477092105048,6.044099624822882,131.3477092105048,1.0440996248228824,141.3477092105048,11.044099624822882,1.0
20,590,134.89182710145974,8.250923187034518,129.89182710145974,3.250923187034518,139.89182710145974,13.250923187034518,1.0
20,591,134.43318723815264,9.475817836141715,129.43318723815264,4.475817836141715,139.43318723815264,14.475817836141715,1.0
20,592,133.87867309193317,10.09822541343809,128.87867309193317,5.09822541343809,138.87867309193317,15.09822541343809,1.0
20,593,133.04547247981623,10.012409084128203,128.04547247981623,5.012409084128203,138.04547247981623,15.012409084128203,1.0
20,594,132.58990361865733,9.833158550876274,127.58990361865733,4.8331585508762736,137.58990361865733,14.833158550876274,1.0
20,595,132.3152687152825,9.646925286057058,127.31526871528251,4.6469252860570585,137.3152687152825,14.646925286057058,1.0
20,596,132.0097704371522,9.221627886315368,127.00977043715221,4.221627886315368,137.0097704371522,14.221627886315368,1.0
20,597,131.8226750473774,9.417050876349508,126.8226750473774,4.417050876349508,136.8226750473774,14.417050876349508,1.0
20,598,133.01121153719242,9.459214336150701,128.01121153719242,4.459214336150701,138.01121153719242,14.459214336150701,1.0
20,599,133.8967827846769,10.335736477088467,128.8967827846769,5.335736477088467,138.8967827846769,15.335736477088467,1.0
20,600,135.57955488566475,10.696509253365925,130.57955488566475,5.6965092533659245,140.57955488566475,15.696509253365925,1.0
20,601,136.56795539646686,11.006926796190902,131.56795539646686,6.006926796190902,141.56795539646686,16.006926796190903,1.0
20,602,136.52693399977488,10.61728016361651,131.52693399977488,5.61728016361651,141.52693399977488,15.61728016361651,1.0
20,603,136.91935285726527,10.27078067122539,131.91935285726527,5.27078067122539,141.91935285726527,15.27078067122539,1.0
20,604,136.6867600283929,10.353444163829916,131.6867600283929,5.353444163829916,141.6867600283929,15.353444163829916,1.0
20,605,137.6023378939195,10.256884530796242,132.6023378939195,5.256884530796242,142.6023378939195,15.256884530796242,1.0
20,606,139.0026599285794,10.318905034580398,134.0026599285794,5.318905034580398,144.0026599285794,15.318905034580398,1.0
20,607,139.72817075003073,10.293665262521397,134.72817075003073,5.293665262521397,144.72817075003073,15.293665262521397,1.0
20,608,139.147662976767,10.03733873813135,134.147662976767,5.03733873813135,144.147662976767,15.03733873813135,1.0
20,609,140.36967476631065,9.677546034935983,135.36967476631065,4.6775460349359825,145.36967476631065,14.677546034935983,1.0
20,610,141.2319406287115,10.987788568424257,136.2319406287115,5.987788568424257,146.2319406287115,15.987788568424257,1.0
20,611,141.90514718819838,11.238561362863628,136.90514718819838,6.238561362863628,146.90514718819838,16.238561362863628,1.0
20,612,141.6130839622335,11.376465014948275,136.6130839622335,6.376465014948275,146.6130839622335,16.376465014948273,1.0
20,613,142.13350217205536,10.852079747983213,137.13350217205536,5.852079747983213,147.13350217205536,15.852079747983213,1.0
20,614,141.99235101474193,10.005781038056812,136.99235101474193,5.005781038056812,146.99235101474193,15.005781038056812,1.0
20,615,141.8147359423794,10.00893798044431,136.8147359423794,5.00893798044431,146.8147359423794,15.00893798044431,1.0
20,616,142.09980660959155,9.956400152329834,137.09980660959155,4.956400152329834,147.09980660959155,14.956400152329834,1.0
20,617,142.06855932685193,10.587243451008472,137.06855932685193,5.587243451008472,147.06855932685193,15.587243451008472,1.0
20,618,142.72320970035935,11.694485813011063,137.72320970035935,6.694485813011063,147.72320970035935,16.694485813011063,1.0
20,619,143.442255089046,12.08875343677089,138.442255089046,7.08875343677089,148.442255089046,17.08875343677089,1.0
20,620,143.6137499689515,11.794371444621534,138.6137499689515,6.794371444621534,148.6137499689515,16.794371444621532,1.0
20,621,144.786079484303,11.045945811499184,139.786079484303,6.045945811499184,149.786079484303,16.045945811499184,1.0
20,622,146.43430530720065,10.230976420648592,141.43430530720065,5.230976420648592,151.43430530720065,15.230976420648592,1.0
20,623,147.47772845664795,9.886775416048785,142.47772845664795,4.886775416048785,152.47772845664795,14.886775416048785,1.0
20,624,147.8951646817037,10.084597112824174,142.8951646817037,5.084597112824174,152.8951646817037,15.084597112824174,1.0
20,625,148.55602070579744,10.23522018655368,143.55602070579744,5.235220186553679,153.55602070579744,15.23522018655368,1.0
20,626,149.1213404047404,10.882587575521466,144.1213404047404,5.882587575521466,154.1213404047404,15.882587575521466,1.0
20,627,149.45174930574143,11.385113541260765,144.45174930574143,6.385113541260765,154.45174930574143,16.385113541260765,1.0
20,628,148.9913754107008,10.32370093359205,143.9913754107008,5.32370093359205,153.9913754107008,15.32370093359205,1.0
20,629,147.6462605106206,10.074032326762843,142.6462605106206,5.074032326762843,152.6462605106206,15.074032326762843,1.0
20,630,147.26657240885703,10.051875931635136,142.26657240885703,5.051875931635136,152.26657240885703,15.051875931635136,1.0
20,631,147.40059747114472,11.03254501393148,142.40059747114472,6.032545013931481,152.40059747114472,16.032545013931482,1.0
20,632,146.5677491461847,11.898204952183498,141.5677491461847,6.898204952183498,151.5677491461847,16.898204952183498,1.0
20,633,145.8102645122976,12.365964239632726,140.8102645122976,7.365964239632726,150.8102645122976,17.365964239632724,1.0
20,634,144.62751861929138,13.095841053862257,139.62751861929138,8.095841053862257,149.62751861929138,18.09584105386226,1.0
20,635,143.4667987427388,13.599698433560071,138.4667987427388,8.599698433560071,148.4667987427388,18.59969843356007,1.0
20,636,142.85487474902183,13.336168102866877,137.85487474902183,8.336168102866877,147.85487474902183,18.33616810286688,1.0
20,637,142.1397555067345,12.846046948908068,137.1397555067345,7.846046948908068,147.1397555067345,17.846046948908068,1.0
20,638,141.55965683676672,12.808530677541702,136.55965683676672,7.808530677541702,146.55965683676672,17.808530677541704,1.0
20,639,140.86332185080633,12.573702070578591,135.86332185080633,7.573702070578591,145.86332185080633,17.57370207057859,1.0
20,640,139.83801961673572,11.407174561969695,134.83801961673572,6.407174561969695,144.83801961673572,16.407174561969697,1.0
20,641,139.78999390058306,10.664417834371907,134.78999390058306,5.664417834371907,144.78999390058306,15.664417834371907,1.0
20,642,140.2881470246709,9.763148781633365,135.2881470246709,4.763148781633365,145.2881470246709,14.763148781633365,1.0
20,643,140.77356993656034,9.68084360440893,135.77356993656034,4.680843604408929,145.77356993656034,14.68084360440893,1.0
20,644,141.3199506454311,9.309368007275467,136.3199506454311,4.3093680072754665,146.3199506454311,14.309368007275467,1.0
20,645,140.96017992921952,7.300139308459559,135.96017992921952,2.300139308459559,145.96017992921952,12.30013930845956,1.0
20,646,139.97908145296094,5.727209860743447,134.97908145296094,0.7272098607434474,144.97908145296094,10.727209860743447,1.0
20,647,139.6655102465126,4.362526519819053,134.6655102465126,-0.6374734801809474,144.6655102465126,9.362526519819053,1.0
20,648,139.2968184472207,3.822942740784641,134.2968184472207,-1.177057259215359,144.2968184472207,8.82294274078464,1.0
20,649,139.06153927191107,3.856235425201132,134.06153927191107,-1.143764574798868,144.06153927191107,8.856235425201131,1.0
20,650,139.05825325091007,3.3279553137123425,134.05825325091007,-1.6720446862876575,144.05825325091007,8.327955313712343,1.0
20,651,138.3737469805895,3.833163694952579,133.3737469805895,-1.166836305047421,143.3737469805895,8.833163694952578,1.0
20,652,137.18242186657278,3.6385373462083788,132.18242186657278,-1.3614626537916212,142.18242186657278,8.638537346208379,1.0
20,653,135.75404199026258,2.852633818700209,130.75404199026258,-2.147366181299791,140.75404199026258,7.852633818700209,1.0
20,654,135.68483535997845,1.508398421445647,130.68483535997845,-3.491601578554353,140.68483535997845,6.508398421445647,1.0
20,655,135.74584066930439,0.8389155888644488,130.74584066930439,-4.161084411135551,140.74584066930439,5.838915588864449,1.0
20,656,135.3475683532237,0.5380945141944906,130.3475683532237,-4.461905485805509,140.3475683532237,5.538094514194491,1.0
20,657,134.64921772454596,0.46367123485471673,129.64921772454596,-4.536328765145283,139.64921772454596,5.463671234854717,1.0
20,658,133.4680456809592,0.16609449446059799,128.4680456809592,-4.833905505539402,138.4680456809592,5.166094494460598,1.0
20,659,132.02602091265015,0.11904856577439205,127.02602091265015,-4.880951434225608,137.02602091265015,5.119048565774392,1.0
20,660,131.4199255254606,-0.462443544500422,126.4199255254606,-5.462443544500422,136.4199255254606,4.537556455499578,1.0
20,661,130.10388492072966,-1.5316424558543957,125.10388492072966,-6.531642455854396,135.10388492072966,3.4683575441456043,1.0
20,662,128.86167566126596,-2.0695795946760676,123.86167566126596,-7.069579594676068,133.86167566126596,2.9304204053239324,1.0
20,663,129.1010944186514,-1.4429657795659043,124.1010944186514,-6.442965779565904,134.1010944186514,3.5570342204340957,1.0
20,664,130.03251908614362,-1.873240419307857,125.03251908614362,-6.873240419307857,135.03251908614362,3.126759580692143,1.0
20,665,130.9247245409037,-1.8728335281886874,125.9247245409037,-6.872833528188687,135.9247245409037,3.1271664718113126,1.0
20,666,131.76671083771024,-0.772064098719353,126.76671083771024,-5.772064098719353,136.76671083771024,4.227935901280647,1.0
20,667,132.60862060583443,-0.7047835449828792,127.60862060583443,-5.704783544982879,137.60862060583443,4.295216455017121,1.0
20,668,132.50598591126405,-1.1103787605096844,127.50598591126405,-6.110378760509684,137.50598591126405,3.8896212394903156,1.0
20,669,132.06729615065032,-1.0272996518530917,127.06729615065032,-6.027299651853092,137.06729615065032,3.9727003481469083,1.0
20,670,131.83498446225835,-0.5825418721234392,126.83498446225835,-5.582541872123439,136.83498446225835,4.417458127876561,1.0
20,671,131.0162899620352,-0.05256155296377685,126.01628996203519,-5.052561552963777,136.0162899620352,4.947438447036223,1.0
20,672,129.8878183968412,-0.43523303061427754,124.8878183968412,-5.4352330306142775,134.8878183968412,4.5647669693857225,1.0
20,673,129.70335862802955,0.08891987567801607,124.70335862802955,-4.911080124321984,134.70335862802955,5.088919875678016,1.0
20,674,129.93321473353672,0.20581499397527558,124.93321473353672,-4.794185006024724,134.93321473353672,5.205814993975276,1.0
20,675,130.68417351283878,-0.3101696801928693,125.68417351283878,-5.310169680192869,135.68417351283878,4.689830319807131,1.0
20,676,129.0649612598188,-0.6107547361536607,124.0649612598188,-5.610754736153661,134.0649612598188,4.389245263846339,1.0
20,677,128.02071416512092,-1.3781742767820813,123.02071416512092,-6.378174276782081,133.02071416512092,3.6218257232179187,1.0
20,678,127.03080786374747,-2.033833659485275,122.03080786374747,-7.033833659485275,132.03080786374747,2.966166340514725,1.0
20,679,127.20148545720374,-1.8542005704416251,122.20148545720374,-6.854200570441625,132.20148545720374,3.145799429558375,1.0
20,680,127.45795575270269,-2.8181752878382813,122.45795575270269,-7.818175287838281,132.45795575270267,2.1818247121617187,1.0
20,681,127.56467729730215,-3.2460137873916217,122.56467729730215,-8.246013787391622,132.56467729730215,1.7539862126083783,1.0
20,682,126.15503668414254,-2.955131625227608,121.15503668414254,-7.955131625227608,131.15503668414254,2.044868374772392,1.0
20,683,125.11669117091384,-2.760128356443653,120.11669117091384,-7.760128356443653,130.11669117091384,2.239871643556347,1.0
20,684,124.44161432811421,-2.1053743181987308,119.44161432811421,-7.105374318198731,129.4416143281142,2.8946256818012692,1.0
20,685,124.62771692995864,-2.634567024280491,119.62771692995864,-7.634567024280491,129.62771692995864,2.365432975719509,1.0
20,686,123.58478043914175,-1.3198527174196535,118.58478043914175,-6.3198527174196535,128.58478043914175,3.6801472825803465,1.0
20,687,122.49210003190379,-0.29972099623189763,117.49210003190379,-5.299720996231898,127.49210003190379,4.700279003768102,1.0
20,688,122.60942631412135,0.053229098965690724,117.60942631412135,-4.946770901034309,127.60942631412135,5.053229098965691,1.0
20,689,122.70078927224921,0.11684504347147495,117.70078927224921,-4.883154956528525,127.70078927224921,5.116845043471475,1.0
20,690,122.5393663955704,-0.1520623319114467,117.5393663955704,-5.152062331911447,127.5393663955704,4.847937668088553,1.0
20,691,122.49660693806635,-1.0122767031853268,117.49660693806635,-6.012276703185327,127.49660693806635,3.987723296814673,1.0
20,692,123.74765383738202,-1.8071578410952363,118.74765383738202,-6.807157841095236,128.74765383738202,3.1928421589047637,1.0
20,693,125.37030004482217,-2.4178924835824063,120.37030004482217,-7.417892483582406,130.37030004482216,2.5821075164175937,1.0
20,694,126.66584915501593,-3.4823576767020725,121.66584915501593,-8.482357676702073,131.66584915501593,1.5176423232979275,1.0
20,695,127.60451641575321,-4.351611329802866,122.60451641575321,-9.351611329802866,132.6045164157532,0.648388670197134,1.0
20,696,129.10332248242563,-4.924232227073254,124.10332248242563,-9.924232227073254,134.10332248242563,0.07576777292674564,1.0
20,697,130.2730934779367,-4.923274166381027,125.2730934779367,-9.923274166381027,135.2730934779367,0.07672583361897267,1.0
20,698,132.41151742047072,-4.773616099524457,127.41151742047072,-9.773616099524457,137.41151742047072,0.22638390047554324,1.0
20,699,132.52879091480668,-4.94848549467396,127.52879091480668,-9.94848549467396,137.52879091480668,0.05151450532603974,1.0
20,700,132.39757350306667,-5.963713648302232,127.39757350306667,-10.963713648302232,137.39757350306667,-0.9637136483022317,1.0
20,701,132.33411420193397,-5.787857737207936,127.33411420193397,-10.787857737207936,137.33411420193397,-0.7878577372079363,1.0
20,702,132.55629403836213,-5.429556131985233,127.55629403836213,-10.429556131985233,137.55629403836213,-0.42955613198523324,1.0
20,703,133.1190157949303,-4.7044763961055285,128.1190157949303,-9.704476396105528,138.1190157949303,0.2955236038944715,1.0
20,704,133.30642482289184,-4.015199384293714,128.30642482289184,-9.015199384293714,138.30642482289184,0.9848006157062859,1.0
20,705,133.35936243111888,-3.4968786280609443,128.35936243111888,-8.496878628060944,138.35936243111888,1.5031213719390557,1.0
20,706,133.35206264650412,-2.5617599848315695,128.35206264650412,-7.5617599848315695,138.35206264650412,2.4382400151684305,1.0
20,707,134.3525482930471,-2.5406295384756117,129.3525482930471,-7.540629538475612,139.3525482930471,2.4593704615243883,1.0
20,708,136.29482352505622,-2.212398503963483,131.29482352505622,-7.212398503963483,141.29482352505622,2.787601496036517,1.0
20,709,136.08175966256655,-2.0489542988376055,131.08175966256655,-7.0489542988376055,141.08175966256655,2.9510457011623945,1.0
20,710,134.71874060223192,-2.0172453035707605,129.71874060223192,-7.0172453035707605,139.71874060223192,2.9827546964292395,1.0
20,711,134.05312670195718,-1.3388385268868177,129.05312670195718,-6.338838526886818,139.05312670195718,3.6611614731131823,1.0
20,712,134.17687734325204,-1.4469373749501724,129.17687734325204,-6.446937374950172,139.17687734325204,3.5530626250498276,1.0
20,713,133.8992507557827,-2.1862121551086826,128.8992507557827,-7.186212155108683,138.8992507557827,2.8137878448913174,1.0
20,714,132.23137784748602,-1.9411199516491209,127.23137784748602,-6.941119951649121,137.23137784748602,3.058880048350879,1.0
20,715,132.14402700940963,-0.8959571070144392,127.14402700940963,-5.895957107014439,137.14402700940963,4.104042892985561,1.0
20,716,131.9430005608623,-0.5424163495188434,126.94300056086229,-5.542416349518843,136.9430005608623,4.457583650481157,1.0
20,717,131.66264073948605,0.7480665888692233,126.66264073948605,-4.251933411130777,136.66264073948605,5.748066588869223,1.0
20,718,130.88772425849055,1.1289651641893972,125.88772425849055,-3.871034835810603,135.88772425849055,6.128965164189397,1.0
20,719,131.6573675271527,0.24304184669997753,126.6573675271527,-4.7569581533000225,136.6573675271527,5.2430418466999775,1.0
20,720,132.7101388335924,-0.7842857808429855,127.7101388335924,-5.7842857808429855,137.7101388335924,4.2157142191570145,1.0
20,721,133.72916378543493,-2.0591701685388593,128.72916378543493,-7.059170168538859,138.72916378543493,2.9408298314611407,1.0
20,722,134.1564988314418,-3.3974899771779903,129.1564988314418,-8.39748997717799,139.1564988314418,1.6025100228220097,1.0
20,723,134.25401607599292,-5.3555595408864125,129.25401607599292,-10.355559540886413,139.25401607599292,-0.3555595408864125,1.0
20,724,134.89507459641368,-6.9670187108956085,129.89507459641368,-11.967018710895609,139.89507459641368,-1.9670187108956085,1.0
20,725,134.6865288891844,-7.938527881057265,129.6865288891844,-12.938527881057265,139.6865288891844,-2.938527881057265,1.0
20,726,135.12104505211167,-8.64884520423291,130.12104505211167,-13.64884520423291,140.12104505211167,-3.6488452042329094,1.0
20,727,136.3886581080331,-9.087943248067404,131.3886581080331,-14.087943248067404,141.3886581080331,-4.087943248067404,1.0
20,728,137.26214828190294,-9.408126491990245,132.26214828190294,-14.408126491990245,142.26214828190294,-4.408126491990245,1.0
20,729,137.42721383348345,-9.567077026137547,132.42721383348345,-14.567077026137547,142.42721383348345,-4.567077026137547,1.0
20,730,136.38468870836903,-10.0385916012198,131.38468870836903,-15.0385916012198,141.38468870836903,-5.0385916012197995,1.0
20,731,134.6790429769983,-10.369329002100628,129.6790429769983,-15.369329002100628,139.6790429769983,-5.369329002100628,1.0
20,732,133.38128042196595,-11.33728439514816,128.38128042196595,-16.33728439514816,138.38128042196595,-6.33728439514816,1.0
20,733,132.12065878530848,-11.97684835933881,127.12065878530848,-16.97684835933881,137.12065878530848,-6.97684835933881,1.0
20,734,131.71490979232567,-13.118009932133784,126.71490979232567,-18.118009932133784,136.71490979232567,-8.118009932133784,1.0
20,735,129.89155890457704,-12.377804207728555,124.89155890457704,-17.377804207728555,134.89155890457704,-7.3778042077285555,1.0
20,736,129.06666091559978,-11.88765342320659,124.06666091559978,-16.88765342320659,134.06666091559978,-6.88765342320659,1.0
20,737,128.53947012139508,-10.994531730311383,123.53947012139508,-15.994531730311383,133.53947012139508,-5.994531730311383,1.0
20,738,128.90921732581978,-10.81425244841994,123.90921732581978,-15.81425244841994,133.90921732581978,-5.814252448419939,1.0
21,726,8.5,403.5,3.5,398.5,13.5,408.5,1.0
21,727,7.9198900162373915,403.0983061997988,2.9198900162373915,398.0983061997988,12.919890016237392,408.0983061997988,1.0
21,728,7.782947003274804,403.80641396429365,2.7829470032748036,398.80641396429365,12.782947003274803,408.80641396429365,1.0
21,729,7.242036684549149,404.4852002280348,2.2420366845491486,399.4852002280348,12.242036684549149,409.4852002280348,1.0
21,730,7.975047376787443,404.86178201931915,2.975047376787443,399.86178201931915,12.975047376787444,409.86178201931915,1.0
21,731,9.770530074170725,404.42211715918495,4.7705300741707255,399.42211715918495,14.770530074170725,409.42211715918495,1.0
21,732,10.417123557268985,403.96272818179233,5.417123557268985,398.96272818179233,15.417123557268985,408.96272818179233,1.0
21,733,10.145183931977918,403.8671374835725,5.145183931977918,398.8671374835725,15.145183931977918,408.8671374835725,1.0
21,734,9.91456814105776,404.4453615090475,4.91456814105776,399.4453615090475,14.91456814105776,409.4453615090475,1.0
21,735,9.79168998479751,403.6102796850192,4.791689984797509,398.6102796850192,14.79168998479751,408.6102796850192,1.0
21,736,9.122493887847664,402.22593103669755,4.122493887847664,397.22593103669755,14.122493887847664,407.22593103669755,1.0
21,737,8.084128063170567,401.5842355602509,3.084128063170567,396.5842355602509,13.084128063170567,406.5842355602509,1.0
21,738,7.745052327883298,401.88454357690176,2.7450523278832977,396.88454357690176,12.745052327883297,406.88454357690176,1.0
22,736,478.5,471.5,473.5,466.5,483.5,476.5,1.0
22,737,479.2856750495397,472.10393031935837,474.2856750495397,467.10393031935837,484.2856750495397,477.10393031935837,1.0
22,738,480.44657713033615,471.88247042744956,475.44657713033615,466.88247042744956,485.44657713033615,476.88247042744956,1.0
23,739,293.5,19.5,288.5,14.5,298.5,24.5,1.0
23,740,293.4806789965814,20.054934578472317,288.4806789965814,15.054934578472317,298.4806789965814,25.054934578472317,1.0
23,741,294.40383975032864,20.54237333121302,289.40383975032864,15.542373331213021,299.40383975032864,25.54237333121302,1.0
23,742,295.4000897647367,19.96832938913939,290.4000897647367,14.968329389139392,300.4000897647367,24.96832938913939,1.0
23,743,295.7771556563753,19.86043162079938,290.7771556563753,14.860431620799378,300.7771556563753,24.86043162079938,1.0
23,744,297.306067422578,19.646846868059438,292.306067422578,14.646846868059438,302.306067422578,24.646846868059438,1.0
23,745,298.652411319997,19.838934190927137,293.652411319997,14.838934190927137,303.652411319997,24.838934190927137,1.0
23,746,300.103987926978,20.94844408788793,295.103987926978,15.948444087887928,305.103987926978,25.94844408788793,1.0
23,747,300.7552712860592,21.964238613736843,295.7552712860592,16.964238613736843,305.7552712860592,26.964238613736843,1.0
23,748,301.0579744511875,22.973320216472803,296.0579744511875,17.973320216472803,306.0579744511875,27.973320216472803,1.0
23,749,300.99766399819197,23.201167374729074,295.99766399819197,18.201167374729074,305.99766399819197,28.201167374729074,1.0
23,750,300.87664559715387,23.268852072257594,295.87664559715387,18.268852072257594,305.87664559715387,28.268852072257594,1.0
23,751,301.4950310947054,22.53585137164858,296.4950310947054,17.53585137164858,306.4950310947054,27.53585137164858,1.0
23,752,301.5930362943779,22.0406848608633,296.5930362943779,17.0406848608633,306.5930362943779,27.0406848608633,1.0
23,753,301.7475643408159,22.48908700081601,296.7475643408159,17.48908700081601,306.7475643408159,27.48908700081601,1.0
23,754,300.3551692801026,22.511221475452526,295.3551692801026,17.511221475452526,305.3551692801026,27.511221475452526,1.0
23,755,299.4380862495123,22.727109944376032,294.4380862495123,17.727109944376032,304.4380862495123,27.727109944376032,1.0
23,756,298.390953506414,22.560714734513006,293.390953506414,17.560714734513006,303.390953506414,27.560714734513006,1.0
23,757,297.06304329079103,23.06729969303931,292.06304329079103,18.06729969303931,302.06304329079103,28.06729969303931,1.0
23,758,296.19795613301403,23.66621911521854,291.19795613301403,18.66621911521854,301.19795613301403,28.66621911521854,1.0
23,759,296.2435366662298,23.685868279185122,291.2435366662298,18.685868279185122,301.2435366662298,28.685868279185122,1.0
23,760,296.3569502283583,22.987601071917556,291.3569502283583,17.987601071917556,301.3569502283583,27.987601071917556,1.0
23,761,295.6181256803212,22.788945224081445,290.6181256803212,17.788945224081445,300.6181256803212,27.788945224081445,1.0
23,762,295.5383393255088,22.341837376198942,290.5383393255088,17.341837376198942,300.5383393255088,27.341837376198942,1.0
23,763,295.7201732870419,22.172494179098724,290.7201732870419,17.172494179098724,300.7201732870419,27.172494179098724,1.0
23,764,295.17664218804117,22.580554085939873,290.17664218804117,17.580554085939873,300.17664218804117,27.580554085939873,1.0
23,765,294.24829494525005,23.135390751063444,289.24829494525005,18.135390751063444,299.24829494525005,28.135390751063444,1.0
23,766,294.0615157731563,24.58126667770839,289.0615157731563,19.58126667770839,299.0615157731563,29.58126667770839,1.0
23,767,293.72399273778603,25.806452433888946,288.72399273778603,20.806452433888946,298.72399273778603,30.806452433888946,1.0
23,768,294.03593931396694,26.022998612756435,289.03593931396694,21.022998612756435,299.03593931396694,31.022998612756435,1.0
23,769,293.3166293972076,25.72750880424125,288.3166293972076,20.72750880424125,298.3166293972076,30.72750880424125,1.0
23,770,293.0970484217732,25.624868483930417,288.0970484217732,20.624868483930417,298.0970484217732,30.624868483930417,1.0
23,771,292.51573584168744,25.974130719548576,287.51573584168744,20.974130719548576,297.51573584168744,30.974130719548576,1.0
23,772,291.1220256678871,26.083104825455663,286.1220256678871,21.083104825455663,296.1220256678871,31.083104825455663,1.0
23,773,289.7708990137235,25.623979190100215,284.7708990137235,20.623979190100215,294.7708990137235,30.623979190100215,1.0
23,774,288.6840242046525,25.462618968980912,283.6840242046525,20.462618968980912,293.6840242046525,30.462618968980912,1.0
23,775,288.4633401731355,25.062333885516043,283.4633401731355,20.062333885516043,293.4633401731355,30.062333885516043,1.0
23,776,289.07178327375607,25.508630641863274,284.07178327375607,20.508630641863274,294.07178327375607,30.508630641863274,1.0
23,777,290.9641268634762,24.81800300033228,285.9641268634762,19.81800300033228,295.9641268634762,29.81800300033228,1.0
23,778,292.0887819022414,24.360287295482046,287.0887819022414,19.360287295482046,297.0887819022414,29.360287295482046,1.0
23,779,292.8801334905125,24.06267872505382,287.8801334905125,19.06267872505382,297.8801334905125,29.06267872505382,1.0
23,780,293.10136818489934,24.606435273320415,288.10136818489934,19.606435273320415,298.10136818489934,29.606435273320415,1.0
23,781,292.12902222544705,25.021429647177264,287.12902222544705,20.021429647177264,297.12902222544705,30.021429647177264,1.0
23,782,290.14491082641274,25.6306902197379,285.14491082641274,20.6306902197379,295.14491082641274,30.6306902197379,1.0
23,783,289.14160347089853,26.09692506637939,284.14160347089853,21.09692506637939,294.14160347089853,31.09692506637939,1.0
23,784,288.8143279678049,26.808272400119414,283.8143279678049,21.808272400119414,293.8143279678049,31.808272400119414,1.0
23,785,288.0878121924814,27.033768448765123,283.0878121924814,22.033768448765123,293.0878121924814,32.03376844876512,1.0
23,786,287.5035196417435,26.7321258505404,282.5035196417435,21.7321258505404,292.5035196417435,31.7321258505404,1.0
23,787,286.65561678501984,26.661904717817542,281.65561678501984,21.661904717817542,291.65561678501984,31.661904717817542,1.0
23,788,286.8609229241003,26.75971029194722,281.8609229241003,21.75971029194722,291.8609229241003,31.75971029194722,1.0
23,789,286.8072019332066,26.835246464167263,281.8072019332066,21.835246464167263,291.8072019332066,31.835246464167263,1.0
24,739,610.5,353.0,605.5,348.0,615.5,358.0,1.0
24,740,609.7410412716268,353.2684190210039,604.7410412716268,348.2684190210039,614.7410412716268,358.2684190210039,1.0
24,741,610.0170190162652,353.0889214285091,605.0170190162652,348.0889214285091,615.0170190162652,358.0889214285091,1.0
24,742,609.4138008387366,352.3285864292657,604.4138008387366,347.3285864292657,614.4138008387366,357.3285864292657,1.0
24,743,608.4691071085371,352.36657229780474,603.4691071085371,347.36657229780474,613.4691071085371,357.36657229780474,1.0
24,744,607.807430599186,352.15186915201934,602.807430599186,347.15186915201934,612.807430599186,357.15186915201934,1.0
24,745,607.7432339136373,351.18893956134053,602.7432339136373,346.18893956134053,612.7432339136373,356.18893956134053,1.0
24,746,608.1062831868097,351.03935771056223,603.1062831868097,346.03935771056223,613.1062831868097,356.03935771056223,1.0
24,747,607.9508960689108,351.7539534353873,602.9508960689108,346.7539534353873,612.9508960689108,356.7539534353873,1.0
24,748,607.0859354015549,351.9721897471199,602.0859354015549,346.9721897471199,612.0859354015549,356.9721897471199,1.0
24,749,607.1289692512818,351.2564437108348,602.1289692512818,346.2564437108348,612.1289692512818,356.2564437108348,1.0
24,750,607.1631927776626,351.03195550411226,602.1631927776626,346.03195550411226,612.1631927776626,356.03195550411226,1.0
24,751,606.954453297524,351.56313632707486,601.954453297524,346.56313632707486,611.954453297524,356.56313632707486,1.0
24,752,605.6125705265681,352.03582153959667,600.6125705265681,347.03582153959667,610.6125705265681,357.03582153959667,1.0
24,753,604.054446511365,353.8330761933873,599.054446511365,348.8330761933873,609.054446511365,358.8330761933873,1.0
24,754,602.5105179304863,355.2265900883774,597.5105179304863,350.2265900883774,607.5105179304863,360.2265900883774,1.0
24,755,601.6034913857521,355.8287787955993,596.6034913857521,350.8287787955993,606.6034913857521,360.8287787955993,1.0
24,756,600.7096746967231,356.182556212951,595.7096746967231,351.182556212951,605.7096746967231,361.182556212951,1.0
24,757,600.5056498172437,356.4803169908827,595.5056498172437,351.4803169908827,605.5056498172437,361.4803169908827,1.0
24,758,599.7711163260263,357.1972324679549,594.7711163260263,352.1972324679549,604.7711163260263,362.1972324679549,1.0
24,759,599.731923384507,357.9871989609946,594.731923384507,352.9871989609946,604.731923384507,362.9871989609946,1.0
24,760,601.0169203360009,358.25818248923383,596.0169203360009,353.25818248923383,606.0169203360009,363.25818248923383,1.0
24,761,602.2789901978375,359.73474107542336,597.2789901978375,354.73474107542336,607.2789901978375,364.73474107542336,1.0
24,762,604.5483333419262,360.4112935743258,599.5483333419262,355.4112935743258,609.5483333419262,365.4112935743258,1.0
24,763,606.1590420074136,361.5835110226874,601.1590420074136,356.5835110226874,611.1590420074136,366.5835110226874,1.0
24,764,607.7535265884173,362.7188332383788,602.7535265884173,357.7188332383788,612.7535265884173,367.7188332383788,1.0
24,765,608.8024581285713,363.0446739003444,603.8024581285713,358.0446739003444,613.8024581285713,368.0446739003444,1.0
24,766,609.8106604511977,363.29892149817425,604.8106604511977,358.29892149817425,614.8106604511977,368.29892149817425,1.0
24,767,610.3524739538252,363.5538360236859,605.3524739538252,358.5538360236859,615.3524739538252,368.5538360236859,1.0
24,768,610.5864733768499,363.28132445855954,605.5864733768499,358.28132445855954,615.5864733768499,368.28132445855954,1.0
24,769,610.1029633145961,361.541376489286,605.1029633145961,356.541376489286,615.1029633145961,366.541376489286,1.0
24,770,610.1962579048085,360.48688577816176,605.1962579048085,355.48688577816176,615.1962579048085,365.48688577816176,1.0
24,771,609.1291953653902,359.70916403441646,604.1291953653902,354.70916403441646,614.1291953653902,364.70916403441646,1.0
24,772,608.0225024937478,358.80351699712617,603.0225024937478,353.80351699712617,613.0225024937478,363.80351699712617,1.0
24,773,608.4437799524496,358.65075178582424,603.4437799524496,353.65075178582424,613.4437799524496,363.65075178582424,1.0
24,774,607.7244885166851,357.90324399024865,602.7244885166851,352.90324399024865,612.7244885166851,362.90324399024865,1.0
24,775,607.6550280004113,358.1947355317412,602.6550280004113,353.1947355317412,612.6550280004113,363.1947355317412,1.0
24,776,607.8230396475403,359.05641485926276,602.8230396475403,354.05641485926276,612.8230396475403,364.05641485926276,1.0
24,777,608.4465933652154,360.12228171432906,603.4465933652154,355.12228171432906,613.4465933652154,365.12228171432906,1.0
24,778,607.5531563378827,361.43700029270127,602.5531563378827,356.43700029270127,612.5531563378827,366.43700029270127,1.0
24,779,605.722334149394,362.1921635760672,600.722334149394,357.1921635760672,610.722334149394,367.1921635760672,1.0
24,780,603.7435112951379,362.8357891423408,598.7435112951379,357.8357891423408,608.7435112951379,367.8357891423408,1.0
24,781,601.9241866804571,363.1020483418784,596.9241866804571,358.1020483418784,606.9241866804571,368.1020483418784,1.0
24,782,601.1408733299088,363.6658617461919,596.1408733299088,358.6658617461919,606.1408733299088,368.6658617461919,1.0
24,783,600.6386681682766,364.01114327760155,595.6386681682766,359.01114327760155,605.6386681682766,369.01114327760155,1.0
24,784,601.2954556867031,363.98154315681194,596.2954556867031,358.98154315681194,606.2954556867031,368.98154315681194,1.0
24,785,602.7144463802845,364.2001778998154,597.7144463802845,359.2001778998154,607.7144463802845,369.2001778998154,1.0
24,786,603.5806820263639,363.99367976033034,598.5806820263639,358.99367976033034,608.5806820263639,368.99367976033034,1.0
24,787,604.396489521393,363.79342237055755,599.396489521393,358.79342237055755,609.396489521393,368.79342237055755,1.0
24,788,605.5547813257639,364.54532185039875,600.5547813257639,359.54532185039875,610.5547813257639,369.54532185039875,1.0
24,789,604.8657931620999,364.77296370392105,599.8657931620999,359.77296370392105,609.8657931620999,369.77296370392105,1.0
24,790,604.4898093156133,365.18396515609027,599.4898093156133,360.18396515609027,609.4898093156133,370.18396515609027,1.0
24,791,604.2887667633352,364.9300683956055,599.2887667633352,359.9300683956055,609.2887667633352,369.9300683956055,1.0
24,792,605.2383313631133,364.7036999173745,600.2383313631133,359.7036999173745,610.2383313631133,369.7036999173745,1.0
24,793,606.0815858383378,364.8613199597009,601.0815858383378,359.8613199597009,611.0815858383378,369.8613199597009,1.0
24,794,605.9809042127289,363.5651153544425,600.9809042127289,358.5651153544425,610.9809042127289,368.5651153544425,1.0
24,795,605.6927442862391,362.56710521701433,600.6927442862391,357.56710521701433,610.6927442862391,367.56710521701433,1.0
24,796,605.348649180511,361.5946526514801,600.348649180511,356.5946526514801,610.348649180511,366.5946526514801,1.0
24,797,604.6372089804894,362.53935984031375,599.6372089804894,357.53935984031375,609.6372089804894,367.53935984031375,1.0
24,798,603.528003020905,363.56165917995435,598.528003020905,358.56165917995435,608.528003020905,368.56165917995435,1.0
24,799,603.0843037117273,365.2959741126944,598.0843037117273,360.2959741126944,608.0843037117273,370.2959741126944,1.0
24,800,602.4283563039503,366.53519810103955,597.4283563039503,361.53519810103955,607.4283563039503,371.53519810103955,1.0
24,801,601.5984093685029,366.5862230858583,596.5984093685029,361.5862230858583,606.5984093685029,371.5862230858583,1.0
24,802,600.8110917506727,365.6302909312504,595.8110917506727,360.6302909312504,605.8110917506727,370.6302909312504,1.0
24,803,601.582238229671,364.420001227915,596.582238229671,359.420001227915,606.582238229671,369.420001227915,1.0
24,804,602.0150806381512,364.17327837953434,597.0150806381512,359.17327837953434,607.0150806381512,369.17327837953434,1.0
24,805,601.9352023437672,365.03217284959516,596.9352023437672,360.03217284959516,606.9352023437672,370.03217284959516,1.0
24,806,601.4561717859738,365.87410038008113,596.4561717859738,360.87410038008113,606.4561717859738,370.87410038008113,1.0
24,807,599.9494360997036,366.8923701082439,594.9494360997036,361.8923701082439,604.9494360997036,371.8923701082439,1.0
24,808,600.1980615646116,367.84890010862927,595.1980615646116,362.84890010862927,605.1980615646116,372.84890010862927,1.0
24,809,600.5630247143584,368.4530399512901,595.5630247143584,363.4530399512901,605.5630247143584,373.4530399512901,1.0
24,810,601.3945241488306,369.189850354873,596.3945241488306,364.189850354873,606.3945241488306,374.189850354873,1.0
24,811,602.1462216451445,368.4430886032543,597.1462216451445,363.4430886032543,607.1462216451445,373.4430886032543,1.0
24,812,602.5277464252789,368.0257091077442,597.5277464252789,363.0257091077442,607.5277464252789,373.0257091077442,1.0
24,813,604.160395253275,368.51288185369117,599.160395253275,363.51288185369117,609.160395253275,373.51288185369117,1.0
24,814,605.1915746833312,369.11361002832024,600.1915746833312,364.11361002832024,610.1915746833312,374.11361002832024,1.0
24,815,606.2292948484534,369.7178998076358,601.2292948484534,364.7178998076358,611.2292948484534,374.7178998076358,1.0
24,816,606.5159026508973,369.67671191687754,601.5159026508973,364.67671191687754,611.5159026508973,374.67671191687754,1.0
24,817,606.8871545697725,369.6977511477072,601.8871545697725,364.6977511477072,611.8871545697725,374.6977511477072,1.0
24,818,607.4880119149794,369.4671017972263,602.4880119149794,364.4671017972263,612.4880119149794,374.4671017972263,1.0
24,819,607.526346369733,368.6980862258693,602.526346369733,363.6980862258693,612.526346369733,373.6980862258693,1.0
24,820,608.6252682075078,368.666671193554,603.6252682075078,363.666671193554,613.6252682075078,373.666671193554,1.0
24,821,609.5535440361176,368.3955071018249,604.5535440361176,363.3955071018249,614.5535440361176,373.3955071018249,1.0
24,822,609.4525051499764,368.5758164056582,604.4525051499764,363.5758164056582,614.4525051499764,373.5758164056582,1.0
24,823,609.2102904907299,368.11058624049895,604.2102904907299,363.11058624049895,614.2102904907299,373.11058624049895,1.0
