track_id,frame,cx,cy,x1,y1,x2,y2,conf
1,0,276.0,325.5,266.0,317.0,286.0,334.0,1.0
1,1,276.0093457943925,325.49532710280374,266.0140186915888,316.99532710280374,286.00467289719626,333.99532710280374,1.0
1,2,276.01869158878503,325.4906542056075,266.02803738317755,316.9906542056075,286.0093457943925,333.9906542056075,1.0
1,3,276.02803738317755,325.4859813084112,266.0420560747664,316.9859813084112,286.0140186915887,333.9859813084112,1.0
1,4,276.03738317757006,325.48130841121497,266.0560747663551,316.98130841121497,286.01869158878503,333.98130841121497,1.0
1,5,276.0467289719626,325.4766355140187,266.0700934579439,316.9766355140187,286.02336448598123,333.9766355140187,1.0
1,6,276.0560747663551,325.47196261682245,266.08411214953264,316.97196261682245,286.02803738317755,333.97196261682245,1.0
1,7,276.0654205607476,325.4672897196262,266.0981308411215,316.9672897196262,286.03271028037375,333.9672897196262,1.0
1,8,276.07476635514024,325.4626168224299,266.1121495327103,316.9626168224299,286.0373831775702,333.9626168224299,1.0
1,9,276.08411214953276,325.4579439252336,266.12616822429914,316.9579439252336,286.0420560747664,333.9579439252336,1.0
1,10,276.0934579439253,325.45327102803736,266.14018691588785,316.95327102803736,286.0467289719627,333.95327102803736,1.0
1,11,276.1028037383178,325.4485981308411,266.1542056074767,316.9485981308411,286.0514018691589,333.9485981308411,1.0
1,12,276.1121495327103,325.44392523364485,266.1682242990654,316.94392523364485,286.0560747663552,333.94392523364485,1.0
1,13,276.1214953271028,325.4392523364486,266.18224299065423,316.9392523364486,286.0607476635514,333.9392523364486,1.0
1,14,276.13084112149534,325.43457943925233,266.196261682243,316.93457943925233,286.06542056074767,333.93457943925233,1.0
1,15,276.14018691588785,325.4299065420561,266.2102803738318,316.9299065420561,286.0700934579439,333.9299065420561,1.0
1,16,276.14953271028037,325.4252336448598,266.22429906542055,316.9252336448598,286.0747663551402,333.9252336448598,1.0
1,17,276.1588785046729,325.42056074766356,266.2383177570093,316.92056074766356,286.07943925233644,333.92056074766356,1.0
1,18,276.1682242990654,325.4158878504673,266.25233644859816,316.9158878504673,286.08411214953264,333.9158878504673,1.0
1,19,276.1775700934579,325.41121495327104,266.2663551401869,316.91121495327104,286.08878504672896,333.91121495327104,1.0
1,20,276.18691588785043,325.4065420560748,266.2803738317757,316.9065420560748,286.09345794392516,333.9065420560748,1.0
1,21,276.19626168224295,325.4018691588785,266.2943925233644,316.9018691588785,286.0981308411215,333.9018691588785,1.0
1,22,276.20560747663546,325.39719626168227,266.30841121495325,316.89719626168227,286.1028037383177,333.89719626168227,1.0
1,23,276.2149532710281,325.39252336448595,266.3224299065421,316.89252336448595,286.1074766355141,333.89252336448595,1.0
1,24,276.2242990654206,325.3878504672897,266.3364485981309,316.8878504672897,286.1121495327103,333.8878504672897,1.0
1,25,276.2336448598131,325.38317757009344,266.35046728971963,316.88317757009344,286.1168224299066,333.88317757009344,1.0
1,26,276.24299065420564,325.3785046728972,266.36448598130846,316.8785046728972,286.1214953271028,333.8785046728972,1.0
1,27,276.25233644859816,325.3738317757009,266.3785046728972,316.8738317757009,286.12616822429914,333.8738317757009,1.0
1,28,276.2616822429907,325.36915887850466,266.392523364486,316.86915887850466,286.13084112149534,333.86915887850466,1.0
1,29,276.2710280373832,325.3644859813084,266.4065420560748,316.8644859813084,286.1355140186916,333.8644859813084,1.0
1,30,276.2803738317757,325.35981308411215,266.42056074766356,316.85981308411215,286.14018691588785,333.85981308411215,1.0
1,31,276.2897196261682,325.3551401869159,266.43457943925233,316.8551401869159,286.1448598130841,333.8551401869159,1.0
1,32,276.29906542056074,325.35046728971963,266.4485981308411,316.85046728971963,286.14953271028037,333.85046728971963,1.0
1,33,276.30841121495325,325.3457943925234,266.4626168224299,316.8457943925234,286.1542056074766,333.8457943925234,1.0
1,34,276.31775700934577,325.3411214953271,266.47663551401865,316.8411214953271,286.1588785046729,333.8411214953271,1.0
1,35,276.3271028037383,325.33644859813086,266.4906542056075,316.83644859813086,286.1635514018691,333.83644859813086,1.0
1,36,276.3364485981308,325.3317757009346,266.5046728971962,316.8317757009346,286.1682242990654,333.8317757009346,1.0
1,37,276.3457943925233,325.32710280373834,266.51869158878503,316.82710280373834,286.1728971962616,333.82710280373834,1.0
1,38,276.35514018691583,325.3224299065421,266.53271028037375,316.8224299065421,286.1775700934579,333.8224299065421,1.0
1,39,276.36448598130846,325.31775700934577,266.5467289719627,316.81775700934577,286.18224299065423,333.81775700934577,1.0
1,40,276.373831775701,325.3130841121495,266.5607476635514,316.8130841121495,286.18691588785055,333.8130841121495,1.0
1,41,276.3831775700935,325.30841121495325,266.57476635514024,316.80841121495325,286.19158878504675,333.80841121495325,1.0
1,42,276.392523364486,325.303738317757,266.58878504672896,316.803738317757,286.19626168224306,333.803738317757,1.0
1,43,276.4018691588785,325.29906542056074,266.6028037383178,316.79906542056074,286.20093457943926,333.79906542056074,1.0
1,44,276.41121495327104,325.2943925233645,266.61682242990656,316.7943925233645,286.2056074766355,333.7943925233645,1.0
1,45,276.42056074766356,325.2897196261682,266.63084112149534,316.7897196261682,286.2102803738318,333.7897196261682,1.0
1,46,276.4299065420561,325.28504672897196,266.6448598130841,316.78504672897196,286.21495327102804,333.78504672897196,1.0
1,47,276.4392523364486,325.2803738317757,266.6588785046729,316.7803738317757,286.2196261682243,333.7803738317757,1.0
1,48,276.4485981308411,325.27570093457945,266.67289719626166,316.77570093457945,286.22429906542055,333.77570093457945,1.0
1,49,276.4579439252336,325.2710280373832,266.68691588785043,316.7710280373832,286.2289719626168,333.7710280373832,1.0
1,50,276.46728971962614,325.26635514018693,266.70093457943926,316.76635514018693,286.233644859813,333.76635514018693,1.0
1,51,276.47663551401865,325.2616822429907,266.714953271028,316.7616822429907,286.2383177570093,333.7616822429907,1.0
1,52,276.48598130841117,325.2570093457944,266.7289719626168,316.7570093457944,286.2429906542055,333.7570093457944,1.0
1,53,276.4953271028037,325.25233644859816,266.7429906542055,316.75233644859816,286.24766355140184,333.75233644859816,1.0
1,54,276.5046728971963,325.24766355140184,266.7570093457945,316.74766355140184,286.25233644859816,333.74766355140184,1.0
1,55,276.51401869158883,325.2429906542056,266.7710280373832,316.7429906542056,286.2570093457945,333.7429906542056,1.0
1,56,276.52336448598135,325.2383177570093,266.785046728972,316.7383177570093,286.2616822429907,333.7383177570093,1.0
1,57,276.53271028037386,325.23364485981307,266.79906542056074,316.73364485981307,286.266355140187,333.73364485981307,1.0
1,58,276.5420560747664,325.2289719626168,266.81308411214957,316.7289719626168,286.2710280373832,333.7289719626168,1.0
1,59,276.5514018691589,325.22429906542055,266.82710280373834,316.72429906542055,286.27570093457945,333.72429906542055,1.0
1,60,276.5607476635514,325.2196261682243,266.8411214953271,316.7196261682243,286.2803738317757,333.7196261682243,1.0
1,61,276.5700934579439,325.21495327102804,266.8551401869159,316.71495327102804,286.28504672897196,333.71495327102804,1.0
1,62,276.57943925233644,325.2102803738318,266.86915887850466,316.7102803738318,286.2897196261682,333.7102803738318,1.0
1,63,276.58878504672896,325.2056074766355,266.88317757009344,316.7056074766355,286.2943925233645,333.7056074766355,1.0
1,64,276.5981308411215,325.20093457943926,266.8971962616822,316.70093457943926,286.29906542056074,333.70093457943926,1.0
1,65,276.607476635514,325.196261682243,266.91121495327104,316.696261682243,286.30373831775694,333.696261682243,1.0
1,66,276.6168224299065,325.19158878504675,266.92523364485976,316.69158878504675,286.30841121495325,333.69158878504675,1.0
1,67,276.626168224299,325.1869158878505,266.9392523364486,316.6869158878505,286.31308411214945,333.6869158878505,1.0
1,68,276.63551401869154,325.18224299065423,266.9532710280373,316.68224299065423,286.31775700934577,333.68224299065423,1.0
1,69,276.64485981308417,325.1775700934579,266.96728971962625,316.6775700934579,286.3224299065421,333.6775700934579,1.0
1,70,276.6542056074767,325.17289719626166,266.98130841121497,316.67289719626166,286.3271028037384,333.67289719626166,1.0
1,71,276.6635514018692,325.1682242990654,266.9953271028038,316.6682242990654,286.3317757009346,333.6682242990654,1.0
1,72,276.6728971962617,325.16355140186914,267.0093457943925,316.66355140186914,286.3364485981309,333.66355140186914,1.0
1,73,276.68224299065423,325.1588785046729,267.02336448598135,316.6588785046729,286.3411214953271,333.6588785046729,1.0
1,74,276.69158878504675,325.1542056074766,267.0373831775701,316.6542056074766,286.3457943925234,333.6542056074766,1.0
1,75,276.70093457943926,325.14953271028037,267.0514018691589,316.64953271028037,286.35046728971963,333.64953271028037,1.0
1,76,276.7102803738318,325.1448598130841,267.06542056074767,316.6448598130841,286.3551401869159,333.6448598130841,1.0
1,77,276.7196261682243,325.14018691588785,267.07943925233644,316.64018691588785,286.35981308411215,333.64018691588785,1.0
1,78,276.7289719626168,325.1355140186916,267.0934579439252,316.6355140186916,286.3644859813084,333.6355140186916,1.0
1,79,276.7383177570093,325.13084112149534,267.107476635514,316.63084112149534,286.36915887850466,333.63084112149534,1.0
1,80,276.74766355140184,325.1261682242991,267.1214953271028,316.6261682242991,286.37383177570086,333.6261682242991,1.0
1,81,276.75700934579436,325.1214953271028,267.13551401869154,316.6214953271028,286.3785046728972,333.6214953271028,1.0
1,82,276.7663551401869,325.11682242990656,267.14953271028037,316.61682242990656,286.3831775700934,333.61682242990656,1.0
1,83,276.7757009345794,325.1121495327103,267.1635514018691,316.6121495327103,286.3878504672897,333.6121495327103,1.0
1,84,276.7850467289719,325.10747663551405,267.1775700934579,316.60747663551405,286.3925233644859,333.60747663551405,1.0
1,85,276.79439252336454,325.10280373831773,267.19158878504675,316.60280373831773,286.3971962616823,333.60280373831773,1.0
1,86,276.80373831775705,325.0981308411215,267.2056074766356,316.5981308411215,286.4018691588785,333.5981308411215,1.0
1,87,276.81308411214957,325.0934579439252,267.2196261682243,316.5934579439252,286.40654205607484,333.5934579439252,1.0
1,88,276.8224299065421,325.08878504672896,267.2336448598131,316.58878504672896,286.41121495327104,333.58878504672896,1.0
1,89,276.8317757009346,325.0841121495327,267.24766355140184,316.5841121495327,286.41588785046736,333.5841121495327,1.0
1,90,276.8411214953271,325.07943925233644,267.2616822429907,316.57943925233644,286.42056074766356,333.57943925233644,1.0
1,91,276.85046728971963,325.0747663551402,267.27570093457945,316.5747663551402,286.4252336448598,333.5747663551402,1.0
1,92,276.85981308411215,325.0700934579439,267.2897196261682,316.5700934579439,286.4299065420561,333.5700934579439,1.0
1,93,276.86915887850466,325.06542056074767,267.303738317757,316.56542056074767,286.43457943925233,333.56542056074767,1.0
1,94,276.8785046728972,325.0607476635514,267.31775700934577,316.5607476635514,286.4392523364486,333.5607476635514,1.0
1,95,276.8878504672897,325.05607476635515,267.3317757009346,316.55607476635515,286.4439252336448,333.55607476635515,1.0
1,96,276.8971962616822,325.0514018691589,267.3457943925233,316.5514018691589,286.4485981308411,333.5514018691589,1.0
1,97,276.9065420560747,325.04672897196264,267.35981308411215,316.54672897196264,286.4532710280373,333.54672897196264,1.0
1,98,276.91588785046724,325.0420560747664,267.37383177570086,316.5420560747664,286.4579439252336,333.5420560747664,1.0
1,99,276.92523364485976,325.0373831775701,267.3878504672897,316.5373831775701,286.4626168224298,333.5373831775701,1.0
1,100,276.9345794392524,325.0327102803738,267.4018691588785,316.5327102803738,286.46728971962625,333.5327102803738,1.0
1,101,276.9439252336449,325.02803738317755,267.41588785046736,316.52803738317755,286.47196261682245,333.52803738317755,1.0
1,102,276.9532710280374,325.0233644859813,267.4299065420561,316.5233644859813,286.47663551401877,333.5233644859813,1.0
1,103,276.96261682242994,325.01869158878503,267.4439252336449,316.51869158878503,286.48130841121497,333.51869158878503,1.0
1,104,276.97196261682245,325.0140186915888,267.4579439252336,316.5140186915888,286.4859813084113,333.5140186915888,1.0
1,105,276.98130841121497,325.0093457943925,267.47196261682245,316.5093457943925,286.4906542056075,333.5093457943925,1.0
1,106,276.9906542056075,325.00467289719626,267.4859813084112,316.50467289719626,286.49532710280374,333.50467289719626,1.0
1,107,277.0,325.0,267.5,316.5,286.5,333.5,1.0
1,108,277.0093457943925,324.99532710280374,267.5140186915888,316.49532710280374,286.50467289719626,333.49532710280374,1.0
1,109,277.01869158878503,324.9906542056075,267.52803738317755,316.4906542056075,286.5093457943925,333.4906542056075,1.0
1,110,277.02803738317755,324.9859813084112,267.5420560747664,316.4859813084112,286.5140186915887,333.4859813084112,1.0
1,111,277.03738317757006,324.98130841121497,267.5560747663551,316.48130841121497,286.51869158878503,333.48130841121497,1.0
1,112,277.0467289719626,324.9766355140187,267.5700934579439,316.4766355140187,286.52336448598123,333.4766355140187,1.0
1,113,277.0560747663551,324.97196261682245,267.58411214953264,316.47196261682245,286.52803738317755,333.47196261682245,1.0
1,114,277.0654205607476,324.9672897196262,267.5981308411215,316.4672897196262,286.53271028037375,333.4672897196262,1.0
1,115,277.07476635514024,324.9626168224299,267.6121495327103,316.4626168224299,286.5373831775702,333.4626168224299,1.0
1,116,277.08411214953276,324.9579439252336,267.62616822429914,316.4579439252336,286.5420560747664,333.4579439252336,1.0
1,117,277.0934579439253,324.95327102803736,267.64018691588785,316.45327102803736,286.5467289719627,333.45327102803736,1.0
1,118,277.1028037383178,324.9485981308411,267.6542056074767,316.4485981308411,286.5514018691589,333.4485981308411,1.0
1,119,277.1121495327103,324.94392523364485,267.6682242990654,316.44392523364485,286.5560747663552,333.44392523364485,1.0
1,120,277.1214953271028,324.9392523364486,267.68224299065423,316.4392523364486,286.5607476635514,333.4392523364486,1.0
1,121,277.13084112149534,324.93457943925233,267.696261682243,316.43457943925233,286.56542056074767,333.43457943925233,1.0
1,122,277.14018691588785,324.9299065420561,267.7102803738318,316.4299065420561,286.5700934579439,333.4299065420561,1.0
1,123,277.14953271028037,324.9252336448598,267.72429906542055,316.4252336448598,286.5747663551402,333.4252336448598,1.0
1,124,277.1588785046729,324.92056074766356,267.7383177570093,316.42056074766356,286.57943925233644,333.42056074766356,1.0
1,125,277.1682242990654,324.9158878504673,267.75233644859816,316.4158878504673,286.58411214953264,333.4158878504673,1.0
1,126,277.1775700934579,324.91121495327104,267.7663551401869,316.41121495327104,286.58878504672896,333.41121495327104,1.0
1,127,277.18691588785043,324.9065420560748,267.7803738317757,316.4065420560748,286.59345794392516,333.4065420560748,1.0
1,128,277.19626168224295,324.9018691588785,267.7943925233644,316.4018691588785,286.5981308411215,333.4018691588785,1.0
1,129,277.20560747663546,324.89719626168227,267.80841121495325,316.39719626168227,286.6028037383177,333.39719626168227,1.0
1,130,277.2149532710281,324.89252336448595,267.8224299065421,316.39252336448595,286.6074766355141,333.39252336448595,1.0
1,131,277.2242990654206,324.8878504672897,267.8364485981309,316.3878504672897,286.6121495327103,333.3878504672897,1.0
1,132,277.2336448598131,324.88317757009344,267.85046728971963,316.38317757009344,286.6168224299066,333.38317757009344,1.0
1,133,277.24299065420564,324.8785046728972,267.86448598130846,316.3785046728972,286.6214953271028,333.3785046728972,1.0
1,134,277.25233644859816,324.8738317757009,267.8785046728972,316.3738317757009,286.62616822429914,333.3738317757009,1.0
1,135,277.2616822429907,324.86915887850466,267.892523364486,316.36915887850466,286.63084112149534,333.36915887850466,1.0
1,136,277.2710280373832,324.8644859813084,267.9065420560748,316.3644859813084,286.6355140186916,333.3644859813084,1.0
1,137,277.2803738317757,324.85981308411215,267.92056074766356,316.35981308411215,286.64018691588785,333.35981308411215,1.0
1,138,277.2897196261682,324.8551401869159,267.93457943925233,316.3551401869159,286.6448598130841,333.3551401869159,1.0
1,139,277.29906542056074,324.85046728971963,267.9485981308411,316.35046728971963,286.64953271028037,333.35046728971963,1.0
1,140,277.30841121495325,324.8457943925234,267.9626168224299,316.3457943925234,286.6542056074766,333.3457943925234,1.0
1,141,277.31775700934577,324.8411214953271,267.97663551401865,316.3411214953271,286.6588785046729,333.3411214953271,1.0
1,142,277.3271028037383,324.83644859813086,267.9906542056075,316.33644859813086,286.6635514018691,333.33644859813086,1.0
1,143,277.3364485981308,324.8317757009346,268.0046728971962,316.3317757009346,286.6682242990654,333.3317757009346,1.0
1,144,277.3457943925233,324.82710280373834,268.01869158878503,316.32710280373834,286.6728971962616,333.32710280373834,1.0
1,145,277.35514018691583,324.8224299065421,268.03271028037375,316.3224299065421,286.6775700934579,333.3224299065421,1.0
1,146,277.36448598130846,324.81775700934577,268.0467289719627,316.31775700934577,286.68224299065423,333.31775700934577,1.0
1,147,277.373831775701,324.8130841121495,268.0607476635514,316.3130841121495,286.68691588785055,333.3130841121495,1.0
1,148,277.3831775700935,324.80841121495325,268.07476635514024,316.30841121495325,286.69158878504675,333.30841121495325,1.0
1,149,277.392523364486,324.803738317757,268.08878504672896,316.303738317757,286.69626168224306,333.303738317757,1.0
1,150,277.4018691588785,324.79906542056074,268.1028037383178,316.29906542056074,286.70093457943926,333.29906542056074,1.0
1,151,277.41121495327104,324.7943925233645,268.11682242990656,316.2943925233645,286.7056074766355,333.2943925233645,1.0
1,152,277.42056074766356,324.7897196261682,268.13084112149534,316.2897196261682,286.7102803738318,333.2897196261682,1.0
1,153,277.4299065420561,324.78504672897196,268.1448598130841,316.28504672897196,286.71495327102804,333.28504672897196,1.0
1,154,277.4392523364486,324.7803738317757,268.1588785046729,316.2803738317757,286.7196261682243,333.2803738317757,1.0
1,155,277.4485981308411,324.77570093457945,268.17289719626166,316.27570093457945,286.72429906542055,333.27570093457945,1.0
1,156,277.4579439252336,324.7710280373832,268.18691588785043,316.2710280373832,286.7289719626168,333.2710280373832,1.0
1,157,277.46728971962614,324.76635514018693,268.20093457943926,316.26635514018693,286.733644859813,333.26635514018693,1.0
1,158,277.47663551401865,324.7616822429907,268.214953271028,316.2616822429907,286.7383177570093,333.2616822429907,1.0
1,159,277.48598130841117,324.7570093457944,268.2289719626168,316.2570093457944,286.7429906542055,333.2570093457944,1.0
1,160,277.4953271028037,324.75233644859816,268.2429906542055,316.25233644859816,286.74766355140184,333.25233644859816,1.0
1,161,277.5046728971963,324.74766355140184,268.2570093457945,316.24766355140184,286.75233644859816,333.24766355140184,1.0
1,162,277.51401869158883,324.7429906542056,268.2710280373832,316.2429906542056,286.7570093457945,333.2429906542056,1.0
1,163,277.52336448598135,324.7383177570093,268.285046728972,316.2383177570093,286.7616822429907,333.2383177570093,1.0
1,164,277.53271028037386,324.73364485981307,268.29906542056074,316.23364485981307,286.766355140187,333.23364485981307,1.0
1,165,277.5420560747664,324.7289719626168,268.31308411214957,316.2289719626168,286.7710280373832,333.2289719626168,1.0
1,166,277.5514018691589,324.72429906542055,268.32710280373834,316.22429906542055,286.77570093457945,333.22429906542055,1.0
1,167,277.5607476635514,324.7196261682243,268.3411214953271,316.2196261682243,286.7803738317757,333.2196261682243,1.0
1,168,277.5700934579439,324.71495327102804,268.3551401869159,316.21495327102804,286.78504672897196,333.21495327102804,1.0
1,169,277.57943925233644,324.7102803738318,268.36915887850466,316.2102803738318,286.7897196261682,333.2102803738318,1.0
1,170,277.58878504672896,324.7056074766355,268.38317757009344,316.2056074766355,286.7943925233645,333.2056074766355,1.0
1,171,277.5981308411215,324.70093457943926,268.3971962616822,316.20093457943926,286.79906542056074,333.20093457943926,1.0
1,172,277.607476635514,324.696261682243,268.41121495327104,316.196261682243,286.80373831775694,333.196261682243,1.0
1,173,277.6168224299065,324.69158878504675,268.42523364485976,316.19158878504675,286.80841121495325,333.19158878504675,1.0
1,174,277.626168224299,324.6869158878505,268.4392523364486,316.1869158878505,286.81308411214945,333.1869158878505,1.0
1,175,277.63551401869154,324.68224299065423,268.4532710280373,316.18224299065423,286.81775700934577,333.18224299065423,1.0
1,176,277.64485981308417,324.6775700934579,268.46728971962625,316.1775700934579,286.8224299065421,333.1775700934579,1.0
1,177,277.6542056074767,324.67289719626166,268.48130841121497,316.17289719626166,286.8271028037384,333.17289719626166,1.0
1,178,277.6635514018692,324.6682242990654,268.4953271028038,316.1682242990654,286.8317757009346,333.1682242990654,1.0
1,179,277.6728971962617,324.66355140186914,268.5093457943925,316.16355140186914,286.8364485981309,333.16355140186914,1.0
1,180,277.68224299065423,324.6588785046729,268.52336448598135,316.1588785046729,286.8411214953271,333.1588785046729,1.0
1,181,277.69158878504675,324.6542056074766,268.5373831775701,316.1542056074766,286.8457943925234,333.1542056074766,1.0
1,182,277.70093457943926,324.64953271028037,268.5514018691589,316.14953271028037,286.85046728971963,333.14953271028037,1.0
1,183,277.7102803738318,324.6448598130841,268.56542056074767,316.1448598130841,286.8551401869159,333.1448598130841,1.0
1,184,277.7196261682243,324.64018691588785,268.57943925233644,316.14018691588785,286.85981308411215,333.14018691588785,1.0
1,185,277.7289719626168,324.6355140186916,268.5934579439252,316.1355140186916,286.8644859813084,333.1355140186916,1.0
1,186,277.7383177570093,324.63084112149534,268.607476635514,316.13084112149534,286.86915887850466,333.13084112149534,1.0
1,187,277.74766355140184,324.6261682242991,268.6214953271028,316.1261682242991,286.87383177570086,333.1261682242991,1.0
1,188,277.75700934579436,324.6214953271028,268.63551401869154,316.1214953271028,286.8785046728972,333.1214953271028,1.0
1,189,277.7663551401869,324.61682242990656,268.64953271028037,316.11682242990656,286.8831775700934,333.11682242990656,1.0
1,190,277.7757009345794,324.6121495327103,268.6635514018691,316.1121495327103,286.8878504672897,333.1121495327103,1.0
1,191,277.7850467289719,324.60747663551405,268.6775700934579,316.10747663551405,286.8925233644859,333.10747663551405,1.0
1,192,277.79439252336454,324.60280373831773,268.69158878504675,316.10280373831773,286.8971962616823,333.10280373831773,1.0
1,193,277.80373831775705,324.5981308411215,268.7056074766356,316.0981308411215,286.9018691588785,333.0981308411215,1.0
1,194,277.81308411214957,324.5934579439252,268.7196261682243,316.0934579439252,286.90654205607484,333.0934579439252,1.0
1,195,277.8224299065421,324.58878504672896,268.7336448598131,316.08878504672896,286.91121495327104,333.08878504672896,1.0
1,196,277.8317757009346,324.5841121495327,268.74766355140184,316.0841121495327,286.91588785046736,333.0841121495327,1.0
1,197,277.8411214953271,324.57943925233644,268.7616822429907,316.07943925233644,286.92056074766356,333.07943925233644,1.0
1,198,277.85046728971963,324.5747663551402,268.77570093457945,316.0747663551402,286.9252336448598,333.0747663551402,1.0
1,199,277.85981308411215,324.5700934579439,268.7897196261682,316.0700934579439,286.9299065420561,333.0700934579439,1.0
1,200,277.86915887850466,324.56542056074767,268.803738317757,316.06542056074767,286.93457943925233,333.06542056074767,1.0
1,201,277.8785046728972,324.5607476635514,268.81775700934577,316.0607476635514,286.9392523364486,333.0607476635514,1.0
1,202,277.8878504672897,324.55607476635515,268.8317757009346,316.05607476635515,286.9439252336448,333.05607476635515,1.0
1,203,277.8971962616822,324.5514018691589,268.8457943925233,316.0514018691589,286.9485981308411,333.0514018691589,1.0
1,204,277.9065420560747,324.54672897196264,268.85981308411215,316.04672897196264,286.9532710280373,333.04672897196264,1.0
1,205,277.91588785046724,324.5420560747664,268.87383177570086,316.0420560747664,286.9579439252336,333.0420560747664,1.0
1,206,277.92523364485976,324.5373831775701,268.8878504672897,316.0373831775701,286.9626168224298,333.0373831775701,1.0
1,207,277.9345794392524,324.5327102803738,268.9018691588785,316.0327102803738,286.96728971962625,333.0327102803738,1.0
1,208,277.9439252336449,324.52803738317755,268.91588785046736,316.02803738317755,286.97196261682245,333.02803738317755,1.0
1,209,277.9532710280374,324.5233644859813,268.9299065420561,316.0233644859813,286.97663551401877,333.0233644859813,1.0
1,210,277.96261682242994,324.51869158878503,268.9439252336449,316.01869158878503,286.98130841121497,333.01869158878503,1.0
1,211,277.97196261682245,324.5140186915888,268.9579439252336,316.0140186915888,286.9859813084113,333.0140186915888,1.0
1,212,277.98130841121497,324.5093457943925,268.97196261682245,316.0093457943925,286.9906542056075,333.0093457943925,1.0
1,213,277.9906542056075,324.50467289719626,268.9859813084112,316.00467289719626,286.99532710280374,333.00467289719626,1.0
1,214,278.0,324.5,269.0,316.0,287.0,333.0,1.0
1,215,278.003717472119,324.496282527881,269.003717472119,315.996282527881,287.003717472119,332.996282527881,1.0
1,216,278.0074349442379,324.4925650557621,269.0074349442379,315.9925650557621,287.0074349442379,332.9925650557621,1.0
1,217,278.0111524163569,324.4888475836431,269.0111524163569,315.9888475836431,287.0111524163569,332.9888475836431,1.0
1,218,278.01486988847586,324.48513011152414,269.01486988847586,315.98513011152414,287.01486988847586,332.98513011152414,1.0
1,219,278.0185873605948,324.4814126394052,269.0185873605948,315.9814126394052,287.0185873605948,332.9814126394052,1.0
1,220,278.02230483271376,324.47769516728624,269.02230483271376,315.97769516728624,287.02230483271376,332.97769516728624,1.0
1,221,278.02602230483274,324.47397769516726,269.02602230483274,315.97397769516726,287.02602230483274,332.97397769516726,1.0
1,222,278.02973977695166,324.47026022304834,269.02973977695166,315.97026022304834,287.02973977695166,332.97026022304834,1.0
1,223,278.03345724907064,324.46654275092936,269.03345724907064,315.96654275092936,287.03345724907064,332.96654275092936,1.0
1,224,278.0371747211896,324.4628252788104,269.0371747211896,315.9628252788104,287.0371747211896,332.9628252788104,1.0
1,225,278.04089219330854,324.45910780669146,269.04089219330854,315.95910780669146,287.04089219330854,332.95910780669146,1.0
1,226,278.0446096654275,324.4553903345725,269.0446096654275,315.9553903345725,287.0446096654275,332.9553903345725,1.0
1,227,278.0483271375465,324.4516728624535,269.0483271375465,315.9516728624535,287.0483271375465,332.9516728624535,1.0
1,228,278.0520446096654,324.4479553903346,269.0520446096654,315.9479553903346,287.0520446096654,332.9479553903346,1.0
1,229,278.0557620817844,324.4442379182156,269.0557620817844,315.9442379182156,287.0557620817844,332.9442379182156,1.0
1,230,278.0594795539034,324.4405204460966,269.0594795539034,315.9405204460966,287.0594795539034,332.9405204460966,1.0
1,231,278.0631970260223,324.4368029739777,269.0631970260223,315.9368029739777,287.0631970260223,332.9368029739777,1.0
1,232,278.0669144981413,324.4330855018587,269.0669144981413,315.9330855018587,287.0669144981413,332.9330855018587,1.0
1,233,278.07063197026025,324.42936802973975,269.07063197026025,315.92936802973975,287.07063197026025,332.92936802973975,1.0
1,234,278.0743494423792,324.4256505576208,269.0743494423792,315.9256505576208,287.0743494423792,332.9256505576208,1.0
1,235,278.07806691449815,324.42193308550185,269.07806691449815,315.92193308550185,287.07806691449815,332.92193308550185,1.0
1,236,278.0817843866171,324.4182156133829,269.0817843866171,315.9182156133829,287.0817843866171,332.9182156133829,1.0
1,237,278.08550185873605,324.41449814126395,269.08550185873605,315.91449814126395,287.08550185873605,332.91449814126395,1.0
1,238,278.08921933085503,324.41078066914497,269.08921933085503,315.91078066914497,287.08921933085503,332.91078066914497,1.0
1,239,278.09293680297395,324.40706319702605,269.09293680297395,315.90706319702605,287.09293680297395,332.90706319702605,1.0
1,240,278.09665427509293,324.40334572490707,269.09665427509293,315.90334572490707,287.09665427509293,332.90334572490707,1.0
1,241,278.1003717472119,324.3996282527881,269.1003717472119,315.8996282527881,287.1003717472119,332.8996282527881,1.0
1,242,278.10408921933083,324.39591078066917,269.10408921933083,315.89591078066917,287.10408921933083,332.89591078066917,1.0
1,243,278.1078066914498,324.3921933085502,269.1078066914498,315.8921933085502,287.1078066914498,332.8921933085502,1.0
1,244,278.1115241635688,324.3884758364312,269.1115241635688,315.8884758364312,287.1115241635688,332.8884758364312,1.0
1,245,278.1152416356877,324.3847583643123,269.1152416356877,315.8847583643123,287.1152416356877,332.8847583643123,1.0
1,246,278.1189591078067,324.3810408921933,269.1189591078067,315.8810408921933,287.1189591078067,332.8810408921933,1.0
1,247,278.12267657992567,324.37732342007433,269.12267657992567,315.87732342007433,287.12267657992567,332.87732342007433,1.0
1,248,278.1263940520446,324.3736059479554,269.1263940520446,315.8736059479554,287.1263940520446,332.8736059479554,1.0
1,249,278.13011152416357,324.36988847583643,269.13011152416357,315.86988847583643,287.13011152416357,332.86988847583643,1.0
1,250,278.13382899628255,324.36617100371745,269.13382899628255,315.86617100371745,287.13382899628255,332.86617100371745,1.0
1,251,278.13754646840147,324.36245353159853,269.13754646840147,315.86245353159853,287.13754646840147,332.86245353159853,1.0
1,252,278.14126394052045,324.35873605947955,269.14126394052045,315.85873605947955,287.14126394052045,332.85873605947955,1.0
1,253,278.1449814126394,324.3550185873606,269.1449814126394,315.8550185873606,287.1449814126394,332.8550185873606,1.0
1,254,278.14869888475835,324.35130111524165,269.14869888475835,315.85130111524165,287.14869888475835,332.85130111524165,1.0
1,255,278.1524163568773,324.3475836431227,269.1524163568773,315.8475836431227,287.1524163568773,332.8475836431227,1.0
1,256,278.1561338289963,324.3438661710037,269.1561338289963,315.8438661710037,287.1561338289963,332.8438661710037,1.0
1,257,278.1598513011152,324.3401486988848,269.1598513011152,315.8401486988848,287.1598513011152,332.8401486988848,1.0
1,258,278.1635687732342,324.3364312267658,269.1635687732342,315.8364312267658,287.1635687732342,332.8364312267658,1.0
1,259,278.1672862453532,324.3327137546468,269.1672862453532,315.8327137546468,287.1672862453532,332.8327137546468,1.0
1,260,278.1710037174721,324.3289962825279,269.1710037174721,315.8289962825279,287.1710037174721,332.8289962825279,1.0
1,261,278.1747211895911,324.3252788104089,269.1747211895911,315.8252788104089,287.1747211895911,332.8252788104089,1.0
1,262,278.17843866171006,324.32156133828994,269.17843866171006,315.82156133828994,287.17843866171006,332.82156133828994,1.0
1,263,278.182156133829,324.317843866171,269.182156133829,315.817843866171,287.182156133829,332.817843866171,1.0
1,264,278.18587360594796,324.31412639405204,269.18587360594796,315.81412639405204,287.18587360594796,332.81412639405204,1.0
1,265,278.18959107806694,324.31040892193306,269.18959107806694,315.81040892193306,287.18959107806694,332.81040892193306,1.0
1,266,278.19330855018586,324.30669144981414,269.19330855018586,315.80669144981414,287.19330855018586,332.80669144981414,1.0
1,267,278.19702602230484,324.30297397769516,269.19702602230484,315.80297397769516,287.19702602230484,332.80297397769516,1.0
1,268,278.2007434944238,324.2992565055762,269.2007434944238,315.7992565055762,287.2007434944238,332.7992565055762,1.0
1,269,278.20446096654274,324.29553903345726,269.20446096654274,315.79553903345726,287.20446096654274,332.79553903345726,1.0
1,270,278.2081784386617,324.2918215613383,269.2081784386617,315.7918215613383,287.2081784386617,332.7918215613383,1.0
1,271,278.2118959107807,324.2881040892193,269.2118959107807,315.7881040892193,287.2118959107807,332.7881040892193,1.0
1,272,278.2156133828996,324.2843866171004,269.2156133828996,315.7843866171004,287.2156133828996,332.7843866171004,1.0
1,273,278.2193308550186,324.2806691449814,269.2193308550186,315.7806691449814,287.2193308550186,332.7806691449814,1.0
1,274,278.2230483271375,324.2769516728625,269.2230483271375,315.7769516728625,287.2230483271375,332.7769516728625,1.0
1,275,278.2267657992565,324.2732342007435,269.2267657992565,315.7732342007435,287.2267657992565,332.7732342007435,1.0
1,276,278.2304832713755,324.2695167286245,269.2304832713755,315.7695167286245,287.2304832713755,332.7695167286245,1.0
1,277,278.2342007434944,324.2657992565056,269.2342007434944,315.7657992565056,287.2342007434944,332.7657992565056,1.0
1,278,278.2379182156134,324.2620817843866,269.2379182156134,315.7620817843866,287.2379182156134,332.7620817843866,1.0
1,279,278.24163568773236,324.25836431226764,269.24163568773236,315.75836431226764,287.24163568773236,332.75836431226764,1.0
1,280,278.2453531598513,324.2546468401487,269.2453531598513,315.7546468401487,287.2453531598513,332.7546468401487,1.0
1,281,278.24907063197026,324.25092936802974,269.24907063197026,315.75092936802974,287.24907063197026,332.75092936802974,1.0
1,282,278.25278810408923,324.24721189591077,269.25278810408923,315.74721189591077,287.25278810408923,332.74721189591077,1.0
1,283,278.25650557620816,324.24349442379184,269.25650557620816,315.74349442379184,287.25650557620816,332.74349442379184,1.0
1,284,278.26022304832713,324.23977695167287,269.26022304832713,315.73977695167287,287.26022304832713,332.73977695167287,1.0
1,285,278.2639405204461,324.2360594795539,269.2639405204461,315.7360594795539,287.2639405204461,332.7360594795539,1.0
1,286,278.26765799256503,324.23234200743497,269.26765799256503,315.73234200743497,287.26765799256503,332.73234200743497,1.0
1,287,278.271375464684,324.228624535316,269.271375464684,315.728624535316,287.271375464684,332.728624535316,1.0
1,288,278.275092936803,324.224907063197,269.275092936803,315.724907063197,287.275092936803,332.724907063197,1.0
1,289,278.2788104089219,324.2211895910781,269.2788104089219,315.7211895910781,287.2788104089219,332.7211895910781,1.0
1,290,278.2825278810409,324.2174721189591,269.2825278810409,315.7174721189591,287.2825278810409,332.7174721189591,1.0
1,291,278.28624535315987,324.21375464684013,269.28624535315987,315.71375464684013,287.28624535315987,332.71375464684013,1.0
1,292,278.2899628252788,324.2100371747212,269.2899628252788,315.7100371747212,287.2899628252788,332.7100371747212,1.0
1,293,278.29368029739777,324.20631970260223,269.29368029739777,315.70631970260223,287.29368029739777,332.70631970260223,1.0
1,294,278.29739776951675,324.20260223048325,269.29739776951675,315.70260223048325,287.29739776951675,332.70260223048325,1.0
1,295,278.30111524163567,324.19888475836433,269.30111524163567,315.69888475836433,287.30111524163567,332.69888475836433,1.0
1,296,278.30483271375465,324.19516728624535,269.30483271375465,315.69516728624535,287.30483271375465,332.69516728624535,1.0
1,297,278.3085501858736,324.1914498141264,269.3085501858736,315.6914498141264,287.3085501858736,332.6914498141264,1.0
1,298,278.31226765799255,324.18773234200745,269.31226765799255,315.68773234200745,287.31226765799255,332.68773234200745,1.0
1,299,278.3159851301115,324.1840148698885,269.3159851301115,315.6840148698885,287.3159851301115,332.6840148698885,1.0
1,300,278.3197026022305,324.1802973977695,269.3197026022305,315.6802973977695,287.3197026022305,332.6802973977695,1.0
1,301,278.32342007434943,324.17657992565057,269.32342007434943,315.67657992565057,287.32342007434943,332.67657992565057,1.0
1,302,278.3271375464684,324.1728624535316,269.3271375464684,315.6728624535316,287.3271375464684,332.6728624535316,1.0
1,303,278.3308550185874,324.1691449814126,269.3308550185874,315.6691449814126,287.3308550185874,332.6691449814126,1.0
1,304,278.3345724907063,324.1654275092937,269.3345724907063,315.6654275092937,287.3345724907063,332.6654275092937,1.0
1,305,278.3382899628253,324.1617100371747,269.3382899628253,315.6617100371747,287.3382899628253,332.6617100371747,1.0
1,306,278.34200743494426,324.15799256505574,269.34200743494426,315.65799256505574,287.34200743494426,332.65799256505574,1.0
1,307,278.3457249070632,324.1542750929368,269.3457249070632,315.6542750929368,287.3457249070632,332.6542750929368,1.0
1,308,278.34944237918216,324.15055762081784,269.34944237918216,315.65055762081784,287.34944237918216,332.65055762081784,1.0
1,309,278.35315985130114,324.14684014869886,269.35315985130114,315.64684014869886,287.35315985130114,332.64684014869886,1.0
1,310,278.35687732342006,324.14312267657994,269.35687732342006,315.64312267657994,287.35687732342006,332.64312267657994,1.0
1,311,278.36059479553904,324.13940520446096,269.36059479553904,315.63940520446096,287.36059479553904,332.63940520446096,1.0
1,312,278.36431226765797,324.13568773234203,269.36431226765797,315.63568773234203,287.36431226765797,332.63568773234203,1.0
1,313,278.36802973977694,324.13197026022306,269.36802973977694,315.63197026022306,287.36802973977694,332.63197026022306,1.0
1,314,278.3717472118959,324.1282527881041,269.3717472118959,315.6282527881041,287.3717472118959,332.6282527881041,1.0
1,315,278.37546468401484,324.12453531598516,269.37546468401484,315.62453531598516,287.37546468401484,332.62453531598516,1.0
1,316,278.3791821561338,324.1208178438662,269.3791821561338,315.6208178438662,287.3791821561338,332.6208178438662,1.0
1,317,278.3828996282528,324.1171003717472,269.3828996282528,315.6171003717472,287.3828996282528,332.6171003717472,1.0
1,318,278.3866171003717,324.1133828996283,269.3866171003717,315.6133828996283,287.3866171003717,332.6133828996283,1.0
1,319,278.3903345724907,324.1096654275093,269.3903345724907,315.6096654275093,287.3903345724907,332.6096654275093,1.0
1,320,278.3940520446097,324.1059479553903,269.3940520446097,315.6059479553903,287.3940520446097,332.6059479553903,1.0
1,321,278.3977695167286,324.1022304832714,269.3977695167286,315.6022304832714,287.3977695167286,332.6022304832714,1.0
1,322,278.4014869888476,324.0985130111524,269.4014869888476,315.5985130111524,287.4014869888476,332.5985130111524,1.0
1,323,278.40520446096656,324.09479553903344,269.40520446096656,315.59479553903344,287.40520446096656,332.59479553903344,1.0
1,324,278.4089219330855,324.0910780669145,269.4089219330855,315.5910780669145,287.4089219330855,332.5910780669145,1.0
1,325,278.41263940520446,324.08736059479554,269.41263940520446,315.58736059479554,287.41263940520446,332.58736059479554,1.0
1,326,278.41635687732344,324.08364312267656,269.41635687732344,315.58364312267656,287.41635687732344,332.58364312267656,1.0
1,327,278.42007434944236,324.07992565055764,269.42007434944236,315.57992565055764,287.42007434944236,332.57992565055764,1.0
1,328,278.42379182156134,324.07620817843866,269.42379182156134,315.57620817843866,287.42379182156134,332.57620817843866,1.0
1,329,278.4275092936803,324.0724907063197,269.4275092936803,315.5724907063197,287.4275092936803,332.5724907063197,1.0
1,330,278.43122676579924,324.06877323420076,269.43122676579924,315.56877323420076,287.43122676579924,332.56877323420076,1.0
1,331,278.4349442379182,324.0650557620818,269.4349442379182,315.5650557620818,287.4349442379182,332.5650557620818,1.0
1,332,278.4386617100372,324.0613382899628,269.4386617100372,315.5613382899628,287.4386617100372,332.5613382899628,1.0
1,333,278.4423791821561,324.0576208178439,269.4423791821561,315.5576208178439,287.4423791821561,332.5576208178439,1.0
1,334,278.4460966542751,324.0539033457249,269.4460966542751,315.5539033457249,287.4460966542751,332.5539033457249,1.0
1,335,278.4498141263941,324.0501858736059,269.4498141263941,315.5501858736059,287.4498141263941,332.5501858736059,1.0
1,336,278.453531598513,324.046468401487,269.453531598513,315.546468401487,287.453531598513,332.546468401487,1.0
1,337,278.457249070632,324.042750929368,269.457249070632,315.542750929368,287.457249070632,332.542750929368,1.0
1,338,278.46096654275095,324.03903345724905,269.46096654275095,315.53903345724905,287.46096654275095,332.53903345724905,1.0
1,339,278.4646840148699,324.0353159851301,269.4646840148699,315.5353159851301,287.4646840148699,332.5353159851301,1.0
1,340,278.46840148698885,324.03159851301115,269.46840148698885,315.53159851301115,287.46840148698885,332.53159851301115,1.0
1,341,278.47211895910783,324.02788104089217,269.47211895910783,315.52788104089217,287.47211895910783,332.52788104089217,1.0
1,342,278.47583643122675,324.02416356877325,269.47583643122675,315.52416356877325,287.47583643122675,332.52416356877325,1.0
1,343,278.47955390334573,324.02044609665427,269.47955390334573,315.52044609665427,287.47955390334573,332.52044609665427,1.0
1,344,278.4832713754647,324.0167286245353,269.4832713754647,315.5167286245353,287.4832713754647,332.5167286245353,1.0
1,345,278.48698884758363,324.01301115241637,269.48698884758363,315.51301115241637,287.48698884758363,332.51301115241637,1.0
1,346,278.4907063197026,324.0092936802974,269.4907063197026,315.5092936802974,287.4907063197026,332.5092936802974,1.0
1,347,278.4944237918216,324.0055762081784,269.4944237918216,315.5055762081784,287.4944237918216,332.5055762081784,1.0
1,348,278.4981412639405,324.0018587360595,269.4981412639405,315.5018587360595,287.4981412639405,332.5018587360595,1.0
1,349,278.5018587360595,323.9981412639405,269.5018587360595,315.4981412639405,287.5018587360595,332.4981412639405,1.0
1,350,278.5055762081784,323.9944237918216,269.5055762081784,315.4944237918216,287.5055762081784,332.4944237918216,1.0
1,351,278.5092936802974,323.9907063197026,269.5092936802974,315.4907063197026,287.5092936802974,332.4907063197026,1.0
1,352,278.51301115241637,323.98698884758363,269.51301115241637,315.48698884758363,287.51301115241637,332.48698884758363,1.0
1,353,278.5167286245353,323.9832713754647,269.5167286245353,315.4832713754647,287.5167286245353,332.4832713754647,1.0
1,354,278.52044609665427,323.97955390334573,269.52044609665427,315.47955390334573,287.52044609665427,332.47955390334573,1.0
1,355,278.52416356877325,323.97583643122675,269.52416356877325,315.47583643122675,287.52416356877325,332.47583643122675,1.0
1,356,278.52788104089217,323.97211895910783,269.52788104089217,315.47211895910783,287.52788104089217,332.47211895910783,1.0
1,357,278.53159851301115,323.96840148698885,269.53159851301115,315.46840148698885,287.53159851301115,332.46840148698885,1.0
1,358,278.5353159851301,323.9646840148699,269.5353159851301,315.4646840148699,287.5353159851301,332.4646840148699,1.0
1,359,278.53903345724905,323.96096654275095,269.53903345724905,315.46096654275095,287.53903345724905,332.46096654275095,1.0
1,360,278.542750929368,323.957249070632,269.542750929368,315.457249070632,287.542750929368,332.457249070632,1.0
1,361,278.546468401487,323.953531598513,269.546468401487,315.453531598513,287.546468401487,332.453531598513,1.0
1,362,278.5501858736059,323.9498141263941,269.5501858736059,315.4498141263941,287.5501858736059,332.4498141263941,1.0
1,363,278.5539033457249,323.9460966542751,269.5539033457249,315.4460966542751,287.5539033457249,332.4460966542751,1.0
1,364,278.5576208178439,323.9423791821561,269.5576208178439,315.4423791821561,287.5576208178439,332.4423791821561,1.0
1,365,278.5613382899628,323.9386617100372,269.5613382899628,315.4386617100372,287.5613382899628,332.4386617100372,1.0
1,366,278.5650557620818,323.9349442379182,269.5650557620818,315.4349442379182,287.5650557620818,332.4349442379182,1.0
1,367,278.56877323420076,323.93122676579924,269.56877323420076,315.43122676579924,287.56877323420076,332.43122676579924,1.0
1,368,278.5724907063197,323.9275092936803,269.5724907063197,315.4275092936803,287.5724907063197,332.4275092936803,1.0
1,369,278.57620817843866,323.92379182156134,269.57620817843866,315.42379182156134,287.57620817843866,332.42379182156134,1.0
1,370,278.57992565055764,323.92007434944236,269.57992565055764,315.42007434944236,287.57992565055764,332.42007434944236,1.0
1,371,278.58364312267656,323.91635687732344,269.58364312267656,315.41635687732344,287.58364312267656,332.41635687732344,1.0
1,372,278.58736059479554,323.91263940520446,269.58736059479554,315.41263940520446,287.58736059479554,332.41263940520446,1.0
1,373,278.5910780669145,323.9089219330855,269.5910780669145,315.4089219330855,287.5910780669145,332.4089219330855,1.0
1,374,278.59479553903344,323.90520446096656,269.59479553903344,315.40520446096656,287.59479553903344,332.40520446096656,1.0
1,375,278.5985130111524,323.9014869888476,269.5985130111524,315.4014869888476,287.5985130111524,332.4014869888476,1.0
1,376,278.6022304832714,323.8977695167286,269.6022304832714,315.3977695167286,287.6022304832714,332.3977695167286,1.0
1,377,278.6059479553903,323.8940520446097,269.6059479553903,315.3940520446097,287.6059479553903,332.3940520446097,1.0
1,378,278.6096654275093,323.8903345724907,269.6096654275093,315.3903345724907,287.6096654275093,332.3903345724907,1.0
1,379,278.6133828996283,323.8866171003717,269.6133828996283,315.3866171003717,287.6133828996283,332.3866171003717,1.0
1,380,278.6171003717472,323.8828996282528,269.6171003717472,315.3828996282528,287.6171003717472,332.3828996282528,1.0
1,381,278.6208178438662,323.8791821561338,269.6208178438662,315.3791821561338,287.6208178438662,332.3791821561338,1.0
1,382,278.62453531598516,323.87546468401484,269.62453531598516,315.37546468401484,287.62453531598516,332.37546468401484,1.0
1,383,278.6282527881041,323.8717472118959,269.6282527881041,315.3717472118959,287.6282527881041,332.3717472118959,1.0
1,384,278.63197026022306,323.86802973977694,269.63197026022306,315.36802973977694,287.63197026022306,332.36802973977694,1.0
1,385,278.63568773234203,323.86431226765797,269.63568773234203,315.36431226765797,287.63568773234203,332.36431226765797,1.0
1,386,278.63940520446096,323.86059479553904,269.63940520446096,315.36059479553904,287.63940520446096,332.36059479553904,1.0
1,387,278.64312267657994,323.85687732342006,269.64312267657994,315.35687732342006,287.64312267657994,332.35687732342006,1.0
1,388,278.64684014869886,323.85315985130114,269.64684014869886,315.35315985130114,287.64684014869886,332.35315985130114,1.0
1,389,278.65055762081784,323.84944237918216,269.65055762081784,315.34944237918216,287.65055762081784,332.34944237918216,1.0
1,390,278.6542750929368,323.8457249070632,269.6542750929368,315.3457249070632,287.6542750929368,332.3457249070632,1.0
1,391,278.65799256505574,323.84200743494426,269.65799256505574,315.34200743494426,287.65799256505574,332.34200743494426,1.0
1,392,278.6617100371747,323.8382899628253,269.6617100371747,315.3382899628253,287.6617100371747,332.3382899628253,1.0
1,393,278.6654275092937,323.8345724907063,269.6654275092937,315.3345724907063,287.6654275092937,332.3345724907063,1.0
1,394,278.6691449814126,323.8308550185874,269.6691449814126,315.3308550185874,287.6691449814126,332.3308550185874,1.0
1,395,278.6728624535316,323.8271375464684,269.6728624535316,315.3271375464684,287.6728624535316,332.3271375464684,1.0
1,396,278.67657992565057,323.82342007434943,269.67657992565057,315.32342007434943,287.67657992565057,332.32342007434943,1.0
1,397,278.6802973977695,323.8197026022305,269.6802973977695,315.3197026022305,287.6802973977695,332.3197026022305,1.0
1,398,278.6840148698885,323.8159851301115,269.6840148698885,315.3159851301115,287.6840148698885,332.3159851301115,1.0
1,399,278.68773234200745,323.81226765799255,269.68773234200745,315.31226765799255,287.68773234200745,332.31226765799255,1.0
1,400,278.6914498141264,323.8085501858736,269.6914498141264,315.3085501858736,287.6914498141264,332.3085501858736,1.0
1,401,278.69516728624535,323.80483271375465,269.69516728624535,315.30483271375465,287.69516728624535,332.30483271375465,1.0
1,402,278.69888475836433,323.80111524163567,269.69888475836433,315.30111524163567,287.69888475836433,332.30111524163567,1.0
1,403,278.70260223048325,323.79739776951675,269.70260223048325,315.29739776951675,287.70260223048325,332.29739776951675,1.0
1,404,278.70631970260223,323.79368029739777,269.70631970260223,315.29368029739777,287.70631970260223,332.29368029739777,1.0
1,405,278.7100371747212,323.7899628252788,269.7100371747212,315.2899628252788,287.7100371747212,332.2899628252788,1.0
1,406,278.71375464684013,323.78624535315987,269.71375464684013,315.28624535315987,287.71375464684013,332.28624535315987,1.0
1,407,278.7174721189591,323.7825278810409,269.7174721189591,315.2825278810409,287.7174721189591,332.2825278810409,1.0
1,408,278.7211895910781,323.7788104089219,269.7211895910781,315.2788104089219,287.7211895910781,332.2788104089219,1.0
1,409,278.724907063197,323.775092936803,269.724907063197,315.275092936803,287.724907063197,332.275092936803,1.0
1,410,278.728624535316,323.771375464684,269.728624535316,315.271375464684,287.728624535316,332.271375464684,1.0
1,411,278.73234200743497,323.76765799256503,269.73234200743497,315.26765799256503,287.73234200743497,332.26765799256503,1.0
1,412,278.7360594795539,323.7639405204461,269.7360594795539,315.2639405204461,287.7360594795539,332.2639405204461,1.0
1,413,278.73977695167287,323.76022304832713,269.73977695167287,315.26022304832713,287.73977695167287,332.26022304832713,1.0
1,414,278.74349442379184,323.75650557620816,269.74349442379184,315.25650557620816,287.74349442379184,332.25650557620816,1.0
1,415,278.74721189591077,323.75278810408923,269.74721189591077,315.25278810408923,287.74721189591077,332.25278810408923,1.0
1,416,278.75092936802974,323.74907063197026,269.75092936802974,315.24907063197026,287.75092936802974,332.24907063197026,1.0
1,417,278.7546468401487,323.7453531598513,269.7546468401487,315.2453531598513,287.7546468401487,332.2453531598513,1.0
1,418,278.75836431226764,323.74163568773236,269.75836431226764,315.24163568773236,287.75836431226764,332.24163568773236,1.0
1,419,278.7620817843866,323.7379182156134,269.7620817843866,315.2379182156134,287.7620817843866,332.2379182156134,1.0
1,420,278.7657992565056,323.7342007434944,269.7657992565056,315.2342007434944,287.7657992565056,332.2342007434944,1.0
1,421,278.7695167286245,323.7304832713755,269.7695167286245,315.2304832713755,287.7695167286245,332.2304832713755,1.0
1,422,278.7732342007435,323.7267657992565,269.7732342007435,315.2267657992565,287.7732342007435,332.2267657992565,1.0
1,423,278.7769516728625,323.7230483271375,269.7769516728625,315.2230483271375,287.7769516728625,332.2230483271375,1.0
1,424,278.7806691449814,323.7193308550186,269.7806691449814,315.2193308550186,287.7806691449814,332.2193308550186,1.0
1,425,278.7843866171004,323.7156133828996,269.7843866171004,315.2156133828996,287.7843866171004,332.2156133828996,1.0
1,426,278.7881040892193,323.7118959107807,269.7881040892193,315.2118959107807,287.7881040892193,332.2118959107807,1.0
1,427,278.7918215613383,323.7081784386617,269.7918215613383,315.2081784386617,287.7918215613383,332.2081784386617,1.0
1,428,278.79553903345726,323.70446096654274,269.79553903345726,315.20446096654274,287.79553903345726,332.20446096654274,1.0
1,429,278.7992565055762,323.7007434944238,269.7992565055762,315.2007434944238,287.7992565055762,332.2007434944238,1.0
1,430,278.80297397769516,323.69702602230484,269.80297397769516,315.19702602230484,287.80297397769516,332.19702602230484,1.0
1,431,278.80669144981414,323.69330855018586,269.80669144981414,315.19330855018586,287.80669144981414,332.19330855018586,1.0
1,432,278.81040892193306,323.68959107806694,269.81040892193306,315.18959107806694,287.81040892193306,332.18959107806694,1.0
1,433,278.81412639405204,323.68587360594796,269.81412639405204,315.18587360594796,287.81412639405204,332.18587360594796,1.0
1,434,278.817843866171,323.682156133829,269.817843866171,315.182156133829,287.817843866171,332.182156133829,1.0
1,435,278.82156133828994,323.67843866171006,269.82156133828994,315.17843866171006,287.82156133828994,332.17843866171006,1.0
1,436,278.8252788104089,323.6747211895911,269.8252788104089,315.1747211895911,287.8252788104089,332.1747211895911,1.0
1,437,278.8289962825279,323.6710037174721,269.8289962825279,315.1710037174721,287.8289962825279,332.1710037174721,1.0
1,438,278.8327137546468,323.6672862453532,269.8327137546468,315.1672862453532,287.8327137546468,332.1672862453532,1.0
1,439,278.8364312267658,323.6635687732342,269.8364312267658,315.1635687732342,287.8364312267658,332.1635687732342,1.0
1,440,278.8401486988848,323.6598513011152,269.8401486988848,315.1598513011152,287.8401486988848,332.1598513011152,1.0
1,441,278.8438661710037,323.6561338289963,269.8438661710037,315.1561338289963,287.8438661710037,332.1561338289963,1.0
1,442,278.8475836431227,323.6524163568773,269.8475836431227,315.1524163568773,287.8475836431227,332.1524163568773,1.0
1,443,278.85130111524165,323.64869888475835,269.85130111524165,315.14869888475835,287.85130111524165,332.14869888475835,1.0
1,444,278.8550185873606,323.6449814126394,269.8550185873606,315.1449814126394,287.8550185873606,332.1449814126394,1.0
1,445,278.85873605947955,323.64126394052045,269.85873605947955,315.14126394052045,287.85873605947955,332.14126394052045,1.0
1,446,278.86245353159853,323.63754646840147,269.86245353159853,315.13754646840147,287.86245353159853,332.13754646840147,1.0
1,447,278.86617100371745,323.63382899628255,269.86617100371745,315.13382899628255,287.86617100371745,332.13382899628255,1.0
1,448,278.86988847583643,323.63011152416357,269.86988847583643,315.13011152416357,287.86988847583643,332.13011152416357,1.0
1,449,278.8736059479554,323.6263940520446,269.8736059479554,315.1263940520446,287.8736059479554,332.1263940520446,1.0
1,450,278.87732342007433,323.62267657992567,269.87732342007433,315.12267657992567,287.87732342007433,332.12267657992567,1.0
1,451,278.8810408921933,323.6189591078067,269.8810408921933,315.1189591078067,287.8810408921933,332.1189591078067,1.0
1,452,278.8847583643123,323.6152416356877,269.8847583643123,315.1152416356877,287.8847583643123,332.1152416356877,1.0
1,453,278.8884758364312,323.6115241635688,269.8884758364312,315.1115241635688,287.8884758364312,332.1115241635688,1.0
1,454,278.8921933085502,323.6078066914498,269.8921933085502,315.1078066914498,287.8921933085502,332.1078066914498,1.0
1,455,278.89591078066917,323.60408921933083,269.89591078066917,315.10408921933083,287.89591078066917,332.10408921933083,1.0
1,456,278.8996282527881,323.6003717472119,269.8996282527881,315.1003717472119,287.8996282527881,332.1003717472119,1.0
1,457,278.90334572490707,323.59665427509293,269.90334572490707,315.09665427509293,287.90334572490707,332.09665427509293,1.0
1,458,278.90706319702605,323.59293680297395,269.90706319702605,315.09293680297395,287.90706319702605,332.09293680297395,1.0
1,459,278.91078066914497,323.58921933085503,269.91078066914497,315.08921933085503,287.91078066914497,332.08921933085503,1.0
1,460,278.91449814126395,323.58550185873605,269.91449814126395,315.08550185873605,287.91449814126395,332.08550185873605,1.0
1,461,278.9182156133829,323.5817843866171,269.9182156133829,315.0817843866171,287.9182156133829,332.0817843866171,1.0
1,462,278.92193308550185,323.57806691449815,269.92193308550185,315.07806691449815,287.92193308550185,332.07806691449815,1.0
1,463,278.9256505576208,323.5743494423792,269.9256505576208,315.0743494423792,287.9256505576208,332.0743494423792,1.0
1,464,278.92936802973975,323.57063197026025,269.92936802973975,315.07063197026025,287.92936802973975,332.07063197026025,1.0
1,465,278.9330855018587,323.5669144981413,269.9330855018587,315.0669144981413,287.9330855018587,332.0669144981413,1.0
1,466,278.9368029739777,323.5631970260223,269.9368029739777,315.0631970260223,287.9368029739777,332.0631970260223,1.0
1,467,278.9405204460966,323.5594795539034,269.9405204460966,315.0594795539034,287.9405204460966,332.0594795539034,1.0
1,468,278.9442379182156,323.5557620817844,269.9442379182156,315.0557620817844,287.9442379182156,332.0557620817844,1.0
1,469,278.9479553903346,323.5520446096654,269.9479553903346,315.0520446096654,287.9479553903346,332.0520446096654,1.0
1,470,278.9516728624535,323.5483271375465,269.9516728624535,315.0483271375465,287.9516728624535,332.0483271375465,1.0
1,471,278.9553903345725,323.5446096654275,269.9553903345725,315.0446096654275,287.9553903345725,332.0446096654275,1.0
1,472,278.95910780669146,323.54089219330854,269.95910780669146,315.04089219330854,287.95910780669146,332.04089219330854,1.0
1,473,278.9628252788104,323.5371747211896,269.9628252788104,315.0371747211896,287.9628252788104,332.0371747211896,1.0
1,474,278.96654275092936,323.53345724907064,269.96654275092936,315.03345724907064,287.96654275092936,332.03345724907064,1.0
1,475,278.97026022304834,323.52973977695166,269.97026022304834,315.02973977695166,287.97026022304834,332.02973977695166,1.0
1,476,278.97397769516726,323.52602230483274,269.97397769516726,315.02602230483274,287.97397769516726,332.02602230483274,1.0
1,477,278.97769516728624,323.52230483271376,269.97769516728624,315.02230483271376,287.97769516728624,332.02230483271376,1.0
1,478,278.9814126394052,323.5185873605948,269.9814126394052,315.0185873605948,287.9814126394052,332.0185873605948,1.0
1,479,278.98513011152414,323.51486988847586,269.98513011152414,315.01486988847586,287.98513011152414,332.01486988847586,1.0
1,480,278.9888475836431,323.5111524163569,269.9888475836431,315.0111524163569,287.9888475836431,332.0111524163569,1.0
1,481,278.9925650557621,323.5074349442379,269.9925650557621,315.0074349442379,287.9925650557621,332.0074349442379,1.0
1,482,278.996282527881,323.503717472119,269.996282527881,315.003717472119,287.996282527881,332.003717472119,1.0
1,483,279.0,323.5,270.0,315.0,288.0,332.0,1.0
1,484,279.003717472119,323.496282527881,270.003717472119,314.996282527881,288.003717472119,331.996282527881,1.0
1,485,279.0074349442379,323.4925650557621,270.0074349442379,314.9925650557621,288.0074349442379,331.9925650557621,1.0
1,486,279.0111524163569,323.4888475836431,270.0111524163569,314.9888475836431,288.0111524163569,331.9888475836431,1.0
1,487,279.01486988847586,323.48513011152414,270.01486988847586,314.98513011152414,288.01486988847586,331.98513011152414,1.0
1,488,279.0185873605948,323.4814126394052,270.0185873605948,314.9814126394052,288.0185873605948,331.9814126394052,1.0
1,489,279.02230483271376,323.47769516728624,270.02230483271376,314.97769516728624,288.02230483271376,331.97769516728624,1.0
1,490,279.02602230483274,323.47397769516726,270.02602230483274,314.97397769516726,288.02602230483274,331.97397769516726,1.0
1,491,279.02973977695166,323.47026022304834,270.02973977695166,314.97026022304834,288.02973977695166,331.97026022304834,1.0
1,492,279.03345724907064,323.46654275092936,270.03345724907064,314.96654275092936,288.03345724907064,331.96654275092936,1.0
1,493,279.0371747211896,323.4628252788104,270.0371747211896,314.9628252788104,288.0371747211896,331.9628252788104,1.0
1,494,279.04089219330854,323.45910780669146,270.04089219330854,314.95910780669146,288.04089219330854,331.95910780669146,1.0
1,495,279.0446096654275,323.4553903345725,270.0446096654275,314.9553903345725,288.0446096654275,331.9553903345725,1.0
1,496,279.0483271375465,323.4516728624535,270.0483271375465,314.9516728624535,288.0483271375465,331.9516728624535,1.0
1,497,279.0520446096654,323.4479553903346,270.0520446096654,314.9479553903346,288.0520446096654,331.9479553903346,1.0
1,498,279.0557620817844,323.4442379182156,270.0557620817844,314.9442379182156,288.0557620817844,331.9442379182156,1.0
1,499,279.0594795539034,323.4405204460966,270.0594795539034,314.9405204460966,288.0594795539034,331.9405204460966,1.0
1,500,279.0631970260223,323.4368029739777,270.0631970260223,314.9368029739777,288.0631970260223,331.9368029739777,1.0
1,501,279.0669144981413,323.4330855018587,270.0669144981413,314.9330855018587,288.0669144981413,331.9330855018587,1.0
1,502,279.07063197026025,323.42936802973975,270.07063197026025,314.92936802973975,288.07063197026025,331.92936802973975,1.0
1,503,279.0743494423792,323.4256505576208,270.0743494423792,314.9256505576208,288.0743494423792,331.9256505576208,1.0
1,504,279.07806691449815,323.42193308550185,270.07806691449815,314.92193308550185,288.07806691449815,331.92193308550185,1.0
1,505,279.0817843866171,323.4182156133829,270.0817843866171,314.9182156133829,288.0817843866171,331.9182156133829,1.0
1,506,279.08550185873605,323.41449814126395,270.08550185873605,314.91449814126395,288.08550185873605,331.91449814126395,1.0
1,507,279.08921933085503,323.41078066914497,270.08921933085503,314.91078066914497,288.08921933085503,331.91078066914497,1.0
1,508,279.09293680297395,323.40706319702605,270.09293680297395,314.90706319702605,288.09293680297395,331.90706319702605,1.0
1,509,279.09665427509293,323.40334572490707,270.09665427509293,314.90334572490707,288.09665427509293,331.90334572490707,1.0
1,510,279.1003717472119,323.3996282527881,270.1003717472119,314.8996282527881,288.1003717472119,331.8996282527881,1.0
1,511,279.10408921933083,323.39591078066917,270.10408921933083,314.89591078066917,288.10408921933083,331.89591078066917,1.0
1,512,279.1078066914498,323.3921933085502,270.1078066914498,314.8921933085502,288.1078066914498,331.8921933085502,1.0
1,513,279.1115241635688,323.3884758364312,270.1115241635688,314.8884758364312,288.1115241635688,331.8884758364312,1.0
1,514,279.1152416356877,323.3847583643123,270.1152416356877,314.8847583643123,288.1152416356877,331.8847583643123,1.0
1,515,279.1189591078067,323.3810408921933,270.1189591078067,314.8810408921933,288.1189591078067,331.8810408921933,1.0
1,516,279.12267657992567,323.37732342007433,270.12267657992567,314.87732342007433,288.12267657992567,331.87732342007433,1.0
1,517,279.1263940520446,323.3736059479554,270.1263940520446,314.8736059479554,288.1263940520446,331.8736059479554,1.0
1,518,279.13011152416357,323.36988847583643,270.13011152416357,314.86988847583643,288.13011152416357,331.86988847583643,1.0
1,519,279.13382899628255,323.36617100371745,270.13382899628255,314.86617100371745,288.13382899628255,331.86617100371745,1.0
1,520,279.13754646840147,323.36245353159853,270.13754646840147,314.86245353159853,288.13754646840147,331.86245353159853,1.0
1,521,279.14126394052045,323.35873605947955,270.14126394052045,314.85873605947955,288.14126394052045,331.85873605947955,1.0
1,522,279.1449814126394,323.3550185873606,270.1449814126394,314.8550185873606,288.1449814126394,331.8550185873606,1.0
1,523,279.14869888475835,323.35130111524165,270.14869888475835,314.85130111524165,288.14869888475835,331.85130111524165,1.0
1,524,279.1524163568773,323.3475836431227,270.1524163568773,314.8475836431227,288.1524163568773,331.8475836431227,1.0
1,525,279.1561338289963,323.3438661710037,270.1561338289963,314.8438661710037,288.1561338289963,331.8438661710037,1.0
1,526,279.1598513011152,323.3401486988848,270.1598513011152,314.8401486988848,288.1598513011152,331.8401486988848,1.0
1,527,279.1635687732342,323.3364312267658,270.1635687732342,314.8364312267658,288.1635687732342,331.8364312267658,1.0
1,528,279.1672862453532,323.3327137546468,270.1672862453532,314.8327137546468,288.1672862453532,331.8327137546468,1.0
1,529,279.1710037174721,323.3289962825279,270.1710037174721,314.8289962825279,288.1710037174721,331.8289962825279,1.0
1,530,279.1747211895911,323.3252788104089,270.1747211895911,314.8252788104089,288.1747211895911,331.8252788104089,1.0
1,531,279.17843866171006,323.32156133828994,270.17843866171006,314.82156133828994,288.17843866171006,331.82156133828994,1.0
1,532,279.182156133829,323.317843866171,270.182156133829,314.817843866171,288.182156133829,331.817843866171,1.0
1,533,279.18587360594796,323.31412639405204,270.18587360594796,314.81412639405204,288.18587360594796,331.81412639405204,1.0
1,534,279.18959107806694,323.31040892193306,270.18959107806694,314.81040892193306,288.18959107806694,331.81040892193306,1.0
1,535,279.19330855018586,323.30669144981414,270.19330855018586,314.80669144981414,288.19330855018586,331.80669144981414,1.0
1,536,279.19702602230484,323.30297397769516,270.19702602230484,314.80297397769516,288.19702602230484,331.80297397769516,1.0
1,537,279.2007434944238,323.2992565055762,270.2007434944238,314.7992565055762,288.2007434944238,331.7992565055762,1.0
1,538,279.20446096654274,323.29553903345726,270.20446096654274,314.79553903345726,288.20446096654274,331.79553903345726,1.0
1,539,279.2081784386617,323.2918215613383,270.2081784386617,314.7918215613383,288.2081784386617,331.7918215613383,1.0
1,540,279.2118959107807,323.2881040892193,270.2118959107807,314.7881040892193,288.2118959107807,331.7881040892193,1.0
1,541,279.2156133828996,323.2843866171004,270.2156133828996,314.7843866171004,288.2156133828996,331.7843866171004,1.0
1,542,279.2193308550186,323.2806691449814,270.2193308550186,314.7806691449814,288.2193308550186,331.7806691449814,1.0
1,543,279.2230483271375,323.2769516728625,270.2230483271375,314.7769516728625,288.2230483271375,331.7769516728625,1.0
1,544,279.2267657992565,323.2732342007435,270.2267657992565,314.7732342007435,288.2267657992565,331.7732342007435,1.0
1,545,279.2304832713755,323.2695167286245,270.2304832713755,314.7695167286245,288.2304832713755,331.7695167286245,1.0
1,546,279.2342007434944,323.2657992565056,270.2342007434944,314.7657992565056,288.2342007434944,331.7657992565056,1.0
1,547,279.2379182156134,323.2620817843866,270.2379182156134,314.7620817843866,288.2379182156134,331.7620817843866,1.0
1,548,279.24163568773236,323.25836431226764,270.24163568773236,314.75836431226764,288.24163568773236,331.75836431226764,1.0
1,549,279.2453531598513,323.2546468401487,270.2453531598513,314.7546468401487,288.2453531598513,331.7546468401487,1.0
1,550,279.24907063197026,323.25092936802974,270.24907063197026,314.75092936802974,288.24907063197026,331.75092936802974,1.0
1,551,279.25278810408923,323.24721189591077,270.25278810408923,314.74721189591077,288.25278810408923,331.74721189591077,1.0
1,552,279.25650557620816,323.24349442379184,270.25650557620816,314.74349442379184,288.25650557620816,331.74349442379184,1.0
1,553,279.26022304832713,323.23977695167287,270.26022304832713,314.73977695167287,288.26022304832713,331.73977695167287,1.0
1,554,279.2639405204461,323.2360594795539,270.2639405204461,314.7360594795539,288.2639405204461,331.7360594795539,1.0
1,555,279.26765799256503,323.23234200743497,270.26765799256503,314.73234200743497,288.26765799256503,331.73234200743497,1.0
1,556,279.271375464684,323.228624535316,270.271375464684,314.728624535316,288.271375464684,331.728624535316,1.0
1,557,279.275092936803,323.224907063197,270.275092936803,314.724907063197,288.275092936803,331.724907063197,1.0
1,558,279.2788104089219,323.2211895910781,270.2788104089219,314.7211895910781,288.2788104089219,331.7211895910781,1.0
1,559,279.2825278810409,323.2174721189591,270.2825278810409,314.7174721189591,288.2825278810409,331.7174721189591,1.0
1,560,279.28624535315987,323.21375464684013,270.28624535315987,314.71375464684013,288.28624535315987,331.71375464684013,1.0
1,561,279.2899628252788,323.2100371747212,270.2899628252788,314.7100371747212,288.2899628252788,331.7100371747212,1.0
1,562,279.29368029739777,323.20631970260223,270.29368029739777,314.70631970260223,288.29368029739777,331.70631970260223,1.0
1,563,279.29739776951675,323.20260223048325,270.29739776951675,314.70260223048325,288.29739776951675,331.70260223048325,1.0
1,564,279.30111524163567,323.19888475836433,270.30111524163567,314.69888475836433,288.30111524163567,331.69888475836433,1.0
1,565,279.30483271375465,323.19516728624535,270.30483271375465,314.69516728624535,288.30483271375465,331.69516728624535,1.0
1,566,279.3085501858736,323.1914498141264,270.3085501858736,314.6914498141264,288.3085501858736,331.6914498141264,1.0
1,567,279.31226765799255,323.18773234200745,270.31226765799255,314.68773234200745,288.31226765799255,331.68773234200745,1.0
1,568,279.3159851301115,323.1840148698885,270.3159851301115,314.6840148698885,288.3159851301115,331.6840148698885,1.0
1,569,279.3197026022305,323.1802973977695,270.3197026022305,314.6802973977695,288.3197026022305,331.6802973977695,1.0
1,570,279.32342007434943,323.17657992565057,270.32342007434943,314.67657992565057,288.32342007434943,331.67657992565057,1.0
1,571,279.3271375464684,323.1728624535316,270.3271375464684,314.6728624535316,288.3271375464684,331.6728624535316,1.0
1,572,279.3308550185874,323.1691449814126,270.3308550185874,314.6691449814126,288.3308550185874,331.6691449814126,1.0
1,573,279.3345724907063,323.1654275092937,270.3345724907063,314.6654275092937,288.3345724907063,331.6654275092937,1.0
1,574,279.3382899628253,323.1617100371747,270.3382899628253,314.6617100371747,288.3382899628253,331.6617100371747,1.0
1,575,279.34200743494426,323.15799256505574,270.34200743494426,314.65799256505574,288.34200743494426,331.65799256505574,1.0
1,576,279.3457249070632,323.1542750929368,270.3457249070632,314.6542750929368,288.3457249070632,331.6542750929368,1.0
1,577,279.34944237918216,323.15055762081784,270.34944237918216,314.65055762081784,288.34944237918216,331.65055762081784,1.0
1,578,279.35315985130114,323.14684014869886,270.35315985130114,314.64684014869886,288.35315985130114,331.64684014869886,1.0
1,579,279.35687732342006,323.14312267657994,270.35687732342006,314.64312267657994,288.35687732342006,331.64312267657994,1.0
1,580,279.36059479553904,323.13940520446096,270.36059479553904,314.63940520446096,288.36059479553904,331.63940520446096,1.0
1,581,279.36431226765797,323.13568773234203,270.36431226765797,314.63568773234203,288.36431226765797,331.63568773234203,1.0
1,582,279.36802973977694,323.13197026022306,270.36802973977694,314.63197026022306,288.36802973977694,331.63197026022306,1.0
1,583,279.3717472118959,323.1282527881041,270.3717472118959,314.6282527881041,288.3717472118959,331.6282527881041,1.0
1,584,279.37546468401484,323.12453531598516,270.37546468401484,314.62453531598516,288.37546468401484,331.62453531598516,1.0
1,585,279.3791821561338,323.1208178438662,270.3791821561338,314.6208178438662,288.3791821561338,331.6208178438662,1.0
1,586,279.3828996282528,323.1171003717472,270.3828996282528,314.6171003717472,288.3828996282528,331.6171003717472,1.0
1,587,279.3866171003717,323.1133828996283,270.3866171003717,314.6133828996283,288.3866171003717,331.6133828996283,1.0
1,588,279.3903345724907,323.1096654275093,270.3903345724907,314.6096654275093,288.3903345724907,331.6096654275093,1.0
1,589,279.3940520446097,323.1059479553903,270.3940520446097,314.6059479553903,288.3940520446097,331.6059479553903,1.0
1,590,279.3977695167286,323.1022304832714,270.3977695167286,314.6022304832714,288.3977695167286,331.6022304832714,1.0
1,591,279.4014869888476,323.0985130111524,270.4014869888476,314.5985130111524,288.4014869888476,331.5985130111524,1.0
1,592,279.40520446096656,323.09479553903344,270.40520446096656,314.59479553903344,288.40520446096656,331.59479553903344,1.0
1,593,279.4089219330855,323.0910780669145,270.4089219330855,314.5910780669145,288.4089219330855,331.5910780669145,1.0
1,594,279.41263940520446,323.08736059479554,270.41263940520446,314.58736059479554,288.41263940520446,331.58736059479554,1.0
1,595,279.41635687732344,323.08364312267656,270.41635687732344,314.58364312267656,288.41635687732344,331.58364312267656,1.0
1,596,279.42007434944236,323.07992565055764,270.42007434944236,314.57992565055764,288.42007434944236,331.57992565055764,1.0
1,597,279.42379182156134,323.07620817843866,270.42379182156134,314.57620817843866,288.42379182156134,331.57620817843866,1.0
1,598,279.4275092936803,323.0724907063197,270.4275092936803,314.5724907063197,288.4275092936803,331.5724907063197,1.0
1,599,279.43122676579924,323.06877323420076,270.43122676579924,314.56877323420076,288.43122676579924,331.56877323420076,1.0
1,600,279.4349442379182,323.0650557620818,270.4349442379182,314.5650557620818,288.4349442379182,331.5650557620818,1.0
1,601,279.4386617100372,323.0613382899628,270.4386617100372,314.5613382899628,288.4386617100372,331.5613382899628,1.0
1,602,279.4423791821561,323.0576208178439,270.4423791821561,314.5576208178439,288.4423791821561,331.5576208178439,1.0
1,603,279.4460966542751,323.0539033457249,270.4460966542751,314.5539033457249,288.4460966542751,331.5539033457249,1.0
1,604,279.4498141263941,323.0501858736059,270.4498141263941,314.5501858736059,288.4498141263941,331.5501858736059,1.0
1,605,279.453531598513,323.046468401487,270.453531598513,314.546468401487,288.453531598513,331.546468401487,1.0
1,606,279.457249070632,323.042750929368,270.457249070632,314.542750929368,288.457249070632,331.542750929368,1.0
1,607,279.46096654275095,323.03903345724905,270.46096654275095,314.53903345724905,288.46096654275095,331.53903345724905,1.0
1,608,279.4646840148699,323.0353159851301,270.4646840148699,314.5353159851301,288.4646840148699,331.5353159851301,1.0
1,609,279.46840148698885,323.03159851301115,270.46840148698885,314.53159851301115,288.46840148698885,331.53159851301115,1.0
1,610,279.47211895910783,323.02788104089217,270.47211895910783,314.52788104089217,288.47211895910783,331.52788104089217,1.0
1,611,279.47583643122675,323.02416356877325,270.47583643122675,314.52416356877325,288.47583643122675,331.52416356877325,1.0
1,612,279.47955390334573,323.02044609665427,270.47955390334573,314.52044609665427,288.47955390334573,331.52044609665427,1.0
1,613,279.4832713754647,323.0167286245353,270.4832713754647,314.5167286245353,288.4832713754647,331.5167286245353,1.0
1,614,279.48698884758363,323.01301115241637,270.48698884758363,314.51301115241637,288.48698884758363,331.51301115241637,1.0
1,615,279.4907063197026,323.0092936802974,270.4907063197026,314.5092936802974,288.4907063197026,331.5092936802974,1.0
1,616,279.4944237918216,323.0055762081784,270.4944237918216,314.5055762081784,288.4944237918216,331.5055762081784,1.0
1,617,279.4981412639405,323.0018587360595,270.4981412639405,314.5018587360595,288.4981412639405,331.5018587360595,1.0
1,618,279.5018587360595,322.9981412639405,270.5018587360595,314.4981412639405,288.5018587360595,331.4981412639405,1.0
1,619,279.5055762081784,322.9944237918216,270.5055762081784,314.4944237918216,288.5055762081784,331.4944237918216,1.0
1,620,279.5092936802974,322.9907063197026,270.5092936802974,314.4907063197026,288.5092936802974,331.4907063197026,1.0
1,621,279.51301115241637,322.98698884758363,270.51301115241637,314.48698884758363,288.51301115241637,331.48698884758363,1.0
1,622,279.5167286245353,322.9832713754647,270.5167286245353,314.4832713754647,288.5167286245353,331.4832713754647,1.0
1,623,279.52044609665427,322.97955390334573,270.52044609665427,314.47955390334573,288.52044609665427,331.47955390334573,1.0
1,624,279.52416356877325,322.97583643122675,270.52416356877325,314.47583643122675,288.52416356877325,331.47583643122675,1.0
1,625,279.52788104089217,322.97211895910783,270.52788104089217,314.47211895910783,288.52788104089217,331.47211895910783,1.0
1,626,279.53159851301115,322.96840148698885,270.53159851301115,314.46840148698885,288.53159851301115,331.46840148698885,1.0
1,627,279.5353159851301,322.9646840148699,270.5353159851301,314.4646840148699,288.5353159851301,331.4646840148699,1.0
1,628,279.53903345724905,322.96096654275095,270.53903345724905,314.46096654275095,288.53903345724905,331.46096654275095,1.0
1,629,279.542750929368,322.957249070632,270.542750929368,314.457249070632,288.542750929368,331.457249070632,1.0
1,630,279.546468401487,322.953531598513,270.546468401487,314.453531598513,288.546468401487,331.453531598513,1.0
1,631,279.5501858736059,322.9498141263941,270.5501858736059,314.4498141263941,288.5501858736059,331.4498141263941,1.0
1,632,279.5539033457249,322.9460966542751,270.5539033457249,314.4460966542751,288.5539033457249,331.4460966542751,1.0
1,633,279.5576208178439,322.9423791821561,270.5576208178439,314.4423791821561,288.5576208178439,331.4423791821561,1.0
1,634,279.5613382899628,322.9386617100372,270.5613382899628,314.4386617100372,288.5613382899628,331.4386617100372,1.0
1,635,279.5650557620818,322.9349442379182,270.5650557620818,314.4349442379182,288.5650557620818,331.4349442379182,1.0
1,636,279.56877323420076,322.93122676579924,270.56877323420076,314.43122676579924,288.56877323420076,331.43122676579924,1.0
1,637,279.5724907063197,322.9275092936803,270.5724907063197,314.4275092936803,288.5724907063197,331.4275092936803,1.0
1,638,279.57620817843866,322.92379182156134,270.57620817843866,314.42379182156134,288.57620817843866,331.42379182156134,1.0
1,639,279.57992565055764,322.92007434944236,270.57992565055764,314.42007434944236,288.57992565055764,331.42007434944236,1.0
1,640,279.58364312267656,322.91635687732344,270.58364312267656,314.41635687732344,288.58364312267656,331.41635687732344,1.0
1,641,279.58736059479554,322.91263940520446,270.58736059479554,314.41263940520446,288.58736059479554,331.41263940520446,1.0
1,642,279.5910780669145,322.9089219330855,270.5910780669145,314.4089219330855,288.5910780669145,331.4089219330855,1.0
1,643,279.59479553903344,322.90520446096656,270.59479553903344,314.40520446096656,288.59479553903344,331.40520446096656,1.0
1,644,279.5985130111524,322.9014869888476,270.5985130111524,314.4014869888476,288.5985130111524,331.4014869888476,1.0
1,645,279.6022304832714,322.8977695167286,270.6022304832714,314.3977695167286,288.6022304832714,331.3977695167286,1.0
1,646,279.6059479553903,322.8940520446097,270.6059479553903,314.3940520446097,288.6059479553903,331.3940520446097,1.0
1,647,279.6096654275093,322.8903345724907,270.6096654275093,314.3903345724907,288.6096654275093,331.3903345724907,1.0
1,648,279.6133828996283,322.8866171003717,270.6133828996283,314.3866171003717,288.6133828996283,331.3866171003717,1.0
1,649,279.6171003717472,322.8828996282528,270.6171003717472,314.3828996282528,288.6171003717472,331.3828996282528,1.0
1,650,279.6208178438662,322.8791821561338,270.6208178438662,314.3791821561338,288.6208178438662,331.3791821561338,1.0
1,651,279.62453531598516,322.87546468401484,270.62453531598516,314.37546468401484,288.62453531598516,331.37546468401484,1.0
1,652,279.6282527881041,322.8717472118959,270.6282527881041,314.3717472118959,288.6282527881041,331.3717472118959,1.0
1,653,279.63197026022306,322.86802973977694,270.63197026022306,314.36802973977694,288.63197026022306,331.36802973977694,1.0
1,654,279.63568773234203,322.86431226765797,270.63568773234203,314.36431226765797,288.63568773234203,331.36431226765797,1.0
1,655,279.63940520446096,322.86059479553904,270.63940520446096,314.36059479553904,288.63940520446096,331.36059479553904,1.0
1,656,279.64312267657994,322.85687732342006,270.64312267657994,314.35687732342006,288.64312267657994,331.35687732342006,1.0
1,657,279.64684014869886,322.85315985130114,270.64684014869886,314.35315985130114,288.64684014869886,331.35315985130114,1.0
1,658,279.65055762081784,322.84944237918216,270.65055762081784,314.34944237918216,288.65055762081784,331.34944237918216,1.0
1,659,279.6542750929368,322.8457249070632,270.6542750929368,314.3457249070632,288.6542750929368,331.3457249070632,1.0
1,660,279.65799256505574,322.84200743494426,270.65799256505574,314.34200743494426,288.65799256505574,331.34200743494426,1.0
1,661,279.6617100371747,322.8382899628253,270.6617100371747,314.3382899628253,288.6617100371747,331.3382899628253,1.0
1,662,279.6654275092937,322.8345724907063,270.6654275092937,314.3345724907063,288.6654275092937,331.3345724907063,1.0
1,663,279.6691449814126,322.8308550185874,270.6691449814126,314.3308550185874,288.6691449814126,331.3308550185874,1.0
1,664,279.6728624535316,322.8271375464684,270.6728624535316,314.3271375464684,288.6728624535316,331.3271375464684,1.0
1,665,279.67657992565057,322.82342007434943,270.67657992565057,314.32342007434943,288.67657992565057,331.32342007434943,1.0
1,666,279.6802973977695,322.8197026022305,270.6802973977695,314.3197026022305,288.6802973977695,331.3197026022305,1.0
1,667,279.6840148698885,322.8159851301115,270.6840148698885,314.3159851301115,288.6840148698885,331.3159851301115,1.0
1,668,279.68773234200745,322.81226765799255,270.68773234200745,314.31226765799255,288.68773234200745,331.31226765799255,1.0
1,669,279.6914498141264,322.8085501858736,270.6914498141264,314.3085501858736,288.6914498141264,331.3085501858736,1.0
1,670,279.69516728624535,322.80483271375465,270.69516728624535,314.30483271375465,288.69516728624535,331.30483271375465,1.0
1,671,279.69888475836433,322.80111524163567,270.69888475836433,314.30111524163567,288.69888475836433,331.30111524163567,1.0
1,672,279.70260223048325,322.79739776951675,270.70260223048325,314.29739776951675,288.70260223048325,331.29739776951675,1.0
1,673,279.70631970260223,322.79368029739777,270.70631970260223,314.29368029739777,288.70631970260223,331.29368029739777,1.0
1,674,279.7100371747212,322.7899628252788,270.7100371747212,314.2899628252788,288.7100371747212,331.2899628252788,1.0
1,675,279.71375464684013,322.78624535315987,270.71375464684013,314.28624535315987,288.71375464684013,331.28624535315987,1.0
1,676,279.7174721189591,322.7825278810409,270.7174721189591,314.2825278810409,288.7174721189591,331.2825278810409,1.0
1,677,279.7211895910781,322.7788104089219,270.7211895910781,314.2788104089219,288.7211895910781,331.2788104089219,1.0
1,678,279.724907063197,322.775092936803,270.724907063197,314.275092936803,288.724907063197,331.275092936803,1.0
1,679,279.728624535316,322.771375464684,270.728624535316,314.271375464684,288.728624535316,331.271375464684,1.0
1,680,279.73234200743497,322.76765799256503,270.73234200743497,314.26765799256503,288.73234200743497,331.26765799256503,1.0
1,681,279.7360594795539,322.7639405204461,270.7360594795539,314.2639405204461,288.7360594795539,331.2639405204461,1.0
1,682,279.73977695167287,322.76022304832713,270.73977695167287,314.26022304832713,288.73977695167287,331.26022304832713,1.0
1,683,279.74349442379184,322.75650557620816,270.74349442379184,314.25650557620816,288.74349442379184,331.25650557620816,1.0
1,684,279.74721189591077,322.75278810408923,270.74721189591077,314.25278810408923,288.74721189591077,331.25278810408923,1.0
1,685,279.75092936802974,322.74907063197026,270.75092936802974,314.24907063197026,288.75092936802974,331.24907063197026,1.0
1,686,279.7546468401487,322.7453531598513,270.7546468401487,314.2453531598513,288.7546468401487,331.2453531598513,1.0
1,687,279.75836431226764,322.74163568773236,270.75836431226764,314.24163568773236,288.75836431226764,331.24163568773236,1.0
1,688,279.7620817843866,322.7379182156134,270.7620817843866,314.2379182156134,288.7620817843866,331.2379182156134,1.0
1,689,279.7657992565056,322.7342007434944,270.7657992565056,314.2342007434944,288.7657992565056,331.2342007434944,1.0
1,690,279.7695167286245,322.7304832713755,270.7695167286245,314.2304832713755,288.7695167286245,331.2304832713755,1.0
1,691,279.7732342007435,322.7267657992565,270.7732342007435,314.2267657992565,288.7732342007435,331.2267657992565,1.0
1,692,279.7769516728625,322.7230483271375,270.7769516728625,314.2230483271375,288.7769516728625,331.2230483271375,1.0
1,693,279.7806691449814,322.7193308550186,270.7806691449814,314.2193308550186,288.7806691449814,331.2193308550186,1.0
1,694,279.7843866171004,322.7156133828996,270.7843866171004,314.2156133828996,288.7843866171004,331.2156133828996,1.0
1,695,279.7881040892193,322.7118959107807,270.7881040892193,314.2118959107807,288.7881040892193,331.2118959107807,1.0
1,696,279.7918215613383,322.7081784386617,270.7918215613383,314.2081784386617,288.7918215613383,331.2081784386617,1.0
1,697,279.79553903345726,322.70446096654274,270.79553903345726,314.20446096654274,288.79553903345726,331.20446096654274,1.0
1,698,279.7992565055762,322.7007434944238,270.7992565055762,314.2007434944238,288.7992565055762,331.2007434944238,1.0
1,699,279.80297397769516,322.69702602230484,270.80297397769516,314.19702602230484,288.80297397769516,331.19702602230484,1.0
1,700,279.80669144981414,322.69330855018586,270.80669144981414,314.19330855018586,288.80669144981414,331.19330855018586,1.0
1,701,279.81040892193306,322.68959107806694,270.81040892193306,314.18959107806694,288.81040892193306,331.18959107806694,1.0
1,702,279.81412639405204,322.68587360594796,270.81412639405204,314.18587360594796,288.81412639405204,331.18587360594796,1.0
1,703,279.817843866171,322.682156133829,270.817843866171,314.182156133829,288.817843866171,331.182156133829,1.0
1,704,279.82156133828994,322.67843866171006,270.82156133828994,314.17843866171006,288.82156133828994,331.17843866171006,1.0
1,705,279.8252788104089,322.6747211895911,270.8252788104089,314.1747211895911,288.8252788104089,331.1747211895911,1.0
1,706,279.8289962825279,322.6710037174721,270.8289962825279,314.1710037174721,288.8289962825279,331.1710037174721,1.0
1,707,279.8327137546468,322.6672862453532,270.8327137546468,314.1672862453532,288.8327137546468,331.1672862453532,1.0
1,708,279.8364312267658,322.6635687732342,270.8364312267658,314.1635687732342,288.8364312267658,331.1635687732342,1.0
1,709,279.8401486988848,322.6598513011152,270.8401486988848,314.1598513011152,288.8401486988848,331.1598513011152,1.0
1,710,279.8438661710037,322.6561338289963,270.8438661710037,314.1561338289963,288.8438661710037,331.1561338289963,1.0
1,711,279.8475836431227,322.6524163568773,270.8475836431227,314.1524163568773,288.8475836431227,331.1524163568773,1.0
1,712,279.85130111524165,322.64869888475835,270.85130111524165,314.14869888475835,288.85130111524165,331.14869888475835,1.0
1,713,279.8550185873606,322.6449814126394,270.8550185873606,314.1449814126394,288.8550185873606,331.1449814126394,1.0
1,714,279.85873605947955,322.64126394052045,270.85873605947955,314.14126394052045,288.85873605947955,331.14126394052045,1.0
1,715,279.86245353159853,322.63754646840147,270.86245353159853,314.13754646840147,288.86245353159853,331.13754646840147,1.0
1,716,279.86617100371745,322.63382899628255,270.86617100371745,314.13382899628255,288.86617100371745,331.13382899628255,1.0
1,717,279.86988847583643,322.63011152416357,270.86988847583643,314.13011152416357,288.86988847583643,331.13011152416357,1.0
1,718,279.8736059479554,322.6263940520446,270.8736059479554,314.1263940520446,288.8736059479554,331.1263940520446,1.0
1,719,279.87732342007433,322.62267657992567,270.87732342007433,314.12267657992567,288.87732342007433,331.12267657992567,1.0
1,720,279.8810408921933,322.6189591078067,270.8810408921933,314.1189591078067,288.8810408921933,331.1189591078067,1.0
1,721,279.8847583643123,322.6152416356877,270.8847583643123,314.1152416356877,288.8847583643123,331.1152416356877,1.0
1,722,279.8884758364312,322.6115241635688,270.8884758364312,314.1115241635688,288.8884758364312,331.1115241635688,1.0
1,723,279.8921933085502,322.6078066914498,270.8921933085502,314.1078066914498,288.8921933085502,331.1078066914498,1.0
1,724,279.89591078066917,322.60408921933083,270.89591078066917,314.10408921933083,288.89591078066917,331.10408921933083,1.0
1,725,279.8996282527881,322.6003717472119,270.8996282527881,314.1003717472119,288.8996282527881,331.1003717472119,1.0
1,726,279.90334572490707,322.59665427509293,270.90334572490707,314.09665427509293,288.90334572490707,331.09665427509293,1.0
1,727,279.90706319702605,322.59293680297395,270.90706319702605,314.09293680297395,288.90706319702605,331.09293680297395,1.0
1,728,279.91078066914497,322.58921933085503,270.91078066914497,314.08921933085503,288.91078066914497,331.08921933085503,1.0
1,729,279.91449814126395,322.58550185873605,270.91449814126395,314.08550185873605,288.91449814126395,331.08550185873605,1.0
1,730,279.9182156133829,322.5817843866171,270.9182156133829,314.0817843866171,288.9182156133829,331.0817843866171,1.0
1,731,279.92193308550185,322.57806691449815,270.92193308550185,314.07806691449815,288.92193308550185,331.07806691449815,1.0
1,732,279.9256505576208,322.5743494423792,270.9256505576208,314.0743494423792,288.9256505576208,331.0743494423792,1.0
1,733,279.92936802973975,322.57063197026025,270.92936802973975,314.07063197026025,288.92936802973975,331.07063197026025,1.0
1,734,279.9330855018587,322.5669144981413,270.9330855018587,314.0669144981413,288.9330855018587,331.0669144981413,1.0
1,735,279.9368029739777,322.5631970260223,270.9368029739777,314.0631970260223,288.9368029739777,331.0631970260223,1.0
1,736,279.9405204460966,322.5594795539034,270.9405204460966,314.0594795539034,288.9405204460966,331.0594795539034,1.0
1,737,279.9442379182156,322.5557620817844,270.9442379182156,314.0557620817844,288.9442379182156,331.0557620817844,1.0
1,738,279.9479553903346,322.5520446096654,270.9479553903346,314.0520446096654,288.9479553903346,331.0520446096654,1.0
1,739,279.9516728624535,322.5483271375465,270.9516728624535,314.0483271375465,288.9516728624535,331.0483271375465,1.0
1,740,279.9553903345725,322.5446096654275,270.9553903345725,314.0446096654275,288.9553903345725,331.0446096654275,1.0
1,741,279.95910780669146,322.54089219330854,270.95910780669146,314.04089219330854,288.95910780669146,331.04089219330854,1.0
1,742,279.9628252788104,322.5371747211896,270.9628252788104,314.0371747211896,288.9628252788104,331.0371747211896,1.0
1,743,279.96654275092936,322.53345724907064,270.96654275092936,314.03345724907064,288.96654275092936,331.03345724907064,1.0
1,744,279.97026022304834,322.52973977695166,270.97026022304834,314.02973977695166,288.97026022304834,331.02973977695166,1.0
1,745,279.97397769516726,322.52602230483274,270.97397769516726,314.02602230483274,288.97397769516726,331.02602230483274,1.0
1,746,279.97769516728624,322.52230483271376,270.97769516728624,314.02230483271376,288.97769516728624,331.02230483271376,1.0
1,747,279.9814126394052,322.5185873605948,270.9814126394052,314.0185873605948,288.9814126394052,331.0185873605948,1.0
1,748,279.98513011152414,322.51486988847586,270.98513011152414,314.01486988847586,288.98513011152414,331.01486988847586,1.0
1,749,279.9888475836431,322.5111524163569,270.9888475836431,314.0111524163569,288.9888475836431,331.0111524163569,1.0
1,750,279.9925650557621,322.5074349442379,270.9925650557621,314.0074349442379,288.9925650557621,331.0074349442379,1.0
1,751,279.996282527881,322.503717472119,270.996282527881,314.003717472119,288.996282527881,331.003717472119,1.0
1,752,280.0,322.5,271.0,314.0,289.0,331.0,1.0
1,753,280.0,322.5,271.0,314.0,289.0,331.0,1.0
1,754,280.0,322.5,271.0,314.0,289.0,331.0,1.0
2,0,430.5,310.5,422.0,302.0,439.0,319.0,1.0
2,1,432.0,311.0,423.0,302.0,441.0,320.0,1.0
2,2,455.5,286.5,446.0,277.0,465.0,296.0,1.0
2,3,457.5,285.5,448.0,276.0,467.0,295.0,1.0
2,4,457.5,285.75,447.5,277.0,467.5,294.5,1.0
2,5,457.5,286.0,447.0,278.0,468.0,294.0,1.0
2,6,456.5,288.5,447.0,279.0,466.0,298.0,1.0
2,7,458.0,287.5,448.0,278.0,468.0,297.0,1.0
2,8,459.5,286.5,449.0,277.0,470.0,296.0,1.0
2,9,459.83333333333337,285.8333333333333,449.66666666666674,276.3333333333333,470.0,295.3333333333333,1.0
2,10,460.16666666666663,285.1666666666667,450.33333333333326,275.6666666666667,470.0,294.6666666666667,1.0
2,11,460.5,284.5,451.0,275.0,470.0,294.0,1.0
2,12,463.5,284.1666666666667,454.0,274.6666666666667,473.0,293.6666666666667,1.0
2,13,466.5,283.8333333333333,457.0,274.3333333333333,476.0,293.3333333333333,1.0
2,14,469.5,283.5,460.0,274.0,479.0,293.0,1.0
2,15,467.5,280.8333333333333,458.0,271.3333333333333,477.0,290.3333333333333,1.0
2,16,465.5,278.1666666666667,456.0,268.6666666666667,475.0,287.6666666666667,1.0
2,17,463.5,275.5,454.0,266.0,473.0,285.0,1.0
2,18,464.94444444444446,275.05555555555554,455.44444444444446,265.55555555555554,474.44444444444446,284.55555555555554,1.0
2,19,466.3888888888889,274.6111111111111,456.8888888888889,265.1111111111111,475.8888888888889,284.1111111111111,1.0
2,20,467.8333333333333,274.1666666666667,458.3333333333333,264.6666666666667,477.3333333333333,283.6666666666667,1.0
2,21,469.27777777777777,273.72222222222223,459.77777777777777,264.22222222222223,478.77777777777777,283.22222222222223,1.0
2,22,470.72222222222223,273.27777777777777,461.22222222222223,263.77777777777777,480.22222222222223,282.77777777777777,1.0
2,23,472.1666666666667,272.8333333333333,462.6666666666667,263.3333333333333,481.6666666666667,282.3333333333333,1.0
2,24,473.6111111111111,272.3888888888889,464.1111111111111,262.8888888888889,483.1111111111111,281.8888888888889,1.0
2,25,475.05555555555554,271.94444444444446,465.55555555555554,262.44444444444446,484.55555555555554,281.44444444444446,1.0
2,26,476.5,271.5,467.0,262.0,486.0,281.0,1.0
2,27,477.94444444444446,271.05555555555554,468.44444444444446,261.55555555555554,487.44444444444446,280.55555555555554,1.0
2,28,479.3888888888889,270.6111111111111,469.8888888888889,261.1111111111111,488.8888888888889,280.1111111111111,1.0
2,29,480.83333333333326,270.1666666666667,471.33333333333326,260.6666666666667,490.33333333333326,279.6666666666667,1.0
2,30,482.2777777777777,269.72222222222223,472.7777777777777,260.22222222222223,491.7777777777777,279.22222222222223,1.0
2,31,483.7222222222222,269.27777777777777,474.2222222222222,259.77777777777777,493.2222222222222,278.77777777777777,1.0
2,32,485.16666666666663,268.8333333333333,475.66666666666663,259.3333333333333,494.66666666666663,278.3333333333333,1.0
2,33,486.6111111111111,268.3888888888889,477.1111111111111,258.8888888888889,496.1111111111111,277.8888888888889,1.0
2,34,488.05555555555554,267.94444444444446,478.55555555555554,258.44444444444446,497.55555555555554,277.44444444444446,1.0
2,35,489.5,267.5,480.0,258.0,499.0,277.0,1.0
2,36,490.3333333333333,266.45833333333337,480.8333333333333,257.0,499.8333333333333,275.91666666666674,1.0
2,37,491.1666666666667,265.41666666666663,481.6666666666667,255.99999999999997,500.6666666666667,274.83333333333326,1.0
2,38,492.0,264.375,482.5,255.0,501.5,273.75,1.0
2,39,492.8333333333333,263.33333333333337,483.3333333333333,254.00000000000003,502.3333333333333,272.66666666666674,1.0
2,40,493.6666666666667,262.29166666666663,484.1666666666667,252.99999999999997,503.1666666666667,271.58333333333326,1.0
2,41,494.5,261.25,485.0,252.0,504.0,270.5,1.0
2,42,495.3333333333333,260.20833333333337,485.8333333333333,251.00000000000003,504.8333333333333,269.41666666666674,1.0
2,43,496.1666666666667,259.16666666666663,486.6666666666667,249.99999999999997,505.6666666666667,268.33333333333326,1.0
2,44,497.0,258.125,487.5,249.0,506.5,267.25,1.0
2,45,497.8333333333333,257.08333333333337,488.3333333333333,248.00000000000003,507.3333333333333,266.16666666666674,1.0
2,46,498.6666666666667,256.04166666666663,489.1666666666667,246.99999999999997,508.1666666666667,265.08333333333326,1.0
2,47,499.5,255.0,490.0,246.0,509.0,264.0,1.0
2,48,500.625,254.8125,491.125,245.875,510.125,263.75,1.0
2,49,501.75,254.62500000000003,492.25,245.75000000000003,511.25,263.5,1.0
2,50,502.875,254.43749999999997,493.375,245.62499999999997,512.375,263.25,1.0
2,51,504.0,254.25,494.5,245.5,513.5,263.0,1.0
2,52,505.125,254.0625,495.625,245.375,514.625,262.75,1.0
2,53,506.25,253.875,496.75,245.25,515.75,262.5,1.0
2,54,507.375,253.68750000000003,497.875,245.12500000000003,516.875,262.25,1.0
2,55,508.5,253.49999999999997,499.0,244.99999999999997,518.0,262.0,1.0
2,56,509.5,253.10000000000002,500.0,244.60000000000002,519.0,261.6,1.0
2,57,510.5,252.70000000000002,501.0,244.20000000000002,520.0,261.20000000000005,1.0
2,58,511.5,252.3,502.0,243.8,521.0,260.8,1.0
2,59,512.5,251.9,503.0,243.40000000000003,522.0,260.4,1.0
2,60,513.5,251.5,504.0,243.0,523.0,260.0,1.0
2,61,512.8333333333334,249.5,503.33333333333337,241.0,522.3333333333334,258.0,1.0
2,62,512.1666666666666,247.5,502.66666666666663,239.0,521.6666666666666,256.0,1.0
2,63,511.5,245.5,502.0,237.0,521.0,254.0,1.0
2,64,512.9,244.5,503.4,236.0,522.4,253.0,1.0
2,65,514.3,243.5,504.79999999999995,235.0,523.8,252.0,1.0
2,66,515.7,242.50000000000003,506.20000000000005,234.00000000000003,525.2,251.00000000000003,1.0
2,67,517.1,241.50000000000003,507.6,233.00000000000003,526.6,250.00000000000003,1.0
2,68,518.5,240.50000000000003,509.0,232.00000000000003,528.0,249.00000000000003,1.0
2,69,519.125,241.24999999999997,510.0,232.99999999999997,528.25,249.49999999999997,1.0
2,70,519.75,242.0,511.0,234.0,528.5,250.0,1.0
2,71,520.375,242.75,512.0,235.0,528.75,250.5,1.0
2,72,521.0,243.5,513.0,236.0,529.0,251.0,1.0
2,73,522.5,245.25000000000003,514.0,237.50000000000003,531.0,253.00000000000003,1.0
2,74,524.0,246.99999999999997,515.0,238.99999999999997,533.0,254.99999999999997,1.0
2,75,525.25,245.75,516.0,237.5,534.5,254.0,1.0
2,76,526.5,244.5,517.0,236.0,536.0,253.0,1.0
2,77,527.9285714285714,244.07142857142858,518.4285714285714,235.57142857142858,537.4285714285714,252.57142857142858,1.0
2,78,529.3571428571429,243.64285714285717,519.8571428571429,235.14285714285717,538.8571428571429,252.14285714285717,1.0
2,79,530.7857142857143,243.21428571428572,521.2857142857143,234.71428571428572,540.2857142857143,251.71428571428572,1.0
2,80,532.2142857142857,242.7857142857143,522.7142857142857,234.2857142857143,541.7142857142857,251.2857142857143,1.0
2,81,533.6428571428571,242.3571428571429,524.1428571428571,233.8571428571429,543.1428571428571,250.8571428571429,1.0
2,82,535.0714285714286,241.9285714285714,525.5714285714286,233.4285714285714,544.5714285714286,250.4285714285714,1.0
2,83,536.5,241.50000000000003,527.0,233.00000000000003,546.0,250.00000000000003,1.0
2,84,536.8333333333334,239.83333333333334,527.3333333333334,231.33333333333334,546.3333333333334,248.33333333333334,1.0
2,85,537.1666666666666,238.16666666666666,527.6666666666666,229.66666666666666,546.6666666666666,246.66666666666666,1.0
2,86,537.5,236.5,528.0,228.0,547.0,245.0,1.0
2,87,539.0,237.5,529.5,229.0,548.5,246.0,1.0
2,88,540.5,238.5,531.0,230.0,550.0,247.0,1.0
2,89,539.1666666666666,236.5,529.6666666666666,228.0,548.6666666666666,245.0,1.0
2,90,537.8333333333334,234.5,528.3333333333334,226.0,547.3333333333334,243.0,1.0
2,91,536.5,232.5,527.0,224.0,546.0,241.0,1.0
2,92,537.3235294117648,231.55882352941177,527.8235294117648,223.05882352941177,546.8235294117648,240.05882352941177,1.0
2,93,538.1470588235294,230.61764705882354,528.6470588235294,222.11764705882354,547.6470588235294,239.11764705882354,1.0
2,94,538.9705882352941,229.6764705882353,529.4705882352941,221.1764705882353,548.4705882352941,238.1764705882353,1.0
2,95,539.7941176470588,228.73529411764707,530.2941176470588,220.23529411764707,549.2941176470588,237.23529411764707,1.0
2,96,540.6176470588235,227.7941176470588,531.1176470588235,219.2941176470588,550.1176470588235,236.2941176470588,1.0
2,97,541.4411764705883,226.85294117647058,531.9411764705883,218.35294117647058,550.9411764705883,235.35294117647058,1.0
2,98,542.2647058823529,225.91176470588235,532.7647058823529,217.41176470588235,551.7647058823529,234.41176470588235,1.0
2,99,543.0882352941177,224.97058823529412,533.5882352941177,216.47058823529412,552.5882352941177,233.47058823529412,1.0
2,100,543.9117647058823,224.02941176470588,534.4117647058823,215.52941176470588,553.4117647058823,232.52941176470588,1.0
2,101,544.7352941176471,223.08823529411765,535.2352941176471,214.58823529411765,554.2352941176471,231.58823529411765,1.0
2,102,545.5588235294117,222.14705882352942,536.0588235294117,213.64705882352942,555.0588235294117,230.64705882352942,1.0
2,103,546.3823529411765,221.2058823529412,536.8823529411765,212.7058823529412,555.8823529411765,229.7058823529412,1.0
2,104,547.2058823529412,220.26470588235293,537.7058823529412,211.76470588235293,556.7058823529412,228.76470588235293,1.0
2,105,548.0294117647059,219.3235294117647,538.5294117647059,210.8235294117647,557.5294117647059,227.8235294117647,1.0
2,106,548.8529411764706,218.38235294117646,539.3529411764706,209.88235294117646,558.3529411764706,226.88235294117646,1.0
2,107,549.6764705882352,217.44117647058823,540.1764705882352,208.94117647058823,559.1764705882352,225.94117647058823,1.0
2,108,550.5,216.5,541.0,208.0,560.0,225.0,1.0
2,109,551.625,215.125,542.125,206.625,561.125,223.625,1.0
2,110,552.75,213.75,543.25,205.25,562.25,222.25,1.0
2,111,553.875,212.375,544.375,203.875,563.375,220.875,1.0
2,112,555.0,211.0,545.5,202.5,564.5,219.5,1.0
2,113,556.125,209.625,546.625,201.125,565.625,218.125,1.0
2,114,557.25,208.25,547.75,199.75,566.75,216.75,1.0
2,115,558.375,206.875,548.875,198.375,567.875,215.375,1.0
2,116,559.5,205.5,550.0,197.0,569.0,214.0,1.0
2,117,561.5,207.83333333333334,552.0,199.33333333333334,571.0,216.33333333333334,1.0
2,118,563.5,210.16666666666666,554.0,201.66666666666666,573.0,218.66666666666666,1.0
2,119,565.5,212.5,556.0,204.0,575.0,221.0,1.0
2,120,566.75,211.25,557.25,202.75,576.25,219.75,1.0
2,121,568.0,210.0,558.5,201.5,577.5,218.5,1.0
2,122,569.25,208.75,559.75,200.25,578.75,217.25,1.0
2,123,570.5,207.5,561.0,199.0,580.0,216.0,1.0
2,124,570.4285714285714,206.71428571428572,561.0,198.0,579.8571428571429,215.42857142857144,1.0
2,125,570.3571428571429,205.92857142857144,561.0,197.0,579.7142857142858,214.8571428571429,1.0
2,126,570.2857142857142,205.14285714285714,561.0,196.0,579.5714285714284,214.28571428571428,1.0
2,127,570.2142857142858,204.35714285714286,561.0,195.0,579.4285714285716,213.71428571428572,1.0
2,128,570.1428571428571,203.57142857142856,561.0,194.0,579.2857142857142,213.1428571428571,1.0
2,129,570.0714285714286,202.78571428571428,561.0,193.0,579.1428571428571,212.57142857142856,1.0
2,130,570.0,202.0,561.0,192.0,579.0,212.0,1.0
2,131,571.9,201.7,562.8,192.0,581.0,211.39999999999998,1.0
2,132,573.8,201.4,564.5999999999999,192.0,583.0,210.8,1.0
2,133,575.7,201.1,566.4000000000001,192.0,585.0,210.2,1.0
2,134,577.6,200.8,568.2,192.0,587.0,209.60000000000002,1.0
2,135,579.5,200.5,570.0,192.0,589.0,209.0,1.0
2,136,580.8333333333334,199.5,571.3333333333334,191.0,590.3333333333334,208.0,1.0
2,137,582.1666666666666,198.5,572.6666666666666,190.0,591.6666666666666,207.0,1.0
2,138,583.5,197.5,574.0,189.0,593.0,206.0,1.0
2,139,584.8333333333334,196.5,575.3333333333334,188.0,594.3333333333334,205.0,1.0
2,140,586.1666666666666,195.5,576.6666666666666,187.0,595.6666666666666,204.0,1.0
2,141,587.5,194.5,578.0,186.0,597.0,203.0,1.0
2,142,588.8333333333334,193.5,579.3333333333334,185.0,598.3333333333334,202.0,1.0
2,143,590.1666666666666,192.5,580.6666666666666,184.0,599.6666666666666,201.0,1.0
2,144,591.5,191.5,582.0,183.0,601.0,200.0,1.0
2,145,592.5,190.35714285714286,583.0,181.71428571428572,602.0,199.0,1.0
2,146,593.5,189.21428571428572,584.0,180.42857142857144,603.0,198.0,1.0
2,147,594.5,188.07142857142856,585.0,179.1428571428571,604.0,197.0,1.0
2,148,595.5,186.92857142857144,586.0,177.8571428571429,605.0,196.0,1.0
2,149,596.5,185.78571428571428,587.0,176.57142857142856,606.0,195.0,1.0
2,150,597.5,184.64285714285714,588.0,175.28571428571428,607.0,194.0,1.0
2,151,598.5,183.5,589.0,174.0,608.0,193.0,1.0
2,152,598.8333333333334,182.08333333333331,589.3333333333334,172.66666666666663,608.3333333333334,191.5,1.0
2,153,599.1666666666666,180.66666666666669,589.6666666666666,171.33333333333337,608.6666666666666,190.0,1.0
2,154,599.5,179.25,590.0,170.0,609.0,188.5,1.0
2,155,599.8333333333334,177.83333333333331,590.3333333333334,168.66666666666663,609.3333333333334,187.0,1.0
2,156,600.1666666666666,176.41666666666669,590.6666666666666,167.33333333333337,609.6666666666666,185.5,1.0
2,157,600.5,175.0,591.0,166.0,610.0,184.0,1.0
2,158,602.0,175.625,592.5,166.75,611.5,184.5,1.0
2,159,603.5,176.25,594.0,167.5,613.0,185.0,1.0
2,160,605.0,176.875,595.5,168.25,614.5,185.5,1.0
2,161,606.5,177.5,597.0,169.0,616.0,186.0,1.0
2,162,608.1666666666666,176.5,598.6666666666666,168.0,617.6666666666666,185.0,1.0
2,163,609.8333333333334,175.5,600.3333333333334,167.0,619.3333333333334,184.0,1.0
2,164,611.5,174.5,602.0,166.0,621.0,183.0,1.0
2,165,611.9545454545455,173.1818181818182,602.3636363636365,164.63636363636363,621.5454545454545,181.72727272727275,1.0
2,166,612.409090909091,171.86363636363637,602.7272727272727,163.27272727272728,622.0909090909092,180.45454545454547,1.0
2,167,612.8636363636364,170.54545454545456,603.0909090909091,161.90909090909093,622.6363636363636,179.1818181818182,1.0
2,168,613.3181818181818,169.22727272727272,603.4545454545455,160.54545454545453,623.181818181818,177.9090909090909,1.0
2,169,613.7727272727273,167.9090909090909,603.8181818181818,159.1818181818182,623.7272727272727,176.63636363636363,1.0
2,170,614.2272727272727,166.5909090909091,604.1818181818182,157.8181818181818,624.2727272727273,175.36363636363637,1.0
2,171,614.6818181818182,165.27272727272728,604.5454545454545,156.45454545454547,624.818181818182,174.0909090909091,1.0
2,172,615.1363636363636,163.95454545454544,604.9090909090909,155.09090909090907,625.3636363636364,172.8181818181818,1.0
2,173,615.590909090909,162.63636363636363,605.2727272727273,153.72727272727272,625.9090909090908,171.54545454545453,1.0
2,174,616.0454545454545,161.3181818181818,605.6363636363635,152.36363636363637,626.4545454545455,170.27272727272725,1.0
2,175,616.5,160.0,606.0,151.0,627.0,169.0,1.0
2,176,617.5,160.25,607.25,151.25,627.75,169.25,1.0
2,177,618.5,160.5,608.5,151.5,628.5,169.5,1.0
2,178,619.5,160.75,609.75,151.75,629.25,169.75,1.0
2,179,620.5,161.0,611.0,152.0,630.0,170.0,1.0
2,180,621.5,159.75,612.0,151.0,631.0,168.5,1.0
2,181,622.5,158.5,613.0,150.0,632.0,167.0,1.0
2,182,622.8333333333333,159.16666666666666,613.0,150.66666666666666,632.6666666666665,167.66666666666666,1.0
2,183,623.1666666666667,159.83333333333334,613.0,151.33333333333334,633.3333333333335,168.33333333333334,1.0
2,184,623.5,160.5,613.0,152.0,634.0,169.0,1.0
2,185,624.5,159.88888888888889,614.3333333333334,151.11111111111111,634.6666666666666,168.66666666666666,1.0
2,186,625.5,159.27777777777777,615.6666666666666,150.22222222222223,635.3333333333334,168.33333333333331,1.0
2,187,626.5,158.66666666666669,617.0,149.33333333333337,636.0,168.0,1.0
2,188,627.5,158.05555555555554,618.3333333333334,148.44444444444446,636.6666666666666,167.66666666666663,1.0
2,189,628.5,157.44444444444446,619.6666666666666,147.55555555555554,637.3333333333334,167.33333333333337,1.0
2,190,629.5,156.83333333333331,621.0,146.66666666666663,638.0,167.0,1.0
2,191,630.5,156.22222222222223,622.3333333333334,145.77777777777777,638.6666666666666,166.66666666666669,1.0
2,192,631.5,155.61111111111111,623.6666666666666,144.88888888888889,639.3333333333334,166.33333333333334,1.0
2,193,632.5,155.0,625.0,144.0,640.0,166.0,1.0
2,194,632.5714285714286,153.85714285714286,625.1428571428571,143.0,640.0,164.71428571428572,1.0
2,195,632.6428571428571,152.71428571428572,625.2857142857142,142.0,640.0,163.42857142857144,1.0
2,196,632.7142857142858,151.57142857142856,625.4285714285716,141.0,640.0,162.1428571428571,1.0
2,197,632.7857142857142,150.42857142857144,625.5714285714284,140.0,640.0,160.8571428571429,1.0
2,198,632.8571428571429,149.28571428571428,625.7142857142858,139.0,640.0,159.57142857142856,1.0
2,199,632.9285714285714,148.14285714285714,625.8571428571429,138.0,640.0,158.28571428571428,1.0
2,200,633.0,147.0,626.0,137.0,640.0,157.0,1.0
2,201,634.0,146.0,628.0,137.0,640.0,155.0,1.0
2,202,635.0,145.0,630.0,137.0,640.0,153.0,1.0
2,203,635.75,145.0,631.5,137.0,640.0,153.0,1.0
2,204,636.5,145.0,633.0,137.0,640.0,153.0,1.0
2,205,637.0,145.0,634.0,137.0,640.0,153.0,1.0
3,0,609.5,243.0,601.0,232.0,618.0,254.0,1.0
3,1,611.0,243.5,602.0,233.0,620.0,254.0,1.0
3,2,608.0,246.5,598.0,239.0,618.0,254.0,1.0
3,3,607.9705882352941,246.70588235294116,598.0294117647059,239.1470588235294,617.9117647058824,254.26470588235293,1.0
3,4,607.9411764705883,246.91176470588235,598.0588235294117,239.2941176470588,617.8235294117649,254.52941176470588,1.0
3,5,607.9117647058824,247.11764705882356,598.0882352941178,239.4411764705883,617.7352941176471,254.79411764705884,1.0
3,6,607.8823529411765,247.3235294117647,598.1176470588235,239.58823529411762,617.6470588235294,255.05882352941177,1.0
3,7,607.8529411764705,247.5294117647059,598.1470588235293,239.7352941176471,617.5588235294117,255.32352941176472,1.0
3,8,607.8235294117646,247.73529411764707,598.1764705882351,239.88235294117646,617.4705882352941,255.58823529411768,1.0
3,9,607.7941176470588,247.9411764705882,598.2058823529412,240.02941176470586,617.3823529411764,255.85294117647055,1.0
3,10,607.7647058823529,248.14705882352942,598.2352941176471,240.1764705882353,617.2941176470588,256.11764705882354,1.0
3,11,607.7352941176471,248.35294117647055,598.2647058823529,240.32352941176467,617.2058823529412,256.38235294117646,1.0
3,12,607.7058823529412,248.55882352941177,598.2941176470588,240.47058823529414,617.1176470588236,256.6470588235294,1.0
3,13,607.6764705882354,248.76470588235296,598.3235294117649,240.61764705882354,617.0294117647059,256.9117647058824,1.0
3,14,607.6470588235295,248.97058823529412,598.3529411764707,240.76470588235293,616.9411764705883,257.1764705882353,1.0
3,15,607.6176470588235,249.1764705882353,598.3823529411765,240.91176470588238,616.8529411764706,257.44117647058823,1.0
3,16,607.5882352941176,249.38235294117646,598.4117647058822,241.05882352941177,616.7647058823529,257.70588235294116,1.0
3,17,607.5588235294117,249.58823529411768,598.4411764705883,241.20588235294122,616.6764705882351,257.97058823529414,1.0
3,18,607.5294117647059,249.7941176470588,598.4705882352941,241.35294117647055,616.5882352941176,258.2352941176471,1.0
3,19,607.5,250.00000000000003,598.5,241.50000000000003,616.5,258.5,1.0
3,20,607.4705882352941,250.20588235294116,598.5294117647059,241.6470588235294,616.4117647058824,258.7647058823529,1.0
3,21,607.4411764705883,250.41176470588232,598.5588235294117,241.79411764705878,616.3235294117649,259.02941176470586,1.0
3,22,607.4117647058824,250.6176470588235,598.5882352941178,241.9411764705882,616.2352941176471,259.2941176470588,1.0
3,23,607.3823529411765,250.82352941176472,598.6176470588235,242.08823529411768,616.1470588235294,259.55882352941177,1.0
3,24,607.3529411764705,251.02941176470586,598.6470588235293,242.23529411764704,616.0588235294117,259.82352941176464,1.0
3,25,607.3235294117646,251.23529411764702,598.6764705882351,242.38235294117644,615.9705882352941,260.08823529411757,1.0
3,26,607.2941176470588,251.44117647058823,598.7058823529412,242.52941176470586,615.8823529411764,260.3529411764706,1.0
3,27,607.2647058823529,251.64705882352942,598.7352941176471,242.6764705882353,615.7941176470588,260.61764705882354,1.0
3,28,607.2352941176471,251.85294117647058,598.7647058823529,242.8235294117647,615.7058823529412,260.88235294117646,1.0
3,29,607.2058823529412,252.05882352941177,598.7941176470588,242.97058823529414,615.6176470588236,261.1470588235294,1.0
3,30,607.1764705882354,252.26470588235298,598.8235294117649,243.11764705882356,615.5294117647059,261.41176470588243,1.0
3,31,607.1470588235295,252.47058823529412,598.8529411764707,243.26470588235293,615.4411764705883,261.6764705882353,1.0
3,32,607.1176470588235,252.67647058823533,598.8823529411765,243.41176470588238,615.3529411764706,261.9411764705883,1.0
3,33,607.0882352941176,252.88235294117646,598.9117647058822,243.55882352941177,615.2647058823529,262.20588235294116,1.0
3,34,607.0588235294117,253.08823529411768,598.9411764705883,243.70588235294122,615.1764705882351,262.47058823529414,1.0
3,35,607.0294117647059,253.29411764705884,598.9705882352941,243.8529411764706,615.0882352941176,262.7352941176471,1.0
3,36,607.0,253.49999999999997,599.0,243.99999999999997,615.0,263.0,1.0
3,37,606.9,253.56666666666666,598.9333333333333,244.0,614.8666666666667,263.1333333333333,1.0
3,38,606.8,253.63333333333333,598.8666666666666,244.0,614.7333333333333,263.26666666666665,1.0
3,39,606.7,253.70000000000002,598.8,244.00000000000003,614.6000000000001,263.4,1.0
3,40,606.6,253.76666666666668,598.7333333333333,244.0,614.4666666666667,263.53333333333336,1.0
3,41,606.5,253.83333333333337,598.6666666666666,244.00000000000003,614.3333333333334,263.66666666666674,1.0
3,42,606.4000000000001,253.89999999999998,598.6000000000001,243.99999999999997,614.2,263.79999999999995,1.0
3,43,606.3,253.96666666666667,598.5333333333333,244.0,614.0666666666666,263.93333333333334,1.0
3,44,606.2,254.03333333333333,598.4666666666667,244.0,613.9333333333334,264.06666666666666,1.0
3,45,606.0999999999999,254.10000000000002,598.3999999999999,244.00000000000003,613.8,264.20000000000005,1.0
3,46,606.0,254.16666666666663,598.3333333333334,243.99999999999997,613.6666666666666,264.33333333333326,1.0
3,47,605.9,254.23333333333332,598.2666666666667,244.0,613.5333333333333,264.46666666666664,1.0
3,48,605.8,254.3,598.2,244.0,613.3999999999999,264.6,1.0
3,49,605.7,254.36666666666667,598.1333333333334,244.0,613.2666666666667,264.73333333333335,1.0
3,50,605.6,254.43333333333334,598.0666666666667,244.0,613.1333333333333,264.8666666666667,1.0
3,51,605.5,254.49999999999997,598.0,243.99999999999997,613.0,265.0,1.0
3,52,605.2647058823529,254.35294117647058,597.6470588235294,243.94117647058823,612.8823529411765,264.7647058823529,1.0
3,53,605.0294117647059,254.20588235294116,597.2941176470588,243.88235294117646,612.7647058823529,264.52941176470586,1.0
3,54,604.7941176470588,254.05882352941177,596.9411764705883,243.8235294117647,612.6470588235293,264.29411764705884,1.0
3,55,604.5588235294117,253.91176470588232,596.5882352941176,243.7647058823529,612.5294117647059,264.0588235294117,1.0
3,56,604.3235294117646,253.76470588235296,596.2352941176471,243.70588235294122,612.4117647058822,263.8235294117647,1.0
3,57,604.0882352941176,253.61764705882356,595.8823529411764,243.64705882352945,612.2941176470588,263.5882352941177,1.0
3,58,603.8529411764705,253.47058823529412,595.5294117647059,243.58823529411762,612.1764705882351,263.3529411764706,1.0
3,59,603.6176470588234,253.3235294117647,595.1764705882351,243.52941176470586,612.0588235294117,263.11764705882354,1.0
3,60,603.3823529411766,253.1764705882353,594.8235294117649,243.47058823529414,611.9411764705883,262.88235294117646,1.0
3,61,603.1470588235295,253.02941176470586,594.4705882352941,243.41176470588232,611.8235294117649,262.6470588235294,1.0
3,62,602.9117647058824,252.88235294117646,594.1176470588236,243.35294117647055,611.7058823529412,262.4117647058824,1.0
3,63,602.6764705882354,252.7352941176471,593.7647058823529,243.29411764705884,611.5882352941178,262.17647058823536,1.0
3,64,602.4411764705883,252.58823529411765,593.4117647058824,243.23529411764707,611.4705882352941,261.94117647058823,1.0
3,65,602.2058823529412,252.44117647058823,593.0588235294117,243.1764705882353,611.3529411764707,261.70588235294116,1.0
3,66,601.9705882352941,252.29411764705884,592.7058823529412,243.11764705882354,611.2352941176471,261.47058823529414,1.0
3,67,601.7352941176471,252.1470588235294,592.3529411764706,243.05882352941174,611.1176470588235,261.2352941176471,1.0
3,68,601.5,252.0,592.0,243.0,611.0,261.0,1.0
3,69,601.125,249.5,591.75,240.25,610.5,258.75,1.0
3,70,600.75,246.99999999999997,591.5,237.49999999999997,610.0,256.5,1.0
3,71,600.375,244.5,591.25,234.75,609.5,254.25,1.0
3,72,600.0,242.0,591.0,232.0,609.0,252.0,1.0
3,73,600.1666666666667,240.33333333333334,591.0,230.0,609.3333333333335,250.66666666666669,1.0
3,74,600.3333333333333,238.66666666666669,591.0,228.0,609.6666666666665,249.33333333333337,1.0
3,75,600.5,237.0,591.0,226.0,610.0,248.0,1.0
3,76,600.3,236.3,590.5999999999999,225.60000000000002,610.0,247.0,1.0
3,77,600.1,235.6,590.2,225.2,610.0,246.0,1.0
3,78,599.9,234.9,589.8,224.8,610.0,245.0,1.0
3,79,599.7,234.2,589.4000000000001,224.39999999999998,610.0,244.0,1.0
3,80,599.5,233.5,589.0,224.0,610.0,243.0,1.0
3,81,599.1666666666667,235.0,588.3333333333335,225.66666666666666,610.0,244.33333333333334,1.0
3,82,598.8333333333333,236.5,587.6666666666665,227.33333333333334,610.0,245.66666666666666,1.0
3,83,598.5,238.0,587.0,229.0,610.0,247.0,1.0
3,84,598.125,238.5,586.625,229.5,609.625,247.5,1.0
3,85,597.75,239.0,586.25,230.0,609.25,248.0,1.0
3,86,597.375,239.5,585.875,230.5,608.875,248.5,1.0
3,87,597.0,240.0,585.5,231.0,608.5,249.0,1.0
3,88,596.625,240.50000000000003,585.125,231.50000000000003,608.125,249.50000000000003,1.0
3,89,596.25,241.0,584.75,232.0,607.75,250.0,1.0
3,90,595.875,241.50000000000003,584.375,232.50000000000003,607.375,250.50000000000003,1.0
3,91,595.5,242.0,584.0,233.0,607.0,251.0,1.0
3,92,595.5555555555555,241.1111111111111,584.2222222222222,231.88888888888886,606.8888888888889,250.33333333333331,1.0
3,93,595.6111111111111,240.22222222222223,584.4444444444443,230.77777777777777,606.7777777777778,249.66666666666669,1.0
3,94,595.6666666666666,239.33333333333331,584.6666666666666,229.66666666666663,606.6666666666666,249.0,1.0
3,95,595.7222222222222,238.44444444444446,584.8888888888889,228.55555555555554,606.5555555555554,248.33333333333337,1.0
3,96,595.7777777777778,237.55555555555554,585.1111111111111,227.44444444444446,606.4444444444446,247.66666666666663,1.0
3,97,595.8333333333334,236.66666666666669,585.3333333333334,226.33333333333337,606.3333333333334,247.0,1.0
3,98,595.8888888888889,235.77777777777777,585.5555555555557,225.22222222222223,606.2222222222222,246.33333333333331,1.0
3,99,595.9444444444445,234.88888888888889,585.7777777777778,224.11111111111111,606.1111111111111,245.66666666666666,1.0
3,100,596.0,234.0,586.0,223.0,606.0,245.0,1.0
3,101,597.5,234.1875,587.5,223.25,607.5,245.125,1.0
3,102,599.0,234.375,589.0,223.5,609.0,245.25,1.0
3,103,600.5,234.5625,590.5,223.75,610.5,245.375,1.0
3,104,602.0,234.75,592.0,224.0,612.0,245.5,1.0
3,105,603.5,234.9375,593.5,224.25,613.5,245.625,1.0
3,106,605.0,235.125,595.0,224.5,615.0,245.75,1.0
3,107,606.5,235.3125,596.5,224.75,616.5,245.875,1.0
3,108,608.0,235.5,598.0,225.0,618.0,246.0,1.0
3,109,607.375,235.125,597.25,224.625,617.5,245.625,1.0
3,110,606.75,234.75,596.5,224.25,617.0,245.25,1.0
3,111,606.125,234.375,595.75,223.875,616.5,244.875,1.0
3,112,605.5,234.0,595.0,223.5,616.0,244.5,1.0
3,113,604.875,233.625,594.25,223.125,615.5,244.125,1.0
3,114,604.25,233.25,593.5,222.75,615.0,243.75,1.0
3,115,603.625,232.875,592.75,222.375,614.5,243.375,1.0
3,116,603.0,232.5,592.0,222.0,614.0,243.0,1.0
3,117,602.1666666666666,233.0,590.6666666666666,223.33333333333334,613.6666666666666,242.66666666666666,1.0
3,118,601.3333333333334,233.5,589.3333333333334,224.66666666666666,613.3333333333334,242.33333333333334,1.0
3,119,600.5,234.0,588.0,226.0,613.0,242.0,1.0
3,120,600.875,232.625,589.25,223.75,612.5,241.5,1.0
3,121,601.25,231.25,590.5,221.5,612.0,241.0,1.0
3,122,601.625,229.875,591.75,219.25,611.5,240.5,1.0
3,123,602.0,228.5,593.0,217.0,611.0,240.0,1.0
3,124,602.8571428571429,228.64285714285714,593.8571428571429,217.28571428571428,611.8571428571429,240.0,1.0
3,125,603.7142857142857,228.78571428571428,594.7142857142857,217.57142857142856,612.7142857142857,240.0,1.0
3,126,604.5714285714286,228.92857142857144,595.5714285714286,217.8571428571429,613.5714285714286,240.0,1.0
3,127,605.4285714285714,229.07142857142856,596.4285714285714,218.1428571428571,614.4285714285714,240.0,1.0
3,128,606.2857142857143,229.21428571428572,597.2857142857143,218.42857142857144,615.2857142857143,240.0,1.0
3,129,607.1428571428571,229.35714285714286,598.1428571428571,218.71428571428572,616.1428571428571,240.0,1.0
3,130,608.0,229.5,599.0,219.0,617.0,240.0,1.0
3,131,607.4,228.8,598.4,218.40000000000003,616.4,239.2,1.0
3,132,606.8,228.10000000000002,597.8,217.8,615.8,238.40000000000003,1.0
3,133,606.2,227.39999999999998,597.2,217.2,615.2,237.59999999999997,1.0
3,134,605.6,226.7,596.6,216.59999999999997,614.6,236.8,1.0
3,135,605.0,226.0,596.0,216.0,614.0,236.0,1.0
3,136,603.875,227.0,594.75,217.0,613.0,237.0,1.0
3,137,602.75,228.0,593.5,218.0,612.0,238.0,1.0
3,138,601.625,229.0,592.25,219.0,611.0,239.0,1.0
3,139,600.5,230.0,591.0,220.0,610.0,240.0,1.0
3,140,601.4,229.8,591.8,219.60000000000002,611.0,240.0,1.0
3,141,602.3,229.6,592.5999999999999,219.2,612.0,240.0,1.0
3,142,603.2,229.4,593.4000000000001,218.8,613.0,240.0,1.0
3,143,604.1,229.2,594.2,218.39999999999998,614.0,240.0,1.0
3,144,605.0,229.0,595.0,218.0,615.0,240.0,1.0
3,145,606.1428571428571,229.64285714285714,596.0,218.85714285714286,616.2857142857142,240.42857142857142,1.0
3,146,607.2857142857142,230.28571428571428,597.0,219.71428571428572,617.5714285714284,240.85714285714283,1.0
3,147,608.4285714285714,230.92857142857144,598.0,220.5714285714286,618.8571428571429,241.28571428571428,1.0
3,148,609.5714285714286,231.57142857142856,599.0,221.4285714285714,620.1428571428571,241.71428571428572,1.0
3,149,610.7142857142858,232.21428571428572,600.0,222.28571428571428,621.4285714285716,242.14285714285717,1.0
3,150,611.8571428571429,232.85714285714286,601.0,223.14285714285714,622.7142857142858,242.57142857142858,1.0
3,151,613.0,233.5,602.0,224.0,624.0,243.0,1.0
3,152,613.4615384615385,233.96153846153845,602.4615384615385,224.46153846153845,624.4615384615385,243.46153846153845,1.0
3,153,613.9230769230769,234.42307692307693,602.9230769230769,224.92307692307693,624.9230769230769,243.92307692307693,1.0
3,154,614.3846153846154,234.8846153846154,603.3846153846154,225.3846153846154,625.3846153846154,244.3846153846154,1.0
3,155,614.8461538461538,235.34615384615384,603.8461538461538,225.84615384615384,625.8461538461538,244.84615384615384,1.0
3,156,615.3076923076923,235.80769230769232,604.3076923076923,226.30769230769232,626.3076923076923,245.30769230769232,1.0
3,157,615.7692307692307,236.26923076923077,604.7692307692307,226.76923076923077,626.7692307692307,245.76923076923077,1.0
3,158,616.2307692307693,236.73076923076923,605.2307692307693,227.23076923076923,627.2307692307693,246.23076923076923,1.0
3,159,616.6923076923077,237.19230769230768,605.6923076923077,227.69230769230768,627.6923076923077,246.69230769230768,1.0
3,160,617.1538461538462,237.65384615384616,606.1538461538462,228.15384615384616,628.1538461538462,247.15384615384616,1.0
3,161,617.6153846153846,238.1153846153846,606.6153846153846,228.6153846153846,628.6153846153846,247.6153846153846,1.0
3,162,618.0769230769231,238.57692307692307,607.0769230769231,229.07692307692307,629.0769230769231,248.07692307692307,1.0
3,163,618.5384615384615,239.03846153846155,607.5384615384615,229.53846153846155,629.5384615384615,248.53846153846155,1.0
3,164,619.0,239.5,608.0,230.0,630.0,249.0,1.0
3,165,619.0714285714287,239.42857142857144,608.2857142857144,230.14285714285717,629.8571428571429,248.71428571428572,1.0
3,166,619.1428571428571,239.35714285714283,608.5714285714286,230.28571428571428,629.7142857142857,248.4285714285714,1.0
3,167,619.2142857142858,239.28571428571428,608.8571428571429,230.42857142857142,629.5714285714287,248.14285714285714,1.0
3,168,619.2857142857142,239.21428571428572,609.1428571428571,230.57142857142858,629.4285714285713,247.85714285714286,1.0
3,169,619.3571428571429,239.14285714285717,609.4285714285714,230.71428571428572,629.2857142857143,247.5714285714286,1.0
3,170,619.4285714285713,239.07142857142856,609.7142857142856,230.85714285714283,629.1428571428571,247.28571428571428,1.0
3,171,619.5,239.0,610.0,231.0,629.0,247.0,1.0
3,172,619.25,237.5,610.0,228.5,628.5,246.5,1.0
3,173,619.0,236.0,610.0,226.0,628.0,246.0,1.0
3,174,618.75,234.5,610.0,223.5,627.5,245.5,1.0
3,175,618.5,233.0,610.0,221.0,627.0,245.0,1.0
3,176,616.8333333333333,232.75,608.0,221.0,625.6666666666665,244.5,1.0
3,177,615.1666666666667,232.5,606.0,221.0,624.3333333333335,244.0,1.0
3,178,613.5,232.25,604.0,221.0,623.0,243.5,1.0
3,179,611.8333333333333,232.0,602.0,221.0,621.6666666666665,243.0,1.0
3,180,610.1666666666667,231.75,600.0,221.0,620.3333333333335,242.5,1.0
3,181,608.5,231.5,598.0,221.0,619.0,242.0,1.0
3,182,609.1666666666666,229.66666666666669,598.6666666666666,219.0,619.6666666666666,240.33333333333337,1.0
3,183,609.8333333333334,227.83333333333331,599.3333333333334,217.0,620.3333333333334,238.66666666666663,1.0
3,184,610.5,226.0,600.0,215.0,621.0,237.0,1.0
3,185,611.0,226.1,600.6,215.0,621.4,237.2,1.0
3,186,611.5,226.2,601.2,215.0,621.8,237.39999999999998,1.0
3,187,612.0,226.3,601.8,215.0,622.2,237.60000000000002,1.0
3,188,612.5,226.4,602.4,215.0,622.6,237.8,1.0
3,189,613.0,226.5,603.0,215.0,623.0,238.0,1.0
3,190,611.625,226.25,601.75,214.75,621.5,237.75,1.0
3,191,610.25,226.0,600.5,214.5,620.0,237.5,1.0
3,192,608.875,225.75,599.25,214.25,618.5,237.25,1.0
3,193,607.5,225.5,598.0,214.0,617.0,237.0,1.0
3,194,608.4285714285714,225.14285714285717,599.0,213.5714285714286,617.8571428571429,236.71428571428572,1.0
3,195,609.3571428571429,224.78571428571428,600.0,213.14285714285714,618.7142857142858,236.42857142857142,1.0
3,196,610.2857142857142,224.42857142857144,601.0,212.71428571428572,619.5714285714284,236.14285714285717,1.0
3,197,611.2142857142858,224.07142857142856,602.0,212.28571428571428,620.4285714285716,235.85714285714283,1.0
3,198,612.1428571428571,223.71428571428572,603.0,211.85714285714286,621.2857142857142,235.57142857142858,1.0
3,199,613.0714285714286,223.35714285714283,604.0,211.4285714285714,622.1428571428571,235.28571428571428,1.0
3,200,614.0,223.0,605.0,211.0,623.0,235.0,1.0
3,201,613.5882352941177,223.1764705882353,604.5882352941177,211.1764705882353,622.5882352941177,235.1764705882353,1.0
3,202,613.1764705882352,223.35294117647058,604.1764705882352,211.35294117647058,622.1764705882352,235.35294117647058,1.0
3,203,612.7647058823529,223.52941176470588,603.7647058823529,211.52941176470588,621.7647058823529,235.52941176470588,1.0
3,204,612.3529411764706,223.7058823529412,603.3529411764706,211.7058823529412,621.3529411764706,235.7058823529412,1.0
3,205,611.9411764705883,223.88235294117646,602.9411764705883,211.88235294117646,620.9411764705883,235.88235294117646,1.0
3,206,611.5294117647059,224.05882352941177,602.5294117647059,212.05882352941177,620.5294117647059,236.05882352941177,1.0
3,207,611.1176470588235,224.23529411764707,602.1176470588235,212.23529411764707,620.1176470588235,236.23529411764707,1.0
3,208,610.7058823529412,224.41176470588235,601.7058823529412,212.41176470588235,619.7058823529412,236.41176470588235,1.0
3,209,610.2941176470588,224.58823529411765,601.2941176470588,212.58823529411765,619.2941176470588,236.58823529411765,1.0
3,210,609.8823529411765,224.76470588235293,600.8823529411765,212.76470588235293,618.8823529411765,236.76470588235293,1.0
3,211,609.4705882352941,224.94117647058823,600.4705882352941,212.94117647058823,618.4705882352941,236.94117647058823,1.0
3,212,609.0588235294117,225.11764705882354,600.0588235294117,213.11764705882354,618.0588235294117,237.11764705882354,1.0
3,213,608.6470588235294,225.2941176470588,599.6470588235294,213.2941176470588,617.6470588235294,237.2941176470588,1.0
3,214,608.2352941176471,225.47058823529412,599.2352941176471,213.47058823529412,617.2352941176471,237.47058823529412,1.0
3,215,607.8235294117648,225.64705882352942,598.8235294117648,213.64705882352942,616.8235294117648,237.64705882352942,1.0
3,216,607.4117647058823,225.8235294117647,598.4117647058823,213.8235294117647,616.4117647058823,237.8235294117647,1.0
3,217,607.0,226.0,598.0,214.0,616.0,238.0,1.0
3,218,607.9444444444445,226.27777777777777,598.8888888888889,214.66666666666666,617.0,237.88888888888889,1.0
3,219,608.8888888888889,226.55555555555554,599.7777777777778,215.33333333333331,618.0,237.77777777777777,1.0
3,220,609.8333333333333,226.83333333333331,600.6666666666665,216.0,619.0,237.66666666666663,1.0
3,221,610.7777777777778,227.1111111111111,601.5555555555557,216.66666666666663,620.0,237.55555555555554,1.0
3,222,611.7222222222222,227.3888888888889,602.4444444444443,217.33333333333337,621.0,237.44444444444446,1.0
3,223,612.6666666666667,227.66666666666669,603.3333333333335,218.0,622.0,237.33333333333337,1.0
3,224,613.6111111111111,227.94444444444446,604.2222222222222,218.66666666666669,623.0,237.22222222222223,1.0
3,225,614.5555555555555,228.22222222222223,605.1111111111111,219.33333333333334,624.0,237.11111111111111,1.0
3,226,615.5,228.5,606.0,220.0,625.0,237.0,1.0
3,227,615.1428571428571,227.5,605.8571428571429,218.42857142857142,624.4285714285713,236.57142857142858,1.0
3,228,614.7857142857142,226.5,605.7142857142856,216.85714285714286,623.8571428571429,236.14285714285714,1.0
3,229,614.4285714285714,225.5,605.5714285714286,215.28571428571428,623.2857142857143,235.71428571428572,1.0
3,230,614.0714285714286,224.5,605.4285714285714,213.71428571428572,622.7142857142857,235.28571428571428,1.0
3,231,613.7142857142858,223.5,605.2857142857144,212.14285714285714,622.1428571428571,234.85714285714286,1.0
3,232,613.3571428571429,222.5,605.1428571428571,210.57142857142858,621.5714285714287,234.42857142857142,1.0
3,233,613.0,221.5,605.0,209.0,621.0,234.0,1.0
3,234,612.8,222.1,605.0,209.6,620.5999999999999,234.6,1.0
3,235,612.6,222.7,605.0,210.2,620.2,235.2,1.0
3,236,612.4,223.3,605.0,210.8,619.8,235.8,1.0
3,237,612.2,223.9,605.0,211.4,619.4000000000001,236.4,1.0
3,238,612.0,224.5,605.0,212.0,619.0,237.0,1.0
3,239,612.25,224.5,604.75,212.5,619.75,236.5,1.0
3,240,612.5,224.5,604.5,213.0,620.5,236.0,1.0
3,241,612.75,224.5,604.25,213.5,621.25,235.5,1.0
3,242,613.0,224.5,604.0,214.0,622.0,235.0,1.0
3,243,614.875,226.5,605.25,216.5,624.5,236.5,1.0
3,244,616.75,228.5,606.5,219.0,627.0,238.0,1.0
3,245,618.625,230.5,607.75,221.5,629.5,239.5,1.0
3,246,620.5,232.5,609.0,224.0,632.0,241.0,1.0
3,247,620.6111111111111,233.5,609.1111111111111,224.88888888888889,632.1111111111111,242.11111111111111,1.0
3,248,620.7222222222222,234.5,609.2222222222222,225.77777777777777,632.2222222222222,243.22222222222223,1.0
3,249,620.8333333333334,235.5,609.3333333333334,226.66666666666666,632.3333333333334,244.33333333333334,1.0
3,250,620.9444444444445,236.5,609.4444444444445,227.55555555555554,632.4444444444445,245.44444444444446,1.0
3,251,621.0555555555555,237.5,609.5555555555555,228.44444444444446,632.5555555555555,246.55555555555554,1.0
3,252,621.1666666666666,238.5,609.6666666666666,229.33333333333334,632.6666666666666,247.66666666666666,1.0
3,253,621.2777777777778,239.5,609.7777777777778,230.22222222222223,632.7777777777778,248.77777777777777,1.0
3,254,621.3888888888889,240.50000000000003,609.8888888888889,231.11111111111114,632.8888888888889,249.8888888888889,1.0
3,255,621.5,241.50000000000003,610.0,232.00000000000003,633.0,251.00000000000003,1.0
3,256,621.4166666666667,241.875,610.0,232.25,632.8333333333335,251.5,1.0
3,257,621.3333333333333,242.24999999999997,610.0,232.49999999999997,632.6666666666665,251.99999999999997,1.0
3,258,621.25,242.625,610.0,232.75,632.5,252.5,1.0
3,259,621.1666666666667,243.0,610.0,233.0,632.3333333333335,253.0,1.0
3,260,621.0833333333333,243.37500000000003,610.0,233.25000000000003,632.1666666666665,253.50000000000003,1.0
3,261,621.0,243.75,610.0,233.5,632.0,254.0,1.0
3,262,620.9166666666667,244.12499999999997,610.0,233.74999999999997,631.8333333333335,254.49999999999997,1.0
3,263,620.8333333333333,244.5,610.0,234.0,631.6666666666665,255.0,1.0
3,264,620.75,244.875,610.0,234.25,631.5,255.5,1.0
3,265,620.6666666666667,245.25000000000003,610.0,234.50000000000003,631.3333333333335,256.0,1.0
3,266,620.5833333333333,245.625,610.0,234.75,631.1666666666665,256.5,1.0
3,267,620.5,245.99999999999997,610.0,234.99999999999997,631.0,257.0,1.0
3,268,620.5454545454545,246.06818181818178,610.0,235.1363636363636,631.090909090909,257.0,1.0
3,269,620.590909090909,246.13636363636365,610.0,235.2727272727273,631.181818181818,257.0,1.0
3,270,620.6363636363636,246.20454545454547,610.0,235.40909090909093,631.2727272727273,257.0,1.0
3,271,620.6818181818182,246.27272727272728,610.0,235.54545454545456,631.3636363636365,257.0,1.0
3,272,620.7272727272727,246.34090909090907,610.0,235.68181818181816,631.4545454545455,257.0,1.0
3,273,620.7727272727273,246.40909090909088,610.0,235.81818181818178,631.5454545454545,257.0,1.0
3,274,620.8181818181818,246.47727272727275,610.0,235.9545454545455,631.6363636363635,257.0,1.0
3,275,620.8636363636364,246.54545454545456,610.0,236.09090909090912,631.7272727272727,257.0,1.0
3,276,620.909090909091,246.61363636363637,610.0,236.22727272727275,631.818181818182,257.0,1.0
3,277,620.9545454545455,246.6818181818182,610.0,236.36363636363637,631.909090909091,257.0,1.0
3,278,621.0,246.75,610.0,236.5,632.0,257.0,1.0
3,279,621.0454545454545,246.8181818181818,610.0,236.63636363636363,632.090909090909,257.0,1.0
3,280,621.090909090909,246.8863636363636,610.0,236.77272727272725,632.181818181818,256.99999999999994,1.0
3,281,621.1363636363636,246.9545454545454,610.0,236.90909090909088,632.2727272727273,256.99999999999994,1.0
3,282,621.1818181818182,247.02272727272722,610.0,237.0454545454545,632.3636363636365,256.99999999999994,1.0
3,283,621.2272727272727,247.0909090909091,610.0,237.1818181818182,632.4545454545455,257.0,1.0
3,284,621.2727272727273,247.1590909090909,610.0,237.3181818181818,632.5454545454545,257.0,1.0
3,285,621.3181818181818,247.22727272727275,610.0,237.4545454545455,632.6363636363635,257.0,1.0
3,286,621.3636363636364,247.29545454545456,610.0,237.59090909090912,632.7272727272727,257.0,1.0
3,287,621.409090909091,247.36363636363637,610.0,237.72727272727275,632.818181818182,257.0,1.0
3,288,621.4545454545455,247.4318181818182,610.0,237.86363636363637,632.909090909091,257.0,1.0
3,289,621.5,247.5,610.0,238.0,633.0,257.0,1.0
3,290,621.42,247.61999999999998,609.92,238.11999999999998,632.92,257.12,1.0
3,291,621.34,247.74000000000004,609.84,238.24000000000004,632.84,257.24,1.0
3,292,621.26,247.86,609.76,238.36,632.76,257.36,1.0
3,293,621.18,247.98,609.68,238.47999999999996,632.68,257.48,1.0
3,294,621.1,248.10000000000005,609.6,238.60000000000002,632.6,257.6000000000001,1.0
3,295,621.02,248.22000000000003,609.52,238.72000000000003,632.52,257.72,1.0
3,296,620.94,248.33999999999997,609.44,238.83999999999997,632.44,257.84,1.0
3,297,620.86,248.46,609.36,238.96000000000004,632.36,257.96,1.0
3,298,620.78,248.57999999999998,609.28,239.07999999999998,632.28,258.08,1.0
3,299,620.7,248.7,609.2,239.2,632.2,258.2,1.0
3,300,620.62,248.82000000000002,609.12,239.32000000000002,632.12,258.32000000000005,1.0
3,301,620.54,248.94,609.04,239.44,632.04,258.44,1.0
3,302,620.46,249.06,608.96,239.56,631.96,258.56,1.0
3,303,620.38,249.18000000000004,608.88,239.68000000000004,631.88,258.68000000000006,1.0
3,304,620.3,249.3,608.8,239.8,631.8,258.8,1.0
3,305,620.22,249.42000000000002,608.72,239.92000000000002,631.72,258.92,1.0
3,306,620.14,249.54000000000005,608.64,240.04000000000002,631.64,259.0400000000001,1.0
3,307,620.06,249.66000000000003,608.56,240.16000000000003,631.56,259.16,1.0
3,308,619.98,249.77999999999997,608.48,240.27999999999997,631.48,259.28,1.0
3,309,619.9,249.9,608.4,240.40000000000003,631.4,259.4,1.0
3,310,619.82,250.01999999999998,608.32,240.51999999999998,631.32,259.52,1.0
3,311,619.74,250.14,608.24,240.64,631.24,259.64,1.0
3,312,619.66,250.26000000000002,608.16,240.76000000000002,631.16,259.76,1.0
3,313,619.58,250.38,608.08,240.88,631.08,259.88,1.0
3,314,619.5,250.5,608.0,241.0,631.0,260.0,1.0
3,315,619.5,250.68,608.08,241.12,630.92,260.24,1.0
3,316,619.5,250.86,608.16,241.24,630.84,260.48,1.0
3,317,619.5,251.04000000000002,608.24,241.36,630.76,260.72,1.0
3,318,619.5,251.21999999999997,608.32,241.47999999999996,630.68,260.96,1.0
3,319,619.5,251.39999999999998,608.4,241.59999999999997,630.6,261.2,1.0
3,320,619.5,251.57999999999998,608.48,241.71999999999997,630.52,261.44,1.0
3,321,619.5,251.76,608.56,241.83999999999997,630.44,261.68,1.0
3,322,619.5,251.94,608.64,241.95999999999998,630.36,261.92,1.0
3,323,619.5,252.12,608.72,242.07999999999998,630.28,262.16,1.0
3,324,619.5,252.3,608.8,242.20000000000002,630.2,262.4,1.0
3,325,619.5,252.48000000000002,608.88,242.32000000000002,630.12,262.64,1.0
3,326,619.5,252.66000000000003,608.96,242.44000000000003,630.04,262.88,1.0
3,327,619.5,252.84000000000003,609.04,242.56000000000003,629.96,263.12,1.0
3,328,619.5,253.02000000000004,609.12,242.68000000000004,629.88,263.36,1.0
3,329,619.5,253.20000000000005,609.2,242.80000000000004,629.8,263.6,1.0
3,330,619.5,253.38,609.28,242.92000000000002,629.72,263.84,1.0
3,331,619.5,253.56,609.36,243.04000000000002,629.64,264.08,1.0
3,332,619.5,253.74,609.44,243.16000000000003,629.56,264.32,1.0
3,333,619.5,253.92000000000002,609.52,243.28000000000003,629.48,264.56,1.0
3,334,619.5,254.10000000000002,609.6,243.40000000000003,629.4,264.8,1.0
3,335,619.5,254.28000000000003,609.68,243.52000000000004,629.32,265.04,1.0
3,336,619.5,254.45999999999998,609.76,243.64,629.24,265.28,1.0
3,337,619.5,254.64,609.84,243.76,629.16,265.52,1.0
3,338,619.5,254.82,609.92,243.88,629.08,265.76,1.0
3,339,619.5,255.0,610.0,244.0,629.0,266.0,1.0
3,340,619.7,255.0,610.0,244.2,629.4000000000001,265.8,1.0
3,341,619.9,255.0,610.0,244.39999999999998,629.8,265.6,1.0
3,342,620.1,255.0,610.0,244.60000000000002,630.2,265.4,1.0
3,343,620.3,255.0,610.0,244.8,630.5999999999999,265.2,1.0
3,344,620.5,255.0,610.0,245.0,631.0,265.0,1.0
3,345,620.4772727272727,254.77272727272725,610.0,244.77272727272725,630.9545454545455,264.77272727272725,1.0
3,346,620.4545454545455,254.5454545454546,610.0,244.54545454545456,630.909090909091,264.5454545454546,1.0
3,347,620.4318181818182,254.3181818181818,610.0,244.3181818181818,630.8636363636365,264.3181818181818,1.0
3,348,620.409090909091,254.09090909090907,610.0,244.09090909090907,630.818181818182,264.09090909090907,1.0
3,349,620.3863636363636,253.86363636363637,610.0,243.86363636363637,630.7727272727273,263.8636363636364,1.0
3,350,620.3636363636364,253.63636363636365,610.0,243.63636363636365,630.7272727272727,263.6363636363636,1.0
3,351,620.340909090909,253.4090909090909,610.0,243.40909090909088,630.681818181818,263.40909090909093,1.0
3,352,620.3181818181818,253.1818181818182,610.0,243.1818181818182,630.6363636363635,263.1818181818182,1.0
3,353,620.2954545454545,252.95454545454544,610.0,242.95454545454544,630.590909090909,262.95454545454544,1.0
3,354,620.2727272727273,252.72727272727278,610.0,242.72727272727275,630.5454545454545,262.7272727272728,1.0
3,355,620.25,252.49999999999997,610.0,242.49999999999997,630.5,262.5,1.0
3,356,620.2272727272727,252.27272727272725,610.0,242.27272727272725,630.4545454545455,262.27272727272725,1.0
3,357,620.2045454545455,252.04545454545456,610.0,242.04545454545456,630.409090909091,262.04545454545456,1.0
3,358,620.1818181818182,251.81818181818184,610.0,241.81818181818184,630.3636363636365,261.81818181818187,1.0
3,359,620.159090909091,251.59090909090904,610.0,241.59090909090907,630.318181818182,261.590909090909,1.0
3,360,620.1363636363636,251.36363636363637,610.0,241.36363636363637,630.2727272727273,261.3636363636364,1.0
3,361,620.1136363636364,251.13636363636363,610.0,241.13636363636363,630.2272727272727,261.1363636363636,1.0
3,362,620.090909090909,250.90909090909096,610.0,240.90909090909093,630.181818181818,260.909090909091,1.0
3,363,620.0681818181818,250.68181818181816,610.0,240.68181818181816,630.1363636363635,260.68181818181813,1.0
3,364,620.0454545454545,250.45454545454544,610.0,240.45454545454544,630.090909090909,260.45454545454544,1.0
3,365,620.0227272727273,250.22727272727275,610.0,240.22727272727275,630.0454545454545,260.22727272727275,1.0
3,366,620.0,250.00000000000003,610.0,240.00000000000003,630.0,260.0,1.0
3,367,620.125,249.93750000000003,610.09375,239.96875000000003,630.15625,259.90625,1.0
3,368,620.25,249.87500000000003,610.1875,239.93750000000003,630.3125,259.8125,1.0
3,369,620.375,249.81249999999997,610.28125,239.90624999999997,630.46875,259.71875,1.0
3,370,620.5,249.74999999999997,610.375,239.87499999999997,630.625,259.625,1.0
3,371,620.625,249.68749999999997,610.46875,239.84374999999997,630.78125,259.53125,1.0
3,372,620.75,249.625,610.5625,239.8125,630.9375,259.4375,1.0
3,373,620.875,249.5625,610.65625,239.78125,631.09375,259.34375,1.0
3,374,621.0,249.5,610.75,239.75,631.25,259.25,1.0
3,375,621.125,249.4375,610.84375,239.71875,631.40625,259.15625,1.0
3,376,621.25,249.375,610.9375,239.6875,631.5625,259.0625,1.0
3,377,621.375,249.3125,611.03125,239.65625,631.71875,258.96875,1.0
3,378,621.5,249.25,611.125,239.625,631.875,258.875,1.0
3,379,621.625,249.1875,611.21875,239.59375,632.03125,258.78125,1.0
3,380,621.75,249.125,611.3125,239.5625,632.1875,258.6875,1.0
3,381,621.875,249.06250000000003,611.40625,239.53125000000003,632.34375,258.59375,1.0
3,382,622.0,249.00000000000003,611.5,239.50000000000003,632.5,258.5,1.0
3,383,622.125,248.93750000000003,611.59375,239.46875000000003,632.65625,258.40625,1.0
3,384,622.25,248.87499999999997,611.6875,239.43749999999997,632.8125,258.3125,1.0
3,385,622.375,248.81249999999997,611.78125,239.40624999999997,632.96875,258.21875,1.0
3,386,622.5,248.74999999999997,611.875,239.37499999999997,633.125,258.125,1.0
3,387,622.625,248.6875,611.96875,239.34375,633.28125,258.03125,1.0
3,388,622.75,248.625,612.0625,239.3125,633.4375,257.9375,1.0
3,389,622.875,248.5625,612.15625,239.28125,633.59375,257.84375,1.0
3,390,623.0,248.5,612.25,239.25,633.75,257.75,1.0
3,391,623.125,248.4375,612.34375,239.21875,633.90625,257.65625,1.0
3,392,623.25,248.375,612.4375,239.1875,634.0625,257.5625,1.0
3,393,623.375,248.3125,612.53125,239.15625,634.21875,257.46875,1.0
3,394,623.5,248.25,612.625,239.125,634.375,257.375,1.0
3,395,623.625,248.1875,612.71875,239.09375,634.53125,257.28125,1.0
3,396,623.75,248.12500000000003,612.8125,239.06250000000003,634.6875,257.1875,1.0
3,397,623.875,248.06250000000003,612.90625,239.03125000000003,634.84375,257.09375,1.0
3,398,624.0,248.00000000000003,613.0,239.00000000000003,635.0,257.0,1.0
3,399,623.9285714285713,246.28571428571428,613.1428571428571,236.85714285714283,634.7142857142856,255.71428571428572,1.0
3,400,623.8571428571429,244.57142857142856,613.2857142857143,234.71428571428572,634.4285714285714,254.4285714285714,1.0
3,401,623.7857142857142,242.85714285714283,613.4285714285713,232.57142857142856,634.1428571428571,253.1428571428571,1.0
3,402,623.7142857142858,241.14285714285714,613.5714285714287,230.42857142857142,633.8571428571429,251.85714285714286,1.0
3,403,623.6428571428571,239.42857142857144,613.7142857142857,228.28571428571428,633.5714285714286,250.5714285714286,1.0
3,404,623.5714285714287,237.71428571428572,613.8571428571429,226.14285714285717,633.2857142857144,249.28571428571428,1.0
3,405,623.5,236.0,614.0,224.0,633.0,248.0,1.0
3,406,623.6666666666667,235.33333333333331,614.0,224.0,633.3333333333335,246.66666666666663,1.0
3,407,623.8333333333333,234.66666666666669,614.0,224.0,633.6666666666665,245.33333333333337,1.0
3,408,624.0,234.0,614.0,224.0,634.0,244.0,1.0
3,409,624.1,235.4,614.2,225.4,634.0,245.4,1.0
3,410,624.2,236.8,614.4000000000001,226.8,634.0,246.8,1.0
3,411,624.3,238.2,614.5999999999999,228.2,634.0,248.2,1.0
3,412,624.4,239.6,614.8,229.6,634.0,249.6,1.0
3,413,624.5,241.0,615.0,231.0,634.0,251.0,1.0
3,414,624.2142857142857,241.85714285714286,614.7142857142857,231.85714285714286,633.7142857142857,251.85714285714286,1.0
3,415,623.9285714285714,242.7142857142857,614.4285714285714,232.7142857142857,633.4285714285714,252.7142857142857,1.0
3,416,623.6428571428571,243.57142857142856,614.1428571428571,233.57142857142856,633.1428571428571,253.57142857142856,1.0
3,417,623.3571428571429,244.42857142857142,613.8571428571429,234.42857142857142,632.8571428571429,254.42857142857142,1.0
3,418,623.0714285714286,245.28571428571428,613.5714285714286,235.28571428571428,632.5714285714286,255.28571428571428,1.0
3,419,622.7857142857143,246.14285714285717,613.2857142857143,236.14285714285717,632.2857142857143,256.14285714285717,1.0
3,420,622.5,246.99999999999997,613.0,236.99999999999997,632.0,257.0,1.0
3,421,622.3461538461538,247.15384615384613,612.8461538461538,237.15384615384613,631.8461538461538,257.15384615384613,1.0
3,422,622.1923076923077,247.30769230769232,612.6923076923077,237.30769230769232,631.6923076923077,257.3076923076923,1.0
3,423,622.0384615384615,247.46153846153842,612.5384615384615,237.46153846153842,631.5384615384615,257.46153846153845,1.0
3,424,621.8846153846154,247.61538461538464,612.3846153846154,237.61538461538464,631.3846153846154,257.61538461538464,1.0
3,425,621.7307692307693,247.7692307692308,612.2307692307693,237.7692307692308,631.2307692307693,257.76923076923083,1.0
3,426,621.5769230769231,247.9230769230769,612.0769230769231,237.9230769230769,631.0769230769231,257.9230769230769,1.0
3,427,621.4230769230769,248.0769230769231,611.9230769230769,238.0769230769231,630.9230769230769,258.0769230769231,1.0
3,428,621.2692307692307,248.2307692307692,611.7692307692307,238.2307692307692,630.7692307692307,258.23076923076917,1.0
3,429,621.1153846153846,248.38461538461536,611.6153846153846,238.38461538461536,630.6153846153846,258.38461538461536,1.0
3,430,620.9615384615385,248.53846153846155,611.4615384615385,238.53846153846155,630.4615384615385,258.53846153846155,1.0
3,431,620.8076923076923,248.69230769230765,611.3076923076923,238.69230769230765,630.3076923076923,258.6923076923076,1.0
3,432,620.6538461538462,248.84615384615387,611.1538461538462,238.84615384615387,630.1538461538462,258.84615384615387,1.0
3,433,620.5,249.00000000000003,611.0,239.00000000000003,630.0,259.0,1.0
3,434,620.525974025974,249.00000000000003,611.0,239.00000000000003,630.0519480519481,259.0,1.0
3,435,620.5519480519481,249.00000000000003,611.0,239.00000000000003,630.1038961038962,259.0,1.0
3,436,620.577922077922,249.00000000000003,611.0,239.00000000000003,630.1558441558441,259.0,1.0
3,437,620.6038961038961,249.00000000000003,611.0,239.00000000000003,630.2077922077922,259.0,1.0
3,438,620.6298701298701,249.00000000000003,611.0,239.00000000000003,630.2597402597403,259.0,1.0
3,439,620.6558441558441,249.00000000000003,611.0,239.00000000000003,630.3116883116882,259.0,1.0
3,440,620.6818181818182,249.00000000000003,611.0,239.00000000000003,630.3636363636365,259.0,1.0
3,441,620.7077922077922,249.00000000000003,611.0,239.00000000000003,630.4155844155844,259.0,1.0
3,442,620.7337662337662,249.00000000000003,611.0,239.00000000000003,630.4675324675325,259.0,1.0
3,443,620.7597402597403,249.00000000000003,611.0,239.00000000000003,630.5194805194806,259.0,1.0
3,444,620.7857142857142,249.00000000000003,611.0,239.00000000000003,630.5714285714284,259.0,1.0
3,445,620.8116883116884,249.00000000000003,611.0,239.00000000000003,630.6233766233768,259.0,1.0
3,446,620.8376623376623,249.00000000000003,611.0,239.00000000000003,630.6753246753246,259.0,1.0
3,447,620.8636363636364,249.00000000000003,611.0,239.00000000000003,630.7272727272727,259.0,1.0
3,448,620.8896103896104,249.00000000000003,611.0,239.00000000000003,630.7792207792209,259.0,1.0
3,449,620.9155844155844,249.00000000000003,611.0,239.00000000000003,630.8311688311687,259.0,1.0
3,450,620.9415584415584,249.00000000000003,611.0,239.00000000000003,630.8831168831168,259.0,1.0
3,451,620.9675324675325,249.00000000000003,611.0,239.00000000000003,630.9350649350649,259.0,1.0
3,452,620.9935064935065,249.00000000000003,611.0,239.00000000000003,630.987012987013,259.0,1.0
3,453,621.0194805194806,249.00000000000003,611.0,239.00000000000003,631.0389610389611,259.0,1.0
3,454,621.0454545454545,249.00000000000003,611.0,239.00000000000003,631.090909090909,259.0,1.0
3,455,621.0714285714286,249.00000000000003,611.0,239.00000000000003,631.1428571428571,259.0,1.0
3,456,621.0974025974026,249.00000000000003,611.0,239.00000000000003,631.1948051948052,259.0,1.0
3,457,621.1233766233765,249.00000000000003,611.0,239.00000000000003,631.2467532467531,259.0,1.0
3,458,621.1493506493507,249.00000000000003,611.0,239.00000000000003,631.2987012987014,259.0,1.0
3,459,621.1753246753246,249.00000000000003,611.0,239.00000000000003,631.3506493506493,259.0,1.0
3,460,621.2012987012987,249.00000000000003,611.0,239.00000000000003,631.4025974025974,259.0,1.0
3,461,621.2272727272727,249.00000000000003,611.0,239.00000000000003,631.4545454545455,259.0,1.0
3,462,621.2532467532467,249.00000000000003,611.0,239.00000000000003,631.5064935064934,259.0,1.0
3,463,621.2792207792209,249.00000000000003,611.0,239.00000000000003,631.5584415584417,259.0,1.0
3,464,621.3051948051948,249.00000000000003,611.0,239.00000000000003,631.6103896103896,259.0,1.0
3,465,621.3311688311688,249.00000000000003,611.0,239.00000000000003,631.6623376623377,259.0,1.0
3,466,621.3571428571429,249.00000000000003,611.0,239.00000000000003,631.7142857142858,259.0,1.0
3,467,621.3831168831168,249.00000000000003,611.0,239.00000000000003,631.7662337662337,259.0,1.0
3,468,621.409090909091,249.00000000000003,611.0,239.00000000000003,631.818181818182,259.0,1.0
3,469,621.4350649350649,249.00000000000003,611.0,239.00000000000003,631.8701298701299,259.0,1.0
3,470,621.461038961039,249.00000000000003,611.0,239.00000000000003,631.922077922078,259.0,1.0
3,471,621.487012987013,249.00000000000003,611.0,239.00000000000003,631.9740259740261,259.0,1.0
3,472,621.512987012987,249.00000000000003,611.0,239.00000000000003,632.0259740259739,259.0,1.0
3,473,621.538961038961,249.00000000000003,611.0,239.00000000000003,632.077922077922,259.0,1.0
3,474,621.5649350649351,249.00000000000003,611.0,239.00000000000003,632.1298701298701,259.0,1.0
3,475,621.590909090909,249.00000000000003,611.0,239.00000000000003,632.181818181818,259.0,1.0
3,476,621.6168831168832,249.00000000000003,611.0,239.00000000000003,632.2337662337663,259.0,1.0
3,477,621.6428571428571,249.00000000000003,611.0,239.00000000000003,632.2857142857142,259.0,1.0
3,478,621.6688311688312,249.00000000000003,611.0,239.00000000000003,632.3376623376623,259.0,1.0
3,479,621.6948051948052,249.00000000000003,611.0,239.00000000000003,632.3896103896104,259.0,1.0
3,480,621.7207792207791,249.00000000000003,611.0,239.00000000000003,632.4415584415583,259.0,1.0
3,481,621.7467532467533,249.00000000000003,611.0,239.00000000000003,632.4935064935066,259.0,1.0
3,482,621.7727272727273,249.00000000000003,611.0,239.00000000000003,632.5454545454545,259.0,1.0
3,483,621.7987012987013,249.00000000000003,611.0,239.00000000000003,632.5974025974026,259.0,1.0
3,484,621.8246753246754,249.00000000000003,611.0,239.00000000000003,632.6493506493507,259.0,1.0
3,485,621.8506493506493,249.00000000000003,611.0,239.00000000000003,632.7012987012986,259.0,1.0
3,486,621.8766233766235,249.00000000000003,611.0,239.00000000000003,632.7532467532469,259.0,1.0
3,487,621.9025974025974,249.00000000000003,611.0,239.00000000000003,632.8051948051948,259.0,1.0
3,488,621.9285714285714,249.00000000000003,611.0,239.00000000000003,632.8571428571429,259.0,1.0
3,489,621.9545454545455,249.00000000000003,611.0,239.00000000000003,632.909090909091,259.0,1.0
3,490,621.9805194805194,249.00000000000003,611.0,239.00000000000003,632.9610389610389,259.0,1.0
3,491,622.0064935064935,249.00000000000003,611.0,239.00000000000003,633.012987012987,259.0,1.0
3,492,622.0324675324675,249.00000000000003,611.0,239.00000000000003,633.0649350649351,259.0,1.0
3,493,622.0584415584416,249.00000000000003,611.0,239.00000000000003,633.1168831168832,259.0,1.0
3,494,622.0844155844156,249.00000000000003,611.0,239.00000000000003,633.1688311688313,259.0,1.0
3,495,622.1103896103896,249.00000000000003,611.0,239.00000000000003,633.2207792207791,259.0,1.0
3,496,622.1363636363636,249.00000000000003,611.0,239.00000000000003,633.2727272727273,259.0,1.0
3,497,622.1623376623377,249.00000000000003,611.0,239.00000000000003,633.3246753246754,259.0,1.0
3,498,622.1883116883116,249.00000000000003,611.0,239.00000000000003,633.3766233766232,259.0,1.0
3,499,622.2142857142858,249.00000000000003,611.0,239.00000000000003,633.4285714285716,259.0,1.0
3,500,622.2402597402597,249.00000000000003,611.0,239.00000000000003,633.4805194805194,259.0,1.0
3,501,622.2662337662338,249.00000000000003,611.0,239.00000000000003,633.5324675324675,259.0,1.0
3,502,622.2922077922078,249.00000000000003,611.0,239.00000000000003,633.5844155844156,259.0,1.0
3,503,622.3181818181818,249.00000000000003,611.0,239.00000000000003,633.6363636363635,259.0,1.0
3,504,622.3441558441559,249.00000000000003,611.0,239.00000000000003,633.6883116883118,259.0,1.0
3,505,622.3701298701299,249.00000000000003,611.0,239.00000000000003,633.7402597402597,259.0,1.0
3,506,622.3961038961039,249.00000000000003,611.0,239.00000000000003,633.7922077922078,259.0,1.0
3,507,622.422077922078,249.00000000000003,611.0,239.00000000000003,633.8441558441559,259.0,1.0
3,508,622.4480519480519,249.00000000000003,611.0,239.00000000000003,633.8961038961038,259.0,1.0
3,509,622.474025974026,249.00000000000003,611.0,239.00000000000003,633.9480519480519,259.0,1.0
3,510,622.5,249.00000000000003,611.0,239.00000000000003,634.0,259.0,1.0
3,511,622.4787234042553,249.01063829787236,611.0,239.02127659574472,633.9574468085107,259.0,1.0
3,512,622.4574468085107,249.02127659574467,611.0,239.04255319148933,633.9148936170213,259.0,1.0
3,513,622.436170212766,249.031914893617,611.0,239.06382978723403,633.872340425532,259.0,1.0
3,514,622.4148936170213,249.04255319148933,611.0,239.0851063829787,633.8297872340427,259.0,1.0
3,515,622.3936170212767,249.05319148936172,611.0,239.10638297872345,633.7872340425533,259.0,1.0
3,516,622.3723404255319,249.06382978723406,611.0,239.1276595744681,633.7446808510638,259.0,1.0
3,517,622.3510638297872,249.0744680851064,611.0,239.14893617021278,633.7021276595744,259.0,1.0
3,518,622.3297872340426,249.08510638297872,611.0,239.17021276595744,633.6595744680851,259.0,1.0
3,519,622.3085106382979,249.09574468085106,611.0,239.1914893617021,633.6170212765958,259.0,1.0
3,520,622.2872340425531,249.10638297872336,611.0,239.21276595744678,633.5744680851062,258.99999999999994,1.0
3,521,622.2659574468084,249.11702127659575,611.0,239.2340425531915,633.5319148936169,259.0,1.0
3,522,622.2446808510638,249.12765957446808,611.0,239.25531914893617,633.4893617021276,259.0,1.0
3,523,622.2234042553191,249.13829787234047,611.0,239.2765957446809,633.4468085106382,259.00000000000006,1.0
3,524,622.2021276595744,249.1489361702128,611.0,239.29787234042556,633.4042553191489,259.00000000000006,1.0
3,525,622.1808510638298,249.1595744680851,611.0,239.31914893617022,633.3617021276596,259.0,1.0
3,526,622.1595744680851,249.17021276595744,611.0,239.3404255319149,633.3191489361702,259.0,1.0
3,527,622.1382978723404,249.18085106382978,611.0,239.36170212765956,633.2765957446809,259.0,1.0
3,528,622.1170212765958,249.1914893617021,611.0,239.38297872340422,633.2340425531916,259.0,1.0
3,529,622.0957446808511,249.2021276595745,611.0,239.40425531914897,633.1914893617022,259.0,1.0
3,530,622.0744680851064,249.21276595744683,611.0,239.42553191489364,633.1489361702129,259.0,1.0
3,531,622.0531914893618,249.22340425531917,611.0,239.44680851063833,633.1063829787236,259.0,1.0
3,532,622.031914893617,249.2340425531915,611.0,239.468085106383,633.063829787234,259.0,1.0
3,533,622.0106382978723,249.2446808510638,611.0,239.48936170212764,633.0212765957447,259.0,1.0
3,534,621.9893617021277,249.25531914893614,611.0,239.5106382978723,632.9787234042553,259.0,1.0
3,535,621.968085106383,249.26595744680847,611.0,239.531914893617,632.936170212766,258.99999999999994,1.0
3,536,621.9468085106382,249.27659574468086,611.0,239.55319148936172,632.8936170212764,259.0,1.0
3,537,621.9255319148936,249.2872340425532,611.0,239.5744680851064,632.8510638297871,259.0,1.0
3,538,621.9042553191489,249.29787234042553,611.0,239.59574468085106,632.8085106382978,259.0,1.0
3,539,621.8829787234042,249.3085106382979,611.0,239.61702127659578,632.7659574468084,259.0,1.0
3,540,621.8617021276596,249.31914893617022,611.0,239.63829787234044,632.7234042553191,259.0,1.0
3,541,621.8404255319149,249.32978723404256,611.0,239.6595744680851,632.6808510638298,259.0,1.0
3,542,621.8191489361702,249.3404255319149,611.0,239.68085106382978,632.6382978723404,259.0,1.0
3,543,621.7978723404256,249.35106382978722,611.0,239.70212765957444,632.5957446808511,259.0,1.0
3,544,621.7765957446809,249.36170212765956,611.0,239.7234042553191,632.5531914893618,259.0,1.0
3,545,621.7553191489362,249.37234042553195,611.0,239.74468085106386,632.5106382978724,259.0,1.0
3,546,621.7340425531916,249.38297872340425,611.0,239.7659574468085,632.4680851063831,259.0,1.0
3,547,621.7127659574469,249.39361702127658,611.0,239.78723404255317,632.4255319148938,259.0,1.0
3,548,621.6914893617021,249.40425531914892,611.0,239.80851063829783,632.3829787234042,259.0,1.0
3,549,621.6702127659574,249.4148936170213,611.0,239.82978723404258,632.3404255319149,259.0,1.0
3,550,621.6489361702128,249.42553191489364,611.0,239.85106382978725,632.2978723404256,259.0,1.0
3,551,621.6276595744681,249.43617021276597,611.0,239.87234042553195,632.2553191489362,259.0,1.0
3,552,621.6063829787233,249.44680851063828,611.0,239.89361702127655,632.2127659574467,259.0,1.0
3,553,621.5851063829787,249.4574468085106,611.0,239.91489361702125,632.1702127659573,259.0,1.0
3,554,621.563829787234,249.46808510638294,611.0,239.93617021276592,632.127659574468,259.0,1.0
3,555,621.5425531914893,249.47872340425533,611.0,239.95744680851067,632.0851063829787,259.0,1.0
3,556,621.5212765957447,249.48936170212767,611.0,239.97872340425533,632.0425531914893,259.0,1.0
3,557,621.5,249.5,611.0,240.0,632.0,259.0,1.0
3,558,621.4722222222222,249.55555555555554,610.9722222222222,240.05555555555554,631.9722222222222,259.05555555555554,1.0
3,559,621.4444444444445,249.6111111111111,610.9444444444445,240.1111111111111,631.9444444444445,259.1111111111111,1.0
3,560,621.4166666666666,249.66666666666669,610.9166666666666,240.16666666666669,631.9166666666666,259.1666666666667,1.0
3,561,621.3888888888889,249.72222222222223,610.8888888888889,240.22222222222223,631.8888888888889,259.22222222222223,1.0
3,562,621.3611111111111,249.77777777777777,610.8611111111111,240.27777777777777,631.8611111111111,259.27777777777777,1.0
3,563,621.3333333333334,249.83333333333331,610.8333333333334,240.33333333333331,631.8333333333334,259.3333333333333,1.0
3,564,621.3055555555555,249.8888888888889,610.8055555555555,240.3888888888889,631.8055555555555,259.3888888888889,1.0
3,565,621.2777777777778,249.94444444444446,610.7777777777778,240.44444444444446,631.7777777777778,259.44444444444446,1.0
3,566,621.25,250.00000000000003,610.75,240.50000000000003,631.75,259.5,1.0
3,567,621.2222222222222,250.05555555555557,610.7222222222222,240.55555555555557,631.7222222222222,259.55555555555554,1.0
3,568,621.1944444444445,250.11111111111111,610.6944444444445,240.61111111111114,631.6944444444445,259.6111111111111,1.0
3,569,621.1666666666666,250.1666666666667,610.6666666666666,240.66666666666669,631.6666666666666,259.66666666666674,1.0
3,570,621.1388888888889,250.2222222222222,610.6388888888889,240.7222222222222,631.6388888888889,259.7222222222222,1.0
3,571,621.1111111111111,250.27777777777774,610.6111111111111,240.77777777777774,631.6111111111111,259.7777777777777,1.0
3,572,621.0833333333334,250.3333333333333,610.5833333333334,240.83333333333331,631.5833333333334,259.83333333333326,1.0
3,573,621.0555555555555,250.38888888888889,610.5555555555555,240.88888888888886,631.5555555555555,259.8888888888889,1.0
3,574,621.0277777777778,250.44444444444446,610.5277777777778,240.94444444444446,631.5277777777778,259.94444444444446,1.0
3,575,621.0,250.5,610.5,241.0,631.5,260.0,1.0
3,576,620.9722222222222,250.55555555555554,610.4722222222222,241.05555555555554,631.4722222222222,260.05555555555554,1.0
3,577,620.9444444444445,250.6111111111111,610.4444444444445,241.1111111111111,631.4444444444445,260.1111111111111,1.0
3,578,620.9166666666666,250.66666666666669,610.4166666666666,241.16666666666669,631.4166666666666,260.1666666666667,1.0
3,579,620.8888888888889,250.72222222222223,610.3888888888889,241.22222222222223,631.3888888888889,260.22222222222223,1.0
3,580,620.8611111111111,250.77777777777777,610.3611111111111,241.27777777777777,631.3611111111111,260.27777777777777,1.0
3,581,620.8333333333334,250.83333333333331,610.3333333333334,241.33333333333331,631.3333333333334,260.3333333333333,1.0
3,582,620.8055555555555,250.8888888888889,610.3055555555555,241.3888888888889,631.3055555555555,260.3888888888889,1.0
3,583,620.7777777777778,250.94444444444446,610.2777777777778,241.44444444444446,631.2777777777778,260.44444444444446,1.0
3,584,620.75,251.0,610.25,241.5,631.25,260.5,1.0
3,585,620.7222222222222,251.05555555555557,610.2222222222222,241.55555555555557,631.2222222222222,260.55555555555554,1.0
3,586,620.6944444444445,251.11111111111111,610.1944444444445,241.61111111111114,631.1944444444445,260.6111111111111,1.0
3,587,620.6666666666666,251.1666666666667,610.1666666666666,241.66666666666669,631.1666666666666,260.66666666666674,1.0
3,588,620.6388888888889,251.22222222222226,610.1388888888889,241.72222222222226,631.1388888888889,260.7222222222223,1.0
3,589,620.6111111111111,251.27777777777774,610.1111111111111,241.77777777777774,631.1111111111111,260.7777777777777,1.0
3,590,620.5833333333334,251.3333333333333,610.0833333333334,241.83333333333331,631.0833333333334,260.83333333333326,1.0
3,591,620.5555555555555,251.38888888888889,610.0555555555555,241.88888888888886,631.0555555555555,260.8888888888889,1.0
3,592,620.5277777777778,251.44444444444443,610.0277777777778,241.94444444444443,631.0277777777778,260.94444444444446,1.0
3,593,620.5,251.5,610.0,242.0,631.0,261.0,1.0
3,594,620.5422535211268,251.47183098591552,610.0422535211268,241.97183098591552,631.0422535211268,260.9718309859155,1.0
3,595,620.5845070422536,251.44366197183098,610.0845070422536,241.94366197183098,631.0845070422536,260.943661971831,1.0
3,596,620.6267605633802,251.4154929577465,610.1267605633802,241.9154929577465,631.1267605633802,260.9154929577465,1.0
3,597,620.669014084507,251.38732394366195,610.169014084507,241.88732394366195,631.169014084507,260.88732394366195,1.0
3,598,620.7112676056338,251.35915492957747,610.2112676056338,241.85915492957747,631.2112676056338,260.85915492957747,1.0
3,599,620.7535211267606,251.33098591549293,610.2535211267606,241.83098591549293,631.2535211267606,260.83098591549293,1.0
3,600,620.7957746478874,251.30281690140845,610.2957746478874,241.80281690140845,631.2957746478874,260.80281690140845,1.0
3,601,620.8380281690141,251.27464788732394,610.3380281690141,241.7746478873239,631.3380281690141,260.77464788732397,1.0
3,602,620.8802816901408,251.24647887323943,610.3802816901408,241.74647887323943,631.3802816901408,260.7464788732394,1.0
3,603,620.9225352112676,251.2183098591549,610.4225352112676,241.7183098591549,631.4225352112676,260.71830985915494,1.0
3,604,620.9647887323944,251.1901408450704,610.4647887323944,241.6901408450704,631.4647887323944,260.6901408450704,1.0
3,605,621.0070422535211,251.1619718309859,610.5070422535211,241.6619718309859,631.5070422535211,260.66197183098586,1.0
3,606,621.0492957746479,251.13380281690144,610.5492957746479,241.63380281690144,631.5492957746479,260.63380281690144,1.0
3,607,621.0915492957746,251.10563380281687,610.5915492957746,241.60563380281687,631.5915492957746,260.6056338028169,1.0
3,608,621.1338028169014,251.0774647887324,610.6338028169014,241.5774647887324,631.6338028169014,260.5774647887324,1.0
3,609,621.1760563380282,251.04929577464785,610.6760563380282,241.54929577464785,631.6760563380282,260.5492957746478,1.0
3,610,621.2183098591549,251.0211267605634,610.7183098591549,241.5211267605634,631.7183098591549,260.5211267605634,1.0
3,611,621.2605633802817,250.99295774647882,610.7605633802817,241.49295774647885,631.7605633802817,260.4929577464788,1.0
3,612,621.3028169014085,250.96478873239437,610.8028169014085,241.46478873239437,631.8028169014085,260.46478873239437,1.0
3,613,621.3450704225352,250.93661971830986,610.8450704225352,241.43661971830983,631.8450704225352,260.4366197183099,1.0
3,614,621.387323943662,250.90845070422534,610.887323943662,241.40845070422534,631.887323943662,260.40845070422534,1.0
3,615,621.4295774647887,250.88028169014083,610.9295774647887,241.3802816901408,631.9295774647887,260.38028169014086,1.0
3,616,621.4718309859155,250.85211267605632,610.9718309859155,241.35211267605632,631.9718309859155,260.3521126760563,1.0
3,617,621.5140845070423,250.8239436619718,611.0140845070423,241.3239436619718,632.0140845070423,260.32394366197184,1.0
3,618,621.556338028169,250.7957746478873,611.056338028169,241.2957746478873,632.056338028169,260.2957746478873,1.0
3,619,621.5985915492957,250.7676056338028,611.0985915492957,241.2676056338028,632.0985915492957,260.26760563380276,1.0
3,620,621.6408450704225,250.73943661971833,611.1408450704225,241.23943661971833,632.1408450704225,260.23943661971833,1.0
3,621,621.6830985915493,250.71126760563376,611.1830985915493,241.21126760563376,632.1830985915493,260.2112676056338,1.0
3,622,621.7253521126761,250.6830985915493,611.2253521126761,241.1830985915493,632.2253521126761,260.1830985915493,1.0
3,623,621.7676056338029,250.65492957746474,611.2676056338029,241.15492957746477,632.2676056338029,260.1549295774647,1.0
3,624,621.8098591549295,250.6267605633803,611.3098591549295,241.1267605633803,632.3098591549295,260.1267605633803,1.0
3,625,621.8521126760563,250.59859154929572,611.3521126760563,241.09859154929575,632.3521126760563,260.0985915492957,1.0
3,626,621.8943661971831,250.57042253521126,611.3943661971831,241.07042253521126,632.3943661971831,260.07042253521126,1.0
3,627,621.9366197183099,250.54225352112675,611.4366197183099,241.04225352112672,632.4366197183099,260.0422535211268,1.0
3,628,621.9788732394367,250.51408450704224,611.4788732394367,241.01408450704224,632.4788732394367,260.01408450704224,1.0
3,629,622.0211267605633,250.48591549295773,611.5211267605633,240.98591549295773,632.5211267605633,259.9859154929577,1.0
3,630,622.0633802816901,250.45774647887322,611.5633802816901,240.95774647887322,632.5633802816901,259.9577464788732,1.0
3,631,622.1056338028169,250.4295774647887,611.6056338028169,240.9295774647887,632.6056338028169,259.92957746478874,1.0
3,632,622.1478873239437,250.40140845070425,611.6478873239437,240.90140845070425,632.6478873239437,259.90140845070425,1.0
3,633,622.1901408450705,250.37323943661968,611.6901408450705,240.87323943661968,632.6901408450705,259.87323943661966,1.0
3,634,622.2323943661971,250.34507042253523,611.7323943661971,240.84507042253523,632.7323943661971,259.84507042253523,1.0
3,635,622.2746478873239,250.31690140845066,611.7746478873239,240.8169014084507,632.7746478873239,259.81690140845063,1.0
3,636,622.3169014084507,250.2887323943662,611.8169014084507,240.7887323943662,632.8169014084507,259.7887323943662,1.0
3,637,622.3591549295775,250.26056338028164,611.8591549295775,240.76056338028167,632.8591549295775,259.7605633802816,1.0
3,638,622.4014084507043,250.23239436619718,611.9014084507043,240.73239436619718,632.9014084507043,259.7323943661972,1.0
3,639,622.443661971831,250.20422535211273,611.943661971831,240.7042253521127,632.943661971831,259.70422535211276,1.0
3,640,622.4859154929577,250.17605633802816,611.9859154929577,240.67605633802816,632.9859154929577,259.67605633802816,1.0
3,641,622.5281690140845,250.1478873239437,612.0281690140845,240.64788732394368,633.0281690140845,259.64788732394373,1.0
3,642,622.5704225352113,250.11971830985914,612.0704225352113,240.61971830985914,633.0704225352113,259.61971830985914,1.0
3,643,622.612676056338,250.09154929577468,612.112676056338,240.59154929577468,633.112676056338,259.5915492957747,1.0
3,644,622.6549295774648,250.06338028169012,612.1549295774648,240.56338028169012,633.1549295774648,259.5633802816901,1.0
3,645,622.6971830985915,250.03521126760566,612.1971830985915,240.53521126760566,633.1971830985915,259.53521126760563,1.0
3,646,622.7394366197183,250.00704225352115,612.2394366197183,240.50704225352115,633.2394366197183,259.50704225352115,1.0
3,647,622.7816901408451,249.97887323943664,612.2816901408451,240.47887323943664,633.2816901408451,259.47887323943667,1.0
3,648,622.8239436619718,249.95070422535213,612.3239436619718,240.45070422535213,633.3239436619718,259.4507042253521,1.0
3,649,622.8661971830986,249.92253521126761,612.3661971830986,240.42253521126764,633.3661971830986,259.4225352112676,1.0
3,650,622.9084507042254,249.8943661971831,612.4084507042254,240.3943661971831,633.4084507042254,259.3943661971831,1.0
3,651,622.9507042253521,249.8661971830986,612.4507042253521,240.36619718309862,633.4507042253521,259.36619718309856,1.0
3,652,622.9929577464789,249.83802816901408,612.4929577464789,240.33802816901408,633.4929577464789,259.3380281690141,1.0
3,653,623.0352112676056,249.80985915492963,612.5352112676056,240.3098591549296,633.5352112676056,259.30985915492965,1.0
3,654,623.0774647887324,249.78169014084506,612.5774647887324,240.28169014084506,633.5774647887324,259.28169014084506,1.0
3,655,623.1197183098592,249.7535211267606,612.6197183098592,240.2535211267606,633.6197183098592,259.2535211267606,1.0
3,656,623.1619718309859,249.72535211267603,612.6619718309859,240.22535211267603,633.6619718309859,259.22535211267603,1.0
3,657,623.2042253521126,249.69718309859158,612.7042253521126,240.19718309859158,633.7042253521126,259.1971830985916,1.0
3,658,623.2464788732394,249.66901408450707,612.7464788732394,240.16901408450707,633.7464788732394,259.16901408450707,1.0
3,659,623.2887323943662,249.64084507042256,612.7887323943662,240.14084507042256,633.7887323943662,259.14084507042253,1.0
3,660,623.330985915493,249.61267605633805,612.830985915493,240.11267605633805,633.830985915493,259.11267605633805,1.0
3,661,623.3732394366198,249.58450704225353,612.8732394366198,240.08450704225356,633.8732394366198,259.0845070422535,1.0
3,662,623.4154929577464,249.55633802816902,612.9154929577464,240.05633802816902,633.9154929577464,259.056338028169,1.0
3,663,623.4577464788732,249.5281690140845,612.9577464788732,240.02816901408454,633.9577464788732,259.0281690140845,1.0
3,664,623.5,249.5,613.0,240.0,634.0,259.0,1.0
3,665,623.5135135135135,249.4324324324324,613.0270270270271,239.9459459459459,634.0,258.91891891891885,1.0
3,666,623.5270270270271,249.36486486486484,613.0540540540542,239.89189189189187,634.0,258.8378378378378,1.0
3,667,623.5405405405405,249.29729729729732,613.081081081081,239.83783783783787,634.0,258.7567567567568,1.0
3,668,623.5540540540541,249.22972972972977,613.1081081081081,239.7837837837838,634.0,258.67567567567573,1.0
3,669,623.5675675675675,249.16216216216216,613.135135135135,239.72972972972974,634.0,258.5945945945946,1.0
3,670,623.581081081081,249.09459459459458,613.1621621621621,239.67567567567568,634.0,258.5135135135135,1.0
3,671,623.5945945945946,249.02702702702703,613.1891891891892,239.6216216216216,634.0,258.43243243243245,1.0
3,672,623.6081081081081,248.95945945945948,613.2162162162163,239.5675675675676,634.0,258.35135135135135,1.0
3,673,623.6216216216217,248.89189189189187,613.2432432432433,239.5135135135135,634.0,258.27027027027026,1.0
3,674,623.6351351351352,248.82432432432435,613.2702702702704,239.45945945945948,634.0,258.1891891891892,1.0
3,675,623.6486486486486,248.75675675675674,613.2972972972973,239.4054054054054,634.0,258.1081081081081,1.0
3,676,623.6621621621622,248.6891891891892,613.3243243243244,239.35135135135135,634.0,258.02702702702703,1.0
3,677,623.6756756756756,248.6216216216216,613.3513513513512,239.2972972972973,634.0,257.94594594594594,1.0
3,678,623.6891891891892,248.55405405405406,613.3783783783783,239.24324324324328,634.0,257.86486486486484,1.0
3,679,623.7027027027027,248.4864864864865,613.4054054054054,239.18918918918922,634.0,257.7837837837838,1.0
3,680,623.7162162162163,248.41891891891893,613.4324324324325,239.13513513513516,634.0,257.7027027027027,1.0
3,681,623.7297297297298,248.35135135135138,613.4594594594596,239.08108108108112,634.0,257.62162162162167,1.0
3,682,623.7432432432432,248.28378378378378,613.4864864864865,239.02702702702703,634.0,257.5405405405405,1.0
3,683,623.7567567567568,248.21621621621625,613.5135135135135,238.972972972973,634.0,257.4594594594595,1.0
3,684,623.7702702702702,248.14864864864865,613.5405405405404,238.9189189189189,634.0,257.3783783783784,1.0
3,685,623.7837837837837,248.0810810810811,613.5675675675675,238.8648648648649,634.0,257.2972972972973,1.0
3,686,623.7972972972973,248.0135135135135,613.5945945945946,238.81081081081078,634.0,257.2162162162162,1.0
3,687,623.8108108108108,247.94594594594597,613.6216216216217,238.75675675675677,634.0,257.13513513513516,1.0
3,688,623.8243243243244,247.87837837837836,613.6486486486488,238.70270270270268,634.0,257.05405405405406,1.0
3,689,623.8378378378378,247.8108108108108,613.6756756756756,238.64864864864865,634.0,256.97297297297297,1.0
3,690,623.8513513513514,247.74324324324323,613.7027027027027,238.59459459459458,634.0,256.8918918918919,1.0
3,691,623.8648648648648,247.67567567567568,613.7297297297296,238.54054054054052,634.0,256.81081081081084,1.0
3,692,623.8783783783783,247.60810810810813,613.7567567567567,238.4864864864865,634.0,256.72972972972974,1.0
3,693,623.8918918918919,247.54054054054055,613.7837837837837,238.43243243243245,634.0,256.64864864864865,1.0
3,694,623.9054054054054,247.472972972973,613.8108108108108,238.37837837837841,634.0,256.5675675675676,1.0
3,695,623.918918918919,247.4054054054054,613.8378378378379,238.3243243243243,634.0,256.48648648648646,1.0
3,696,623.9324324324325,247.33783783783787,613.864864864865,238.2702702702703,634.0,256.4054054054054,1.0
3,697,623.9459459459459,247.27027027027026,613.8918918918919,238.2162162162162,634.0,256.3243243243243,1.0
3,698,623.9594594594595,247.2027027027027,613.918918918919,238.1621621621622,634.0,256.2432432432432,1.0
3,699,623.9729729729729,247.13513513513516,613.9459459459458,238.10810810810813,634.0,256.1621621621622,1.0
3,700,623.9864864864865,247.06756756756758,613.9729729729729,238.05405405405406,634.0,256.0810810810811,1.0
3,701,624.0,246.99999999999997,614.0,237.99999999999997,634.0,255.99999999999997,1.0
3,702,624.0576923076924,246.92307692307696,614.0,237.92307692307696,634.1153846153848,255.92307692307696,1.0
3,703,624.1153846153846,246.8461538461538,614.0,237.8461538461538,634.2307692307693,255.8461538461538,1.0
3,704,624.1730769230769,246.7692307692308,614.0,237.7692307692308,634.3461538461538,255.7692307692308,1.0
3,705,624.2307692307693,246.69230769230768,614.0,237.69230769230768,634.4615384615386,255.69230769230768,1.0
3,706,624.2884615384615,246.61538461538458,614.0,237.61538461538458,634.5769230769231,255.61538461538458,1.0
3,707,624.3461538461538,246.53846153846158,614.0,237.53846153846158,634.6923076923076,255.53846153846158,1.0
3,708,624.4038461538462,246.46153846153845,614.0,237.46153846153845,634.8076923076924,255.46153846153845,1.0
3,709,624.4615384615385,246.38461538461536,614.0,237.38461538461536,634.9230769230769,255.38461538461536,1.0
3,710,624.5192307692307,246.30769230769235,614.0,237.30769230769235,635.0384615384614,255.30769230769235,1.0
3,711,624.5769230769231,246.2307692307692,614.0,237.2307692307692,635.1538461538462,255.2307692307692,1.0
3,712,624.6346153846154,246.1538461538462,614.0,237.1538461538462,635.2692307692307,255.1538461538462,1.0
3,713,624.6923076923076,246.07692307692307,614.0,237.07692307692307,635.3846153846152,255.07692307692307,1.0
3,714,624.75,245.99999999999997,614.0,236.99999999999997,635.5,254.99999999999997,1.0
3,715,624.8076923076924,245.92307692307696,614.0,236.92307692307696,635.6153846153848,254.92307692307696,1.0
3,716,624.8653846153846,245.8461538461538,614.0,236.8461538461538,635.7307692307693,254.8461538461538,1.0
3,717,624.9230769230769,245.76923076923075,614.0,236.76923076923075,635.8461538461538,254.76923076923075,1.0
3,718,624.9807692307693,245.69230769230768,614.0,236.69230769230768,635.9615384615386,254.69230769230768,1.0
3,719,625.0384615384615,245.61538461538458,614.0,236.61538461538458,636.0769230769231,254.61538461538458,1.0
3,720,625.0961538461538,245.53846153846158,614.0,236.53846153846158,636.1923076923076,254.53846153846158,1.0
3,721,625.1538461538462,245.46153846153845,614.0,236.46153846153845,636.3076923076924,254.46153846153845,1.0
3,722,625.2115384615385,245.38461538461536,614.0,236.38461538461536,636.4230769230769,254.38461538461536,1.0
3,723,625.2692307692307,245.30769230769235,614.0,236.30769230769235,636.5384615384614,254.30769230769235,1.0
3,724,625.3269230769231,245.23076923076923,614.0,236.23076923076923,636.6538461538462,254.23076923076923,1.0
3,725,625.3846153846154,245.15384615384613,614.0,236.15384615384613,636.7692307692307,254.15384615384613,1.0
3,726,625.4423076923076,245.07692307692307,614.0,236.07692307692307,636.8846153846152,254.07692307692307,1.0
3,727,625.5,244.99999999999997,614.0,235.99999999999997,637.0,253.99999999999997,1.0
3,728,625.25,243.75,614.0,234.5,636.5,253.0,1.0
3,729,625.0,242.50000000000003,614.0,233.00000000000003,636.0,252.00000000000003,1.0
3,730,624.75,241.24999999999997,614.0,231.49999999999997,635.5,250.99999999999997,1.0
3,731,624.5,240.0,614.0,230.0,635.0,250.0,1.0
3,732,624.25,238.75,614.0,228.5,634.5,249.0,1.0
3,733,624.0,237.5,614.0,227.0,634.0,248.0,1.0
3,734,623.75,236.25,614.0,225.5,633.5,247.0,1.0
3,735,623.5,235.0,614.0,224.0,633.0,246.0,1.0
3,736,623.25,233.75,614.0,222.5,632.5,245.0,1.0
3,737,623.0,232.5,614.0,221.0,632.0,244.0,1.0
3,738,622.0,231.83333333333334,613.0,220.33333333333334,631.0,243.33333333333334,1.0
3,739,621.0,231.16666666666666,612.0,219.66666666666666,630.0,242.66666666666666,1.0
3,740,620.0,230.5,611.0,219.0,629.0,242.0,1.0
3,741,621.3333333333334,229.83333333333334,612.3333333333334,218.33333333333334,630.3333333333334,241.33333333333334,1.0
3,742,622.6666666666666,229.16666666666666,613.6666666666666,217.66666666666666,631.6666666666666,240.66666666666666,1.0
3,743,624.0,228.5,615.0,217.0,633.0,240.0,1.0
3,744,625.0,229.83333333333334,615.6666666666666,219.33333333333334,634.3333333333334,240.33333333333334,1.0
3,745,626.0,231.16666666666666,616.3333333333334,221.66666666666666,635.6666666666666,240.66666666666666,1.0
3,746,627.0,232.5,617.0,224.0,637.0,241.0,1.0
3,747,627.0999999999999,234.10000000000002,616.8,225.40000000000003,637.3999999999999,242.8,1.0
3,748,627.2,235.7,616.6000000000001,226.8,637.8,244.59999999999997,1.0
3,749,627.3,237.3,616.3999999999999,228.2,638.2,246.40000000000003,1.0
3,750,627.4000000000001,238.89999999999998,616.2,229.59999999999997,638.6000000000001,248.2,1.0
3,751,627.5,240.50000000000003,616.0,231.00000000000003,639.0,250.00000000000003,1.0
3,752,627.5,240.50000000000003,616.0,231.00000000000003,639.0,250.00000000000003,1.0
3,753,627.5,240.50000000000003,616.0,231.00000000000003,639.0,250.00000000000003,1.0
3,754,627.5,240.50000000000003,616.0,231.00000000000003,639.0,250.00000000000003,1.0
4,0,460.5,71.0,453.0,64.0,468.0,78.0,1.0
4,1,460.501494768311,71.00149476831092,453.0029895366219,64.0,468.00000000000006,78.00298953662184,1.0
4,2,460.50298953662184,71.00298953662183,453.0059790732437,64.0,468.0,78.00597907324365,1.0
4,3,460.5044843049327,71.00448430493273,453.0089686098654,63.99999999999999,468.0,78.00896860986546,1.0
4,4,460.5059790732437,71.00597907324365,453.01195814648736,64.0,468.0,78.0119581464873,1.0
4,5,460.50747384155454,71.00747384155456,453.0149476831091,64.0,468.0,78.01494768310911,1.0
4,6,460.50896860986546,71.00896860986546,453.0179372197309,63.99999999999999,468.0,78.01793721973092,1.0
4,7,460.5104633781764,71.01046337817638,453.02092675635276,64.0,468.0,78.02092675635276,1.0
4,8,460.5119581464873,71.0119581464873,453.0239162929746,64.0,468.0,78.0239162929746,1.0
4,9,460.5134529147982,71.01345291479821,453.02690582959644,64.0,468.0,78.02690582959642,1.0
4,10,460.5149476831091,71.01494768310911,453.02989536621817,63.99999999999999,468.0,78.02989536621823,1.0
4,11,460.51644245142006,71.01644245142003,453.0328849028401,64.0,468.0,78.03288490284007,1.0
4,12,460.5179372197309,71.01793721973094,453.03587443946185,64.0,468.0,78.03587443946188,1.0
4,13,460.5194319880418,71.01943198804184,453.03886397608363,63.99999999999999,467.99999999999994,78.03886397608369,1.0
4,14,460.52092675635276,71.02092675635276,453.04185351270553,64.0,468.0,78.04185351270553,1.0
4,15,460.5224215246637,71.02242152466368,453.04484304932737,64.0,468.0,78.04484304932737,1.0
4,16,460.5239162929746,71.02391629297459,453.0478325859492,64.0,468.0,78.04783258594918,1.0
4,17,460.52541106128547,71.0254110612855,453.05082212257093,63.99999999999999,468.0,78.05082212257099,1.0
4,18,460.52690582959644,71.02690582959642,453.0538116591929,64.0,468.0,78.05381165919283,1.0
4,19,460.5284005979073,71.02840059790732,453.0568011958146,64.0,468.0,78.05680119581464,1.0
4,20,460.5298953662182,71.02989536621823,453.05979073243645,63.99999999999999,468.0,78.05979073243645,1.0
4,21,460.53139013452915,71.03139013452915,453.0627802690583,64.0,468.0,78.0627802690583,1.0
4,22,460.53288490284,71.03288490284007,453.0657698056801,64.0,467.99999999999994,78.06576980568013,1.0
4,23,460.534379671151,71.03437967115097,453.068759342302,64.0,468.0,78.06875934230195,1.0
4,24,460.53587443946185,71.03587443946188,453.0717488789237,63.99999999999999,468.0,78.07174887892376,1.0
4,25,460.5373692077728,71.0373692077728,453.07473841554565,64.0,468.0,78.0747384155456,1.0
4,26,460.5388639760837,71.0388639760837,453.0777279521674,64.0,468.0,78.07772795216741,1.0
4,27,460.54035874439467,71.04035874439461,453.0807174887893,63.99999999999999,468.00000000000006,78.08071748878922,1.0
4,28,460.54185351270553,71.04185351270553,453.08370702541106,64.0,468.0,78.08370702541106,1.0
4,29,460.54334828101645,71.04334828101645,453.0866965620329,64.0,468.0,78.0866965620329,1.0
4,30,460.54484304932737,71.04484304932735,453.08968609865474,64.0,468.0,78.08968609865471,1.0
4,31,460.54633781763823,71.04633781763826,453.09267563527646,63.99999999999999,468.0,78.09267563527652,1.0
4,32,460.5478325859492,71.04783258594918,453.0956651718984,64.0,468.0,78.09566517189836,1.0
4,33,460.5493273542601,71.0493273542601,453.09865470852014,64.0,468.0,78.0986547085202,1.0
4,34,460.550822122571,71.05082212257099,453.101644245142,63.99999999999999,468.0,78.10164424514198,1.0
4,35,460.5523168908819,71.05231689088191,453.1046337817638,64.0,468.0,78.10463378176382,1.0
4,36,460.5538116591929,71.05381165919283,453.1076233183857,64.0,468.00000000000006,78.10762331838566,1.0
4,37,460.55530642750375,71.05530642750374,453.1106128550075,64.0,468.0,78.11061285500747,1.0
4,38,460.5568011958146,71.05680119581464,453.11360239162923,63.99999999999999,468.0,78.11360239162929,1.0
4,39,460.5582959641256,71.05829596412556,453.1165919282512,64.0,468.0,78.11659192825113,1.0
4,40,460.55979073243645,71.05979073243648,453.1195814648729,64.0,468.0,78.11958146487297,1.0
4,41,460.5612855007474,71.06128550074737,453.12257100149475,63.99999999999999,468.0,78.12257100149475,1.0
4,42,460.5627802690583,71.0627802690583,453.1255605381166,64.0,468.0,78.12556053811659,1.0
4,43,460.5642750373692,71.06427503736921,453.1285500747384,64.0,468.0,78.12855007473843,1.0
4,44,460.56576980568013,71.06576980568012,453.13153961136027,64.0,468.0,78.13153961136024,1.0
4,45,460.567264573991,71.06726457399103,453.134529147982,63.99999999999999,468.0,78.13452914798205,1.0
4,46,460.568759342302,71.06875934230195,453.13751868460395,64.0,468.0,78.13751868460389,1.0
4,47,460.57025411061284,71.07025411061286,453.1405082212257,64.0,468.0,78.14050822122573,1.0
4,48,460.5717488789237,71.07174887892376,453.14349775784746,63.99999999999999,467.99999999999994,78.14349775784751,1.0
4,49,460.5732436472347,71.07324364723468,453.14648729446935,64.0,468.0,78.14648729446935,1.0
4,50,460.5747384155456,71.0747384155456,453.1494768310912,64.0,468.0,78.14947683109119,1.0
4,51,460.5762331838565,71.0762331838565,453.15246636771303,64.0,468.0,78.152466367713,1.0
4,52,460.5777279521674,71.07772795216741,453.15545590433476,63.99999999999999,468.0,78.15545590433481,1.0
4,53,460.57922272047836,71.07922272047833,453.1584454409567,64.0,468.0,78.15844544095665,1.0
4,54,460.5807174887892,71.08071748878925,453.16143497757844,64.0,468.0,78.1614349775785,1.0
4,55,460.58221225710014,71.08221225710015,453.1644245142003,64.0,468.0,78.1644245142003,1.0
4,56,460.58370702541106,71.08370702541106,453.1674140508221,64.0,468.0,78.16741405082212,1.0
4,57,460.5852017937219,71.08520179372198,453.1704035874439,64.0,467.99999999999994,78.17040358744396,1.0
4,58,460.5866965620329,71.08669656203288,453.1733931240658,64.0,468.0,78.17339312406577,1.0
4,59,460.58819133034376,71.08819133034379,453.1763826606875,63.99999999999999,468.0,78.17638266068758,1.0
4,60,460.58968609865474,71.08968609865471,453.1793721973095,64.0,468.0,78.17937219730942,1.0
4,61,460.5911808669656,71.09118086696563,453.1823617339312,64.0,468.0,78.18236173393126,1.0
4,62,460.5926756352766,71.09267563527654,453.1853512705531,64.0,468.00000000000006,78.18535127055307,1.0
4,63,460.59417040358744,71.09417040358744,453.1883408071749,64.0,468.0,78.18834080717488,1.0
4,64,460.59566517189836,71.09566517189836,453.1913303437967,64.0,468.0,78.19133034379672,1.0
4,65,460.5971599402093,71.09715994020927,453.19431988041856,64.0,468.0,78.19431988041853,1.0
4,66,460.59865470852014,71.09865470852017,453.1973094170403,63.99999999999999,468.0,78.19730941704034,1.0
4,67,460.6001494768311,71.10014947683109,453.20029895366224,64.0,468.0,78.20029895366218,1.0
4,68,460.601644245142,71.10164424514201,453.20328849028397,64.0,468.0,78.20328849028402,1.0
4,69,460.6031390134529,71.10313901345292,453.2062780269058,64.0,468.0,78.20627802690584,1.0
4,70,460.6046337817638,71.10463378176382,453.20926756352765,64.0,468.0,78.20926756352765,1.0
4,71,460.6061285500748,71.10612855007474,453.21225710014954,64.0,468.00000000000006,78.21225710014949,1.0
4,72,460.60762331838566,71.10762331838565,453.2152466367713,64.0,468.0,78.2152466367713,1.0
4,73,460.6091180866965,71.10911808669655,453.21823617339305,63.99999999999999,468.0,78.21823617339311,1.0
4,74,460.6106128550075,71.11061285500747,453.221225710015,64.0,468.0,78.22122571001495,1.0
4,75,460.61210762331837,71.1121076233184,453.22421524663673,64.0,468.0,78.22421524663679,1.0
4,76,460.6136023916293,71.1136023916293,453.22720478325857,64.0,468.0,78.2272047832586,1.0
4,77,460.6150971599402,71.1150971599402,453.2301943198804,63.99999999999999,468.0,78.23019431988041,1.0
4,78,460.6165919282511,71.11659192825113,453.23318385650225,64.0,468.0,78.23318385650225,1.0
4,79,460.61808669656205,71.11808669656203,453.2361733931241,64.0,468.0,78.23617339312406,1.0
4,80,460.6195814648729,71.11958146487294,453.2391629297458,63.99999999999999,468.0,78.23916292974587,1.0
4,81,460.6210762331839,71.12107623318386,453.24215246636777,64.0,468.0,78.24215246636771,1.0
4,82,460.62257100149475,71.12257100149478,453.2451420029895,64.0,468.0,78.24514200298955,1.0
4,83,460.6240657698056,71.12406576980568,453.2481315396113,64.0,467.99999999999994,78.24813153961136,1.0
4,84,460.6255605381166,71.12556053811659,453.2511210762332,63.99999999999999,468.0,78.25112107623318,1.0
4,85,460.6270553064275,71.12705530642751,453.254110612855,64.0,468.0,78.25411061285502,1.0
4,86,460.6285500747384,71.12855007473841,453.25710014947686,64.0,468.0,78.25710014947683,1.0
4,87,460.6300448430493,71.13004484304932,453.2600896860986,63.99999999999999,468.0,78.26008968609864,1.0
4,88,460.63153961136027,71.13153961136024,453.26307922272053,64.0,468.0,78.26307922272048,1.0
4,89,460.63303437967113,71.13303437967116,453.26606875934226,64.0,468.0,78.26606875934232,1.0
4,90,460.63452914798205,71.13452914798206,453.2690582959641,64.0,468.0,78.26905829596413,1.0
4,91,460.63602391629297,71.13602391629297,453.27204783258594,63.99999999999999,468.0,78.27204783258594,1.0
4,92,460.63751868460383,71.13751868460389,453.2750373692077,64.0,467.99999999999994,78.27503736920778,1.0
4,93,460.6390134529148,71.1390134529148,453.2780269058296,64.0,468.0,78.27802690582959,1.0
4,94,460.6405082212257,71.1405082212257,453.28101644245135,63.99999999999999,468.0,78.2810164424514,1.0
4,95,460.64200298953665,71.14200298953662,453.2840059790733,64.0,468.0,78.28400597907324,1.0
4,96,460.6434977578475,71.14349775784754,453.286995515695,64.0,468.0,78.28699551569508,1.0
4,97,460.6449925261585,71.14499252615845,453.2899850523169,64.0,468.00000000000006,78.2899850523169,1.0
4,98,460.64648729446935,71.14648729446935,453.2929745889387,63.99999999999999,468.0,78.2929745889387,1.0
4,99,460.6479820627803,71.14798206278027,453.29596412556054,64.0,468.0,78.29596412556054,1.0
4,100,460.6494768310912,71.14947683109118,453.2989536621824,64.0,468.0,78.29895366218236,1.0
4,101,460.65097159940206,71.15097159940208,453.3019431988041,63.99999999999999,468.0,78.30194319880417,1.0
4,102,460.65246636771303,71.152466367713,453.30493273542606,64.0,468.0,78.30493273542601,1.0
4,103,460.6539611360239,71.15396113602392,453.3079222720478,64.0,468.0,78.30792227204785,1.0
4,104,460.6554559043348,71.15545590433483,453.31091180866963,64.0,468.0,78.31091180866966,1.0
4,105,460.65695067264573,71.15695067264573,453.31390134529147,63.99999999999999,468.0,78.31390134529147,1.0
4,106,460.6584454409567,71.15844544095665,453.31689088191337,64.0,468.00000000000006,78.31689088191331,1.0
4,107,460.6599402092676,71.15994020926756,453.31988041853515,64.0,468.0,78.31988041853512,1.0
4,108,460.66143497757844,71.16143497757847,453.3228699551569,63.99999999999999,468.0,78.32286995515693,1.0
4,109,460.6629297458894,71.16292974588939,453.32585949177883,64.0,468.0,78.32585949177877,1.0
4,110,460.6644245142003,71.1644245142003,453.32884902840055,64.0,468.0,78.32884902840061,1.0
4,111,460.6659192825112,71.16591928251121,453.3318385650224,64.0,468.0,78.33183856502242,1.0
4,112,460.6674140508221,71.16741405082212,453.33482810164423,63.99999999999999,468.0,78.33482810164423,1.0
4,113,460.66890881913304,71.16890881913304,453.3378176382661,64.0,468.0,78.33781763826607,1.0
4,114,460.67040358744396,71.17040358744394,453.3408071748879,64.0,468.0,78.34080717488789,1.0
4,115,460.6718983557548,71.17189835575485,453.34379671150964,63.99999999999999,468.0,78.3437967115097,1.0
4,116,460.6733931240658,71.17339312406577,453.3467862481316,64.0,468.0,78.34678624813154,1.0
4,117,460.67488789237666,71.17488789237669,453.3497757847533,64.0,468.0,78.34977578475338,1.0
4,118,460.6763826606875,71.1763826606876,453.3527653213751,64.0,467.99999999999994,78.35276532137519,1.0
4,119,460.6778774289985,71.1778774289985,453.355754857997,63.99999999999999,468.0,78.355754857997,1.0
4,120,460.6793721973094,71.17937219730942,453.35874439461884,64.0,468.0,78.35874439461884,1.0
4,121,460.68086696562034,71.18086696562034,453.3617339312407,64.0,468.0,78.36173393124068,1.0
4,122,460.6823617339312,71.18236173393123,453.3647234678624,63.99999999999999,468.0,78.36472346786246,1.0
4,123,460.6838565022422,71.18385650224215,453.36771300448436,64.0,468.0,78.3677130044843,1.0
4,124,460.68535127055304,71.18535127055307,453.3707025411061,64.0,468.0,78.37070254110614,1.0
4,125,460.68684603886396,71.18684603886398,453.3736920777279,64.0,468.0,78.37369207772795,1.0
4,126,460.6883408071749,71.18834080717488,453.37668161434976,63.99999999999999,468.0,78.37668161434976,1.0
4,127,460.68983557548574,71.1898355754858,453.37967115097155,64.0,467.99999999999994,78.3796711509716,1.0
4,128,460.6913303437967,71.19133034379672,453.38266068759344,64.0,468.0,78.38266068759344,1.0
4,129,460.6928251121076,71.19282511210761,453.38565022421517,63.99999999999999,468.0,78.38565022421523,1.0
4,130,460.69431988041856,71.19431988041853,453.3886397608371,64.0,468.0,78.38863976083707,1.0
4,131,460.6958146487294,71.19581464872945,453.39162929745885,64.0,468.0,78.3916292974589,1.0
4,132,460.6973094170404,71.19730941704036,453.3946188340808,64.0,468.0,78.39461883408072,1.0
4,133,460.69880418535126,71.19880418535126,453.3976083707025,63.99999999999999,468.0,78.39760837070253,1.0
4,134,460.7002989536622,71.20029895366218,453.40059790732437,64.0,468.0,78.40059790732437,1.0
4,135,460.7017937219731,71.2017937219731,453.4035874439462,64.0,468.0,78.40358744394621,1.0
4,136,460.70328849028397,71.20328849028401,453.40657698056793,64.0,468.0,78.40657698056802,1.0
4,137,460.70478325859494,71.20478325859492,453.4095665171899,64.0,468.0,78.40956651718983,1.0
4,138,460.7062780269058,71.20627802690584,453.4125560538116,64.0,468.0,78.41255605381167,1.0
4,139,460.7077727952168,71.20777279521674,453.41554559043357,64.0,468.0,78.41554559043348,1.0
4,140,460.70926756352765,71.20926756352765,453.4185351270553,63.99999999999999,468.0,78.41853512705529,1.0
4,141,460.7107623318386,71.21076233183857,453.4215246636772,64.0,468.00000000000006,78.42152466367713,1.0
4,142,460.7122571001495,71.21225710014949,453.424514200299,64.0,468.0,78.42451420029897,1.0
4,143,460.71375186846035,71.21375186846039,453.4275037369207,64.0,468.0,78.42750373692078,1.0
4,144,460.7152466367713,71.2152466367713,453.43049327354265,64.0,468.0,78.4304932735426,1.0
4,145,460.7167414050822,71.21674140508222,453.4334828101644,64.0,468.0,78.43348281016443,1.0
4,146,460.71823617339317,71.21823617339312,453.43647234678633,64.0,468.0,78.43647234678625,1.0
4,147,460.71973094170403,71.21973094170403,453.43946188340806,63.99999999999999,468.0,78.43946188340806,1.0
4,148,460.72122571001495,71.22122571001495,453.4424514200299,64.0,468.0,78.4424514200299,1.0
4,149,460.72272047832587,71.22272047832587,453.44544095665174,64.0,468.0,78.44544095665174,1.0
4,150,460.72421524663673,71.22421524663677,453.44843049327346,64.0,468.0,78.44843049327355,1.0
4,151,460.7257100149477,71.22571001494768,453.4514200298954,64.0,468.0,78.45142002989536,1.0
4,152,460.72720478325857,71.2272047832586,453.45440956651714,64.0,468.0,78.4544095665172,1.0
4,153,460.72869955156955,71.2286995515695,453.4573991031391,64.0,468.0,78.45739910313901,1.0
4,154,460.7301943198804,71.23019431988041,453.4603886397608,63.99999999999999,468.0,78.46038863976082,1.0
4,155,460.73168908819133,71.23168908819133,453.46337817638266,64.0,468.0,78.46337817638266,1.0
4,156,460.73318385650225,71.23318385650225,453.4663677130045,64.0,468.0,78.4663677130045,1.0
4,157,460.7346786248131,71.23467862481316,453.4693572496262,64.0,468.0,78.46935724962631,1.0
4,158,460.7361733931241,71.23617339312406,453.4723467862482,63.99999999999999,468.0,78.47234678624812,1.0
4,159,460.73766816143495,71.23766816143498,453.4753363228699,64.0,468.0,78.47533632286996,1.0
4,160,460.73916292974593,71.23916292974589,453.47832585949186,64.0,468.0,78.47832585949178,1.0
4,161,460.7406576980568,71.2406576980568,453.4813153961136,63.99999999999999,468.0,78.48131539611359,1.0
4,162,460.74215246636766,71.24215246636771,453.48430493273537,64.0,467.99999999999994,78.48430493273543,1.0
4,163,460.74364723467863,71.24364723467863,453.48729446935727,64.0,468.0,78.48729446935727,1.0
4,164,460.7451420029895,71.24514200298954,453.490284005979,64.0,468.0,78.49028400597908,1.0
4,165,460.7466367713005,71.24663677130044,453.49327354260095,63.99999999999999,468.0,78.49327354260089,1.0
4,166,460.74813153961134,71.24813153961136,453.4962630792227,64.0,468.0,78.49626307922273,1.0
4,167,460.7496263079223,71.24962630792227,453.4992526158446,64.0,468.0,78.49925261584454,1.0
4,168,460.7511210762332,71.25112107623318,453.50224215246635,63.99999999999999,468.0,78.50224215246635,1.0
4,169,460.7526158445441,71.2526158445441,453.5052316890882,64.0,468.0,78.50523168908819,1.0
4,170,460.754110612855,71.25411061285502,453.50822122571003,64.0,468.0,78.50822122571003,1.0
4,171,460.7556053811659,71.25560538116592,453.51121076233176,64.0,468.0,78.51121076233184,1.0
4,172,460.75710014947686,71.25710014947683,453.5142002989537,63.99999999999999,468.0,78.51420029895365,1.0
4,173,460.7585949177877,71.25859491778775,453.51718983557544,64.0,468.0,78.5171898355755,1.0
4,174,460.7600896860987,71.26008968609865,453.5201793721974,64.0,468.0,78.5201793721973,1.0
4,175,460.76158445440956,71.26158445440956,453.5231689088191,63.99999999999999,468.0,78.52316890881912,1.0
4,176,460.76307922272053,71.26307922272048,453.526158445441,64.0,468.00000000000006,78.52615844544096,1.0
4,177,460.7645739910314,71.2645739910314,453.5291479820628,64.0,468.0,78.5291479820628,1.0
4,178,460.76606875934226,71.2660687593423,453.5321375186845,64.0,468.0,78.5321375186846,1.0
4,179,460.76756352765324,71.26756352765321,453.5351270553065,63.99999999999999,468.0,78.53512705530642,1.0
4,180,460.7690582959641,71.26905829596413,453.5381165919282,64.0,468.0,78.53811659192826,1.0
4,181,460.7705530642751,71.27055306427503,453.54110612855015,64.0,468.0,78.54110612855007,1.0
4,182,460.77204783258594,71.27204783258594,453.5440956651719,63.99999999999999,468.0,78.54409566517188,1.0
4,183,460.77354260089686,71.27354260089686,453.5470852017937,64.0,468.0,78.54708520179372,1.0
4,184,460.7750373692078,71.27503736920778,453.55007473841556,64.0,468.0,78.55007473841556,1.0
4,185,460.77653213751864,71.27653213751869,453.5530642750373,64.0,468.0,78.55306427503737,1.0
4,186,460.7780269058296,71.27802690582959,453.55605381165924,63.99999999999999,468.0,78.55605381165918,1.0
4,187,460.7795216741405,71.27952167414051,453.55904334828097,64.0,468.0,78.55904334828102,1.0
4,188,460.78101644245146,71.28101644245142,453.5620328849029,64.0,468.0,78.56203288490283,1.0
4,189,460.7825112107623,71.28251121076232,453.56502242152465,63.99999999999999,468.0,78.56502242152465,1.0
4,190,460.78400597907324,71.28400597907324,453.5680119581465,64.0,468.0,78.56801195814649,1.0
4,191,460.78550074738416,71.28550074738416,453.5710014947683,64.0,468.0,78.57100149476832,1.0
4,192,460.786995515695,71.28699551569507,453.57399103139005,64.0,468.0,78.57399103139014,1.0
4,193,460.788490284006,71.28849028400597,453.576980568012,63.99999999999999,468.0,78.57698056801195,1.0
4,194,460.78998505231687,71.2899850523169,453.57997010463373,64.0,468.0,78.57997010463379,1.0
4,195,460.79147982062784,71.2914798206278,453.5829596412557,64.0,468.0,78.5829596412556,1.0
4,196,460.7929745889387,71.2929745889387,453.5859491778774,63.99999999999999,468.0,78.58594917787741,1.0
4,197,460.79446935724957,71.29446935724962,453.5889387144992,64.0,467.99999999999994,78.58893871449925,1.0
4,198,460.79596412556054,71.29596412556054,453.5919282511211,64.0,468.0,78.59192825112109,1.0
4,199,460.7974588938714,71.29745889387145,453.5949177877428,64.0,468.0,78.5949177877429,1.0
4,200,460.7989536621824,71.29895366218236,453.59790732436477,63.99999999999999,468.0,78.59790732436471,1.0
4,201,460.80044843049325,71.30044843049328,453.6008968609865,64.0,468.0,78.60089686098655,1.0
4,202,460.8019431988042,71.3019431988042,453.60388639760845,64.0,468.0,78.60388639760839,1.0
4,203,460.8034379671151,71.30343796711509,453.6068759342302,63.99999999999999,468.0,78.60687593423017,1.0
4,204,460.804932735426,71.30493273542601,453.609865470852,64.0,468.0,78.60986547085201,1.0
4,205,460.8064275037369,71.30642750373693,453.61285500747385,64.0,468.0,78.61285500747385,1.0
4,206,460.8079222720478,71.30792227204783,453.6158445440956,64.0,468.0,78.61584454409567,1.0
4,207,460.80941704035877,71.30941704035874,453.61883408071753,63.99999999999999,468.0,78.61883408071748,1.0
4,208,460.81091180866963,71.31091180866966,453.62182361733926,64.0,468.0,78.62182361733932,1.0
4,209,460.8124065769806,71.31240657698058,453.6248131539612,64.0,468.0,78.62481315396116,1.0
4,210,460.81390134529147,71.31390134529147,453.62780269058294,63.99999999999999,468.0,78.62780269058294,1.0
4,211,460.81539611360245,71.31539611360239,453.63079222720484,64.0,468.00000000000006,78.63079222720478,1.0
4,212,460.8168908819133,71.31689088191331,453.6337817638266,64.0,468.0,78.63378176382662,1.0
4,213,460.81838565022423,71.31838565022422,453.63677130044846,64.0,468.0,78.63677130044843,1.0
4,214,460.81988041853515,71.31988041853512,453.6397608370703,63.99999999999999,468.0,78.63976083707024,1.0
4,215,460.821375186846,71.32137518684604,453.642750373692,64.0,468.0,78.64275037369208,1.0
4,216,460.822869955157,71.32286995515696,453.645739910314,64.0,468.0,78.64573991031392,1.0
4,217,460.82436472346785,71.32436472346785,453.6487294469357,63.99999999999999,468.0,78.6487294469357,1.0
4,218,460.8258594917788,71.32585949177877,453.65171898355754,64.0,468.0,78.65171898355754,1.0
4,219,460.8273542600897,71.32735426008969,453.6547085201794,64.0,468.0,78.65470852017938,1.0
4,220,460.82884902840067,71.3288490284006,453.6576980568013,64.0,468.00000000000006,78.6576980568012,1.0
4,221,460.83034379671153,71.3303437967115,453.66068759342306,63.99999999999999,468.0,78.660687593423,1.0
4,222,460.8318385650224,71.33183856502242,453.6636771300448,64.0,468.0,78.66367713004485,1.0
4,223,460.83333333333337,71.33333333333334,453.66666666666674,64.0,468.0,78.66666666666669,1.0
4,224,460.83482810164423,71.33482810164425,453.66965620328847,64.0,468.0,78.6696562032885,1.0
4,225,460.83632286995515,71.33632286995515,453.6726457399103,64.0,468.0,78.67264573991031,1.0
4,226,460.8378176382661,71.33781763826607,453.67563527653215,64.0,468.0,78.67563527653215,1.0
4,227,460.839312406577,71.33931240657698,453.678624813154,64.0,468.0,78.67862481315396,1.0
4,228,460.8408071748879,71.34080717488789,453.6816143497758,63.99999999999999,468.0,78.68161434977577,1.0
4,229,460.8423019431988,71.3423019431988,453.68460388639755,64.0,468.0,78.68460388639761,1.0
4,230,460.84379671150975,71.34379671150973,453.6875934230195,64.0,468.0,78.68759342301945,1.0
4,231,460.8452914798206,71.34529147982063,453.69058295964123,64.0,468.0,78.69058295964126,1.0
4,232,460.8467862481315,71.34678624813154,453.693572496263,64.0,467.99999999999994,78.69357249626307,1.0
4,233,460.84828101644246,71.34828101644246,453.6965620328849,64.0,468.0,78.69656203288491,1.0
4,234,460.8497757847534,71.34977578475336,453.69955156950675,64.0,468.0,78.69955156950672,1.0
4,235,460.8512705530643,71.35127055306427,453.7025411061286,63.99999999999999,468.0,78.70254110612854,1.0
4,236,460.85276532137516,71.35276532137519,453.7055306427503,64.0,468.0,78.70553064275038,1.0
4,237,460.85426008968614,71.35426008968611,453.7085201793723,64.0,468.0,78.70852017937221,1.0
4,238,460.855754857997,71.35575485799701,453.711509715994,64.0,468.0,78.71150971599403,1.0
4,239,460.8572496263079,71.35724962630792,453.71449925261584,64.0,468.0,78.71449925261584,1.0
4,240,460.85874439461884,71.35874439461884,453.7174887892377,64.0,468.0,78.71748878923768,1.0
4,241,460.8602391629297,71.36023916292974,453.72047832585946,64.0,467.99999999999994,78.72047832585949,1.0
4,242,460.8617339312407,71.36173393124065,453.72346786248136,63.99999999999999,468.0,78.7234678624813,1.0
4,243,460.86322869955154,71.36322869955157,453.7264573991031,64.0,468.0,78.72645739910314,1.0
4,244,460.8647234678625,71.36472346786249,453.72944693572504,64.0,468.0,78.72944693572498,1.0
4,245,460.8662182361734,71.3662182361734,453.73243647234676,64.0,468.0,78.73243647234679,1.0
4,246,460.86771300448436,71.3677130044843,453.73542600896866,63.99999999999999,468.00000000000006,78.7354260089686,1.0
4,247,460.8692077727952,71.36920777279522,453.73841554559044,64.0,468.0,78.73841554559044,1.0
4,248,460.87070254110614,71.37070254110613,453.7414050822123,64.0,468.0,78.74140508221225,1.0
4,249,460.87219730941706,71.37219730941703,453.7443946188341,63.99999999999999,468.0,78.74439461883406,1.0
4,250,460.8736920777279,71.37369207772795,453.74738415545585,64.0,468.0,78.7473841554559,1.0
4,251,460.8751868460389,71.37518684603887,453.7503736920778,64.0,468.0,78.75037369207774,1.0
4,252,460.87668161434976,71.37668161434978,453.7533632286995,64.0,468.0,78.75336322869956,1.0
4,253,460.8781763826607,71.37817638266068,453.75635276532137,63.99999999999999,468.0,78.75635276532137,1.0
4,254,460.8796711509716,71.3796711509716,453.7593423019432,64.0,468.0,78.7593423019432,1.0
4,255,460.8811659192826,71.38116591928251,453.7623318385651,64.0,468.00000000000006,78.76233183856502,1.0
4,256,460.88266068759344,71.38266068759341,453.7653213751869,63.99999999999999,468.0,78.76532137518683,1.0
4,257,460.8841554559043,71.38415545590433,453.7683109118086,64.0,468.0,78.76831091180867,1.0
4,258,460.8856502242153,71.38565022421525,453.77130044843057,64.0,468.0,78.77130044843051,1.0
4,259,460.88714499252615,71.38714499252616,453.7742899850523,64.0,468.0,78.77428998505232,1.0
4,260,460.88863976083707,71.38863976083707,453.77727952167413,63.99999999999999,468.0,78.77727952167413,1.0
4,261,460.890134529148,71.39013452914799,453.78026905829597,64.0,468.0,78.78026905829597,1.0
4,262,460.8916292974589,71.39162929745889,453.7832585949178,64.0,468.0,78.78325859491778,1.0
4,263,460.8931240657698,71.3931240657698,453.78624813153965,63.99999999999999,468.0,78.7862481315396,1.0
4,264,460.8946188340807,71.39461883408072,453.7892376681614,64.0,468.0,78.78923766816143,1.0
4,265,460.89611360239167,71.39611360239164,453.79222720478333,64.0,468.0,78.79222720478327,1.0
4,266,460.8976083707025,71.39760837070254,453.79521674140506,64.0,468.0,78.79521674140508,1.0
4,267,460.8991031390134,71.39910313901345,453.79820627802684,63.99999999999999,467.99999999999994,78.7982062780269,1.0
4,268,460.90059790732437,71.40059790732437,453.80119581464874,64.0,468.0,78.80119581464874,1.0
4,269,460.9020926756353,71.40209267563527,453.8041853512706,64.0,468.0,78.80418535127055,1.0
4,270,460.9035874439462,71.40358744394618,453.8071748878924,63.99999999999999,468.0,78.80717488789236,1.0
4,271,460.90508221225707,71.4050822122571,453.81016442451414,64.0,468.0,78.8101644245142,1.0
4,272,460.90657698056805,71.40657698056802,453.8131539611361,64.0,468.0,78.81315396113604,1.0
4,273,460.9080717488789,71.40807174887892,453.8161434977578,64.0,468.0,78.81614349775785,1.0
4,274,460.90956651718983,71.40956651718983,453.81913303437966,63.99999999999999,468.0,78.81913303437966,1.0
4,275,460.91106128550075,71.41106128550075,453.8221225710015,64.0,468.0,78.8221225710015,1.0
4,276,460.9125560538116,71.41255605381166,453.8251121076233,64.0,467.99999999999994,78.82511210762331,1.0
4,277,460.9140508221226,71.41405082212256,453.8281016442452,63.99999999999999,468.0,78.82810164424512,1.0
4,278,460.91554559043345,71.41554559043348,453.8310911808669,64.0,468.0,78.83109118086696,1.0
4,279,460.91704035874443,71.4170403587444,453.83408071748886,64.0,468.0,78.8340807174888,1.0
4,280,460.9185351270553,71.4185351270553,453.8370702541106,64.0,468.0,78.83707025411061,1.0
4,281,460.92002989536627,71.42002989536621,453.8400597907325,63.99999999999999,468.00000000000006,78.84005979073243,1.0
4,282,460.92152466367713,71.42152466367713,453.84304932735427,64.0,468.0,78.84304932735427,1.0
4,283,460.92301943198805,71.42301943198805,453.8460388639761,64.0,468.0,78.8460388639761,1.0
4,284,460.924514200299,71.42451420029894,453.84902840059794,63.99999999999999,468.0,78.84902840059789,1.0
4,285,460.92600896860984,71.42600896860986,453.85201793721967,64.0,468.0,78.85201793721973,1.0
4,286,460.9275037369208,71.42750373692078,453.8550074738416,64.0,468.0,78.85500747384157,1.0
4,287,460.9289985052317,71.42899850523169,453.85799701046335,64.0,468.0,78.85799701046338,1.0
4,288,460.9304932735426,71.4304932735426,453.8609865470852,63.99999999999999,468.0,78.86098654708519,1.0
4,289,460.9319880418535,71.43198804185351,453.86397608370703,64.0,468.0,78.86397608370703,1.0
4,290,460.9334828101645,71.43348281016443,453.8669656203289,64.0,468.00000000000006,78.86696562032887,1.0
4,291,460.93497757847535,71.43497757847533,453.8699551569507,63.99999999999999,468.0,78.86995515695065,1.0
4,292,460.9364723467862,71.43647234678625,453.87294469357244,64.0,468.0,78.87294469357249,1.0
4,293,460.9379671150972,71.43796711509717,453.8759342301944,64.0,468.0,78.87593423019433,1.0
4,294,460.93946188340806,71.43946188340807,453.8789237668161,64.0,468.0,78.87892376681614,1.0
4,295,460.940956651719,71.44095665171898,453.88191330343795,63.99999999999999,468.0,78.88191330343795,1.0
4,296,460.9424514200299,71.4424514200299,453.8849028400598,64.0,468.0,78.8849028400598,1.0
4,297,460.9439461883408,71.44394618834082,453.88789237668163,64.0,468.0,78.88789237668163,1.0
4,298,460.94544095665174,71.44544095665171,453.8908819133035,63.99999999999999,468.0,78.89088191330342,1.0
4,299,460.9469357249626,71.44693572496263,453.8938714499252,64.0,468.0,78.89387144992526,1.0
4,300,460.9484304932736,71.44843049327355,453.89686098654715,64.0,468.0,78.8968609865471,1.0
4,301,460.94992526158444,71.44992526158445,453.8998505231689,64.0,468.0,78.89985052316891,1.0
4,302,460.9514200298953,71.45142002989536,453.90284005979066,63.99999999999999,467.99999999999994,78.90284005979072,1.0
4,303,460.9529147982063,71.45291479820628,453.90582959641256,64.0,468.0,78.90582959641256,1.0
4,304,460.9544095665172,71.4544095665172,453.9088191330344,64.0,468.0,78.9088191330344,1.0
4,305,460.9559043348281,71.4559043348281,453.91180866965624,64.0,468.0,78.91180866965621,1.0
4,306,460.957399103139,71.45739910313901,453.91479820627796,64.0,468.0,78.91479820627802,1.0
4,307,460.95889387144996,71.45889387144993,453.9177877428999,64.0,468.0,78.91778774289986,1.0
4,308,460.9603886397608,71.46038863976084,453.92077727952164,64.0,468.0,78.92077727952167,1.0
4,309,460.96188340807174,71.46188340807174,453.9237668161435,63.99999999999999,468.0,78.92376681614348,1.0
4,310,460.96337817638266,71.46337817638266,453.9267563527653,64.0,468.0,78.92675635276532,1.0
4,311,460.9648729446935,71.46487294469358,453.9297458893871,64.0,467.99999999999994,78.92974588938716,1.0
4,312,460.9663677130045,71.46636771300449,453.932735426009,64.0,468.0,78.93273542600897,1.0
4,313,460.96786248131536,71.4678624813154,453.93572496263073,64.0,468.0,78.93572496263079,1.0
4,314,460.96935724962634,71.46935724962631,453.9387144992527,64.0,468.0,78.93871449925263,1.0
4,315,460.9708520179372,71.47085201793722,453.9417040358744,64.0,468.0,78.94170403587444,1.0
4,316,460.9723467862482,71.47234678624812,453.9446935724963,63.99999999999999,468.00000000000006,78.94469357249625,1.0
4,317,460.97384155455904,71.47384155455904,453.9476831091181,64.0,468.0,78.94768310911809,1.0
4,318,460.97533632286996,71.47533632286996,453.9506726457399,64.0,468.0,78.95067264573993,1.0
4,319,460.9768310911809,71.47683109118087,453.95366218236177,64.0,468.0,78.95366218236174,1.0
4,320,460.97832585949175,71.47832585949178,453.9566517189835,64.0,468.0,78.95665171898355,1.0
4,321,460.9798206278027,71.4798206278027,453.95964125560545,64.0,468.0,78.95964125560539,1.0
4,322,460.9813153961136,71.4813153961136,453.9626307922272,64.0,468.0,78.9626307922272,1.0
4,323,460.9828101644245,71.4828101644245,453.965620328849,63.99999999999999,468.0,78.96562032884901,1.0
4,324,460.9843049327354,71.48430493273543,453.96860986547085,64.0,468.0,78.96860986547085,1.0
4,325,460.9857997010464,71.48579970104635,453.97159940209275,64.0,468.00000000000006,78.97159940209269,1.0
4,326,460.98729446935727,71.48729446935725,453.97458893871453,64.0,468.0,78.9745889387145,1.0
4,327,460.98878923766813,71.48878923766816,453.97757847533626,63.99999999999999,468.0,78.97757847533632,1.0
4,328,460.9902840059791,71.49028400597908,453.9805680119582,64.0,468.0,78.98056801195816,1.0
4,329,460.99177877428997,71.49177877428998,453.98355754857994,64.0,468.0,78.98355754857997,1.0
4,330,460.9932735426009,71.49327354260089,453.9865470852018,63.99999999999999,468.0,78.98654708520178,1.0
4,331,460.9947683109118,71.49476831091181,453.9895366218236,64.0,468.0,78.98953662182362,1.0
4,332,460.99626307922273,71.49626307922273,453.99252615844546,64.0,468.0,78.99252615844546,1.0
4,333,460.99775784753365,71.49775784753363,453.9955156950673,64.0,468.0,78.99551569506727,1.0
4,334,460.9992526158445,71.49925261584454,453.998505231689,63.99999999999999,468.0,78.99850523168908,1.0
4,335,461.0007473841555,71.50074738415546,454.001494768311,64.00000000000001,468.0,79.0014947683109,1.0
4,336,461.00224215246635,71.50224215246637,454.0044843049327,64.0,468.0,79.00448430493273,1.0
4,337,461.0037369207772,71.50373692077727,454.0074738415545,63.99999999999999,467.99999999999994,79.00747384155454,1.0
4,338,461.0052316890882,71.50523168908819,454.0104633781764,64.0,468.0,79.01046337817638,1.0
4,339,461.0067264573991,71.50672645739911,454.0134529147982,64.0,468.0,79.01345291479822,1.0
4,340,461.00822122571003,71.50822122571002,454.01644245142006,64.0,468.0,79.01644245142003,1.0
4,341,461.0097159940209,71.50971599402092,454.0194319880418,63.99999999999999,468.0,79.01943198804184,1.0
4,342,461.01121076233187,71.51121076233184,454.02242152466374,64.0,468.0,79.02242152466368,1.0
4,343,461.01270553064273,71.51270553064275,454.02541106128547,64.0,468.0,79.0254110612855,1.0
4,344,461.01420029895365,71.51420029895365,454.0284005979073,63.99999999999999,468.0,79.02840059790731,1.0
4,345,461.0156950672646,71.51569506726457,454.03139013452915,64.0,468.0,79.03139013452915,1.0
4,346,461.01718983557544,71.5171898355755,454.03437967115093,64.00000000000001,467.99999999999994,79.03437967115097,1.0
4,347,461.0186846038864,71.5186846038864,454.0373692077728,64.0,468.0,79.0373692077728,1.0
4,348,461.0201793721973,71.5201793721973,454.04035874439455,63.99999999999999,468.0,79.04035874439461,1.0
4,349,461.02167414050825,71.52167414050822,454.0433482810165,64.0,468.0,79.04334828101645,1.0
4,350,461.0231689088191,71.52316890881913,454.04633781763823,64.0,468.0,79.04633781763826,1.0
4,351,461.0246636771301,71.52466367713004,454.04932735426013,63.99999999999999,468.00000000000006,79.04932735426007,1.0
4,352,461.02615844544096,71.52615844544096,454.0523168908819,64.0,468.0,79.05231689088191,1.0
4,353,461.0276532137519,71.52765321375188,454.05530642750375,64.0,468.0,79.05530642750375,1.0
4,354,461.0291479820628,71.52914798206278,454.0582959641256,64.0,468.0,79.05829596412556,1.0
4,355,461.03064275037366,71.53064275037369,454.0612855007473,63.99999999999999,468.0,79.06128550074737,1.0
4,356,461.03213751868464,71.5321375186846,454.06427503736927,64.0,468.0,79.06427503736921,1.0
4,357,461.0336322869955,71.53363228699551,454.067264573991,64.0,468.0,79.06726457399103,1.0
4,358,461.0351270553064,71.53512705530642,454.07025411061284,63.99999999999999,468.0,79.07025411061284,1.0
4,359,461.03662182361734,71.53662182361734,454.0732436472347,64.0,468.0,79.07324364723468,1.0
4,360,461.0381165919283,71.53811659192826,454.0762331838566,64.0,468.00000000000006,79.07623318385652,1.0
4,361,461.0396113602392,71.53961136023916,454.07922272047836,64.0,468.0,79.07922272047833,1.0
4,362,461.04110612855004,71.54110612855007,454.0822122571001,63.99999999999999,468.0,79.08221225710014,1.0
4,363,461.042600896861,71.54260089686099,454.08520179372204,64.0,468.0,79.08520179372198,1.0
4,364,461.0440956651719,71.5440956651719,454.08819133034376,64.0,468.0,79.08819133034379,1.0
4,365,461.0455904334828,71.5455904334828,454.0911808669656,63.99999999999999,468.0,79.0911808669656,1.0
4,366,461.0470852017937,71.54708520179372,454.09417040358744,64.0,468.0,79.09417040358744,1.0
4,367,461.04857997010464,71.54857997010464,454.0971599402093,64.0,468.0,79.09715994020928,1.0
4,368,461.05007473841556,71.55007473841555,454.1001494768311,64.0,468.0,79.10014947683109,1.0
4,369,461.0515695067264,71.55156950672645,454.10313901345285,63.99999999999999,468.0,79.1031390134529,1.0
4,370,461.0530642750374,71.55306427503737,454.1061285500748,64.0,468.0,79.10612855007474,1.0
4,371,461.05455904334826,71.55455904334829,454.1091180866965,64.0,468.0,79.10911808669658,1.0
4,372,461.0560538116591,71.55605381165918,454.1121076233183,63.99999999999999,467.99999999999994,79.11210762331838,1.0
4,373,461.0575485799701,71.5575485799701,454.1150971599402,64.0,468.0,79.1150971599402,1.0
4,374,461.059043348281,71.55904334828102,454.11808669656205,64.00000000000001,468.0,79.11808669656203,1.0
4,375,461.06053811659194,71.56053811659193,454.1210762331839,64.0,468.0,79.12107623318386,1.0
4,376,461.0620328849028,71.56203288490283,454.1240657698056,63.99999999999999,468.0,79.12406576980567,1.0
4,377,461.0635276532138,71.56352765321375,454.12705530642756,64.0,468.0,79.12705530642751,1.0
4,378,461.06502242152465,71.56502242152467,454.1300448430493,64.0,468.0,79.13004484304935,1.0
4,379,461.06651718983557,71.56651718983557,454.13303437967113,63.99999999999999,468.0,79.13303437967113,1.0
4,380,461.0680119581465,71.56801195814649,454.13602391629297,64.0,468.0,79.13602391629297,1.0
4,381,461.06950672645735,71.5695067264574,454.13901345291475,64.0,467.99999999999994,79.13901345291481,1.0
4,382,461.0710014947683,71.57100149476831,454.14200298953665,64.0,468.0,79.14200298953662,1.0
4,383,461.0724962630792,71.57249626307922,454.1449925261584,63.99999999999999,468.0,79.14499252615845,1.0
4,384,461.07399103139016,71.57399103139014,454.14798206278033,64.0,468.0,79.14798206278027,1.0
4,385,461.075485799701,71.57548579970106,454.15097159940206,64.00000000000001,468.0,79.1509715994021,1.0
4,386,461.076980568012,71.57698056801196,454.15396113602395,64.0,468.00000000000006,79.15396113602392,1.0
4,387,461.07847533632287,71.57847533632287,454.15695067264573,64.0,468.0,79.15695067264573,1.0
4,388,461.0799701046338,71.57997010463379,454.1599402092676,64.0,468.0,79.15994020926757,1.0
4,389,461.0814648729447,71.5814648729447,454.1629297458894,64.0,468.0,79.16292974588939,1.0
4,390,461.08295964125557,71.5829596412556,454.16591928251114,63.99999999999999,468.0,79.1659192825112,1.0
4,391,461.08445440956655,71.58445440956652,454.1689088191331,64.0,468.0,79.16890881913304,1.0
4,392,461.0859491778774,71.58594917787744,454.1718983557548,64.0,468.0,79.17189835575488,1.0
4,393,461.08744394618833,71.58744394618834,454.17488789237666,64.0,468.0,79.17488789237669,1.0
4,394,461.08893871449925,71.58893871449925,454.1778774289985,64.0,468.0,79.1778774289985,1.0
4,395,461.0904334828102,71.59043348281017,454.1808669656204,64.0,468.00000000000006,79.18086696562034,1.0
4,396,461.0919282511211,71.59192825112108,454.1838565022422,64.0,468.0,79.18385650224215,1.0
4,397,461.09342301943195,71.59342301943198,454.1868460388639,63.99999999999999,468.0,79.18684603886396,1.0
4,398,461.09491778774293,71.5949177877429,454.18983557548586,64.0,468.0,79.1898355754858,1.0
4,399,461.0964125560538,71.59641255605382,454.1928251121076,64.0,468.0,79.19282511210764,1.0
4,400,461.0979073243647,71.59790732436473,454.1958146487294,64.0,468.0,79.19581464872945,1.0
4,401,461.09940209267563,71.59940209267563,454.19880418535126,64.0,468.0,79.19880418535126,1.0
4,402,461.10089686098655,71.60089686098655,454.2017937219731,64.00000000000001,468.0,79.20179372197309,1.0
4,403,461.1023916292975,71.60239162929746,454.20478325859494,64.0,468.0,79.20478325859492,1.0
4,404,461.10388639760833,71.60388639760836,454.20777279521667,63.99999999999999,468.0,79.20777279521673,1.0
4,405,461.1053811659193,71.60538116591928,454.2107623318386,64.0,468.0,79.21076233183857,1.0
4,406,461.1068759342302,71.6068759342302,454.21375186846035,64.0,468.0,79.2137518684604,1.0
4,407,461.10837070254104,71.60837070254111,454.21674140508213,64.0,467.99999999999994,79.21674140508222,1.0
4,408,461.109865470852,71.60986547085201,454.21973094170403,64.0,468.0,79.21973094170403,1.0
4,409,461.11136023916293,71.61136023916293,454.22272047832587,64.0,468.0,79.22272047832587,1.0
4,410,461.11285500747385,71.61285500747384,454.2257100149477,64.0,468.0,79.22571001494768,1.0
4,411,461.1143497757847,71.61434977578475,454.22869955156943,63.99999999999999,468.0,79.2286995515695,1.0
4,412,461.1158445440957,71.61584454409567,454.2316890881914,64.0,468.0,79.23168908819133,1.0
4,413,461.11733931240656,71.61733931240659,454.2346786248131,64.00000000000001,468.0,79.23467862481316,1.0
4,414,461.1188340807175,71.61883408071749,454.23766816143495,64.0,468.0,79.23766816143498,1.0
4,415,461.1203288490284,71.6203288490284,454.2406576980568,63.99999999999999,468.0,79.2406576980568,1.0
4,416,461.12182361733926,71.62182361733932,454.2436472346786,64.0,467.99999999999994,79.24364723467863,1.0
4,417,461.12331838565024,71.62331838565022,454.2466367713005,64.0,468.0,79.24663677130044,1.0
4,418,461.1248131539611,71.62481315396113,454.2496263079222,63.99999999999999,468.0,79.24962630792226,1.0
4,419,461.1263079222721,71.62630792227205,454.25261584454415,64.0,468.0,79.2526158445441,1.0
4,420,461.12780269058294,71.62780269058297,454.2556053811659,64.0,468.0,79.25560538116594,1.0
4,421,461.1292974588939,71.62929745889387,454.2585949177878,64.0,468.00000000000006,79.25859491778775,1.0
4,422,461.1307922272048,71.63079222720478,454.26158445440956,63.99999999999999,468.0,79.26158445440957,1.0
4,423,461.1322869955157,71.6322869955157,454.2645739910314,64.0,468.0,79.2645739910314,1.0
4,424,461.1337817638266,71.6337817638266,454.26756352765324,64.0,468.0,79.26756352765321,1.0
4,425,461.1352765321375,71.63527653213751,454.27055306427496,63.99999999999999,468.0,79.27055306427502,1.0
4,426,461.13677130044846,71.63677130044843,454.2735426008969,64.0,468.0,79.27354260089686,1.0
4,427,461.1382660687593,71.63826606875935,454.27653213751864,64.0,468.0,79.2765321375187,1.0
4,428,461.13976083707024,71.63976083707026,454.2795216741405,64.0,468.0,79.27952167414051,1.0
4,429,461.14125560538116,71.64125560538116,454.2825112107623,63.99999999999999,468.0,79.28251121076232,1.0
4,430,461.14275037369214,71.64275037369208,454.2855007473842,64.0,468.00000000000006,79.28550074738416,1.0
4,431,461.144245142003,71.64424514200299,454.288490284006,64.0,468.0,79.28849028400597,1.0
4,432,461.14573991031386,71.64573991031389,454.2914798206277,63.99999999999999,468.0,79.29147982062779,1.0
4,433,461.14723467862484,71.64723467862481,454.2944693572497,64.0,468.0,79.29446935724962,1.0
4,434,461.1487294469357,71.64872944693573,454.2974588938714,64.0,468.0,79.29745889387146,1.0
4,435,461.1502242152466,71.65022421524664,454.30044843049325,64.0,468.0,79.30044843049328,1.0
4,436,461.15171898355754,71.65171898355754,454.3034379671151,63.99999999999999,468.0,79.30343796711509,1.0
4,437,461.15321375186846,71.65321375186846,454.3064275037369,64.0,468.0,79.30642750373693,1.0
4,438,461.1547085201794,71.65470852017937,454.30941704035877,64.0,468.0,79.30941704035874,1.0
4,439,461.15620328849025,71.65620328849027,454.3124065769805,63.99999999999999,468.0,79.31240657698056,1.0
4,440,461.1576980568012,71.6576980568012,454.31539611360245,64.0,468.0,79.31539611360239,1.0
4,441,461.1591928251121,71.65919282511211,454.3183856502242,64.0,468.0,79.31838565022423,1.0
4,442,461.16068759342295,71.66068759342302,454.32137518684596,64.0,467.99999999999994,79.32137518684604,1.0
4,443,461.1621823617339,71.66218236173393,454.32436472346785,63.99999999999999,468.0,79.32436472346785,1.0
4,444,461.16367713004485,71.66367713004485,454.3273542600897,64.0,468.0,79.32735426008969,1.0
4,445,461.16517189835577,71.66517189835575,454.33034379671153,64.0,468.0,79.3303437967115,1.0
4,446,461.16666666666663,71.66666666666666,454.33333333333326,63.99999999999999,468.0,79.33333333333331,1.0
4,447,461.1681614349776,71.66816143497758,454.3363228699552,64.0,468.0,79.33632286995515,1.0
4,448,461.16965620328847,71.6696562032885,454.33931240657694,64.0,468.0,79.339312406577,1.0
4,449,461.1711509715994,71.6711509715994,454.3423019431988,64.0,468.0,79.3423019431988,1.0
4,450,461.1726457399103,71.67264573991031,454.3452914798206,63.99999999999999,468.0,79.34529147982063,1.0
4,451,461.17414050822117,71.67414050822123,454.3482810164424,64.0,467.99999999999994,79.34828101644246,1.0
4,452,461.17563527653215,71.67563527653215,454.3512705530643,64.0,468.0,79.3512705530643,1.0
4,453,461.177130044843,71.67713004484304,454.354260089686,63.99999999999999,468.0,79.35426008968608,1.0
4,454,461.178624813154,71.67862481315396,454.357249626308,64.0,468.0,79.35724962630792,1.0
4,455,461.18011958146485,71.68011958146488,454.3602391629297,64.0,468.0,79.36023916292976,1.0
4,456,461.1816143497758,71.68161434977578,454.3632286995516,64.0,468.00000000000006,79.36322869955157,1.0
4,457,461.1831091180867,71.68310911808669,454.3662182361734,63.99999999999999,468.0,79.36621823617338,1.0
4,458,461.1846038863976,71.68460388639761,454.3692077727952,64.0,468.0,79.36920777279522,1.0
4,459,461.18609865470853,71.68609865470853,454.37219730941706,64.0,468.0,79.37219730941706,1.0
4,460,461.1875934230194,71.68759342301942,454.3751868460388,63.99999999999999,468.0,79.37518684603884,1.0
4,461,461.18908819133037,71.68908819133034,454.37817638266074,64.0,468.0,79.37817638266068,1.0
4,462,461.19058295964123,71.69058295964126,454.38116591928247,64.00000000000001,468.0,79.38116591928251,1.0
4,463,461.1920777279522,71.69207772795217,454.3841554559044,64.0,468.0,79.38415545590433,1.0
4,464,461.1935724962631,71.69357249626307,454.38714499252615,63.99999999999999,468.0,79.38714499252615,1.0
4,465,461.19506726457405,71.69506726457399,454.39013452914804,64.0,468.00000000000006,79.39013452914799,1.0
4,466,461.1965620328849,71.69656203288491,454.3931240657698,64.0,468.0,79.39312406576983,1.0
4,467,461.1980568011958,71.6980568011958,454.39611360239155,63.99999999999999,468.0,79.39611360239161,1.0
4,468,461.19955156950675,71.69955156950672,454.3991031390135,64.0,468.0,79.39910313901345,1.0
4,469,461.2010463378176,71.70104633781764,454.40209267563523,64.0,468.0,79.40209267563529,1.0
4,470,461.2025411061286,71.70254110612855,454.4050822122572,64.0,468.0,79.4050822122571,1.0
4,471,461.20403587443946,71.70403587443946,454.4080717488789,63.99999999999999,468.0,79.40807174887891,1.0
4,472,461.2055306427504,71.70553064275038,454.41106128550075,64.0,468.0,79.41106128550075,1.0
4,473,461.2070254110613,71.7070254110613,454.4140508221226,64.00000000000001,468.0,79.41405082212258,1.0
4,474,461.20852017937216,71.7085201793722,454.4170403587443,64.0,468.0,79.4170403587444,1.0
4,475,461.21001494768313,71.7100149476831,454.42002989536627,64.0,468.0,79.42002989536621,1.0
4,476,461.211509715994,71.71150971599403,454.423019431988,64.0,468.0,79.42301943198805,1.0
4,477,461.213004484305,71.71300448430493,454.42600896860995,64.0,468.0,79.42600896860986,1.0
4,478,461.21449925261584,71.71449925261584,454.4289985052317,63.99999999999999,468.0,79.42899850523168,1.0
4,479,461.21599402092676,71.71599402092676,454.4319880418535,64.0,468.0,79.43198804185351,1.0
4,480,461.2174887892377,71.71748878923768,454.43497757847535,64.0,468.0,79.43497757847535,1.0
4,481,461.21898355754854,71.71898355754858,454.4379671150971,64.0,468.0,79.43796711509717,1.0
4,482,461.2204783258595,71.72047832585949,454.44095665171903,64.0,468.0,79.44095665171898,1.0
4,483,461.2219730941704,71.72197309417041,454.44394618834076,64.0,468.0,79.44394618834082,1.0
4,484,461.22346786248136,71.72346786248131,454.4469357249627,64.0,468.0,79.44693572496263,1.0
4,485,461.2249626307922,71.72496263079222,454.44992526158444,63.99999999999999,468.0,79.44992526158444,1.0
4,486,461.2264573991031,71.72645739910314,454.4529147982062,64.0,467.99999999999994,79.45291479820628,1.0
4,487,461.22795216741406,71.72795216741406,454.4559043348281,64.0,468.0,79.45590433482812,1.0
4,488,461.2294469357249,71.72944693572497,454.45889387144985,64.0,468.0,79.45889387144993,1.0
4,489,461.2309417040359,71.73094170403587,454.4618834080718,64.0,468.0,79.46188340807174,1.0
4,490,461.23243647234676,71.73243647234679,454.4648729446935,64.00000000000001,468.0,79.46487294469357,1.0
4,491,461.23393124065774,71.7339312406577,454.4678624813155,64.0,468.0,79.4678624813154,1.0
4,492,461.2354260089686,71.7354260089686,454.4708520179372,63.99999999999999,468.0,79.4708520179372,1.0
4,493,461.2369207772795,71.73692077727952,454.47384155455904,64.0,468.0,79.47384155455904,1.0
4,494,461.23841554559044,71.73841554559044,454.4768310911809,64.0,468.0,79.47683109118088,1.0
4,495,461.2399103139013,71.73991031390135,454.4798206278026,64.0,468.0,79.4798206278027,1.0
4,496,461.2414050822123,71.74140508221225,454.48281016442456,63.99999999999999,468.0,79.4828101644245,1.0
4,497,461.24289985052314,71.74289985052317,454.4857997010463,64.0,468.0,79.48579970104635,1.0
4,498,461.2443946188341,71.74439461883408,454.48878923766824,64.0,468.0,79.48878923766816,1.0
4,499,461.245889387145,71.74588938714498,454.49177877428997,63.99999999999999,468.0,79.49177877428998,1.0
4,500,461.24738415545596,71.7473841554559,454.49476831091187,64.0,468.00000000000006,79.49476831091181,1.0
4,501,461.2488789237668,71.74887892376682,454.49775784753365,64.00000000000001,468.0,79.49775784753363,1.0
4,502,461.2503736920777,71.75037369207773,454.5007473841554,64.0,468.0,79.50074738415546,1.0
4,503,461.25186846038866,71.75186846038864,454.5037369207773,63.99999999999999,468.0,79.50373692077727,1.0
4,504,461.2533632286995,71.75336322869956,454.50672645739905,64.0,468.0,79.50672645739911,1.0
4,505,461.2548579970105,71.75485799701046,454.509715994021,64.0,468.0,79.50971599402092,1.0
4,506,461.25635276532137,71.75635276532137,454.51270553064273,63.99999999999999,468.0,79.51270553064273,1.0
4,507,461.2578475336323,71.75784753363229,454.5156950672646,64.0,468.0,79.51569506726457,1.0
4,508,461.2593423019432,71.7593423019432,454.5186846038864,64.0,468.0,79.51868460388641,1.0
4,509,461.26083707025407,71.76083707025411,454.52167414050814,64.0,468.0,79.52167414050822,1.0
4,510,461.26233183856505,71.76233183856502,454.5246636771301,63.99999999999999,468.0,79.52466367713005,1.0
4,511,461.2638266068759,71.76382660687594,454.5276532137518,64.0,468.0,79.52765321375188,1.0
4,512,461.2653213751869,71.76532137518684,454.5306427503738,64.0,468.0,79.53064275037369,1.0
4,513,461.26681614349775,71.76681614349775,454.5336322869955,63.99999999999999,468.0,79.5336322869955,1.0
4,514,461.26831091180867,71.76831091180867,454.53662182361734,64.0,468.0,79.53662182361734,1.0
4,515,461.2698056801196,71.76980568011959,454.5396113602392,64.0,468.0,79.53961136023918,1.0
4,516,461.27130044843045,71.7713004484305,454.5426008968609,64.0,468.0,79.54260089686099,1.0
4,517,461.27279521674143,71.7727952167414,454.54559043348286,63.99999999999999,468.0,79.5455904334828,1.0
4,518,461.2742899850523,71.77428998505232,454.5485799701046,64.0,468.0,79.54857997010464,1.0
4,519,461.27578475336327,71.77578475336323,454.55156950672654,64.0,468.0,79.55156950672645,1.0
4,520,461.27727952167413,71.77727952167413,454.55455904334826,63.99999999999999,468.0,79.55455904334826,1.0
4,521,461.278774289985,71.77877428998505,454.55754857997005,64.0,467.99999999999994,79.5575485799701,1.0
4,522,461.28026905829597,71.78026905829597,454.56053811659194,64.0,468.0,79.56053811659194,1.0
4,523,461.28176382660683,71.78176382660688,454.56352765321367,64.0,468.0,79.56352765321375,1.0
4,524,461.2832585949178,71.78325859491778,454.5665171898356,63.99999999999999,468.0,79.56651718983557,1.0
4,525,461.2847533632287,71.7847533632287,454.56950672645735,64.0,468.0,79.5695067264574,1.0
4,526,461.28624813153965,71.78624813153961,454.5724962630793,64.0,468.0,79.57249626307922,1.0
4,527,461.2877428998505,71.78774289985051,454.575485799701,63.99999999999999,468.0,79.57548579970104,1.0
4,528,461.28923766816143,71.78923766816143,454.57847533632287,64.0,468.0,79.57847533632287,1.0
4,529,461.29073243647235,71.79073243647235,454.5814648729447,64.00000000000001,468.0,79.5814648729447,1.0
4,530,461.2922272047832,71.79222720478326,454.58445440956643,64.0,468.0,79.58445440956652,1.0
4,531,461.2937219730942,71.79372197309416,454.5874439461884,63.99999999999999,468.0,79.58744394618833,1.0
4,532,461.29521674140506,71.79521674140508,454.5904334828101,64.0,468.0,79.59043348281017,1.0
4,533,461.29671150971603,71.79671150971599,454.59342301943207,64.0,468.0,79.59342301943198,1.0
4,534,461.2982062780269,71.7982062780269,454.5964125560538,63.99999999999999,468.0,79.59641255605379,1.0
4,535,461.2997010463379,71.79970104633782,454.5994020926757,64.0,468.00000000000006,79.59940209267563,1.0
4,536,461.30119581464874,71.80119581464874,454.6023916292975,64.0,468.0,79.60239162929747,1.0
4,537,461.3026905829596,71.80269058295964,454.6053811659192,64.0,468.0,79.60538116591928,1.0
4,538,461.3041853512706,71.80418535127055,454.60837070254115,63.99999999999999,468.0,79.60837070254111,1.0
4,539,461.30568011958144,71.80568011958147,454.6113602391629,64.0,468.0,79.61136023916293,1.0
4,540,461.3071748878924,71.80717488789239,454.61434977578483,64.00000000000001,468.0,79.61434977578476,1.0
4,541,461.3086696562033,71.80866965620328,454.61733931240656,63.99999999999999,468.0,79.61733931240656,1.0
4,542,461.3101644245142,71.8101644245142,454.6203288490284,64.0,468.0,79.6203288490284,1.0
4,543,461.3116591928251,71.81165919282512,454.62331838565024,64.0,468.0,79.62331838565024,1.0
4,544,461.3131539611361,71.81315396113602,454.62630792227213,64.0,468.00000000000006,79.62630792227205,1.0
4,545,461.31464872944696,71.81464872944693,454.6292974588939,63.99999999999999,468.0,79.62929745889386,1.0
4,546,461.3161434977578,71.81614349775785,454.63228699551564,64.0,468.0,79.6322869955157,1.0
4,547,461.3176382660688,71.81763826606877,454.6352765321376,64.0,468.0,79.63527653213754,1.0
4,548,461.31913303437966,71.81913303437966,454.6382660687593,63.99999999999999,468.0,79.63826606875932,1.0
4,549,461.3206278026906,71.82062780269058,454.64125560538116,64.0,468.0,79.64125560538116,1.0
4,550,461.3221225710015,71.8221225710015,454.644245142003,64.0,468.0,79.644245142003,1.0
4,551,461.3236173393124,71.8236173393124,454.64723467862484,64.0,468.0,79.64723467862481,1.0
4,552,461.32511210762334,71.82511210762331,454.6502242152467,63.99999999999999,468.0,79.65022421524662,1.0
4,553,461.3266068759342,71.82660687593423,454.6532137518684,64.0,468.0,79.65321375186846,1.0
4,554,461.3281016442452,71.82810164424515,454.65620328849036,64.0,468.0,79.6562032884903,1.0
4,555,461.32959641255604,71.82959641255606,454.6591928251121,64.0,468.0,79.65919282511211,1.0
4,556,461.3310911808669,71.83109118086696,454.66218236173387,64.0,467.99999999999994,79.66218236173393,1.0
4,557,461.3325859491779,71.83258594917788,454.66517189835577,64.0,468.0,79.66517189835577,1.0
4,558,461.3340807174888,71.83408071748879,454.6681614349776,64.0,468.0,79.66816143497758,1.0
4,559,461.3355754857997,71.8355754857997,454.67115097159945,63.99999999999999,468.0,79.67115097159939,1.0
4,560,461.3370702541106,71.83707025411061,454.67414050822117,64.0,468.0,79.67414050822123,1.0
4,561,461.33856502242156,71.83856502242153,454.6771300448431,64.0,468.0,79.67713004484307,1.0
4,562,461.3400597907324,71.84005979073244,454.68011958146485,64.0,468.0,79.68011958146488,1.0
4,563,461.34155455904335,71.84155455904335,454.6831091180867,64.0,468.0,79.68310911808669,1.0
4,564,461.34304932735427,71.84304932735427,454.68609865470853,64.0,468.0,79.68609865470853,1.0
4,565,461.3445440956651,71.84454409566517,454.6890881913303,64.0,467.99999999999994,79.68908819133034,1.0
4,566,461.3460388639761,71.84603886397608,454.6920777279522,63.99999999999999,468.0,79.69207772795217,1.0
4,567,461.34753363228697,71.847533632287,454.69506726457394,64.0,468.0,79.69506726457399,1.0
4,568,461.34902840059794,71.84902840059792,454.6980568011959,64.0,468.0,79.69805680119583,1.0
4,569,461.3505231689088,71.85052316890882,454.7010463378176,64.0,468.0,79.70104633781764,1.0
4,570,461.3520179372198,71.85201793721973,454.7040358744395,64.0,468.00000000000006,79.70403587443946,1.0
4,571,461.35351270553065,71.85351270553065,454.7070254110613,64.0,468.0,79.7070254110613,1.0
4,572,461.35500747384157,71.85500747384155,454.71001494768313,64.0,468.0,79.7100149476831,1.0
4,573,461.3565022421525,71.85650224215246,454.713004484305,63.99999999999999,468.0,79.71300448430492,1.0
4,574,461.35799701046335,71.85799701046338,454.7159940209267,64.0,468.0,79.71599402092676,1.0
4,575,461.3594917787743,71.8594917787743,454.71898355754865,64.0,468.0,79.7189835575486,1.0
4,576,461.3609865470852,71.8609865470852,454.7219730941704,64.0,468.0,79.72197309417041,1.0
4,577,461.3624813153961,71.86248131539611,454.7249626307922,63.99999999999999,468.0,79.72496263079223,1.0
4,578,461.36397608370703,71.86397608370703,454.72795216741406,64.00000000000001,468.0,79.72795216741405,1.0
4,579,461.365470852018,71.86547085201794,454.73094170403596,64.0,468.00000000000006,79.73094170403587,1.0
4,580,461.36696562032887,71.86696562032884,454.73393124065774,63.99999999999999,468.0,79.73393124065768,1.0
4,581,461.36846038863973,71.86846038863976,454.73692077727947,64.0,468.0,79.73692077727952,1.0
4,582,461.3699551569507,71.86995515695068,454.7399103139014,64.0,468.0,79.73991031390136,1.0
4,583,461.3714499252616,71.87144992526159,454.74289985052314,64.0,468.0,79.74289985052317,1.0
4,584,461.3729446935725,71.87294469357249,454.745889387145,63.99999999999999,468.0,79.74588938714498,1.0
4,585,461.3744394618834,71.87443946188341,454.7488789237668,64.0,468.0,79.74887892376682,1.0
4,586,461.37593423019433,71.87593423019432,454.75186846038866,64.0,468.0,79.75186846038864,1.0
4,587,461.37742899850525,71.87742899850522,454.7548579970105,63.99999999999999,468.0,79.75485799701045,1.0
4,588,461.3789237668161,71.87892376681614,454.75784753363223,64.0,468.0,79.75784753363229,1.0
4,589,461.3804185351271,71.88041853512706,454.7608370702542,64.00000000000001,468.0,79.76083707025411,1.0
4,590,461.38191330343795,71.88191330343797,454.7638266068759,64.0,468.0,79.76382660687594,1.0
4,591,461.3834080717488,71.88340807174887,454.7668161434977,63.99999999999999,467.99999999999994,79.76681614349775,1.0
4,592,461.3849028400598,71.8849028400598,454.7698056801196,64.0,468.0,79.76980568011959,1.0
4,593,461.3863976083707,71.8863976083707,454.77279521674143,64.0,468.0,79.7727952167414,1.0
4,594,461.38789237668163,71.8878923766816,454.77578475336327,63.99999999999999,468.0,79.77578475336321,1.0
4,595,461.3893871449925,71.88938714499253,454.778774289985,64.0,468.0,79.77877428998505,1.0
4,596,461.3908819133035,71.89088191330345,454.78176382660695,64.0,468.0,79.78176382660689,1.0
4,597,461.39237668161434,71.89237668161435,454.7847533632287,64.0,468.0,79.7847533632287,1.0
4,598,461.39387144992526,71.89387144992526,454.7877428998505,63.99999999999999,468.0,79.78774289985051,1.0
4,599,461.3953662182362,71.89536621823618,454.79073243647235,64.0,468.0,79.79073243647235,1.0
4,600,461.39686098654704,71.89686098654708,454.79372197309414,64.0,467.99999999999994,79.79372197309416,1.0
4,601,461.398355754858,71.89835575485799,454.79671150971603,63.99999999999999,468.0,79.79671150971598,1.0
4,602,461.3998505231689,71.89985052316891,454.79970104633776,64.0,468.0,79.79970104633782,1.0
4,603,461.40134529147986,71.90134529147983,454.8026905829597,64.0,468.0,79.80269058295966,1.0
4,604,461.4028400597907,71.90284005979073,454.80568011958144,64.0,468.0,79.80568011958147,1.0
4,605,461.4043348281017,71.90433482810164,454.80866965620334,63.99999999999999,468.00000000000006,79.80866965620328,1.0
4,606,461.40582959641256,71.90582959641256,454.8116591928251,64.0,468.0,79.81165919282512,1.0
4,607,461.4073243647235,71.90732436472346,454.81464872944696,64.0,468.0,79.81464872944693,1.0
4,608,461.4088191330344,71.90881913303437,454.8176382660688,63.99999999999999,468.0,79.81763826606874,1.0
4,609,461.41031390134526,71.91031390134529,454.8206278026905,64.0,468.0,79.82062780269058,1.0
4,610,461.41180866965624,71.91180866965621,454.8236173393125,64.0,468.0,79.82361733931242,1.0
4,611,461.4133034379671,71.91330343796712,454.8266068759342,64.0,468.0,79.82660687593423,1.0
4,612,461.414798206278,71.91479820627802,454.82959641255604,63.99999999999999,468.0,79.82959641255604,1.0
4,613,461.41629297458894,71.91629297458894,454.8325859491779,64.0,468.0,79.83258594917788,1.0
4,614,461.4177877428999,71.91778774289985,454.8355754857998,64.0,468.00000000000006,79.8355754857997,1.0
4,615,461.4192825112108,71.91928251121075,454.83856502242156,63.99999999999999,468.0,79.83856502242152,1.0
4,616,461.42077727952164,71.92077727952167,454.8415545590433,64.0,468.0,79.84155455904335,1.0
4,617,461.4222720478326,71.92227204783259,454.84454409566524,64.00000000000001,468.0,79.84454409566517,1.0
4,618,461.4237668161435,71.9237668161435,454.84753363228697,64.0,468.0,79.847533632287,1.0
4,619,461.4252615844544,71.9252615844544,454.8505231689088,63.99999999999999,468.0,79.85052316890881,1.0
4,620,461.4267563527653,71.92675635276532,454.85351270553065,64.0,468.0,79.85351270553065,1.0
4,621,461.42825112107624,71.92825112107624,454.8565022421525,64.0,468.0,79.85650224215249,1.0
4,622,461.42974588938716,71.92974588938714,454.8594917787743,63.99999999999999,468.0,79.85949177877427,1.0
4,623,461.431240657698,71.93124065769805,454.86248131539605,64.0,468.0,79.86248131539611,1.0
4,624,461.432735426009,71.93273542600897,454.865470852018,64.0,468.0,79.86547085201795,1.0
4,625,461.43423019431987,71.93423019431988,454.86846038863973,64.0,468.0,79.86846038863976,1.0
4,626,461.43572496263073,71.93572496263079,454.8714499252615,63.99999999999999,467.99999999999994,79.87144992526159,1.0
4,627,461.4372197309417,71.9372197309417,454.8744394618834,64.0,468.0,79.87443946188341,1.0
4,628,461.4387144992526,71.93871449925263,454.87742899850525,64.00000000000001,468.0,79.87742899850524,1.0
4,629,461.44020926756355,71.94020926756352,454.8804185351271,63.99999999999999,468.0,79.88041853512703,1.0
4,630,461.4417040358744,71.94170403587444,454.8834080717488,64.0,468.0,79.88340807174887,1.0
4,631,461.4431988041854,71.94319880418536,454.88639760837077,64.0,468.0,79.88639760837071,1.0
4,632,461.44469357249625,71.94469357249626,454.8893871449925,64.0,468.0,79.88938714499253,1.0
4,633,461.44618834080717,71.94618834080717,454.89237668161434,63.99999999999999,468.0,79.89237668161434,1.0
4,634,461.4476831091181,71.94768310911809,454.8953662182362,64.0,468.0,79.89536621823618,1.0
4,635,461.44917787742895,71.94917787742901,454.89835575485796,64.0,467.99999999999994,79.89835575485802,1.0
4,636,461.4506726457399,71.9506726457399,454.90134529147986,63.99999999999999,468.0,79.9013452914798,1.0
4,637,461.4521674140508,71.95216741405082,454.9043348281016,64.0,468.0,79.90433482810164,1.0
4,638,461.45366218236177,71.95366218236174,454.90732436472354,64.0,468.0,79.90732436472348,1.0
4,639,461.45515695067263,71.95515695067265,454.91031390134526,64.0,468.0,79.91031390134529,1.0
4,640,461.4566517189836,71.95665171898355,454.91330343796716,63.99999999999999,468.00000000000006,79.9133034379671,1.0
4,641,461.45814648729447,71.95814648729447,454.91629297458894,64.0,468.0,79.91629297458894,1.0
4,642,461.4596412556054,71.95964125560539,454.9192825112108,64.0,468.0,79.91928251121078,1.0
4,643,461.4611360239163,71.9611360239163,454.9222720478326,64.0,468.0,79.92227204783259,1.0
4,644,461.4626307922272,71.9626307922272,454.92526158445435,64.0,468.0,79.9252615844544,1.0
4,645,461.46412556053815,71.96412556053812,454.9282511210763,64.00000000000001,468.0,79.92825112107623,1.0
4,646,461.465620328849,71.96562032884903,454.931240657698,64.0,468.0,79.93124065769805,1.0
4,647,461.46711509715993,71.96711509715993,454.93423019431987,63.99999999999999,468.0,79.93423019431987,1.0
4,648,461.46860986547085,71.96860986547085,454.9372197309417,64.0,468.0,79.9372197309417,1.0
4,649,461.47010463378183,71.97010463378177,454.9402092675636,64.0,468.00000000000006,79.94020926756355,1.0
4,650,461.4715994020927,71.97159940209268,454.9431988041854,64.0,468.0,79.94319880418536,1.0
4,651,461.47309417040356,71.97309417040358,454.9461883408071,64.0,468.0,79.94618834080717,1.0
4,652,461.47458893871453,71.9745889387145,454.94917787742907,64.0,468.0,79.94917787742901,1.0
4,653,461.4760837070254,71.97608370702541,454.9521674140508,64.0,468.0,79.95216741405082,1.0
4,654,461.4775784753363,71.97757847533632,454.95515695067263,63.99999999999999,468.0,79.95515695067265,1.0
4,655,461.47907324364724,71.97907324364724,454.95814648729447,64.0,468.0,79.95814648729447,1.0
4,656,461.48056801195816,71.98056801195816,454.9611360239163,64.00000000000001,468.0,79.9611360239163,1.0
4,657,461.4820627802691,71.98206278026906,454.96412556053815,64.0,468.0,79.96412556053812,1.0
4,658,461.48355754857994,71.98355754857997,454.9671150971599,64.0,468.0,79.96711509715993,1.0
4,659,461.4850523168909,71.98505231689089,454.97010463378183,64.0,468.0,79.97010463378177,1.0
4,660,461.4865470852018,71.98654708520179,454.97309417040356,64.0,468.0,79.97309417040358,1.0
4,661,461.48804185351264,71.9880418535127,454.97608370702534,63.99999999999999,467.99999999999994,79.9760837070254,1.0
4,662,461.4895366218236,71.98953662182362,454.97907324364724,64.0,468.0,79.97907324364724,1.0
4,663,461.49103139013454,71.99103139013454,454.9820627802691,64.0,468.0,79.98206278026908,1.0
4,664,461.49252615844546,71.99252615844544,454.9850523168909,64.0,468.0,79.98505231689089,1.0
4,665,461.4940209267563,71.99402092675635,454.98804185351264,63.99999999999999,468.0,79.98804185351271,1.0
4,666,461.4955156950673,71.99551569506727,454.9910313901346,64.0,468.0,79.99103139013454,1.0
4,667,461.49701046337816,71.99701046337817,454.9940209267563,64.0,468.0,79.99402092675635,1.0
4,668,461.4985052316891,71.99850523168908,454.99701046337816,63.99999999999999,468.0,79.99701046337816,1.0
4,669,461.5,72.0,455.0,64.0,468.0,80.0,1.0
4,670,461.5,72.0,455.0,64.0,468.0,80.0,1.0
4,671,461.5,72.0,455.0,64.0,468.0,80.0,1.0
4,672,461.5,72.0,455.0,64.0,468.0,80.0,1.0
4,673,461.5,72.0,455.0,64.0,468.0,80.0,1.0
4,674,461.5,72.0,455.0,64.0,468.0,80.0,1.0
4,675,461.5,72.0,455.0,64.0,468.0,80.0,1.0
4,676,461.5,72.0,455.0,64.0,468.0,80.0,1.0
4,677,461.5,72.0,455.0,64.0,468.0,80.0,1.0
4,678,461.5,72.0,455.0,64.0,468.0,80.0,1.0
4,679,461.5,72.0,455.0,64.0,468.0,80.0,1.0
4,680,461.5,72.0,455.0,64.0,468.0,80.0,1.0
4,681,461.5,72.0,455.0,64.0,468.0,80.0,1.0
4,682,461.5,72.0,455.0,64.0,468.0,80.0,1.0
4,683,461.5,72.0,455.0,64.0,468.0,80.0,1.0
4,684,461.5,72.0,455.0,64.0,468.0,80.0,1.0
4,685,461.5,72.0,455.0,64.0,468.0,80.0,1.0
4,686,461.5,72.0,455.0,64.0,468.0,80.0,1.0
4,687,461.5,72.0,455.0,64.0,468.0,80.0,1.0
4,688,461.5,72.0,455.0,64.0,468.0,80.0,1.0
4,689,461.5,72.0,455.0,64.0,468.0,80.0,1.0
4,690,461.5,72.0,455.0,64.0,468.0,80.0,1.0
4,691,461.5,72.0,455.0,64.0,468.0,80.0,1.0
4,692,461.5,72.0,455.0,64.0,468.0,80.0,1.0
4,693,461.5,72.0,455.0,64.0,468.0,80.0,1.0
4,694,461.5,72.0,455.0,64.0,468.0,80.0,1.0
4,695,461.5,72.0,455.0,64.0,468.0,80.0,1.0
4,696,461.5,72.0,455.0,64.0,468.0,80.0,1.0
4,697,461.5,72.0,455.0,64.0,468.0,80.0,1.0
4,698,461.5,72.0,455.0,64.0,468.0,80.0,1.0
4,699,461.5,72.0,455.0,64.0,468.0,80.0,1.0
4,700,461.5,72.0,455.0,64.0,468.0,80.0,1.0
4,701,461.5,72.0,455.0,64.0,468.0,80.0,1.0
4,702,461.5,72.0,455.0,64.0,468.0,80.0,1.0
4,703,461.5,72.0,455.0,64.0,468.0,80.0,1.0
4,704,461.5,72.0,455.0,64.0,468.0,80.0,1.0
4,705,461.5,72.0,455.0,64.0,468.0,80.0,1.0
4,706,461.5,72.0,455.0,64.0,468.0,80.0,1.0
4,707,461.5,72.0,455.0,64.0,468.0,80.0,1.0
4,708,461.5,72.0,455.0,64.0,468.0,80.0,1.0
4,709,461.5,72.0,455.0,64.0,468.0,80.0,1.0
4,710,461.5,72.0,455.0,64.0,468.0,80.0,1.0
4,711,461.5,72.0,455.0,64.0,468.0,80.0,1.0
4,712,461.5,72.0,455.0,64.0,468.0,80.0,1.0
4,713,461.5,72.0,455.0,64.0,468.0,80.0,1.0
4,714,461.5,72.0,455.0,64.0,468.0,80.0,1.0
4,715,461.5,72.0,455.0,64.0,468.0,80.0,1.0
4,716,461.5,72.0,455.0,64.0,468.0,80.0,1.0
4,717,461.5,72.0,455.0,64.0,468.0,80.0,1.0
4,718,461.5,72.0,455.0,64.0,468.0,80.0,1.0
4,719,461.5,72.0,455.0,64.0,468.0,80.0,1.0
4,720,461.5,72.0,455.0,64.0,468.0,80.0,1.0
4,721,461.5,72.0,455.0,64.0,468.0,80.0,1.0
4,722,461.5,72.0,455.0,64.0,468.0,80.0,1.0
4,723,461.5,72.0,455.0,64.0,468.0,80.0,1.0
4,724,461.5,72.0,455.0,64.0,468.0,80.0,1.0
4,725,461.5,72.0,455.0,64.0,468.0,80.0,1.0
4,726,461.5,72.0,455.0,64.0,468.0,80.0,1.0
4,727,461.5,72.0,455.0,64.0,468.0,80.0,1.0
4,728,461.5,72.0,455.0,64.0,468.0,80.0,1.0
4,729,461.5,72.0,455.0,64.0,468.0,80.0,1.0
4,730,461.5,72.0,455.0,64.0,468.0,80.0,1.0
4,731,461.5,72.0,455.0,64.0,468.0,80.0,1.0
4,732,461.5,72.0,455.0,64.0,468.0,80.0,1.0
4,733,461.5,72.0,455.0,64.0,468.0,80.0,1.0
4,734,461.5,72.0,455.0,64.0,468.0,80.0,1.0
4,735,461.5,72.0,455.0,64.0,468.0,80.0,1.0
4,736,461.5,72.0,455.0,64.0,468.0,80.0,1.0
4,737,461.5,72.0,455.0,64.0,468.0,80.0,1.0
4,738,461.5,72.0,455.0,64.0,468.0,80.0,1.0
4,739,461.5,72.0,455.0,64.0,468.0,80.0,1.0
4,740,461.5,72.0,455.0,64.0,468.0,80.0,1.0
4,741,461.5,72.0,455.0,64.0,468.0,80.0,1.0
4,742,461.5,72.0,455.0,64.0,468.0,80.0,1.0
4,743,461.5,72.0,455.0,64.0,468.0,80.0,1.0
4,744,461.5,72.0,455.0,64.0,468.0,80.0,1.0
4,745,461.5,72.0,455.0,64.0,468.0,80.0,1.0
4,746,461.5,72.0,455.0,64.0,468.0,80.0,1.0
4,747,461.5,72.0,455.0,64.0,468.0,80.0,1.0
4,748,461.5,72.0,455.0,64.0,468.0,80.0,1.0
4,749,461.5,72.0,455.0,64.0,468.0,80.0,1.0
4,750,461.5,72.0,455.0,64.0,468.0,80.0,1.0
4,751,461.5,72.0,455.0,64.0,468.0,80.0,1.0
4,752,461.5,72.0,455.0,64.0,468.0,80.0,1.0
4,753,461.5,72.0,455.0,64.0,468.0,80.0,1.0
4,754,461.5,72.0,455.0,64.0,468.0,80.0,1.0
5,973,353.0,7.5,343.0,0.0,363.0,15.0,1.0
5,974,353.75,7.5,343.75,0.0,363.75,15.0,1.0
5,975,354.5,7.5,344.5,0.0,364.5,15.0,1.0
5,976,355.25,7.5,345.25,0.0,365.25,15.0,1.0
5,977,356.0,7.5,346.0,0.0,366.0,15.0,1.0
5,978,356.75,7.5,346.75,0.0,366.75,15.0,1.0
5,979,357.5,7.5,347.5,0.0,367.5,15.0,1.0
5,980,358.25,7.5,348.25,0.0,368.25,15.0,1.0
5,981,359.0,7.5,349.0,0.0,369.0,15.0,1.0
5,982,357.0,8.0,347.0,0.5,367.0,15.5,1.0
5,983,355.0,8.5,345.0,1.0,365.0,16.0,1.0
5,984,353.0,9.0,343.0,1.5,363.0,16.5,1.0
5,985,351.0,9.5,341.0,2.0,361.0,17.0,1.0
5,986,350.64285714285717,9.428571428571427,340.64285714285717,1.928571428571428,360.64285714285717,16.928571428571427,1.0
5,987,350.2857142857142,9.357142857142858,340.2857142857142,1.8571428571428577,360.2857142857142,16.857142857142858,1.0
5,988,349.92857142857144,9.285714285714285,339.92857142857144,1.7857142857142856,359.92857142857144,16.785714285714285,1.0
5,989,349.57142857142856,9.214285714285715,339.57142857142856,1.7142857142857153,359.57142857142856,16.714285714285715,1.0
5,990,349.2142857142857,9.142857142857142,339.2142857142857,1.6428571428571423,359.2142857142857,16.642857142857142,1.0
5,991,348.8571428571429,9.071428571428573,338.8571428571429,1.5714285714285712,358.8571428571429,16.571428571428577,1.0
5,992,348.5,9.0,338.5,1.5,358.5,16.5,1.0
5,993,348.14285714285717,8.928571428571427,338.14285714285717,1.428571428571428,358.14285714285717,16.428571428571427,1.0
5,994,347.7857142857142,8.857142857142858,337.7857142857142,1.3571428571428577,357.7857142857142,16.357142857142858,1.0
5,995,347.42857142857144,8.785714285714285,337.42857142857144,1.2857142857142847,357.42857142857144,16.285714285714285,1.0
5,996,347.07142857142856,8.714285714285715,337.07142857142856,1.2142857142857153,357.07142857142856,16.214285714285715,1.0
5,997,346.7142857142857,8.642857142857142,336.7142857142857,1.1428571428571423,356.7142857142857,16.142857142857142,1.0
5,998,346.3571428571429,8.571428571428573,336.3571428571429,1.0714285714285712,356.3571428571429,16.071428571428577,1.0
5,999,346.0,8.5,336.0,1.0,356.0,16.0,1.0
5,1000,345.6666666666667,8.222222222222221,335.6666666666667,0.8888888888888884,355.6666666666667,15.555555555555554,1.0
5,1001,345.3333333333333,7.944444444444445,335.3333333333333,0.7777777777777786,355.3333333333333,15.11111111111111,1.0
5,1002,345.0,7.666666666666666,335.0,0.6666666666666661,355.0,14.666666666666666,1.0
5,1003,344.6666666666667,7.388888888888888,334.6666666666667,0.5555555555555554,354.6666666666667,14.222222222222221,1.0
5,1004,344.3333333333333,7.111111111111112,334.3333333333333,0.44444444444444464,354.3333333333333,13.777777777777779,1.0
5,1005,344.0,6.833333333333334,334.0,0.3333333333333339,354.0,13.333333333333334,1.0
5,1006,343.6666666666667,6.555555555555555,333.6666666666667,0.22222222222222143,353.6666666666667,12.88888888888889,1.0
5,1007,343.33333333333326,6.277777777777778,333.33333333333326,0.11111111111111072,353.33333333333326,12.444444444444445,1.0
5,1008,343.0,6.0,333.0,0.0,353.0,12.0,1.0
5,1009,342.125,6.5,333.0,0.0,351.25,13.0,1.0
5,1010,341.25,7.0,333.0,0.0,349.5,14.0,1.0
5,1011,340.375,7.5,333.0,0.0,347.75,15.0,1.0
5,1012,339.5,8.0,333.0,0.0,346.0,16.0,1.0
5,1013,340.66666666666663,10.166666666666666,334.0,2.333333333333332,347.33333333333326,18.0,1.0
5,1014,341.83333333333337,12.333333333333332,335.0,4.666666666666664,348.66666666666674,20.0,1.0
5,1015,343.0,14.5,336.0,7.0,350.0,22.0,1.0
5,1016,343.875,14.625,336.75,7.25,351.0,22.0,1.0
5,1017,344.75,14.75,337.5,7.5,352.0,22.0,1.0
5,1018,345.625,14.875,338.25,7.75,353.0,22.0,1.0
5,1019,346.5,15.0,339.0,8.0,354.0,22.0,1.0
5,1020,349.16666666666663,14.583333333333334,341.33333333333326,7.666666666666668,357.0,21.5,1.0
5,1021,351.83333333333337,14.166666666666666,343.66666666666674,7.333333333333332,360.0,21.0,1.0
5,1022,354.5,13.75,346.0,7.0,363.0,20.5,1.0
5,1023,357.16666666666663,13.333333333333334,348.33333333333326,6.666666666666668,366.0,20.0,1.0
5,1024,359.83333333333337,12.916666666666666,350.66666666666674,6.333333333333332,369.0,19.5,1.0
5,1025,362.5,12.5,353.0,6.0,372.0,19.0,1.0
5,1026,362.33333333333337,10.333333333333334,352.66666666666674,4.0,372.0,16.666666666666668,1.0
5,1027,362.16666666666663,8.166666666666668,352.33333333333326,2.000000000000001,372.0,14.333333333333336,1.0
5,1028,362.0,6.0,352.0,0.0,372.0,12.0,1.0
5,1029,363.5,5.833333333333333,353.5,0.0,373.5,11.666666666666666,1.0
5,1030,365.0,5.666666666666667,355.0,0.0,375.0,11.333333333333334,1.0
5,1031,366.5,5.5,356.5,0.0,376.5,11.0,1.0
5,1032,368.0,5.333333333333333,358.0,0.0,378.0,10.666666666666666,1.0
5,1033,369.5,5.166666666666667,359.5,0.0,379.5,10.333333333333334,1.0
5,1034,371.0,5.0,361.0,0.0,381.0,10.0,1.0
5,1035,372.30000000000007,6.7,362.6000000000001,1.0,382.00000000000006,12.4,1.0
5,1036,373.6,8.4,364.20000000000005,2.0,383.0,14.8,1.0
5,1037,374.9,10.1,365.79999999999995,3.0,384.0,17.2,1.0
5,1038,376.2,11.8,367.4,4.0,385.0,19.6,1.0
5,1039,377.5,13.5,369.0,5.0,386.0,22.0,1.0
5,1040,374.83333333333337,12.0,366.33333333333337,3.666666666666668,383.33333333333337,20.333333333333332,1.0
5,1041,372.1666666666667,10.5,363.6666666666667,2.333333333333332,380.6666666666667,18.666666666666668,1.0
5,1042,369.5,9.0,361.0,1.0,378.0,17.0,1.0
5,1043,366.0,8.916666666666668,357.1666666666667,1.166666666666667,374.8333333333333,16.666666666666668,1.0
5,1044,362.5,8.833333333333332,353.3333333333333,1.333333333333333,371.6666666666667,16.333333333333332,1.0
5,1045,359.0,8.75,349.5,1.5,368.5,16.0,1.0
5,1046,355.5,8.666666666666666,345.6666666666667,1.666666666666666,365.3333333333333,15.666666666666666,1.0
5,1047,352.0,8.583333333333334,341.8333333333333,1.833333333333334,362.1666666666667,15.333333333333334,1.0
5,1048,348.5,8.5,338.0,2.0,359.0,15.0,1.0
5,1049,347.0,10.4,336.6,3.6000000000000005,357.4,17.2,1.0
5,1050,345.5,12.299999999999999,335.2,5.199999999999999,355.8,19.4,1.0
5,1051,344.0,14.200000000000001,333.8,6.800000000000001,354.2,21.6,1.0
5,1052,342.5,16.1,332.4,8.400000000000002,352.6,23.8,1.0
5,1053,341.0,18.0,331.0,10.0,351.0,26.0,1.0
5,1054,340.5,19.5,330.75,11.5,350.25,27.5,1.0
5,1055,340.0,21.0,330.5,13.0,349.5,29.0,1.0
5,1056,339.5,22.5,330.25,14.5,348.75,30.5,1.0
5,1057,339.0,24.0,330.0,16.0,348.0,32.0,1.0
5,1058,338.5,22.4,329.4,14.399999999999999,347.6,30.4,1.0
5,1059,338.0,20.8,328.8,12.8,347.2,28.8,1.0
5,1060,337.5,19.2,328.2,11.2,346.8,27.2,1.0
5,1061,337.0,17.6,327.6,9.600000000000001,346.4,25.6,1.0
5,1062,336.5,16.0,327.0,8.0,346.0,24.0,1.0
5,1063,336.66666666666663,13.833333333333334,327.0,6.0,346.33333333333326,21.666666666666668,1.0
5,1064,336.83333333333337,11.666666666666668,327.0,4.0,346.66666666666674,19.333333333333336,1.0
5,1065,337.0,9.5,327.0,2.0,347.0,17.0,1.0
5,1066,337.0,9.75,327.0,2.25,347.0,17.25,1.0
5,1067,337.0,10.0,327.0,2.5,347.0,17.5,1.0
5,1068,337.0,10.25,327.0,2.75,347.0,17.75,1.0
5,1069,337.0,10.5,327.0,3.0,347.0,18.0,1.0
5,1070,337.16666666666663,10.0,327.33333333333326,2.5,347.0,17.5,1.0
5,1071,337.33333333333337,9.5,327.66666666666674,2.0,347.0,17.0,1.0
5,1072,337.5,9.0,328.0,1.5,347.0,16.5,1.0
5,1073,337.66666666666663,8.5,328.33333333333326,1.0,347.0,16.0,1.0
5,1074,337.83333333333337,8.0,328.66666666666674,0.5,347.0,15.5,1.0
5,1075,338.0,7.5,329.0,0.0,347.0,15.0,1.0
5,1076,339.25,7.0,330.5,0.0,348.0,14.0,1.0
5,1077,340.5,6.5,332.0,0.0,349.0,13.0,1.0
5,1078,341.75,6.0,333.5,0.0,350.0,12.0,1.0
5,1079,343.0,5.5,335.0,0.0,351.0,11.0,1.0
5,1080,343.83333333333337,4.666666666666667,335.66666666666674,0.0,352.0,9.333333333333334,1.0
5,1081,344.66666666666663,3.833333333333334,336.33333333333326,0.0,353.0,7.666666666666668,1.0
5,1082,345.5,3.0,337.0,0.0,354.0,6.0,1.0
5,1083,345.5,3.0,337.0,0.0,354.0,6.0,1.0
6,1108,334.5,4.0,327.0,0.0,342.0,8.0,1.0
6,1109,334.91666666666663,4.75,327.33333333333326,0.0,342.5,9.5,1.0
6,1110,335.33333333333337,5.5,327.66666666666674,0.0,343.0,11.0,1.0
6,1111,335.75,6.25,328.0,0.0,343.5,12.5,1.0
6,1112,336.16666666666663,7.0,328.33333333333326,0.0,344.0,14.0,1.0
6,1113,336.58333333333337,7.750000000000001,328.66666666666674,0.0,344.5,15.500000000000002,1.0
6,1114,337.0,8.5,329.0,0.0,345.0,17.0,1.0
6,1115,337.909090909091,8.681818181818183,329.909090909091,0.18181818181818343,345.909090909091,17.181818181818183,1.0
6,1116,338.8181818181818,8.863636363636363,330.8181818181818,0.3636363636363633,346.8181818181818,17.363636363636363,1.0
6,1117,339.72727272727275,9.045454545454547,331.72727272727275,0.5454545454545467,347.72727272727275,17.545454545454547,1.0
6,1118,340.6363636363636,9.227272727272727,332.6363636363636,0.7272727272727266,348.6363636363636,17.727272727272727,1.0
6,1119,341.54545454545456,9.40909090909091,333.54545454545456,0.9090909090909101,349.54545454545456,17.90909090909091,1.0
6,1120,342.45454545454544,9.59090909090909,334.45454545454544,1.09090909090909,350.45454545454544,18.09090909090909,1.0
6,1121,343.3636363636364,9.772727272727273,335.3636363636364,1.2727272727272734,351.3636363636364,18.272727272727273,1.0
6,1122,344.27272727272725,9.954545454545453,336.27272727272725,1.4545454545454533,352.27272727272725,18.454545454545453,1.0
6,1123,345.18181818181813,10.136363636363637,337.18181818181813,1.6363636363636367,353.18181818181813,18.636363636363637,1.0
6,1124,346.0909090909091,10.318181818181817,338.0909090909091,1.8181818181818166,354.0909090909091,18.818181818181817,1.0
6,1125,347.0,10.5,339.0,2.0,355.0,19.0,1.0
6,1126,348.16666666666663,11.0,340.33333333333326,3.0,356.0,19.0,1.0
6,1127,349.33333333333337,11.5,341.66666666666674,4.0,357.0,19.0,1.0
6,1128,350.5,12.0,343.0,5.0,358.0,19.0,1.0
6,1129,350.125,13.625,342.5,6.25,357.75,21.0,1.0
6,1130,349.75,15.25,342.0,7.499999999999999,357.5,23.0,1.0
6,1131,349.375,16.875,341.5,8.75,357.25,25.0,1.0
6,1132,349.0,18.5,341.0,10.0,357.0,27.0,1.0
6,1133,348.5,19.0,340.5,10.5,356.5,27.5,1.0
6,1134,348.0,19.5,340.0,11.0,356.0,28.0,1.0
6,1135,348.4375,19.15625,340.4375,10.75,356.4375,27.5625,1.0
6,1136,348.875,18.8125,340.875,10.5,356.875,27.125,1.0
6,1137,349.3125,18.46875,341.3125,10.25,357.3125,26.6875,1.0
6,1138,349.75,18.125,341.75,10.0,357.75,26.25,1.0
6,1139,350.1875,17.78125,342.1875,9.75,358.1875,25.8125,1.0
6,1140,350.625,17.4375,342.625,9.5,358.625,25.375,1.0
6,1141,351.0625,17.09375,343.0625,9.25,359.0625,24.9375,1.0
6,1142,351.5,16.75,343.5,9.0,359.5,24.5,1.0
6,1143,351.9375,16.40625,343.9375,8.75,359.9375,24.0625,1.0
6,1144,352.375,16.0625,344.375,8.5,360.375,23.625,1.0
6,1145,352.8125,15.71875,344.8125,8.25,360.8125,23.1875,1.0
6,1146,353.25,15.374999999999998,345.25,7.999999999999998,361.25,22.75,1.0
6,1147,353.6875,15.031250000000002,345.6875,7.750000000000002,361.6875,22.3125,1.0
6,1148,354.125,14.6875,346.125,7.5,362.125,21.875,1.0
6,1149,354.5625,14.34375,346.5625,7.25,362.5625,21.4375,1.0
6,1150,355.0,14.0,347.0,7.0,363.0,21.0,1.0
6,1151,355.2916666666667,14.125,347.2916666666667,7.125,363.2916666666667,21.125,1.0
6,1152,355.5833333333333,14.25,347.5833333333333,7.25,363.5833333333333,21.25,1.0
6,1153,355.875,14.375,347.875,7.375,363.875,21.375,1.0
6,1154,356.1666666666667,14.5,348.1666666666667,7.5,364.1666666666667,21.5,1.0
6,1155,356.45833333333326,14.625,348.45833333333326,7.625,364.45833333333326,21.625,1.0
6,1156,356.75,14.75,348.75,7.75,364.75,21.75,1.0
6,1157,357.04166666666663,14.875,349.04166666666663,7.875,365.04166666666663,21.875,1.0
6,1158,357.33333333333337,15.0,349.33333333333337,8.0,365.33333333333337,22.0,1.0
6,1159,357.625,15.125,349.625,8.125,365.625,22.125,1.0
6,1160,357.91666666666674,15.25,349.91666666666674,8.25,365.91666666666674,22.25,1.0
6,1161,358.2083333333333,15.374999999999998,350.2083333333333,8.374999999999998,366.2083333333333,22.375,1.0
6,1162,358.5,15.500000000000002,350.5,8.500000000000002,366.5,22.5,1.0
6,1163,358.7916666666667,15.625000000000002,350.7916666666667,8.625000000000002,366.7916666666667,22.625,1.0
6,1164,359.0833333333333,15.75,351.0833333333333,8.75,367.0833333333333,22.75,1.0
6,1165,359.375,15.875,351.375,8.875,367.375,22.875,1.0
6,1166,359.6666666666667,16.0,351.6666666666667,9.0,367.6666666666667,23.0,1.0
6,1167,359.9583333333333,16.125,351.9583333333333,9.125,367.9583333333333,23.125,1.0
6,1168,360.25,16.25,352.25,9.25,368.25,23.25,1.0
6,1169,360.5416666666667,16.375,352.5416666666667,9.375,368.5416666666667,23.375,1.0
6,1170,360.83333333333326,16.5,352.83333333333326,9.5,368.83333333333326,23.5,1.0
6,1171,361.125,16.625,353.125,9.625,369.125,23.625,1.0
6,1172,361.41666666666663,16.75,353.41666666666663,9.75,369.41666666666663,23.75,1.0
6,1173,361.70833333333337,16.875,353.70833333333337,9.875,369.70833333333337,23.875,1.0
6,1174,362.0,17.0,354.0,10.0,370.0,24.0,1.0
6,1175,362.125,16.5625,354.125,9.5,370.125,23.625,1.0
6,1176,362.25,16.125,354.25,9.0,370.25,23.25,1.0
6,1177,362.375,15.6875,354.375,8.5,370.375,22.875,1.0
6,1178,362.5,15.25,354.5,8.0,370.5,22.5,1.0
6,1179,362.625,14.8125,354.625,7.5,370.625,22.125,1.0
6,1180,362.75,14.375,354.75,7.0,370.75,21.75,1.0
6,1181,362.875,13.9375,354.875,6.5,370.875,21.375,1.0
6,1182,363.0,13.5,355.0,6.0,371.0,21.0,1.0
6,1183,364.5,16.25,356.5,8.75,372.5,23.75,1.0
6,1184,366.0,19.0,358.0,11.5,374.0,26.5,1.0
6,1185,367.5,21.75,359.5,14.25,375.5,29.25,1.0
6,1186,369.0,24.5,361.0,17.0,377.0,32.0,1.0
6,1187,367.5,23.95,359.5,16.4,375.5,31.5,1.0
6,1188,366.0,23.4,358.0,15.8,374.0,30.999999999999996,1.0
6,1189,364.5,22.85,356.5,15.200000000000001,372.5,30.5,1.0
6,1190,363.0,22.3,355.0,14.600000000000001,371.0,30.0,1.0
6,1191,361.5,21.75,353.5,14.0,369.5,29.5,1.0
6,1192,360.0,21.2,352.0,13.399999999999999,368.0,29.0,1.0
6,1193,358.5,20.65,350.5,12.799999999999999,366.5,28.5,1.0
6,1194,357.0,20.1,349.0,12.2,365.0,28.000000000000004,1.0
6,1195,355.5,19.55,347.5,11.600000000000001,363.5,27.5,1.0
6,1196,354.0,19.0,346.0,11.0,362.0,27.0,1.0
6,1197,353.33333333333326,18.0,345.33333333333326,10.0,361.33333333333326,26.0,1.0
6,1198,352.66666666666663,17.0,344.66666666666663,9.0,360.66666666666663,25.0,1.0
6,1199,352.0,16.0,344.0,8.0,360.0,24.0,1.0
6,1200,351.3333333333333,15.0,343.3333333333333,7.0,359.3333333333333,23.0,1.0
6,1201,350.6666666666667,14.0,342.6666666666667,6.0,358.6666666666667,22.0,1.0
6,1202,350.0,13.0,342.0,5.0,358.0,21.0,1.0
6,1203,348.0,13.0,340.0,5.166666666666668,356.0,20.833333333333332,1.0
6,1204,346.0,13.0,338.0,5.333333333333332,354.0,20.666666666666668,1.0
6,1205,344.0,13.0,336.0,5.5,352.0,20.5,1.0
6,1206,342.0,13.0,334.0,5.666666666666668,350.0,20.333333333333332,1.0
6,1207,340.0,13.0,332.0,5.833333333333332,348.0,20.166666666666668,1.0
6,1208,338.0,13.0,330.0,6.0,346.0,20.0,1.0
6,1209,337.2,12.7,329.2,5.599999999999999,345.2,19.8,1.0
6,1210,336.4,12.4,328.4,5.199999999999999,344.4,19.6,1.0
6,1211,335.6,12.1,327.6,4.800000000000001,343.6,19.4,1.0
6,1212,334.80000000000007,11.8,326.80000000000007,4.400000000000001,342.80000000000007,19.2,1.0
6,1213,334.0,11.5,326.0,4.0,342.0,19.0,1.0
6,1214,335.75,11.0,328.0,4.0,343.5,18.0,1.0
6,1215,337.5,10.5,330.0,4.0,345.0,17.0,1.0
6,1216,337.5,8.833333333333334,330.3333333333333,2.666666666666668,344.6666666666667,15.0,1.0
6,1217,337.5,7.166666666666667,330.6666666666667,1.333333333333334,344.3333333333333,13.0,1.0
6,1218,337.5,5.5,331.0,0.0,344.0,11.0,1.0
6,1219,339.5,4.833333333333333,332.6666666666667,0.0,346.3333333333333,9.666666666666666,1.0
6,1220,341.5,4.166666666666667,334.3333333333333,0.0,348.6666666666667,8.333333333333334,1.0
6,1221,343.5,3.5,336.0,0.0,351.0,7.0,1.0
6,1222,344.75,3.25,337.25,0.0,352.25,6.5,1.0
6,1223,346.0,3.0,338.5,0.0,353.5,6.0,1.0
6,1224,347.25,2.75,339.75,0.0,354.75,5.5,1.0
6,1225,348.5,2.5,341.0,0.0,356.0,5.0,1.0
7,1219,470.5,4.0,458.0,0.0,483.0,8.0,1.0
7,1220,471.58333333333337,3.916666666666667,459.16666666666674,0.0,484.0,7.833333333333334,1.0
7,1221,472.66666666666663,3.833333333333334,460.33333333333326,0.0,485.0,7.666666666666668,1.0
7,1222,473.75,3.75,461.5,0.0,486.0,7.5,1.0
7,1223,474.83333333333337,3.6666666666666665,462.66666666666674,0.0,487.0,7.333333333333333,1.0
7,1224,475.91666666666663,3.5833333333333335,463.83333333333326,0.0,488.0,7.166666666666667,1.0
7,1225,477.0,3.5,465.0,0.0,489.0,7.0,1.0
7,1226,478.5,4.75,466.5,0.0,490.5,9.5,1.0
7,1227,480.0,6.0,468.0,0.0,492.0,12.0,1.0
7,1228,478.9,6.35,467.0,0.0,490.79999999999995,12.7,1.0
7,1229,477.8,6.7,466.0,0.0,489.6,13.4,1.0
7,1230,476.70000000000005,7.05,465.00000000000006,0.0,488.40000000000003,14.1,1.0
7,1231,475.6,7.4,464.0,0.0,487.20000000000005,14.8,1.0
7,1232,474.5,7.750000000000001,463.0,0.0,486.0,15.500000000000002,1.0
7,1233,473.4,8.1,462.0,0.0,484.79999999999995,16.2,1.0
7,1234,472.30000000000007,8.45,461.00000000000006,0.0,483.6000000000001,16.9,1.0
7,1235,471.2,8.8,460.0,0.0,482.4,17.6,1.0
7,1236,470.1,9.15,459.0,0.0,481.20000000000005,18.3,1.0
7,1237,469.0,9.5,458.0,0.0,480.0,19.0,1.0
7,1238,470.375,11.125,459.5,1.5,481.25,20.75,1.0
7,1239,471.75,12.75,461.0,3.0,482.5,22.5,1.0
7,1240,473.125,14.375,462.5,4.5,483.75,24.25,1.0
7,1241,474.5,16.0,464.0,6.0,485.0,26.0,1.0
7,1242,476.5,15.374999999999998,466.0,5.249999999999998,487.0,25.5,1.0
7,1243,478.5,14.75,468.0,4.5,489.0,25.0,1.0
7,1244,480.5,14.125,470.0,3.75,491.0,24.5,1.0
7,1245,482.5,13.5,472.0,3.0,493.0,24.0,1.0
7,1246,483.0,14.583333333333334,472.5,4.0,493.5,25.166666666666668,1.0
7,1247,483.5,15.666666666666668,473.0,5.000000000000002,494.0,26.333333333333336,1.0
7,1248,484.0,16.75,473.5,6.0,494.5,27.5,1.0
7,1249,484.5,17.833333333333332,474.0,7.0,495.0,28.666666666666664,1.0
7,1250,485.0,18.916666666666668,474.5,8.0,495.5,29.833333333333336,1.0
7,1251,485.5,20.0,475.0,9.0,496.0,31.0,1.0
7,1252,485.75,20.0,475.25,8.75,496.25,31.25,1.0
7,1253,486.0,20.0,475.5,8.5,496.5,31.5,1.0
7,1254,486.25,20.0,475.75,8.25,496.75,31.75,1.0
7,1255,486.5,20.0,476.0,8.0,497.0,32.0,1.0
7,1256,485.78125,20.84375,475.25,8.9375,496.3125,32.75,1.0
7,1257,485.0625,21.6875,474.5,9.875,495.625,33.5,1.0
7,1258,484.34375,22.53125,473.75,10.8125,494.9375,34.25,1.0
7,1259,483.625,23.375,473.0,11.75,494.25,35.0,1.0
7,1260,482.90625,24.21875,472.25,12.6875,493.5625,35.75,1.0
7,1261,482.1875,25.0625,471.5,13.625,492.875,36.5,1.0
7,1262,481.46875,25.90625,470.75,14.5625,492.1875,37.25,1.0
7,1263,480.75,26.75,470.0,15.5,491.5,38.0,1.0
7,1264,480.03125,27.59375,469.25,16.4375,490.8125,38.75,1.0
7,1265,479.3125,28.4375,468.5,17.375,490.125,39.5,1.0
7,1266,478.59375,29.28125,467.75,18.3125,489.4375,40.25,1.0
7,1267,477.875,30.125,467.0,19.25,488.75,41.0,1.0
7,1268,477.15625,30.96875,466.25,20.1875,488.0625,41.75,1.0
7,1269,476.4375,31.812499999999996,465.5,21.124999999999996,487.375,42.5,1.0
7,1270,475.71875,32.65625,464.75,22.0625,486.6875,43.25,1.0
7,1271,475.0,33.5,464.0,23.0,486.0,44.0,1.0
7,1272,474.625,33.75,463.625,23.25,485.625,44.25,1.0
7,1273,474.25,34.0,463.25,23.5,485.25,44.5,1.0
7,1274,473.875,34.25,462.875,23.75,484.875,44.75,1.0
7,1275,473.5,34.5,462.5,24.0,484.5,45.0,1.0
7,1276,473.125,34.75,462.125,24.25,484.125,45.25,1.0
7,1277,472.75,35.0,461.75,24.5,483.75,45.5,1.0
7,1278,472.375,35.25,461.375,24.75,483.375,45.75,1.0
7,1279,472.0,35.5,461.0,25.0,483.0,46.0,1.0
7,1280,472.4,36.9,461.4,26.0,483.4,47.8,1.0
7,1281,472.8,38.3,461.8,26.999999999999996,483.8,49.599999999999994,1.0
7,1282,473.2,39.7,462.2,28.000000000000004,484.2,51.400000000000006,1.0
7,1283,473.6,41.1,462.6,29.0,484.6,53.2,1.0
7,1284,474.0,42.5,463.0,30.0,485.0,55.0,1.0
7,1285,476.0,42.33333333333333,464.6666666666667,29.999999999999996,487.3333333333333,54.66666666666666,1.0
7,1286,478.0,42.16666666666667,466.3333333333333,30.000000000000004,489.6666666666667,54.33333333333334,1.0
7,1287,480.0,42.0,468.0,30.0,492.0,54.0,1.0
7,1288,480.125,43.375,468.25,31.5,492.0,55.25,1.0
7,1289,480.25,44.75,468.5,33.0,492.0,56.5,1.0
7,1290,480.375,46.125,468.75,34.5,492.0,57.75,1.0
7,1291,480.5,47.5,469.0,36.0,492.0,59.0,1.0
7,1292,480.875,47.25,469.5,36.0,492.25,58.5,1.0
7,1293,481.25,47.0,470.0,36.0,492.5,58.0,1.0
7,1294,481.625,46.75,470.5,36.0,492.75,57.5,1.0
7,1295,482.0,46.5,471.0,36.0,493.0,57.0,1.0
7,1296,483.25,45.5,472.0,35.0,494.5,56.0,1.0
7,1297,484.5,44.5,473.0,34.0,496.0,55.0,1.0
7,1298,485.83333333333326,45.166666666666664,474.33333333333326,34.666666666666664,497.33333333333326,55.666666666666664,1.0
7,1299,487.1666666666667,45.833333333333336,475.6666666666667,35.333333333333336,498.6666666666667,56.333333333333336,1.0
7,1300,488.5,46.5,477.0,36.0,500.0,57.0,1.0
7,1301,487.66666666666663,47.5,476.2222222222222,37.0,499.1111111111111,58.0,1.0
7,1302,486.83333333333337,48.5,475.44444444444446,38.0,498.2222222222223,59.0,1.0
7,1303,486.0,49.5,474.6666666666667,39.0,497.3333333333333,60.0,1.0
7,1304,485.16666666666663,50.5,473.88888888888886,40.0,496.4444444444444,61.0,1.0
7,1305,484.3333333333333,51.5,473.1111111111111,41.0,495.55555555555554,62.0,1.0
7,1306,483.5,52.5,472.3333333333333,42.0,494.6666666666667,63.0,1.0
7,1307,482.66666666666663,53.5,471.55555555555554,43.0,493.7777777777777,64.0,1.0
7,1308,481.83333333333337,54.5,470.7777777777778,44.0,492.8888888888889,65.0,1.0
7,1309,481.0,55.5,470.0,45.0,492.0,66.0,1.0
7,1310,481.5,56.75,470.5,46.25,492.5,67.25,1.0
7,1311,482.0,58.0,471.0,47.5,493.0,68.5,1.0
7,1312,482.5,59.25,471.5,48.75,493.5,69.75,1.0
7,1313,483.0,60.5,472.0,50.0,494.0,71.0,1.0
7,1314,485.0,60.25,474.0,49.75,496.0,70.75,1.0
7,1315,487.0,60.0,476.0,49.5,498.0,70.5,1.0
7,1316,489.0,59.75,478.0,49.25,500.0,70.25,1.0
7,1317,491.0,59.5,480.0,49.0,502.0,70.0,1.0
7,1318,493.5,59.25,481.5,49.0,505.5,69.5,1.0
7,1319,496.0,59.0,483.0,49.0,509.0,69.0,1.0
7,1320,496.0,60.166666666666664,483.6666666666667,50.0,508.3333333333333,70.33333333333333,1.0
7,1321,496.0,61.33333333333334,484.3333333333333,51.00000000000001,507.6666666666667,71.66666666666669,1.0
7,1322,496.0,62.50000000000001,485.0,52.00000000000001,507.0,73.0,1.0
7,1323,495.5,63.5,484.5,53.0,506.5,74.0,1.0
7,1324,495.0,64.5,484.0,54.0,506.0,75.0,1.0
7,1325,494.5,65.5,483.5,55.0,505.5,76.0,1.0
7,1326,494.0,66.5,483.0,56.0,505.0,77.0,1.0
7,1327,492.2,67.3,481.2,56.8,503.2,77.8,1.0
7,1328,490.4,68.1,479.4,57.599999999999994,501.4,78.6,1.0
7,1329,488.6,68.9,477.6,58.400000000000006,499.6,79.4,1.0
7,1330,486.8,69.7,475.8,59.2,497.8,80.2,1.0
7,1331,485.0,70.5,474.0,60.0,496.0,81.0,1.0
7,1332,485.79999999999995,71.5,474.79999999999995,61.0,496.79999999999995,82.0,1.0
7,1333,486.6,72.5,475.6,62.0,497.6,83.0,1.0
7,1334,487.4,73.5,476.4,63.0,498.4,84.0,1.0
7,1335,488.2,74.5,477.2,64.0,499.2,85.0,1.0
7,1336,489.0,75.5,478.0,65.0,500.0,86.0,1.0
7,1337,490.9,75.1,479.79999999999995,64.6,502.0,85.6,1.0
7,1338,492.8,74.7,481.6,64.2,504.0,85.2,1.0
7,1339,494.7,74.3,483.4,63.8,506.0,84.8,1.0
7,1340,496.6,73.9,485.20000000000005,63.400000000000006,508.0,84.4,1.0
7,1341,498.5,73.5,487.0,63.0,510.0,84.0,1.0
7,1342,498.58333333333337,74.58333333333333,487.16666666666674,63.83333333333333,510.0,85.33333333333333,1.0
7,1343,498.66666666666663,75.66666666666667,487.33333333333326,64.66666666666667,510.0,86.66666666666667,1.0
7,1344,498.75,76.75,487.5,65.5,510.0,88.0,1.0
7,1345,498.83333333333337,77.83333333333333,487.66666666666674,66.33333333333333,510.0,89.33333333333333,1.0
7,1346,498.91666666666663,78.91666666666667,487.83333333333326,67.16666666666667,510.0,90.66666666666667,1.0
7,1347,499.0,80.0,488.0,68.0,510.0,92.0,1.0
7,1348,496.875,80.75,485.5,68.75,508.25,92.75,1.0
7,1349,494.75,81.5,483.0,69.5,506.5,93.5,1.0
7,1350,492.625,82.25,480.5,70.25,504.75,94.25,1.0
7,1351,490.5,83.0,478.0,71.0,503.0,95.0,1.0
7,1352,491.625,85.0,479.5,72.75,503.75,97.25,1.0
7,1353,492.75,87.0,481.0,74.5,504.5,99.5,1.0
7,1354,493.875,89.0,482.5,76.25,505.25,101.75,1.0
7,1355,495.0,91.0,484.0,78.0,506.0,104.0,1.0
7,1356,496.875,90.25,485.5,78.0,508.25,102.5,1.0
7,1357,498.75,89.5,487.0,78.0,510.5,101.0,1.0
7,1358,500.625,88.75,488.5,78.0,512.75,99.5,1.0
7,1359,502.5,88.0,490.0,78.0,515.0,98.0,1.0
7,1360,503.33333333333326,89.33333333333334,490.99999999999994,79.0,515.6666666666665,99.66666666666669,1.0
7,1361,504.16666666666674,90.66666666666666,492.00000000000006,80.0,516.3333333333335,101.33333333333331,1.0
7,1362,505.0,92.0,493.0,81.0,517.0,103.0,1.0
7,1363,503.875,93.25,492.0,82.0,515.75,104.5,1.0
7,1364,502.75,94.5,491.0,83.0,514.5,106.0,1.0
7,1365,501.625,95.75,490.0,84.0,513.25,107.5,1.0
7,1366,500.5,97.0,489.0,85.0,512.0,109.0,1.0
7,1367,499.75,97.0,488.25,85.0,511.25,109.0,1.0
7,1368,499.0,97.0,487.5,85.0,510.5,109.0,1.0
7,1369,498.25,97.0,486.75,85.0,509.75,109.0,1.0
7,1370,497.5,97.0,486.0,85.0,509.0,109.0,1.0
7,1371,498.5,99.0,487.0,87.0,510.0,111.0,1.0
7,1372,499.5,101.0,488.0,89.0,511.0,113.0,1.0
7,1373,500.5,103.0,489.0,91.0,512.0,115.0,1.0
7,1374,502.2,102.9,490.6,91.4,513.8,114.4,1.0
7,1375,503.9,102.8,492.19999999999993,91.8,515.6,113.8,1.0
7,1376,505.6,102.7,493.80000000000007,92.2,517.4,113.2,1.0
7,1377,507.30000000000007,102.6,495.40000000000003,92.6,519.2,112.6,1.0
7,1378,509.0,102.5,497.0,93.0,521.0,112.0,1.0
7,1379,510.0,101.33333333333334,498.0,91.66666666666669,522.0,111.0,1.0
7,1380,511.0,100.16666666666666,499.0,90.33333333333331,523.0,110.0,1.0
7,1381,512.0,99.0,500.0,89.0,524.0,109.0,1.0
7,1382,512.5,100.1,500.79999999999995,90.0,524.2,110.19999999999999,1.0
7,1383,513.0,101.2,501.6,91.0,524.4,111.4,1.0
7,1384,513.5,102.3,502.4,92.0,524.6,112.6,1.0
7,1385,514.0,103.4,503.20000000000005,93.0,524.8,113.80000000000001,1.0
7,1386,514.5,104.5,504.0,94.0,525.0,115.0,1.0
7,1387,514.3333333333334,105.75,503.66666666666674,95.0,525.0,116.5,1.0
7,1388,514.1666666666666,107.0,503.33333333333326,96.0,525.0,118.0,1.0
7,1389,514.0,108.25,503.0,97.0,525.0,119.5,1.0
7,1390,513.8333333333334,109.5,502.66666666666674,98.0,525.0,121.0,1.0
7,1391,513.6666666666666,110.75,502.33333333333326,99.0,525.0,122.5,1.0
7,1392,513.5,112.0,502.0,100.0,525.0,124.0,1.0
7,1393,514.0,112.83333333333334,502.33333333333337,100.66666666666669,525.6666666666666,125.0,1.0
7,1394,514.5,113.66666666666666,502.66666666666663,101.33333333333331,526.3333333333334,126.0,1.0
7,1395,515.0,114.5,503.0,102.0,527.0,127.0,1.0
7,1396,514.0,114.25,502.0,101.83333333333333,526.0,126.66666666666667,1.0
7,1397,513.0,114.0,501.0,101.66666666666667,525.0,126.33333333333333,1.0
7,1398,512.0,113.75,500.0,101.5,524.0,126.0,1.0
7,1399,511.0,113.5,499.0,101.33333333333333,523.0,125.66666666666667,1.0
7,1400,510.0,113.25,498.0,101.16666666666667,522.0,125.33333333333333,1.0
7,1401,509.0,113.0,497.0,101.0,521.0,125.0,1.0
7,1402,508.5,113.66666666666667,496.33333333333337,101.66666666666667,520.6666666666666,125.66666666666667,1.0
7,1403,508.0,114.33333333333333,495.66666666666663,102.33333333333333,520.3333333333334,126.33333333333333,1.0
7,1404,507.5,115.0,495.0,103.0,520.0,127.0,1.0
7,1405,508.5,116.375,496.0,104.5,521.0,128.25,1.0
7,1406,509.5,117.75,497.0,106.0,522.0,129.5,1.0
7,1407,510.5,119.125,498.0,107.5,523.0,130.75,1.0
7,1408,511.5,120.5,499.0,109.0,524.0,132.0,1.0
7,1409,512.5999999999999,121.2,500.3999999999999,109.6,524.8,132.8,1.0
7,1410,513.7,121.9,501.80000000000007,110.20000000000002,525.6,133.6,1.0
7,1411,514.8,122.60000000000001,503.19999999999993,110.80000000000001,526.4,134.4,1.0
7,1412,515.9000000000001,123.30000000000001,504.6000000000001,111.40000000000002,527.2,135.2,1.0
7,1413,517.0,124.00000000000001,506.0,112.00000000000001,528.0,136.0,1.0
7,1414,515.5,125.00000000000001,505.0,113.00000000000001,526.0,137.0,1.0
7,1415,514.3125,125.1875,503.75,113.25,524.875,137.125,1.0
7,1416,513.125,125.37499999999999,502.5,113.49999999999999,523.75,137.25,1.0
7,1417,511.9375,125.5625,501.25,113.75,522.625,137.375,1.0
7,1418,510.75,125.75,500.0,114.0,521.5,137.5,1.0
7,1419,509.5625,125.93750000000001,498.75,114.25000000000001,520.375,137.625,1.0
7,1420,508.375,126.125,497.5,114.5,519.25,137.75,1.0
7,1421,507.1875,126.31249999999999,496.25,114.74999999999999,518.125,137.875,1.0
7,1422,506.0,126.5,495.0,115.0,517.0,138.0,1.0
7,1423,506.5,128.16666666666666,495.33333333333337,116.66666666666666,517.6666666666666,139.66666666666666,1.0
7,1424,507.0,129.83333333333334,495.66666666666663,118.33333333333334,518.3333333333334,141.33333333333334,1.0
7,1425,507.5,131.5,496.0,120.0,519.0,143.0,1.0
7,1426,509.3,132.0,497.6,120.4,521.0,143.6,1.0
7,1427,511.1,132.5,499.20000000000005,120.80000000000001,523.0,144.2,1.0
7,1428,512.9,133.0,500.79999999999995,121.19999999999999,525.0,144.8,1.0
7,1429,514.7,133.5,502.40000000000003,121.6,527.0,145.4,1.0
7,1430,516.5,134.0,504.0,122.0,529.0,146.0,1.0
7,1431,515.5833333333333,134.29166666666666,502.99999999999994,122.41666666666666,528.1666666666665,146.16666666666666,1.0
7,1432,514.6666666666667,134.58333333333334,502.00000000000006,122.83333333333334,527.3333333333335,146.33333333333334,1.0
7,1433,513.75,134.875,501.0,123.25,526.5,146.5,1.0
7,1434,512.8333333333333,135.16666666666666,499.99999999999994,123.66666666666666,525.6666666666665,146.66666666666666,1.0
7,1435,511.9166666666667,135.45833333333334,499.0,124.08333333333334,524.8333333333334,146.83333333333334,1.0
7,1436,511.0,135.75,498.0,124.5,524.0,147.0,1.0
7,1437,510.0833333333333,136.04166666666666,497.0,124.91666666666666,523.1666666666666,147.16666666666666,1.0
7,1438,509.16666666666674,136.33333333333334,496.00000000000006,125.33333333333334,522.3333333333335,147.33333333333334,1.0
7,1439,508.25,136.625,495.0,125.75,521.5,147.5,1.0
7,1440,507.33333333333337,136.91666666666666,494.00000000000006,126.16666666666666,520.6666666666667,147.66666666666666,1.0
7,1441,506.41666666666663,137.20833333333334,492.99999999999994,126.58333333333334,519.8333333333333,147.83333333333334,1.0
7,1442,505.5,137.5,492.0,127.0,519.0,148.0,1.0
7,1443,504.6428571428571,138.42857142857144,491.2857142857142,127.85714285714288,518.0,149.0,1.0
7,1444,503.7857142857143,139.35714285714286,490.57142857142856,128.71428571428572,517.0,150.0,1.0
7,1445,502.92857142857144,140.28571428571428,489.8571428571429,129.57142857142856,516.0,151.0,1.0
7,1446,502.07142857142856,141.21428571428572,489.1428571428571,130.42857142857144,515.0,152.0,1.0
7,1447,501.2142857142857,142.14285714285714,488.42857142857144,131.28571428571428,514.0,153.0,1.0
7,1448,500.3571428571429,143.07142857142856,487.7142857142858,132.1428571428571,513.0,154.0,1.0
7,1449,499.5,144.0,487.0,133.0,512.0,155.0,1.0
7,1450,499.25,143.875,487.0,132.75,511.5,155.0,1.0
7,1451,499.0,143.75,487.0,132.5,511.0,155.0,1.0
7,1452,498.75,143.625,487.0,132.25,510.5,155.0,1.0
7,1453,498.5,143.5,487.0,132.0,510.0,155.0,1.0
7,1454,497.0,144.5,485.0,133.0,509.0,156.0,1.0
7,1455,495.5,145.5,483.0,134.0,508.0,157.0,1.0
7,1456,495.16666666666663,146.5,483.0,135.33333333333334,507.33333333333326,157.66666666666666,1.0
7,1457,494.83333333333337,147.5,483.0,136.66666666666666,506.66666666666674,158.33333333333334,1.0
7,1458,494.5,148.5,483.0,138.0,506.0,159.0,1.0
7,1459,494.0,148.125,482.75,138.0,505.25,158.25,1.0
7,1460,493.5,147.75,482.5,138.0,504.5,157.5,1.0
7,1461,493.0,147.375,482.25,138.0,503.75,156.75,1.0
7,1462,492.5,147.0,482.0,138.0,503.0,156.0,1.0
7,1463,492.42857142857144,146.28571428571428,481.57142857142856,137.28571428571428,503.28571428571433,155.28571428571428,1.0
7,1464,492.3571428571429,145.57142857142858,481.1428571428572,136.57142857142858,503.57142857142856,154.57142857142858,1.0
7,1465,492.2857142857143,144.85714285714286,480.7142857142857,135.85714285714286,503.85714285714283,153.85714285714286,1.0
7,1466,492.2142857142858,144.14285714285714,480.28571428571433,135.14285714285714,504.1428571428572,153.14285714285714,1.0
7,1467,492.1428571428571,143.42857142857142,479.8571428571428,134.42857142857142,504.42857142857144,152.42857142857142,1.0
7,1468,492.07142857142856,142.71428571428572,479.42857142857144,133.71428571428572,504.71428571428567,151.71428571428572,1.0
7,1469,492.0,142.0,479.0,133.0,505.0,151.0,1.0
8,1334,375.0,5.0,365.0,0.0,385.0,10.0,1.0
8,1335,373.375,7.375,363.75,1.75,383.0,13.0,1.0
8,1336,371.75,9.75,362.5,3.5,381.0,16.0,1.0
8,1337,370.125,12.125,361.25,5.25,379.0,19.0,1.0
8,1338,368.5,14.5,360.0,7.0,377.0,22.0,1.0
8,1339,368.6666666666667,15.166666666666666,359.6666666666667,8.0,377.6666666666667,22.333333333333332,1.0
8,1340,368.8333333333333,15.833333333333334,359.3333333333333,9.0,378.3333333333333,22.666666666666668,1.0
8,1341,369.0,16.5,359.0,10.0,379.0,23.0,1.0
8,1342,368.77272727272725,16.09090909090909,358.81818181818176,9.545454545454543,378.72727272727275,22.636363636363637,1.0
8,1343,368.5454545454545,15.681818181818182,358.6363636363636,9.09090909090909,378.4545454545454,22.272727272727273,1.0
8,1344,368.31818181818176,15.272727272727275,358.4545454545454,8.636363636363638,378.18181818181813,21.909090909090914,1.0
8,1345,368.0909090909091,14.863636363636363,358.27272727272725,8.18181818181818,377.909090909091,21.545454545454547,1.0
8,1346,367.8636363636364,14.454545454545455,358.0909090909091,7.727272727272727,377.6363636363636,21.181818181818183,1.0
8,1347,367.6363636363636,14.045454545454547,357.9090909090909,7.272727272727273,377.3636363636364,20.81818181818182,1.0
8,1348,367.4090909090909,13.636363636363637,357.72727272727275,6.818181818181819,377.090909090909,20.454545454545453,1.0
8,1349,367.1818181818182,13.227272727272727,357.54545454545456,6.363636363636363,376.8181818181818,20.09090909090909,1.0
8,1350,366.9545454545455,12.818181818181818,357.3636363636364,5.90909090909091,376.5454545454546,19.727272727272727,1.0
8,1351,366.72727272727275,12.40909090909091,357.18181818181824,5.454545454545456,376.27272727272725,19.363636363636363,1.0
8,1352,366.5,12.0,357.0,5.0,376.0,19.0,1.0
8,1353,366.2777777777778,12.0,356.7777777777778,5.0,375.7777777777778,19.0,1.0
8,1354,366.05555555555554,12.0,356.55555555555554,5.0,375.55555555555554,19.0,1.0
8,1355,365.83333333333326,12.0,356.33333333333326,5.0,375.33333333333326,19.0,1.0
8,1356,365.6111111111111,12.0,356.1111111111111,5.0,375.1111111111111,19.0,1.0
8,1357,365.3888888888889,12.0,355.8888888888889,5.0,374.8888888888889,19.0,1.0
8,1358,365.16666666666663,12.0,355.66666666666663,5.0,374.66666666666663,19.0,1.0
8,1359,364.94444444444446,12.0,355.44444444444446,5.0,374.44444444444446,19.0,1.0
8,1360,364.72222222222223,12.0,355.22222222222223,5.0,374.22222222222223,19.0,1.0
8,1361,364.5,12.0,355.0,5.0,374.0,19.0,1.0
8,1362,365.0,11.333333333333332,355.6666666666667,4.333333333333332,374.3333333333333,18.333333333333332,1.0
8,1363,365.5,10.666666666666668,356.3333333333333,3.666666666666668,374.6666666666667,17.666666666666668,1.0
8,1364,366.0,10.0,357.0,3.0,375.0,17.0,1.0
8,1365,366.0,9.941176470588236,357.0,2.9411764705882355,375.0,16.941176470588236,1.0
8,1366,366.0,9.882352941176471,357.0,2.882352941176471,375.0,16.88235294117647,1.0
8,1367,366.0,9.823529411764707,357.0,2.8235294117647065,375.0,16.823529411764707,1.0
8,1368,366.0,9.764705882352942,357.0,2.764705882352942,375.0,16.764705882352942,1.0
8,1369,366.0,9.705882352941178,357.0,2.7058823529411775,375.0,16.705882352941178,1.0
8,1370,366.0,9.647058823529413,357.0,2.647058823529412,375.0,16.647058823529413,1.0
8,1371,366.0,9.588235294117649,357.0,2.5882352941176476,375.0,16.58823529411765,1.0
8,1372,366.0,9.529411764705884,357.0,2.529411764705883,375.0,16.529411764705884,1.0
8,1373,366.0,9.470588235294116,357.0,2.470588235294117,375.0,16.470588235294116,1.0
8,1374,366.0,9.411764705882351,357.0,2.4117647058823524,375.0,16.41176470588235,1.0
8,1375,366.0,9.352941176470587,357.0,2.352941176470588,375.0,16.352941176470587,1.0
8,1376,366.0,9.294117647058822,357.0,2.2941176470588225,375.0,16.294117647058822,1.0
8,1377,366.0,9.235294117647058,357.0,2.235294117647058,375.0,16.235294117647058,1.0
8,1378,366.0,9.176470588235293,357.0,2.1764705882352935,375.0,16.176470588235293,1.0
8,1379,366.0,9.117647058823529,357.0,2.117647058823529,375.0,16.11764705882353,1.0
8,1380,366.0,9.058823529411764,357.0,2.0588235294117645,375.0,16.058823529411764,1.0
8,1381,366.0,9.0,357.0,2.0,375.0,16.0,1.0
8,1382,365.0,9.600000000000001,356.0,2.6000000000000005,374.0,16.6,1.0
8,1383,364.0,10.2,355.0,3.1999999999999993,373.0,17.2,1.0
8,1384,363.0,10.8,354.0,3.8000000000000007,372.0,17.8,1.0
8,1385,362.0,11.399999999999999,353.0,4.3999999999999995,371.0,18.4,1.0
8,1386,361.0,12.0,352.0,5.0,370.0,19.0,1.0
8,1387,361.0,11.0,352.0,4.333333333333332,370.0,17.666666666666668,1.0
8,1388,361.0,10.0,352.0,3.666666666666668,370.0,16.333333333333332,1.0
8,1389,361.0,9.0,352.0,3.0,370.0,15.0,1.0
8,1390,361.5,9.25,353.0,2.0,370.0,16.5,1.0
8,1391,362.0,9.5,354.0,1.0,370.0,18.0,1.0
8,1392,362.0,11.0,354.0,2.5,370.0,19.5,1.0
8,1393,362.0,12.5,354.0,4.0,370.0,21.0,1.0
8,1394,362.0,14.0,354.0,5.5,370.0,22.5,1.0
8,1395,362.0,15.500000000000002,354.0,7.000000000000002,370.0,24.0,1.0
8,1396,362.375,15.75,354.375,7.25,370.375,24.25,1.0
8,1397,362.75,16.0,354.75,7.5,370.75,24.5,1.0
8,1398,363.125,16.25,355.125,7.75,371.125,24.75,1.0
8,1399,363.5,16.5,355.5,8.0,371.5,25.0,1.0
8,1400,363.875,16.75,355.875,8.25,371.875,25.25,1.0
8,1401,364.25,17.0,356.25,8.5,372.25,25.5,1.0
8,1402,364.625,17.25,356.625,8.75,372.625,25.75,1.0
8,1403,365.0,17.5,357.0,9.0,373.0,26.0,1.0
8,1404,367.0,17.25,359.0,8.75,375.0,25.75,1.0
8,1405,369.0,17.0,361.0,8.5,377.0,25.5,1.0
8,1406,371.0,16.75,363.0,8.25,379.0,25.25,1.0
8,1407,373.0,16.5,365.0,8.0,381.0,25.0,1.0
8,1408,373.6666666666667,16.166666666666668,365.6666666666667,7.666666666666668,381.6666666666667,24.666666666666668,1.0
8,1409,374.3333333333333,15.833333333333334,366.3333333333333,7.333333333333334,382.3333333333333,24.333333333333336,1.0
8,1410,375.0,15.500000000000002,367.0,7.000000000000002,383.0,24.0,1.0
8,1411,375.27272727272725,15.59090909090909,367.27272727272725,7.09090909090909,383.27272727272725,24.09090909090909,1.0
8,1412,375.54545454545456,15.681818181818182,367.54545454545456,7.181818181818182,383.54545454545456,24.18181818181818,1.0
8,1413,375.81818181818176,15.772727272727273,367.81818181818176,7.272727272727273,383.81818181818176,24.272727272727273,1.0
8,1414,376.0909090909091,15.863636363636363,368.0909090909091,7.363636363636363,384.0909090909091,24.363636363636363,1.0
8,1415,376.3636363636364,15.954545454545453,368.3636363636364,7.454545454545453,384.3636363636364,24.454545454545453,1.0
8,1416,376.6363636363636,16.045454545454547,368.6363636363636,7.545454545454547,384.6363636363636,24.545454545454547,1.0
8,1417,376.90909090909093,16.136363636363637,368.90909090909093,7.636363636363637,384.90909090909093,24.636363636363637,1.0
8,1418,377.1818181818182,16.227272727272727,369.1818181818182,7.727272727272727,385.1818181818182,24.727272727272727,1.0
8,1419,377.45454545454544,16.31818181818182,369.45454545454544,7.81818181818182,385.45454545454544,24.81818181818182,1.0
8,1420,377.72727272727275,16.40909090909091,369.72727272727275,7.90909090909091,385.72727272727275,24.90909090909091,1.0
8,1421,378.0,16.5,370.0,8.0,386.0,25.0,1.0
8,1422,378.0,17.75,370.0,9.25,386.0,26.25,1.0
8,1423,378.0,19.0,370.0,10.5,386.0,27.5,1.0
8,1424,378.0,20.25,370.0,11.75,386.0,28.75,1.0
8,1425,378.0,21.5,370.0,13.0,386.0,30.0,1.0
8,1426,378.0,22.75,370.0,14.25,386.0,31.25,1.0
8,1427,378.0,24.0,370.0,15.5,386.0,32.5,1.0
8,1428,378.0,25.25,370.0,16.75,386.0,33.75,1.0
8,1429,378.0,26.5,370.0,18.0,386.0,35.0,1.0
8,1430,378.0,25.0,370.0,16.5,386.0,33.5,1.0
8,1431,378.0,23.5,370.0,15.0,386.0,32.0,1.0
8,1432,379.0,27.0,371.0,18.5,387.0,35.5,1.0
8,1433,380.0,30.5,372.0,22.0,388.0,39.0,1.0
8,1434,379.80000000000007,30.2,371.6000000000001,22.0,388.00000000000006,38.4,1.0
8,1435,379.6,29.9,371.20000000000005,22.0,388.0,37.8,1.0
8,1436,379.4,29.6,370.79999999999995,22.0,388.0,37.2,1.0
8,1437,379.20000000000005,29.3,370.40000000000003,22.0,388.00000000000006,36.6,1.0
8,1438,379.0,29.0,370.0,22.0,388.0,36.0,1.0
8,1439,380.16666666666663,27.666666666666664,371.16666666666663,20.666666666666664,389.16666666666663,34.666666666666664,1.0
8,1440,381.3333333333333,26.333333333333336,372.3333333333333,19.333333333333336,390.3333333333333,33.333333333333336,1.0
8,1441,382.5,25.0,373.5,18.0,391.5,32.0,1.0
8,1442,383.6666666666667,23.666666666666668,374.6666666666667,16.666666666666668,392.6666666666667,30.666666666666668,1.0
8,1443,384.83333333333337,22.333333333333332,375.83333333333337,15.333333333333332,393.83333333333337,29.333333333333332,1.0
8,1444,386.0,21.0,377.0,14.0,395.0,28.0,1.0
8,1445,386.66666666666674,20.333333333333332,377.66666666666674,13.333333333333332,395.66666666666674,27.333333333333332,1.0
8,1446,387.33333333333337,19.666666666666668,378.33333333333337,12.666666666666668,396.33333333333337,26.666666666666668,1.0
8,1447,388.0,19.0,379.0,12.0,397.0,26.0,1.0
8,1448,388.7777777777778,19.11111111111111,379.7777777777778,12.11111111111111,397.7777777777778,26.11111111111111,1.0
8,1449,389.55555555555554,19.22222222222222,380.55555555555554,12.222222222222221,398.55555555555554,26.22222222222222,1.0
8,1450,390.3333333333333,19.333333333333332,381.3333333333333,12.333333333333332,399.3333333333333,26.333333333333332,1.0
8,1451,391.1111111111111,19.444444444444443,382.1111111111111,12.444444444444443,400.1111111111111,26.444444444444443,1.0
8,1452,391.8888888888889,19.555555555555557,382.8888888888889,12.555555555555557,400.8888888888889,26.555555555555557,1.0
8,1453,392.66666666666663,19.666666666666668,383.66666666666663,12.666666666666668,401.66666666666663,26.666666666666668,1.0
8,1454,393.44444444444446,19.77777777777778,384.44444444444446,12.777777777777779,402.44444444444446,26.77777777777778,1.0
8,1455,394.22222222222223,19.88888888888889,385.22222222222223,12.88888888888889,403.22222222222223,26.88888888888889,1.0
8,1456,395.0,20.0,386.0,13.0,404.0,27.0,1.0
8,1457,395.0,18.5,386.0,11.5,404.0,25.5,1.0
8,1458,395.0,17.0,386.0,10.0,404.0,24.0,1.0
8,1459,395.0,15.500000000000002,386.0,8.500000000000002,404.0,22.5,1.0
8,1460,395.0,14.0,386.0,7.0,404.0,21.0,1.0
8,1461,396.66666666666674,14.333333333333332,387.66666666666674,7.333333333333332,405.66666666666674,21.333333333333332,1.0
8,1462,398.33333333333326,14.666666666666668,389.33333333333326,7.666666666666668,407.33333333333326,21.666666666666668,1.0
8,1463,400.0,15.0,391.0,8.0,409.0,22.0,1.0
8,1464,402.75,19.5,394.5,12.5,411.0,26.5,1.0
8,1465,405.5,24.0,398.0,17.0,413.0,31.0,1.0
8,1466,405.25,24.0,397.0,17.0,413.5,31.0,1.0
8,1467,405.0,24.0,396.0,17.0,414.0,31.0,1.0
8,1468,405.5,22.25,396.5,15.0,414.5,29.5,1.0
8,1469,406.0,20.5,397.0,13.0,415.0,28.0,1.0
9,1413,603.0,4.0,591.0,0.0,615.0,8.0,1.0
9,1414,601.6666666666667,4.666666666666667,590.0,0.0,613.3333333333335,9.333333333333334,1.0
9,1415,600.3333333333333,5.333333333333333,589.0,0.0,611.6666666666665,10.666666666666666,1.0
9,1416,599.0,6.0,588.0,0.0,610.0,12.0,1.0
9,1417,601.0,7.750000000000001,590.0,0.0,612.0,15.500000000000002,1.0
9,1418,603.0,9.5,592.0,0.0,614.0,19.0,1.0
9,1419,602.125,11.125,591.0,1.5,613.25,20.75,1.0
9,1420,601.25,12.75,590.0,3.0,612.5,22.5,1.0
9,1421,600.375,14.375,589.0,4.5,611.75,24.25,1.0
9,1422,599.5,16.0,588.0,6.0,611.0,26.0,1.0
9,1423,600.6666666666667,17.624999999999996,589.25,7.666666666666664,612.0833333333335,27.58333333333333,1.0
9,1424,601.8333333333333,19.25,590.5,9.333333333333332,613.1666666666665,29.166666666666668,1.0
9,1425,603.0,20.875,591.75,11.0,614.25,30.75,1.0
9,1426,604.1666666666667,22.5,593.0,12.666666666666664,615.3333333333335,32.333333333333336,1.0
9,1427,605.3333333333333,24.125,594.25,14.333333333333336,616.4166666666665,33.916666666666664,1.0
9,1428,606.5,25.75,595.5,16.0,617.5,35.5,1.0
9,1429,607.6666666666667,27.375,596.75,17.666666666666664,618.5833333333335,37.083333333333336,1.0
9,1430,608.8333333333333,29.0,598.0,19.333333333333336,619.6666666666665,38.666666666666664,1.0
9,1431,610.0,30.624999999999996,599.25,20.999999999999996,620.75,40.25,1.0
9,1432,611.1666666666667,32.25,600.5,22.666666666666664,621.8333333333335,41.833333333333336,1.0
9,1433,612.3333333333333,33.875,601.75,24.333333333333336,622.9166666666665,43.416666666666664,1.0
9,1434,613.5,35.5,603.0,26.0,624.0,45.0,1.0
9,1435,614.625,37.125,604.5,27.75,624.75,46.5,1.0
9,1436,615.75,38.75,606.0,29.5,625.5,48.0,1.0
9,1437,616.875,40.375,607.5,31.25,626.25,49.5,1.0
9,1438,618.0,42.0,609.0,33.0,627.0,51.0,1.0
9,1439,619.75,42.75,610.25,33.75,629.25,51.75,1.0
9,1440,621.5,43.5,611.5,34.5,631.5,52.5,1.0
9,1441,623.25,44.25,612.75,35.25,633.75,53.25,1.0
9,1442,625.0,45.0,614.0,36.0,636.0,54.0,1.0
9,1443,626.3333333333333,47.0,615.6666666666665,38.0,637.0,56.0,1.0
9,1444,627.6666666666667,49.0,617.3333333333335,40.0,638.0,58.0,1.0
9,1445,629.0,51.0,619.0,42.0,639.0,60.0,1.0
9,1446,628.375,52.875,618.25,43.5,638.5,62.25,1.0
9,1447,627.75,54.75,617.5,45.0,638.0,64.5,1.0
9,1448,627.125,56.625,616.75,46.5,637.5,66.75,1.0
9,1449,626.5,58.5,616.0,48.0,637.0,69.0,1.0
9,1450,626.125,60.75,615.5,50.25,636.75,71.25,1.0
9,1451,625.75,63.0,615.0,52.5,636.5,73.5,1.0
9,1452,625.375,65.25,614.5,54.75,636.25,75.75,1.0
9,1453,625.0,67.5,614.0,57.0,636.0,78.0,1.0
9,1454,628.0,66.0,618.0,56.0,638.0,76.0,1.0
9,1455,631.0,64.5,622.0,55.0,640.0,74.0,1.0
9,1456,631.8333333333333,65.83333333333333,623.6666666666665,56.66666666666666,640.0,75.0,1.0
9,1457,632.6666666666667,67.16666666666667,625.3333333333335,58.33333333333334,640.0,76.0,1.0
9,1458,633.5,68.5,627.0,60.0,640.0,77.0,1.0
9,1459,632.125,70.5,625.25,61.75,639.0,79.25,1.0
9,1460,630.75,72.5,623.5,63.5,638.0,81.5,1.0
9,1461,629.375,74.5,621.75,65.25,637.0,83.75,1.0
9,1462,628.0,76.5,620.0,67.0,636.0,86.0,1.0
9,1463,628.75,78.875,620.5,69.25,637.0,88.5,1.0
9,1464,629.5,81.25,621.0,71.5,638.0,91.0,1.0
9,1465,630.25,83.625,621.5,73.75,639.0,93.5,1.0
9,1466,631.0,86.0,622.0,76.0,640.0,96.0,1.0
9,1467,630.5,86.83333333333334,621.0,76.66666666666669,640.0,97.0,1.0
9,1468,630.0,87.66666666666666,620.0,77.33333333333331,640.0,98.0,1.0
9,1469,629.5,88.5,619.0,78.0,640.0,99.0,1.0
10,755,240.5,25.5,229.0,16.0,252.0,35.0,1.0
10,756,241.0,24.5,229.5,15.0,252.5,34.0,1.0
10,757,241.5,23.5,230.0,14.0,253.0,33.0,1.0
10,758,240.6,23.6,229.2,14.200000000000001,252.0,33.0,1.0
10,759,239.7,23.7,228.39999999999998,14.399999999999999,251.0,33.0,1.0
10,760,238.8,23.8,227.60000000000002,14.600000000000001,250.0,33.0,1.0
10,761,237.89999999999998,23.9,226.79999999999998,14.799999999999999,248.99999999999997,33.0,1.0
10,762,237.0,24.0,226.0,15.0,248.0,33.0,1.0
10,763,235.33333333333331,23.5,224.0,15.0,246.66666666666663,32.0,1.0
10,764,233.66666666666669,23.0,222.0,15.0,245.33333333333337,31.0,1.0
10,765,232.0,22.5,220.0,15.0,244.0,30.0,1.0
10,766,231.66666666666669,21.333333333333332,220.33333333333337,13.333333333333332,243.0,29.333333333333332,1.0
10,767,231.33333333333331,20.166666666666668,220.66666666666663,11.666666666666668,242.0,28.666666666666668,1.0
10,768,231.0,19.0,221.0,10.0,241.0,28.0,1.0
10,769,232.5,16.5,223.0,6.0,242.0,27.0,1.0
10,770,235.66666666666669,15.16666666666667,226.33333333333337,4.66666666666667,245.0,25.66666666666667,1.0
10,771,238.83333333333331,13.833333333333332,229.66666666666663,3.333333333333332,248.0,24.333333333333332,1.0
10,772,242.0,12.5,233.0,2.0,251.0,23.0,1.0
10,773,242.375,11.5,233.5,1.5,251.25,21.5,1.0
10,774,242.75,10.5,234.0,1.0,251.5,20.0,1.0
10,775,243.125,9.5,234.5,0.5,251.75,18.5,1.0
10,776,243.5,8.5,235.0,0.0,252.0,17.0,1.0
10,777,241.875,7.625,233.0,0.0,250.75,15.25,1.0
10,778,240.25,6.75,231.0,0.0,249.5,13.5,1.0
10,779,238.625,5.875,229.0,0.0,248.25,11.75,1.0
10,780,237.0,5.0,227.0,0.0,247.0,10.0,1.0
10,781,235.0,5.5,224.0,0.0,246.0,11.0,1.0
10,782,233.0,6.0,221.0,0.0,245.0,12.0,1.0
10,783,232.5,7.5,221.0,0.0,244.0,15.0,1.0
10,784,231.0,7.0,220.0,0.0,242.0,14.0,1.0
10,785,229.5,6.5,219.0,0.0,240.0,13.0,1.0
10,786,229.0,5.5,217.0,0.0,241.0,11.0,1.0
10,787,227.5,5.5,215.5,0.0,239.5,11.0,1.0
10,788,226.0,5.5,214.0,0.0,238.0,11.0,1.0
10,789,224.91666666666669,5.416666666666667,213.0,0.0,236.83333333333337,10.833333333333334,1.0
10,790,223.83333333333331,5.333333333333333,212.0,0.0,235.66666666666663,10.666666666666666,1.0
10,791,222.75,5.25,211.0,0.0,234.5,10.5,1.0
10,792,221.66666666666669,5.166666666666667,210.0,0.0,233.33333333333337,10.333333333333334,1.0
10,793,220.58333333333331,5.083333333333333,209.0,0.0,232.16666666666663,10.166666666666666,1.0
10,794,219.5,5.0,208.0,0.0,231.0,10.0,1.0
10,795,218.7,5.2,207.2,0.0,230.2,10.4,1.0
10,796,217.89999999999998,5.4,206.39999999999998,0.0,229.39999999999998,10.8,1.0
10,797,217.10000000000002,5.6,205.60000000000002,0.0,228.60000000000002,11.2,1.0
10,798,216.3,5.8,204.8,0.0,227.8,11.6,1.0
10,799,215.5,6.0,204.0,0.0,227.0,12.0,1.0
10,800,215.5,8.0,204.4,1.4000000000000004,226.6,14.6,1.0
10,801,215.5,10.0,204.8,2.8000000000000007,226.2,17.2,1.0
10,802,215.5,12.0,205.2,4.199999999999999,225.8,19.8,1.0
10,803,215.5,14.0,205.6,5.600000000000001,225.4,22.4,1.0
10,804,215.5,16.0,206.0,7.0,225.0,25.0,1.0
10,805,214.25,17.25,204.0,8.0,224.5,26.5,1.0
10,806,213.0,18.5,202.0,9.0,224.0,28.0,1.0
10,807,211.5,18.666666666666664,200.0,9.666666666666664,223.0,27.666666666666664,1.0
10,808,210.0,18.833333333333336,198.0,10.333333333333336,222.0,27.333333333333336,1.0
10,809,208.5,19.0,196.0,11.0,221.0,27.0,1.0
10,810,209.25,16.5,197.25,8.25,221.25,24.75,1.0
10,811,210.0,14.0,198.5,5.5,221.5,22.5,1.0
10,812,210.75,11.5,199.75,2.75,221.75,20.25,1.0
10,813,211.5,9.0,201.0,0.0,222.0,18.0,1.0
10,814,210.28571428571428,8.285714285714286,199.42857142857142,0.0,221.14285714285714,16.571428571428573,1.0
10,815,209.07142857142856,7.571428571428571,197.85714285714283,0.0,220.28571428571428,15.142857142857142,1.0
10,816,207.85714285714283,6.857142857142858,196.28571428571428,0.0,219.4285714285714,13.714285714285715,1.0
10,817,206.64285714285717,6.142857142857143,194.71428571428572,0.0,218.5714285714286,12.285714285714286,1.0
10,818,205.42857142857144,5.428571428571429,193.14285714285717,0.0,217.71428571428572,10.857142857142858,1.0
10,819,204.21428571428572,4.714285714285714,191.57142857142858,0.0,216.85714285714286,9.428571428571429,1.0
10,820,203.0,4.0,190.0,0.0,216.0,8.0,1.0
10,821,201.5,3.75,188.5,0.0,214.5,7.5,1.0
10,822,200.0,3.5,187.0,0.0,213.0,7.0,1.0
11,755,620.5,191.5,610.0,182.0,631.0,201.0,1.0
11,756,622.0,191.5,613.0,182.0,631.0,201.0,1.0
11,757,624.0,195.5,615.0,186.0,633.0,205.0,1.0
11,758,624.5,200.5,615.0,192.0,634.0,209.0,1.0
11,759,627.5,198.5,618.0,189.5,637.0,207.5,1.0
11,760,630.5,196.5,621.0,187.0,640.0,206.0,1.0
11,761,630.8333333333333,193.66666666666669,621.6666666666665,184.33333333333337,640.0,203.0,1.0
11,762,631.1666666666667,190.83333333333331,622.3333333333335,181.66666666666663,640.0,200.0,1.0
11,763,631.5,188.0,623.0,179.0,640.0,197.0,1.0
11,764,633.0,188.0,626.0,180.0,640.0,196.0,1.0
11,765,633.875,186.625,627.75,178.75,640.0,194.5,1.0
11,766,634.75,185.25,629.5,177.5,640.0,193.0,1.0
11,767,635.625,183.875,631.25,176.25,640.0,191.5,1.0
11,768,636.5,182.5,633.0,175.0,640.0,190.0,1.0
11,769,637.5,182.0,635.0,175.0,640.0,189.0,1.0
