track_id,frame,cx,cy,x1,y1,x2,y2,conf
1,0,392.0,90.0,379.0,79.0,405.0,101.0,1.0
1,1,392.0,90.0,379.0,79.0,405.0,101.0,1.0
1,2,392.0,90.0,379.0,79.0,405.0,101.0,1.0
1,3,392.0,90.0,379.0,79.0,405.0,101.0,1.0
1,4,392.0,90.0,379.0,79.0,405.0,101.0,1.0
1,5,392.0,90.0,379.0,79.0,405.0,101.0,1.0
1,6,392.0,90.0,379.0,79.0,405.0,101.0,1.0
1,7,392.0,90.0,379.0,79.0,405.0,101.0,1.0
1,8,392.0,90.0,379.0,79.0,405.0,101.0,1.0
1,9,392.0,90.0,379.0,79.0,405.0,101.0,1.0
1,10,392.0,90.0,379.0,79.0,405.0,101.0,1.0
1,11,392.0,90.0,379.0,79.0,405.0,101.0,1.0
1,12,392.0,90.0,379.0,79.0,405.0,101.0,1.0
1,13,392.0,90.0,379.0,79.0,405.0,101.0,1.0
1,14,392.0,90.0,379.0,79.0,405.0,101.0,1.0
1,15,392.0,90.0,379.0,79.0,405.0,101.0,1.0
1,16,392.0,90.0,379.0,79.0,405.0,101.0,1.0
1,17,392.0,90.0,379.0,79.0,405.0,101.0,1.0
1,18,392.0,90.0,379.0,79.0,405.0,101.0,1.0
1,19,392.0,90.0,379.0,79.0,405.0,101.0,1.0
1,20,392.0,90.0,379.0,79.0,405.0,101.0,1.0
1,21,392.0,90.0,379.0,79.0,405.0,101.0,1.0
1,22,392.0,90.0,379.0,79.0,405.0,101.0,1.0
1,23,392.0,90.0,379.0,79.0,405.0,101.0,1.0
1,24,392.0,90.0,379.0,79.0,405.0,101.0,1.0
1,25,392.0,90.0,379.0,79.0,405.0,101.0,1.0
1,26,392.0,90.0,379.0,79.0,405.0,101.0,1.0
1,27,392.0,90.0,379.0,79.0,405.0,101.0,1.0
1,28,392.0,90.0,379.0,79.0,405.0,101.0,1.0
1,29,392.0,90.0,379.0,79.0,405.0,101.0,1.0
1,30,392.0,90.0,379.0,79.0,405.0,101.0,1.0
1,31,392.0,90.0,379.0,79.0,405.0,101.0,1.0
1,32,392.0,90.0,379.0,79.0,405.0,101.0,1.0
1,33,392.0,90.0,379.0,79.0,405.0,101.0,1.0
1,34,392.0,90.0,379.0,79.0,405.0,101.0,1.0
1,35,392.0,90.0,379.0,79.0,405.0,101.0,1.0
1,36,392.0,90.0,379.0,79.0,405.0,101.0,1.0
1,37,392.0,90.0,379.0,79.0,405.0,101.0,1.0
1,38,392.0,90.0,379.0,79.0,405.0,101.0,1.0
1,39,392.0,90.0,379.0,79.0,405.0,101.0,1.0
1,40,392.0,90.0,379.0,79.0,405.0,101.0,1.0
1,41,392.0,90.0,379.0,79.0,405.0,101.0,1.0
1,42,392.0,90.0,379.0,79.0,405.0,101.0,1.0
1,43,392.0,90.0,379.0,79.0,405.0,101.0,1.0
1,44,392.0,90.0,379.0,79.0,405.0,101.0,1.0
1,45,392.0,90.0,379.0,79.0,405.0,101.0,1.0
1,46,392.0,90.0,379.0,79.0,405.0,101.0,1.0
1,47,392.0,90.0,379.0,79.0,405.0,101.0,1.0
1,48,392.0,90.0,379.0,79.0,405.0,101.0,1.0
1,49,392.0,90.0,379.0,79.0,405.0,101.0,1.0
1,50,392.0,90.0,379.0,79.0,405.0,101.0,1.0
1,51,392.0,90.0,379.0,79.0,405.0,101.0,1.0
1,52,392.0,90.0,379.0,79.0,405.0,101.0,1.0
1,53,392.0,90.0,379.0,79.0,405.0,101.0,1.0
1,54,392.0,90.0,379.0,79.0,405.0,101.0,1.0
1,55,392.0,90.0,379.0,79.0,405.0,101.0,1.0
1,56,392.0,90.0,379.0,79.0,405.0,101.0,1.0
1,57,392.0,90.0,379.0,79.0,405.0,101.0,1.0
1,58,392.0,90.0,379.0,79.0,405.0,101.0,1.0
1,59,392.0,90.0,379.0,79.0,405.0,101.0,1.0
1,60,392.0,90.0,379.0,79.0,405.0,101.0,1.0
1,61,392.0,90.0,379.0,79.0,405.0,101.0,1.0
1,62,392.0,90.0,379.0,79.0,405.0,101.0,1.0
1,63,392.0,90.0,379.0,79.0,405.0,101.0,1.0
1,64,392.0,90.0,379.0,79.0,405.0,101.0,1.0
1,65,392.0,90.0,379.0,79.0,405.0,101.0,1.0
1,66,392.0,90.0,379.0,79.0,405.0,101.0,1.0
1,67,392.0,90.0,379.0,79.0,405.0,101.0,1.0
1,68,392.0,90.0,379.0,79.0,405.0,101.0,1.0
1,69,392.0,90.0,379.0,79.0,405.0,101.0,1.0
1,70,392.0,90.0,379.0,79.0,405.0,101.0,1.0
1,71,392.0,90.0,379.0,79.0,405.0,101.0,1.0
1,72,392.0,90.0,379.0,79.0,405.0,101.0,1.0
1,73,392.0,90.0,379.0,79.0,405.0,101.0,1.0
1,74,392.0,90.0,379.0,79.0,405.0,101.0,1.0
1,75,392.0,90.0,379.0,79.0,405.0,101.0,1.0
1,76,392.0,90.0,379.0,79.0,405.0,101.0,1.0
1,77,392.0,90.0,379.0,79.0,405.0,101.0,1.0
1,78,392.0,90.0,379.0,79.0,405.0,101.0,1.0
1,79,392.0,90.0,379.0,79.0,405.0,101.0,1.0
1,80,392.0,90.0,379.0,79.0,405.0,101.0,1.0
1,81,392.0,90.0,379.0,79.0,405.0,101.0,1.0
1,82,392.0,90.0,379.0,79.0,405.0,101.0,1.0
1,83,392.0,90.0,379.0,79.0,405.0,101.0,1.0
1,84,392.0,90.0,379.0,79.0,405.0,101.0,1.0
1,85,392.0,90.0,379.0,79.0,405.0,101.0,1.0
1,86,392.0,90.0,379.0,79.0,405.0,101.0,1.0
1,87,392.0,90.0,379.0,79.0,405.0,101.0,1.0
1,88,392.0,90.0,379.0,79.0,405.0,101.0,1.0
1,89,392.0,90.0,379.0,79.0,405.0,101.0,1.0
1,90,392.0,90.0,379.0,79.0,405.0,101.0,1.0
1,91,392.0,90.0,379.0,79.0,405.0,101.0,1.0
1,92,392.0,90.0,379.0,79.0,405.0,101.0,1.0
1,93,392.0,90.0,379.0,79.0,405.0,101.0,1.0
1,94,392.0,90.0,379.0,79.0,405.0,101.0,1.0
1,95,392.0,90.0,379.0,79.0,405.0,101.0,1.0
1,96,392.0,90.0,379.0,79.0,405.0,101.0,1.0
1,97,392.0,90.0,379.0,79.0,405.0,101.0,1.0
1,98,392.0,90.0,379.0,79.0,405.0,101.0,1.0
1,99,392.0,90.0,379.0,79.0,405.0,101.0,1.0
1,100,392.0,90.0,379.0,79.0,405.0,101.0,1.0
1,101,392.0,90.0,379.0,79.0,405.0,101.0,1.0
1,102,392.0,90.0,379.0,79.0,405.0,101.0,1.0
1,103,392.0,90.0,379.0,79.0,405.0,101.0,1.0
1,104,392.0,90.0,379.0,79.0,405.0,101.0,1.0
1,105,392.0,90.0,379.0,79.0,405.0,101.0,1.0
1,106,392.0,90.0,379.0,79.0,405.0,101.0,1.0
1,107,392.0,90.0,379.0,79.0,405.0,101.0,1.0
1,108,392.0,90.0,379.0,79.0,405.0,101.0,1.0
1,109,392.0,90.0,379.0,79.0,405.0,101.0,1.0
1,110,392.0,90.0,379.0,79.0,405.0,101.0,1.0
1,111,392.0,90.0,379.0,79.0,405.0,101.0,1.0
1,112,392.0,90.0,379.0,79.0,405.0,101.0,1.0
1,113,392.0,90.0,379.0,79.0,405.0,101.0,1.0
1,114,392.0,90.0,379.0,79.0,405.0,101.0,1.0
1,115,392.0,90.0,379.0,79.0,405.0,101.0,1.0
1,116,392.0,90.0,379.0,79.0,405.0,101.0,1.0
1,117,392.0,90.0,379.0,79.0,405.0,101.0,1.0
1,118,392.0,90.0,379.0,79.0,405.0,101.0,1.0
1,119,392.0,90.0,379.0,79.0,405.0,101.0,1.0
1,120,392.0,90.0,379.0,79.0,405.0,101.0,1.0
1,121,392.0,90.0,379.0,79.0,405.0,101.0,1.0
1,122,392.0,90.0,379.0,79.0,405.0,101.0,1.0
1,123,392.0,90.0,379.0,79.0,405.0,101.0,1.0
1,124,392.0,90.0,379.0,79.0,405.0,101.0,1.0
1,125,392.0,90.0,379.0,79.0,405.0,101.0,1.0
1,126,392.0,90.0,379.0,79.0,405.0,101.0,1.0
1,127,392.0,90.0,379.0,79.0,405.0,101.0,1.0
1,128,392.0,90.0,379.0,79.0,405.0,101.0,1.0
1,129,392.0,90.0,379.0,79.0,405.0,101.0,1.0
1,130,392.0,90.0,379.0,79.0,405.0,101.0,1.0
1,131,392.0,90.0,379.0,79.0,405.0,101.0,1.0
1,132,392.0,90.0,379.0,79.0,405.0,101.0,1.0
1,133,392.0,90.0,379.0,79.0,405.0,101.0,1.0
1,134,392.0,90.0,379.0,79.0,405.0,101.0,1.0
1,135,392.0,90.0,379.0,79.0,405.0,101.0,1.0
1,136,392.0,90.0,379.0,79.0,405.0,101.0,1.0
1,137,392.0,90.0,379.0,79.0,405.0,101.0,1.0
1,138,392.0,90.0,379.0,79.0,405.0,101.0,1.0
1,139,392.0,90.0,379.0,79.0,405.0,101.0,1.0
1,140,392.0,90.0,379.0,79.0,405.0,101.0,1.0
1,141,392.0,90.0,379.0,79.0,405.0,101.0,1.0
1,142,392.0,90.0,379.0,79.0,405.0,101.0,1.0
1,143,392.0,90.0,379.0,79.0,405.0,101.0,1.0
1,144,392.0,90.0,379.0,79.0,405.0,101.0,1.0
1,145,392.0,90.0,379.0,79.0,405.0,101.0,1.0
1,146,392.0,90.0,379.0,79.0,405.0,101.0,1.0
1,147,392.0,90.0,379.0,79.0,405.0,101.0,1.0
1,148,392.0,90.0,379.0,79.0,405.0,101.0,1.0
1,149,392.0,90.0,379.0,79.0,405.0,101.0,1.0
1,150,392.0,90.0,379.0,79.0,405.0,101.0,1.0
1,151,392.0,90.0,379.0,79.0,405.0,101.0,1.0
1,152,392.0,90.0,379.0,79.0,405.0,101.0,1.0
1,153,392.0,90.0,379.0,79.0,405.0,101.0,1.0
1,154,392.0,90.0,379.0,79.0,405.0,101.0,1.0
1,155,392.0,90.0,379.0,79.0,405.0,101.0,1.0
1,156,392.0,90.0,379.0,79.0,405.0,101.0,1.0
1,157,392.0,90.0,379.0,79.0,405.0,101.0,1.0
1,158,392.0,90.0,379.0,79.0,405.0,101.0,1.0
1,159,392.0,90.0,379.0,79.0,405.0,101.0,1.0
1,160,392.0,90.0,379.0,79.0,405.0,101.0,1.0
1,161,392.0,90.0,379.0,79.0,405.0,101.0,1.0
1,162,392.0,90.0,379.0,79.0,405.0,101.0,1.0
1,163,392.0,90.0,379.0,79.0,405.0,101.0,1.0
1,164,392.0,90.0,379.0,79.0,405.0,101.0,1.0
1,165,392.0,90.0,379.0,79.0,405.0,101.0,1.0
1,166,392.0,90.0,379.0,79.0,405.0,101.0,1.0
1,167,392.0,90.0,379.0,79.0,405.0,101.0,1.0
1,168,392.0,90.0,379.0,79.0,405.0,101.0,1.0
1,169,392.0,90.0,379.0,79.0,405.0,101.0,1.0
1,170,392.0,90.0,379.0,79.0,405.0,101.0,1.0
1,171,392.0,90.0,379.0,79.0,405.0,101.0,1.0
1,172,392.0,90.0,379.0,79.0,405.0,101.0,1.0
1,173,392.0,90.0,379.0,79.0,405.0,101.0,1.0
1,174,392.0,90.0,379.0,79.0,405.0,101.0,1.0
1,175,392.0,90.0,379.0,79.0,405.0,101.0,1.0
1,176,392.0,90.0,379.0,79.0,405.0,101.0,1.0
1,177,392.0,90.0,379.0,79.0,405.0,101.0,1.0
1,178,392.0,90.0,379.0,79.0,405.0,101.0,1.0
1,179,392.0,90.0,379.0,79.0,405.0,101.0,1.0
1,180,392.0,90.0,379.0,79.0,405.0,101.0,1.0
1,181,392.0,90.0,379.0,79.0,405.0,101.0,1.0
1,182,392.0,90.0,379.0,79.0,405.0,101.0,1.0
1,183,392.0,90.0,379.0,79.0,405.0,101.0,1.0
1,184,392.0,90.0,379.0,79.0,405.0,101.0,1.0
1,185,392.0,90.0,379.0,79.0,405.0,101.0,1.0
1,186,392.0,90.0,379.0,79.0,405.0,101.0,1.0
1,187,392.0,90.0,379.0,79.0,405.0,101.0,1.0
1,188,392.0,90.0,379.0,79.0,405.0,101.0,1.0
1,189,392.0,90.0,379.0,79.0,405.0,101.0,1.0
1,190,392.0,90.0,379.0,79.0,405.0,101.0,1.0
1,191,392.0,90.0,379.0,79.0,405.0,101.0,1.0
1,192,392.0,90.0,379.0,79.0,405.0,101.0,1.0
1,193,392.0,90.0,379.0,79.0,405.0,101.0,1.0
1,194,392.0,90.0,379.0,79.0,405.0,101.0,1.0
1,195,392.0,90.0,379.0,79.0,405.0,101.0,1.0
1,196,392.0,90.0,379.0,79.0,405.0,101.0,1.0
1,197,392.0,90.0,379.0,79.0,405.0,101.0,1.0
1,198,392.0,90.0,379.0,79.0,405.0,101.0,1.0
1,199,392.0,90.0,379.0,79.0,405.0,101.0,1.0
1,200,392.0,90.0,379.0,79.0,405.0,101.0,1.0
1,201,392.0,90.0,379.0,79.0,405.0,101.0,1.0
1,202,392.0,90.0,379.0,79.0,405.0,101.0,1.0
1,203,392.0,90.0,379.0,79.0,405.0,101.0,1.0
1,204,392.0,90.0,379.0,79.0,405.0,101.0,1.0
1,205,392.0,90.0,379.0,79.0,405.0,101.0,1.0
1,206,392.0,90.0,379.0,79.0,405.0,101.0,1.0
1,207,392.0,90.0,379.0,79.0,405.0,101.0,1.0
1,208,392.0,90.0,379.0,79.0,405.0,101.0,1.0
1,209,392.0,90.0,379.0,79.0,405.0,101.0,1.0
1,210,392.0,90.0,379.0,79.0,405.0,101.0,1.0
1,211,392.0,90.0,379.0,79.0,405.0,101.0,1.0
1,212,392.0,90.0,379.0,79.0,405.0,101.0,1.0
1,213,392.0,90.0,379.0,79.0,405.0,101.0,1.0
1,214,392.0,90.0,379.0,79.0,405.0,101.0,1.0
1,215,392.0,90.0,379.0,79.0,405.0,101.0,1.0
1,216,392.0,90.0,379.0,79.0,405.0,101.0,1.0
1,217,392.0,90.0,379.0,79.0,405.0,101.0,1.0
1,218,392.0,90.0,379.0,79.0,405.0,101.0,1.0
1,219,392.0,90.0,379.0,79.0,405.0,101.0,1.0
1,220,392.0,90.0,379.0,79.0,405.0,101.0,1.0
1,221,392.0,90.0,379.0,79.0,405.0,101.0,1.0
1,222,392.0,90.0,379.0,79.0,405.0,101.0,1.0
1,223,392.0,90.0,379.0,79.0,405.0,101.0,1.0
1,224,392.0,90.0,379.0,79.0,405.0,101.0,1.0
1,225,392.0,90.0,379.0,79.0,405.0,101.0,1.0
1,226,392.0,90.0,379.0,79.0,405.0,101.0,1.0
1,227,392.0,90.0,379.0,79.0,405.0,101.0,1.0
1,228,392.0,90.0,379.0,79.0,405.0,101.0,1.0
1,229,392.0,90.0,379.0,79.0,405.0,101.0,1.0
1,230,392.0,90.0,379.0,79.0,405.0,101.0,1.0
1,231,392.0,90.0,379.0,79.0,405.0,101.0,1.0
1,232,392.0,90.0,379.0,79.0,405.0,101.0,1.0
1,233,392.0,90.0,379.0,79.0,405.0,101.0,1.0
1,234,392.0,90.0,379.0,79.0,405.0,101.0,1.0
1,235,392.0,90.0,379.0,79.0,405.0,101.0,1.0
1,236,392.0,90.0,379.0,79.0,405.0,101.0,1.0
1,237,392.0,90.0,379.0,79.0,405.0,101.0,1.0
1,238,392.0,90.0,379.0,79.0,405.0,101.0,1.0
1,239,392.0,90.0,379.0,79.0,405.0,101.0,1.0
1,240,392.0,90.0,379.0,79.0,405.0,101.0,1.0
1,241,392.0,90.0,379.0,79.0,405.0,101.0,1.0
1,242,392.0,90.0,379.0,79.0,405.0,101.0,1.0
1,243,392.0,90.0,379.0,79.0,405.0,101.0,1.0
1,244,392.0,90.0,379.0,79.0,405.0,101.0,1.0
1,245,392.0,90.0,379.0,79.0,405.0,101.0,1.0
1,246,392.0,90.0,379.0,79.0,405.0,101.0,1.0
1,247,392.0,90.0,379.0,79.0,405.0,101.0,1.0
1,248,392.0,90.0,379.0,79.0,405.0,101.0,1.0
1,249,392.0,90.0,379.0,79.0,405.0,101.0,1.0
1,250,392.0,90.0,379.0,79.0,405.0,101.0,1.0
1,251,392.0,90.0,379.0,79.0,405.0,101.0,1.0
1,252,392.0,90.0,379.0,79.0,405.0,101.0,1.0
1,253,392.0,90.0,379.0,79.0,405.0,101.0,1.0
1,254,392.0,90.0,379.0,79.0,405.0,101.0,1.0
1,255,392.0,90.0,379.0,79.0,405.0,101.0,1.0
1,256,392.0,90.0,379.0,79.0,405.0,101.0,1.0
1,257,392.0,90.0,379.0,79.0,405.0,101.0,1.0
1,258,392.0,90.0,379.0,79.0,405.0,101.0,1.0
1,259,392.0,90.0,379.0,79.0,405.0,101.0,1.0
1,260,392.0,90.0,379.0,79.0,405.0,101.0,1.0
1,261,392.0,90.0,379.0,79.0,405.0,101.0,1.0
1,262,392.0,90.0,379.0,79.0,405.0,101.0,1.0
1,263,392.0,90.0,379.0,79.0,405.0,101.0,1.0
1,264,392.0,90.0,379.0,79.0,405.0,101.0,1.0
1,265,392.0,90.0,379.0,79.0,405.0,101.0,1.0
1,266,392.0,90.0,379.0,79.0,405.0,101.0,1.0
1,267,392.0,90.0,379.0,79.0,405.0,101.0,1.0
1,268,392.0,90.0,379.0,79.0,405.0,101.0,1.0
1,269,392.0,90.0,379.0,79.0,405.0,101.0,1.0
1,270,392.0,90.0,379.0,79.0,405.0,101.0,1.0
1,271,392.0,90.0,379.0,79.0,405.0,101.0,1.0
1,272,392.0,90.0,379.0,79.0,405.0,101.0,1.0
1,273,392.0,90.0,379.0,79.0,405.0,101.0,1.0
1,274,392.0,90.0,379.0,79.0,405.0,101.0,1.0
1,275,392.0,90.0,379.0,79.0,405.0,101.0,1.0
1,276,392.0,90.0,379.0,79.0,405.0,101.0,1.0
1,277,392.0,90.0,379.0,79.0,405.0,101.0,1.0
1,278,392.0,90.0,379.0,79.0,405.0,101.0,1.0
1,279,392.0,90.0,379.0,79.0,405.0,101.0,1.0
1,280,392.0,90.0,379.0,79.0,405.0,101.0,1.0
1,281,392.0,90.0,379.0,79.0,405.0,101.0,1.0
1,282,392.0,90.0,379.0,79.0,405.0,101.0,1.0
1,283,392.0,90.0,379.0,79.0,405.0,101.0,1.0
1,284,392.0,90.0,379.0,79.0,405.0,101.0,1.0
1,285,392.0,90.0,379.0,79.0,405.0,101.0,1.0
1,286,392.0,90.0,379.0,79.0,405.0,101.0,1.0
1,287,392.0,90.0,379.0,79.0,405.0,101.0,1.0
1,288,392.0,90.0,379.0,79.0,405.0,101.0,1.0
1,289,392.0,90.0,379.0,79.0,405.0,101.0,1.0
1,290,392.0,90.0,379.0,79.0,405.0,101.0,1.0
1,291,392.0,90.0,379.0,79.0,405.0,101.0,1.0
1,292,392.0,90.0,379.0,79.0,405.0,101.0,1.0
1,293,392.0,90.0,379.0,79.0,405.0,101.0,1.0
1,294,392.0,90.0,379.0,79.0,405.0,101.0,1.0
1,295,392.0,90.0,379.0,79.0,405.0,101.0,1.0
1,296,392.0,90.0,379.0,79.0,405.0,101.0,1.0
1,297,392.0,90.0,379.0,79.0,405.0,101.0,1.0
1,298,392.0,90.0,379.0,79.0,405.0,101.0,1.0
1,299,392.0,90.0,379.0,79.0,405.0,101.0,1.0
1,300,392.0,90.0,379.0,79.0,405.0,101.0,1.0
1,301,392.0,90.0,379.0,79.0,405.0,101.0,1.0
1,302,392.0,90.0,379.0,79.0,405.0,101.0,1.0
1,303,392.0,90.0,379.0,79.0,405.0,101.0,1.0
1,304,392.0,90.0,379.0,79.0,405.0,101.0,1.0
1,305,392.0,90.0,379.0,79.0,405.0,101.0,1.0
1,306,392.0,90.0,379.0,79.0,405.0,101.0,1.0
1,307,392.0,90.0,379.0,79.0,405.0,101.0,1.0
1,308,392.0,90.0,379.0,79.0,405.0,101.0,1.0
1,309,392.0,90.0,379.0,79.0,405.0,101.0,1.0
1,310,392.0,90.0,379.0,79.0,405.0,101.0,1.0
1,311,392.0,90.0,379.0,79.0,405.0,101.0,1.0
1,312,392.0,90.0,379.0,79.0,405.0,101.0,1.0
1,313,392.0,90.0,379.0,79.0,405.0,101.0,1.0
1,314,392.0,90.0,379.0,79.0,405.0,101.0,1.0
1,315,392.0,90.0,379.0,79.0,405.0,101.0,1.0
1,316,392.0,90.0,379.0,79.0,405.0,101.0,1.0
1,317,392.0,90.0,379.0,79.0,405.0,101.0,1.0
1,318,392.0,90.0,379.0,79.0,405.0,101.0,1.0
1,319,392.0,90.0,379.0,79.0,405.0,101.0,1.0
1,320,392.0,90.0,379.0,79.0,405.0,101.0,1.0
1,321,392.0,90.0,379.0,79.0,405.0,101.0,1.0
1,322,392.0,90.0,379.0,79.0,405.0,101.0,1.0
1,323,392.0,90.0,379.0,79.0,405.0,101.0,1.0
1,324,392.0,90.0,379.0,79.0,405.0,101.0,1.0
1,325,392.0,90.0,379.0,79.0,405.0,101.0,1.0
1,326,392.0,90.0,379.0,79.0,405.0,101.0,1.0
1,327,392.0,90.0,379.0,79.0,405.0,101.0,1.0
1,328,392.0,90.0,379.0,79.0,405.0,101.0,1.0
1,329,392.0,90.0,379.0,79.0,405.0,101.0,1.0
1,330,392.0,90.0,379.0,79.0,405.0,101.0,1.0
1,331,392.0,90.0,379.0,79.0,405.0,101.0,1.0
1,332,392.0,90.0,379.0,79.0,405.0,101.0,1.0
1,333,392.0,90.0,379.0,79.0,405.0,101.0,1.0
1,334,392.0,90.0,379.0,79.0,405.0,101.0,1.0
1,335,392.0,90.0,379.0,79.0,405.0,101.0,1.0
1,336,392.0,90.0,379.0,79.0,405.0,101.0,1.0
1,337,392.0,90.0,379.0,79.0,405.0,101.0,1.0
1,338,392.0,90.0,379.0,79.0,405.0,101.0,1.0
1,339,392.0,90.0,379.0,79.0,405.0,101.0,1.0
1,340,392.0,90.0,379.0,79.0,405.0,101.0,1.0
1,341,392.0,90.0,379.0,79.0,405.0,101.0,1.0
1,342,392.0,90.0,379.0,79.0,405.0,101.0,1.0
1,343,392.0,90.0,379.0,79.0,405.0,101.0,1.0
1,344,392.0,90.0,379.0,79.0,405.0,101.0,1.0
1,345,392.0,90.0,379.0,79.0,405.0,101.0,1.0
1,346,392.0,90.0,379.0,79.0,405.0,101.0,1.0
1,347,392.0,90.0,379.0,79.0,405.0,101.0,1.0
1,348,392.0,90.0,379.0,79.0,405.0,101.0,1.0
1,349,392.0,90.0,379.0,79.0,405.0,101.0,1.0
1,350,392.0,90.0,379.0,79.0,405.0,101.0,1.0
1,351,392.0,90.0,379.0,79.0,405.0,101.0,1.0
1,352,392.0,90.0,379.0,79.0,405.0,101.0,1.0
1,353,392.0,90.0,379.0,79.0,405.0,101.0,1.0
1,354,392.0,90.0,379.0,79.0,405.0,101.0,1.0
1,355,392.0,90.0,379.0,79.0,405.0,101.0,1.0
1,356,392.0,90.0,379.0,79.0,405.0,101.0,1.0
1,357,392.0,90.0,379.0,79.0,405.0,101.0,1.0
1,358,392.0,90.0,379.0,79.0,405.0,101.0,1.0
1,359,392.0,90.0,379.0,79.0,405.0,101.0,1.0
1,360,392.0,90.0,379.0,79.0,405.0,101.0,1.0
1,361,392.0,90.0,379.0,79.0,405.0,101.0,1.0
1,362,392.0,90.0,379.0,79.0,405.0,101.0,1.0
1,363,392.0,90.0,379.0,79.0,405.0,101.0,1.0
1,364,392.0,90.0,379.0,79.0,405.0,101.0,1.0
1,365,392.0,90.0,379.0,79.0,405.0,101.0,1.0
1,366,392.0,90.0,379.0,79.0,405.0,101.0,1.0
1,367,392.0,90.0,379.0,79.0,405.0,101.0,1.0
1,368,392.0,90.0,379.0,79.0,405.0,101.0,1.0
1,369,392.0,90.0,379.0,79.0,405.0,101.0,1.0
1,370,392.0,90.0,379.0,79.0,405.0,101.0,1.0
1,371,392.0,90.0,379.0,79.0,405.0,101.0,1.0
1,372,392.0,90.0,379.0,79.0,405.0,101.0,1.0
1,373,392.0,90.0,379.0,79.0,405.0,101.0,1.0
1,374,392.0,90.0,379.0,79.0,405.0,101.0,1.0
1,375,392.0,90.0,379.0,79.0,405.0,101.0,1.0
1,376,392.0,90.0,379.0,79.0,405.0,101.0,1.0
1,377,392.0,90.0,379.0,79.0,405.0,101.0,1.0
1,378,392.0,90.0,379.0,79.0,405.0,101.0,1.0
1,379,392.0,90.0,379.0,79.0,405.0,101.0,1.0
1,380,392.0,90.0,379.0,79.0,405.0,101.0,1.0
1,381,392.0,90.0,379.0,79.0,405.0,101.0,1.0
1,382,392.0,90.0,379.0,79.0,405.0,101.0,1.0
1,383,392.0,90.0,379.0,79.0,405.0,101.0,1.0
1,384,392.0,90.0,379.0,79.0,405.0,101.0,1.0
1,385,392.0,90.0,379.0,79.0,405.0,101.0,1.0
1,386,392.0,90.0,379.0,79.0,405.0,101.0,1.0
1,387,392.0,90.0,379.0,79.0,405.0,101.0,1.0
1,388,392.0,90.0,379.0,79.0,405.0,101.0,1.0
1,389,392.0,90.0,379.0,79.0,405.0,101.0,1.0
1,390,392.0,90.0,379.0,79.0,405.0,101.0,1.0
1,391,392.0,90.0,379.0,79.0,405.0,101.0,1.0
1,392,392.0,90.0,379.0,79.0,405.0,101.0,1.0
1,393,392.0,90.0,379.0,79.0,405.0,101.0,1.0
1,394,392.0,90.0,379.0,79.0,405.0,101.0,1.0
1,395,392.0,90.0,379.0,79.0,405.0,101.0,1.0
1,396,392.0,90.0,379.0,79.0,405.0,101.0,1.0
1,397,392.0,90.0,379.0,79.0,405.0,101.0,1.0
1,398,392.0,90.0,379.0,79.0,405.0,101.0,1.0
1,399,392.0,90.0,379.0,79.0,405.0,101.0,1.0
1,400,392.0,90.0,379.0,79.0,405.0,101.0,1.0
1,401,392.0,90.0,379.0,79.0,405.0,101.0,1.0
1,402,392.0,90.0,379.0,79.0,405.0,101.0,1.0
1,403,392.0,90.0,379.0,79.0,405.0,101.0,1.0
1,404,392.0,90.0,379.0,79.0,405.0,101.0,1.0
1,405,392.0,90.0,379.0,79.0,405.0,101.0,1.0
1,406,392.0,90.0,379.0,79.0,405.0,101.0,1.0
1,407,392.0,90.0,379.0,79.0,405.0,101.0,1.0
1,408,392.0,90.0,379.0,79.0,405.0,101.0,1.0
1,409,392.0,90.0,379.0,79.0,405.0,101.0,1.0
1,410,392.0,90.0,379.0,79.0,405.0,101.0,1.0
1,411,392.0,90.0,379.0,79.0,405.0,101.0,1.0
1,412,392.0,90.0,379.0,79.0,405.0,101.0,1.0
1,413,392.0,90.0,379.0,79.0,405.0,101.0,1.0
1,414,392.0,90.0,379.0,79.0,405.0,101.0,1.0
1,415,392.0,90.0,379.0,79.0,405.0,101.0,1.0
1,416,392.0,90.0,379.0,79.0,405.0,101.0,1.0
1,417,392.0,90.0,379.0,79.0,405.0,101.0,1.0
1,418,392.0,90.0,379.0,79.0,405.0,101.0,1.0
1,419,392.0,90.0,379.0,79.0,405.0,101.0,1.0
1,420,392.0,90.0,379.0,79.0,405.0,101.0,1.0
1,421,392.0,90.0,379.0,79.0,405.0,101.0,1.0
1,422,392.0,90.0,379.0,79.0,405.0,101.0,1.0
1,423,392.0,90.0,379.0,79.0,405.0,101.0,1.0
1,424,392.0,90.0,379.0,79.0,405.0,101.0,1.0
1,425,392.0,90.0,379.0,79.0,405.0,101.0,1.0
1,426,392.0,90.0,379.0,79.0,405.0,101.0,1.0
1,427,392.0,90.0,379.0,79.0,405.0,101.0,1.0
1,428,392.0,90.0,379.0,79.0,405.0,101.0,1.0
1,429,392.0,90.0,379.0,79.0,405.0,101.0,1.0
1,430,392.0,90.0,379.0,79.0,405.0,101.0,1.0
1,431,392.0,90.0,379.0,79.0,405.0,101.0,1.0
1,432,392.0,90.0,379.0,79.0,405.0,101.0,1.0
1,433,392.0,90.0,379.0,79.0,405.0,101.0,1.0
1,434,392.0,90.0,379.0,79.0,405.0,101.0,1.0
1,435,392.0,90.0,379.0,79.0,405.0,101.0,1.0
1,436,392.0,90.0,379.0,79.0,405.0,101.0,1.0
1,437,392.0,90.0,379.0,79.0,405.0,101.0,1.0
1,438,392.0,90.0,379.0,79.0,405.0,101.0,1.0
1,439,392.0,90.0,379.0,79.0,405.0,101.0,1.0
1,440,392.0,90.0,379.0,79.0,405.0,101.0,1.0
1,441,392.0,90.0,379.0,79.0,405.0,101.0,1.0
1,442,392.0,90.0,379.0,79.0,405.0,101.0,1.0
1,443,392.0,90.0,379.0,79.0,405.0,101.0,1.0
1,444,392.0,90.0,379.0,79.0,405.0,101.0,1.0
1,445,392.0,90.0,379.0,79.0,405.0,101.0,1.0
1,446,392.0,90.0,379.0,79.0,405.0,101.0,1.0
1,447,392.0,90.0,379.0,79.0,405.0,101.0,1.0
1,448,392.0,90.0,379.0,79.0,405.0,101.0,1.0
1,449,392.0,90.0,379.0,79.0,405.0,101.0,1.0
1,450,392.0,90.0,379.0,79.0,405.0,101.0,1.0
2,0,117.0,39.0,109.0,30.0,125.0,48.0,1.0
2,1,117.0,39.0,109.0,30.0,125.0,48.0,1.0
2,2,117.0,39.0,109.0,30.0,125.0,48.0,1.0
2,3,117.0,39.0,109.0,30.0,125.0,48.0,1.0
2,4,117.0,39.0,109.0,30.0,125.0,48.0,1.0
2,5,117.0,39.0,109.0,30.0,125.0,48.0,1.0
2,6,117.0,39.0,109.0,30.0,125.0,48.0,1.0
2,7,117.0,39.0,109.0,30.0,125.0,48.0,1.0
2,8,117.0,39.0,109.0,30.0,125.0,48.0,1.0
2,9,117.0,39.0,109.0,30.0,125.0,48.0,1.0
2,10,117.0,39.0,109.0,30.0,125.0,48.0,1.0
2,11,117.0,39.0,109.0,30.0,125.0,48.0,1.0
2,12,117.0,39.0,109.0,30.0,125.0,48.0,1.0
2,13,117.0,39.0,109.0,30.0,125.0,48.0,1.0
2,14,117.0,39.0,109.0,30.0,125.0,48.0,1.0
2,15,117.0,39.0,109.0,30.0,125.0,48.0,1.0
2,16,117.0,39.0,109.0,30.0,125.0,48.0,1.0
2,17,117.0,39.0,109.0,30.0,125.0,48.0,1.0
2,18,117.0,39.0,109.0,30.0,125.0,48.0,1.0
2,19,117.0,39.0,109.0,30.0,125.0,48.0,1.0
2,20,117.0,39.0,109.0,30.0,125.0,48.0,1.0
2,21,117.0,39.0,109.0,30.0,125.0,48.0,1.0
2,22,117.0,39.0,109.0,30.0,125.0,48.0,1.0
2,23,117.0,39.0,109.0,30.0,125.0,48.0,1.0
2,24,117.0,39.0,109.0,30.0,125.0,48.0,1.0
2,25,117.0,39.0,109.0,30.0,125.0,48.0,1.0
2,26,117.0,39.0,109.0,30.0,125.0,48.0,1.0
2,27,117.0,39.0,109.0,30.0,125.0,48.0,1.0
2,28,117.0,39.0,109.0,30.0,125.0,48.0,1.0
2,29,117.0,39.0,109.0,30.0,125.0,48.0,1.0
2,30,117.0,39.0,109.0,30.0,125.0,48.0,1.0
2,31,117.0,39.0,109.0,30.0,125.0,48.0,1.0
2,32,117.0,39.0,109.0,30.0,125.0,48.0,1.0
2,33,117.0,39.0,109.0,30.0,125.0,48.0,1.0
2,34,117.0,39.0,109.0,30.0,125.0,48.0,1.0
2,35,117.0,39.0,109.0,30.0,125.0,48.0,1.0
2,36,117.0,39.0,109.0,30.0,125.0,48.0,1.0
2,37,117.0,39.0,109.0,30.0,125.0,48.0,1.0
2,38,117.0,39.0,109.0,30.0,125.0,48.0,1.0
2,39,117.0,39.0,109.0,30.0,125.0,48.0,1.0
2,40,117.0,39.0,109.0,30.0,125.0,48.0,1.0
2,41,117.0,39.0,109.0,30.0,125.0,48.0,1.0
2,42,117.0,39.0,109.0,30.0,125.0,48.0,1.0
2,43,117.0,39.0,109.0,30.0,125.0,48.0,1.0
2,44,117.0,39.0,109.0,30.0,125.0,48.0,1.0
2,45,117.0,39.0,109.0,30.0,125.0,48.0,1.0
2,46,117.0,39.0,109.0,30.0,125.0,48.0,1.0
2,47,117.0,39.0,109.0,30.0,125.0,48.0,1.0
2,48,117.0,39.0,109.0,30.0,125.0,48.0,1.0
2,49,117.0,39.0,109.0,30.0,125.0,48.0,1.0
2,50,117.0,39.0,109.0,30.0,125.0,48.0,1.0
2,51,117.0,39.0,109.0,30.0,125.0,48.0,1.0
2,52,117.0,39.0,109.0,30.0,125.0,48.0,1.0
2,53,117.0,39.0,109.0,30.0,125.0,48.0,1.0
2,54,117.0,39.0,109.0,30.0,125.0,48.0,1.0
2,55,117.0,39.0,109.0,30.0,125.0,48.0,1.0
2,56,117.0,39.0,109.0,30.0,125.0,48.0,1.0
2,57,117.0,39.0,109.0,30.0,125.0,48.0,1.0
2,58,117.0,39.0,109.0,30.0,125.0,48.0,1.0
2,59,117.0,39.0,109.0,30.0,125.0,48.0,1.0
2,60,117.0,39.0,109.0,30.0,125.0,48.0,1.0
2,61,117.0,39.0,109.0,30.0,125.0,48.0,1.0
2,62,117.0,39.0,109.0,30.0,125.0,48.0,1.0
2,63,117.0,39.0,109.0,30.0,125.0,48.0,1.0
2,64,117.0,39.0,109.0,30.0,125.0,48.0,1.0
2,65,117.0,39.0,109.0,30.0,125.0,48.0,1.0
2,66,117.0,39.0,109.0,30.0,125.0,48.0,1.0
2,67,117.0,39.0,109.0,30.0,125.0,48.0,1.0
2,68,117.0,39.0,109.0,30.0,125.0,48.0,1.0
2,69,117.0,39.0,109.0,30.0,125.0,48.0,1.0
2,70,117.0,39.0,109.0,30.0,125.0,48.0,1.0
2,71,117.0,39.0,109.0,30.0,125.0,48.0,1.0
2,72,117.0,39.0,109.0,30.0,125.0,48.0,1.0
2,73,117.0,39.0,109.0,30.0,125.0,48.0,1.0
2,74,117.0,39.0,109.0,30.0,125.0,48.0,1.0
2,75,117.0,39.0,109.0,30.0,125.0,48.0,1.0
2,76,117.0,39.0,109.0,30.0,125.0,48.0,1.0
2,77,117.0,39.0,109.0,30.0,125.0,48.0,1.0
2,78,117.0,39.0,109.0,30.0,125.0,48.0,1.0
2,79,117.0,39.0,109.0,30.0,125.0,48.0,1.0
2,80,117.0,39.0,109.0,30.0,125.0,48.0,1.0
2,81,117.0,39.0,109.0,30.0,125.0,48.0,1.0
2,82,117.0,39.0,109.0,30.0,125.0,48.0,1.0
2,83,117.0,39.0,109.0,30.0,125.0,48.0,1.0
2,84,117.0,39.0,109.0,30.0,125.0,48.0,1.0
2,85,117.0,39.0,109.0,30.0,125.0,48.0,1.0
2,86,117.0,39.0,109.0,30.0,125.0,48.0,1.0
2,87,117.0,39.0,109.0,30.0,125.0,48.0,1.0
2,88,117.0,39.0,109.0,30.0,125.0,48.0,1.0
2,89,117.0,39.0,109.0,30.0,125.0,48.0,1.0
2,90,117.0,39.0,109.0,30.0,125.0,48.0,1.0
2,91,117.0,39.0,109.0,30.0,125.0,48.0,1.0
2,92,117.0,39.0,109.0,30.0,125.0,48.0,1.0
2,93,117.0,39.0,109.0,30.0,125.0,48.0,1.0
2,94,117.0,39.0,109.0,30.0,125.0,48.0,1.0
2,95,117.0,39.0,109.0,30.0,125.0,48.0,1.0
2,96,117.0,39.0,109.0,30.0,125.0,48.0,1.0
2,97,117.0,39.0,109.0,30.0,125.0,48.0,1.0
2,98,117.0,39.0,109.0,30.0,125.0,48.0,1.0
2,99,117.0,39.0,109.0,30.0,125.0,48.0,1.0
2,100,117.0,39.0,109.0,30.0,125.0,48.0,1.0
2,101,117.0,39.0,109.0,30.0,125.0,48.0,1.0
2,102,117.0,39.0,109.0,30.0,125.0,48.0,1.0
2,103,117.0,39.0,109.0,30.0,125.0,48.0,1.0
2,104,117.0,39.0,109.0,30.0,125.0,48.0,1.0
2,105,117.0,39.0,109.0,30.0,125.0,48.0,1.0
2,106,117.0,39.0,109.0,30.0,125.0,48.0,1.0
2,107,117.0,39.0,109.0,30.0,125.0,48.0,1.0
2,108,117.0,39.0,109.0,30.0,125.0,48.0,1.0
2,109,117.0,39.0,109.0,30.0,125.0,48.0,1.0
2,110,117.0,39.0,109.0,30.0,125.0,48.0,1.0
2,111,117.0,39.0,109.0,30.0,125.0,48.0,1.0
2,112,117.0,39.0,109.0,30.0,125.0,48.0,1.0
2,113,117.0,39.0,109.0,30.0,125.0,48.0,1.0
2,114,117.0,39.0,109.0,30.0,125.0,48.0,1.0
2,115,117.0,39.0,109.0,30.0,125.0,48.0,1.0
2,116,117.0,39.0,109.0,30.0,125.0,48.0,1.0
2,117,117.0,39.0,109.0,30.0,125.0,48.0,1.0
2,118,117.0,39.0,109.0,30.0,125.0,48.0,1.0
2,119,117.0,39.0,109.0,30.0,125.0,48.0,1.0
2,120,117.0,39.0,109.0,30.0,125.0,48.0,1.0
2,121,117.0,39.0,109.0,30.0,125.0,48.0,1.0
2,122,117.0,39.0,109.0,30.0,125.0,48.0,1.0
2,123,117.0,39.0,109.0,30.0,125.0,48.0,1.0
2,124,117.0,39.0,109.0,30.0,125.0,48.0,1.0
2,125,117.0,39.0,109.0,30.0,125.0,48.0,1.0
2,126,117.0,39.0,109.0,30.0,125.0,48.0,1.0
2,127,117.0,39.0,109.0,30.0,125.0,48.0,1.0
2,128,117.0,39.0,109.0,30.0,125.0,48.0,1.0
2,129,117.0,39.0,109.0,30.0,125.0,48.0,1.0
2,130,117.0,39.0,109.0,30.0,125.0,48.0,1.0
2,131,117.0,39.0,109.0,30.0,125.0,48.0,1.0
2,132,117.0,39.0,109.0,30.0,125.0,48.0,1.0
2,133,117.0,39.0,109.0,30.0,125.0,48.0,1.0
2,134,117.0,39.0,109.0,30.0,125.0,48.0,1.0
2,135,117.0,39.0,109.0,30.0,125.0,48.0,1.0
2,136,117.0,39.0,109.0,30.0,125.0,48.0,1.0
2,137,117.0,39.0,109.0,30.0,125.0,48.0,1.0
2,138,117.0,39.0,109.0,30.0,125.0,48.0,1.0
2,139,117.0,39.0,109.0,30.0,125.0,48.0,1.0
2,140,117.0,39.0,109.0,30.0,125.0,48.0,1.0
2,141,117.0,39.0,109.0,30.0,125.0,48.0,1.0
2,142,117.0,39.0,109.0,30.0,125.0,48.0,1.0
2,143,117.0,39.0,109.0,30.0,125.0,48.0,1.0
2,144,117.0,39.0,109.0,30.0,125.0,48.0,1.0
2,145,117.0,39.0,109.0,30.0,125.0,48.0,1.0
2,146,117.0,39.0,109.0,30.0,125.0,48.0,1.0
2,147,117.0,39.0,109.0,30.0,125.0,48.0,1.0
2,148,117.0,39.0,109.0,30.0,125.0,48.0,1.0
2,149,117.0,39.0,109.0,30.0,125.0,48.0,1.0
2,150,117.0,39.0,109.0,30.0,125.0,48.0,1.0
2,151,117.0,39.0,109.0,30.0,125.0,48.0,1.0
2,152,117.0,39.0,109.0,30.0,125.0,48.0,1.0
2,153,117.0,39.0,109.0,30.0,125.0,48.0,1.0
2,154,117.0,39.0,109.0,30.0,125.0,48.0,1.0
2,155,117.0,39.0,109.0,30.0,125.0,48.0,1.0
2,156,117.0,39.0,109.0,30.0,125.0,48.0,1.0
2,157,117.0,39.0,109.0,30.0,125.0,48.0,1.0
2,158,117.0,39.0,109.0,30.0,125.0,48.0,1.0
2,159,117.0,39.0,109.0,30.0,125.0,48.0,1.0
2,160,117.0,39.0,109.0,30.0,125.0,48.0,1.0
2,161,117.0,39.0,109.0,30.0,125.0,48.0,1.0
2,162,117.0,39.0,109.0,30.0,125.0,48.0,1.0
2,163,117.0,39.0,109.0,30.0,125.0,48.0,1.0
2,164,117.0,39.0,109.0,30.0,125.0,48.0,1.0
2,165,117.0,39.0,109.0,30.0,125.0,48.0,1.0
2,166,117.0,39.0,109.0,30.0,125.0,48.0,1.0
2,167,117.0,39.0,109.0,30.0,125.0,48.0,1.0
2,168,117.0,39.0,109.0,30.0,125.0,48.0,1.0
2,169,117.0,39.0,109.0,30.0,125.0,48.0,1.0
2,170,117.0,39.0,109.0,30.0,125.0,48.0,1.0
2,171,117.0,39.0,109.0,30.0,125.0,48.0,1.0
2,172,117.0,39.0,109.0,30.0,125.0,48.0,1.0
2,173,117.0,39.0,109.0,30.0,125.0,48.0,1.0
2,174,117.0,39.0,109.0,30.0,125.0,48.0,1.0
2,175,117.0,39.0,109.0,30.0,125.0,48.0,1.0
2,176,117.0,39.0,109.0,30.0,125.0,48.0,1.0
2,177,117.0,39.0,109.0,30.0,125.0,48.0,1.0
2,178,117.0,39.0,109.0,30.0,125.0,48.0,1.0
2,179,117.0,39.0,109.0,30.0,125.0,48.0,1.0
2,180,117.0,39.0,109.0,30.0,125.0,48.0,1.0
2,181,117.0,39.0,109.0,30.0,125.0,48.0,1.0
2,182,117.0,39.0,109.0,30.0,125.0,48.0,1.0
2,183,117.0,39.0,109.0,30.0,125.0,48.0,1.0
2,184,117.0,39.0,109.0,30.0,125.0,48.0,1.0
2,185,117.0,39.0,109.0,30.0,125.0,48.0,1.0
2,186,117.0,39.0,109.0,30.0,125.0,48.0,1.0
2,187,117.0,39.0,109.0,30.0,125.0,48.0,1.0
2,188,117.0,39.0,109.0,30.0,125.0,48.0,1.0
2,189,117.0,39.0,109.0,30.0,125.0,48.0,1.0
2,190,117.0,39.0,109.0,30.0,125.0,48.0,1.0
2,191,117.0,39.0,109.0,30.0,125.0,48.0,1.0
2,192,117.0,39.0,109.0,30.0,125.0,48.0,1.0
2,193,117.0,39.0,109.0,30.0,125.0,48.0,1.0
2,194,117.0,39.0,109.0,30.0,125.0,48.0,1.0
2,195,117.0,39.0,109.0,30.0,125.0,48.0,1.0
2,196,117.0,39.0,109.0,30.0,125.0,48.0,1.0
2,197,117.0,39.0,109.0,30.0,125.0,48.0,1.0
2,198,117.0,39.0,109.0,30.0,125.0,48.0,1.0
2,199,117.0,39.0,109.0,30.0,125.0,48.0,1.0
2,200,117.0,39.0,109.0,30.0,125.0,48.0,1.0
2,201,117.0,39.0,109.0,30.0,125.0,48.0,1.0
2,202,117.0,39.0,109.0,30.0,125.0,48.0,1.0
2,203,117.0,39.0,109.0,30.0,125.0,48.0,1.0
2,204,117.0,39.0,109.0,30.0,125.0,48.0,1.0
2,205,117.0,39.0,109.0,30.0,125.0,48.0,1.0
2,206,117.0,39.0,109.0,30.0,125.0,48.0,1.0
2,207,117.0,39.0,109.0,30.0,125.0,48.0,1.0
2,208,117.0,39.0,109.0,30.0,125.0,48.0,1.0
2,209,117.0,39.0,109.0,30.0,125.0,48.0,1.0
2,210,117.0,39.0,109.0,30.0,125.0,48.0,1.0
2,211,117.0,39.0,109.0,30.0,125.0,48.0,1.0
2,212,117.0,39.0,109.0,30.0,125.0,48.0,1.0
2,213,117.0,39.0,109.0,30.0,125.0,48.0,1.0
2,214,117.0,39.0,109.0,30.0,125.0,48.0,1.0
2,215,117.0,39.0,109.0,30.0,125.0,48.0,1.0
2,216,117.0,39.0,109.0,30.0,125.0,48.0,1.0
2,217,117.0,39.0,109.0,30.0,125.0,48.0,1.0
2,218,117.0,39.0,109.0,30.0,125.0,48.0,1.0
2,219,117.0,39.0,109.0,30.0,125.0,48.0,1.0
2,220,117.0,39.0,109.0,30.0,125.0,48.0,1.0
2,221,117.0,39.0,109.0,30.0,125.0,48.0,1.0
2,222,117.0,39.0,109.0,30.0,125.0,48.0,1.0
2,223,117.0,39.0,109.0,30.0,125.0,48.0,1.0
2,224,117.0,39.0,109.0,30.0,125.0,48.0,1.0
2,225,117.0,39.0,109.0,30.0,125.0,48.0,1.0
2,226,117.0,39.0,109.0,30.0,125.0,48.0,1.0
2,227,117.0,39.0,109.0,30.0,125.0,48.0,1.0
2,228,117.0,39.0,109.0,30.0,125.0,48.0,1.0
2,229,117.0,39.0,109.0,30.0,125.0,48.0,1.0
2,230,117.0,39.0,109.0,30.0,125.0,48.0,1.0
2,231,117.0,39.0,109.0,30.0,125.0,48.0,1.0
2,232,117.0,39.0,109.0,30.0,125.0,48.0,1.0
2,233,117.0,39.0,109.0,30.0,125.0,48.0,1.0
2,234,117.0,39.0,109.0,30.0,125.0,48.0,1.0
2,235,117.0,39.0,109.0,30.0,125.0,48.0,1.0
2,236,117.0,39.0,109.0,30.0,125.0,48.0,1.0
2,237,117.0,39.0,109.0,30.0,125.0,48.0,1.0
2,238,117.0,39.0,109.0,30.0,125.0,48.0,1.0
2,239,117.0,39.0,109.0,30.0,125.0,48.0,1.0
2,240,117.0,39.0,109.0,30.0,125.0,48.0,1.0
2,241,117.0,39.0,109.0,30.0,125.0,48.0,1.0
2,242,117.0,39.0,109.0,30.0,125.0,48.0,1.0
2,243,117.0,39.0,109.0,30.0,125.0,48.0,1.0
2,244,117.0,39.0,109.0,30.0,125.0,48.0,1.0
2,245,117.0,39.0,109.0,30.0,125.0,48.0,1.0
2,246,117.0,39.0,109.0,30.0,125.0,48.0,1.0
2,247,117.0,39.0,109.0,30.0,125.0,48.0,1.0
2,248,117.0,39.0,109.0,30.0,125.0,48.0,1.0
2,249,117.0,39.0,109.0,30.0,125.0,48.0,1.0
2,250,117.0,39.0,109.0,30.0,125.0,48.0,1.0
2,251,117.0,39.0,109.0,30.0,125.0,48.0,1.0
2,252,117.0,39.0,109.0,30.0,125.0,48.0,1.0
2,253,117.0,39.0,109.0,30.0,125.0,48.0,1.0
2,254,117.0,39.0,109.0,30.0,125.0,48.0,1.0
2,255,117.0,39.0,109.0,30.0,125.0,48.0,1.0
2,256,117.0,39.0,109.0,30.0,125.0,48.0,1.0
2,257,117.0,39.0,109.0,30.0,125.0,48.0,1.0
2,258,117.0,39.0,109.0,30.0,125.0,48.0,1.0
2,259,117.0,39.0,109.0,30.0,125.0,48.0,1.0
2,260,117.0,39.0,109.0,30.0,125.0,48.0,1.0
2,261,117.0,39.0,109.0,30.0,125.0,48.0,1.0
2,262,117.0,39.0,109.0,30.0,125.0,48.0,1.0
2,263,117.0,39.0,109.0,30.0,125.0,48.0,1.0
2,264,117.0,39.0,109.0,30.0,125.0,48.0,1.0
2,265,117.0,39.0,109.0,30.0,125.0,48.0,1.0
2,266,117.0,39.0,109.0,30.0,125.0,48.0,1.0
2,267,117.0,39.0,109.0,30.0,125.0,48.0,1.0
2,268,117.0,39.0,109.0,30.0,125.0,48.0,1.0
2,269,117.0,39.0,109.0,30.0,125.0,48.0,1.0
2,270,117.0,39.0,109.0,30.0,125.0,48.0,1.0
2,271,117.0,39.0,109.0,30.0,125.0,48.0,1.0
2,272,117.0,39.0,109.0,30.0,125.0,48.0,1.0
2,273,117.0,39.0,109.0,30.0,125.0,48.0,1.0
2,274,117.0,39.0,109.0,30.0,125.0,48.0,1.0
2,275,117.0,39.0,109.0,30.0,125.0,48.0,1.0
2,276,117.0,39.0,109.0,30.0,125.0,48.0,1.0
2,277,117.0,39.0,109.0,30.0,125.0,48.0,1.0
2,278,117.0,39.0,109.0,30.0,125.0,48.0,1.0
2,279,117.0,39.0,109.0,30.0,125.0,48.0,1.0
2,280,117.0,39.0,109.0,30.0,125.0,48.0,1.0
2,281,117.0,39.0,109.0,30.0,125.0,48.0,1.0
2,282,117.0,39.0,109.0,30.0,125.0,48.0,1.0
2,283,117.0,39.0,109.0,30.0,125.0,48.0,1.0
2,284,117.0,39.0,109.0,30.0,125.0,48.0,1.0
2,285,117.0,39.0,109.0,30.0,125.0,48.0,1.0
2,286,117.0,39.0,109.0,30.0,125.0,48.0,1.0
2,287,117.0,39.0,109.0,30.0,125.0,48.0,1.0
2,288,117.0,39.0,109.0,30.0,125.0,48.0,1.0
2,289,117.0,39.0,109.0,30.0,125.0,48.0,1.0
2,290,117.0,39.0,109.0,30.0,125.0,48.0,1.0
2,291,117.0,39.0,109.0,30.0,125.0,48.0,1.0
2,292,117.0,39.0,109.0,30.0,125.0,48.0,1.0
2,293,117.0,39.0,109.0,30.0,125.0,48.0,1.0
2,294,117.0,39.0,109.0,30.0,125.0,48.0,1.0
2,295,117.0,39.0,109.0,30.0,125.0,48.0,1.0
2,296,117.0,39.0,109.0,30.0,125.0,48.0,1.0
2,297,117.0,39.0,109.0,30.0,125.0,48.0,1.0
2,298,117.0,39.0,109.0,30.0,125.0,48.0,1.0
2,299,117.0,39.0,109.0,30.0,125.0,48.0,1.0
2,300,117.0,39.0,109.0,30.0,125.0,48.0,1.0
2,301,117.0,39.0,109.0,30.0,125.0,48.0,1.0
2,302,117.0,39.0,109.0,30.0,125.0,48.0,1.0
2,303,117.0,39.0,109.0,30.0,125.0,48.0,1.0
2,304,117.0,39.0,109.0,30.0,125.0,48.0,1.0
2,305,117.0,39.0,109.0,30.0,125.0,48.0,1.0
2,306,117.0,39.0,109.0,30.0,125.0,48.0,1.0
2,307,117.0,39.0,109.0,30.0,125.0,48.0,1.0
2,308,117.0,39.0,109.0,30.0,125.0,48.0,1.0
2,309,117.0,39.0,109.0,30.0,125.0,48.0,1.0
2,310,117.0,39.0,109.0,30.0,125.0,48.0,1.0
2,311,117.0,39.0,109.0,30.0,125.0,48.0,1.0
2,312,117.0,39.0,109.0,30.0,125.0,48.0,1.0
2,313,117.0,39.0,109.0,30.0,125.0,48.0,1.0
2,314,117.0,39.0,109.0,30.0,125.0,48.0,1.0
2,315,117.0,39.0,109.0,30.0,125.0,48.0,1.0
2,316,117.0,39.0,109.0,30.0,125.0,48.0,1.0
2,317,117.0,39.0,109.0,30.0,125.0,48.0,1.0
2,318,117.0,39.0,109.0,30.0,125.0,48.0,1.0
2,319,117.0,39.0,109.0,30.0,125.0,48.0,1.0
2,320,117.0,39.0,109.0,30.0,125.0,48.0,1.0
2,321,117.0,39.0,109.0,30.0,125.0,48.0,1.0
2,322,117.0,39.0,109.0,30.0,125.0,48.0,1.0
2,323,117.0,39.0,109.0,30.0,125.0,48.0,1.0
2,324,117.0,39.0,109.0,30.0,125.0,48.0,1.0
2,325,117.0,39.0,109.0,30.0,125.0,48.0,1.0
2,326,117.0,39.0,109.0,30.0,125.0,48.0,1.0
2,327,117.0,39.0,109.0,30.0,125.0,48.0,1.0
2,328,117.0,39.0,109.0,30.0,125.0,48.0,1.0
2,329,117.0,39.0,109.0,30.0,125.0,48.0,1.0
2,330,117.0,39.0,109.0,30.0,125.0,48.0,1.0
2,331,117.0,39.0,109.0,30.0,125.0,48.0,1.0
2,332,117.0,39.0,109.0,30.0,125.0,48.0,1.0
2,333,117.0,39.0,109.0,30.0,125.0,48.0,1.0
2,334,117.0,39.0,109.0,30.0,125.0,48.0,1.0
2,335,117.0,39.0,109.0,30.0,125.0,48.0,1.0
2,336,117.0,39.0,109.0,30.0,125.0,48.0,1.0
2,337,117.0,39.0,109.0,30.0,125.0,48.0,1.0
2,338,117.0,39.0,109.0,30.0,125.0,48.0,1.0
2,339,117.0,39.0,109.0,30.0,125.0,48.0,1.0
2,340,117.0,39.0,109.0,30.0,125.0,48.0,1.0
2,341,117.0,39.0,109.0,30.0,125.0,48.0,1.0
2,342,117.0,39.0,109.0,30.0,125.0,48.0,1.0
2,343,117.0,39.0,109.0,30.0,125.0,48.0,1.0
2,344,117.0,39.0,109.0,30.0,125.0,48.0,1.0
2,345,117.0,39.0,109.0,30.0,125.0,48.0,1.0
2,346,117.0,39.0,109.0,30.0,125.0,48.0,1.0
2,347,117.0,39.0,109.0,30.0,125.0,48.0,1.0
2,348,117.0,39.0,109.0,30.0,125.0,48.0,1.0
2,349,117.0,39.0,109.0,30.0,125.0,48.0,1.0
2,350,117.0,39.0,109.0,30.0,125.0,48.0,1.0
2,351,117.0,39.0,109.0,30.0,125.0,48.0,1.0
2,352,117.0,39.0,109.0,30.0,125.0,48.0,1.0
2,353,117.0,39.0,109.0,30.0,125.0,48.0,1.0
2,354,117.0,39.0,109.0,30.0,125.0,48.0,1.0
2,355,117.0,39.0,109.0,30.0,125.0,48.0,1.0
2,356,117.0,39.0,109.0,30.0,125.0,48.0,1.0
2,357,117.0,39.0,109.0,30.0,125.0,48.0,1.0
2,358,117.0,39.0,109.0,30.0,125.0,48.0,1.0
2,359,117.0,39.0,109.0,30.0,125.0,48.0,1.0
2,360,117.0,39.0,109.0,30.0,125.0,48.0,1.0
2,361,117.0,39.0,109.0,30.0,125.0,48.0,1.0
2,362,117.0,39.0,109.0,30.0,125.0,48.0,1.0
2,363,117.0,39.0,109.0,30.0,125.0,48.0,1.0
2,364,117.0,39.0,109.0,30.0,125.0,48.0,1.0
2,365,117.0,39.0,109.0,30.0,125.0,48.0,1.0
2,366,117.0,39.0,109.0,30.0,125.0,48.0,1.0
2,367,117.0,39.0,109.0,30.0,125.0,48.0,1.0
2,368,117.0,39.0,109.0,30.0,125.0,48.0,1.0
2,369,117.0,39.0,109.0,30.0,125.0,48.0,1.0
2,370,117.0,39.0,109.0,30.0,125.0,48.0,1.0
2,371,117.0,39.0,109.0,30.0,125.0,48.0,1.0
2,372,117.0,39.0,109.0,30.0,125.0,48.0,1.0
2,373,117.0,39.0,109.0,30.0,125.0,48.0,1.0
2,374,117.0,39.0,109.0,30.0,125.0,48.0,1.0
2,375,117.0,39.0,109.0,30.0,125.0,48.0,1.0
2,376,117.0,39.0,109.0,30.0,125.0,48.0,1.0
2,377,117.0,39.0,109.0,30.0,125.0,48.0,1.0
2,378,117.0,39.0,109.0,30.0,125.0,48.0,1.0
2,379,117.0,39.0,109.0,30.0,125.0,48.0,1.0
2,380,117.0,39.0,109.0,30.0,125.0,48.0,1.0
2,381,117.0,39.0,109.0,30.0,125.0,48.0,1.0
2,382,117.0,39.0,109.0,30.0,125.0,48.0,1.0
2,383,117.0,39.0,109.0,30.0,125.0,48.0,1.0
2,384,117.0,39.0,109.0,30.0,125.0,48.0,1.0
2,385,117.0,39.0,109.0,30.0,125.0,48.0,1.0
2,386,117.0,39.0,109.0,30.0,125.0,48.0,1.0
2,387,117.0,39.0,109.0,30.0,125.0,48.0,1.0
2,388,117.0,39.0,109.0,30.0,125.0,48.0,1.0
2,389,117.0,39.0,109.0,30.0,125.0,48.0,1.0
2,390,117.0,39.0,109.0,30.0,125.0,48.0,1.0
2,391,117.0,39.0,109.0,30.0,125.0,48.0,1.0
2,392,117.0,39.0,109.0,30.0,125.0,48.0,1.0
2,393,117.0,39.0,109.0,30.0,125.0,48.0,1.0
2,394,117.0,39.0,109.0,30.0,125.0,48.0,1.0
2,395,117.0,39.0,109.0,30.0,125.0,48.0,1.0
2,396,117.0,39.0,109.0,30.0,125.0,48.0,1.0
2,397,117.0,39.0,109.0,30.0,125.0,48.0,1.0
2,398,117.0,39.0,109.0,30.0,125.0,48.0,1.0
2,399,117.0,39.0,109.0,30.0,125.0,48.0,1.0
2,400,117.0,39.0,109.0,30.0,125.0,48.0,1.0
2,401,117.0,39.0,109.0,30.0,125.0,48.0,1.0
2,402,117.0,39.0,109.0,30.0,125.0,48.0,1.0
2,403,117.0,39.0,109.0,30.0,125.0,48.0,1.0
2,404,117.0,39.0,109.0,30.0,125.0,48.0,1.0
2,405,117.0,39.0,109.0,30.0,125.0,48.0,1.0
2,406,117.0,39.0,109.0,30.0,125.0,48.0,1.0
2,407,117.0,39.0,109.0,30.0,125.0,48.0,1.0
2,408,117.0,39.0,109.0,30.0,125.0,48.0,1.0
2,409,117.0,39.0,109.0,30.0,125.0,48.0,1.0
2,410,117.0,39.0,109.0,30.0,125.0,48.0,1.0
2,411,117.0,39.0,109.0,30.0,125.0,48.0,1.0
2,412,117.0,39.0,109.0,30.0,125.0,48.0,1.0
2,413,117.0,39.0,109.0,30.0,125.0,48.0,1.0
2,414,117.0,39.0,109.0,30.0,125.0,48.0,1.0
2,415,117.0,39.0,109.0,30.0,125.0,48.0,1.0
2,416,117.0,39.0,109.0,30.0,125.0,48.0,1.0
2,417,117.0,39.0,109.0,30.0,125.0,48.0,1.0
2,418,117.0,39.0,109.0,30.0,125.0,48.0,1.0
2,419,117.0,39.0,109.0,30.0,125.0,48.0,1.0
2,420,117.0,39.0,109.0,30.0,125.0,48.0,1.0
2,421,117.0,39.0,109.0,30.0,125.0,48.0,1.0
2,422,117.0,39.0,109.0,30.0,125.0,48.0,1.0
2,423,117.0,39.0,109.0,30.0,125.0,48.0,1.0
2,424,117.0,39.0,109.0,30.0,125.0,48.0,1.0
2,425,117.0,39.0,109.0,30.0,125.0,48.0,1.0
2,426,117.0,39.0,109.0,30.0,125.0,48.0,1.0
2,427,117.0,39.0,109.0,30.0,125.0,48.0,1.0
2,428,117.0,39.0,109.0,30.0,125.0,48.0,1.0
2,429,117.0,39.0,109.0,30.0,125.0,48.0,1.0
2,430,117.0,39.0,109.0,30.0,125.0,48.0,1.0
2,431,117.0,39.0,109.0,30.0,125.0,48.0,1.0
2,432,117.0,39.0,109.0,30.0,125.0,48.0,1.0
2,433,117.0,39.0,109.0,30.0,125.0,48.0,1.0
2,434,117.0,39.0,109.0,30.0,125.0,48.0,1.0
2,435,117.0,39.0,109.0,30.0,125.0,48.0,1.0
2,436,117.0,39.0,109.0,30.0,125.0,48.0,1.0
2,437,117.0,39.0,109.0,30.0,125.0,48.0,1.0
2,438,117.0,39.0,109.0,30.0,125.0,48.0,1.0
2,439,117.0,39.0,109.0,30.0,125.0,48.0,1.0
2,440,117.0,39.0,109.0,30.0,125.0,48.0,1.0
2,441,117.0,39.0,109.0,30.0,125.0,48.0,1.0
2,442,117.0,39.0,109.0,30.0,125.0,48.0,1.0
2,443,117.0,39.0,109.0,30.0,125.0,48.0,1.0
2,444,117.0,39.0,109.0,30.0,125.0,48.0,1.0
2,445,117.0,39.0,109.0,30.0,125.0,48.0,1.0
2,446,117.0,39.0,109.0,30.0,125.0,48.0,1.0
2,447,117.0,39.0,109.0,30.0,125.0,48.0,1.0
2,448,117.0,39.0,109.0,30.0,125.0,48.0,1.0
2,449,117.0,39.0,109.0,30.0,125.0,48.0,1.0
2,450,117.0,39.0,109.0,30.0,125.0,48.0,1.0
3,0,269.5,182.5,259.0,174.0,280.0,191.0,1.0
3,1,269.5,182.5,259.0,174.0,280.0,191.0,1.0
3,2,269.5,182.5,259.0,174.0,280.0,191.0,1.0
3,3,269.5,182.5,259.0,174.0,280.0,191.0,1.0
3,4,269.5,182.5,259.0,174.0,280.0,191.0,1.0
3,5,269.5,182.5,259.0,174.0,280.0,191.0,1.0
3,6,269.5,182.5,259.0,174.0,280.0,191.0,1.0
3,7,269.5,182.5,259.0,174.0,280.0,191.0,1.0
3,8,269.5,182.5,259.0,174.0,280.0,191.0,1.0
3,9,269.5,182.5,259.0,174.0,280.0,191.0,1.0
3,10,269.5,182.5,259.0,174.0,280.0,191.0,1.0
3,11,269.5,182.5,259.0,174.0,280.0,191.0,1.0
3,12,269.5,182.5,259.0,174.0,280.0,191.0,1.0
3,13,269.5,182.5,259.0,174.0,280.0,191.0,1.0
3,14,269.5,182.5,259.0,174.0,280.0,191.0,1.0
3,15,269.5,182.5,259.0,174.0,280.0,191.0,1.0
3,16,269.5,182.5,259.0,174.0,280.0,191.0,1.0
3,17,269.5,182.5,259.0,174.0,280.0,191.0,1.0
3,18,269.5,182.5,259.0,174.0,280.0,191.0,1.0
3,19,269.5,182.5,259.0,174.0,280.0,191.0,1.0
3,20,269.5,182.5,259.0,174.0,280.0,191.0,1.0
3,21,269.5,182.5,259.0,174.0,280.0,191.0,1.0
3,22,269.5,182.5,259.0,174.0,280.0,191.0,1.0
3,23,269.5,182.5,259.0,174.0,280.0,191.0,1.0
3,24,269.5,182.5,259.0,174.0,280.0,191.0,1.0
3,25,269.5,182.5,259.0,174.0,280.0,191.0,1.0
3,26,269.5,182.5,259.0,174.0,280.0,191.0,1.0
3,27,269.5,182.5,259.0,174.0,280.0,191.0,1.0
3,28,269.5,182.5,259.0,174.0,280.0,191.0,1.0
3,29,269.5,182.5,259.0,174.0,280.0,191.0,1.0
3,30,269.5,182.5,259.0,174.0,280.0,191.0,1.0
3,31,269.5,182.5,259.0,174.0,280.0,191.0,1.0
3,32,269.5,182.5,259.0,174.0,280.0,191.0,1.0
3,33,269.5,182.5,259.0,174.0,280.0,191.0,1.0
3,34,269.5,182.5,259.0,174.0,280.0,191.0,1.0
3,35,269.5,182.5,259.0,174.0,280.0,191.0,1.0
3,36,269.5,182.5,259.0,174.0,280.0,191.0,1.0
3,37,269.5,182.5,259.0,174.0,280.0,191.0,1.0
3,38,269.5,182.5,259.0,174.0,280.0,191.0,1.0
3,39,269.5,182.5,259.0,174.0,280.0,191.0,1.0
3,40,269.5,182.5,259.0,174.0,280.0,191.0,1.0
3,41,269.5,182.5,259.0,174.0,280.0,191.0,1.0
3,42,269.5,182.5,259.0,174.0,280.0,191.0,1.0
3,43,269.5,182.5,259.0,174.0,280.0,191.0,1.0
3,44,269.5,182.5,259.0,174.0,280.0,191.0,1.0
3,45,269.5,182.5,259.0,174.0,280.0,191.0,1.0
3,46,269.5,182.5,259.0,174.0,280.0,191.0,1.0
3,47,269.5,182.5,259.0,174.0,280.0,191.0,1.0
3,48,269.5,182.5,259.0,174.0,280.0,191.0,1.0
3,49,269.5,182.5,259.0,174.0,280.0,191.0,1.0
3,50,269.5,182.5,259.0,174.0,280.0,191.0,1.0
3,51,269.5,182.5,259.0,174.0,280.0,191.0,1.0
3,52,269.5,182.5,259.0,174.0,280.0,191.0,1.0
3,53,269.5,182.5,259.0,174.0,280.0,191.0,1.0
3,54,269.5,182.5,259.0,174.0,280.0,191.0,1.0
3,55,269.5,182.5,259.0,174.0,280.0,191.0,1.0
3,56,269.5,182.5,259.0,174.0,280.0,191.0,1.0
3,57,269.5,182.5,259.0,174.0,280.0,191.0,1.0
3,58,269.5,182.5,259.0,174.0,280.0,191.0,1.0
3,59,269.5,182.5,259.0,174.0,280.0,191.0,1.0
3,60,269.5,182.5,259.0,174.0,280.0,191.0,1.0
3,61,269.5,182.5,259.0,174.0,280.0,191.0,1.0
3,62,269.5,182.5,259.0,174.0,280.0,191.0,1.0
3,63,269.5,182.5,259.0,174.0,280.0,191.0,1.0
3,64,269.5,182.5,259.0,174.0,280.0,191.0,1.0
3,65,269.5,182.5,259.0,174.0,280.0,191.0,1.0
3,66,269.5,182.5,259.0,174.0,280.0,191.0,1.0
3,67,269.5,182.5,259.0,174.0,280.0,191.0,1.0
3,68,269.5,182.5,259.0,174.0,280.0,191.0,1.0
3,69,269.5,182.5,259.0,174.0,280.0,191.0,1.0
3,70,269.5,182.5,259.0,174.0,280.0,191.0,1.0
3,71,269.5,182.5,259.0,174.0,280.0,191.0,1.0
3,72,269.5,182.5,259.0,174.0,280.0,191.0,1.0
3,73,269.5,182.5,259.0,174.0,280.0,191.0,1.0
3,74,269.5,182.5,259.0,174.0,280.0,191.0,1.0
3,75,269.5,182.5,259.0,174.0,280.0,191.0,1.0
3,76,269.5,182.5,259.0,174.0,280.0,191.0,1.0
3,77,269.5,182.5,259.0,174.0,280.0,191.0,1.0
3,78,269.5,182.5,259.0,174.0,280.0,191.0,1.0
3,79,269.5,182.5,259.0,174.0,280.0,191.0,1.0
3,80,269.5,182.5,259.0,174.0,280.0,191.0,1.0
3,81,269.5,182.5,259.0,174.0,280.0,191.0,1.0
3,82,269.5,182.5,259.0,174.0,280.0,191.0,1.0
3,83,269.5,182.5,259.0,174.0,280.0,191.0,1.0
3,84,269.5,182.5,259.0,174.0,280.0,191.0,1.0
3,85,269.5,182.5,259.0,174.0,280.0,191.0,1.0
3,86,269.5,182.5,259.0,174.0,280.0,191.0,1.0
3,87,269.5,182.5,259.0,174.0,280.0,191.0,1.0
3,88,269.5,182.5,259.0,174.0,280.0,191.0,1.0
3,89,269.5,182.5,259.0,174.0,280.0,191.0,1.0
3,90,269.5,182.5,259.0,174.0,280.0,191.0,1.0
3,91,269.5,182.5,259.0,174.0,280.0,191.0,1.0
3,92,269.5,182.5,259.0,174.0,280.0,191.0,1.0
3,93,269.5,182.5,259.0,174.0,280.0,191.0,1.0
3,94,269.5,182.5,259.0,174.0,280.0,191.0,1.0
3,95,269.5,182.5,259.0,174.0,280.0,191.0,1.0
3,96,269.5,182.5,259.0,174.0,280.0,191.0,1.0
3,97,269.5,182.5,259.0,174.0,280.0,191.0,1.0
3,98,269.5,182.5,259.0,174.0,280.0,191.0,1.0
3,99,269.5,182.5,259.0,174.0,280.0,191.0,1.0
3,100,269.5,182.5,259.0,174.0,280.0,191.0,1.0
3,101,269.5,182.5,259.0,174.0,280.0,191.0,1.0
3,102,269.5,182.5,259.0,174.0,280.0,191.0,1.0
3,103,269.5,182.5,259.0,174.0,280.0,191.0,1.0
3,104,269.5,182.5,259.0,174.0,280.0,191.0,1.0
3,105,269.5,182.5,259.0,174.0,280.0,191.0,1.0
3,106,269.5,182.5,259.0,174.0,280.0,191.0,1.0
3,107,269.5,182.5,259.0,174.0,280.0,191.0,1.0
3,108,269.5,182.5,259.0,174.0,280.0,191.0,1.0
3,109,269.5,182.5,259.0,174.0,280.0,191.0,1.0
3,110,269.5,182.5,259.0,174.0,280.0,191.0,1.0
3,111,269.5,182.5,259.0,174.0,280.0,191.0,1.0
3,112,269.5,182.5,259.0,174.0,280.0,191.0,1.0
3,113,269.5,182.5,259.0,174.0,280.0,191.0,1.0
3,114,269.5,182.5,259.0,174.0,280.0,191.0,1.0
3,115,269.5,182.5,259.0,174.0,280.0,191.0,1.0
3,116,269.5,182.5,259.0,174.0,280.0,191.0,1.0
3,117,269.5,182.5,259.0,174.0,280.0,191.0,1.0
3,118,269.5,182.5,259.0,174.0,280.0,191.0,1.0
3,119,269.5,182.5,259.0,174.0,280.0,191.0,1.0
3,120,269.5,182.5,259.0,174.0,280.0,191.0,1.0
3,121,269.5,182.5,259.0,174.0,280.0,191.0,1.0
3,122,269.5,182.5,259.0,174.0,280.0,191.0,1.0
3,123,269.5,182.5,259.0,174.0,280.0,191.0,1.0
3,124,269.5,182.5,259.0,174.0,280.0,191.0,1.0
3,125,269.5,182.5,259.0,174.0,280.0,191.0,1.0
3,126,269.5,182.5,259.0,174.0,280.0,191.0,1.0
3,127,269.5,182.5,259.0,174.0,280.0,191.0,1.0
3,128,269.5,182.5,259.0,174.0,280.0,191.0,1.0
3,129,269.5,182.5,259.0,174.0,280.0,191.0,1.0
3,130,269.5,182.5,259.0,174.0,280.0,191.0,1.0
3,131,269.5,182.5,259.0,174.0,280.0,191.0,1.0
3,132,269.5,182.5,259.0,174.0,280.0,191.0,1.0
3,133,269.5,182.5,259.0,174.0,280.0,191.0,1.0
3,134,269.5,182.5,259.0,174.0,280.0,191.0,1.0
3,135,269.5,182.5,259.0,174.0,280.0,191.0,1.0
3,136,269.5,182.5,259.0,174.0,280.0,191.0,1.0
3,137,269.5,182.5,259.0,174.0,280.0,191.0,1.0
3,138,269.5,182.5,259.0,174.0,280.0,191.0,1.0
3,139,269.5,182.5,259.0,174.0,280.0,191.0,1.0
3,140,269.5,182.5,259.0,174.0,280.0,191.0,1.0
3,141,269.5,182.5,259.0,174.0,280.0,191.0,1.0
3,142,269.5,182.5,259.0,174.0,280.0,191.0,1.0
3,143,269.5,182.5,259.0,174.0,280.0,191.0,1.0
3,144,269.5,182.5,259.0,174.0,280.0,191.0,1.0
3,145,269.5,182.5,259.0,174.0,280.0,191.0,1.0
3,146,269.5,182.5,259.0,174.0,280.0,191.0,1.0
3,147,269.5,182.5,259.0,174.0,280.0,191.0,1.0
3,148,269.5,182.5,259.0,174.0,280.0,191.0,1.0
3,149,269.5,182.5,259.0,174.0,280.0,191.0,1.0
3,150,269.5,182.5,259.0,174.0,280.0,191.0,1.0
3,151,269.5,182.5,259.0,174.0,280.0,191.0,1.0
3,152,269.5,182.5,259.0,174.0,280.0,191.0,1.0
3,153,269.5,182.5,259.0,174.0,280.0,191.0,1.0
3,154,269.5,182.5,259.0,174.0,280.0,191.0,1.0
3,155,269.5,182.5,259.0,174.0,280.0,191.0,1.0
3,156,269.5,182.5,259.0,174.0,280.0,191.0,1.0
3,157,269.5,182.5,259.0,174.0,280.0,191.0,1.0
3,158,269.5,182.5,259.0,174.0,280.0,191.0,1.0
3,159,269.5,182.5,259.0,174.0,280.0,191.0,1.0
3,160,269.5,182.5,259.0,174.0,280.0,191.0,1.0
3,161,269.5,182.5,259.0,174.0,280.0,191.0,1.0
3,162,269.5,182.5,259.0,174.0,280.0,191.0,1.0
3,163,269.5,182.5,259.0,174.0,280.0,191.0,1.0
3,164,269.5,182.5,259.0,174.0,280.0,191.0,1.0
3,165,269.5,182.5,259.0,174.0,280.0,191.0,1.0
3,166,269.5,182.5,259.0,174.0,280.0,191.0,1.0
3,167,269.5,182.5,259.0,174.0,280.0,191.0,1.0
3,168,269.5,182.5,259.0,174.0,280.0,191.0,1.0
3,169,269.5,182.5,259.0,174.0,280.0,191.0,1.0
3,170,269.5,182.5,259.0,174.0,280.0,191.0,1.0
3,171,269.5,182.5,259.0,174.0,280.0,191.0,1.0
3,172,269.5,182.5,259.0,174.0,280.0,191.0,1.0
3,173,269.5,182.5,259.0,174.0,280.0,191.0,1.0
3,174,269.5,182.5,259.0,174.0,280.0,191.0,1.0
3,175,269.5,182.5,259.0,174.0,280.0,191.0,1.0
3,176,269.5,182.5,259.0,174.0,280.0,191.0,1.0
3,177,269.5,182.5,259.0,174.0,280.0,191.0,1.0
3,178,269.5,182.5,259.0,174.0,280.0,191.0,1.0
3,179,269.5,182.5,259.0,174.0,280.0,191.0,1.0
3,180,269.5,182.5,259.0,174.0,280.0,191.0,1.0
3,181,269.5,182.5,259.0,174.0,280.0,191.0,1.0
3,182,269.5,182.5,259.0,174.0,280.0,191.0,1.0
3,183,269.5,182.5,259.0,174.0,280.0,191.0,1.0
3,184,269.5,182.5,259.0,174.0,280.0,191.0,1.0
3,185,269.5,182.5,259.0,174.0,280.0,191.0,1.0
3,186,269.5,182.5,259.0,174.0,280.0,191.0,1.0
3,187,269.5,182.5,259.0,174.0,280.0,191.0,1.0
3,188,269.5,182.5,259.0,174.0,280.0,191.0,1.0
3,189,269.5,182.5,259.0,174.0,280.0,191.0,1.0
3,190,269.5,182.5,259.0,174.0,280.0,191.0,1.0
3,191,269.5,182.5,259.0,174.0,280.0,191.0,1.0
3,192,269.5,182.5,259.0,174.0,280.0,191.0,1.0
3,193,269.5,182.5,259.0,174.0,280.0,191.0,1.0
3,194,269.5,182.5,259.0,174.0,280.0,191.0,1.0
3,195,269.5,182.5,259.0,174.0,280.0,191.0,1.0
3,196,269.5,182.5,259.0,174.0,280.0,191.0,1.0
3,197,269.5,182.5,259.0,174.0,280.0,191.0,1.0
3,198,269.5,182.5,259.0,174.0,280.0,191.0,1.0
3,199,269.5,182.5,259.0,174.0,280.0,191.0,1.0
3,200,269.5,182.5,259.0,174.0,280.0,191.0,1.0
3,201,269.5,182.5,259.0,174.0,280.0,191.0,1.0
3,202,269.5,182.5,259.0,174.0,280.0,191.0,1.0
3,203,269.5,182.5,259.0,174.0,280.0,191.0,1.0
3,204,269.5,182.5,259.0,174.0,280.0,191.0,1.0
3,205,269.5,182.5,259.0,174.0,280.0,191.0,1.0
3,206,269.5,182.5,259.0,174.0,280.0,191.0,1.0
3,207,269.5,182.5,259.0,174.0,280.0,191.0,1.0
3,208,269.5,182.5,259.0,174.0,280.0,191.0,1.0
3,209,269.5,182.5,259.0,174.0,280.0,191.0,1.0
3,210,269.5,182.5,259.0,174.0,280.0,191.0,1.0
3,211,269.5,182.5,259.0,174.0,280.0,191.0,1.0
3,212,269.5,182.5,259.0,174.0,280.0,191.0,1.0
3,213,269.5,182.5,259.0,174.0,280.0,191.0,1.0
3,214,269.5,182.5,259.0,174.0,280.0,191.0,1.0
3,215,269.5,182.5,259.0,174.0,280.0,191.0,1.0
3,216,269.5,182.5,259.0,174.0,280.0,191.0,1.0
3,217,269.5,182.5,259.0,174.0,280.0,191.0,1.0
3,218,269.5,182.5,259.0,174.0,280.0,191.0,1.0
3,219,269.5,182.5,259.0,174.0,280.0,191.0,1.0
3,220,269.5,182.5,259.0,174.0,280.0,191.0,1.0
3,221,269.5,182.5,259.0,174.0,280.0,191.0,1.0
3,222,269.5,182.5,259.0,174.0,280.0,191.0,1.0
3,223,269.5,182.5,259.0,174.0,280.0,191.0,1.0
3,224,269.5,182.5,259.0,174.0,280.0,191.0,1.0
3,225,269.5,182.5,259.0,174.0,280.0,191.0,1.0
3,226,269.5,182.5,259.0,174.0,280.0,191.0,1.0
3,227,269.5,182.5,259.0,174.0,280.0,191.0,1.0
3,228,269.5,182.5,259.0,174.0,280.0,191.0,1.0
3,229,269.5,182.5,259.0,174.0,280.0,191.0,1.0
3,230,269.5,182.5,259.0,174.0,280.0,191.0,1.0
3,231,269.5,182.5,259.0,174.0,280.0,191.0,1.0
3,232,269.5,182.5,259.0,174.0,280.0,191.0,1.0
3,233,269.5,182.5,259.0,174.0,280.0,191.0,1.0
3,234,269.5,182.5,259.0,174.0,280.0,191.0,1.0
3,235,269.5,182.5,259.0,174.0,280.0,191.0,1.0
3,236,269.5,182.5,259.0,174.0,280.0,191.0,1.0
3,237,269.5,182.5,259.0,174.0,280.0,191.0,1.0
3,238,269.5,182.5,259.0,174.0,280.0,191.0,1.0
3,239,269.5,182.5,259.0,174.0,280.0,191.0,1.0
3,240,269.5,182.5,259.0,174.0,280.0,191.0,1.0
3,241,269.5,182.5,259.0,174.0,280.0,191.0,1.0
3,242,269.5,182.5,259.0,174.0,280.0,191.0,1.0
3,243,269.5,182.5,259.0,174.0,280.0,191.0,1.0
3,244,269.5,182.5,259.0,174.0,280.0,191.0,1.0
3,245,269.5,182.5,259.0,174.0,280.0,191.0,1.0
3,246,269.5,182.5,259.0,174.0,280.0,191.0,1.0
3,247,269.5,182.5,259.0,174.0,280.0,191.0,1.0
3,248,269.5,182.5,259.0,174.0,280.0,191.0,1.0
3,249,269.5,182.5,259.0,174.0,280.0,191.0,1.0
3,250,269.5,182.5,259.0,174.0,280.0,191.0,1.0
3,251,269.5,182.5,259.0,174.0,280.0,191.0,1.0
3,252,269.5,182.5,259.0,174.0,280.0,191.0,1.0
3,253,269.5,182.5,259.0,174.0,280.0,191.0,1.0
3,254,269.5,182.5,259.0,174.0,280.0,191.0,1.0
3,255,269.5,182.5,259.0,174.0,280.0,191.0,1.0
3,256,269.5,182.5,259.0,174.0,280.0,191.0,1.0
3,257,269.5,182.5,259.0,174.0,280.0,191.0,1.0
3,258,269.5,182.5,259.0,174.0,280.0,191.0,1.0
3,259,269.5,182.5,259.0,174.0,280.0,191.0,1.0
3,260,269.5,182.5,259.0,174.0,280.0,191.0,1.0
3,261,269.5,182.5,259.0,174.0,280.0,191.0,1.0
3,262,269.5,182.5,259.0,174.0,280.0,191.0,1.0
3,263,269.5,182.5,259.0,174.0,280.0,191.0,1.0
3,264,269.5,182.5,259.0,174.0,280.0,191.0,1.0
3,265,269.5,182.5,259.0,174.0,280.0,191.0,1.0
3,266,269.5,182.5,259.0,174.0,280.0,191.0,1.0
3,267,269.5,182.5,259.0,174.0,280.0,191.0,1.0
3,268,269.5,182.5,259.0,174.0,280.0,191.0,1.0
3,269,269.5,182.5,259.0,174.0,280.0,191.0,1.0
3,270,269.5,182.5,259.0,174.0,280.0,191.0,1.0
3,271,269.5,182.5,259.0,174.0,280.0,191.0,1.0
3,272,269.5,182.5,259.0,174.0,280.0,191.0,1.0
3,273,269.5,182.5,259.0,174.0,280.0,191.0,1.0
3,274,269.5,182.5,259.0,174.0,280.0,191.0,1.0
3,275,269.5,182.5,259.0,174.0,280.0,191.0,1.0
3,276,269.5,182.5,259.0,174.0,280.0,191.0,1.0
3,277,269.5,182.5,259.0,174.0,280.0,191.0,1.0
3,278,269.5,182.5,259.0,174.0,280.0,191.0,1.0
3,279,269.5,182.5,259.0,174.0,280.0,191.0,1.0
3,280,269.5,182.5,259.0,174.0,280.0,191.0,1.0
3,281,269.5,182.5,259.0,174.0,280.0,191.0,1.0
3,282,269.5,182.5,259.0,174.0,280.0,191.0,1.0
3,283,269.5,182.5,259.0,174.0,280.0,191.0,1.0
3,284,269.5,182.5,259.0,174.0,280.0,191.0,1.0
3,285,269.5,182.5,259.0,174.0,280.0,191.0,1.0
3,286,269.5,182.5,259.0,174.0,280.0,191.0,1.0
3,287,269.5,182.5,259.0,174.0,280.0,191.0,1.0
3,288,269.5,182.5,259.0,174.0,280.0,191.0,1.0
3,289,269.5,182.5,259.0,174.0,280.0,191.0,1.0
3,290,269.5,182.5,259.0,174.0,280.0,191.0,1.0
3,291,269.5,182.5,259.0,174.0,280.0,191.0,1.0
3,292,269.5,182.5,259.0,174.0,280.0,191.0,1.0
3,293,269.5,182.5,259.0,174.0,280.0,191.0,1.0
3,294,269.5,182.5,259.0,174.0,280.0,191.0,1.0
3,295,269.5,182.5,259.0,174.0,280.0,191.0,1.0
3,296,269.5,182.5,259.0,174.0,280.0,191.0,1.0
3,297,269.5,182.5,259.0,174.0,280.0,191.0,1.0
3,298,269.5,182.5,259.0,174.0,280.0,191.0,1.0
3,299,269.5,182.5,259.0,174.0,280.0,191.0,1.0
3,300,269.5,182.5,259.0,174.0,280.0,191.0,1.0
3,301,269.5,182.5,259.0,174.0,280.0,191.0,1.0
3,302,269.5,182.5,259.0,174.0,280.0,191.0,1.0
3,303,269.5,182.5,259.0,174.0,280.0,191.0,1.0
3,304,269.5,182.5,259.0,174.0,280.0,191.0,1.0
3,305,269.5,182.5,259.0,174.0,280.0,191.0,1.0
3,306,269.5,182.5,259.0,174.0,280.0,191.0,1.0
3,307,269.5,182.5,259.0,174.0,280.0,191.0,1.0
3,308,269.5,182.5,259.0,174.0,280.0,191.0,1.0
3,309,269.5,182.5,259.0,174.0,280.0,191.0,1.0
3,310,269.5,182.5,259.0,174.0,280.0,191.0,1.0
3,311,269.5,182.5,259.0,174.0,280.0,191.0,1.0
3,312,269.5,182.5,259.0,174.0,280.0,191.0,1.0
3,313,269.5,182.5,259.0,174.0,280.0,191.0,1.0
3,314,269.5,182.5,259.0,174.0,280.0,191.0,1.0
3,315,269.5,182.5,259.0,174.0,280.0,191.0,1.0
3,316,269.5,182.5,259.0,174.0,280.0,191.0,1.0
3,317,269.5,182.5,259.0,174.0,280.0,191.0,1.0
3,318,269.5,182.5,259.0,174.0,280.0,191.0,1.0
3,319,269.5,182.5,259.0,174.0,280.0,191.0,1.0
3,320,269.5,182.5,259.0,174.0,280.0,191.0,1.0
3,321,269.5,182.5,259.0,174.0,280.0,191.0,1.0
3,322,269.5,182.5,259.0,174.0,280.0,191.0,1.0
3,323,269.5,182.5,259.0,174.0,280.0,191.0,1.0
3,324,269.5,182.5,259.0,174.0,280.0,191.0,1.0
3,325,269.5,182.5,259.0,174.0,280.0,191.0,1.0
3,326,269.5,182.5,259.0,174.0,280.0,191.0,1.0
3,327,269.5,182.5,259.0,174.0,280.0,191.0,1.0
3,328,269.5,182.5,259.0,174.0,280.0,191.0,1.0
3,329,269.5,182.5,259.0,174.0,280.0,191.0,1.0
3,330,269.5,182.5,259.0,174.0,280.0,191.0,1.0
3,331,269.5,182.5,259.0,174.0,280.0,191.0,1.0
3,332,269.5,182.5,259.0,174.0,280.0,191.0,1.0
3,333,269.5,182.5,259.0,174.0,280.0,191.0,1.0
3,334,269.5,182.5,259.0,174.0,280.0,191.0,1.0
3,335,269.5,182.5,259.0,174.0,280.0,191.0,1.0
3,336,269.5,182.5,259.0,174.0,280.0,191.0,1.0
3,337,269.5,182.5,259.0,174.0,280.0,191.0,1.0
3,338,269.5,182.5,259.0,174.0,280.0,191.0,1.0
3,339,269.5,182.5,259.0,174.0,280.0,191.0,1.0
3,340,269.5,182.5,259.0,174.0,280.0,191.0,1.0
3,341,269.5,182.5,259.0,174.0,280.0,191.0,1.0
3,342,269.5,182.5,259.0,174.0,280.0,191.0,1.0
3,343,269.5,182.5,259.0,174.0,280.0,191.0,1.0
3,344,269.5,182.5,259.0,174.0,280.0,191.0,1.0
3,345,269.5,182.5,259.0,174.0,280.0,191.0,1.0
3,346,269.5,182.5,259.0,174.0,280.0,191.0,1.0
3,347,269.5,182.5,259.0,174.0,280.0,191.0,1.0
3,348,269.5,182.5,259.0,174.0,280.0,191.0,1.0
3,349,269.5,182.5,259.0,174.0,280.0,191.0,1.0
3,350,269.5,182.5,259.0,174.0,280.0,191.0,1.0
3,351,269.5,182.5,259.0,174.0,280.0,191.0,1.0
3,352,269.5,182.5,259.0,174.0,280.0,191.0,1.0
3,353,269.5,182.5,259.0,174.0,280.0,191.0,1.0
3,354,269.5,182.5,259.0,174.0,280.0,191.0,1.0
3,355,269.5,182.5,259.0,174.0,280.0,191.0,1.0
3,356,269.5,182.5,259.0,174.0,280.0,191.0,1.0
3,357,269.5,182.5,259.0,174.0,280.0,191.0,1.0
3,358,269.5,182.5,259.0,174.0,280.0,191.0,1.0
3,359,269.5,182.5,259.0,174.0,280.0,191.0,1.0
3,360,269.5,182.5,259.0,174.0,280.0,191.0,1.0
3,361,269.5,182.5,259.0,174.0,280.0,191.0,1.0
3,362,269.5,182.5,259.0,174.0,280.0,191.0,1.0
3,363,269.5,182.5,259.0,174.0,280.0,191.0,1.0
3,364,269.5,182.5,259.0,174.0,280.0,191.0,1.0
3,365,269.5,182.5,259.0,174.0,280.0,191.0,1.0
3,366,269.5,182.5,259.0,174.0,280.0,191.0,1.0
3,367,269.5,182.5,259.0,174.0,280.0,191.0,1.0
3,368,269.5,182.5,259.0,174.0,280.0,191.0,1.0
3,369,269.5,182.5,259.0,174.0,280.0,191.0,1.0
3,370,269.5,182.5,259.0,174.0,280.0,191.0,1.0
3,371,269.5,182.5,259.0,174.0,280.0,191.0,1.0
3,372,269.5,182.5,259.0,174.0,280.0,191.0,1.0
3,373,269.5,182.5,259.0,174.0,280.0,191.0,1.0
3,374,269.5,182.5,259.0,174.0,280.0,191.0,1.0
3,375,269.5,182.5,259.0,174.0,280.0,191.0,1.0
3,376,269.5,182.5,259.0,174.0,280.0,191.0,1.0
3,377,269.5,182.5,259.0,174.0,280.0,191.0,1.0
3,378,269.5,182.5,259.0,174.0,280.0,191.0,1.0
3,379,269.5,182.5,259.0,174.0,280.0,191.0,1.0
3,380,269.5,182.5,259.0,174.0,280.0,191.0,1.0
3,381,269.5,182.5,259.0,174.0,280.0,191.0,1.0
3,382,269.5,182.5,259.0,174.0,280.0,191.0,1.0
3,383,269.5,182.5,259.0,174.0,280.0,191.0,1.0
3,384,269.5,182.5,259.0,174.0,280.0,191.0,1.0
3,385,269.5,182.5,259.0,174.0,280.0,191.0,1.0
3,386,269.5,182.5,259.0,174.0,280.0,191.0,1.0
3,387,269.5,182.5,259.0,174.0,280.0,191.0,1.0
3,388,269.5,182.5,259.0,174.0,280.0,191.0,1.0
3,389,269.5,182.5,259.0,174.0,280.0,191.0,1.0
3,390,269.5,182.5,259.0,174.0,280.0,191.0,1.0
3,391,269.5,182.5,259.0,174.0,280.0,191.0,1.0
3,392,269.5,182.5,259.0,174.0,280.0,191.0,1.0
3,393,269.5,182.5,259.0,174.0,280.0,191.0,1.0
3,394,269.5,182.5,259.0,174.0,280.0,191.0,1.0
3,395,269.5,182.5,259.0,174.0,280.0,191.0,1.0
3,396,269.5,182.5,259.0,174.0,280.0,191.0,1.0
3,397,269.5,182.5,259.0,174.0,280.0,191.0,1.0
3,398,269.5,182.5,259.0,174.0,280.0,191.0,1.0
3,399,269.5,182.5,259.0,174.0,280.0,191.0,1.0
3,400,269.5,182.5,259.0,174.0,280.0,191.0,1.0
3,401,269.5,182.5,259.0,174.0,280.0,191.0,1.0
3,402,269.5,182.5,259.0,174.0,280.0,191.0,1.0
3,403,269.5,182.5,259.0,174.0,280.0,191.0,1.0
3,404,269.5,182.5,259.0,174.0,280.0,191.0,1.0
3,405,269.5,182.5,259.0,174.0,280.0,191.0,1.0
3,406,269.5,182.5,259.0,174.0,280.0,191.0,1.0
3,407,269.5,182.5,259.0,174.0,280.0,191.0,1.0
3,408,269.5,182.5,259.0,174.0,280.0,191.0,1.0
3,409,269.5,182.5,259.0,174.0,280.0,191.0,1.0
3,410,269.5,182.5,259.0,174.0,280.0,191.0,1.0
3,411,269.5,182.5,259.0,174.0,280.0,191.0,1.0
3,412,269.5,182.5,259.0,174.0,280.0,191.0,1.0
3,413,269.5,182.5,259.0,174.0,280.0,191.0,1.0
3,414,269.5,182.5,259.0,174.0,280.0,191.0,1.0
3,415,269.5,182.5,259.0,174.0,280.0,191.0,1.0
3,416,269.5,182.5,259.0,174.0,280.0,191.0,1.0
3,417,269.5,182.5,259.0,174.0,280.0,191.0,1.0
3,418,269.5,182.5,259.0,174.0,280.0,191.0,1.0
3,419,269.5,182.5,259.0,174.0,280.0,191.0,1.0
3,420,269.5,182.5,259.0,174.0,280.0,191.0,1.0
3,421,269.5,182.5,259.0,174.0,280.0,191.0,1.0
3,422,269.5,182.5,259.0,174.0,280.0,191.0,1.0
3,423,269.5,182.5,259.0,174.0,280.0,191.0,1.0
3,424,269.5,182.5,259.0,174.0,280.0,191.0,1.0
3,425,269.5,182.5,259.0,174.0,280.0,191.0,1.0
3,426,269.5,182.5,259.0,174.0,280.0,191.0,1.0
3,427,269.5,182.5,259.0,174.0,280.0,191.0,1.0
3,428,269.5,182.5,259.0,174.0,280.0,191.0,1.0
3,429,269.5,182.5,259.0,174.0,280.0,191.0,1.0
3,430,269.5,182.5,259.0,174.0,280.0,191.0,1.0
3,431,269.5,182.5,259.0,174.0,280.0,191.0,1.0
3,432,269.5,182.5,259.0,174.0,280.0,191.0,1.0
3,433,269.5,182.5,259.0,174.0,280.0,191.0,1.0
3,434,269.5,182.5,259.0,174.0,280.0,191.0,1.0
3,435,269.5,182.5,259.0,174.0,280.0,191.0,1.0
3,436,269.5,182.5,259.0,174.0,280.0,191.0,1.0
3,437,269.5,182.5,259.0,174.0,280.0,191.0,1.0
3,438,269.5,182.5,259.0,174.0,280.0,191.0,1.0
3,439,269.5,182.5,259.0,174.0,280.0,191.0,1.0
3,440,269.5,182.5,259.0,174.0,280.0,191.0,1.0
3,441,269.5,182.5,259.0,174.0,280.0,191.0,1.0
3,442,269.5,182.5,259.0,174.0,280.0,191.0,1.0
3,443,269.5,182.5,259.0,174.0,280.0,191.0,1.0
3,444,269.5,182.5,259.0,174.0,280.0,191.0,1.0
3,445,269.5,182.5,259.0,174.0,280.0,191.0,1.0
3,446,269.5,182.5,259.0,174.0,280.0,191.0,1.0
3,447,269.5,182.5,259.0,174.0,280.0,191.0,1.0
3,448,269.5,182.5,259.0,174.0,280.0,191.0,1.0
3,449,269.5,182.5,259.0,174.0,280.0,191.0,1.0
3,450,269.5,182.5,259.0,174.0,280.0,191.0,1.0
4,0,502.5,262.0,491.0,253.0,514.0,271.0,1.0
4,1,502.5,262.0,491.0,253.0,514.0,271.0,1.0
4,2,502.5,262.0,491.0,253.0,514.0,271.0,1.0
4,3,502.5,262.0,491.0,253.0,514.0,271.0,1.0
4,4,502.5,262.0,491.0,253.0,514.0,271.0,1.0
4,5,502.5,262.0,491.0,253.0,514.0,271.0,1.0
4,6,502.5,262.0,491.0,253.0,514.0,271.0,1.0
4,7,502.5,262.0,491.0,253.0,514.0,271.0,1.0
4,8,502.5,262.0,491.0,253.0,514.0,271.0,1.0
4,9,502.5,262.0,491.0,253.0,514.0,271.0,1.0
4,10,502.5,262.0,491.0,253.0,514.0,271.0,1.0
4,11,502.5,262.0,491.0,253.0,514.0,271.0,1.0
4,12,502.5,262.0,491.0,253.0,514.0,271.0,1.0
4,13,502.5,262.0,491.0,253.0,514.0,271.0,1.0
4,14,502.5,262.0,491.0,253.0,514.0,271.0,1.0
4,15,502.5,262.0,491.0,253.0,514.0,271.0,1.0
4,16,502.5,262.0,491.0,253.0,514.0,271.0,1.0
4,17,502.5,262.0,491.0,253.0,514.0,271.0,1.0
4,18,502.5,262.0,491.0,253.0,514.0,271.0,1.0
4,19,502.5,262.0,491.0,253.0,514.0,271.0,1.0
4,20,502.5,262.0,491.0,253.0,514.0,271.0,1.0
4,21,502.5,262.0,491.0,253.0,514.0,271.0,1.0
4,22,502.5,262.0,491.0,253.0,514.0,271.0,1.0
4,23,502.5,262.0,491.0,253.0,514.0,271.0,1.0
4,24,502.5,262.0,491.0,253.0,514.0,271.0,1.0
4,25,502.5,262.0,491.0,253.0,514.0,271.0,1.0
4,26,502.5,262.0,491.0,253.0,514.0,271.0,1.0
4,27,502.5,262.0,491.0,253.0,514.0,271.0,1.0
4,28,502.5,262.0,491.0,253.0,514.0,271.0,1.0
4,29,502.5,262.0,491.0,253.0,514.0,271.0,1.0
4,30,502.5,262.0,491.0,253.0,514.0,271.0,1.0
4,31,502.5,262.0,491.0,253.0,514.0,271.0,1.0
4,32,502.5,262.0,491.0,253.0,514.0,271.0,1.0
4,33,502.5,262.0,491.0,253.0,514.0,271.0,1.0
4,34,502.5,262.0,491.0,253.0,514.0,271.0,1.0
4,35,502.5,262.0,491.0,253.0,514.0,271.0,1.0
4,36,502.5,262.0,491.0,253.0,514.0,271.0,1.0
4,37,502.5,262.0,491.0,253.0,514.0,271.0,1.0
4,38,502.5,262.0,491.0,253.0,514.0,271.0,1.0
4,39,502.5,262.0,491.0,253.0,514.0,271.0,1.0
4,40,502.5,262.0,491.0,253.0,514.0,271.0,1.0
4,41,502.5,262.0,491.0,253.0,514.0,271.0,1.0
4,42,502.5,262.0,491.0,253.0,514.0,271.0,1.0
4,43,502.5,262.0,491.0,253.0,514.0,271.0,1.0
4,44,502.5,262.0,491.0,253.0,514.0,271.0,1.0
4,45,502.5,262.0,491.0,253.0,514.0,271.0,1.0
4,46,502.5,262.0,491.0,253.0,514.0,271.0,1.0
4,47,502.5,262.0,491.0,253.0,514.0,271.0,1.0
4,48,502.5,262.0,491.0,253.0,514.0,271.0,1.0
4,49,502.5,262.0,491.0,253.0,514.0,271.0,1.0
4,50,502.5,262.0,491.0,253.0,514.0,271.0,1.0
4,51,502.5,262.0,491.0,253.0,514.0,271.0,1.0
4,52,502.5,262.0,491.0,253.0,514.0,271.0,1.0
4,53,502.5,262.0,491.0,253.0,514.0,271.0,1.0
4,54,502.5,262.0,491.0,253.0,514.0,271.0,1.0
4,55,502.5,262.0,491.0,253.0,514.0,271.0,1.0
4,56,502.5,262.0,491.0,253.0,514.0,271.0,1.0
4,57,502.5,262.0,491.0,253.0,514.0,271.0,1.0
4,58,502.5,262.0,491.0,253.0,514.0,271.0,1.0
4,59,502.5,262.0,491.0,253.0,514.0,271.0,1.0
4,60,502.5,262.0,491.0,253.0,514.0,271.0,1.0
4,61,502.5,262.0,491.0,253.0,514.0,271.0,1.0
4,62,502.5,262.0,491.0,253.0,514.0,271.0,1.0
4,63,502.5,262.0,491.0,253.0,514.0,271.0,1.0
4,64,502.5,262.0,491.0,253.0,514.0,271.0,1.0
4,65,502.5,262.0,491.0,253.0,514.0,271.0,1.0
4,66,502.5,262.0,491.0,253.0,514.0,271.0,1.0
4,67,502.5,262.0,491.0,253.0,514.0,271.0,1.0
4,68,502.5,262.0,491.0,253.0,514.0,271.0,1.0
4,69,502.5,262.0,491.0,253.0,514.0,271.0,1.0
4,70,502.5,262.0,491.0,253.0,514.0,271.0,1.0
4,71,502.5,262.0,491.0,253.0,514.0,271.0,1.0
4,72,502.5,262.0,491.0,253.0,514.0,271.0,1.0
4,73,502.5,262.0,491.0,253.0,514.0,271.0,1.0
4,74,502.5,262.0,491.0,253.0,514.0,271.0,1.0
4,75,502.5,262.0,491.0,253.0,514.0,271.0,1.0
4,76,502.5,262.0,491.0,253.0,514.0,271.0,1.0
4,77,502.5,262.0,491.0,253.0,514.0,271.0,1.0
4,78,502.5,262.0,491.0,253.0,514.0,271.0,1.0
4,79,502.5,262.0,491.0,253.0,514.0,271.0,1.0
4,80,502.5,262.0,491.0,253.0,514.0,271.0,1.0
4,81,502.5,262.0,491.0,253.0,514.0,271.0,1.0
4,82,502.5,262.0,491.0,253.0,514.0,271.0,1.0
4,83,502.5,262.0,491.0,253.0,514.0,271.0,1.0
4,84,502.5,262.0,491.0,253.0,514.0,271.0,1.0
4,85,502.5,262.0,491.0,253.0,514.0,271.0,1.0
4,86,502.5,262.0,491.0,253.0,514.0,271.0,1.0
4,87,502.5,262.0,491.0,253.0,514.0,271.0,1.0
4,88,502.5,262.0,491.0,253.0,514.0,271.0,1.0
4,89,502.5,262.0,491.0,253.0,514.0,271.0,1.0
4,90,502.5,262.0,491.0,253.0,514.0,271.0,1.0
4,91,502.5,262.0,491.0,253.0,514.0,271.0,1.0
4,92,502.5,262.0,491.0,253.0,514.0,271.0,1.0
4,93,502.5,262.0,491.0,253.0,514.0,271.0,1.0
4,94,502.5,262.0,491.0,253.0,514.0,271.0,1.0
4,95,502.5,262.0,491.0,253.0,514.0,271.0,1.0
4,96,502.5,262.0,491.0,253.0,514.0,271.0,1.0
4,97,502.5,262.0,491.0,253.0,514.0,271.0,1.0
4,98,502.5,262.0,491.0,253.0,514.0,271.0,1.0
4,99,502.5,262.0,491.0,253.0,514.0,271.0,1.0
4,100,502.5,262.0,491.0,253.0,514.0,271.0,1.0
4,101,502.5,262.0,491.0,253.0,514.0,271.0,1.0
4,102,502.5,262.0,491.0,253.0,514.0,271.0,1.0
4,103,502.5,262.0,491.0,253.0,514.0,271.0,1.0
4,104,502.5,262.0,491.0,253.0,514.0,271.0,1.0
4,105,502.5,262.0,491.0,253.0,514.0,271.0,1.0
4,106,502.5,262.0,491.0,253.0,514.0,271.0,1.0
4,107,502.5,262.0,491.0,253.0,514.0,271.0,1.0
4,108,502.5,262.0,491.0,253.0,514.0,271.0,1.0
4,109,502.5,262.0,491.0,253.0,514.0,271.0,1.0
4,110,502.5,262.0,491.0,253.0,514.0,271.0,1.0
4,111,502.5,262.0,491.0,253.0,514.0,271.0,1.0
4,112,502.5,262.0,491.0,253.0,514.0,271.0,1.0
4,113,502.5,262.0,491.0,253.0,514.0,271.0,1.0
4,114,502.5,262.0,491.0,253.0,514.0,271.0,1.0
4,115,502.5,262.0,491.0,253.0,514.0,271.0,1.0
4,116,502.5,262.0,491.0,253.0,514.0,271.0,1.0
4,117,502.5,262.0,491.0,253.0,514.0,271.0,1.0
4,118,502.5,262.0,491.0,253.0,514.0,271.0,1.0
4,119,502.5,262.0,491.0,253.0,514.0,271.0,1.0
4,120,502.5,262.0,491.0,253.0,514.0,271.0,1.0
4,121,502.5,262.0,491.0,253.0,514.0,271.0,1.0
4,122,502.5,262.0,491.0,253.0,514.0,271.0,1.0
4,123,502.5,262.0,491.0,253.0,514.0,271.0,1.0
4,124,502.5,262.0,491.0,253.0,514.0,271.0,1.0
4,125,502.5,262.0,491.0,253.0,514.0,271.0,1.0
4,126,502.5,262.0,491.0,253.0,514.0,271.0,1.0
4,127,502.5,262.0,491.0,253.0,514.0,271.0,1.0
4,128,502.5,262.0,491.0,253.0,514.0,271.0,1.0
4,129,502.5,262.0,491.0,253.0,514.0,271.0,1.0
4,130,502.5,262.0,491.0,253.0,514.0,271.0,1.0
4,131,502.5,262.0,491.0,253.0,514.0,271.0,1.0
4,132,502.5,262.0,491.0,253.0,514.0,271.0,1.0
4,133,502.5,262.0,491.0,253.0,514.0,271.0,1.0
4,134,502.5,262.0,491.0,253.0,514.0,271.0,1.0
4,135,502.5,262.0,491.0,253.0,514.0,271.0,1.0
4,136,502.5,262.0,491.0,253.0,514.0,271.0,1.0
4,137,502.5,262.0,491.0,253.0,514.0,271.0,1.0
4,138,502.5,262.0,491.0,253.0,514.0,271.0,1.0
4,139,502.5,262.0,491.0,253.0,514.0,271.0,1.0
4,140,502.5,262.0,491.0,253.0,514.0,271.0,1.0
4,141,502.5,262.0,491.0,253.0,514.0,271.0,1.0
4,142,502.5,262.0,491.0,253.0,514.0,271.0,1.0
4,143,502.5,262.0,491.0,253.0,514.0,271.0,1.0
4,144,502.5,262.0,491.0,253.0,514.0,271.0,1.0
4,145,502.5,262.0,491.0,253.0,514.0,271.0,1.0
4,146,502.5,262.0,491.0,253.0,514.0,271.0,1.0
4,147,502.5,262.0,491.0,253.0,514.0,271.0,1.0
4,148,502.5,262.0,491.0,253.0,514.0,271.0,1.0
4,149,502.5,262.0,491.0,253.0,514.0,271.0,1.0
4,150,502.5,262.0,491.0,253.0,514.0,271.0,1.0
4,151,502.5,262.0,491.0,253.0,514.0,271.0,1.0
4,152,502.5,262.0,491.0,253.0,514.0,271.0,1.0
4,153,502.5,262.0,491.0,253.0,514.0,271.0,1.0
4,154,502.5,262.0,491.0,253.0,514.0,271.0,1.0
4,155,502.5,262.0,491.0,253.0,514.0,271.0,1.0
4,156,502.5,262.0,491.0,253.0,514.0,271.0,1.0
4,157,502.5,262.0,491.0,253.0,514.0,271.0,1.0
4,158,502.5,262.0,491.0,253.0,514.0,271.0,1.0
4,159,502.5,262.0,491.0,253.0,514.0,271.0,1.0
4,160,502.5,262.0,491.0,253.0,514.0,271.0,1.0
4,161,502.5,262.0,491.0,253.0,514.0,271.0,1.0
4,162,502.5,262.0,491.0,253.0,514.0,271.0,1.0
4,163,502.5,262.0,491.0,253.0,514.0,271.0,1.0
4,164,502.5,262.0,491.0,253.0,514.0,271.0,1.0
4,165,502.5,262.0,491.0,253.0,514.0,271.0,1.0
4,166,502.5,262.0,491.0,253.0,514.0,271.0,1.0
4,167,502.5,262.0,491.0,253.0,514.0,271.0,1.0
4,168,502.5,262.0,491.0,253.0,514.0,271.0,1.0
4,169,502.5,262.0,491.0,253.0,514.0,271.0,1.0
4,170,502.5,262.0,491.0,253.0,514.0,271.0,1.0
4,171,502.5,262.0,491.0,253.0,514.0,271.0,1.0
4,172,502.5,262.0,491.0,253.0,514.0,271.0,1.0
4,173,502.5,262.0,491.0,253.0,514.0,271.0,1.0
4,174,502.5,262.0,491.0,253.0,514.0,271.0,1.0
4,175,502.5,262.0,491.0,253.0,514.0,271.0,1.0
4,176,502.5,262.0,491.0,253.0,514.0,271.0,1.0
4,177,502.5,262.0,491.0,253.0,514.0,271.0,1.0
4,178,502.5,262.0,491.0,253.0,514.0,271.0,1.0
4,179,502.5,262.0,491.0,253.0,514.0,271.0,1.0
4,180,502.5,262.0,491.0,253.0,514.0,271.0,1.0
4,181,502.5,262.0,491.0,253.0,514.0,271.0,1.0
4,182,502.5,262.0,491.0,253.0,514.0,271.0,1.0
4,183,502.5,262.0,491.0,253.0,514.0,271.0,1.0
4,184,502.5,262.0,491.0,253.0,514.0,271.0,1.0
4,185,502.5,262.0,491.0,253.0,514.0,271.0,1.0
4,186,502.5,262.0,491.0,253.0,514.0,271.0,1.0
4,187,502.5,262.0,491.0,253.0,514.0,271.0,1.0
4,188,502.5,262.0,491.0,253.0,514.0,271.0,1.0
4,189,502.5,262.0,491.0,253.0,514.0,271.0,1.0
4,190,502.5,262.0,491.0,253.0,514.0,271.0,1.0
4,191,502.5,262.0,491.0,253.0,514.0,271.0,1.0
4,192,502.5,262.0,491.0,253.0,514.0,271.0,1.0
4,193,502.5,262.0,491.0,253.0,514.0,271.0,1.0
4,194,502.5,262.0,491.0,253.0,514.0,271.0,1.0
4,195,502.5,262.0,491.0,253.0,514.0,271.0,1.0
4,196,502.5,262.0,491.0,253.0,514.0,271.0,1.0
4,197,502.5,262.0,491.0,253.0,514.0,271.0,1.0
4,198,502.5,262.0,491.0,253.0,514.0,271.0,1.0
4,199,502.5,262.0,491.0,253.0,514.0,271.0,1.0
4,200,502.5,262.0,491.0,253.0,514.0,271.0,1.0
4,201,502.5,262.0,491.0,253.0,514.0,271.0,1.0
4,202,502.5,262.0,491.0,253.0,514.0,271.0,1.0
4,203,502.5,262.0,491.0,253.0,514.0,271.0,1.0
4,204,502.5,262.0,491.0,253.0,514.0,271.0,1.0
4,205,502.5,262.0,491.0,253.0,514.0,271.0,1.0
4,206,502.5,262.0,491.0,253.0,514.0,271.0,1.0
4,207,502.5,262.0,491.0,253.0,514.0,271.0,1.0
4,208,502.5,262.0,491.0,253.0,514.0,271.0,1.0
4,209,502.5,262.0,491.0,253.0,514.0,271.0,1.0
4,210,502.5,262.0,491.0,253.0,514.0,271.0,1.0
4,211,502.5,262.0,491.0,253.0,514.0,271.0,1.0
4,212,502.5,262.0,491.0,253.0,514.0,271.0,1.0
4,213,502.5,262.0,491.0,253.0,514.0,271.0,1.0
4,214,502.5,262.0,491.0,253.0,514.0,271.0,1.0
4,215,502.5,262.0,491.0,253.0,514.0,271.0,1.0
4,216,502.5,262.0,491.0,253.0,514.0,271.0,1.0
4,217,502.5,262.0,491.0,253.0,514.0,271.0,1.0
4,218,502.5,262.0,491.0,253.0,514.0,271.0,1.0
4,219,502.5,262.0,491.0,253.0,514.0,271.0,1.0
4,220,502.5,262.0,491.0,253.0,514.0,271.0,1.0
4,221,502.5,262.0,491.0,253.0,514.0,271.0,1.0
4,222,502.5,262.0,491.0,253.0,514.0,271.0,1.0
4,223,502.5,262.0,491.0,253.0,514.0,271.0,1.0
4,224,502.5,262.0,491.0,253.0,514.0,271.0,1.0
4,225,502.5,262.0,491.0,253.0,514.0,271.0,1.0
4,226,502.5,262.0,491.0,253.0,514.0,271.0,1.0
4,227,502.5,262.0,491.0,253.0,514.0,271.0,1.0
4,228,502.5,262.0,491.0,253.0,514.0,271.0,1.0
4,229,502.5,262.0,491.0,253.0,514.0,271.0,1.0
4,230,502.5,262.0,491.0,253.0,514.0,271.0,1.0
4,231,502.5,262.0,491.0,253.0,514.0,271.0,1.0
4,232,502.5,262.0,491.0,253.0,514.0,271.0,1.0
4,233,502.5,262.0,491.0,253.0,514.0,271.0,1.0
4,234,502.5,262.0,491.0,253.0,514.0,271.0,1.0
4,235,502.5,262.0,491.0,253.0,514.0,271.0,1.0
4,236,502.5,262.0,491.0,253.0,514.0,271.0,1.0
4,237,502.5,262.0,491.0,253.0,514.0,271.0,1.0
4,238,502.5,262.0,491.0,253.0,514.0,271.0,1.0
4,239,502.5,262.0,491.0,253.0,514.0,271.0,1.0
4,240,502.5,262.0,491.0,253.0,514.0,271.0,1.0
4,241,502.5,262.0,491.0,253.0,514.0,271.0,1.0
4,242,502.5,262.0,491.0,253.0,514.0,271.0,1.0
4,243,502.5,262.0,491.0,253.0,514.0,271.0,1.0
4,244,502.5,262.0,491.0,253.0,514.0,271.0,1.0
4,245,502.5,262.0,491.0,253.0,514.0,271.0,1.0
4,246,502.5,262.0,491.0,253.0,514.0,271.0,1.0
4,247,502.5,262.0,491.0,253.0,514.0,271.0,1.0
4,248,502.5,262.0,491.0,253.0,514.0,271.0,1.0
4,249,502.5,262.0,491.0,253.0,514.0,271.0,1.0
4,250,502.5,262.0,491.0,253.0,514.0,271.0,1.0
4,251,502.5,262.0,491.0,253.0,514.0,271.0,1.0
4,252,502.5,262.0,491.0,253.0,514.0,271.0,1.0
4,253,502.5,262.0,491.0,253.0,514.0,271.0,1.0
4,254,502.5,262.0,491.0,253.0,514.0,271.0,1.0
4,255,502.5,262.0,491.0,253.0,514.0,271.0,1.0
4,256,502.5,262.0,491.0,253.0,514.0,271.0,1.0
4,257,502.5,262.0,491.0,253.0,514.0,271.0,1.0
4,258,502.5,262.0,491.0,253.0,514.0,271.0,1.0
4,259,502.5,262.0,491.0,253.0,514.0,271.0,1.0
4,260,502.5,262.0,491.0,253.0,514.0,271.0,1.0
4,261,502.5,262.0,491.0,253.0,514.0,271.0,1.0
4,262,502.5,262.0,491.0,253.0,514.0,271.0,1.0
4,263,502.5,262.0,491.0,253.0,514.0,271.0,1.0
4,264,502.5,262.0,491.0,253.0,514.0,271.0,1.0
4,265,502.5,262.0,491.0,253.0,514.0,271.0,1.0
4,266,502.5,262.0,491.0,253.0,514.0,271.0,1.0
4,267,502.5,262.0,491.0,253.0,514.0,271.0,1.0
4,268,502.5,262.0,491.0,253.0,514.0,271.0,1.0
4,269,502.5,262.0,491.0,253.0,514.0,271.0,1.0
4,270,502.5,262.0,491.0,253.0,514.0,271.0,1.0
4,271,502.5,262.0,491.0,253.0,514.0,271.0,1.0
4,272,502.5,262.0,491.0,253.0,514.0,271.0,1.0
4,273,502.5,262.0,491.0,253.0,514.0,271.0,1.0
4,274,502.5,262.0,491.0,253.0,514.0,271.0,1.0
4,275,502.5,262.0,491.0,253.0,514.0,271.0,1.0
4,276,502.5,262.0,491.0,253.0,514.0,271.0,1.0
4,277,502.5,262.0,491.0,253.0,514.0,271.0,1.0
4,278,502.5,262.0,491.0,253.0,514.0,271.0,1.0
4,279,502.5,262.0,491.0,253.0,514.0,271.0,1.0
4,280,502.5,262.0,491.0,253.0,514.0,271.0,1.0
4,281,502.5,262.0,491.0,253.0,514.0,271.0,1.0
4,282,502.5,262.0,491.0,253.0,514.0,271.0,1.0
4,283,502.5,262.0,491.0,253.0,514.0,271.0,1.0
4,284,502.5,262.0,491.0,253.0,514.0,271.0,1.0
4,285,502.5,262.0,491.0,253.0,514.0,271.0,1.0
4,286,502.5,262.0,491.0,253.0,514.0,271.0,1.0
4,287,502.5,262.0,491.0,253.0,514.0,271.0,1.0
4,288,502.5,262.0,491.0,253.0,514.0,271.0,1.0
4,289,502.5,262.0,491.0,253.0,514.0,271.0,1.0
4,290,502.5,262.0,491.0,253.0,514.0,271.0,1.0
4,291,502.5,262.0,491.0,253.0,514.0,271.0,1.0
4,292,502.5,262.0,491.0,253.0,514.0,271.0,1.0
4,293,502.5,262.0,491.0,253.0,514.0,271.0,1.0
4,294,502.5,262.0,491.0,253.0,514.0,271.0,1.0
4,295,502.5,262.0,491.0,253.0,514.0,271.0,1.0
4,296,502.5,262.0,491.0,253.0,514.0,271.0,1.0
4,297,502.5,262.0,491.0,253.0,514.0,271.0,1.0
4,298,502.5,262.0,491.0,253.0,514.0,271.0,1.0
4,299,502.5,262.0,491.0,253.0,514.0,271.0,1.0
4,300,502.5,262.0,491.0,253.0,514.0,271.0,1.0
4,301,502.5,262.0,491.0,253.0,514.0,271.0,1.0
4,302,502.5,262.0,491.0,253.0,514.0,271.0,1.0
4,303,502.5,262.0,491.0,253.0,514.0,271.0,1.0
4,304,502.5,262.0,491.0,253.0,514.0,271.0,1.0
4,305,502.5,262.0,491.0,253.0,514.0,271.0,1.0
4,306,502.5,262.0,491.0,253.0,514.0,271.0,1.0
4,307,502.5,262.0,491.0,253.0,514.0,271.0,1.0
4,308,502.5,262.0,491.0,253.0,514.0,271.0,1.0
4,309,502.5,262.0,491.0,253.0,514.0,271.0,1.0
4,310,502.5,262.0,491.0,253.0,514.0,271.0,1.0
4,311,502.5,262.0,491.0,253.0,514.0,271.0,1.0
4,312,502.5,262.0,491.0,253.0,514.0,271.0,1.0
4,313,502.5,262.0,491.0,253.0,514.0,271.0,1.0
4,314,502.5,262.0,491.0,253.0,514.0,271.0,1.0
4,315,502.5,262.0,491.0,253.0,514.0,271.0,1.0
4,316,502.5,262.0,491.0,253.0,514.0,271.0,1.0
4,317,502.5,262.0,491.0,253.0,514.0,271.0,1.0
4,318,502.5,262.0,491.0,253.0,514.0,271.0,1.0
4,319,502.5,262.0,491.0,253.0,514.0,271.0,1.0
4,320,502.5,262.0,491.0,253.0,514.0,271.0,1.0
4,321,502.5,262.0,491.0,253.0,514.0,271.0,1.0
4,322,502.5,262.0,491.0,253.0,514.0,271.0,1.0
4,323,502.5,262.0,491.0,253.0,514.0,271.0,1.0
4,324,502.5,262.0,491.0,253.0,514.0,271.0,1.0
4,325,502.5,262.0,491.0,253.0,514.0,271.0,1.0
4,326,502.5,262.0,491.0,253.0,514.0,271.0,1.0
4,327,502.5,262.0,491.0,253.0,514.0,271.0,1.0
4,328,502.5,262.0,491.0,253.0,514.0,271.0,1.0
4,329,502.5,262.0,491.0,253.0,514.0,271.0,1.0
4,330,502.5,262.0,491.0,253.0,514.0,271.0,1.0
4,331,502.5,262.0,491.0,253.0,514.0,271.0,1.0
4,332,502.5,262.0,491.0,253.0,514.0,271.0,1.0
4,333,502.5,262.0,491.0,253.0,514.0,271.0,1.0
4,334,502.5,262.0,491.0,253.0,514.0,271.0,1.0
4,335,502.5,262.0,491.0,253.0,514.0,271.0,1.0
4,336,502.5,262.0,491.0,253.0,514.0,271.0,1.0
4,337,502.5,262.0,491.0,253.0,514.0,271.0,1.0
4,338,502.5,262.0,491.0,253.0,514.0,271.0,1.0
4,339,502.5,262.0,491.0,253.0,514.0,271.0,1.0
4,340,502.5,262.0,491.0,253.0,514.0,271.0,1.0
4,341,502.5,262.0,491.0,253.0,514.0,271.0,1.0
4,342,502.5,262.0,491.0,253.0,514.0,271.0,1.0
4,343,502.5,262.0,491.0,253.0,514.0,271.0,1.0
4,344,502.5,262.0,491.0,253.0,514.0,271.0,1.0
4,345,502.5,262.0,491.0,253.0,514.0,271.0,1.0
4,346,502.5,262.0,491.0,253.0,514.0,271.0,1.0
4,347,502.5,262.0,491.0,253.0,514.0,271.0,1.0
4,348,502.5,262.0,491.0,253.0,514.0,271.0,1.0
4,349,502.5,262.0,491.0,253.0,514.0,271.0,1.0
4,350,502.5,262.0,491.0,253.0,514.0,271.0,1.0
4,351,502.5,262.0,491.0,253.0,514.0,271.0,1.0
4,352,502.5,262.0,491.0,253.0,514.0,271.0,1.0
4,353,502.5,262.0,491.0,253.0,514.0,271.0,1.0
4,354,502.5,262.0,491.0,253.0,514.0,271.0,1.0
4,355,502.5,262.0,491.0,253.0,514.0,271.0,1.0
4,356,502.5,262.0,491.0,253.0,514.0,271.0,1.0
4,357,502.5,262.0,491.0,253.0,514.0,271.0,1.0
4,358,502.5,262.0,491.0,253.0,514.0,271.0,1.0
4,359,502.5,262.0,491.0,253.0,514.0,271.0,1.0
4,360,502.5,262.0,491.0,253.0,514.0,271.0,1.0
4,361,502.5,262.0,491.0,253.0,514.0,271.0,1.0
4,362,502.5,262.0,491.0,253.0,514.0,271.0,1.0
4,363,502.5,262.0,491.0,253.0,514.0,271.0,1.0
4,364,502.5,262.0,491.0,253.0,514.0,271.0,1.0
4,365,502.5,262.0,491.0,253.0,514.0,271.0,1.0
4,366,502.5,262.0,491.0,253.0,514.0,271.0,1.0
4,367,502.5,262.0,491.0,253.0,514.0,271.0,1.0
4,368,502.5,262.0,491.0,253.0,514.0,271.0,1.0
4,369,502.5,262.0,491.0,253.0,514.0,271.0,1.0
4,370,502.5,262.0,491.0,253.0,514.0,271.0,1.0
4,371,502.5,262.0,491.0,253.0,514.0,271.0,1.0
4,372,502.5,262.0,491.0,253.0,514.0,271.0,1.0
4,373,502.5,262.0,491.0,253.0,514.0,271.0,1.0
4,374,502.5,262.0,491.0,253.0,514.0,271.0,1.0
4,375,502.5,262.0,491.0,253.0,514.0,271.0,1.0
4,376,502.5,262.0,491.0,253.0,514.0,271.0,1.0
4,377,502.5,262.0,491.0,253.0,514.0,271.0,1.0
4,378,502.5,262.0,491.0,253.0,514.0,271.0,1.0
4,379,502.5,262.0,491.0,253.0,514.0,271.0,1.0
4,380,502.5,262.0,491.0,253.0,514.0,271.0,1.0
4,381,502.5,262.0,491.0,253.0,514.0,271.0,1.0
4,382,502.5,262.0,491.0,253.0,514.0,271.0,1.0
4,383,502.5,262.0,491.0,253.0,514.0,271.0,1.0
4,384,502.5,262.0,491.0,253.0,514.0,271.0,1.0
4,385,502.5,262.0,491.0,253.0,514.0,271.0,1.0
4,386,502.5,262.0,491.0,253.0,514.0,271.0,1.0
4,387,502.5,262.0,491.0,253.0,514.0,271.0,1.0
4,388,502.5,262.0,491.0,253.0,514.0,271.0,1.0
4,389,502.5,262.0,491.0,253.0,514.0,271.0,1.0
4,390,502.5,262.0,491.0,253.0,514.0,271.0,1.0
4,391,502.5,262.0,491.0,253.0,514.0,271.0,1.0
4,392,502.5,262.0,491.0,253.0,514.0,271.0,1.0
4,393,502.5,262.0,491.0,253.0,514.0,271.0,1.0
4,394,502.5,262.0,491.0,253.0,514.0,271.0,1.0
4,395,502.5,262.0,491.0,253.0,514.0,271.0,1.0
4,396,502.5,262.0,491.0,253.0,514.0,271.0,1.0
4,397,502.5,262.0,491.0,253.0,514.0,271.0,1.0
4,398,502.5,262.0,491.0,253.0,514.0,271.0,1.0
4,399,502.5,262.0,491.0,253.0,514.0,271.0,1.0
4,400,502.5,262.0,491.0,253.0,514.0,271.0,1.0
4,401,502.5,262.0,491.0,253.0,514.0,271.0,1.0
4,402,502.5,262.0,491.0,253.0,514.0,271.0,1.0
4,403,502.5,262.0,491.0,253.0,514.0,271.0,1.0
4,404,502.5,262.0,491.0,253.0,514.0,271.0,1.0
4,405,502.5,262.0,491.0,253.0,514.0,271.0,1.0
4,406,502.5,262.0,491.0,253.0,514.0,271.0,1.0
4,407,502.5,262.0,491.0,253.0,514.0,271.0,1.0
4,408,502.5,262.0,491.0,253.0,514.0,271.0,1.0
4,409,502.5,262.0,491.0,253.0,514.0,271.0,1.0
4,410,502.5,262.0,491.0,253.0,514.0,271.0,1.0
4,411,502.5,262.0,491.0,253.0,514.0,271.0,1.0
4,412,502.5,262.0,491.0,253.0,514.0,271.0,1.0
4,413,502.5,262.0,491.0,253.0,514.0,271.0,1.0
4,414,502.5,262.0,491.0,253.0,514.0,271.0,1.0
4,415,502.5,262.0,491.0,253.0,514.0,271.0,1.0
4,416,502.5,262.0,491.0,253.0,514.0,271.0,1.0
4,417,502.5,262.0,491.0,253.0,514.0,271.0,1.0
4,418,502.5,262.0,491.0,253.0,514.0,271.0,1.0
4,419,502.5,262.0,491.0,253.0,514.0,271.0,1.0
4,420,502.5,262.0,491.0,253.0,514.0,271.0,1.0
4,421,502.5,262.0,491.0,253.0,514.0,271.0,1.0
4,422,502.5,262.0,491.0,253.0,514.0,271.0,1.0
4,423,502.5,262.0,491.0,253.0,514.0,271.0,1.0
4,424,502.5,262.0,491.0,253.0,514.0,271.0,1.0
4,425,502.5,262.0,491.0,253.0,514.0,271.0,1.0
4,426,502.5,262.0,491.0,253.0,514.0,271.0,1.0
4,427,502.5,262.0,491.0,253.0,514.0,271.0,1.0
4,428,502.5,262.0,491.0,253.0,514.0,271.0,1.0
4,429,502.5,262.0,491.0,253.0,514.0,271.0,1.0
4,430,502.5,262.0,491.0,253.0,514.0,271.0,1.0
4,431,502.5,262.0,491.0,253.0,514.0,271.0,1.0
4,432,502.5,262.0,491.0,253.0,514.0,271.0,1.0
4,433,502.5,262.0,491.0,253.0,514.0,271.0,1.0
4,434,502.5,262.0,491.0,253.0,514.0,271.0,1.0
4,435,502.5,262.0,491.0,253.0,514.0,271.0,1.0
4,436,502.5,262.0,491.0,253.0,514.0,271.0,1.0
4,437,502.5,262.0,491.0,253.0,514.0,271.0,1.0
4,438,502.5,262.0,491.0,253.0,514.0,271.0,1.0
4,439,502.5,262.0,491.0,253.0,514.0,271.0,1.0
4,440,502.5,262.0,491.0,253.0,514.0,271.0,1.0
4,441,502.5,262.0,491.0,253.0,514.0,271.0,1.0
4,442,502.5,262.0,491.0,253.0,514.0,271.0,1.0
4,443,502.5,262.0,491.0,253.0,514.0,271.0,1.0
4,444,502.5,262.0,491.0,253.0,514.0,271.0,1.0
4,445,502.5,262.0,491.0,253.0,514.0,271.0,1.0
4,446,502.5,262.0,491.0,253.0,514.0,271.0,1.0
4,447,502.5,262.0,491.0,253.0,514.0,271.0,1.0
4,448,502.5,262.0,491.0,253.0,514.0,271.0,1.0
4,449,502.5,262.0,491.0,253.0,514.0,271.0,1.0
4,450,502.5,262.0,491.0,253.0,514.0,271.0,1.0
5,0,284.5,204.5,258.0,176.0,311.0,233.0,1.0
5,1,284.5,204.5,258.0,176.0,311.0,233.0,1.0
5,2,284.5,204.5,258.0,176.0,311.0,233.0,1.0
5,3,284.5,204.5,258.0,176.0,311.0,233.0,1.0
5,4,284.5,204.5,258.0,176.0,311.0,233.0,1.0
5,5,284.5,204.5,258.0,176.0,311.0,233.0,1.0
5,6,284.5,204.5,258.0,176.0,311.0,233.0,1.0
5,7,284.5,204.5,258.0,176.0,311.0,233.0,1.0
5,8,284.5,204.5,258.0,176.0,311.0,233.0,1.0
5,9,284.5,204.5,258.0,176.0,311.0,233.0,1.0
5,10,284.5,204.5,258.0,176.0,311.0,233.0,1.0
5,11,284.5,204.5,258.0,176.0,311.0,233.0,1.0
5,12,284.5,204.5,258.0,176.0,311.0,233.0,1.0
5,13,284.5,204.5,258.0,176.0,311.0,233.0,1.0
5,14,284.5,204.5,258.0,176.0,311.0,233.0,1.0
5,15,284.5,204.5,258.0,176.0,311.0,233.0,1.0
5,16,284.5,204.5,258.0,176.0,311.0,233.0,1.0
5,17,284.5,204.5,258.0,176.0,311.0,233.0,1.0
5,18,284.5,204.5,258.0,176.0,311.0,233.0,1.0
5,19,284.5,204.5,258.0,176.0,311.0,233.0,1.0
5,20,284.5,204.5,258.0,176.0,311.0,233.0,1.0
5,21,284.5,204.5,258.0,176.0,311.0,233.0,1.0
5,22,284.5,204.5,258.0,176.0,311.0,233.0,1.0
5,23,284.5,204.5,258.0,176.0,311.0,233.0,1.0
5,24,284.5,204.5,258.0,176.0,311.0,233.0,1.0
5,25,284.5,204.5,258.0,176.0,311.0,233.0,1.0
5,26,284.5,204.5,258.0,176.0,311.0,233.0,1.0
5,27,284.5,204.5,258.0,176.0,311.0,233.0,1.0
5,28,284.5,204.5,258.0,176.0,311.0,233.0,1.0
5,29,284.5,204.5,258.0,176.0,311.0,233.0,1.0
5,30,284.5,204.5,258.0,176.0,311.0,233.0,1.0
5,31,284.5,204.5,258.0,176.0,311.0,233.0,1.0
5,32,284.5,204.5,258.0,176.0,311.0,233.0,1.0
5,33,284.5,204.5,258.0,176.0,311.0,233.0,1.0
5,34,284.5,204.5,258.0,176.0,311.0,233.0,1.0
5,35,284.5,204.5,258.0,176.0,311.0,233.0,1.0
5,36,284.5,204.5,258.0,176.0,311.0,233.0,1.0
5,37,284.5,204.5,258.0,176.0,311.0,233.0,1.0
5,38,284.5,204.5,258.0,176.0,311.0,233.0,1.0
5,39,284.5,204.5,258.0,176.0,311.0,233.0,1.0
5,40,284.5,204.5,258.0,176.0,311.0,233.0,1.0
5,41,284.5,204.5,258.0,176.0,311.0,233.0,1.0
5,42,284.5,204.5,258.0,176.0,311.0,233.0,1.0
5,43,284.5,204.5,258.0,176.0,311.0,233.0,1.0
5,44,284.5,204.5,258.0,176.0,311.0,233.0,1.0
5,45,284.5,204.5,258.0,176.0,311.0,233.0,1.0
5,46,284.5,204.5,258.0,176.0,311.0,233.0,1.0
5,47,284.5,204.5,258.0,176.0,311.0,233.0,1.0
5,48,284.5,204.5,258.0,176.0,311.0,233.0,1.0
5,49,284.5,204.5,258.0,176.0,311.0,233.0,1.0
5,50,284.5,204.5,258.0,176.0,311.0,233.0,1.0
5,51,284.5,204.5,258.0,176.0,311.0,233.0,1.0
5,52,284.5,204.5,258.0,176.0,311.0,233.0,1.0
5,53,284.5,204.5,258.0,176.0,311.0,233.0,1.0
5,54,284.5,204.5,258.0,176.0,311.0,233.0,1.0
5,55,284.5,204.5,258.0,176.0,311.0,233.0,1.0
5,56,284.5,204.5,258.0,176.0,311.0,233.0,1.0
5,57,284.5,204.5,258.0,176.0,311.0,233.0,1.0
5,58,284.5,204.5,258.0,176.0,311.0,233.0,1.0
5,59,284.5,204.5,258.0,176.0,311.0,233.0,1.0
5,60,284.5,204.5,258.0,176.0,311.0,233.0,1.0
5,61,284.5,204.5,258.0,176.0,311.0,233.0,1.0
5,62,284.5,204.5,258.0,176.0,311.0,233.0,1.0
5,63,284.5,204.5,258.0,176.0,311.0,233.0,1.0
5,64,284.5,204.5,258.0,176.0,311.0,233.0,1.0
5,65,284.5,204.5,258.0,176.0,311.0,233.0,1.0
5,66,284.5,204.5,258.0,176.0,311.0,233.0,1.0
5,67,284.5,204.5,258.0,176.0,311.0,233.0,1.0
5,68,284.5,204.5,258.0,176.0,311.0,233.0,1.0
5,69,284.5,204.5,258.0,176.0,311.0,233.0,1.0
5,70,284.5,204.5,258.0,176.0,311.0,233.0,1.0
5,71,284.5,204.5,258.0,176.0,311.0,233.0,1.0
5,72,284.5,204.5,258.0,176.0,311.0,233.0,1.0
5,73,284.5,204.5,258.0,176.0,311.0,233.0,1.0
5,74,284.5,204.5,258.0,176.0,311.0,233.0,1.0
5,75,284.5,204.5,258.0,176.0,311.0,233.0,1.0
5,76,284.5,204.5,258.0,176.0,311.0,233.0,1.0
5,77,284.5,204.5,258.0,176.0,311.0,233.0,1.0
5,78,284.5,204.5,258.0,176.0,311.0,233.0,1.0
5,79,284.5,204.5,258.0,176.0,311.0,233.0,1.0
5,80,284.5,204.5,258.0,176.0,311.0,233.0,1.0
5,81,284.5,204.5,258.0,176.0,311.0,233.0,1.0
5,82,284.5,204.5,258.0,176.0,311.0,233.0,1.0
5,83,284.5,204.5,258.0,176.0,311.0,233.0,1.0
5,84,284.5,204.5,258.0,176.0,311.0,233.0,1.0
5,85,284.5,204.5,258.0,176.0,311.0,233.0,1.0
5,86,284.5,204.5,258.0,176.0,311.0,233.0,1.0
5,87,284.5,204.5,258.0,176.0,311.0,233.0,1.0
5,88,284.5,204.5,258.0,176.0,311.0,233.0,1.0
5,89,284.5,204.5,258.0,176.0,311.0,233.0,1.0
5,90,284.5,204.5,258.0,176.0,311.0,233.0,1.0
5,91,284.5,204.5,258.0,176.0,311.0,233.0,1.0
5,92,284.5,204.5,258.0,176.0,311.0,233.0,1.0
5,93,284.5,204.5,258.0,176.0,311.0,233.0,1.0
5,94,284.5,204.5,258.0,176.0,311.0,233.0,1.0
5,95,284.5,204.5,258.0,176.0,311.0,233.0,1.0
5,96,284.5,204.5,258.0,176.0,311.0,233.0,1.0
5,97,284.5,204.5,258.0,176.0,311.0,233.0,1.0
5,98,284.5,204.5,258.0,176.0,311.0,233.0,1.0
5,99,284.5,204.5,258.0,176.0,311.0,233.0,1.0
5,100,284.5,204.5,258.0,176.0,311.0,233.0,1.0
5,101,284.5,204.5,258.0,176.0,311.0,233.0,1.0
5,102,284.5,204.5,258.0,176.0,311.0,233.0,1.0
5,103,284.5,204.5,258.0,176.0,311.0,233.0,1.0
5,104,284.5,204.5,258.0,176.0,311.0,233.0,1.0
5,105,284.5,204.5,258.0,176.0,311.0,233.0,1.0
5,106,284.5,204.5,258.0,176.0,311.0,233.0,1.0
5,107,284.5,204.5,258.0,176.0,311.0,233.0,1.0
5,108,284.5,204.5,258.0,176.0,311.0,233.0,1.0
5,109,284.5,204.5,258.0,176.0,311.0,233.0,1.0
5,110,284.5,204.5,258.0,176.0,311.0,233.0,1.0
5,111,284.5,204.5,258.0,176.0,311.0,233.0,1.0
5,112,284.5,204.5,258.0,176.0,311.0,233.0,1.0
5,113,284.5,204.5,258.0,176.0,311.0,233.0,1.0
5,114,284.5,204.5,258.0,176.0,311.0,233.0,1.0
5,115,284.5,204.5,258.0,176.0,311.0,233.0,1.0
5,116,284.5,204.5,258.0,176.0,311.0,233.0,1.0
5,117,284.5,204.5,258.0,176.0,311.0,233.0,1.0
5,118,284.5,204.5,258.0,176.0,311.0,233.0,1.0
5,119,284.5,204.5,258.0,176.0,311.0,233.0,1.0
5,120,284.5,204.5,258.0,176.0,311.0,233.0,1.0
5,121,284.5,204.5,258.0,176.0,311.0,233.0,1.0
5,122,284.5,204.5,258.0,176.0,311.0,233.0,1.0
5,123,284.5,204.5,258.0,176.0,311.0,233.0,1.0
5,124,284.5,204.5,258.0,176.0,311.0,233.0,1.0
5,125,284.5,204.5,258.0,176.0,311.0,233.0,1.0
5,126,284.5,204.5,258.0,176.0,311.0,233.0,1.0
5,127,284.5,204.5,258.0,176.0,311.0,233.0,1.0
5,128,284.5,204.5,258.0,176.0,311.0,233.0,1.0
5,129,284.5,204.5,258.0,176.0,311.0,233.0,1.0
5,130,284.5,204.5,258.0,176.0,311.0,233.0,1.0
5,131,284.5,204.5,258.0,176.0,311.0,233.0,1.0
5,132,284.5,204.5,258.0,176.0,311.0,233.0,1.0
5,133,284.5,204.5,258.0,176.0,311.0,233.0,1.0
5,134,284.5,204.5,258.0,176.0,311.0,233.0,1.0
5,135,284.5,204.5,258.0,176.0,311.0,233.0,1.0
5,136,284.5,204.5,258.0,176.0,311.0,233.0,1.0
5,137,284.5,204.5,258.0,176.0,311.0,233.0,1.0
5,138,284.5,204.5,258.0,176.0,311.0,233.0,1.0
5,139,284.5,204.5,258.0,176.0,311.0,233.0,1.0
5,140,284.5,204.5,258.0,176.0,311.0,233.0,1.0
5,141,284.5,204.5,258.0,176.0,311.0,233.0,1.0
5,142,284.5,204.5,258.0,176.0,311.0,233.0,1.0
5,143,284.5,204.5,258.0,176.0,311.0,233.0,1.0
5,144,284.5,204.5,258.0,176.0,311.0,233.0,1.0
5,145,284.5,204.5,258.0,176.0,311.0,233.0,1.0
5,146,284.5,204.5,258.0,176.0,311.0,233.0,1.0
5,147,284.5,204.5,258.0,176.0,311.0,233.0,1.0
5,148,284.5,204.5,258.0,176.0,311.0,233.0,1.0
5,149,284.5,204.5,258.0,176.0,311.0,233.0,1.0
5,150,284.5,204.5,258.0,176.0,311.0,233.0,1.0
5,151,284.5,204.5,258.0,176.0,311.0,233.0,1.0
5,152,284.5,204.5,258.0,176.0,311.0,233.0,1.0
5,153,284.5,204.5,258.0,176.0,311.0,233.0,1.0
5,154,284.5,204.5,258.0,176.0,311.0,233.0,1.0
5,155,284.5,204.5,258.0,176.0,311.0,233.0,1.0
5,156,284.5,204.5,258.0,176.0,311.0,233.0,1.0
5,157,284.5,204.5,258.0,176.0,311.0,233.0,1.0
5,158,284.5,204.5,258.0,176.0,311.0,233.0,1.0
5,159,284.5,204.5,258.0,176.0,311.0,233.0,1.0
5,160,284.5,204.5,258.0,176.0,311.0,233.0,1.0
5,161,284.5,204.5,258.0,176.0,311.0,233.0,1.0
5,162,284.5,204.5,258.0,176.0,311.0,233.0,1.0
5,163,284.5,204.5,258.0,176.0,311.0,233.0,1.0
5,164,284.5,204.5,258.0,176.0,311.0,233.0,1.0
5,165,284.5,204.5,258.0,176.0,311.0,233.0,1.0
5,166,284.5,204.5,258.0,176.0,311.0,233.0,1.0
5,167,284.5,204.5,258.0,176.0,311.0,233.0,1.0
5,168,284.5,204.5,258.0,176.0,311.0,233.0,1.0
5,169,284.5,204.5,258.0,176.0,311.0,233.0,1.0
5,170,284.5,204.5,258.0,176.0,311.0,233.0,1.0
5,171,284.5,204.5,258.0,176.0,311.0,233.0,1.0
5,172,284.5,204.5,258.0,176.0,311.0,233.0,1.0
5,173,284.5,204.5,258.0,176.0,311.0,233.0,1.0
5,174,284.5,204.5,258.0,176.0,311.0,233.0,1.0
5,175,284.5,204.5,258.0,176.0,311.0,233.0,1.0
5,176,284.5,204.5,258.0,176.0,311.0,233.0,1.0
5,177,284.5,204.5,258.0,176.0,311.0,233.0,1.0
5,178,284.5,204.5,258.0,176.0,311.0,233.0,1.0
5,179,284.5,204.5,258.0,176.0,311.0,233.0,1.0
5,180,284.5,204.5,258.0,176.0,311.0,233.0,1.0
5,181,284.5,204.5,258.0,176.0,311.0,233.0,1.0
5,182,284.5,204.5,258.0,176.0,311.0,233.0,1.0
5,183,284.5,204.5,258.0,176.0,311.0,233.0,1.0
5,184,284.5,204.5,258.0,176.0,311.0,233.0,1.0
5,185,284.5,204.5,258.0,176.0,311.0,233.0,1.0
5,186,284.5,204.5,258.0,176.0,311.0,233.0,1.0
5,187,284.5,204.5,258.0,176.0,311.0,233.0,1.0
5,188,284.5,204.5,258.0,176.0,311.0,233.0,1.0
5,189,284.5,204.5,258.0,176.0,311.0,233.0,1.0
5,190,284.5,204.5,258.0,176.0,311.0,233.0,1.0
5,191,284.5,204.5,258.0,176.0,311.0,233.0,1.0
5,192,284.5,204.5,258.0,176.0,311.0,233.0,1.0
5,193,284.5,204.5,258.0,176.0,311.0,233.0,1.0
5,194,284.5,204.5,258.0,176.0,311.0,233.0,1.0
5,195,284.5,204.5,258.0,176.0,311.0,233.0,1.0
5,196,284.5,204.5,258.0,176.0,311.0,233.0,1.0
5,197,284.5,204.5,258.0,176.0,311.0,233.0,1.0
5,198,284.5,204.5,258.0,176.0,311.0,233.0,1.0
5,199,284.5,204.5,258.0,176.0,311.0,233.0,1.0
5,200,284.5,204.5,258.0,176.0,311.0,233.0,1.0
5,201,284.5,204.5,258.0,176.0,311.0,233.0,1.0
5,202,284.5,204.5,258.0,176.0,311.0,233.0,1.0
5,203,284.5,204.5,258.0,176.0,311.0,233.0,1.0
5,204,284.5,204.5,258.0,176.0,311.0,233.0,1.0
5,205,284.5,204.5,258.0,176.0,311.0,233.0,1.0
5,206,284.5,204.5,258.0,176.0,311.0,233.0,1.0
5,207,284.5,204.5,258.0,176.0,311.0,233.0,1.0
5,208,284.5,204.5,258.0,176.0,311.0,233.0,1.0
5,209,284.5,204.5,258.0,176.0,311.0,233.0,1.0
5,210,284.5,204.5,258.0,176.0,311.0,233.0,1.0
5,211,284.5,204.5,258.0,176.0,311.0,233.0,1.0
5,212,284.5,204.5,258.0,176.0,311.0,233.0,1.0
5,213,284.5,204.5,258.0,176.0,311.0,233.0,1.0
5,214,284.5,204.5,258.0,176.0,311.0,233.0,1.0
5,215,284.5,204.5,258.0,176.0,311.0,233.0,1.0
5,216,284.5,204.5,258.0,176.0,311.0,233.0,1.0
5,217,284.5,204.5,258.0,176.0,311.0,233.0,1.0
5,218,284.5,204.5,258.0,176.0,311.0,233.0,1.0
5,219,284.5,204.5,258.0,176.0,311.0,233.0,1.0
5,220,284.5,204.5,258.0,176.0,311.0,233.0,1.0
5,221,284.5,204.5,258.0,176.0,311.0,233.0,1.0
5,222,284.5,204.5,258.0,176.0,311.0,233.0,1.0
5,223,284.5,204.5,258.0,176.0,311.0,233.0,1.0
5,224,284.5,204.5,258.0,176.0,311.0,233.0,1.0
5,225,284.5,204.5,258.0,176.0,311.0,233.0,1.0
5,226,284.5,204.5,258.0,176.0,311.0,233.0,1.0
5,227,284.5,204.5,258.0,176.0,311.0,233.0,1.0
5,228,284.5,204.5,258.0,176.0,311.0,233.0,1.0
5,229,284.5,204.5,258.0,176.0,311.0,233.0,1.0
5,230,284.5,204.5,258.0,176.0,311.0,233.0,1.0
5,231,284.5,204.5,258.0,176.0,311.0,233.0,1.0
5,232,284.5,204.5,258.0,176.0,311.0,233.0,1.0
5,233,284.5,204.5,258.0,176.0,311.0,233.0,1.0
5,234,284.5,204.5,258.0,176.0,311.0,233.0,1.0
5,235,284.5,204.5,258.0,176.0,311.0,233.0,1.0
5,236,284.5,204.5,258.0,176.0,311.0,233.0,1.0
5,237,284.5,204.5,258.0,176.0,311.0,233.0,1.0
5,238,284.5,204.5,258.0,176.0,311.0,233.0,1.0
5,239,284.5,204.5,258.0,176.0,311.0,233.0,1.0
5,240,284.5,204.5,258.0,176.0,311.0,233.0,1.0
5,241,284.5,204.5,258.0,176.0,311.0,233.0,1.0
5,242,284.5,204.5,258.0,176.0,311.0,233.0,1.0
5,243,284.5,204.5,258.0,176.0,311.0,233.0,1.0
5,244,284.5,204.5,258.0,176.0,311.0,233.0,1.0
5,245,284.5,204.5,258.0,176.0,311.0,233.0,1.0
5,246,284.5,204.5,258.0,176.0,311.0,233.0,1.0
5,247,284.5,204.5,258.0,176.0,311.0,233.0,1.0
5,248,284.5,204.5,258.0,176.0,311.0,233.0,1.0
5,249,284.5,204.5,258.0,176.0,311.0,233.0,1.0
5,250,284.5,204.5,258.0,176.0,311.0,233.0,1.0
5,251,284.5,204.5,258.0,176.0,311.0,233.0,1.0
5,252,284.5,204.5,258.0,176.0,311.0,233.0,1.0
5,253,284.5,204.5,258.0,176.0,311.0,233.0,1.0
5,254,284.5,204.5,258.0,176.0,311.0,233.0,1.0
5,255,284.5,204.5,258.0,176.0,311.0,233.0,1.0
5,256,284.5,204.5,258.0,176.0,311.0,233.0,1.0
5,257,284.5,204.5,258.0,176.0,311.0,233.0,1.0
5,258,284.5,204.5,258.0,176.0,311.0,233.0,1.0
5,259,284.5,204.5,258.0,176.0,311.0,233.0,1.0
5,260,284.5,204.5,258.0,176.0,311.0,233.0,1.0
5,261,284.5,204.5,258.0,176.0,311.0,233.0,1.0
5,262,284.5,204.5,258.0,176.0,311.0,233.0,1.0
5,263,284.5,204.5,258.0,176.0,311.0,233.0,1.0
5,264,284.5,204.5,258.0,176.0,311.0,233.0,1.0
5,265,284.5,204.5,258.0,176.0,311.0,233.0,1.0
5,266,284.5,204.5,258.0,176.0,311.0,233.0,1.0
5,267,284.5,204.5,258.0,176.0,311.0,233.0,1.0
5,268,284.5,204.5,258.0,176.0,311.0,233.0,1.0
5,269,284.5,204.5,258.0,176.0,311.0,233.0,1.0
5,270,284.5,204.5,258.0,176.0,311.0,233.0,1.0
5,271,284.5,204.5,258.0,176.0,311.0,233.0,1.0
5,272,284.5,204.5,258.0,176.0,311.0,233.0,1.0
5,273,284.5,204.5,258.0,176.0,311.0,233.0,1.0
5,274,284.5,204.5,258.0,176.0,311.0,233.0,1.0
5,275,284.5,204.5,258.0,176.0,311.0,233.0,1.0
5,276,284.5,204.5,258.0,176.0,311.0,233.0,1.0
5,277,284.5,204.5,258.0,176.0,311.0,233.0,1.0
5,278,284.5,204.5,258.0,176.0,311.0,233.0,1.0
5,279,284.5,204.5,258.0,176.0,311.0,233.0,1.0
5,280,284.5,204.5,258.0,176.0,311.0,233.0,1.0
5,281,284.5,204.5,258.0,176.0,311.0,233.0,1.0
5,282,284.5,204.5,258.0,176.0,311.0,233.0,1.0
5,283,284.5,204.5,258.0,176.0,311.0,233.0,1.0
5,284,284.5,204.5,258.0,176.0,311.0,233.0,1.0
5,285,284.5,204.5,258.0,176.0,311.0,233.0,1.0
5,286,284.5,204.5,258.0,176.0,311.0,233.0,1.0
5,287,284.5,204.5,258.0,176.0,311.0,233.0,1.0
5,288,284.5,204.5,258.0,176.0,311.0,233.0,1.0
5,289,284.5,204.5,258.0,176.0,311.0,233.0,1.0
5,290,284.5,204.5,258.0,176.0,311.0,233.0,1.0
5,291,284.5,204.5,258.0,176.0,311.0,233.0,1.0
5,292,284.5,204.5,258.0,176.0,311.0,233.0,1.0
5,293,284.5,204.5,258.0,176.0,311.0,233.0,1.0
5,294,284.5,204.5,258.0,176.0,311.0,233.0,1.0
5,295,284.5,204.5,258.0,176.0,311.0,233.0,1.0
5,296,284.5,204.5,258.0,176.0,311.0,233.0,1.0
5,297,284.5,204.5,258.0,176.0,311.0,233.0,1.0
5,298,284.5,204.5,258.0,176.0,311.0,233.0,1.0
5,299,284.5,204.5,258.0,176.0,311.0,233.0,1.0
5,300,284.5,204.5,258.0,176.0,311.0,233.0,1.0
5,301,284.5,204.5,258.0,176.0,311.0,233.0,1.0
5,302,284.5,204.5,258.0,176.0,311.0,233.0,1.0
5,303,284.5,204.5,258.0,176.0,311.0,233.0,1.0
5,304,284.5,204.5,258.0,176.0,311.0,233.0,1.0
5,305,284.5,204.5,258.0,176.0,311.0,233.0,1.0
5,306,284.5,204.5,258.0,176.0,311.0,233.0,1.0
5,307,284.5,204.5,258.0,176.0,311.0,233.0,1.0
5,308,284.5,204.5,258.0,176.0,311.0,233.0,1.0
5,309,284.5,204.5,258.0,176.0,311.0,233.0,1.0
5,310,284.5,204.5,258.0,176.0,311.0,233.0,1.0
5,311,284.5,204.5,258.0,176.0,311.0,233.0,1.0
5,312,284.5,204.5,258.0,176.0,311.0,233.0,1.0
5,313,284.5,204.5,258.0,176.0,311.0,233.0,1.0
5,314,284.5,204.5,258.0,176.0,311.0,233.0,1.0
5,315,284.5,204.5,258.0,176.0,311.0,233.0,1.0
5,316,284.5,204.5,258.0,176.0,311.0,233.0,1.0
5,317,284.5,204.5,258.0,176.0,311.0,233.0,1.0
5,318,284.5,204.5,258.0,176.0,311.0,233.0,1.0
5,319,284.5,204.5,258.0,176.0,311.0,233.0,1.0
5,320,284.5,204.5,258.0,176.0,311.0,233.0,1.0
5,321,284.5,204.5,258.0,176.0,311.0,233.0,1.0
5,322,284.5,204.5,258.0,176.0,311.0,233.0,1.0
5,323,284.5,204.5,258.0,176.0,311.0,233.0,1.0
5,324,284.5,204.5,258.0,176.0,311.0,233.0,1.0
5,325,284.5,204.5,258.0,176.0,311.0,233.0,1.0
5,326,284.5,204.5,258.0,176.0,311.0,233.0,1.0
5,327,284.5,204.5,258.0,176.0,311.0,233.0,1.0
5,328,284.5,204.5,258.0,176.0,311.0,233.0,1.0
5,329,284.5,204.5,258.0,176.0,311.0,233.0,1.0
5,330,284.5,204.5,258.0,176.0,311.0,233.0,1.0
5,331,284.5,204.5,258.0,176.0,311.0,233.0,1.0
5,332,284.5,204.5,258.0,176.0,311.0,233.0,1.0
5,333,284.5,204.5,258.0,176.0,311.0,233.0,1.0
5,334,284.5,204.5,258.0,176.0,311.0,233.0,1.0
5,335,284.5,204.5,258.0,176.0,311.0,233.0,1.0
5,336,284.5,204.5,258.0,176.0,311.0,233.0,1.0
5,337,284.5,204.5,258.0,176.0,311.0,233.0,1.0
5,338,284.5,204.5,258.0,176.0,311.0,233.0,1.0
5,339,284.5,204.5,258.0,176.0,311.0,233.0,1.0
5,340,284.5,204.5,258.0,176.0,311.0,233.0,1.0
5,341,284.5,204.5,258.0,176.0,311.0,233.0,1.0
5,342,284.5,204.5,258.0,176.0,311.0,233.0,1.0
5,343,284.5,204.5,258.0,176.0,311.0,233.0,1.0
5,344,284.5,204.5,258.0,176.0,311.0,233.0,1.0
5,345,284.5,204.5,258.0,176.0,311.0,233.0,1.0
5,346,284.5,204.5,258.0,176.0,311.0,233.0,1.0
5,347,284.5,204.5,258.0,176.0,311.0,233.0,1.0
5,348,284.5,204.5,258.0,176.0,311.0,233.0,1.0
5,349,284.5,204.5,258.0,176.0,311.0,233.0,1.0
5,350,284.5,204.5,258.0,176.0,311.0,233.0,1.0
5,351,284.5,204.5,258.0,176.0,311.0,233.0,1.0
5,352,284.5,204.5,258.0,176.0,311.0,233.0,1.0
5,353,284.5,204.5,258.0,176.0,311.0,233.0,1.0
5,354,284.5,204.5,258.0,176.0,311.0,233.0,1.0
5,355,284.5,204.5,258.0,176.0,311.0,233.0,1.0
5,356,284.5,204.5,258.0,176.0,311.0,233.0,1.0
5,357,284.5,204.5,258.0,176.0,311.0,233.0,1.0
5,358,284.5,204.5,258.0,176.0,311.0,233.0,1.0
5,359,284.5,204.5,258.0,176.0,311.0,233.0,1.0
5,360,284.5,204.5,258.0,176.0,311.0,233.0,1.0
5,361,284.5,204.5,258.0,176.0,311.0,233.0,1.0
5,362,284.5,204.5,258.0,176.0,311.0,233.0,1.0
5,363,284.5,204.5,258.0,176.0,311.0,233.0,1.0
5,364,284.5,204.5,258.0,176.0,311.0,233.0,1.0
5,365,284.5,204.5,258.0,176.0,311.0,233.0,1.0
5,366,284.5,204.5,258.0,176.0,311.0,233.0,1.0
5,367,284.5,204.5,258.0,176.0,311.0,233.0,1.0
5,368,284.5,204.5,258.0,176.0,311.0,233.0,1.0
5,369,284.5,204.5,258.0,176.0,311.0,233.0,1.0
5,370,284.5,204.5,258.0,176.0,311.0,233.0,1.0
5,371,284.5,204.5,258.0,176.0,311.0,233.0,1.0
5,372,284.5,204.5,258.0,176.0,311.0,233.0,1.0
5,373,284.5,204.5,258.0,176.0,311.0,233.0,1.0
5,374,284.5,204.5,258.0,176.0,311.0,233.0,1.0
5,375,284.5,204.5,258.0,176.0,311.0,233.0,1.0
5,376,284.5,204.5,258.0,176.0,311.0,233.0,1.0
5,377,284.5,204.5,258.0,176.0,311.0,233.0,1.0
5,378,284.5,204.5,258.0,176.0,311.0,233.0,1.0
5,379,284.5,204.5,258.0,176.0,311.0,233.0,1.0
5,380,284.5,204.5,258.0,176.0,311.0,233.0,1.0
5,381,284.5,204.5,258.0,176.0,311.0,233.0,1.0
5,382,284.5,204.5,258.0,176.0,311.0,233.0,1.0
5,383,284.5,204.5,258.0,176.0,311.0,233.0,1.0
5,384,284.5,204.5,258.0,176.0,311.0,233.0,1.0
5,385,284.5,204.5,258.0,176.0,311.0,233.0,1.0
5,386,284.5,204.5,258.0,176.0,311.0,233.0,1.0
5,387,284.5,204.5,258.0,176.0,311.0,233.0,1.0
5,388,284.5,204.5,258.0,176.0,311.0,233.0,1.0
5,389,284.5,204.5,258.0,176.0,311.0,233.0,1.0
5,390,284.5,204.5,258.0,176.0,311.0,233.0,1.0
5,391,284.5,204.5,258.0,176.0,311.0,233.0,1.0
5,392,284.5,204.5,258.0,176.0,311.0,233.0,1.0
5,393,284.5,204.5,258.0,176.0,311.0,233.0,1.0
5,394,284.5,204.5,258.0,176.0,311.0,233.0,1.0
5,395,284.5,204.5,258.0,176.0,311.0,233.0,1.0
5,396,284.5,204.5,258.0,176.0,311.0,233.0,1.0
5,397,284.5,204.5,258.0,176.0,311.0,233.0,1.0
5,398,284.5,204.5,258.0,176.0,311.0,233.0,1.0
5,399,284.5,204.5,258.0,176.0,311.0,233.0,1.0
5,400,284.5,204.5,258.0,176.0,311.0,233.0,1.0
5,401,284.5,204.5,258.0,176.0,311.0,233.0,1.0
5,402,284.5,204.5,258.0,176.0,311.0,233.0,1.0
5,403,284.5,204.5,258.0,176.0,311.0,233.0,1.0
5,404,284.5,204.5,258.0,176.0,311.0,233.0,1.0
5,405,284.5,204.5,258.0,176.0,311.0,233.0,1.0
5,406,284.5,204.5,258.0,176.0,311.0,233.0,1.0
5,407,284.5,204.5,258.0,176.0,311.0,233.0,1.0
5,408,284.5,204.5,258.0,176.0,311.0,233.0,1.0
5,409,284.5,204.5,258.0,176.0,311.0,233.0,1.0
5,410,284.5,204.5,258.0,176.0,311.0,233.0,1.0
5,411,284.5,204.5,258.0,176.0,311.0,233.0,1.0
5,412,284.5,204.5,258.0,176.0,311.0,233.0,1.0
5,413,284.5,204.5,258.0,176.0,311.0,233.0,1.0
5,414,284.5,204.5,258.0,176.0,311.0,233.0,1.0
5,415,284.5,204.5,258.0,176.0,311.0,233.0,1.0
5,416,284.5,204.5,258.0,176.0,311.0,233.0,1.0
5,417,284.5,204.5,258.0,176.0,311.0,233.0,1.0
5,418,284.5,204.5,258.0,176.0,311.0,233.0,1.0
5,419,284.5,204.5,258.0,176.0,311.0,233.0,1.0
5,420,284.5,204.5,258.0,176.0,311.0,233.0,1.0
5,421,284.5,204.5,258.0,176.0,311.0,233.0,1.0
5,422,284.5,204.5,258.0,176.0,311.0,233.0,1.0
5,423,284.5,204.5,258.0,176.0,311.0,233.0,1.0
5,424,284.5,204.5,258.0,176.0,311.0,233.0,1.0
5,425,284.5,204.5,258.0,176.0,311.0,233.0,1.0
5,426,284.5,204.5,258.0,176.0,311.0,233.0,1.0
5,427,284.5,204.5,258.0,176.0,311.0,233.0,1.0
5,428,284.5,204.5,258.0,176.0,311.0,233.0,1.0
5,429,284.5,204.5,258.0,176.0,311.0,233.0,1.0
5,430,284.5,204.5,258.0,176.0,311.0,233.0,1.0
5,431,284.5,204.5,258.0,176.0,311.0,233.0,1.0
5,432,284.5,204.5,258.0,176.0,311.0,233.0,1.0
5,433,284.5,204.5,258.0,176.0,311.0,233.0,1.0
5,434,284.5,204.5,258.0,176.0,311.0,233.0,1.0
5,435,284.5,204.5,258.0,176.0,311.0,233.0,1.0
5,436,284.5,204.5,258.0,176.0,311.0,233.0,1.0
5,437,284.5,204.5,258.0,176.0,311.0,233.0,1.0
5,438,284.5,204.5,258.0,176.0,311.0,233.0,1.0
5,439,284.5,204.5,258.0,176.0,311.0,233.0,1.0
5,440,284.5,204.5,258.0,176.0,311.0,233.0,1.0
5,441,284.5,204.5,258.0,176.0,311.0,233.0,1.0
5,442,284.5,204.5,258.0,176.0,311.0,233.0,1.0
5,443,284.5,204.5,258.0,176.0,311.0,233.0,1.0
5,444,284.5,204.5,258.0,176.0,311.0,233.0,1.0
5,445,284.5,204.5,258.0,176.0,311.0,233.0,1.0
5,446,284.5,204.5,258.0,176.0,311.0,233.0,1.0
5,447,284.5,204.5,258.0,176.0,311.0,233.0,1.0
5,448,284.5,204.5,258.0,176.0,311.0,233.0,1.0
5,449,284.5,204.5,258.0,176.0,311.0,233.0,1.0
5,450,284.5,204.5,258.0,176.0,311.0,233.0,1.0
6,451,52.0,279.5,42.0,269.0,62.0,290.0,1.0
6,452,52.0,279.5,42.0,269.0,62.0,290.0,1.0
6,453,52.0,279.5,42.0,269.0,62.0,290.0,1.0
6,454,52.0,279.5,42.0,269.0,62.0,290.0,1.0
6,455,52.0,279.5,42.0,269.0,62.0,290.0,1.0
6,456,52.0,279.5,42.0,269.0,62.0,290.0,1.0
6,457,52.0,279.5,42.0,269.0,62.0,290.0,1.0
6,458,52.0,279.5,42.0,269.0,62.0,290.0,1.0
6,459,52.0,279.5,42.0,269.0,62.0,290.0,1.0
6,460,52.0,279.5,42.0,269.0,62.0,290.0,1.0
6,461,52.0,279.5,42.0,269.0,62.0,290.0,1.0
6,462,52.0,279.5,42.0,269.0,62.0,290.0,1.0
6,463,52.0,279.5,42.0,269.0,62.0,290.0,1.0
6,464,52.0,279.5,42.0,269.0,62.0,290.0,1.0
6,465,52.0,279.5,42.0,269.0,62.0,290.0,1.0
6,466,52.0,279.5,42.0,269.0,62.0,290.0,1.0
6,467,52.0,279.5,42.0,269.0,62.0,290.0,1.0
6,468,52.0,279.5,42.0,269.0,62.0,290.0,1.0
6,469,52.0,279.5,42.0,269.0,62.0,290.0,1.0
6,470,52.0,279.5,42.0,269.0,62.0,290.0,1.0
6,471,52.0,279.5,42.0,269.0,62.0,290.0,1.0
6,472,52.0,279.5,42.0,269.0,62.0,290.0,1.0
6,473,52.0,279.5,42.0,269.0,62.0,290.0,1.0
6,474,52.0,279.5,42.0,269.0,62.0,290.0,1.0
6,475,52.0,279.5,42.0,269.0,62.0,290.0,1.0
6,476,52.0,279.5,42.0,269.0,62.0,290.0,1.0
6,477,52.0,279.5,42.0,269.0,62.0,290.0,1.0
6,478,52.0,279.5,42.0,269.0,62.0,290.0,1.0
6,479,52.0,279.5,42.0,269.0,62.0,290.0,1.0
6,480,52.0,279.5,42.0,269.0,62.0,290.0,1.0
6,481,52.0,279.5,42.0,269.0,62.0,290.0,1.0
6,482,52.0,279.5,42.0,269.0,62.0,290.0,1.0
6,483,52.0,279.5,42.0,269.0,62.0,290.0,1.0
6,484,52.0,279.5,42.0,269.0,62.0,290.0,1.0
6,485,52.0,279.5,42.0,269.0,62.0,290.0,1.0
6,486,52.0,279.5,42.0,269.0,62.0,290.0,1.0
6,487,52.0,279.5,42.0,269.0,62.0,290.0,1.0
6,488,52.0,279.5,42.0,269.0,62.0,290.0,1.0
6,489,52.0,279.5,42.0,269.0,62.0,290.0,1.0
6,490,52.0,279.5,42.0,269.0,62.0,290.0,1.0
6,491,52.0,279.5,42.0,269.0,62.0,290.0,1.0
6,492,52.0,279.5,42.0,269.0,62.0,290.0,1.0
6,493,52.0,279.5,42.0,269.0,62.0,290.0,1.0
6,494,52.0,279.5,42.0,269.0,62.0,290.0,1.0
6,495,52.0,279.5,42.0,269.0,62.0,290.0,1.0
6,496,52.0,279.5,42.0,269.0,62.0,290.0,1.0
6,497,52.0,279.5,42.0,269.0,62.0,290.0,1.0
6,498,52.0,279.5,42.0,269.0,62.0,290.0,1.0
6,499,52.0,279.5,42.0,269.0,62.0,290.0,1.0
6,500,52.0,279.5,42.0,269.0,62.0,290.0,1.0
6,501,52.0,279.5,42.0,269.0,62.0,290.0,1.0
6,502,52.0,279.5,42.0,269.0,62.0,290.0,1.0
6,503,52.0,279.5,42.0,269.0,62.0,290.0,1.0
6,504,52.0,279.5,42.0,269.0,62.0,290.0,1.0
6,505,52.0,279.5,42.0,269.0,62.0,290.0,1.0
6,506,52.0,279.5,42.0,269.0,62.0,290.0,1.0
6,507,52.0,279.5,42.0,269.0,62.0,290.0,1.0
6,508,52.0,279.5,42.0,269.0,62.0,290.0,1.0
6,509,52.0,279.5,42.0,269.0,62.0,290.0,1.0
6,510,52.0,279.5,42.0,269.0,62.0,290.0,1.0
6,511,52.0,279.5,42.0,269.0,62.0,290.0,1.0
6,512,52.0,279.5,42.0,269.0,62.0,290.0,1.0
6,513,52.0,279.5,42.0,269.0,62.0,290.0,1.0
6,514,52.0,279.5,42.0,269.0,62.0,290.0,1.0
6,515,52.0,279.5,42.0,269.0,62.0,290.0,1.0
6,516,52.0,279.5,42.0,269.0,62.0,290.0,1.0
6,517,52.0,279.5,42.0,269.0,62.0,290.0,1.0
6,518,52.0,279.5,42.0,269.0,62.0,290.0,1.0
6,519,52.0,279.5,42.0,269.0,62.0,290.0,1.0
6,520,52.0,279.5,42.0,269.0,62.0,290.0,1.0
6,521,52.0,279.5,42.0,269.0,62.0,290.0,1.0
6,522,52.0,279.5,42.0,269.0,62.0,290.0,1.0
6,523,52.0,279.5,42.0,269.0,62.0,290.0,1.0
6,524,52.0,279.5,42.0,269.0,62.0,290.0,1.0
6,525,52.0,279.5,42.0,269.0,62.0,290.0,1.0
6,526,52.0,279.5,42.0,269.0,62.0,290.0,1.0
6,527,52.0,279.5,42.0,269.0,62.0,290.0,1.0
6,528,52.0,279.5,42.0,269.0,62.0,290.0,1.0
6,529,52.0,279.5,42.0,269.0,62.0,290.0,1.0
6,530,52.0,279.5,42.0,269.0,62.0,290.0,1.0
6,531,52.0,279.5,42.0,269.0,62.0,290.0,1.0
6,532,52.0,279.5,42.0,269.0,62.0,290.0,1.0
6,533,52.0,279.5,42.0,269.0,62.0,290.0,1.0
6,534,52.0,279.5,42.0,269.0,62.0,290.0,1.0
6,535,52.0,279.5,42.0,269.0,62.0,290.0,1.0
6,536,52.0,279.5,42.0,269.0,62.0,290.0,1.0
6,537,52.0,279.5,42.0,269.0,62.0,290.0,1.0
6,538,52.0,279.5,42.0,269.0,62.0,290.0,1.0
6,539,52.0,279.5,42.0,269.0,62.0,290.0,1.0
6,540,52.0,279.5,42.0,269.0,62.0,290.0,1.0
6,541,52.0,279.5,42.0,269.0,62.0,290.0,1.0
6,542,52.0,279.5,42.0,269.0,62.0,290.0,1.0
6,543,52.0,279.5,42.0,269.0,62.0,290.0,1.0
6,544,52.0,279.5,42.0,269.0,62.0,290.0,1.0
6,545,52.0,279.5,42.0,269.0,62.0,290.0,1.0
6,546,52.0,279.5,42.0,269.0,62.0,290.0,1.0
6,547,52.0,279.5,42.0,269.0,62.0,290.0,1.0
6,548,52.0,279.5,42.0,269.0,62.0,290.0,1.0
6,549,52.0,279.5,42.0,269.0,62.0,290.0,1.0
6,550,52.0,279.5,42.0,269.0,62.0,290.0,1.0
6,551,52.0,279.5,42.0,269.0,62.0,290.0,1.0
6,552,52.0,279.5,42.0,269.0,62.0,290.0,1.0
6,553,52.0,279.5,42.0,269.0,62.0,290.0,1.0
6,554,52.0,279.5,42.0,269.0,62.0,290.0,1.0
6,555,52.0,279.5,42.0,269.0,62.0,290.0,1.0
6,556,52.0,279.5,42.0,269.0,62.0,290.0,1.0
6,557,52.0,279.5,42.0,269.0,62.0,290.0,1.0
6,558,52.0,279.5,42.0,269.0,62.0,290.0,1.0
6,559,52.0,279.5,42.0,269.0,62.0,290.0,1.0
6,560,52.0,279.5,42.0,269.0,62.0,290.0,1.0
6,561,52.0,279.5,42.0,269.0,62.0,290.0,1.0
6,562,52.0,279.5,42.0,269.0,62.0,290.0,1.0
6,563,52.0,279.5,42.0,269.0,62.0,290.0,1.0
6,564,52.0,279.5,42.0,269.0,62.0,290.0,1.0
6,565,52.0,279.5,42.0,269.0,62.0,290.0,1.0
6,566,52.0,279.5,42.0,269.0,62.0,290.0,1.0
6,567,52.0,279.5,42.0,269.0,62.0,290.0,1.0
6,568,52.0,279.5,42.0,269.0,62.0,290.0,1.0
6,569,52.0,279.5,42.0,269.0,62.0,290.0,1.0
6,570,52.0,279.5,42.0,269.0,62.0,290.0,1.0
6,571,52.0,279.5,42.0,269.0,62.0,290.0,1.0
6,572,52.0,279.5,42.0,269.0,62.0,290.0,1.0
6,573,52.0,279.5,42.0,269.0,62.0,290.0,1.0
6,574,52.0,279.5,42.0,269.0,62.0,290.0,1.0
6,575,52.0,279.5,42.0,269.0,62.0,290.0,1.0
6,576,52.0,279.5,42.0,269.0,62.0,290.0,1.0
6,577,52.0,279.5,42.0,269.0,62.0,290.0,1.0
6,578,52.0,279.5,42.0,269.0,62.0,290.0,1.0
6,579,52.0,279.5,42.0,269.0,62.0,290.0,1.0
6,580,52.0,279.5,42.0,269.0,62.0,290.0,1.0
6,581,52.0,279.5,42.0,269.0,62.0,290.0,1.0
6,582,52.0,279.5,42.0,269.0,62.0,290.0,1.0
6,583,52.0,279.5,42.0,269.0,62.0,290.0,1.0
6,584,52.0,279.5,42.0,269.0,62.0,290.0,1.0
6,585,52.0,279.5,42.0,269.0,62.0,290.0,1.0
6,586,52.0,279.5,42.0,269.0,62.0,290.0,1.0
6,587,52.0,279.5,42.0,269.0,62.0,290.0,1.0
6,588,52.0,279.5,42.0,269.0,62.0,290.0,1.0
6,589,52.0,279.5,42.0,269.0,62.0,290.0,1.0
6,590,52.0,279.5,42.0,269.0,62.0,290.0,1.0
6,591,52.0,279.5,42.0,269.0,62.0,290.0,1.0
6,592,52.0,279.5,42.0,269.0,62.0,290.0,1.0
6,593,52.0,279.5,42.0,269.0,62.0,290.0,1.0
6,594,52.0,279.5,42.0,269.0,62.0,290.0,1.0
6,595,52.0,279.5,42.0,269.0,62.0,290.0,1.0
6,596,52.0,279.5,42.0,269.0,62.0,290.0,1.0
6,597,52.0,279.5,42.0,269.0,62.0,290.0,1.0
6,598,52.0,279.5,42.0,269.0,62.0,290.0,1.0
6,599,52.0,279.5,42.0,269.0,62.0,290.0,1.0
6,600,52.0,279.5,42.0,269.0,62.0,290.0,1.0
6,601,52.0,279.5,42.0,269.0,62.0,290.0,1.0
6,602,52.0,279.5,42.0,269.0,62.0,290.0,1.0
6,603,52.0,279.5,42.0,269.0,62.0,290.0,1.0
6,604,52.0,279.5,42.0,269.0,62.0,290.0,1.0
6,605,52.0,279.5,42.0,269.0,62.0,290.0,1.0
6,606,52.0,279.5,42.0,269.0,62.0,290.0,1.0
6,607,52.0,279.5,42.0,269.0,62.0,290.0,1.0
6,608,52.0,279.5,42.0,269.0,62.0,290.0,1.0
6,609,52.0,279.5,42.0,269.0,62.0,290.0,1.0
6,610,52.0,279.5,42.0,269.0,62.0,290.0,1.0
6,611,52.0,279.5,42.0,269.0,62.0,290.0,1.0
6,612,52.0,279.5,42.0,269.0,62.0,290.0,1.0
6,613,52.0,279.5,42.0,269.0,62.0,290.0,1.0
6,614,52.0,279.5,42.0,269.0,62.0,290.0,1.0
6,615,52.0,279.5,42.0,269.0,62.0,290.0,1.0
6,616,52.0,279.5,42.0,269.0,62.0,290.0,1.0
6,617,52.0,279.5,42.0,269.0,62.0,290.0,1.0
6,618,52.0,279.5,42.0,269.0,62.0,290.0,1.0
6,619,52.0,279.5,42.0,269.0,62.0,290.0,1.0
6,620,52.0,279.5,42.0,269.0,62.0,290.0,1.0
6,621,52.0,279.5,42.0,269.0,62.0,290.0,1.0
6,622,52.0,279.5,42.0,269.0,62.0,290.0,1.0
6,623,52.0,279.5,42.0,269.0,62.0,290.0,1.0
6,624,52.0,279.5,42.0,269.0,62.0,290.0,1.0
6,625,52.0,279.5,42.0,269.0,62.0,290.0,1.0
6,626,52.0,279.5,42.0,269.0,62.0,290.0,1.0
6,627,52.0,279.5,42.0,269.0,62.0,290.0,1.0
6,628,52.0,279.5,42.0,269.0,62.0,290.0,1.0
6,629,52.0,279.5,42.0,269.0,62.0,290.0,1.0
6,630,52.0,279.5,42.0,269.0,62.0,290.0,1.0
6,631,52.0,279.5,42.0,269.0,62.0,290.0,1.0
6,632,52.0,279.5,42.0,269.0,62.0,290.0,1.0
6,633,52.0,279.5,42.0,269.0,62.0,290.0,1.0
6,634,52.0,279.5,42.0,269.0,62.0,290.0,1.0
6,635,52.0,279.5,42.0,269.0,62.0,290.0,1.0
6,636,52.0,279.5,42.0,269.0,62.0,290.0,1.0
6,637,52.0,279.5,42.0,269.0,62.0,290.0,1.0
6,638,52.0,279.5,42.0,269.0,62.0,290.0,1.0
6,639,52.0,279.5,42.0,269.0,62.0,290.0,1.0
6,640,52.0,279.5,42.0,269.0,62.0,290.0,1.0
6,641,52.0,279.5,42.0,269.0,62.0,290.0,1.0
6,642,52.0,279.5,42.0,269.0,62.0,290.0,1.0
6,643,52.0,279.5,42.0,269.0,62.0,290.0,1.0
6,644,52.0,279.5,42.0,269.0,62.0,290.0,1.0
6,645,52.0,279.5,42.0,269.0,62.0,290.0,1.0
6,646,52.0,279.5,42.0,269.0,62.0,290.0,1.0
6,647,52.0,279.5,42.0,269.0,62.0,290.0,1.0
6,648,52.0,279.5,42.0,269.0,62.0,290.0,1.0
6,649,52.0,279.5,42.0,269.0,62.0,290.0,1.0
6,650,52.0,279.5,42.0,269.0,62.0,290.0,1.0
6,651,52.0,279.5,42.0,269.0,62.0,290.0,1.0
6,652,52.0,279.5,42.0,269.0,62.0,290.0,1.0
6,653,52.0,279.5,42.0,269.0,62.0,290.0,1.0
6,654,52.0,279.5,42.0,269.0,62.0,290.0,1.0
6,655,52.0,279.5,42.0,269.0,62.0,290.0,1.0
6,656,52.0,279.5,42.0,269.0,62.0,290.0,1.0
6,657,52.0,279.5,42.0,269.0,62.0,290.0,1.0
6,658,52.0,279.5,42.0,269.0,62.0,290.0,1.0
6,659,52.0,279.5,42.0,269.0,62.0,290.0,1.0
6,660,52.0,279.5,42.0,269.0,62.0,290.0,1.0
6,661,52.0,279.5,42.0,269.0,62.0,290.0,1.0
6,662,52.0,279.5,42.0,269.0,62.0,290.0,1.0
6,663,52.0,279.5,42.0,269.0,62.0,290.0,1.0
6,664,52.0,279.5,42.0,269.0,62.0,290.0,1.0
6,665,52.0,279.5,42.0,269.0,62.0,290.0,1.0
6,666,52.0,279.5,42.0,269.0,62.0,290.0,1.0
6,667,52.0,279.5,42.0,269.0,62.0,290.0,1.0
6,668,52.0,279.5,42.0,269.0,62.0,290.0,1.0
6,669,52.0,279.5,42.0,269.0,62.0,290.0,1.0
6,670,52.0,279.5,42.0,269.0,62.0,290.0,1.0
6,671,52.0,279.5,42.0,269.0,62.0,290.0,1.0
6,672,52.0,279.5,42.0,269.0,62.0,290.0,1.0
6,673,52.0,279.5,42.0,269.0,62.0,290.0,1.0
6,674,52.0,279.5,42.0,269.0,62.0,290.0,1.0
6,675,52.0,279.5,42.0,269.0,62.0,290.0,1.0
6,676,52.0,279.5,42.0,269.0,62.0,290.0,1.0
6,677,52.0,279.5,42.0,269.0,62.0,290.0,1.0
6,678,52.0,279.5,42.0,269.0,62.0,290.0,1.0
6,679,52.0,279.5,42.0,269.0,62.0,290.0,1.0
6,680,52.0,279.5,42.0,269.0,62.0,290.0,1.0
6,681,52.0,279.5,42.0,269.0,62.0,290.0,1.0
6,682,52.0,279.5,42.0,269.0,62.0,290.0,1.0
6,683,52.0,279.5,42.0,269.0,62.0,290.0,1.0
6,684,52.0,279.5,42.0,269.0,62.0,290.0,1.0
6,685,52.0,279.5,42.0,269.0,62.0,290.0,1.0
6,686,52.0,279.5,42.0,269.0,62.0,290.0,1.0
6,687,52.0,279.5,42.0,269.0,62.0,290.0,1.0
6,688,52.0,279.5,42.0,269.0,62.0,290.0,1.0
6,689,52.0,279.5,42.0,269.0,62.0,290.0,1.0
6,690,52.0,279.5,42.0,269.0,62.0,290.0,1.0
6,691,52.0,279.5,42.0,269.0,62.0,290.0,1.0
6,692,52.0,279.5,42.0,269.0,62.0,290.0,1.0
6,693,52.0,279.5,42.0,269.0,62.0,290.0,1.0
6,694,52.0,279.5,42.0,269.0,62.0,290.0,1.0
6,695,52.0,279.5,42.0,269.0,62.0,290.0,1.0
6,696,52.0,279.5,42.0,269.0,62.0,290.0,1.0
6,697,52.0,279.5,42.0,269.0,62.0,290.0,1.0
6,698,52.0,279.5,42.0,269.0,62.0,290.0,1.0
6,699,52.0,279.5,42.0,269.0,62.0,290.0,1.0
6,700,52.0,279.5,42.0,269.0,62.0,290.0,1.0
6,701,52.0,279.5,42.0,269.0,62.0,290.0,1.0
6,702,52.0,279.5,42.0,269.0,62.0,290.0,1.0
6,703,52.0,279.5,42.0,269.0,62.0,290.0,1.0
6,704,52.0,279.5,42.0,269.0,62.0,290.0,1.0
6,705,52.0,279.5,42.0,269.0,62.0,290.0,1.0
6,706,52.0,279.5,42.0,269.0,62.0,290.0,1.0
6,707,52.0,279.5,42.0,269.0,62.0,290.0,1.0
6,708,52.0,279.5,42.0,269.0,62.0,290.0,1.0
6,709,52.0,279.5,42.0,269.0,62.0,290.0,1.0
6,710,52.0,279.5,42.0,269.0,62.0,290.0,1.0
6,711,52.0,279.5,42.0,269.0,62.0,290.0,1.0
6,712,52.0,279.5,42.0,269.0,62.0,290.0,1.0
6,713,52.0,279.5,42.0,269.0,62.0,290.0,1.0
6,714,52.0,279.5,42.0,269.0,62.0,290.0,1.0
6,715,52.0,279.5,42.0,269.0,62.0,290.0,1.0
6,716,52.0,279.5,42.0,269.0,62.0,290.0,1.0
6,717,52.0,279.5,42.0,269.0,62.0,290.0,1.0
6,718,52.0,279.5,42.0,269.0,62.0,290.0,1.0
6,719,52.0,279.5,42.0,269.0,62.0,290.0,1.0
6,720,52.0,279.5,42.0,269.0,62.0,290.0,1.0
6,721,52.0,279.5,42.0,269.0,62.0,290.0,1.0
6,722,52.0,279.5,42.0,269.0,62.0,290.0,1.0
6,723,52.0,279.5,42.0,269.0,62.0,290.0,1.0
6,724,52.0,279.5,42.0,269.0,62.0,290.0,1.0
6,725,52.0,279.5,42.0,269.0,62.0,290.0,1.0
6,726,52.0,279.5,42.0,269.0,62.0,290.0,1.0
6,727,52.0,279.5,42.0,269.0,62.0,290.0,1.0
6,728,52.0,279.5,42.0,269.0,62.0,290.0,1.0
6,729,52.0,279.5,42.0,269.0,62.0,290.0,1.0
6,730,52.0,279.5,42.0,269.0,62.0,290.0,1.0
6,731,52.0,279.5,42.0,269.0,62.0,290.0,1.0
6,732,52.0,279.5,42.0,269.0,62.0,290.0,1.0
6,733,52.0,279.5,42.0,269.0,62.0,290.0,1.0
6,734,52.0,279.5,42.0,269.0,62.0,290.0,1.0
6,735,52.0,279.5,42.0,269.0,62.0,290.0,1.0
6,736,52.0,279.5,42.0,269.0,62.0,290.0,1.0
6,737,52.0,279.5,42.0,269.0,62.0,290.0,1.0
6,738,52.0,279.5,42.0,269.0,62.0,290.0,1.0
6,739,52.0,279.5,42.0,269.0,62.0,290.0,1.0
6,740,52.0,279.5,42.0,269.0,62.0,290.0,1.0
6,741,52.0,279.5,42.0,269.0,62.0,290.0,1.0
6,742,52.0,279.5,42.0,269.0,62.0,290.0,1.0
6,743,52.0,279.5,42.0,269.0,62.0,290.0,1.0
6,744,52.0,279.5,42.0,269.0,62.0,290.0,1.0
6,745,52.0,279.5,42.0,269.0,62.0,290.0,1.0
6,746,52.0,279.5,42.0,269.0,62.0,290.0,1.0
6,747,52.0,279.5,42.0,269.0,62.0,290.0,1.0
6,748,52.0,279.5,42.0,269.0,62.0,290.0,1.0
6,749,52.0,279.5,42.0,269.0,62.0,290.0,1.0
6,750,52.0,279.5,42.0,269.0,62.0,290.0,1.0
6,751,52.0,279.5,42.0,269.0,62.0,290.0,1.0
6,752,52.0,279.5,42.0,269.0,62.0,290.0,1.0
6,753,52.0,279.5,42.0,269.0,62.0,290.0,1.0
6,754,52.0,279.5,42.0,269.0,62.0,290.0,1.0
6,755,52.0,279.5,42.0,269.0,62.0,290.0,1.0
6,756,52.0,279.5,42.0,269.0,62.0,290.0,1.0
6,757,52.0,279.5,42.0,269.0,62.0,290.0,1.0
6,758,52.0,279.5,42.0,269.0,62.0,290.0,1.0
6,759,52.0,279.5,42.0,269.0,62.0,290.0,1.0
6,760,52.0,279.5,42.0,269.0,62.0,290.0,1.0
6,761,52.0,279.5,42.0,269.0,62.0,290.0,1.0
6,762,52.0,279.5,42.0,269.0,62.0,290.0,1.0
6,763,52.0,279.5,42.0,269.0,62.0,290.0,1.0
6,764,52.0,279.5,42.0,269.0,62.0,290.0,1.0
6,765,52.0,279.5,42.0,269.0,62.0,290.0,1.0
6,766,52.0,279.5,42.0,269.0,62.0,290.0,1.0
6,767,52.0,279.5,42.0,269.0,62.0,290.0,1.0
6,768,52.0,279.5,42.0,269.0,62.0,290.0,1.0
6,769,52.0,279.5,42.0,269.0,62.0,290.0,1.0
6,770,52.0,279.5,42.0,269.0,62.0,290.0,1.0
6,771,52.0,279.5,42.0,269.0,62.0,290.0,1.0
6,772,52.0,279.5,42.0,269.0,62.0,290.0,1.0
6,773,52.0,279.5,42.0,269.0,62.0,290.0,1.0
6,774,52.0,279.5,42.0,269.0,62.0,290.0,1.0
6,775,52.0,279.5,42.0,269.0,62.0,290.0,1.0
6,776,52.0,279.5,42.0,269.0,62.0,290.0,1.0
6,777,52.0,279.5,42.0,269.0,62.0,290.0,1.0
6,778,52.0,279.5,42.0,269.0,62.0,290.0,1.0
6,779,52.0,279.5,42.0,269.0,62.0,290.0,1.0
6,780,52.0,279.5,42.0,269.0,62.0,290.0,1.0
6,781,52.0,279.5,42.0,269.0,62.0,290.0,1.0
6,782,52.0,279.5,42.0,269.0,62.0,290.0,1.0
6,783,52.0,279.5,42.0,269.0,62.0,290.0,1.0
6,784,52.0,279.5,42.0,269.0,62.0,290.0,1.0
6,785,52.0,279.5,42.0,269.0,62.0,290.0,1.0
6,786,52.0,279.5,42.0,269.0,62.0,290.0,1.0
6,787,52.0,279.5,42.0,269.0,62.0,290.0,1.0
6,788,52.0,279.5,42.0,269.0,62.0,290.0,1.0
6,789,52.0,279.5,42.0,269.0,62.0,290.0,1.0
6,790,52.0,279.5,42.0,269.0,62.0,290.0,1.0
6,791,52.0,279.5,42.0,269.0,62.0,290.0,1.0
6,792,52.0,279.5,42.0,269.0,62.0,290.0,1.0
6,793,52.0,279.5,42.0,269.0,62.0,290.0,1.0
6,794,52.0,279.5,42.0,269.0,62.0,290.0,1.0
6,795,52.0,279.5,42.0,269.0,62.0,290.0,1.0
6,796,52.0,279.5,42.0,269.0,62.0,290.0,1.0
6,797,52.0,279.5,42.0,269.0,62.0,290.0,1.0
6,798,52.0,279.5,42.0,269.0,62.0,290.0,1.0
6,799,52.0,279.5,42.0,269.0,62.0,290.0,1.0
6,800,52.0,279.5,42.0,269.0,62.0,290.0,1.0
6,801,52.0,279.5,42.0,269.0,62.0,290.0,1.0
6,802,52.0,279.5,42.0,269.0,62.0,290.0,1.0
6,803,52.0,279.5,42.0,269.0,62.0,290.0,1.0
6,804,52.0,279.5,42.0,269.0,62.0,290.0,1.0
6,805,52.0,279.5,42.0,269.0,62.0,290.0,1.0
6,806,52.0,279.5,42.0,269.0,62.0,290.0,1.0
6,807,52.0,279.5,42.0,269.0,62.0,290.0,1.0
6,808,52.0,279.5,42.0,269.0,62.0,290.0,1.0
6,809,52.0,279.5,42.0,269.0,62.0,290.0,1.0
6,810,52.0,279.5,42.0,269.0,62.0,290.0,1.0
6,811,52.0,279.5,42.0,269.0,62.0,290.0,1.0
6,812,52.0,279.5,42.0,269.0,62.0,290.0,1.0
6,813,52.0,279.5,42.0,269.0,62.0,290.0,1.0
6,814,52.0,279.5,42.0,269.0,62.0,290.0,1.0
6,815,52.0,279.5,42.0,269.0,62.0,290.0,1.0
6,816,52.0,279.5,42.0,269.0,62.0,290.0,1.0
6,817,52.0,279.5,42.0,269.0,62.0,290.0,1.0
6,818,52.0,279.5,42.0,269.0,62.0,290.0,1.0
6,819,52.0,279.5,42.0,269.0,62.0,290.0,1.0
6,820,52.0,279.5,42.0,269.0,62.0,290.0,1.0
6,821,52.0,279.5,42.0,269.0,62.0,290.0,1.0
6,822,52.0,279.5,42.0,269.0,62.0,290.0,1.0
6,823,52.0,279.5,42.0,269.0,62.0,290.0,1.0
6,824,52.0,279.5,42.0,269.0,62.0,290.0,1.0
6,825,52.0,279.5,42.0,269.0,62.0,290.0,1.0
6,826,52.0,279.5,42.0,269.0,62.0,290.0,1.0
6,827,52.0,279.5,42.0,269.0,62.0,290.0,1.0
6,828,52.0,279.5,42.0,269.0,62.0,290.0,1.0
6,829,52.0,279.5,42.0,269.0,62.0,290.0,1.0
6,830,52.0,279.5,42.0,269.0,62.0,290.0,1.0
6,831,52.0,279.5,42.0,269.0,62.0,290.0,1.0
6,832,52.0,279.5,42.0,269.0,62.0,290.0,1.0
6,833,52.0,279.5,42.0,269.0,62.0,290.0,1.0
6,834,52.0,279.5,42.0,269.0,62.0,290.0,1.0
6,835,52.0,279.5,42.0,269.0,62.0,290.0,1.0
6,836,52.0,279.5,42.0,269.0,62.0,290.0,1.0
6,837,52.0,279.5,42.0,269.0,62.0,290.0,1.0
6,838,52.0,279.5,42.0,269.0,62.0,290.0,1.0
6,839,52.0,279.5,42.0,269.0,62.0,290.0,1.0
6,840,52.0,279.5,42.0,269.0,62.0,290.0,1.0
6,841,52.0,279.5,42.0,269.0,62.0,290.0,1.0
6,842,52.0,279.5,42.0,269.0,62.0,290.0,1.0
6,843,52.0,279.5,42.0,269.0,62.0,290.0,1.0
6,844,52.0,279.5,42.0,269.0,62.0,290.0,1.0
6,845,52.0,279.5,42.0,269.0,62.0,290.0,1.0
6,846,52.0,279.5,42.0,269.0,62.0,290.0,1.0
6,847,52.0,279.5,42.0,269.0,62.0,290.0,1.0
6,848,52.0,279.5,42.0,269.0,62.0,290.0,1.0
6,849,52.0,279.5,42.0,269.0,62.0,290.0,1.0
6,850,52.0,279.5,42.0,269.0,62.0,290.0,1.0
6,851,52.0,279.5,42.0,269.0,62.0,290.0,1.0
6,852,52.0,279.5,42.0,269.0,62.0,290.0,1.0
6,853,52.0,279.5,42.0,269.0,62.0,290.0,1.0
6,854,52.0,279.5,42.0,269.0,62.0,290.0,1.0
6,855,52.0,279.5,42.0,269.0,62.0,290.0,1.0
6,856,52.0,279.5,42.0,269.0,62.0,290.0,1.0
6,857,52.0,279.5,42.0,269.0,62.0,290.0,1.0
6,858,52.0,279.5,42.0,269.0,62.0,290.0,1.0
6,859,52.0,279.5,42.0,269.0,62.0,290.0,1.0
6,860,52.0,279.5,42.0,269.0,62.0,290.0,1.0
6,861,52.0,279.5,42.0,269.0,62.0,290.0,1.0
6,862,52.0,279.5,42.0,269.0,62.0,290.0,1.0
6,863,52.0,279.5,42.0,269.0,62.0,290.0,1.0
6,864,52.0,279.5,42.0,269.0,62.0,290.0,1.0
6,865,52.0,279.5,42.0,269.0,62.0,290.0,1.0
6,866,52.0,279.5,42.0,269.0,62.0,290.0,1.0
6,867,52.0,279.5,42.0,269.0,62.0,290.0,1.0
6,868,52.0,279.5,42.0,269.0,62.0,290.0,1.0
6,869,52.0,279.5,42.0,269.0,62.0,290.0,1.0
6,870,52.0,279.5,42.0,269.0,62.0,290.0,1.0
6,871,52.0,279.5,42.0,269.0,62.0,290.0,1.0
6,872,52.0,279.5,42.0,269.0,62.0,290.0,1.0
6,873,52.0,279.5,42.0,269.0,62.0,290.0,1.0
6,874,52.0,279.5,42.0,269.0,62.0,290.0,1.0
6,875,52.0,279.5,42.0,269.0,62.0,290.0,1.0
6,876,52.0,279.5,42.0,269.0,62.0,290.0,1.0
6,877,52.0,279.5,42.0,269.0,62.0,290.0,1.0
6,878,52.0,279.5,42.0,269.0,62.0,290.0,1.0
6,879,52.0,279.5,42.0,269.0,62.0,290.0,1.0
6,880,52.0,279.5,42.0,269.0,62.0,290.0,1.0
6,881,52.0,279.5,42.0,269.0,62.0,290.0,1.0
6,882,52.0,279.5,42.0,269.0,62.0,290.0,1.0
6,883,52.0,279.5,42.0,269.0,62.0,290.0,1.0
6,884,52.0,279.5,42.0,269.0,62.0,290.0,1.0
6,885,52.0,279.5,42.0,269.0,62.0,290.0,1.0
6,886,52.0,279.5,42.0,269.0,62.0,290.0,1.0
6,887,52.0,279.5,42.0,269.0,62.0,290.0,1.0
6,888,52.0,279.5,42.0,269.0,62.0,290.0,1.0
6,889,52.0,279.5,42.0,269.0,62.0,290.0,1.0
6,890,52.0,279.5,42.0,269.0,62.0,290.0,1.0
6,891,52.0,279.5,42.0,269.0,62.0,290.0,1.0
6,892,52.0,279.5,42.0,269.0,62.0,290.0,1.0
6,893,52.0,279.5,42.0,269.0,62.0,290.0,1.0
6,894,52.0,279.5,42.0,269.0,62.0,290.0,1.0
6,895,52.0,279.5,42.0,269.0,62.0,290.0,1.0
6,896,52.0,279.5,42.0,269.0,62.0,290.0,1.0
6,897,52.0,279.5,42.0,269.0,62.0,290.0,1.0
6,898,52.0,279.5,42.0,269.0,62.0,290.0,1.0
6,899,52.0,279.5,42.0,269.0,62.0,290.0,1.0
6,900,52.0,279.5,42.0,269.0,62.0,290.0,1.0
6,901,52.0,279.5,42.0,269.0,62.0,290.0,1.0
6,902,52.0,279.5,42.0,269.0,62.0,290.0,1.0
6,903,52.0,279.5,42.0,269.0,62.0,290.0,1.0
6,904,52.0,279.5,42.0,269.0,62.0,290.0,1.0
6,905,52.0,279.5,42.0,269.0,62.0,290.0,1.0
6,906,52.0,279.5,42.0,269.0,62.0,290.0,1.0
6,907,52.0,279.5,42.0,269.0,62.0,290.0,1.0
6,908,52.0,279.5,42.0,269.0,62.0,290.0,1.0
6,909,52.0,279.5,42.0,269.0,62.0,290.0,1.0
6,910,52.0,279.5,42.0,269.0,62.0,290.0,1.0
6,911,52.0,279.5,42.0,269.0,62.0,290.0,1.0
6,912,52.0,279.5,42.0,269.0,62.0,290.0,1.0
6,913,52.0,279.5,42.0,269.0,62.0,290.0,1.0
6,914,52.0,279.5,42.0,269.0,62.0,290.0,1.0
6,915,52.0,279.5,42.0,269.0,62.0,290.0,1.0
6,916,52.0,279.5,42.0,269.0,62.0,290.0,1.0
6,917,52.0,279.5,42.0,269.0,62.0,290.0,1.0
6,918,52.0,279.5,42.0,269.0,62.0,290.0,1.0
6,919,52.0,279.5,42.0,269.0,62.0,290.0,1.0
6,920,52.0,279.5,42.0,269.0,62.0,290.0,1.0
6,921,52.0,279.5,42.0,269.0,62.0,290.0,1.0
6,922,52.0,279.5,42.0,269.0,62.0,290.0,1.0
6,923,52.0,279.5,42.0,269.0,62.0,290.0,1.0
6,924,52.0,279.5,42.0,269.0,62.0,290.0,1.0
6,925,52.0,279.5,42.0,269.0,62.0,290.0,1.0
6,926,52.0,279.5,42.0,269.0,62.0,290.0,1.0
6,927,52.0,279.5,42.0,269.0,62.0,290.0,1.0
6,928,52.0,279.5,42.0,269.0,62.0,290.0,1.0
6,929,52.0,279.5,42.0,269.0,62.0,290.0,1.0
6,930,52.0,279.5,42.0,269.0,62.0,290.0,1.0
6,931,52.0,279.5,42.0,269.0,62.0,290.0,1.0
6,932,52.0,279.5,42.0,269.0,62.0,290.0,1.0
6,933,52.0,279.5,42.0,269.0,62.0,290.0,1.0
6,934,52.0,279.5,42.0,269.0,62.0,290.0,1.0
6,935,52.0,279.5,42.0,269.0,62.0,290.0,1.0
6,936,52.0,279.5,42.0,269.0,62.0,290.0,1.0
6,937,52.0,279.5,42.0,269.0,62.0,290.0,1.0
6,938,52.0,279.5,42.0,269.0,62.0,290.0,1.0
6,939,52.0,279.5,42.0,269.0,62.0,290.0,1.0
6,940,52.0,279.5,42.0,269.0,62.0,290.0,1.0
6,941,52.0,279.5,42.0,269.0,62.0,290.0,1.0
6,942,52.0,279.5,42.0,269.0,62.0,290.0,1.0
6,943,52.0,279.5,42.0,269.0,62.0,290.0,1.0
6,944,52.0,279.5,42.0,269.0,62.0,290.0,1.0
6,945,52.0,279.5,42.0,269.0,62.0,290.0,1.0
6,946,52.0,279.5,42.0,269.0,62.0,290.0,1.0
6,947,52.0,279.5,42.0,269.0,62.0,290.0,1.0
6,948,52.0,279.5,42.0,269.0,62.0,290.0,1.0
6,949,52.0,279.5,42.0,269.0,62.0,290.0,1.0
6,950,52.0,279.5,42.0,269.0,62.0,290.0,1.0
6,951,52.0,279.5,42.0,269.0,62.0,290.0,1.0
6,952,52.0,279.5,42.0,269.0,62.0,290.0,1.0
6,953,52.0,279.5,42.0,269.0,62.0,290.0,1.0
6,954,52.0,279.5,42.0,269.0,62.0,290.0,1.0
6,955,52.0,279.5,42.0,269.0,62.0,290.0,1.0
6,956,52.0,279.5,42.0,269.0,62.0,290.0,1.0
6,957,52.0,279.5,42.0,269.0,62.0,290.0,1.0
6,958,52.0,279.5,42.0,269.0,62.0,290.0,1.0
6,959,52.0,279.5,42.0,269.0,62.0,290.0,1.0
6,960,52.0,279.5,42.0,269.0,62.0,290.0,1.0
6,961,52.0,279.5,42.0,269.0,62.0,290.0,1.0
6,962,52.0,279.5,42.0,269.0,62.0,290.0,1.0
6,963,52.0,279.5,42.0,269.0,62.0,290.0,1.0
6,964,52.0,279.5,42.0,269.0,62.0,290.0,1.0
6,965,52.0,279.5,42.0,269.0,62.0,290.0,1.0
6,966,52.0,279.5,42.0,269.0,62.0,290.0,1.0
6,967,52.0,279.5,42.0,269.0,62.0,290.0,1.0
6,968,52.0,279.5,42.0,269.0,62.0,290.0,1.0
6,969,52.0,279.5,42.0,269.0,62.0,290.0,1.0
6,970,52.0,279.5,42.0,269.0,62.0,290.0,1.0
6,971,52.0,279.5,42.0,269.0,62.0,290.0,1.0
6,972,52.0,279.5,42.0,269.0,62.0,290.0,1.0
6,973,52.0,279.5,42.0,269.0,62.0,290.0,1.0
6,974,52.0,279.5,42.0,269.0,62.0,290.0,1.0
6,975,52.0,279.5,42.0,269.0,62.0,290.0,1.0
6,976,52.0,279.5,42.0,269.0,62.0,290.0,1.0
6,977,52.0,279.5,42.0,269.0,62.0,290.0,1.0
6,978,52.0,279.5,42.0,269.0,62.0,290.0,1.0
6,979,52.0,279.5,42.0,269.0,62.0,290.0,1.0
6,980,52.0,279.5,42.0,269.0,62.0,290.0,1.0
6,981,52.0,279.5,42.0,269.0,62.0,290.0,1.0
6,982,52.0,279.5,42.0,269.0,62.0,290.0,1.0
6,983,52.0,279.5,42.0,269.0,62.0,290.0,1.0
6,984,52.0,279.5,42.0,269.0,62.0,290.0,1.0
6,985,52.0,279.5,42.0,269.0,62.0,290.0,1.0
6,986,52.0,279.5,42.0,269.0,62.0,290.0,1.0
6,987,52.0,279.5,42.0,269.0,62.0,290.0,1.0
6,988,52.0,279.5,42.0,269.0,62.0,290.0,1.0
6,989,52.0,279.5,42.0,269.0,62.0,290.0,1.0
6,990,52.0,279.5,42.0,269.0,62.0,290.0,1.0
6,991,52.0,279.5,42.0,269.0,62.0,290.0,1.0
6,992,52.0,279.5,42.0,269.0,62.0,290.0,1.0
6,993,52.0,279.5,42.0,269.0,62.0,290.0,1.0
6,994,52.0,279.5,42.0,269.0,62.0,290.0,1.0
6,995,52.0,279.5,42.0,269.0,62.0,290.0,1.0
6,996,52.0,279.5,42.0,269.0,62.0,290.0,1.0
6,997,52.0,279.5,42.0,269.0,62.0,290.0,1.0
6,998,52.0,279.5,42.0,269.0,62.0,290.0,1.0
6,999,52.0,279.5,42.0,269.0,62.0,290.0,1.0
6,1000,52.0,279.5,42.0,269.0,62.0,290.0,1.0
6,1001,52.0,279.5,42.0,269.0,62.0,290.0,1.0
6,1002,52.0,279.5,42.0,269.0,62.0,290.0,1.0
6,1003,52.0,279.5,42.0,269.0,62.0,290.0,1.0
6,1004,52.0,279.5,42.0,269.0,62.0,290.0,1.0
6,1005,52.0,279.5,42.0,269.0,62.0,290.0,1.0
6,1006,52.0,279.5,42.0,269.0,62.0,290.0,1.0
6,1007,52.0,279.5,42.0,269.0,62.0,290.0,1.0
6,1008,52.0,279.5,42.0,269.0,62.0,290.0,1.0
6,1009,52.0,279.5,42.0,269.0,62.0,290.0,1.0
6,1010,52.0,279.5,42.0,269.0,62.0,290.0,1.0
6,1011,52.0,279.5,42.0,269.0,62.0,290.0,1.0
6,1012,52.0,279.5,42.0,269.0,62.0,290.0,1.0
6,1013,52.0,279.5,42.0,269.0,62.0,290.0,1.0
6,1014,52.0,279.5,42.0,269.0,62.0,290.0,1.0
6,1015,52.0,279.5,42.0,269.0,62.0,290.0,1.0
6,1016,52.0,279.5,42.0,269.0,62.0,290.0,1.0
6,1017,52.0,279.5,42.0,269.0,62.0,290.0,1.0
6,1018,52.0,279.5,42.0,269.0,62.0,290.0,1.0
6,1019,52.0,279.5,42.0,269.0,62.0,290.0,1.0
6,1020,52.0,279.5,42.0,269.0,62.0,290.0,1.0
6,1021,52.0,279.5,42.0,269.0,62.0,290.0,1.0
6,1022,52.0,279.5,42.0,269.0,62.0,290.0,1.0
6,1023,52.0,279.5,42.0,269.0,62.0,290.0,1.0
6,1024,52.0,279.5,42.0,269.0,62.0,290.0,1.0
6,1025,52.0,279.5,42.0,269.0,62.0,290.0,1.0
6,1026,52.0,279.5,42.0,269.0,62.0,290.0,1.0
6,1027,52.0,279.5,42.0,269.0,62.0,290.0,1.0
6,1028,52.0,279.5,42.0,269.0,62.0,290.0,1.0
6,1029,52.0,279.5,42.0,269.0,62.0,290.0,1.0
6,1030,52.0,279.5,42.0,269.0,62.0,290.0,1.0
6,1031,52.0,279.5,42.0,269.0,62.0,290.0,1.0
6,1032,52.0,279.5,42.0,269.0,62.0,290.0,1.0
6,1033,52.0,279.5,42.0,269.0,62.0,290.0,1.0
6,1034,52.0,279.5,42.0,269.0,62.0,290.0,1.0
6,1035,52.0,279.5,42.0,269.0,62.0,290.0,1.0
6,1036,52.0,279.5,42.0,269.0,62.0,290.0,1.0
6,1037,52.0,279.5,42.0,269.0,62.0,290.0,1.0
6,1038,52.0,279.5,42.0,269.0,62.0,290.0,1.0
6,1039,52.0,279.5,42.0,269.0,62.0,290.0,1.0
6,1040,52.0,279.5,42.0,269.0,62.0,290.0,1.0
6,1041,52.0,279.5,42.0,269.0,62.0,290.0,1.0
6,1042,52.0,279.5,42.0,269.0,62.0,290.0,1.0
6,1043,52.0,279.5,42.0,269.0,62.0,290.0,1.0
6,1044,52.0,279.5,42.0,269.0,62.0,290.0,1.0
6,1045,52.0,279.5,42.0,269.0,62.0,290.0,1.0
6,1046,52.0,279.5,42.0,269.0,62.0,290.0,1.0
6,1047,52.0,279.5,42.0,269.0,62.0,290.0,1.0
6,1048,52.0,279.5,42.0,269.0,62.0,290.0,1.0
6,1049,52.0,279.5,42.0,269.0,62.0,290.0,1.0
6,1050,52.0,279.5,42.0,269.0,62.0,290.0,1.0
6,1051,52.0,279.5,42.0,269.0,62.0,290.0,1.0
6,1052,52.0,279.5,42.0,269.0,62.0,290.0,1.0
6,1053,52.0,279.5,42.0,269.0,62.0,290.0,1.0
6,1054,52.0,279.5,42.0,269.0,62.0,290.0,1.0
6,1055,52.0,279.5,42.0,269.0,62.0,290.0,1.0
6,1056,52.0,279.5,42.0,269.0,62.0,290.0,1.0
6,1057,52.0,279.5,42.0,269.0,62.0,290.0,1.0
6,1058,52.0,279.5,42.0,269.0,62.0,290.0,1.0
6,1059,52.0,279.5,42.0,269.0,62.0,290.0,1.0
6,1060,52.0,279.5,42.0,269.0,62.0,290.0,1.0
6,1061,52.0,279.5,42.0,269.0,62.0,290.0,1.0
6,1062,52.0,279.5,42.0,269.0,62.0,290.0,1.0
6,1063,52.0,279.5,42.0,269.0,62.0,290.0,1.0
6,1064,52.0,279.5,42.0,269.0,62.0,290.0,1.0
6,1065,52.0,279.5,42.0,269.0,62.0,290.0,1.0
6,1066,52.0,279.5,42.0,269.0,62.0,290.0,1.0
6,1067,52.0,279.5,42.0,269.0,62.0,290.0,1.0
6,1068,52.0,279.5,42.0,269.0,62.0,290.0,1.0
6,1069,52.0,279.5,42.0,269.0,62.0,290.0,1.0
6,1070,52.0,279.5,42.0,269.0,62.0,290.0,1.0
6,1071,52.0,279.5,42.0,269.0,62.0,290.0,1.0
6,1072,52.0,279.5,42.0,269.0,62.0,290.0,1.0
6,1073,52.0,279.5,42.0,269.0,62.0,290.0,1.0
6,1074,52.0,279.5,42.0,269.0,62.0,290.0,1.0
6,1075,52.0,279.5,42.0,269.0,62.0,290.0,1.0
6,1076,52.0,279.5,42.0,269.0,62.0,290.0,1.0
6,1077,52.0,279.5,42.0,269.0,62.0,290.0,1.0
6,1078,52.0,279.5,42.0,269.0,62.0,290.0,1.0
6,1079,52.0,279.5,42.0,269.0,62.0,290.0,1.0
6,1080,52.0,279.5,42.0,269.0,62.0,290.0,1.0
6,1081,52.0,279.5,42.0,269.0,62.0,290.0,1.0
6,1082,52.0,279.5,42.0,269.0,62.0,290.0,1.0
6,1083,52.0,279.5,42.0,269.0,62.0,290.0,1.0
6,1084,52.0,279.5,42.0,269.0,62.0,290.0,1.0
6,1085,52.0,279.5,42.0,269.0,62.0,290.0,1.0
6,1086,52.0,279.5,42.0,269.0,62.0,290.0,1.0
6,1087,52.0,279.5,42.0,269.0,62.0,290.0,1.0
6,1088,52.0,279.5,42.0,269.0,62.0,290.0,1.0
6,1089,52.0,279.5,42.0,269.0,62.0,290.0,1.0
6,1090,52.0,279.5,42.0,269.0,62.0,290.0,1.0
6,1091,52.0,279.5,42.0,269.0,62.0,290.0,1.0
6,1092,52.0,279.5,42.0,269.0,62.0,290.0,1.0
6,1093,52.0,279.5,42.0,269.0,62.0,290.0,1.0
6,1094,52.0,279.5,42.0,269.0,62.0,290.0,1.0
6,1095,52.0,279.5,42.0,269.0,62.0,290.0,1.0
6,1096,52.0,279.5,42.0,269.0,62.0,290.0,1.0
6,1097,52.0,279.5,42.0,269.0,62.0,290.0,1.0
6,1098,52.0,279.5,42.0,269.0,62.0,290.0,1.0
6,1099,52.0,279.5,42.0,269.0,62.0,290.0,1.0
6,1100,52.0,279.5,42.0,269.0,62.0,290.0,1.0
6,1101,52.0,279.5,42.0,269.0,62.0,290.0,1.0
6,1102,52.0,279.5,42.0,269.0,62.0,290.0,1.0
6,1103,52.0,279.5,42.0,269.0,62.0,290.0,1.0
6,1104,52.0,279.5,42.0,269.0,62.0,290.0,1.0
6,1105,52.0,279.5,42.0,269.0,62.0,290.0,1.0
6,1106,52.0,279.5,42.0,269.0,62.0,290.0,1.0
6,1107,52.0,279.5,42.0,269.0,62.0,290.0,1.0
6,1108,52.0,279.5,42.0,269.0,62.0,290.0,1.0
6,1109,52.0,279.5,42.0,269.0,62.0,290.0,1.0
6,1110,52.0,279.5,42.0,269.0,62.0,290.0,1.0
6,1111,52.0,279.5,42.0,269.0,62.0,290.0,1.0
6,1112,52.0,279.5,42.0,269.0,62.0,290.0,1.0
6,1113,52.0,279.5,42.0,269.0,62.0,290.0,1.0
6,1114,52.0,279.5,42.0,269.0,62.0,290.0,1.0
6,1115,52.0,279.5,42.0,269.0,62.0,290.0,1.0
6,1116,52.0,279.5,42.0,269.0,62.0,290.0,1.0
6,1117,52.0,279.5,42.0,269.0,62.0,290.0,1.0
6,1118,52.0,279.5,42.0,269.0,62.0,290.0,1.0
6,1119,52.0,279.5,42.0,269.0,62.0,290.0,1.0
6,1120,52.0,279.5,42.0,269.0,62.0,290.0,1.0
6,1121,52.0,279.5,42.0,269.0,62.0,290.0,1.0
6,1122,52.0,279.5,42.0,269.0,62.0,290.0,1.0
6,1123,52.0,279.5,42.0,269.0,62.0,290.0,1.0
6,1124,52.0,279.5,42.0,269.0,62.0,290.0,1.0
6,1125,52.0,279.5,42.0,269.0,62.0,290.0,1.0
6,1126,52.0,279.5,42.0,269.0,62.0,290.0,1.0
6,1127,52.0,279.5,42.0,269.0,62.0,290.0,1.0
6,1128,52.0,279.5,42.0,269.0,62.0,290.0,1.0
6,1129,52.0,279.5,42.0,269.0,62.0,290.0,1.0
6,1130,52.0,279.5,42.0,269.0,62.0,290.0,1.0
6,1131,52.0,279.5,42.0,269.0,62.0,290.0,1.0
6,1132,52.0,279.5,42.0,269.0,62.0,290.0,1.0
6,1133,52.0,279.5,42.0,269.0,62.0,290.0,1.0
6,1134,52.0,279.5,42.0,269.0,62.0,290.0,1.0
6,1135,52.0,279.5,42.0,269.0,62.0,290.0,1.0
6,1136,52.0,279.5,42.0,269.0,62.0,290.0,1.0
6,1137,52.0,279.5,42.0,269.0,62.0,290.0,1.0
6,1138,52.0,279.5,42.0,269.0,62.0,290.0,1.0
6,1139,52.0,279.5,42.0,269.0,62.0,290.0,1.0
6,1140,52.0,279.5,42.0,269.0,62.0,290.0,1.0
6,1141,52.0,279.5,42.0,269.0,62.0,290.0,1.0
6,1142,52.0,279.5,42.0,269.0,62.0,290.0,1.0
6,1143,52.0,279.5,42.0,269.0,62.0,290.0,1.0
6,1144,52.0,279.5,42.0,269.0,62.0,290.0,1.0
6,1145,52.0,279.5,42.0,269.0,62.0,290.0,1.0
6,1146,52.0,279.5,42.0,269.0,62.0,290.0,1.0
6,1147,52.0,279.5,42.0,269.0,62.0,290.0,1.0
6,1148,52.0,279.5,42.0,269.0,62.0,290.0,1.0
6,1149,52.0,279.5,42.0,269.0,62.0,290.0,1.0
6,1150,52.0,279.5,42.0,269.0,62.0,290.0,1.0
6,1151,52.0,279.5,42.0,269.0,62.0,290.0,1.0
6,1152,52.0,279.5,42.0,269.0,62.0,290.0,1.0
6,1153,52.0,279.5,42.0,269.0,62.0,290.0,1.0
6,1154,52.0,279.5,42.0,269.0,62.0,290.0,1.0
6,1155,52.0,279.5,42.0,269.0,62.0,290.0,1.0
6,1156,52.0,279.5,42.0,269.0,62.0,290.0,1.0
6,1157,52.0,279.5,42.0,269.0,62.0,290.0,1.0
6,1158,52.0,279.5,42.0,269.0,62.0,290.0,1.0
6,1159,52.0,279.5,42.0,269.0,62.0,290.0,1.0
6,1160,52.0,279.5,42.0,269.0,62.0,290.0,1.0
6,1161,52.0,279.5,42.0,269.0,62.0,290.0,1.0
6,1162,52.0,279.5,42.0,269.0,62.0,290.0,1.0
6,1163,52.0,279.5,42.0,269.0,62.0,290.0,1.0
6,1164,52.0,279.5,42.0,269.0,62.0,290.0,1.0
6,1165,52.0,279.5,42.0,269.0,62.0,290.0,1.0
6,1166,52.0,279.5,42.0,269.0,62.0,290.0,1.0
6,1167,52.0,279.5,42.0,269.0,62.0,290.0,1.0
6,1168,52.0,279.5,42.0,269.0,62.0,290.0,1.0
6,1169,52.0,279.5,42.0,269.0,62.0,290.0,1.0
6,1170,52.0,279.5,42.0,269.0,62.0,290.0,1.0
6,1171,52.0,279.5,42.0,269.0,62.0,290.0,1.0
6,1172,52.0,279.5,42.0,269.0,62.0,290.0,1.0
6,1173,52.0,279.5,42.0,269.0,62.0,290.0,1.0
6,1174,52.0,279.5,42.0,269.0,62.0,290.0,1.0
6,1175,52.0,279.5,42.0,269.0,62.0,290.0,1.0
6,1176,52.0,279.5,42.0,269.0,62.0,290.0,1.0
6,1177,52.0,279.5,42.0,269.0,62.0,290.0,1.0
6,1178,52.0,279.5,42.0,269.0,62.0,290.0,1.0
6,1179,52.0,279.5,42.0,269.0,62.0,290.0,1.0
6,1180,52.0,279.5,42.0,269.0,62.0,290.0,1.0
6,1181,52.0,279.5,42.0,269.0,62.0,290.0,1.0
6,1182,52.0,279.5,42.0,269.0,62.0,290.0,1.0
6,1183,52.0,279.5,42.0,269.0,62.0,290.0,1.0
6,1184,52.0,279.5,42.0,269.0,62.0,290.0,1.0
6,1185,52.0,279.5,42.0,269.0,62.0,290.0,1.0
6,1186,52.0,279.5,42.0,269.0,62.0,290.0,1.0
6,1187,52.0,279.5,42.0,269.0,62.0,290.0,1.0
6,1188,52.0,279.5,42.0,269.0,62.0,290.0,1.0
6,1189,52.0,279.5,42.0,269.0,62.0,290.0,1.0
6,1190,52.0,279.5,42.0,269.0,62.0,290.0,1.0
6,1191,52.0,279.5,42.0,269.0,62.0,290.0,1.0
6,1192,52.0,279.5,42.0,269.0,62.0,290.0,1.0
6,1193,52.0,279.5,42.0,269.0,62.0,290.0,1.0
6,1194,52.0,279.5,42.0,269.0,62.0,290.0,1.0
6,1195,52.0,279.5,42.0,269.0,62.0,290.0,1.0
6,1196,52.0,279.5,42.0,269.0,62.0,290.0,1.0
6,1197,52.0,279.5,42.0,269.0,62.0,290.0,1.0
6,1198,52.0,279.5,42.0,269.0,62.0,290.0,1.0
6,1199,52.0,279.5,42.0,269.0,62.0,290.0,1.0
6,1200,52.0,279.5,42.0,269.0,62.0,290.0,1.0
6,1201,52.0,279.5,42.0,269.0,62.0,290.0,1.0
6,1202,52.0,279.5,42.0,269.0,62.0,290.0,1.0
6,1203,52.0,279.5,42.0,269.0,62.0,290.0,1.0
6,1204,52.0,279.5,42.0,269.0,62.0,290.0,1.0
6,1205,52.0,279.5,42.0,269.0,62.0,290.0,1.0
6,1206,52.0,279.5,42.0,269.0,62.0,290.0,1.0
6,1207,52.0,279.5,42.0,269.0,62.0,290.0,1.0
6,1208,52.0,279.5,42.0,269.0,62.0,290.0,1.0
6,1209,52.0,279.5,42.0,269.0,62.0,290.0,1.0
6,1210,52.0,279.5,42.0,269.0,62.0,290.0,1.0
6,1211,52.0,279.5,42.0,269.0,62.0,290.0,1.0
6,1212,52.0,279.5,42.0,269.0,62.0,290.0,1.0
6,1213,52.0,279.5,42.0,269.0,62.0,290.0,1.0
6,1214,52.0,279.5,42.0,269.0,62.0,290.0,1.0
6,1215,52.0,279.5,42.0,269.0,62.0,290.0,1.0
6,1216,52.0,279.5,42.0,269.0,62.0,290.0,1.0
7,451,593.5,148.0,582.0,139.0,605.0,157.0,1.0
7,452,593.5,148.0,582.0,139.0,605.0,157.0,1.0
7,453,593.5,148.0,582.0,139.0,605.0,157.0,1.0
7,454,593.5,148.0,582.0,139.0,605.0,157.0,1.0
7,455,593.5,148.0,582.0,139.0,605.0,157.0,1.0
7,456,593.5,148.0,582.0,139.0,605.0,157.0,1.0
7,457,593.5,148.0,582.0,139.0,605.0,157.0,1.0
7,458,593.5,148.0,582.0,139.0,605.0,157.0,1.0
7,459,593.5,148.0,582.0,139.0,605.0,157.0,1.0
7,460,593.5,148.0,582.0,139.0,605.0,157.0,1.0
7,461,593.5,148.0,582.0,139.0,605.0,157.0,1.0
7,462,593.5,148.0,582.0,139.0,605.0,157.0,1.0
7,463,593.5,148.0,582.0,139.0,605.0,157.0,1.0
7,464,593.5,148.0,582.0,139.0,605.0,157.0,1.0
7,465,593.5,148.0,582.0,139.0,605.0,157.0,1.0
7,466,593.5,148.0,582.0,139.0,605.0,157.0,1.0
7,467,593.5,148.0,582.0,139.0,605.0,157.0,1.0
7,468,593.5,148.0,582.0,139.0,605.0,157.0,1.0
7,469,593.5,148.0,582.0,139.0,605.0,157.0,1.0
7,470,593.5,148.0,582.0,139.0,605.0,157.0,1.0
7,471,593.5,148.0,582.0,139.0,605.0,157.0,1.0
7,472,593.5,148.0,582.0,139.0,605.0,157.0,1.0
7,473,593.5,148.0,582.0,139.0,605.0,157.0,1.0
7,474,593.5,148.0,582.0,139.0,605.0,157.0,1.0
7,475,593.5,148.0,582.0,139.0,605.0,157.0,1.0
7,476,593.5,148.0,582.0,139.0,605.0,157.0,1.0
7,477,593.5,148.0,582.0,139.0,605.0,157.0,1.0
7,478,593.5,148.0,582.0,139.0,605.0,157.0,1.0
7,479,593.5,148.0,582.0,139.0,605.0,157.0,1.0
7,480,593.5,148.0,582.0,139.0,605.0,157.0,1.0
7,481,593.5,148.0,582.0,139.0,605.0,157.0,1.0
7,482,593.5,148.0,582.0,139.0,605.0,157.0,1.0
7,483,593.5,148.0,582.0,139.0,605.0,157.0,1.0
7,484,593.5,148.0,582.0,139.0,605.0,157.0,1.0
7,485,593.5,148.0,582.0,139.0,605.0,157.0,1.0
7,486,593.5,148.0,582.0,139.0,605.0,157.0,1.0
7,487,593.5,148.0,582.0,139.0,605.0,157.0,1.0
7,488,593.5,148.0,582.0,139.0,605.0,157.0,1.0
7,489,593.5,148.0,582.0,139.0,605.0,157.0,1.0
7,490,593.5,148.0,582.0,139.0,605.0,157.0,1.0
7,491,593.5,148.0,582.0,139.0,605.0,157.0,1.0
7,492,593.5,148.0,582.0,139.0,605.0,157.0,1.0
7,493,593.5,148.0,582.0,139.0,605.0,157.0,1.0
7,494,593.5,148.0,582.0,139.0,605.0,157.0,1.0
7,495,593.5,148.0,582.0,139.0,605.0,157.0,1.0
7,496,593.5,148.0,582.0,139.0,605.0,157.0,1.0
7,497,593.5,148.0,582.0,139.0,605.0,157.0,1.0
7,498,593.5,148.0,582.0,139.0,605.0,157.0,1.0
7,499,593.5,148.0,582.0,139.0,605.0,157.0,1.0
7,500,593.5,148.0,582.0,139.0,605.0,157.0,1.0
7,501,593.5,148.0,582.0,139.0,605.0,157.0,1.0
7,502,593.5,148.0,582.0,139.0,605.0,157.0,1.0
7,503,593.5,148.0,582.0,139.0,605.0,157.0,1.0
7,504,593.5,148.0,582.0,139.0,605.0,157.0,1.0
7,505,593.5,148.0,582.0,139.0,605.0,157.0,1.0
7,506,593.5,148.0,582.0,139.0,605.0,157.0,1.0
7,507,593.5,148.0,582.0,139.0,605.0,157.0,1.0
7,508,593.5,148.0,582.0,139.0,605.0,157.0,1.0
7,509,593.5,148.0,582.0,139.0,605.0,157.0,1.0
7,510,593.5,148.0,582.0,139.0,605.0,157.0,1.0
7,511,593.5,148.0,582.0,139.0,605.0,157.0,1.0
7,512,593.5,148.0,582.0,139.0,605.0,157.0,1.0
7,513,593.5,148.0,582.0,139.0,605.0,157.0,1.0
7,514,593.5,148.0,582.0,139.0,605.0,157.0,1.0
7,515,593.5,148.0,582.0,139.0,605.0,157.0,1.0
7,516,593.5,148.0,582.0,139.0,605.0,157.0,1.0
7,517,593.5,148.0,582.0,139.0,605.0,157.0,1.0
7,518,593.5,148.0,582.0,139.0,605.0,157.0,1.0
7,519,593.5,148.0,582.0,139.0,605.0,157.0,1.0
7,520,593.5,148.0,582.0,139.0,605.0,157.0,1.0
7,521,593.5,148.0,582.0,139.0,605.0,157.0,1.0
7,522,593.5,148.0,582.0,139.0,605.0,157.0,1.0
7,523,593.5,148.0,582.0,139.0,605.0,157.0,1.0
7,524,593.5,148.0,582.0,139.0,605.0,157.0,1.0
7,525,593.5,148.0,582.0,139.0,605.0,157.0,1.0
7,526,593.5,148.0,582.0,139.0,605.0,157.0,1.0
7,527,593.5,148.0,582.0,139.0,605.0,157.0,1.0
7,528,593.5,148.0,582.0,139.0,605.0,157.0,1.0
7,529,593.5,148.0,582.0,139.0,605.0,157.0,1.0
7,530,593.5,148.0,582.0,139.0,605.0,157.0,1.0
7,531,593.5,148.0,582.0,139.0,605.0,157.0,1.0
7,532,593.5,148.0,582.0,139.0,605.0,157.0,1.0
7,533,593.5,148.0,582.0,139.0,605.0,157.0,1.0
7,534,593.5,148.0,582.0,139.0,605.0,157.0,1.0
7,535,593.5,148.0,582.0,139.0,605.0,157.0,1.0
7,536,593.5,148.0,582.0,139.0,605.0,157.0,1.0
7,537,593.5,148.0,582.0,139.0,605.0,157.0,1.0
7,538,593.5,148.0,582.0,139.0,605.0,157.0,1.0
7,539,593.5,148.0,582.0,139.0,605.0,157.0,1.0
7,540,593.5,148.0,582.0,139.0,605.0,157.0,1.0
7,541,593.5,148.0,582.0,139.0,605.0,157.0,1.0
7,542,593.5,148.0,582.0,139.0,605.0,157.0,1.0
7,543,593.5,148.0,582.0,139.0,605.0,157.0,1.0
7,544,593.5,148.0,582.0,139.0,605.0,157.0,1.0
7,545,593.5,148.0,582.0,139.0,605.0,157.0,1.0
7,546,593.5,148.0,582.0,139.0,605.0,157.0,1.0
7,547,593.5,148.0,582.0,139.0,605.0,157.0,1.0
7,548,593.5,148.0,582.0,139.0,605.0,157.0,1.0
7,549,593.5,148.0,582.0,139.0,605.0,157.0,1.0
7,550,593.5,148.0,582.0,139.0,605.0,157.0,1.0
7,551,593.5,148.0,582.0,139.0,605.0,157.0,1.0
7,552,593.5,148.0,582.0,139.0,605.0,157.0,1.0
7,553,593.5,148.0,582.0,139.0,605.0,157.0,1.0
7,554,593.5,148.0,582.0,139.0,605.0,157.0,1.0
7,555,593.5,148.0,582.0,139.0,605.0,157.0,1.0
7,556,593.5,148.0,582.0,139.0,605.0,157.0,1.0
7,557,593.5,148.0,582.0,139.0,605.0,157.0,1.0
7,558,593.5,148.0,582.0,139.0,605.0,157.0,1.0
7,559,593.5,148.0,582.0,139.0,605.0,157.0,1.0
7,560,593.5,148.0,582.0,139.0,605.0,157.0,1.0
7,561,593.5,148.0,582.0,139.0,605.0,157.0,1.0
7,562,593.5,148.0,582.0,139.0,605.0,157.0,1.0
7,563,593.5,148.0,582.0,139.0,605.0,157.0,1.0
7,564,593.5,148.0,582.0,139.0,605.0,157.0,1.0
7,565,593.5,148.0,582.0,139.0,605.0,157.0,1.0
7,566,593.5,148.0,582.0,139.0,605.0,157.0,1.0
7,567,593.5,148.0,582.0,139.0,605.0,157.0,1.0
7,568,593.5,148.0,582.0,139.0,605.0,157.0,1.0
7,569,593.5,148.0,582.0,139.0,605.0,157.0,1.0
7,570,593.5,148.0,582.0,139.0,605.0,157.0,1.0
7,571,593.5,148.0,582.0,139.0,605.0,157.0,1.0
7,572,593.5,148.0,582.0,139.0,605.0,157.0,1.0
7,573,593.5,148.0,582.0,139.0,605.0,157.0,1.0
7,574,593.5,148.0,582.0,139.0,605.0,157.0,1.0
7,575,593.5,148.0,582.0,139.0,605.0,157.0,1.0
7,576,593.5,148.0,582.0,139.0,605.0,157.0,1.0
7,577,593.5,148.0,582.0,139.0,605.0,157.0,1.0
7,578,593.5,148.0,582.0,139.0,605.0,157.0,1.0
7,579,593.5,148.0,582.0,139.0,605.0,157.0,1.0
7,580,593.5,148.0,582.0,139.0,605.0,157.0,1.0
7,581,593.5,148.0,582.0,139.0,605.0,157.0,1.0
7,582,593.5,148.0,582.0,139.0,605.0,157.0,1.0
7,583,593.5,148.0,582.0,139.0,605.0,157.0,1.0
7,584,593.5,148.0,582.0,139.0,605.0,157.0,1.0
7,585,593.5,148.0,582.0,139.0,605.0,157.0,1.0
7,586,593.5,148.0,582.0,139.0,605.0,157.0,1.0
7,587,593.5,148.0,582.0,139.0,605.0,157.0,1.0
7,588,593.5,148.0,582.0,139.0,605.0,157.0,1.0
7,589,593.5,148.0,582.0,139.0,605.0,157.0,1.0
7,590,593.5,148.0,582.0,139.0,605.0,157.0,1.0
7,591,593.5,148.0,582.0,139.0,605.0,157.0,1.0
7,592,593.5,148.0,582.0,139.0,605.0,157.0,1.0
7,593,593.5,148.0,582.0,139.0,605.0,157.0,1.0
7,594,593.5,148.0,582.0,139.0,605.0,157.0,1.0
7,595,593.5,148.0,582.0,139.0,605.0,157.0,1.0
7,596,593.5,148.0,582.0,139.0,605.0,157.0,1.0
7,597,593.5,148.0,582.0,139.0,605.0,157.0,1.0
7,598,593.5,148.0,582.0,139.0,605.0,157.0,1.0
7,599,593.5,148.0,582.0,139.0,605.0,157.0,1.0
7,600,593.5,148.0,582.0,139.0,605.0,157.0,1.0
7,601,593.5,148.0,582.0,139.0,605.0,157.0,1.0
7,602,593.5,148.0,582.0,139.0,605.0,157.0,1.0
7,603,593.5,148.0,582.0,139.0,605.0,157.0,1.0
7,604,593.5,148.0,582.0,139.0,605.0,157.0,1.0
7,605,593.5,148.0,582.0,139.0,605.0,157.0,1.0
7,606,593.5,148.0,582.0,139.0,605.0,157.0,1.0
7,607,593.5,148.0,582.0,139.0,605.0,157.0,1.0
7,608,593.5,148.0,582.0,139.0,605.0,157.0,1.0
7,609,593.5,148.0,582.0,139.0,605.0,157.0,1.0
7,610,593.5,148.0,582.0,139.0,605.0,157.0,1.0
7,611,593.5,148.0,582.0,139.0,605.0,157.0,1.0
7,612,593.5,148.0,582.0,139.0,605.0,157.0,1.0
7,613,593.5,148.0,582.0,139.0,605.0,157.0,1.0
7,614,593.5,148.0,582.0,139.0,605.0,157.0,1.0
7,615,593.5,148.0,582.0,139.0,605.0,157.0,1.0
7,616,593.5,148.0,582.0,139.0,605.0,157.0,1.0
7,617,593.5,148.0,582.0,139.0,605.0,157.0,1.0
7,618,593.5,148.0,582.0,139.0,605.0,157.0,1.0
7,619,593.5,148.0,582.0,139.0,605.0,157.0,1.0
7,620,593.5,148.0,582.0,139.0,605.0,157.0,1.0
7,621,593.5,148.0,582.0,139.0,605.0,157.0,1.0
7,622,593.5,148.0,582.0,139.0,605.0,157.0,1.0
7,623,593.5,148.0,582.0,139.0,605.0,157.0,1.0
7,624,593.5,148.0,582.0,139.0,605.0,157.0,1.0
7,625,593.5,148.0,582.0,139.0,605.0,157.0,1.0
7,626,593.5,148.0,582.0,139.0,605.0,157.0,1.0
7,627,593.5,148.0,582.0,139.0,605.0,157.0,1.0
7,628,593.5,148.0,582.0,139.0,605.0,157.0,1.0
7,629,593.5,148.0,582.0,139.0,605.0,157.0,1.0
7,630,593.5,148.0,582.0,139.0,605.0,157.0,1.0
7,631,593.5,148.0,582.0,139.0,605.0,157.0,1.0
7,632,593.5,148.0,582.0,139.0,605.0,157.0,1.0
7,633,593.5,148.0,582.0,139.0,605.0,157.0,1.0
7,634,593.5,148.0,582.0,139.0,605.0,157.0,1.0
7,635,593.5,148.0,582.0,139.0,605.0,157.0,1.0
7,636,593.5,148.0,582.0,139.0,605.0,157.0,1.0
7,637,593.5,148.0,582.0,139.0,605.0,157.0,1.0
7,638,593.5,148.0,582.0,139.0,605.0,157.0,1.0
7,639,593.5,148.0,582.0,139.0,605.0,157.0,1.0
7,640,593.5,148.0,582.0,139.0,605.0,157.0,1.0
7,641,593.5,148.0,582.0,139.0,605.0,157.0,1.0
7,642,593.5,148.0,582.0,139.0,605.0,157.0,1.0
7,643,593.5,148.0,582.0,139.0,605.0,157.0,1.0
7,644,593.5,148.0,582.0,139.0,605.0,157.0,1.0
7,645,593.5,148.0,582.0,139.0,605.0,157.0,1.0
7,646,593.5,148.0,582.0,139.0,605.0,157.0,1.0
7,647,593.5,148.0,582.0,139.0,605.0,157.0,1.0
7,648,593.5,148.0,582.0,139.0,605.0,157.0,1.0
7,649,593.5,148.0,582.0,139.0,605.0,157.0,1.0
7,650,593.5,148.0,582.0,139.0,605.0,157.0,1.0
7,651,593.5,148.0,582.0,139.0,605.0,157.0,1.0
7,652,593.5,148.0,582.0,139.0,605.0,157.0,1.0
7,653,593.5,148.0,582.0,139.0,605.0,157.0,1.0
7,654,593.5,148.0,582.0,139.0,605.0,157.0,1.0
7,655,593.5,148.0,582.0,139.0,605.0,157.0,1.0
7,656,593.5,148.0,582.0,139.0,605.0,157.0,1.0
7,657,593.5,148.0,582.0,139.0,605.0,157.0,1.0
7,658,593.5,148.0,582.0,139.0,605.0,157.0,1.0
7,659,593.5,148.0,582.0,139.0,605.0,157.0,1.0
7,660,593.5,148.0,582.0,139.0,605.0,157.0,1.0
7,661,593.5,148.0,582.0,139.0,605.0,157.0,1.0
7,662,593.5,148.0,582.0,139.0,605.0,157.0,1.0
7,663,593.5,148.0,582.0,139.0,605.0,157.0,1.0
7,664,593.5,148.0,582.0,139.0,605.0,157.0,1.0
7,665,593.5,148.0,582.0,139.0,605.0,157.0,1.0
7,666,593.5,148.0,582.0,139.0,605.0,157.0,1.0
7,667,593.5,148.0,582.0,139.0,605.0,157.0,1.0
7,668,593.5,148.0,582.0,139.0,605.0,157.0,1.0
7,669,593.5,148.0,582.0,139.0,605.0,157.0,1.0
7,670,593.5,148.0,582.0,139.0,605.0,157.0,1.0
7,671,593.5,148.0,582.0,139.0,605.0,157.0,1.0
7,672,593.5,148.0,582.0,139.0,605.0,157.0,1.0
7,673,593.5,148.0,582.0,139.0,605.0,157.0,1.0
7,674,593.5,148.0,582.0,139.0,605.0,157.0,1.0
7,675,593.5,148.0,582.0,139.0,605.0,157.0,1.0
7,676,593.5,148.0,582.0,139.0,605.0,157.0,1.0
7,677,593.5,148.0,582.0,139.0,605.0,157.0,1.0
7,678,593.5,148.0,582.0,139.0,605.0,157.0,1.0
7,679,593.5,148.0,582.0,139.0,605.0,157.0,1.0
7,680,593.5,148.0,582.0,139.0,605.0,157.0,1.0
7,681,593.5,148.0,582.0,139.0,605.0,157.0,1.0
7,682,593.5,148.0,582.0,139.0,605.0,157.0,1.0
7,683,593.5,148.0,582.0,139.0,605.0,157.0,1.0
7,684,593.5,148.0,582.0,139.0,605.0,157.0,1.0
7,685,593.5,148.0,582.0,139.0,605.0,157.0,1.0
7,686,593.5,148.0,582.0,139.0,605.0,157.0,1.0
7,687,593.5,148.0,582.0,139.0,605.0,157.0,1.0
7,688,593.5,148.0,582.0,139.0,605.0,157.0,1.0
7,689,593.5,148.0,582.0,139.0,605.0,157.0,1.0
7,690,593.5,148.0,582.0,139.0,605.0,157.0,1.0
7,691,593.5,148.0,582.0,139.0,605.0,157.0,1.0
7,692,593.5,148.0,582.0,139.0,605.0,157.0,1.0
7,693,593.5,148.0,582.0,139.0,605.0,157.0,1.0
7,694,593.5,148.0,582.0,139.0,605.0,157.0,1.0
7,695,593.5,148.0,582.0,139.0,605.0,157.0,1.0
7,696,593.5,148.0,582.0,139.0,605.0,157.0,1.0
7,697,593.5,148.0,582.0,139.0,605.0,157.0,1.0
7,698,593.5,148.0,582.0,139.0,605.0,157.0,1.0
7,699,593.5,148.0,582.0,139.0,605.0,157.0,1.0
7,700,593.5,148.0,582.0,139.0,605.0,157.0,1.0
7,701,593.5,148.0,582.0,139.0,605.0,157.0,1.0
7,702,593.5,148.0,582.0,139.0,605.0,157.0,1.0
7,703,593.5,148.0,582.0,139.0,605.0,157.0,1.0
7,704,593.5,148.0,582.0,139.0,605.0,157.0,1.0
7,705,593.5,148.0,582.0,139.0,605.0,157.0,1.0
7,706,593.5,148.0,582.0,139.0,605.0,157.0,1.0
7,707,593.5,148.0,582.0,139.0,605.0,157.0,1.0
7,708,593.5,148.0,582.0,139.0,605.0,157.0,1.0
7,709,593.5,148.0,582.0,139.0,605.0,157.0,1.0
7,710,593.5,148.0,582.0,139.0,605.0,157.0,1.0
7,711,593.5,148.0,582.0,139.0,605.0,157.0,1.0
7,712,593.5,148.0,582.0,139.0,605.0,157.0,1.0
7,713,593.5,148.0,582.0,139.0,605.0,157.0,1.0
7,714,593.5,148.0,582.0,139.0,605.0,157.0,1.0
7,715,593.5,148.0,582.0,139.0,605.0,157.0,1.0
7,716,593.5,148.0,582.0,139.0,605.0,157.0,1.0
7,717,593.5,148.0,582.0,139.0,605.0,157.0,1.0
7,718,593.5,148.0,582.0,139.0,605.0,157.0,1.0
7,719,593.5,148.0,582.0,139.0,605.0,157.0,1.0
7,720,593.5,148.0,582.0,139.0,605.0,157.0,1.0
7,721,593.5,148.0,582.0,139.0,605.0,157.0,1.0
7,722,593.5,148.0,582.0,139.0,605.0,157.0,1.0
7,723,593.5,148.0,582.0,139.0,605.0,157.0,1.0
7,724,593.5,148.0,582.0,139.0,605.0,157.0,1.0
7,725,593.5,148.0,582.0,139.0,605.0,157.0,1.0
7,726,593.5,148.0,582.0,139.0,605.0,157.0,1.0
7,727,593.5,148.0,582.0,139.0,605.0,157.0,1.0
7,728,593.5,148.0,582.0,139.0,605.0,157.0,1.0
7,729,593.5,148.0,582.0,139.0,605.0,157.0,1.0
7,730,593.5,148.0,582.0,139.0,605.0,157.0,1.0
7,731,593.5,148.0,582.0,139.0,605.0,157.0,1.0
7,732,593.5,148.0,582.0,139.0,605.0,157.0,1.0
7,733,593.5,148.0,582.0,139.0,605.0,157.0,1.0
7,734,593.5,148.0,582.0,139.0,605.0,157.0,1.0
7,735,593.5,148.0,582.0,139.0,605.0,157.0,1.0
7,736,593.5,148.0,582.0,139.0,605.0,157.0,1.0
7,737,593.5,148.0,582.0,139.0,605.0,157.0,1.0
7,738,593.5,148.0,582.0,139.0,605.0,157.0,1.0
7,739,593.5,148.0,582.0,139.0,605.0,157.0,1.0
7,740,593.5,148.0,582.0,139.0,605.0,157.0,1.0
7,741,593.5,148.0,582.0,139.0,605.0,157.0,1.0
7,742,593.5,148.0,582.0,139.0,605.0,157.0,1.0
7,743,593.5,148.0,582.0,139.0,605.0,157.0,1.0
7,744,593.5,148.0,582.0,139.0,605.0,157.0,1.0
7,745,593.5,148.0,582.0,139.0,605.0,157.0,1.0
7,746,593.5,148.0,582.0,139.0,605.0,157.0,1.0
7,747,593.5,148.0,582.0,139.0,605.0,157.0,1.0
7,748,593.5,148.0,582.0,139.0,605.0,157.0,1.0
7,749,593.5,148.0,582.0,139.0,605.0,157.0,1.0
7,750,593.5,148.0,582.0,139.0,605.0,157.0,1.0
7,751,593.5,148.0,582.0,139.0,605.0,157.0,1.0
7,752,593.5,148.0,582.0,139.0,605.0,157.0,1.0
7,753,593.5,148.0,582.0,139.0,605.0,157.0,1.0
7,754,593.5,148.0,582.0,139.0,605.0,157.0,1.0
7,755,593.5,148.0,582.0,139.0,605.0,157.0,1.0
7,756,593.5,148.0,582.0,139.0,605.0,157.0,1.0
7,757,593.5,148.0,582.0,139.0,605.0,157.0,1.0
7,758,593.5,148.0,582.0,139.0,605.0,157.0,1.0
7,759,593.5,148.0,582.0,139.0,605.0,157.0,1.0
7,760,593.5,148.0,582.0,139.0,605.0,157.0,1.0
7,761,593.5,148.0,582.0,139.0,605.0,157.0,1.0
7,762,593.5,148.0,582.0,139.0,605.0,157.0,1.0
7,763,593.5,148.0,582.0,139.0,605.0,157.0,1.0
7,764,593.5,148.0,582.0,139.0,605.0,157.0,1.0
7,765,593.5,148.0,582.0,139.0,605.0,157.0,1.0
7,766,593.5,148.0,582.0,139.0,605.0,157.0,1.0
7,767,593.5,148.0,582.0,139.0,605.0,157.0,1.0
7,768,593.5,148.0,582.0,139.0,605.0,157.0,1.0
7,769,593.5,148.0,582.0,139.0,605.0,157.0,1.0
7,770,593.5,148.0,582.0,139.0,605.0,157.0,1.0
7,771,593.5,148.0,582.0,139.0,605.0,157.0,1.0
7,772,593.5,148.0,582.0,139.0,605.0,157.0,1.0
7,773,593.5,148.0,582.0,139.0,605.0,157.0,1.0
7,774,593.5,148.0,582.0,139.0,605.0,157.0,1.0
7,775,593.5,148.0,582.0,139.0,605.0,157.0,1.0
7,776,593.5,148.0,582.0,139.0,605.0,157.0,1.0
7,777,593.5,148.0,582.0,139.0,605.0,157.0,1.0
7,778,593.5,148.0,582.0,139.0,605.0,157.0,1.0
7,779,593.5,148.0,582.0,139.0,605.0,157.0,1.0
7,780,593.5,148.0,582.0,139.0,605.0,157.0,1.0
7,781,593.5,148.0,582.0,139.0,605.0,157.0,1.0
7,782,593.5,148.0,582.0,139.0,605.0,157.0,1.0
7,783,593.5,148.0,582.0,139.0,605.0,157.0,1.0
7,784,593.5,148.0,582.0,139.0,605.0,157.0,1.0
7,785,593.5,148.0,582.0,139.0,605.0,157.0,1.0
7,786,593.5,148.0,582.0,139.0,605.0,157.0,1.0
7,787,593.5,148.0,582.0,139.0,605.0,157.0,1.0
7,788,593.5,148.0,582.0,139.0,605.0,157.0,1.0
7,789,593.5,148.0,582.0,139.0,605.0,157.0,1.0
7,790,593.5,148.0,582.0,139.0,605.0,157.0,1.0
7,791,593.5,148.0,582.0,139.0,605.0,157.0,1.0
7,792,593.5,148.0,582.0,139.0,605.0,157.0,1.0
7,793,593.5,148.0,582.0,139.0,605.0,157.0,1.0
7,794,593.5,148.0,582.0,139.0,605.0,157.0,1.0
7,795,593.5,148.0,582.0,139.0,605.0,157.0,1.0
7,796,593.5,148.0,582.0,139.0,605.0,157.0,1.0
7,797,593.5,148.0,582.0,139.0,605.0,157.0,1.0
7,798,593.5,148.0,582.0,139.0,605.0,157.0,1.0
7,799,593.5,148.0,582.0,139.0,605.0,157.0,1.0
7,800,593.5,148.0,582.0,139.0,605.0,157.0,1.0
7,801,593.5,148.0,582.0,139.0,605.0,157.0,1.0
7,802,593.5,148.0,582.0,139.0,605.0,157.0,1.0
7,803,593.5,148.0,582.0,139.0,605.0,157.0,1.0
7,804,593.5,148.0,582.0,139.0,605.0,157.0,1.0
7,805,593.5,148.0,582.0,139.0,605.0,157.0,1.0
7,806,593.5,148.0,582.0,139.0,605.0,157.0,1.0
7,807,593.5,148.0,582.0,139.0,605.0,157.0,1.0
7,808,593.5,148.0,582.0,139.0,605.0,157.0,1.0
7,809,593.5,148.0,582.0,139.0,605.0,157.0,1.0
7,810,593.5,148.0,582.0,139.0,605.0,157.0,1.0
7,811,593.5,148.0,582.0,139.0,605.0,157.0,1.0
7,812,593.5,148.0,582.0,139.0,605.0,157.0,1.0
7,813,593.5,148.0,582.0,139.0,605.0,157.0,1.0
7,814,593.5,148.0,582.0,139.0,605.0,157.0,1.0
7,815,593.5,148.0,582.0,139.0,605.0,157.0,1.0
7,816,593.5,148.0,582.0,139.0,605.0,157.0,1.0
7,817,593.5,148.0,582.0,139.0,605.0,157.0,1.0
7,818,593.5,148.0,582.0,139.0,605.0,157.0,1.0
7,819,593.5,148.0,582.0,139.0,605.0,157.0,1.0
7,820,593.5,148.0,582.0,139.0,605.0,157.0,1.0
7,821,593.5,148.0,582.0,139.0,605.0,157.0,1.0
7,822,593.5,148.0,582.0,139.0,605.0,157.0,1.0
7,823,593.5,148.0,582.0,139.0,605.0,157.0,1.0
7,824,593.5,148.0,582.0,139.0,605.0,157.0,1.0
7,825,593.5,148.0,582.0,139.0,605.0,157.0,1.0
7,826,593.5,148.0,582.0,139.0,605.0,157.0,1.0
7,827,593.5,148.0,582.0,139.0,605.0,157.0,1.0
7,828,593.5,148.0,582.0,139.0,605.0,157.0,1.0
7,829,593.5,148.0,582.0,139.0,605.0,157.0,1.0
7,830,593.5,148.0,582.0,139.0,605.0,157.0,1.0
7,831,593.5,148.0,582.0,139.0,605.0,157.0,1.0
7,832,593.5,148.0,582.0,139.0,605.0,157.0,1.0
7,833,593.5,148.0,582.0,139.0,605.0,157.0,1.0
7,834,593.5,148.0,582.0,139.0,605.0,157.0,1.0
7,835,593.5,148.0,582.0,139.0,605.0,157.0,1.0
7,836,593.5,148.0,582.0,139.0,605.0,157.0,1.0
7,837,593.5,148.0,582.0,139.0,605.0,157.0,1.0
7,838,593.5,148.0,582.0,139.0,605.0,157.0,1.0
7,839,593.5,148.0,582.0,139.0,605.0,157.0,1.0
7,840,593.5,148.0,582.0,139.0,605.0,157.0,1.0
7,841,593.5,148.0,582.0,139.0,605.0,157.0,1.0
7,842,593.5,148.0,582.0,139.0,605.0,157.0,1.0
7,843,593.5,148.0,582.0,139.0,605.0,157.0,1.0
7,844,593.5,148.0,582.0,139.0,605.0,157.0,1.0
7,845,593.5,148.0,582.0,139.0,605.0,157.0,1.0
7,846,593.5,148.0,582.0,139.0,605.0,157.0,1.0
7,847,593.5,148.0,582.0,139.0,605.0,157.0,1.0
7,848,593.5,148.0,582.0,139.0,605.0,157.0,1.0
7,849,593.5,148.0,582.0,139.0,605.0,157.0,1.0
7,850,593.5,148.0,582.0,139.0,605.0,157.0,1.0
7,851,593.5,148.0,582.0,139.0,605.0,157.0,1.0
7,852,593.5,148.0,582.0,139.0,605.0,157.0,1.0
7,853,593.5,148.0,582.0,139.0,605.0,157.0,1.0
7,854,593.5,148.0,582.0,139.0,605.0,157.0,1.0
7,855,593.5,148.0,582.0,139.0,605.0,157.0,1.0
7,856,593.5,148.0,582.0,139.0,605.0,157.0,1.0
7,857,593.5,148.0,582.0,139.0,605.0,157.0,1.0
7,858,593.5,148.0,582.0,139.0,605.0,157.0,1.0
7,859,593.5,148.0,582.0,139.0,605.0,157.0,1.0
7,860,593.5,148.0,582.0,139.0,605.0,157.0,1.0
7,861,593.5,148.0,582.0,139.0,605.0,157.0,1.0
7,862,593.5,148.0,582.0,139.0,605.0,157.0,1.0
7,863,593.5,148.0,582.0,139.0,605.0,157.0,1.0
7,864,593.5,148.0,582.0,139.0,605.0,157.0,1.0
7,865,593.5,148.0,582.0,139.0,605.0,157.0,1.0
7,866,593.5,148.0,582.0,139.0,605.0,157.0,1.0
7,867,593.5,148.0,582.0,139.0,605.0,157.0,1.0
7,868,593.5,148.0,582.0,139.0,605.0,157.0,1.0
7,869,593.5,148.0,582.0,139.0,605.0,157.0,1.0
7,870,593.5,148.0,582.0,139.0,605.0,157.0,1.0
7,871,593.5,148.0,582.0,139.0,605.0,157.0,1.0
7,872,593.5,148.0,582.0,139.0,605.0,157.0,1.0
7,873,593.5,148.0,582.0,139.0,605.0,157.0,1.0
7,874,593.5,148.0,582.0,139.0,605.0,157.0,1.0
7,875,593.5,148.0,582.0,139.0,605.0,157.0,1.0
7,876,593.5,148.0,582.0,139.0,605.0,157.0,1.0
7,877,593.5,148.0,582.0,139.0,605.0,157.0,1.0
7,878,593.5,148.0,582.0,139.0,605.0,157.0,1.0
7,879,593.5,148.0,582.0,139.0,605.0,157.0,1.0
7,880,593.5,148.0,582.0,139.0,605.0,157.0,1.0
7,881,593.5,148.0,582.0,139.0,605.0,157.0,1.0
7,882,593.5,148.0,582.0,139.0,605.0,157.0,1.0
7,883,593.5,148.0,582.0,139.0,605.0,157.0,1.0
7,884,593.5,148.0,582.0,139.0,605.0,157.0,1.0
7,885,593.5,148.0,582.0,139.0,605.0,157.0,1.0
7,886,593.5,148.0,582.0,139.0,605.0,157.0,1.0
7,887,593.5,148.0,582.0,139.0,605.0,157.0,1.0
7,888,593.5,148.0,582.0,139.0,605.0,157.0,1.0
7,889,593.5,148.0,582.0,139.0,605.0,157.0,1.0
7,890,593.5,148.0,582.0,139.0,605.0,157.0,1.0
7,891,593.5,148.0,582.0,139.0,605.0,157.0,1.0
7,892,593.5,148.0,582.0,139.0,605.0,157.0,1.0
7,893,593.5,148.0,582.0,139.0,605.0,157.0,1.0
7,894,593.5,148.0,582.0,139.0,605.0,157.0,1.0
7,895,593.5,148.0,582.0,139.0,605.0,157.0,1.0
7,896,593.5,148.0,582.0,139.0,605.0,157.0,1.0
7,897,593.5,148.0,582.0,139.0,605.0,157.0,1.0
7,898,593.5,148.0,582.0,139.0,605.0,157.0,1.0
7,899,593.5,148.0,582.0,139.0,605.0,157.0,1.0
7,900,593.5,148.0,582.0,139.0,605.0,157.0,1.0
7,901,593.5,148.0,582.0,139.0,605.0,157.0,1.0
7,902,593.5,148.0,582.0,139.0,605.0,157.0,1.0
7,903,593.5,148.0,582.0,139.0,605.0,157.0,1.0
7,904,593.5,148.0,582.0,139.0,605.0,157.0,1.0
7,905,593.5,148.0,582.0,139.0,605.0,157.0,1.0
7,906,593.5,148.0,582.0,139.0,605.0,157.0,1.0
7,907,593.5,148.0,582.0,139.0,605.0,157.0,1.0
7,908,593.5,148.0,582.0,139.0,605.0,157.0,1.0
7,909,593.5,148.0,582.0,139.0,605.0,157.0,1.0
7,910,593.5,148.0,582.0,139.0,605.0,157.0,1.0
7,911,593.5,148.0,582.0,139.0,605.0,157.0,1.0
7,912,593.5,148.0,582.0,139.0,605.0,157.0,1.0
7,913,593.5,148.0,582.0,139.0,605.0,157.0,1.0
7,914,593.5,148.0,582.0,139.0,605.0,157.0,1.0
7,915,593.5,148.0,582.0,139.0,605.0,157.0,1.0
7,916,593.5,148.0,582.0,139.0,605.0,157.0,1.0
7,917,593.5,148.0,582.0,139.0,605.0,157.0,1.0
7,918,593.5,148.0,582.0,139.0,605.0,157.0,1.0
7,919,593.5,148.0,582.0,139.0,605.0,157.0,1.0
7,920,593.5,148.0,582.0,139.0,605.0,157.0,1.0
7,921,593.5,148.0,582.0,139.0,605.0,157.0,1.0
7,922,593.5,148.0,582.0,139.0,605.0,157.0,1.0
7,923,593.5,148.0,582.0,139.0,605.0,157.0,1.0
7,924,593.5,148.0,582.0,139.0,605.0,157.0,1.0
7,925,593.5,148.0,582.0,139.0,605.0,157.0,1.0
7,926,593.5,148.0,582.0,139.0,605.0,157.0,1.0
7,927,593.5,148.0,582.0,139.0,605.0,157.0,1.0
7,928,593.5,148.0,582.0,139.0,605.0,157.0,1.0
7,929,593.5,148.0,582.0,139.0,605.0,157.0,1.0
7,930,593.5,148.0,582.0,139.0,605.0,157.0,1.0
7,931,593.5,148.0,582.0,139.0,605.0,157.0,1.0
7,932,593.5,148.0,582.0,139.0,605.0,157.0,1.0
7,933,593.5,148.0,582.0,139.0,605.0,157.0,1.0
7,934,593.5,148.0,582.0,139.0,605.0,157.0,1.0
7,935,593.5,148.0,582.0,139.0,605.0,157.0,1.0
7,936,593.5,148.0,582.0,139.0,605.0,157.0,1.0
7,937,593.5,148.0,582.0,139.0,605.0,157.0,1.0
7,938,593.5,148.0,582.0,139.0,605.0,157.0,1.0
7,939,593.5,148.0,582.0,139.0,605.0,157.0,1.0
7,940,593.5,148.0,582.0,139.0,605.0,157.0,1.0
7,941,593.5,148.0,582.0,139.0,605.0,157.0,1.0
7,942,593.5,148.0,582.0,139.0,605.0,157.0,1.0
7,943,593.5,148.0,582.0,139.0,605.0,157.0,1.0
7,944,593.5,148.0,582.0,139.0,605.0,157.0,1.0
7,945,593.5,148.0,582.0,139.0,605.0,157.0,1.0
7,946,593.5,148.0,582.0,139.0,605.0,157.0,1.0
7,947,593.5,148.0,582.0,139.0,605.0,157.0,1.0
7,948,593.5,148.0,582.0,139.0,605.0,157.0,1.0
7,949,593.5,148.0,582.0,139.0,605.0,157.0,1.0
7,950,593.5,148.0,582.0,139.0,605.0,157.0,1.0
7,951,593.5,148.0,582.0,139.0,605.0,157.0,1.0
7,952,593.5,148.0,582.0,139.0,605.0,157.0,1.0
7,953,593.5,148.0,582.0,139.0,605.0,157.0,1.0
7,954,593.5,148.0,582.0,139.0,605.0,157.0,1.0
7,955,593.5,148.0,582.0,139.0,605.0,157.0,1.0
7,956,593.5,148.0,582.0,139.0,605.0,157.0,1.0
7,957,593.5,148.0,582.0,139.0,605.0,157.0,1.0
7,958,593.5,148.0,582.0,139.0,605.0,157.0,1.0
7,959,593.5,148.0,582.0,139.0,605.0,157.0,1.0
7,960,593.5,148.0,582.0,139.0,605.0,157.0,1.0
7,961,593.5,148.0,582.0,139.0,605.0,157.0,1.0
7,962,593.5,148.0,582.0,139.0,605.0,157.0,1.0
7,963,593.5,148.0,582.0,139.0,605.0,157.0,1.0
7,964,593.5,148.0,582.0,139.0,605.0,157.0,1.0
7,965,593.5,148.0,582.0,139.0,605.0,157.0,1.0
7,966,593.5,148.0,582.0,139.0,605.0,157.0,1.0
7,967,593.5,148.0,582.0,139.0,605.0,157.0,1.0
7,968,593.5,148.0,582.0,139.0,605.0,157.0,1.0
7,969,593.5,148.0,582.0,139.0,605.0,157.0,1.0
7,970,593.5,148.0,582.0,139.0,605.0,157.0,1.0
7,971,593.5,148.0,582.0,139.0,605.0,157.0,1.0
7,972,593.5,148.0,582.0,139.0,605.0,157.0,1.0
7,973,593.5,148.0,582.0,139.0,605.0,157.0,1.0
7,974,593.5,148.0,582.0,139.0,605.0,157.0,1.0
7,975,593.5,148.0,582.0,139.0,605.0,157.0,1.0
7,976,593.5,148.0,582.0,139.0,605.0,157.0,1.0
7,977,593.5,148.0,582.0,139.0,605.0,157.0,1.0
7,978,593.5,148.0,582.0,139.0,605.0,157.0,1.0
7,979,593.5,148.0,582.0,139.0,605.0,157.0,1.0
7,980,593.5,148.0,582.0,139.0,605.0,157.0,1.0
7,981,593.5,148.0,582.0,139.0,605.0,157.0,1.0
7,982,593.5,148.0,582.0,139.0,605.0,157.0,1.0
7,983,593.5,148.0,582.0,139.0,605.0,157.0,1.0
7,984,593.5,148.0,582.0,139.0,605.0,157.0,1.0
7,985,593.5,148.0,582.0,139.0,605.0,157.0,1.0
7,986,593.5,148.0,582.0,139.0,605.0,157.0,1.0
7,987,593.5,148.0,582.0,139.0,605.0,157.0,1.0
7,988,593.5,148.0,582.0,139.0,605.0,157.0,1.0
7,989,593.5,148.0,582.0,139.0,605.0,157.0,1.0
7,990,593.5,148.0,582.0,139.0,605.0,157.0,1.0
7,991,593.5,148.0,582.0,139.0,605.0,157.0,1.0
7,992,593.5,148.0,582.0,139.0,605.0,157.0,1.0
7,993,593.5,148.0,582.0,139.0,605.0,157.0,1.0
7,994,593.5,148.0,582.0,139.0,605.0,157.0,1.0
7,995,593.5,148.0,582.0,139.0,605.0,157.0,1.0
7,996,593.5,148.0,582.0,139.0,605.0,157.0,1.0
7,997,593.5,148.0,582.0,139.0,605.0,157.0,1.0
7,998,593.5,148.0,582.0,139.0,605.0,157.0,1.0
7,999,593.5,148.0,582.0,139.0,605.0,157.0,1.0
7,1000,593.5,148.0,582.0,139.0,605.0,157.0,1.0
7,1001,593.5,148.0,582.0,139.0,605.0,157.0,1.0
7,1002,593.5,148.0,582.0,139.0,605.0,157.0,1.0
7,1003,593.5,148.0,582.0,139.0,605.0,157.0,1.0
7,1004,593.5,148.0,582.0,139.0,605.0,157.0,1.0
7,1005,593.5,148.0,582.0,139.0,605.0,157.0,1.0
7,1006,593.5,148.0,582.0,139.0,605.0,157.0,1.0
7,1007,593.5,148.0,582.0,139.0,605.0,157.0,1.0
7,1008,593.5,148.0,582.0,139.0,605.0,157.0,1.0
7,1009,593.5,148.0,582.0,139.0,605.0,157.0,1.0
7,1010,593.5,148.0,582.0,139.0,605.0,157.0,1.0
7,1011,593.5,148.0,582.0,139.0,605.0,157.0,1.0
7,1012,593.5,148.0,582.0,139.0,605.0,157.0,1.0
7,1013,593.5,148.0,582.0,139.0,605.0,157.0,1.0
7,1014,593.5,148.0,582.0,139.0,605.0,157.0,1.0
7,1015,593.5,148.0,582.0,139.0,605.0,157.0,1.0
7,1016,593.5,148.0,582.0,139.0,605.0,157.0,1.0
7,1017,593.5,148.0,582.0,139.0,605.0,157.0,1.0
7,1018,593.5,148.0,582.0,139.0,605.0,157.0,1.0
7,1019,593.5,148.0,582.0,139.0,605.0,157.0,1.0
7,1020,593.5,148.0,582.0,139.0,605.0,157.0,1.0
7,1021,593.5,148.0,582.0,139.0,605.0,157.0,1.0
7,1022,593.5,148.0,582.0,139.0,605.0,157.0,1.0
7,1023,593.5,148.0,582.0,139.0,605.0,157.0,1.0
7,1024,593.5,148.0,582.0,139.0,605.0,157.0,1.0
7,1025,593.5,148.0,582.0,139.0,605.0,157.0,1.0
7,1026,593.5,148.0,582.0,139.0,605.0,157.0,1.0
7,1027,593.5,148.0,582.0,139.0,605.0,157.0,1.0
7,1028,593.5,148.0,582.0,139.0,605.0,157.0,1.0
7,1029,593.5,148.0,582.0,139.0,605.0,157.0,1.0
7,1030,593.5,148.0,582.0,139.0,605.0,157.0,1.0
7,1031,593.5,148.0,582.0,139.0,605.0,157.0,1.0
7,1032,593.5,148.0,582.0,139.0,605.0,157.0,1.0
7,1033,593.5,148.0,582.0,139.0,605.0,157.0,1.0
7,1034,593.5,148.0,582.0,139.0,605.0,157.0,1.0
7,1035,593.5,148.0,582.0,139.0,605.0,157.0,1.0
7,1036,593.5,148.0,582.0,139.0,605.0,157.0,1.0
7,1037,593.5,148.0,582.0,139.0,605.0,157.0,1.0
7,1038,593.5,148.0,582.0,139.0,605.0,157.0,1.0
7,1039,593.5,148.0,582.0,139.0,605.0,157.0,1.0
7,1040,593.5,148.0,582.0,139.0,605.0,157.0,1.0
7,1041,593.5,148.0,582.0,139.0,605.0,157.0,1.0
7,1042,593.5,148.0,582.0,139.0,605.0,157.0,1.0
7,1043,593.5,148.0,582.0,139.0,605.0,157.0,1.0
7,1044,593.5,148.0,582.0,139.0,605.0,157.0,1.0
7,1045,593.5,148.0,582.0,139.0,605.0,157.0,1.0
7,1046,593.5,148.0,582.0,139.0,605.0,157.0,1.0
7,1047,593.5,148.0,582.0,139.0,605.0,157.0,1.0
7,1048,593.5,148.0,582.0,139.0,605.0,157.0,1.0
7,1049,593.5,148.0,582.0,139.0,605.0,157.0,1.0
7,1050,593.5,148.0,582.0,139.0,605.0,157.0,1.0
7,1051,593.5,148.0,582.0,139.0,605.0,157.0,1.0
7,1052,593.5,148.0,582.0,139.0,605.0,157.0,1.0
7,1053,593.5,148.0,582.0,139.0,605.0,157.0,1.0
7,1054,593.5,148.0,582.0,139.0,605.0,157.0,1.0
7,1055,593.5,148.0,582.0,139.0,605.0,157.0,1.0
7,1056,593.5,148.0,582.0,139.0,605.0,157.0,1.0
7,1057,593.5,148.0,582.0,139.0,605.0,157.0,1.0
7,1058,593.5,148.0,582.0,139.0,605.0,157.0,1.0
7,1059,593.5,148.0,582.0,139.0,605.0,157.0,1.0
7,1060,593.5,148.0,582.0,139.0,605.0,157.0,1.0
7,1061,593.5,148.0,582.0,139.0,605.0,157.0,1.0
7,1062,593.5,148.0,582.0,139.0,605.0,157.0,1.0
7,1063,593.5,148.0,582.0,139.0,605.0,157.0,1.0
7,1064,593.5,148.0,582.0,139.0,605.0,157.0,1.0
7,1065,593.5,148.0,582.0,139.0,605.0,157.0,1.0
7,1066,593.5,148.0,582.0,139.0,605.0,157.0,1.0
7,1067,593.5,148.0,582.0,139.0,605.0,157.0,1.0
7,1068,593.5,148.0,582.0,139.0,605.0,157.0,1.0
7,1069,593.5,148.0,582.0,139.0,605.0,157.0,1.0
7,1070,593.5,148.0,582.0,139.0,605.0,157.0,1.0
7,1071,593.5,148.0,582.0,139.0,605.0,157.0,1.0
7,1072,593.5,148.0,582.0,139.0,605.0,157.0,1.0
7,1073,593.5,148.0,582.0,139.0,605.0,157.0,1.0
7,1074,593.5,148.0,582.0,139.0,605.0,157.0,1.0
7,1075,593.5,148.0,582.0,139.0,605.0,157.0,1.0
7,1076,593.5,148.0,582.0,139.0,605.0,157.0,1.0
7,1077,593.5,148.0,582.0,139.0,605.0,157.0,1.0
7,1078,593.5,148.0,582.0,139.0,605.0,157.0,1.0
7,1079,593.5,148.0,582.0,139.0,605.0,157.0,1.0
7,1080,593.5,148.0,582.0,139.0,605.0,157.0,1.0
7,1081,593.5,148.0,582.0,139.0,605.0,157.0,1.0
7,1082,593.5,148.0,582.0,139.0,605.0,157.0,1.0
7,1083,593.5,148.0,582.0,139.0,605.0,157.0,1.0
7,1084,593.5,148.0,582.0,139.0,605.0,157.0,1.0
7,1085,593.5,148.0,582.0,139.0,605.0,157.0,1.0
7,1086,593.5,148.0,582.0,139.0,605.0,157.0,1.0
7,1087,593.5,148.0,582.0,139.0,605.0,157.0,1.0
7,1088,593.5,148.0,582.0,139.0,605.0,157.0,1.0
7,1089,593.5,148.0,582.0,139.0,605.0,157.0,1.0
7,1090,593.5,148.0,582.0,139.0,605.0,157.0,1.0
7,1091,593.5,148.0,582.0,139.0,605.0,157.0,1.0
7,1092,593.5,148.0,582.0,139.0,605.0,157.0,1.0
7,1093,593.5,148.0,582.0,139.0,605.0,157.0,1.0
7,1094,593.5,148.0,582.0,139.0,605.0,157.0,1.0
7,1095,593.5,148.0,582.0,139.0,605.0,157.0,1.0
7,1096,593.5,148.0,582.0,139.0,605.0,157.0,1.0
7,1097,593.5,148.0,582.0,139.0,605.0,157.0,1.0
7,1098,593.5,148.0,582.0,139.0,605.0,157.0,1.0
7,1099,593.5,148.0,582.0,139.0,605.0,157.0,1.0
7,1100,593.5,148.0,582.0,139.0,605.0,157.0,1.0
7,1101,593.5,148.0,582.0,139.0,605.0,157.0,1.0
7,1102,593.5,148.0,582.0,139.0,605.0,157.0,1.0
7,1103,593.5,148.0,582.0,139.0,605.0,157.0,1.0
7,1104,593.5,148.0,582.0,139.0,605.0,157.0,1.0
7,1105,593.5,148.0,582.0,139.0,605.0,157.0,1.0
7,1106,593.5,148.0,582.0,139.0,605.0,157.0,1.0
7,1107,593.5,148.0,582.0,139.0,605.0,157.0,1.0
7,1108,593.5,148.0,582.0,139.0,605.0,157.0,1.0
7,1109,593.5,148.0,582.0,139.0,605.0,157.0,1.0
7,1110,593.5,148.0,582.0,139.0,605.0,157.0,1.0
7,1111,593.5,148.0,582.0,139.0,605.0,157.0,1.0
7,1112,593.5,148.0,582.0,139.0,605.0,157.0,1.0
7,1113,593.5,148.0,582.0,139.0,605.0,157.0,1.0
7,1114,593.5,148.0,582.0,139.0,605.0,157.0,1.0
7,1115,593.5,148.0,582.0,139.0,605.0,157.0,1.0
7,1116,593.5,148.0,582.0,139.0,605.0,157.0,1.0
7,1117,593.5,148.0,582.0,139.0,605.0,157.0,1.0
7,1118,593.5,148.0,582.0,139.0,605.0,157.0,1.0
7,1119,593.5,148.0,582.0,139.0,605.0,157.0,1.0
7,1120,593.5,148.0,582.0,139.0,605.0,157.0,1.0
7,1121,593.5,148.0,582.0,139.0,605.0,157.0,1.0
7,1122,593.5,148.0,582.0,139.0,605.0,157.0,1.0
7,1123,593.5,148.0,582.0,139.0,605.0,157.0,1.0
7,1124,593.5,148.0,582.0,139.0,605.0,157.0,1.0
7,1125,593.5,148.0,582.0,139.0,605.0,157.0,1.0
7,1126,593.5,148.0,582.0,139.0,605.0,157.0,1.0
7,1127,593.5,148.0,582.0,139.0,605.0,157.0,1.0
7,1128,593.5,148.0,582.0,139.0,605.0,157.0,1.0
7,1129,593.5,148.0,582.0,139.0,605.0,157.0,1.0
7,1130,593.5,148.0,582.0,139.0,605.0,157.0,1.0
7,1131,593.5,148.0,582.0,139.0,605.0,157.0,1.0
7,1132,593.5,148.0,582.0,139.0,605.0,157.0,1.0
7,1133,593.5,148.0,582.0,139.0,605.0,157.0,1.0
7,1134,593.5,148.0,582.0,139.0,605.0,157.0,1.0
7,1135,593.5,148.0,582.0,139.0,605.0,157.0,1.0
7,1136,593.5,148.0,582.0,139.0,605.0,157.0,1.0
7,1137,593.5,148.0,582.0,139.0,605.0,157.0,1.0
7,1138,593.5,148.0,582.0,139.0,605.0,157.0,1.0
7,1139,593.5,148.0,582.0,139.0,605.0,157.0,1.0
7,1140,593.5,148.0,582.0,139.0,605.0,157.0,1.0
7,1141,593.5,148.0,582.0,139.0,605.0,157.0,1.0
7,1142,593.5,148.0,582.0,139.0,605.0,157.0,1.0
7,1143,593.5,148.0,582.0,139.0,605.0,157.0,1.0
7,1144,593.5,148.0,582.0,139.0,605.0,157.0,1.0
7,1145,593.5,148.0,582.0,139.0,605.0,157.0,1.0
7,1146,593.5,148.0,582.0,139.0,605.0,157.0,1.0
7,1147,593.5,148.0,582.0,139.0,605.0,157.0,1.0
7,1148,593.5,148.0,582.0,139.0,605.0,157.0,1.0
7,1149,593.5,148.0,582.0,139.0,605.0,157.0,1.0
7,1150,593.5,148.0,582.0,139.0,605.0,157.0,1.0
7,1151,593.5,148.0,582.0,139.0,605.0,157.0,1.0
7,1152,593.5,148.0,582.0,139.0,605.0,157.0,1.0
7,1153,593.5,148.0,582.0,139.0,605.0,157.0,1.0
7,1154,593.5,148.0,582.0,139.0,605.0,157.0,1.0
7,1155,593.5,148.0,582.0,139.0,605.0,157.0,1.0
7,1156,593.5,148.0,582.0,139.0,605.0,157.0,1.0
7,1157,593.5,148.0,582.0,139.0,605.0,157.0,1.0
7,1158,593.5,148.0,582.0,139.0,605.0,157.0,1.0
7,1159,593.5,148.0,582.0,139.0,605.0,157.0,1.0
7,1160,593.5,148.0,582.0,139.0,605.0,157.0,1.0
7,1161,593.5,148.0,582.0,139.0,605.0,157.0,1.0
7,1162,593.5,148.0,582.0,139.0,605.0,157.0,1.0
7,1163,593.5,148.0,582.0,139.0,605.0,157.0,1.0
7,1164,593.5,148.0,582.0,139.0,605.0,157.0,1.0
7,1165,593.5,148.0,582.0,139.0,605.0,157.0,1.0
7,1166,593.5,148.0,582.0,139.0,605.0,157.0,1.0
7,1167,593.5,148.0,582.0,139.0,605.0,157.0,1.0
7,1168,593.5,148.0,582.0,139.0,605.0,157.0,1.0
7,1169,593.5,148.0,582.0,139.0,605.0,157.0,1.0
7,1170,593.5,148.0,582.0,139.0,605.0,157.0,1.0
7,1171,593.5,148.0,582.0,139.0,605.0,157.0,1.0
7,1172,593.5,148.0,582.0,139.0,605.0,157.0,1.0
7,1173,593.5,148.0,582.0,139.0,605.0,157.0,1.0
7,1174,593.5,148.0,582.0,139.0,605.0,157.0,1.0
7,1175,593.5,148.0,582.0,139.0,605.0,157.0,1.0
7,1176,593.5,148.0,582.0,139.0,605.0,157.0,1.0
7,1177,593.5,148.0,582.0,139.0,605.0,157.0,1.0
7,1178,593.5,148.0,582.0,139.0,605.0,157.0,1.0
7,1179,593.5,148.0,582.0,139.0,605.0,157.0,1.0
7,1180,593.5,148.0,582.0,139.0,605.0,157.0,1.0
7,1181,593.5,148.0,582.0,139.0,605.0,157.0,1.0
7,1182,593.5,148.0,582.0,139.0,605.0,157.0,1.0
7,1183,593.5,148.0,582.0,139.0,605.0,157.0,1.0
7,1184,593.5,148.0,582.0,139.0,605.0,157.0,1.0
7,1185,593.5,148.0,582.0,139.0,605.0,157.0,1.0
7,1186,593.5,148.0,582.0,139.0,605.0,157.0,1.0
7,1187,593.5,148.0,582.0,139.0,605.0,157.0,1.0
7,1188,593.5,148.0,582.0,139.0,605.0,157.0,1.0
7,1189,593.5,148.0,582.0,139.0,605.0,157.0,1.0
7,1190,593.5,148.0,582.0,139.0,605.0,157.0,1.0
7,1191,593.5,148.0,582.0,139.0,605.0,157.0,1.0
7,1192,593.5,148.0,582.0,139.0,605.0,157.0,1.0
7,1193,593.5,148.0,582.0,139.0,605.0,157.0,1.0
7,1194,593.5,148.0,582.0,139.0,605.0,157.0,1.0
7,1195,593.5,148.0,582.0,139.0,605.0,157.0,1.0
7,1196,593.5,148.0,582.0,139.0,605.0,157.0,1.0
7,1197,593.5,148.0,582.0,139.0,605.0,157.0,1.0
7,1198,593.5,148.0,582.0,139.0,605.0,157.0,1.0
7,1199,593.5,148.0,582.0,139.0,605.0,157.0,1.0
7,1200,593.5,148.0,582.0,139.0,605.0,157.0,1.0
7,1201,593.5,148.0,582.0,139.0,605.0,157.0,1.0
7,1202,593.5,148.0,582.0,139.0,605.0,157.0,1.0
7,1203,593.5,148.0,582.0,139.0,605.0,157.0,1.0
7,1204,593.5,148.0,582.0,139.0,605.0,157.0,1.0
7,1205,593.5,148.0,582.0,139.0,605.0,157.0,1.0
7,1206,593.5,148.0,582.0,139.0,605.0,157.0,1.0
7,1207,593.5,148.0,582.0,139.0,605.0,157.0,1.0
7,1208,593.5,148.0,582.0,139.0,605.0,157.0,1.0
7,1209,593.5,148.0,582.0,139.0,605.0,157.0,1.0
7,1210,593.5,148.0,582.0,139.0,605.0,157.0,1.0
7,1211,593.5,148.0,582.0,139.0,605.0,157.0,1.0
7,1212,593.5,148.0,582.0,139.0,605.0,157.0,1.0
7,1213,593.5,148.0,582.0,139.0,605.0,157.0,1.0
7,1214,593.5,148.0,582.0,139.0,605.0,157.0,1.0
7,1215,593.5,148.0,582.0,139.0,605.0,157.0,1.0
7,1216,593.5,148.0,582.0,139.0,605.0,157.0,1.0
8,1217,273.5,195.0,263.0,182.0,284.0,208.0,1.0
8,1218,273.45238095238096,194.97619047619048,262.95238095238096,181.97619047619048,283.95238095238096,207.97619047619048,1.0
8,1219,273.4047619047619,194.95238095238096,262.9047619047619,181.95238095238096,283.9047619047619,207.95238095238096,1.0
8,1220,273.35714285714283,194.92857142857142,262.85714285714283,181.92857142857142,283.85714285714283,207.92857142857142,1.0
8,1221,273.3095238095238,194.9047619047619,262.8095238095238,181.9047619047619,283.8095238095238,207.9047619047619,1.0
8,1222,273.26190476190476,194.88095238095238,262.76190476190476,181.88095238095238,283.76190476190476,207.88095238095238,1.0
8,1223,273.2142857142857,194.85714285714286,262.7142857142857,181.85714285714286,283.7142857142857,207.85714285714286,1.0
8,1224,273.1666666666667,194.83333333333334,262.6666666666667,181.83333333333334,283.6666666666667,207.83333333333334,1.0
8,1225,273.1190476190476,194.8095238095238,262.6190476190476,181.8095238095238,283.6190476190476,207.8095238095238,1.0
8,1226,273.07142857142856,194.78571428571428,262.57142857142856,181.78571428571428,283.57142857142856,207.78571428571428,1.0
8,1227,273.0238095238095,194.76190476190476,262.5238095238095,181.76190476190476,283.5238095238095,207.76190476190476,1.0
8,1228,272.9761904761905,194.73809523809524,262.4761904761905,181.73809523809524,283.4761904761905,207.73809523809524,1.0
8,1229,272.92857142857144,194.71428571428572,262.42857142857144,181.71428571428572,283.42857142857144,207.71428571428572,1.0
8,1230,272.8809523809524,194.6904761904762,262.3809523809524,181.6904761904762,283.3809523809524,207.6904761904762,1.0
8,1231,272.8333333333333,194.66666666666666,262.3333333333333,181.66666666666666,283.3333333333333,207.66666666666666,1.0
8,1232,272.7857142857143,194.64285714285714,262.2857142857143,181.64285714285714,283.2857142857143,207.64285714285714,1.0
8,1233,272.73809523809524,194.61904761904762,262.23809523809524,181.61904761904762,283.23809523809524,207.61904761904762,1.0
8,1234,272.6904761904762,194.5952380952381,262.1904761904762,181.5952380952381,283.1904761904762,207.5952380952381,1.0
8,1235,272.64285714285717,194.57142857142858,262.14285714285717,181.57142857142858,283.14285714285717,207.57142857142858,1.0
8,1236,272.5952380952381,194.54761904761904,262.0952380952381,181.54761904761904,283.0952380952381,207.54761904761904,1.0
8,1237,272.54761904761904,194.52380952380952,262.04761904761904,181.52380952380952,283.04761904761904,207.52380952380952,1.0
8,1238,272.5,194.5,262.0,181.5,283.0,207.5,1.0
8,1239,272.45238095238096,194.47619047619048,261.95238095238096,181.47619047619048,282.95238095238096,207.47619047619048,1.0
8,1240,272.4047619047619,194.45238095238096,261.9047619047619,181.45238095238096,282.9047619047619,207.45238095238096,1.0
8,1241,272.35714285714283,194.42857142857142,261.85714285714283,181.42857142857142,282.85714285714283,207.42857142857142,1.0
8,1242,272.3095238095238,194.4047619047619,261.8095238095238,181.4047619047619,282.8095238095238,207.4047619047619,1.0
8,1243,272.26190476190476,194.38095238095238,261.76190476190476,181.38095238095238,282.76190476190476,207.38095238095238,1.0
8,1244,272.2142857142857,194.35714285714286,261.7142857142857,181.35714285714286,282.7142857142857,207.35714285714286,1.0
8,1245,272.1666666666667,194.33333333333334,261.6666666666667,181.33333333333334,282.6666666666667,207.33333333333334,1.0
8,1246,272.1190476190476,194.3095238095238,261.6190476190476,181.3095238095238,282.6190476190476,207.3095238095238,1.0
8,1247,272.07142857142856,194.28571428571428,261.57142857142856,181.28571428571428,282.57142857142856,207.28571428571428,1.0
8,1248,272.0238095238095,194.26190476190476,261.5238095238095,181.26190476190476,282.5238095238095,207.26190476190476,1.0
8,1249,271.9761904761905,194.23809523809524,261.4761904761905,181.23809523809524,282.4761904761905,207.23809523809524,1.0
8,1250,271.92857142857144,194.21428571428572,261.42857142857144,181.21428571428572,282.42857142857144,207.21428571428572,1.0
8,1251,271.8809523809524,194.1904761904762,261.3809523809524,181.1904761904762,282.3809523809524,207.1904761904762,1.0
8,1252,271.8333333333333,194.16666666666666,261.3333333333333,181.16666666666666,282.3333333333333,207.16666666666666,1.0
8,1253,271.7857142857143,194.14285714285714,261.2857142857143,181.14285714285714,282.2857142857143,207.14285714285714,1.0
8,1254,271.73809523809524,194.11904761904762,261.23809523809524,181.11904761904762,282.23809523809524,207.11904761904762,1.0
8,1255,271.6904761904762,194.0952380952381,261.1904761904762,181.0952380952381,282.1904761904762,207.0952380952381,1.0
8,1256,271.64285714285717,194.07142857142858,261.14285714285717,181.07142857142858,282.14285714285717,207.07142857142858,1.0
8,1257,271.5952380952381,194.04761904761904,261.0952380952381,181.04761904761904,282.0952380952381,207.04761904761904,1.0
8,1258,271.54761904761904,194.02380952380952,261.04761904761904,181.02380952380952,282.04761904761904,207.02380952380952,1.0
8,1259,271.5,194.0,261.0,181.0,282.0,207.0,1.0
8,1260,271.45238095238096,193.97619047619048,260.95238095238096,180.97619047619048,281.95238095238096,206.97619047619048,1.0
8,1261,271.4047619047619,193.95238095238096,260.9047619047619,180.95238095238096,281.9047619047619,206.95238095238096,1.0
8,1262,271.35714285714283,193.92857142857142,260.85714285714283,180.92857142857142,281.85714285714283,206.92857142857142,1.0
8,1263,271.3095238095238,193.9047619047619,260.8095238095238,180.9047619047619,281.8095238095238,206.9047619047619,1.0
8,1264,271.26190476190476,193.88095238095238,260.76190476190476,180.88095238095238,281.76190476190476,206.88095238095238,1.0
8,1265,271.2142857142857,193.85714285714286,260.7142857142857,180.85714285714286,281.7142857142857,206.85714285714286,1.0
8,1266,271.1666666666667,193.83333333333334,260.6666666666667,180.83333333333334,281.6666666666667,206.83333333333334,1.0
8,1267,271.1190476190476,193.8095238095238,260.6190476190476,180.8095238095238,281.6190476190476,206.8095238095238,1.0
8,1268,271.07142857142856,193.78571428571428,260.57142857142856,180.78571428571428,281.57142857142856,206.78571428571428,1.0
8,1269,271.0238095238095,193.76190476190476,260.5238095238095,180.76190476190476,281.5238095238095,206.76190476190476,1.0
8,1270,270.9761904761905,193.73809523809524,260.4761904761905,180.73809523809524,281.4761904761905,206.73809523809524,1.0
8,1271,270.92857142857144,193.71428571428572,260.42857142857144,180.71428571428572,281.42857142857144,206.71428571428572,1.0
8,1272,270.8809523809524,193.6904761904762,260.3809523809524,180.6904761904762,281.3809523809524,206.6904761904762,1.0
8,1273,270.8333333333333,193.66666666666666,260.3333333333333,180.66666666666666,281.3333333333333,206.66666666666666,1.0
8,1274,270.7857142857143,193.64285714285714,260.2857142857143,180.64285714285714,281.2857142857143,206.64285714285714,1.0
8,1275,270.73809523809524,193.61904761904762,260.23809523809524,180.61904761904762,281.23809523809524,206.61904761904762,1.0
8,1276,270.6904761904762,193.5952380952381,260.1904761904762,180.5952380952381,281.1904761904762,206.5952380952381,1.0
8,1277,270.64285714285717,193.57142857142858,260.14285714285717,180.57142857142858,281.14285714285717,206.57142857142858,1.0
8,1278,270.5952380952381,193.54761904761904,260.0952380952381,180.54761904761904,281.0952380952381,206.54761904761904,1.0
8,1279,270.54761904761904,193.52380952380952,260.04761904761904,180.52380952380952,281.04761904761904,206.52380952380952,1.0
8,1280,270.5,193.5,260.0,180.5,281.0,206.5,1.0
8,1281,270.45238095238096,193.47619047619048,259.95238095238096,180.47619047619048,280.95238095238096,206.47619047619048,1.0
8,1282,270.4047619047619,193.45238095238096,259.9047619047619,180.45238095238096,280.9047619047619,206.45238095238096,1.0
8,1283,270.35714285714283,193.42857142857142,259.85714285714283,180.42857142857142,280.85714285714283,206.42857142857142,1.0
8,1284,270.3095238095238,193.4047619047619,259.8095238095238,180.4047619047619,280.8095238095238,206.4047619047619,1.0
8,1285,270.26190476190476,193.38095238095238,259.76190476190476,180.38095238095238,280.76190476190476,206.38095238095238,1.0
8,1286,270.2142857142857,193.35714285714286,259.7142857142857,180.35714285714286,280.7142857142857,206.35714285714286,1.0
8,1287,270.1666666666667,193.33333333333334,259.6666666666667,180.33333333333334,280.6666666666667,206.33333333333334,1.0
8,1288,270.1190476190476,193.3095238095238,259.6190476190476,180.3095238095238,280.6190476190476,206.3095238095238,1.0
8,1289,270.07142857142856,193.28571428571428,259.57142857142856,180.28571428571428,280.57142857142856,206.28571428571428,1.0
8,1290,270.0238095238095,193.26190476190476,259.5238095238095,180.26190476190476,280.5238095238095,206.26190476190476,1.0
8,1291,269.9761904761905,193.23809523809524,259.4761904761905,180.23809523809524,280.4761904761905,206.23809523809524,1.0
8,1292,269.92857142857144,193.21428571428572,259.42857142857144,180.21428571428572,280.42857142857144,206.21428571428572,1.0
8,1293,269.8809523809524,193.1904761904762,259.3809523809524,180.1904761904762,280.3809523809524,206.1904761904762,1.0
8,1294,269.8333333333333,193.16666666666666,259.3333333333333,180.16666666666666,280.3333333333333,206.16666666666666,1.0
8,1295,269.7857142857143,193.14285714285714,259.2857142857143,180.14285714285714,280.2857142857143,206.14285714285714,1.0
8,1296,269.73809523809524,193.11904761904762,259.23809523809524,180.11904761904762,280.23809523809524,206.11904761904762,1.0
8,1297,269.6904761904762,193.0952380952381,259.1904761904762,180.0952380952381,280.1904761904762,206.0952380952381,1.0
8,1298,269.64285714285717,193.07142857142858,259.14285714285717,180.07142857142858,280.14285714285717,206.07142857142858,1.0
8,1299,269.5952380952381,193.04761904761904,259.0952380952381,180.04761904761904,280.0952380952381,206.04761904761904,1.0
8,1300,269.54761904761904,193.02380952380952,259.04761904761904,180.02380952380952,280.04761904761904,206.02380952380952,1.0
8,1301,269.5,193.0,259.0,180.0,280.0,206.0,1.0
8,1302,269.45238095238096,192.97619047619048,258.95238095238096,179.97619047619048,279.95238095238096,205.97619047619048,1.0
8,1303,269.4047619047619,192.95238095238096,258.9047619047619,179.95238095238096,279.9047619047619,205.95238095238096,1.0
8,1304,269.35714285714283,192.92857142857142,258.85714285714283,179.92857142857142,279.85714285714283,205.92857142857142,1.0
8,1305,269.3095238095238,192.9047619047619,258.8095238095238,179.9047619047619,279.8095238095238,205.9047619047619,1.0
8,1306,269.26190476190476,192.88095238095238,258.76190476190476,179.88095238095238,279.76190476190476,205.88095238095238,1.0
8,1307,269.2142857142857,192.85714285714286,258.7142857142857,179.85714285714286,279.7142857142857,205.85714285714286,1.0
8,1308,269.1666666666667,192.83333333333334,258.6666666666667,179.83333333333334,279.6666666666667,205.83333333333334,1.0
8,1309,269.1190476190476,192.8095238095238,258.6190476190476,179.8095238095238,279.6190476190476,205.8095238095238,1.0
8,1310,269.07142857142856,192.78571428571428,258.57142857142856,179.78571428571428,279.57142857142856,205.78571428571428,1.0
8,1311,269.0238095238095,192.76190476190476,258.5238095238095,179.76190476190476,279.5238095238095,205.76190476190476,1.0
8,1312,268.9761904761905,192.73809523809524,258.4761904761905,179.73809523809524,279.4761904761905,205.73809523809524,1.0
8,1313,268.92857142857144,192.71428571428572,258.42857142857144,179.71428571428572,279.42857142857144,205.71428571428572,1.0
8,1314,268.8809523809524,192.6904761904762,258.3809523809524,179.6904761904762,279.3809523809524,205.6904761904762,1.0
8,1315,268.8333333333333,192.66666666666666,258.3333333333333,179.66666666666666,279.3333333333333,205.66666666666666,1.0
8,1316,268.7857142857143,192.64285714285714,258.2857142857143,179.64285714285714,279.2857142857143,205.64285714285714,1.0
8,1317,268.73809523809524,192.61904761904762,258.23809523809524,179.61904761904762,279.23809523809524,205.61904761904762,1.0
8,1318,268.6904761904762,192.5952380952381,258.1904761904762,179.5952380952381,279.1904761904762,205.5952380952381,1.0
8,1319,268.64285714285717,192.57142857142858,258.14285714285717,179.57142857142858,279.14285714285717,205.57142857142858,1.0
8,1320,268.5952380952381,192.54761904761904,258.0952380952381,179.54761904761904,279.0952380952381,205.54761904761904,1.0
8,1321,268.54761904761904,192.52380952380952,258.04761904761904,179.52380952380952,279.04761904761904,205.52380952380952,1.0
8,1322,268.5,192.5,258.0,179.5,279.0,205.5,1.0
8,1323,268.45238095238096,192.47619047619048,257.95238095238096,179.47619047619048,278.95238095238096,205.47619047619048,1.0
8,1324,268.4047619047619,192.45238095238096,257.9047619047619,179.45238095238096,278.9047619047619,205.45238095238096,1.0
8,1325,268.35714285714283,192.42857142857142,257.85714285714283,179.42857142857142,278.85714285714283,205.42857142857142,1.0
8,1326,268.3095238095238,192.4047619047619,257.8095238095238,179.4047619047619,278.8095238095238,205.4047619047619,1.0
8,1327,268.26190476190476,192.38095238095238,257.76190476190476,179.38095238095238,278.76190476190476,205.38095238095238,1.0
8,1328,268.2142857142857,192.35714285714286,257.7142857142857,179.35714285714286,278.7142857142857,205.35714285714286,1.0
8,1329,268.1666666666667,192.33333333333334,257.6666666666667,179.33333333333334,278.6666666666667,205.33333333333334,1.0
8,1330,268.1190476190476,192.3095238095238,257.6190476190476,179.3095238095238,278.6190476190476,205.3095238095238,1.0
8,1331,268.07142857142856,192.28571428571428,257.57142857142856,179.28571428571428,278.57142857142856,205.28571428571428,1.0
8,1332,268.0238095238095,192.26190476190476,257.5238095238095,179.26190476190476,278.5238095238095,205.26190476190476,1.0
8,1333,267.9761904761905,192.23809523809524,257.4761904761905,179.23809523809524,278.4761904761905,205.23809523809524,1.0
8,1334,267.92857142857144,192.21428571428572,257.42857142857144,179.21428571428572,278.42857142857144,205.21428571428572,1.0
8,1335,267.8809523809524,192.1904761904762,257.3809523809524,179.1904761904762,278.3809523809524,205.1904761904762,1.0
8,1336,267.8333333333333,192.16666666666666,257.3333333333333,179.16666666666666,278.3333333333333,205.16666666666666,1.0
8,1337,267.7857142857143,192.14285714285714,257.2857142857143,179.14285714285714,278.2857142857143,205.14285714285714,1.0
8,1338,267.73809523809524,192.11904761904762,257.23809523809524,179.11904761904762,278.23809523809524,205.11904761904762,1.0
8,1339,267.6904761904762,192.0952380952381,257.1904761904762,179.0952380952381,278.1904761904762,205.0952380952381,1.0
8,1340,267.64285714285717,192.07142857142858,257.14285714285717,179.07142857142858,278.14285714285717,205.07142857142858,1.0
8,1341,267.5952380952381,192.04761904761904,257.0952380952381,179.04761904761904,278.0952380952381,205.04761904761904,1.0
8,1342,267.54761904761904,192.02380952380952,257.04761904761904,179.02380952380952,278.04761904761904,205.02380952380952,1.0
8,1343,267.5,192.0,257.0,179.0,278.0,205.0,1.0
8,1344,267.45238095238096,191.97619047619048,256.95238095238096,178.97619047619048,277.95238095238096,204.97619047619048,1.0
8,1345,267.4047619047619,191.95238095238096,256.9047619047619,178.95238095238096,277.9047619047619,204.95238095238096,1.0
8,1346,267.35714285714283,191.92857142857142,256.85714285714283,178.92857142857142,277.85714285714283,204.92857142857142,1.0
8,1347,267.3095238095238,191.9047619047619,256.8095238095238,178.9047619047619,277.8095238095238,204.9047619047619,1.0
8,1348,267.26190476190476,191.88095238095238,256.76190476190476,178.88095238095238,277.76190476190476,204.88095238095238,1.0
8,1349,267.2142857142857,191.85714285714286,256.7142857142857,178.85714285714286,277.7142857142857,204.85714285714286,1.0
8,1350,267.1666666666667,191.83333333333334,256.6666666666667,178.83333333333334,277.6666666666667,204.83333333333334,1.0
8,1351,267.1190476190476,191.8095238095238,256.6190476190476,178.8095238095238,277.6190476190476,204.8095238095238,1.0
8,1352,267.07142857142856,191.78571428571428,256.57142857142856,178.78571428571428,277.57142857142856,204.78571428571428,1.0
8,1353,267.0238095238095,191.76190476190476,256.5238095238095,178.76190476190476,277.5238095238095,204.76190476190476,1.0
8,1354,266.9761904761905,191.73809523809524,256.4761904761905,178.73809523809524,277.4761904761905,204.73809523809524,1.0
8,1355,266.92857142857144,191.71428571428572,256.42857142857144,178.71428571428572,277.42857142857144,204.71428571428572,1.0
8,1356,266.8809523809524,191.6904761904762,256.3809523809524,178.6904761904762,277.3809523809524,204.6904761904762,1.0
8,1357,266.8333333333333,191.66666666666666,256.3333333333333,178.66666666666666,277.3333333333333,204.66666666666666,1.0
8,1358,266.7857142857143,191.64285714285714,256.2857142857143,178.64285714285714,277.2857142857143,204.64285714285714,1.0
8,1359,266.73809523809524,191.61904761904762,256.23809523809524,178.61904761904762,277.23809523809524,204.61904761904762,1.0
8,1360,266.6904761904762,191.5952380952381,256.1904761904762,178.5952380952381,277.1904761904762,204.5952380952381,1.0
8,1361,266.64285714285717,191.57142857142858,256.14285714285717,178.57142857142858,277.14285714285717,204.57142857142858,1.0
8,1362,266.5952380952381,191.54761904761904,256.0952380952381,178.54761904761904,277.0952380952381,204.54761904761904,1.0
8,1363,266.54761904761904,191.52380952380952,256.04761904761904,178.52380952380952,277.04761904761904,204.52380952380952,1.0
8,1364,266.5,191.5,256.0,178.5,277.0,204.5,1.0
8,1365,266.45238095238096,191.47619047619048,255.95238095238096,178.47619047619048,276.95238095238096,204.47619047619048,1.0
8,1366,266.4047619047619,191.45238095238096,255.90476190476193,178.45238095238096,276.9047619047619,204.45238095238096,1.0
8,1367,266.35714285714283,191.42857142857142,255.85714285714283,178.42857142857142,276.85714285714283,204.42857142857142,1.0
8,1368,266.3095238095238,191.4047619047619,255.8095238095238,178.4047619047619,276.8095238095238,204.4047619047619,1.0
8,1369,266.26190476190476,191.38095238095238,255.76190476190476,178.38095238095238,276.76190476190476,204.38095238095238,1.0
8,1370,266.2142857142857,191.35714285714286,255.71428571428572,178.35714285714286,276.7142857142857,204.35714285714286,1.0
8,1371,266.1666666666667,191.33333333333334,255.66666666666669,178.33333333333334,276.6666666666667,204.33333333333334,1.0
8,1372,266.1190476190476,191.3095238095238,255.6190476190476,178.3095238095238,276.6190476190476,204.3095238095238,1.0
8,1373,266.07142857142856,191.28571428571428,255.57142857142856,178.28571428571428,276.57142857142856,204.28571428571428,1.0
8,1374,266.0238095238095,191.26190476190476,255.52380952380952,178.26190476190476,276.5238095238095,204.26190476190476,1.0
8,1375,265.9761904761905,191.23809523809524,255.47619047619048,178.23809523809524,276.4761904761905,204.23809523809524,1.0
8,1376,265.92857142857144,191.21428571428572,255.42857142857144,178.21428571428572,276.42857142857144,204.21428571428572,1.0
8,1377,265.8809523809524,191.1904761904762,255.3809523809524,178.1904761904762,276.3809523809524,204.1904761904762,1.0
8,1378,265.8333333333333,191.16666666666666,255.33333333333331,178.16666666666666,276.3333333333333,204.16666666666666,1.0
8,1379,265.7857142857143,191.14285714285714,255.28571428571428,178.14285714285714,276.2857142857143,204.14285714285714,1.0
8,1380,265.73809523809524,191.11904761904762,255.23809523809524,178.11904761904762,276.23809523809524,204.11904761904762,1.0
8,1381,265.6904761904762,191.0952380952381,255.1904761904762,178.0952380952381,276.1904761904762,204.0952380952381,1.0
8,1382,265.64285714285717,191.07142857142858,255.14285714285717,178.07142857142858,276.14285714285717,204.07142857142858,1.0
8,1383,265.5952380952381,191.04761904761904,255.09523809523807,178.04761904761904,276.0952380952381,204.04761904761904,1.0
8,1384,265.54761904761904,191.02380952380952,255.04761904761904,178.02380952380952,276.04761904761904,204.02380952380952,1.0
8,1385,265.5,191.0,255.0,178.0,276.0,204.0,1.0
8,1386,265.45238095238096,190.97619047619048,254.95238095238096,177.97619047619048,275.95238095238096,203.97619047619048,1.0
8,1387,265.4047619047619,190.95238095238096,254.90476190476193,177.95238095238096,275.9047619047619,203.95238095238096,1.0
8,1388,265.35714285714283,190.92857142857142,254.85714285714283,177.92857142857142,275.85714285714283,203.92857142857142,1.0
8,1389,265.3095238095238,190.9047619047619,254.8095238095238,177.9047619047619,275.8095238095238,203.9047619047619,1.0
8,1390,265.26190476190476,190.88095238095238,254.76190476190476,177.88095238095238,275.76190476190476,203.88095238095238,1.0
8,1391,265.2142857142857,190.85714285714286,254.71428571428572,177.85714285714286,275.7142857142857,203.85714285714286,1.0
8,1392,265.1666666666667,190.83333333333334,254.66666666666669,177.83333333333334,275.6666666666667,203.83333333333334,1.0
8,1393,265.1190476190476,190.8095238095238,254.6190476190476,177.8095238095238,275.6190476190476,203.8095238095238,1.0
8,1394,265.07142857142856,190.78571428571428,254.57142857142856,177.78571428571428,275.57142857142856,203.78571428571428,1.0
8,1395,265.0238095238095,190.76190476190476,254.52380952380952,177.76190476190476,275.5238095238095,203.76190476190476,1.0
8,1396,264.9761904761905,190.73809523809524,254.47619047619048,177.73809523809524,275.4761904761905,203.73809523809524,1.0
8,1397,264.92857142857144,190.71428571428572,254.42857142857144,177.71428571428572,275.42857142857144,203.71428571428572,1.0
8,1398,264.8809523809524,190.6904761904762,254.3809523809524,177.6904761904762,275.3809523809524,203.6904761904762,1.0
8,1399,264.8333333333333,190.66666666666666,254.33333333333331,177.66666666666666,275.3333333333333,203.66666666666666,1.0
8,1400,264.7857142857143,190.64285714285714,254.28571428571428,177.64285714285714,275.2857142857143,203.64285714285714,1.0
8,1401,264.73809523809524,190.61904761904762,254.23809523809524,177.61904761904762,275.23809523809524,203.61904761904762,1.0
8,1402,264.6904761904762,190.5952380952381,254.1904761904762,177.5952380952381,275.1904761904762,203.5952380952381,1.0
8,1403,264.64285714285717,190.57142857142858,254.14285714285717,177.57142857142858,275.14285714285717,203.57142857142858,1.0
8,1404,264.5952380952381,190.54761904761904,254.09523809523807,177.54761904761904,275.0952380952381,203.54761904761904,1.0
8,1405,264.54761904761904,190.52380952380952,254.04761904761904,177.52380952380952,275.04761904761904,203.52380952380952,1.0
8,1406,264.5,190.5,254.0,177.5,275.0,203.5,1.0
8,1407,264.45238095238096,190.47619047619048,253.95238095238096,177.47619047619048,274.95238095238096,203.47619047619048,1.0
8,1408,264.4047619047619,190.45238095238096,253.90476190476193,177.45238095238096,274.9047619047619,203.45238095238096,1.0
8,1409,264.35714285714283,190.42857142857142,253.85714285714283,177.42857142857142,274.85714285714283,203.42857142857142,1.0
8,1410,264.3095238095238,190.4047619047619,253.8095238095238,177.4047619047619,274.8095238095238,203.4047619047619,1.0
8,1411,264.26190476190476,190.38095238095238,253.76190476190476,177.38095238095238,274.76190476190476,203.38095238095238,1.0
8,1412,264.2142857142857,190.35714285714286,253.71428571428572,177.35714285714286,274.7142857142857,203.35714285714286,1.0
8,1413,264.1666666666667,190.33333333333334,253.66666666666669,177.33333333333334,274.6666666666667,203.33333333333334,1.0
8,1414,264.1190476190476,190.3095238095238,253.6190476190476,177.3095238095238,274.6190476190476,203.3095238095238,1.0
8,1415,264.07142857142856,190.28571428571428,253.57142857142856,177.28571428571428,274.57142857142856,203.28571428571428,1.0
8,1416,264.0238095238095,190.26190476190476,253.52380952380952,177.26190476190476,274.5238095238095,203.26190476190476,1.0
8,1417,263.9761904761905,190.23809523809524,253.47619047619048,177.23809523809524,274.4761904761905,203.23809523809524,1.0
8,1418,263.92857142857144,190.21428571428572,253.42857142857144,177.21428571428572,274.42857142857144,203.21428571428572,1.0
8,1419,263.8809523809524,190.1904761904762,253.3809523809524,177.1904761904762,274.3809523809524,203.1904761904762,1.0
8,1420,263.8333333333333,190.16666666666666,253.33333333333331,177.16666666666666,274.3333333333333,203.16666666666666,1.0
8,1421,263.7857142857143,190.14285714285714,253.28571428571428,177.14285714285714,274.2857142857143,203.14285714285714,1.0
8,1422,263.73809523809524,190.11904761904762,253.23809523809524,177.11904761904762,274.23809523809524,203.11904761904762,1.0
8,1423,263.6904761904762,190.0952380952381,253.1904761904762,177.0952380952381,274.1904761904762,203.0952380952381,1.0
8,1424,263.64285714285717,190.07142857142858,253.14285714285717,177.07142857142858,274.14285714285717,203.07142857142858,1.0
8,1425,263.5952380952381,190.04761904761904,253.09523809523807,177.04761904761904,274.0952380952381,203.04761904761904,1.0
8,1426,263.54761904761904,190.02380952380952,253.04761904761904,177.02380952380952,274.04761904761904,203.02380952380952,1.0
8,1427,263.5,190.0,253.0,177.0,274.0,203.0,1.0
8,1428,263.45238095238096,189.97619047619048,252.95238095238096,176.97619047619048,273.95238095238096,202.97619047619048,1.0
8,1429,263.4047619047619,189.95238095238096,252.90476190476193,176.95238095238096,273.9047619047619,202.95238095238096,1.0
8,1430,263.35714285714283,189.92857142857142,252.85714285714283,176.92857142857142,273.85714285714283,202.92857142857142,1.0
8,1431,263.3095238095238,189.9047619047619,252.8095238095238,176.9047619047619,273.8095238095238,202.9047619047619,1.0
8,1432,263.26190476190476,189.88095238095238,252.76190476190476,176.88095238095238,273.76190476190476,202.88095238095238,1.0
8,1433,263.2142857142857,189.85714285714286,252.71428571428572,176.85714285714286,273.7142857142857,202.85714285714286,1.0
8,1434,263.1666666666667,189.83333333333334,252.66666666666669,176.83333333333334,273.6666666666667,202.83333333333334,1.0
8,1435,263.1190476190476,189.8095238095238,252.6190476190476,176.8095238095238,273.6190476190476,202.8095238095238,1.0
8,1436,263.07142857142856,189.78571428571428,252.57142857142856,176.78571428571428,273.57142857142856,202.78571428571428,1.0
8,1437,263.0238095238095,189.76190476190476,252.52380952380952,176.76190476190476,273.5238095238095,202.76190476190476,1.0
8,1438,262.9761904761905,189.73809523809524,252.47619047619048,176.73809523809524,273.4761904761905,202.73809523809524,1.0
8,1439,262.92857142857144,189.71428571428572,252.42857142857144,176.71428571428572,273.42857142857144,202.71428571428572,1.0
8,1440,262.8809523809524,189.6904761904762,252.3809523809524,176.6904761904762,273.3809523809524,202.6904761904762,1.0
8,1441,262.8333333333333,189.66666666666666,252.33333333333331,176.66666666666666,273.3333333333333,202.66666666666666,1.0
8,1442,262.7857142857143,189.64285714285714,252.28571428571428,176.64285714285714,273.2857142857143,202.64285714285714,1.0
8,1443,262.73809523809524,189.61904761904762,252.23809523809524,176.61904761904762,273.23809523809524,202.61904761904762,1.0
8,1444,262.6904761904762,189.5952380952381,252.1904761904762,176.5952380952381,273.1904761904762,202.5952380952381,1.0
8,1445,262.64285714285717,189.57142857142858,252.14285714285717,176.57142857142858,273.14285714285717,202.57142857142858,1.0
8,1446,262.5952380952381,189.54761904761904,252.09523809523807,176.54761904761904,273.0952380952381,202.54761904761904,1.0
8,1447,262.54761904761904,189.52380952380952,252.04761904761904,176.52380952380952,273.04761904761904,202.52380952380952,1.0
8,1448,262.5,189.5,252.0,176.5,273.0,202.5,1.0
8,1449,262.45238095238096,189.47619047619048,251.95238095238096,176.47619047619048,272.95238095238096,202.47619047619048,1.0
8,1450,262.4047619047619,189.45238095238096,251.90476190476193,176.45238095238096,272.9047619047619,202.45238095238096,1.0
8,1451,262.35714285714283,189.42857142857142,251.85714285714283,176.42857142857142,272.85714285714283,202.42857142857142,1.0
8,1452,262.3095238095238,189.4047619047619,251.8095238095238,176.4047619047619,272.8095238095238,202.4047619047619,1.0
8,1453,262.26190476190476,189.38095238095238,251.76190476190476,176.38095238095238,272.76190476190476,202.38095238095238,1.0
8,1454,262.2142857142857,189.35714285714286,251.71428571428572,176.35714285714286,272.7142857142857,202.35714285714286,1.0
8,1455,262.1666666666667,189.33333333333334,251.66666666666669,176.33333333333334,272.6666666666667,202.33333333333334,1.0
8,1456,262.1190476190476,189.3095238095238,251.6190476190476,176.3095238095238,272.6190476190476,202.3095238095238,1.0
8,1457,262.07142857142856,189.28571428571428,251.57142857142856,176.28571428571428,272.57142857142856,202.28571428571428,1.0
8,1458,262.0238095238095,189.26190476190476,251.52380952380952,176.26190476190476,272.5238095238095,202.26190476190476,1.0
8,1459,261.9761904761905,189.23809523809524,251.47619047619048,176.23809523809524,272.4761904761905,202.23809523809524,1.0
8,1460,261.92857142857144,189.21428571428572,251.42857142857144,176.21428571428572,272.42857142857144,202.21428571428572,1.0
8,1461,261.8809523809524,189.1904761904762,251.3809523809524,176.1904761904762,272.3809523809524,202.1904761904762,1.0
8,1462,261.8333333333333,189.16666666666666,251.33333333333331,176.16666666666666,272.3333333333333,202.16666666666666,1.0
8,1463,261.7857142857143,189.14285714285714,251.28571428571428,176.14285714285714,272.2857142857143,202.14285714285714,1.0
8,1464,261.73809523809524,189.11904761904762,251.23809523809524,176.11904761904762,272.23809523809524,202.11904761904762,1.0
8,1465,261.6904761904762,189.0952380952381,251.1904761904762,176.0952380952381,272.1904761904762,202.0952380952381,1.0
8,1466,261.64285714285717,189.07142857142858,251.14285714285717,176.07142857142858,272.14285714285717,202.07142857142858,1.0
8,1467,261.5952380952381,189.04761904761904,251.09523809523807,176.04761904761904,272.0952380952381,202.04761904761904,1.0
8,1468,261.54761904761904,189.02380952380952,251.04761904761904,176.02380952380952,272.04761904761904,202.02380952380952,1.0
8,1469,261.5,189.0,251.0,176.0,272.0,202.0,1.0
9,1217,583.0,251.5,574.0,241.0,592.0,262.0,1.0
9,1218,583.0,251.5,574.0,241.0,592.0,262.0,1.0
9,1219,583.0,251.5,574.0,241.0,592.0,262.0,1.0
9,1220,583.0,251.5,574.0,241.0,592.0,262.0,1.0
9,1221,583.0,251.5,574.0,241.0,592.0,262.0,1.0
9,1222,583.0,251.5,574.0,241.0,592.0,262.0,1.0
9,1223,583.0,251.5,574.0,241.0,592.0,262.0,1.0
9,1224,583.0,251.5,574.0,241.0,592.0,262.0,1.0
9,1225,583.0,251.5,574.0,241.0,592.0,262.0,1.0
9,1226,583.0,251.5,574.0,241.0,592.0,262.0,1.0
9,1227,583.0,251.5,574.0,241.0,592.0,262.0,1.0
9,1228,583.0,251.5,574.0,241.0,592.0,262.0,1.0
9,1229,583.0,251.5,574.0,241.0,592.0,262.0,1.0
9,1230,583.0,251.5,574.0,241.0,592.0,262.0,1.0
9,1231,583.0,251.5,574.0,241.0,592.0,262.0,1.0
9,1232,583.0,251.5,574.0,241.0,592.0,262.0,1.0
9,1233,583.0,251.5,574.0,241.0,592.0,262.0,1.0
9,1234,583.0,251.5,574.0,241.0,592.0,262.0,1.0
9,1235,583.0,251.5,574.0,241.0,592.0,262.0,1.0
9,1236,583.0,251.5,574.0,241.0,592.0,262.0,1.0
9,1237,583.0,251.5,574.0,241.0,592.0,262.0,1.0
9,1238,583.0,251.5,574.0,241.0,592.0,262.0,1.0
9,1239,583.0,251.5,574.0,241.0,592.0,262.0,1.0
9,1240,583.0,251.5,574.0,241.0,592.0,262.0,1.0
9,1241,583.0,251.5,574.0,241.0,592.0,262.0,1.0
9,1242,583.0,251.5,574.0,241.0,592.0,262.0,1.0
9,1243,583.0,251.5,574.0,241.0,592.0,262.0,1.0
9,1244,583.0,251.5,574.0,241.0,592.0,262.0,1.0
9,1245,583.0,251.5,574.0,241.0,592.0,262.0,1.0
9,1246,583.0,251.5,574.0,241.0,592.0,262.0,1.0
9,1247,583.0,251.5,574.0,241.0,592.0,262.0,1.0
9,1248,583.0,251.5,574.0,241.0,592.0,262.0,1.0
9,1249,583.0,251.5,574.0,241.0,592.0,262.0,1.0
9,1250,583.0,251.5,574.0,241.0,592.0,262.0,1.0
9,1251,583.0,251.5,574.0,241.0,592.0,262.0,1.0
9,1252,583.0,251.5,574.0,241.0,592.0,262.0,1.0
9,1253,583.0,251.5,574.0,241.0,592.0,262.0,1.0
9,1254,583.0,251.5,574.0,241.0,592.0,262.0,1.0
9,1255,583.0,251.5,574.0,241.0,592.0,262.0,1.0
9,1256,583.0,251.5,574.0,241.0,592.0,262.0,1.0
9,1257,583.0,251.5,574.0,241.0,592.0,262.0,1.0
9,1258,583.0,251.5,574.0,241.0,592.0,262.0,1.0
9,1259,583.0,251.5,574.0,241.0,592.0,262.0,1.0
9,1260,583.0,251.5,574.0,241.0,592.0,262.0,1.0
9,1261,583.0,251.5,574.0,241.0,592.0,262.0,1.0
9,1262,583.0,251.5,574.0,241.0,592.0,262.0,1.0
9,1263,583.0,251.5,574.0,241.0,592.0,262.0,1.0
9,1264,583.0,251.5,574.0,241.0,592.0,262.0,1.0
9,1265,583.0,251.5,574.0,241.0,592.0,262.0,1.0
9,1266,583.0,251.5,574.0,241.0,592.0,262.0,1.0
9,1267,583.0,251.5,574.0,241.0,592.0,262.0,1.0
9,1268,583.0,251.5,574.0,241.0,592.0,262.0,1.0
9,1269,583.0,251.5,574.0,241.0,592.0,262.0,1.0
9,1270,583.0,251.5,574.0,241.0,592.0,262.0,1.0
9,1271,583.0,251.5,574.0,241.0,592.0,262.0,1.0
9,1272,583.0,251.5,574.0,241.0,592.0,262.0,1.0
9,1273,583.0,251.5,574.0,241.0,592.0,262.0,1.0
9,1274,583.0,251.5,574.0,241.0,592.0,262.0,1.0
9,1275,583.0,251.5,574.0,241.0,592.0,262.0,1.0
9,1276,583.0,251.5,574.0,241.0,592.0,262.0,1.0
9,1277,583.0,251.5,574.0,241.0,592.0,262.0,1.0
9,1278,583.0,251.5,574.0,241.0,592.0,262.0,1.0
9,1279,583.0,251.5,574.0,241.0,592.0,262.0,1.0
9,1280,583.0,251.5,574.0,241.0,592.0,262.0,1.0
9,1281,583.0,251.5,574.0,241.0,592.0,262.0,1.0
9,1282,583.0,251.5,574.0,241.0,592.0,262.0,1.0
9,1283,583.0,251.5,574.0,241.0,592.0,262.0,1.0
9,1284,583.0,251.5,574.0,241.0,592.0,262.0,1.0
9,1285,583.0,251.5,574.0,241.0,592.0,262.0,1.0
9,1286,583.0,251.5,574.0,241.0,592.0,262.0,1.0
9,1287,583.0,251.5,574.0,241.0,592.0,262.0,1.0
9,1288,583.0,251.5,574.0,241.0,592.0,262.0,1.0
9,1289,583.0,251.5,574.0,241.0,592.0,262.0,1.0
9,1290,583.0,251.5,574.0,241.0,592.0,262.0,1.0
9,1291,583.0,251.5,574.0,241.0,592.0,262.0,1.0
9,1292,583.0,251.5,574.0,241.0,592.0,262.0,1.0
9,1293,583.0,251.5,574.0,241.0,592.0,262.0,1.0
9,1294,583.0,251.5,574.0,241.0,592.0,262.0,1.0
9,1295,583.0,251.5,574.0,241.0,592.0,262.0,1.0
9,1296,583.0,251.5,574.0,241.0,592.0,262.0,1.0
9,1297,583.0,251.5,574.0,241.0,592.0,262.0,1.0
9,1298,583.0,251.5,574.0,241.0,592.0,262.0,1.0
9,1299,583.0,251.5,574.0,241.0,592.0,262.0,1.0
9,1300,583.0,251.5,574.0,241.0,592.0,262.0,1.0
9,1301,583.0,251.5,574.0,241.0,592.0,262.0,1.0
9,1302,583.0,251.5,574.0,241.0,592.0,262.0,1.0
9,1303,583.0,251.5,574.0,241.0,592.0,262.0,1.0
9,1304,583.0,251.5,574.0,241.0,592.0,262.0,1.0
9,1305,583.0,251.5,574.0,241.0,592.0,262.0,1.0
9,1306,583.0,251.5,574.0,241.0,592.0,262.0,1.0
9,1307,583.0,251.5,574.0,241.0,592.0,262.0,1.0
9,1308,583.0,251.5,574.0,241.0,592.0,262.0,1.0
9,1309,583.0,251.5,574.0,241.0,592.0,262.0,1.0
9,1310,583.0,251.5,574.0,241.0,592.0,262.0,1.0
9,1311,583.0,251.5,574.0,241.0,592.0,262.0,1.0
9,1312,583.0,251.5,574.0,241.0,592.0,262.0,1.0
9,1313,583.0,251.5,574.0,241.0,592.0,262.0,1.0
9,1314,583.0,251.5,574.0,241.0,592.0,262.0,1.0
9,1315,583.0,251.5,574.0,241.0,592.0,262.0,1.0
9,1316,583.0,251.5,574.0,241.0,592.0,262.0,1.0
9,1317,583.0,251.5,574.0,241.0,592.0,262.0,1.0
9,1318,583.0,251.5,574.0,241.0,592.0,262.0,1.0
9,1319,583.0,251.5,574.0,241.0,592.0,262.0,1.0
9,1320,583.0,251.5,574.0,241.0,592.0,262.0,1.0
9,1321,583.0,251.5,574.0,241.0,592.0,262.0,1.0
9,1322,583.0,251.5,574.0,241.0,592.0,262.0,1.0
9,1323,583.0,251.5,574.0,241.0,592.0,262.0,1.0
9,1324,583.0,251.5,574.0,241.0,592.0,262.0,1.0
9,1325,583.0,251.5,574.0,241.0,592.0,262.0,1.0
9,1326,583.0,251.5,574.0,241.0,592.0,262.0,1.0
9,1327,583.0,251.5,574.0,241.0,592.0,262.0,1.0
9,1328,583.0,251.5,574.0,241.0,592.0,262.0,1.0
9,1329,583.0,251.5,574.0,241.0,592.0,262.0,1.0
9,1330,583.0,251.5,574.0,241.0,592.0,262.0,1.0
9,1331,583.0,251.5,574.0,241.0,592.0,262.0,1.0
9,1332,583.0,251.5,574.0,241.0,592.0,262.0,1.0
9,1333,583.0,251.5,574.0,241.0,592.0,262.0,1.0
9,1334,583.0,251.5,574.0,241.0,592.0,262.0,1.0
9,1335,583.0,251.5,574.0,241.0,592.0,262.0,1.0
9,1336,583.0,251.5,574.0,241.0,592.0,262.0,1.0
9,1337,583.0,251.5,574.0,241.0,592.0,262.0,1.0
9,1338,583.0,251.5,574.0,241.0,592.0,262.0,1.0
9,1339,583.0,251.5,574.0,241.0,592.0,262.0,1.0
9,1340,583.0,251.5,574.0,241.0,592.0,262.0,1.0
9,1341,583.0,251.5,574.0,241.0,592.0,262.0,1.0
9,1342,583.0,251.5,574.0,241.0,592.0,262.0,1.0
9,1343,583.0,251.5,574.0,241.0,592.0,262.0,1.0
9,1344,583.0,251.5,574.0,241.0,592.0,262.0,1.0
9,1345,583.0,251.5,574.0,241.0,592.0,262.0,1.0
9,1346,583.0,251.5,574.0,241.0,592.0,262.0,1.0
9,1347,583.0,251.5,574.0,241.0,592.0,262.0,1.0
9,1348,583.0,251.5,574.0,241.0,592.0,262.0,1.0
9,1349,583.0,251.5,574.0,241.0,592.0,262.0,1.0
9,1350,583.0,251.5,574.0,241.0,592.0,262.0,1.0
9,1351,583.0,251.5,574.0,241.0,592.0,262.0,1.0
9,1352,583.0,251.5,574.0,241.0,592.0,262.0,1.0
9,1353,583.0,251.5,574.0,241.0,592.0,262.0,1.0
9,1354,583.0,251.5,574.0,241.0,592.0,262.0,1.0
9,1355,583.0,251.5,574.0,241.0,592.0,262.0,1.0
9,1356,583.0,251.5,574.0,241.0,592.0,262.0,1.0
9,1357,583.0,251.5,574.0,241.0,592.0,262.0,1.0
9,1358,583.0,251.5,574.0,241.0,592.0,262.0,1.0
9,1359,583.0,251.5,574.0,241.0,592.0,262.0,1.0
9,1360,583.0,251.5,574.0,241.0,592.0,262.0,1.0
9,1361,583.0,251.5,574.0,241.0,592.0,262.0,1.0
9,1362,583.0,251.5,574.0,241.0,592.0,262.0,1.0
9,1363,583.0,251.5,574.0,241.0,592.0,262.0,1.0
9,1364,583.0,251.5,574.0,241.0,592.0,262.0,1.0
9,1365,583.0,251.5,574.0,241.0,592.0,262.0,1.0
9,1366,583.0,251.5,574.0,241.0,592.0,262.0,1.0
9,1367,583.0,251.5,574.0,241.0,592.0,262.0,1.0
9,1368,583.0,251.5,574.0,241.0,592.0,262.0,1.0
9,1369,583.0,251.5,574.0,241.0,592.0,262.0,1.0
9,1370,583.0,251.5,574.0,241.0,592.0,262.0,1.0
9,1371,583.0,251.5,574.0,241.0,592.0,262.0,1.0
9,1372,583.0,251.5,574.0,241.0,592.0,262.0,1.0
9,1373,583.0,251.5,574.0,241.0,592.0,262.0,1.0
9,1374,583.0,251.5,574.0,241.0,592.0,262.0,1.0
9,1375,583.0,251.5,574.0,241.0,592.0,262.0,1.0
9,1376,583.0,251.5,574.0,241.0,592.0,262.0,1.0
9,1377,583.0,251.5,574.0,241.0,592.0,262.0,1.0
9,1378,583.0,251.5,574.0,241.0,592.0,262.0,1.0
9,1379,583.0,251.5,574.0,241.0,592.0,262.0,1.0
9,1380,583.0,251.5,574.0,241.0,592.0,262.0,1.0
9,1381,583.0,251.5,574.0,241.0,592.0,262.0,1.0
9,1382,583.0,251.5,574.0,241.0,592.0,262.0,1.0
9,1383,583.0,251.5,574.0,241.0,592.0,262.0,1.0
9,1384,583.0,251.5,574.0,241.0,592.0,262.0,1.0
9,1385,583.0,251.5,574.0,241.0,592.0,262.0,1.0
9,1386,583.0,251.5,574.0,241.0,592.0,262.0,1.0
9,1387,583.0,251.5,574.0,241.0,592.0,262.0,1.0
9,1388,583.0,251.5,574.0,241.0,592.0,262.0,1.0
9,1389,583.0,251.5,574.0,241.0,592.0,262.0,1.0
9,1390,583.0,251.5,574.0,241.0,592.0,262.0,1.0
9,1391,583.0,251.5,574.0,241.0,592.0,262.0,1.0
9,1392,583.0,251.5,574.0,241.0,592.0,262.0,1.0
9,1393,583.0,251.5,574.0,241.0,592.0,262.0,1.0
9,1394,583.0,251.5,574.0,241.0,592.0,262.0,1.0
9,1395,583.0,251.5,574.0,241.0,592.0,262.0,1.0
9,1396,583.0,251.5,574.0,241.0,592.0,262.0,1.0
9,1397,583.0,251.5,574.0,241.0,592.0,262.0,1.0
9,1398,583.0,251.5,574.0,241.0,592.0,262.0,1.0
9,1399,583.0,251.5,574.0,241.0,592.0,262.0,1.0
9,1400,583.0,251.5,574.0,241.0,592.0,262.0,1.0
9,1401,583.0,251.5,574.0,241.0,592.0,262.0,1.0
9,1402,583.0,251.5,574.0,241.0,592.0,262.0,1.0
9,1403,583.0,251.5,574.0,241.0,592.0,262.0,1.0
9,1404,583.0,251.5,574.0,241.0,592.0,262.0,1.0
9,1405,583.0,251.5,574.0,241.0,592.0,262.0,1.0
9,1406,583.0,251.5,574.0,241.0,592.0,262.0,1.0
9,1407,583.0,251.5,574.0,241.0,592.0,262.0,1.0
9,1408,583.0,251.5,574.0,241.0,592.0,262.0,1.0
9,1409,583.0,251.5,574.0,241.0,592.0,262.0,1.0
9,1410,583.0,251.5,574.0,241.0,592.0,262.0,1.0
9,1411,583.0,251.5,574.0,241.0,592.0,262.0,1.0
9,1412,583.0,251.5,574.0,241.0,592.0,262.0,1.0
9,1413,583.0,251.5,574.0,241.0,592.0,262.0,1.0
9,1414,583.0,251.5,574.0,241.0,592.0,262.0,1.0
9,1415,583.0,251.5,574.0,241.0,592.0,262.0,1.0
9,1416,583.0,251.5,574.0,241.0,592.0,262.0,1.0
9,1417,583.0,251.5,574.0,241.0,592.0,262.0,1.0
9,1418,583.0,251.5,574.0,241.0,592.0,262.0,1.0
9,1419,583.0,251.5,574.0,241.0,592.0,262.0,1.0
9,1420,583.0,251.5,574.0,241.0,592.0,262.0,1.0
9,1421,583.0,251.5,574.0,241.0,592.0,262.0,1.0
9,1422,583.0,251.5,574.0,241.0,592.0,262.0,1.0
9,1423,583.0,251.5,574.0,241.0,592.0,262.0,1.0
9,1424,583.0,251.5,574.0,241.0,592.0,262.0,1.0
9,1425,583.0,251.5,574.0,241.0,592.0,262.0,1.0
9,1426,583.0,251.5,574.0,241.0,592.0,262.0,1.0
9,1427,583.0,251.5,574.0,241.0,592.0,262.0,1.0
9,1428,583.0,251.5,574.0,241.0,592.0,262.0,1.0
9,1429,583.0,251.5,574.0,241.0,592.0,262.0,1.0
9,1430,583.0,251.5,574.0,241.0,592.0,262.0,1.0
9,1431,583.0,251.5,574.0,241.0,592.0,262.0,1.0
9,1432,583.0,251.5,574.0,241.0,592.0,262.0,1.0
9,1433,583.0,251.5,574.0,241.0,592.0,262.0,1.0
9,1434,583.0,251.5,574.0,241.0,592.0,262.0,1.0
9,1435,583.0,251.5,574.0,241.0,592.0,262.0,1.0
9,1436,583.0,251.5,574.0,241.0,592.0,262.0,1.0
9,1437,583.0,251.5,574.0,241.0,592.0,262.0,1.0
9,1438,583.0,251.5,574.0,241.0,592.0,262.0,1.0
9,1439,583.0,251.5,574.0,241.0,592.0,262.0,1.0
9,1440,583.0,251.5,574.0,241.0,592.0,262.0,1.0
9,1441,583.0,251.5,574.0,241.0,592.0,262.0,1.0
9,1442,583.0,251.5,574.0,241.0,592.0,262.0,1.0
9,1443,583.0,251.5,574.0,241.0,592.0,262.0,1.0
9,1444,583.0,251.5,574.0,241.0,592.0,262.0,1.0
9,1445,583.0,251.5,574.0,241.0,592.0,262.0,1.0
9,1446,583.0,251.5,574.0,241.0,592.0,262.0,1.0
9,1447,583.0,251.5,574.0,241.0,592.0,262.0,1.0
9,1448,583.0,251.5,574.0,241.0,592.0,262.0,1.0
9,1449,583.0,251.5,574.0,241.0,592.0,262.0,1.0
9,1450,583.0,251.5,574.0,241.0,592.0,262.0,1.0
9,1451,583.0,251.5,574.0,241.0,592.0,262.0,1.0
9,1452,583.0,251.5,574.0,241.0,592.0,262.0,1.0
9,1453,583.0,251.5,574.0,241.0,592.0,262.0,1.0
9,1454,583.0,251.5,574.0,241.0,592.0,262.0,1.0
9,1455,583.0,251.5,574.0,241.0,592.0,262.0,1.0
9,1456,583.0,251.5,574.0,241.0,592.0,262.0,1.0
9,1457,583.0,251.5,574.0,241.0,592.0,262.0,1.0
9,1458,583.0,251.5,574.0,241.0,592.0,262.0,1.0
9,1459,583.0,251.5,574.0,241.0,592.0,262.0,1.0
9,1460,583.0,251.5,574.0,241.0,592.0,262.0,1.0
9,1461,583.0,251.5,574.0,241.0,592.0,262.0,1.0
9,1462,583.0,251.5,574.0,241.0,592.0,262.0,1.0
9,1463,583.0,251.5,574.0,241.0,592.0,262.0,1.0
9,1464,583.0,251.5,574.0,241.0,592.0,262.0,1.0
9,1465,583.0,251.5,574.0,241.0,592.0,262.0,1.0
9,1466,583.0,251.5,574.0,241.0,592.0,262.0,1.0
9,1467,583.0,251.5,574.0,241.0,592.0,262.0,1.0
9,1468,583.0,251.5,574.0,241.0,592.0,262.0,1.0
9,1469,583.0,251.5,574.0,241.0,592.0,262.0,1.0
10,1217,151.5,334.0,142.0,324.0,161.0,344.0,1.0
10,1218,152.41666666666666,336.0,142.66666666666666,326.1666666666667,162.16666666666666,345.8333333333333,1.0
10,1219,153.33333333333334,338.0,143.33333333333334,328.3333333333333,163.33333333333334,347.6666666666667,1.0
10,1220,154.25,340.0,144.0,330.5,164.5,349.5,1.0
10,1221,155.16666666666666,342.0,144.66666666666666,332.6666666666667,165.66666666666666,351.3333333333333,1.0
10,1222,156.08333333333334,344.0,145.33333333333334,334.8333333333333,166.83333333333334,353.1666666666667,1.0
10,1223,157.0,346.0,146.0,337.0,168.0,355.0,1.0
10,1224,156.875,347.75,146.25,338.5,167.5,357.0,1.0
10,1225,156.75,349.5,146.5,340.0,167.0,359.0,1.0
10,1226,156.625,351.25,146.75,341.5,166.5,361.0,1.0
10,1227,156.5,353.0,147.0,343.0,166.0,363.0,1.0
10,1228,160.75,353.5,150.0,344.5,171.5,362.5,1.0
10,1229,165.0,354.0,153.0,346.0,177.0,362.0,1.0
10,1230,168.66666666666669,353.75,156.66666666666669,345.6666666666667,180.66666666666669,361.8333333333333,1.0
10,1231,172.33333333333334,353.5,160.33333333333334,345.3333333333333,184.33333333333334,361.6666666666667,1.0
10,1232,176.0,353.25,164.0,345.0,188.0,361.5,1.0
10,1233,179.66666666666666,353.0,167.66666666666666,344.6666666666667,191.66666666666666,361.3333333333333,1.0
10,1234,183.33333333333337,352.75,171.33333333333337,344.3333333333333,195.33333333333337,361.1666666666667,1.0
10,1235,187.0,352.5,175.0,344.0,199.0,361.0,1.0
10,1236,189.4375,352.6875,177.5,344.125,201.375,361.25,1.0
10,1237,191.875,352.875,180.0,344.25,203.75,361.5,1.0
10,1238,194.3125,353.0625,182.5,344.375,206.125,361.75,1.0
10,1239,196.75,353.25,185.0,344.5,208.5,362.0,1.0
10,1240,199.1875,353.4375,187.5,344.625,210.875,362.25,1.0
10,1241,201.625,353.625,190.0,344.75,213.25,362.5,1.0
10,1242,204.0625,353.8125,192.5,344.875,215.625,362.75,1.0
10,1243,206.5,354.0,195.0,345.0,218.0,363.0,1.0
10,1244,207.1875,355.0625,195.75,346.0,218.625,364.125,1.0
10,1245,207.875,356.125,196.5,347.0,219.25,365.25,1.0
10,1246,208.5625,357.1875,197.25,348.0,219.875,366.375,1.0
10,1247,209.25,358.25,198.0,349.0,220.5,367.5,1.0
10,1248,209.9375,359.3125,198.75,350.0,221.125,368.625,1.0
10,1249,210.625,360.375,199.5,351.0,221.75,369.75,1.0
10,1250,211.3125,361.4375,200.25,352.0,222.375,370.875,1.0
10,1251,212.0,362.5,201.0,353.0,223.0,372.0,1.0
10,1252,213.4,363.7,202.5,354.0,224.3,373.4,1.0
10,1253,214.8,364.9,204.0,355.0,225.60000000000002,374.79999999999995,1.0
10,1254,216.2,366.1,205.5,356.0,226.89999999999998,376.20000000000005,1.0
10,1255,217.59999999999997,367.3,206.99999999999997,357.0,228.19999999999996,377.6,1.0
10,1256,219.0,368.5,208.5,358.0,229.5,379.0,1.0
10,1257,220.39999999999998,369.7,209.99999999999997,359.0,230.79999999999998,380.4,1.0
10,1258,221.8,370.9,211.5,360.0,232.10000000000002,381.79999999999995,1.0
10,1259,223.2,372.1,213.0,361.0,233.39999999999998,383.20000000000005,1.0
10,1260,224.60000000000002,373.3,214.50000000000003,362.0,234.70000000000002,384.6,1.0
10,1261,226.0,374.5,216.0,363.0,236.0,386.0,1.0
10,1262,226.07142857142856,375.8571428571429,216.1428571428571,364.57142857142856,236.0,387.1428571428572,1.0
10,1263,226.14285714285714,377.2142857142857,216.28571428571428,366.14285714285717,236.0,388.2857142857143,1.0
10,1264,226.21428571428572,378.57142857142856,216.42857142857144,367.71428571428567,236.0,389.42857142857144,1.0
10,1265,226.28571428571428,379.92857142857144,216.57142857142856,369.28571428571433,236.0,390.57142857142856,1.0
10,1266,226.35714285714286,381.2857142857143,216.71428571428572,370.85714285714283,236.0,391.7142857142857,1.0
10,1267,226.42857142857144,382.6428571428571,216.8571428571429,372.42857142857144,236.0,392.8571428571428,1.0
10,1268,226.5,384.0,217.0,374.0,236.0,394.0,1.0
10,1269,226.8888888888889,385.6666666666667,217.33333333333337,375.6666666666667,236.44444444444446,395.6666666666667,1.0
10,1270,227.27777777777777,387.3333333333333,217.66666666666666,377.3333333333333,236.88888888888889,397.3333333333333,1.0
10,1271,227.66666666666669,389.0,218.0,379.0,237.33333333333337,399.0,1.0
10,1272,228.05555555555554,390.6666666666667,218.33333333333331,380.6666666666667,237.77777777777777,400.6666666666667,1.0
10,1273,228.44444444444446,392.3333333333333,218.66666666666669,382.3333333333333,238.22222222222223,402.3333333333333,1.0
10,1274,228.83333333333331,394.0,219.0,384.0,238.66666666666663,404.0,1.0
10,1275,229.22222222222223,395.6666666666667,219.33333333333334,385.6666666666667,239.11111111111111,405.6666666666667,1.0
10,1276,229.6111111111111,397.3333333333333,219.66666666666663,387.3333333333333,239.55555555555554,407.3333333333333,1.0
10,1277,230.0,399.0,220.0,389.0,240.0,409.0,1.0
10,1278,230.625,400.8125,220.625,390.625,240.625,411.0,1.0
10,1279,231.25,402.625,221.25,392.25,241.25,413.0,1.0
10,1280,231.875,404.4375,221.875,393.875,241.875,415.0,1.0
10,1281,232.5,406.25,222.5,395.5,242.5,417.0,1.0
10,1282,233.125,408.0625,223.125,397.125,243.125,419.0,1.0
10,1283,233.75,409.875,223.75,398.75,243.75,421.0,1.0
10,1284,234.375,411.6875,224.375,400.375,244.375,423.0,1.0
10,1285,235.0,413.5,225.0,402.0,245.0,425.0,1.0
10,1286,234.7,414.75,224.7,403.0,244.7,426.5,1.0
10,1287,234.4,416.0,224.4,404.0,244.4,428.0,1.0
10,1288,234.1,417.25,224.1,405.0,244.1,429.5,1.0
10,1289,233.8,418.5,223.8,406.0,243.8,431.0,1.0
10,1290,233.5,419.75,223.5,407.0,243.5,432.5,1.0
10,1291,233.2,421.0,223.2,408.0,243.2,434.0,1.0
10,1292,232.89999999999998,422.25,222.89999999999998,409.0,242.89999999999998,435.5,1.0
10,1293,232.59999999999997,423.5,222.59999999999997,410.0,242.59999999999997,437.0,1.0
10,1294,232.3,424.75,222.3,411.0,242.3,438.5,1.0
10,1295,232.0,426.0,222.0,412.0,242.0,440.0,1.0
10,1296,230.25,428.75,219.5,415.5,241.0,442.0,1.0
10,1297,228.5,431.5,217.0,419.0,240.0,444.0,1.0
10,1298,227.83333333333334,432.3666666666667,216.33333333333334,419.8666666666667,239.33333333333334,444.8666666666667,1.0
10,1299,227.16666666666666,433.23333333333335,215.66666666666666,420.73333333333335,238.66666666666666,445.73333333333335,1.0
10,1300,226.5,434.1,215.0,421.6,238.0,446.6,1.0
10,1301,225.83333333333337,434.96666666666664,214.33333333333337,422.46666666666664,237.33333333333337,447.46666666666664,1.0
10,1302,225.16666666666666,435.8333333333333,213.66666666666666,423.3333333333333,236.66666666666666,448.3333333333333,1.0
10,1303,224.5,436.7,213.0,424.2,236.0,449.2,1.0
10,1304,223.83333333333331,437.56666666666666,212.33333333333331,425.06666666666666,235.33333333333331,450.06666666666666,1.0
10,1305,223.16666666666666,438.43333333333334,211.66666666666666,425.93333333333334,234.66666666666666,450.93333333333334,1.0
10,1306,222.5,439.3,211.0,426.8,234.0,451.8,1.0
10,1307,221.83333333333334,440.1666666666667,210.33333333333334,427.6666666666667,233.33333333333334,452.6666666666667,1.0
10,1308,221.16666666666669,441.03333333333336,209.66666666666669,428.53333333333336,232.66666666666669,453.53333333333336,1.0
10,1309,220.5,441.9,209.0,429.4,232.0,454.4,1.0
10,1310,219.83333333333334,442.76666666666665,208.33333333333334,430.26666666666665,231.33333333333334,455.26666666666665,1.0
10,1311,219.16666666666663,443.6333333333333,207.66666666666663,431.1333333333333,230.66666666666663,456.1333333333333,1.0
10,1312,218.5,444.5,207.0,432.0,230.0,457.0,1.0
10,1313,216.95,445.15,205.3,433.0,228.59999999999997,457.29999999999995,1.0
10,1314,215.39999999999998,445.8,203.59999999999997,434.0,227.2,457.6,1.0
10,1315,213.85000000000002,446.45,201.90000000000003,435.0,225.8,457.9,1.0
10,1316,212.3,447.1,200.2,436.0,224.40000000000003,458.20000000000005,1.0
10,1317,210.75,447.75,198.5,437.0,223.0,458.5,1.0
10,1318,209.2,448.4,196.8,438.0,221.59999999999997,458.79999999999995,1.0
10,1319,207.64999999999998,449.05,195.09999999999997,439.0,220.2,459.1,1.0
10,1320,206.10000000000002,449.7,193.40000000000003,440.0,218.8,459.4,1.0
10,1321,204.55,450.35,191.7,441.0,217.40000000000003,459.70000000000005,1.0
10,1322,203.0,451.0,190.0,442.0,216.0,460.0,1.0
10,1323,201.625,451.125,188.75,442.0833333333333,214.5,460.1666666666667,1.0
10,1324,200.25,451.25,187.5,442.1666666666667,213.0,460.3333333333333,1.0
10,1325,198.875,451.375,186.25,442.25,211.5,460.5,1.0
10,1326,197.5,451.5,185.0,442.3333333333333,210.0,460.6666666666667,1.0
10,1327,196.125,451.625,183.75,442.4166666666667,208.5,460.8333333333333,1.0
10,1328,194.75,451.75,182.5,442.5,207.0,461.0,1.0
10,1329,193.375,451.875,181.25,442.5833333333333,205.5,461.1666666666667,1.0
10,1330,192.0,452.0,180.0,442.6666666666667,204.0,461.3333333333333,1.0
10,1331,190.625,452.125,178.75,442.75,202.5,461.5,1.0
10,1332,189.25,452.25,177.5,442.8333333333333,201.0,461.6666666666667,1.0
10,1333,187.875,452.375,176.25,442.9166666666667,199.5,461.8333333333333,1.0
10,1334,186.5,452.5,175.0,443.0,198.0,462.0,1.0
10,1335,185.125,451.625,173.625,442.125,196.625,461.125,1.0
10,1336,183.75,450.75,172.25,441.25,195.25,460.25,1.0
10,1337,182.375,449.875,170.875,440.375,193.875,459.375,1.0
10,1338,181.0,449.0,169.5,439.5,192.5,458.5,1.0
10,1339,179.625,448.125,168.125,438.625,191.125,457.625,1.0
10,1340,178.25,447.25,166.75,437.75,189.75,456.75,1.0
10,1341,176.875,446.375,165.375,436.875,188.375,455.875,1.0
10,1342,175.5,445.5,164.0,436.0,187.0,455.0,1.0
10,1343,174.1,445.2,162.6,435.4,185.6,455.0,1.0
10,1344,172.7,444.9,161.2,434.79999999999995,184.2,455.0,1.0
10,1345,171.3,444.6,159.8,434.20000000000005,182.8,455.0,1.0
10,1346,169.90000000000003,444.3,158.40000000000003,433.6,181.40000000000003,455.0,1.0
10,1347,168.5,444.0,157.0,433.0,180.0,455.0,1.0
10,1348,167.125,443.0625,155.625,432.25,178.625,453.875,1.0
10,1349,165.75,442.125,154.25,431.5,177.25,452.75,1.0
10,1350,164.375,441.1875,152.875,430.75,175.875,451.625,1.0
10,1351,163.0,440.25,151.5,430.0,174.5,450.5,1.0
10,1352,161.625,439.3125,150.125,429.25,173.125,449.375,1.0
10,1353,160.25,438.375,148.75,428.5,171.75,448.25,1.0
10,1354,158.875,437.4375,147.375,427.75,170.375,447.125,1.0
10,1355,157.5,436.5,146.0,427.0,169.0,446.0,1.0
10,1356,156.35714285714286,435.1428571428571,144.85714285714286,425.57142857142856,167.85714285714286,444.71428571428567,1.0
10,1357,155.21428571428572,433.78571428571433,143.71428571428572,424.1428571428572,166.71428571428572,443.42857142857144,1.0
10,1358,154.07142857142858,432.42857142857144,142.57142857142858,422.7142857142857,165.57142857142858,442.14285714285717,1.0
10,1359,152.92857142857142,431.07142857142856,141.42857142857142,421.2857142857143,164.42857142857142,440.85714285714283,1.0
10,1360,151.78571428571428,429.71428571428567,140.28571428571428,419.8571428571428,163.28571428571428,439.57142857142856,1.0
10,1361,150.64285714285714,428.3571428571429,139.14285714285714,418.42857142857144,162.14285714285714,438.28571428571433,1.0
10,1362,149.5,427.0,138.0,417.0,161.0,437.0,1.0
10,1363,148.6818181818182,426.09090909090907,137.1818181818182,416.09090909090907,160.1818181818182,436.09090909090907,1.0
10,1364,147.86363636363637,425.1818181818182,136.36363636363637,415.1818181818182,159.36363636363637,435.1818181818182,1.0
10,1365,147.04545454545453,424.27272727272725,135.54545454545453,414.27272727272725,158.54545454545453,434.27272727272725,1.0
10,1366,146.22727272727272,423.3636363636364,134.72727272727272,413.3636363636364,157.72727272727272,433.3636363636364,1.0
10,1367,145.4090909090909,422.45454545454544,133.9090909090909,412.45454545454544,156.9090909090909,432.45454545454544,1.0
10,1368,144.5909090909091,421.54545454545456,133.0909090909091,411.54545454545456,156.0909090909091,431.54545454545456,1.0
10,1369,143.77272727272728,420.6363636363636,132.27272727272728,410.6363636363636,155.27272727272728,430.6363636363636,1.0
10,1370,142.95454545454547,419.72727272727275,131.45454545454547,409.72727272727275,154.45454545454547,429.72727272727275,1.0
10,1371,142.13636363636363,418.8181818181818,130.63636363636363,408.8181818181818,153.63636363636363,428.8181818181818,1.0
10,1372,141.3181818181818,417.90909090909093,129.8181818181818,407.90909090909093,152.8181818181818,427.90909090909093,1.0
10,1373,140.5,417.0,129.0,407.0,152.0,427.0,1.0
10,1374,140.25,415.3125,128.75,405.125,151.75,425.5,1.0
10,1375,140.0,413.625,128.5,403.25,151.5,424.0,1.0
10,1376,139.75,411.9375,128.25,401.375,151.25,422.5,1.0
10,1377,139.5,410.25,128.0,399.5,151.0,421.0,1.0
10,1378,139.25,408.5625,127.75,397.625,150.75,419.5,1.0
10,1379,139.0,406.875,127.5,395.75,150.5,418.0,1.0
10,1380,138.75,405.1875,127.25,393.875,150.25,416.5,1.0
10,1381,138.5,403.5,127.0,392.0,150.0,415.0,1.0
10,1382,138.83333333333334,401.76666666666665,127.33333333333334,390.26666666666665,150.33333333333334,413.26666666666665,1.0
10,1383,139.16666666666666,400.03333333333336,127.66666666666666,388.53333333333336,150.66666666666666,411.53333333333336,1.0
10,1384,139.5,398.3,128.0,386.8,151.0,409.8,1.0
10,1385,139.83333333333334,396.56666666666666,128.33333333333334,385.06666666666666,151.33333333333334,408.06666666666666,1.0
10,1386,140.16666666666666,394.8333333333333,128.66666666666666,383.3333333333333,151.66666666666666,406.3333333333333,1.0
10,1387,140.5,393.1,129.0,381.6,152.0,404.6,1.0
10,1388,140.83333333333334,391.3666666666667,129.33333333333334,379.8666666666667,152.33333333333334,402.8666666666667,1.0
10,1389,141.16666666666666,389.6333333333333,129.66666666666666,378.1333333333333,152.66666666666666,401.1333333333333,1.0
10,1390,141.5,387.9,130.0,376.4,153.0,399.4,1.0
10,1391,141.83333333333334,386.1666666666667,130.33333333333334,374.6666666666667,153.33333333333334,397.6666666666667,1.0
10,1392,142.16666666666666,384.43333333333334,130.66666666666666,372.93333333333334,153.66666666666666,395.93333333333334,1.0
10,1393,142.5,382.7,131.0,371.2,154.0,394.2,1.0
10,1394,142.83333333333334,380.96666666666664,131.33333333333334,369.46666666666664,154.33333333333334,392.46666666666664,1.0
10,1395,143.16666666666666,379.23333333333335,131.66666666666666,367.73333333333335,154.66666666666666,390.73333333333335,1.0
10,1396,143.5,377.5,132.0,366.0,155.0,389.0,1.0
10,1397,144.75,376.04166666666663,133.25,364.75,156.25,387.33333333333326,1.0
10,1398,146.0,374.58333333333337,134.5,363.5,157.5,385.66666666666674,1.0
10,1399,147.25,373.125,135.75,362.25,158.75,384.0,1.0
10,1400,148.5,371.66666666666663,137.0,361.0,160.0,382.33333333333326,1.0
10,1401,149.75,370.20833333333337,138.25,359.75,161.25,380.66666666666674,1.0
10,1402,151.0,368.75,139.5,358.5,162.5,379.0,1.0
10,1403,152.25,367.29166666666663,140.75,357.25,163.75,377.33333333333326,1.0
10,1404,153.5,365.83333333333337,142.0,356.0,165.0,375.66666666666674,1.0
10,1405,154.75,364.375,143.25,354.75,166.25,374.0,1.0
10,1406,156.0,362.91666666666663,144.5,353.5,167.5,372.33333333333326,1.0
10,1407,157.25,361.45833333333337,145.75,352.25,168.75,370.66666666666674,1.0
10,1408,158.5,360.0,147.0,351.0,170.0,369.0,1.0
10,1409,159.4,359.9,147.9,350.9,170.9,368.9,1.0
10,1410,160.3,359.8,148.8,350.8,171.8,368.8,1.0
10,1411,161.2,359.7,149.7,350.7,172.7,368.7,1.0
10,1412,162.10000000000002,359.6,150.60000000000002,350.6,173.60000000000002,368.6,1.0
10,1413,163.0,359.5,151.5,350.5,174.5,368.5,1.0
10,1414,163.9,359.4,152.4,350.4,175.4,368.4,1.0
10,1415,164.8,359.3,153.3,350.3,176.3,368.3,1.0
10,1416,165.7,359.2,154.2,350.2,177.2,368.2,1.0
10,1417,166.6,359.1,155.1,350.1,178.1,368.1,1.0
10,1418,167.5,359.0,156.0,350.0,179.0,368.0,1.0
10,1419,169.375,358.0,157.875,349.0,180.875,367.0,1.0
10,1420,171.25,357.0,159.75,348.0,182.75,366.0,1.0
10,1421,173.125,356.0,161.625,347.0,184.625,365.0,1.0
10,1422,175.0,355.0,163.5,346.0,186.5,364.0,1.0
10,1423,176.875,354.0,165.375,345.0,188.375,363.0,1.0
10,1424,178.75,353.0,167.25,344.0,190.25,362.0,1.0
10,1425,180.625,352.0,169.125,343.0,192.125,361.0,1.0
10,1426,182.5,351.0,171.0,342.0,194.0,360.0,1.0
10,1427,183.77272727272728,351.27272727272725,172.27272727272728,342.27272727272725,195.27272727272728,360.27272727272725,1.0
10,1428,185.04545454545453,351.54545454545456,173.54545454545453,342.54545454545456,196.54545454545453,360.54545454545456,1.0
10,1429,186.3181818181818,351.8181818181818,174.8181818181818,342.8181818181818,197.8181818181818,360.8181818181818,1.0
10,1430,187.59090909090907,352.09090909090907,176.09090909090907,343.09090909090907,199.09090909090907,361.09090909090907,1.0
10,1431,188.86363636363637,352.3636363636364,177.36363636363637,343.3636363636364,200.36363636363637,361.3636363636364,1.0
10,1432,190.13636363636363,352.6363636363636,178.63636363636363,343.6363636363636,201.63636363636363,361.6363636363636,1.0
10,1433,191.4090909090909,352.90909090909093,179.9090909090909,343.90909090909093,202.9090909090909,361.90909090909093,1.0
10,1434,192.6818181818182,353.1818181818182,181.1818181818182,344.1818181818182,204.1818181818182,362.1818181818182,1.0
10,1435,193.9545454545455,353.45454545454544,182.4545454545455,344.45454545454544,205.4545454545455,362.45454545454544,1.0
10,1436,195.22727272727275,353.72727272727275,183.72727272727275,344.72727272727275,206.72727272727275,362.72727272727275,1.0
10,1437,196.5,354.0,185.0,345.0,208.0,363.0,1.0
10,1438,197.3181818181818,355.3181818181818,185.8181818181818,346.0,208.8181818181818,364.6363636363636,1.0
10,1439,198.13636363636363,356.6363636363636,186.63636363636363,347.0,209.63636363636363,366.27272727272725,1.0
10,1440,198.9545454545455,357.9545454545455,187.4545454545455,348.0,210.4545454545455,367.909090909091,1.0
10,1441,199.77272727272725,359.27272727272725,188.27272727272725,349.0,211.27272727272725,369.5454545454545,1.0
10,1442,200.5909090909091,360.5909090909091,189.0909090909091,350.0,212.0909090909091,371.18181818181824,1.0
10,1443,201.4090909090909,361.9090909090909,189.9090909090909,351.0,212.9090909090909,372.81818181818176,1.0
10,1444,202.22727272727272,363.22727272727275,190.72727272727272,352.0,213.72727272727272,374.4545454545455,1.0
10,1445,203.04545454545456,364.5454545454545,191.54545454545456,353.0,214.54545454545456,376.090909090909,1.0
10,1446,203.86363636363637,365.8636363636364,192.36363636363637,354.0,215.36363636363637,377.72727272727275,1.0
10,1447,204.6818181818182,367.1818181818182,193.1818181818182,355.0,216.1818181818182,379.3636363636364,1.0
10,1448,205.5,368.5,194.0,356.0,217.0,381.0,1.0
10,1449,206.1,369.3,194.6,356.8,217.6,381.8,1.0
10,1450,206.7,370.1,195.2,357.6,218.2,382.6,1.0
10,1451,207.3,370.9,195.8,358.4,218.8,383.4,1.0
10,1452,207.89999999999998,371.7,196.39999999999998,359.2,219.39999999999998,384.2,1.0
10,1453,208.5,372.5,197.0,360.0,220.0,385.0,1.0
10,1454,208.92857142857142,373.92857142857144,197.42857142857142,361.42857142857144,220.42857142857142,386.42857142857144,1.0
10,1455,209.35714285714286,375.35714285714283,197.85714285714286,362.85714285714283,220.85714285714286,387.85714285714283,1.0
10,1456,209.78571428571428,376.7857142857143,198.28571428571428,364.2857142857143,221.28571428571428,389.2857142857143,1.0
10,1457,210.21428571428572,378.2142857142857,198.71428571428572,365.7142857142857,221.71428571428572,390.7142857142857,1.0
10,1458,210.64285714285714,379.64285714285717,199.14285714285714,367.14285714285717,222.14285714285714,392.14285714285717,1.0
10,1459,211.07142857142858,381.07142857142856,199.57142857142858,368.57142857142856,222.57142857142858,393.57142857142856,1.0
10,1460,211.5,382.5,200.0,370.0,223.0,395.0,1.0
10,1461,211.6,384.4,200.2,372.19999999999993,223.0,396.6,1.0
10,1462,211.7,386.29999999999995,200.39999999999998,374.4,223.0,398.19999999999993,1.0
10,1463,211.8,388.20000000000005,200.60000000000002,376.6,223.0,399.80000000000007,1.0
10,1464,211.9,390.1,200.8,378.80000000000007,223.0,401.4,1.0
10,1465,212.0,392.0,201.0,381.0,223.0,403.0,1.0
10,1466,211.66666666666663,394.3333333333333,200.66666666666663,383.3333333333333,222.66666666666663,405.3333333333333,1.0
10,1467,211.33333333333331,396.6666666666667,200.33333333333331,385.6666666666667,222.33333333333331,407.6666666666667,1.0
10,1468,211.0,399.0,200.0,388.0,222.0,410.0,1.0
10,1469,211.0,398.5,200.0,387.0,222.0,410.0,1.0
11,1217,380.0,397.5,368.0,384.0,392.0,411.0,1.0
11,1218,379.93333333333334,397.53333333333336,367.93333333333334,384.03333333333336,391.93333333333334,411.03333333333336,1.0
11,1219,379.8666666666667,397.56666666666666,367.8666666666667,384.06666666666666,391.8666666666667,411.06666666666666,1.0
11,1220,379.80000000000007,397.6,367.80000000000007,384.1,391.80000000000007,411.1,1.0
11,1221,379.73333333333335,397.6333333333333,367.73333333333335,384.1333333333333,391.73333333333335,411.1333333333333,1.0
11,1222,379.6666666666667,397.6666666666667,367.6666666666667,384.1666666666667,391.6666666666667,411.1666666666667,1.0
11,1223,379.6,397.7,367.6,384.2,391.6,411.2,1.0
11,1224,379.5333333333333,397.73333333333335,367.5333333333333,384.23333333333335,391.5333333333333,411.23333333333335,1.0
11,1225,379.46666666666664,397.76666666666665,367.46666666666664,384.26666666666665,391.46666666666664,411.26666666666665,1.0
11,1226,379.4,397.8,367.4,384.3,391.4,411.3,1.0
11,1227,379.3333333333333,397.8333333333333,367.3333333333333,384.3333333333333,391.3333333333333,411.3333333333333,1.0
11,1228,379.26666666666665,397.8666666666667,367.26666666666665,384.3666666666667,391.26666666666665,411.3666666666667,1.0
11,1229,379.20000000000005,397.9,367.20000000000005,384.4,391.20000000000005,411.4,1.0
11,1230,379.1333333333333,397.93333333333334,367.1333333333333,384.43333333333334,391.1333333333333,411.43333333333334,1.0
11,1231,379.06666666666666,397.96666666666664,367.06666666666666,384.46666666666664,391.06666666666666,411.46666666666664,1.0
11,1232,379.0,398.0,367.0,384.5,391.0,411.5,1.0
11,1233,378.9333333333333,398.03333333333336,366.9333333333333,384.53333333333336,390.9333333333333,411.53333333333336,1.0
11,1234,378.8666666666667,398.06666666666666,366.8666666666667,384.56666666666666,390.8666666666667,411.56666666666666,1.0
11,1235,378.8,398.1,366.8,384.6,390.8,411.6,1.0
11,1236,378.73333333333335,398.1333333333333,366.73333333333335,384.6333333333333,390.73333333333335,411.6333333333333,1.0
11,1237,378.6666666666667,398.1666666666667,366.6666666666667,384.6666666666667,390.6666666666667,411.6666666666667,1.0
11,1238,378.6,398.2,366.6,384.7,390.6,411.7,1.0
11,1239,378.5333333333334,398.23333333333335,366.5333333333334,384.73333333333335,390.5333333333334,411.73333333333335,1.0
11,1240,378.46666666666664,398.26666666666665,366.46666666666664,384.76666666666665,390.46666666666664,411.76666666666665,1.0
11,1241,378.4,398.3,366.4,384.8,390.4,411.8,1.0
11,1242,378.33333333333326,398.3333333333333,366.33333333333326,384.8333333333333,390.33333333333326,411.8333333333333,1.0
11,1243,378.26666666666665,398.3666666666667,366.26666666666665,384.8666666666667,390.26666666666665,411.8666666666667,1.0
11,1244,378.2,398.4,366.2,384.9,390.2,411.9,1.0
11,1245,378.1333333333333,398.43333333333334,366.1333333333333,384.93333333333334,390.1333333333333,411.93333333333334,1.0
11,1246,378.06666666666666,398.46666666666664,366.06666666666666,384.96666666666664,390.06666666666666,411.96666666666664,1.0
11,1247,378.0,398.5,366.0,385.0,390.0,412.0,1.0
11,1248,377.9333333333334,398.53333333333336,365.9333333333334,385.03333333333336,389.9333333333334,412.03333333333336,1.0
11,1249,377.8666666666667,398.56666666666666,365.8666666666667,385.06666666666666,389.8666666666667,412.06666666666666,1.0
11,1250,377.8,398.6,365.8,385.1,389.8,412.1,1.0
11,1251,377.73333333333335,398.6333333333333,365.73333333333335,385.1333333333333,389.73333333333335,412.1333333333333,1.0
11,1252,377.66666666666663,398.6666666666667,365.66666666666663,385.1666666666667,389.66666666666663,412.1666666666667,1.0
11,1253,377.6,398.7,365.6,385.2,389.6,412.2,1.0
11,1254,377.53333333333336,398.73333333333335,365.53333333333336,385.23333333333335,389.53333333333336,412.23333333333335,1.0
11,1255,377.46666666666664,398.76666666666665,365.46666666666664,385.26666666666665,389.46666666666664,412.26666666666665,1.0
11,1256,377.4,398.8,365.4,385.3,389.4,412.3,1.0
11,1257,377.33333333333337,398.8333333333333,365.33333333333337,385.3333333333333,389.33333333333337,412.3333333333333,1.0
11,1258,377.26666666666665,398.8666666666667,365.26666666666665,385.3666666666667,389.26666666666665,412.3666666666667,1.0
11,1259,377.2,398.9,365.2,385.4,389.2,412.4,1.0
11,1260,377.1333333333333,398.93333333333334,365.1333333333333,385.43333333333334,389.1333333333333,412.43333333333334,1.0
11,1261,377.0666666666666,398.96666666666664,365.0666666666666,385.46666666666664,389.0666666666666,412.46666666666664,1.0
11,1262,377.0,399.0,365.0,385.5,389.0,412.5,1.0
11,1263,376.93333333333334,399.03333333333336,364.93333333333334,385.53333333333336,388.93333333333334,412.53333333333336,1.0
11,1264,376.8666666666667,399.06666666666666,364.8666666666667,385.56666666666666,388.8666666666667,412.56666666666666,1.0
11,1265,376.8,399.1,364.8,385.6,388.8,412.6,1.0
11,1266,376.73333333333335,399.1333333333333,364.73333333333335,385.6333333333333,388.73333333333335,412.6333333333333,1.0
11,1267,376.66666666666674,399.1666666666667,364.66666666666674,385.6666666666667,388.66666666666674,412.6666666666667,1.0
11,1268,376.6,399.2,364.6,385.7,388.6,412.7,1.0
11,1269,376.53333333333336,399.23333333333335,364.53333333333336,385.73333333333335,388.53333333333336,412.73333333333335,1.0
11,1270,376.4666666666666,399.26666666666665,364.4666666666666,385.76666666666665,388.4666666666666,412.76666666666665,1.0
11,1271,376.4,399.3,364.4,385.8,388.4,412.8,1.0
11,1272,376.3333333333333,399.3333333333333,364.3333333333333,385.8333333333333,388.3333333333333,412.8333333333333,1.0
11,1273,376.26666666666665,399.3666666666667,364.26666666666665,385.8666666666667,388.26666666666665,412.8666666666667,1.0
11,1274,376.2,399.4,364.2,385.9,388.2,412.9,1.0
11,1275,376.1333333333333,399.43333333333334,364.1333333333333,385.93333333333334,388.1333333333333,412.93333333333334,1.0
11,1276,376.0666666666667,399.46666666666664,364.0666666666667,385.96666666666664,388.0666666666667,412.96666666666664,1.0
11,1277,376.0,399.5,364.0,386.0,388.0,413.0,1.0
11,1278,376.0,399.5,364.0,386.0,388.0,413.0,1.0
11,1279,376.0,399.5,364.0,386.0,388.0,413.0,1.0
11,1280,376.0,399.5,364.0,386.0,388.0,413.0,1.0
11,1281,376.0,399.5,364.0,386.0,388.0,413.0,1.0
11,1282,376.0,399.5,364.0,386.0,388.0,413.0,1.0
11,1283,376.0,399.5,364.0,386.0,388.0,413.0,1.0
11,1284,376.0,399.5,364.0,386.0,388.0,413.0,1.0
11,1285,376.0,399.5,364.0,386.0,388.0,413.0,1.0
11,1286,376.0,399.5,364.0,386.0,388.0,413.0,1.0
11,1287,376.0,399.5,364.0,386.0,388.0,413.0,1.0
11,1288,376.0,399.5,364.0,386.0,388.0,413.0,1.0
11,1289,376.0,399.5,364.0,386.0,388.0,413.0,1.0
11,1290,376.0,399.5,364.0,386.0,388.0,413.0,1.0
11,1291,376.0,399.5,364.0,386.0,388.0,413.0,1.0
11,1292,376.0,399.5,364.0,386.0,388.0,413.0,1.0
11,1293,376.0,399.5,364.0,386.0,388.0,413.0,1.0
11,1294,376.0,399.5,364.0,386.0,388.0,413.0,1.0
11,1295,376.0,399.5,364.0,386.0,388.0,413.0,1.0
11,1296,376.0,399.5,364.0,386.0,388.0,413.0,1.0
11,1297,376.0,399.5,364.0,386.0,388.0,413.0,1.0
11,1298,376.0,399.5,364.0,386.0,388.0,413.0,1.0
11,1299,376.0,399.5,364.0,386.0,388.0,413.0,1.0
11,1300,376.0,399.5,364.0,386.0,388.0,413.0,1.0
11,1301,376.0,399.5,364.0,386.0,388.0,413.0,1.0
11,1302,376.0,399.5,364.0,386.0,388.0,413.0,1.0
11,1303,376.0,399.5,364.0,386.0,388.0,413.0,1.0
11,1304,376.0,399.5,364.0,386.0,388.0,413.0,1.0
11,1305,376.0,399.5,364.0,386.0,388.0,413.0,1.0
11,1306,376.0,399.5,364.0,386.0,388.0,413.0,1.0
11,1307,376.0,399.5,364.0,386.0,388.0,413.0,1.0
11,1308,376.0,399.5,364.0,386.0,388.0,413.0,1.0
11,1309,376.0,399.5,364.0,386.0,388.0,413.0,1.0
11,1310,376.0,399.5,364.0,386.0,388.0,413.0,1.0
11,1311,376.0,399.5,364.0,386.0,388.0,413.0,1.0
11,1312,376.0,399.5,364.0,386.0,388.0,413.0,1.0
11,1313,376.0,399.5,364.0,386.0,388.0,413.0,1.0
11,1314,376.0,399.5,364.0,386.0,388.0,413.0,1.0
11,1315,376.0,399.5,364.0,386.0,388.0,413.0,1.0
11,1316,376.0,399.5,364.0,386.0,388.0,413.0,1.0
11,1317,376.0,399.5,364.0,386.0,388.0,413.0,1.0
11,1318,376.0,399.5,364.0,386.0,388.0,413.0,1.0
11,1319,376.0,399.5,364.0,386.0,388.0,413.0,1.0
11,1320,376.0,399.5,364.0,386.0,388.0,413.0,1.0
11,1321,376.0,399.5,364.0,386.0,388.0,413.0,1.0
11,1322,376.0,399.5,364.0,386.0,388.0,413.0,1.0
11,1323,376.0,399.5,364.0,386.0,388.0,413.0,1.0
11,1324,376.0,399.5,364.0,386.0,388.0,413.0,1.0
11,1325,376.0,399.5,364.0,386.0,388.0,413.0,1.0
11,1326,376.0,399.5,364.0,386.0,388.0,413.0,1.0
11,1327,376.0,399.5,364.0,386.0,388.0,413.0,1.0
11,1328,376.0,399.5,364.0,386.0,388.0,413.0,1.0
11,1329,376.0,399.5,364.0,386.0,388.0,413.0,1.0
11,1330,376.0,399.5,364.0,386.0,388.0,413.0,1.0
11,1331,376.0,399.5,364.0,386.0,388.0,413.0,1.0
11,1332,376.0,399.5,364.0,386.0,388.0,413.0,1.0
11,1333,376.0,399.5,364.0,386.0,388.0,413.0,1.0
11,1334,376.0,399.5,364.0,386.0,388.0,413.0,1.0
11,1335,376.0,399.5,364.0,386.0,388.0,413.0,1.0
11,1336,376.0,399.5,364.0,386.0,388.0,413.0,1.0
11,1337,376.0,399.5,364.0,386.0,388.0,413.0,1.0
11,1338,376.0,399.5,364.0,386.0,388.0,413.0,1.0
11,1339,376.0,399.5,364.0,386.0,388.0,413.0,1.0
11,1340,376.0,399.5,364.0,386.0,388.0,413.0,1.0
11,1341,376.0,399.5,364.0,386.0,388.0,413.0,1.0
11,1342,376.0,399.5,364.0,386.0,388.0,413.0,1.0
11,1343,376.0,399.5,364.0,386.0,388.0,413.0,1.0
11,1344,376.0,399.5,364.0,386.0,388.0,413.0,1.0
11,1345,376.0,399.5,364.0,386.0,388.0,413.0,1.0
11,1346,376.0,399.5,364.0,386.0,388.0,413.0,1.0
11,1347,376.0,399.5,364.0,386.0,388.0,413.0,1.0
11,1348,376.0,399.5,364.0,386.0,388.0,413.0,1.0
11,1349,376.0,399.5,364.0,386.0,388.0,413.0,1.0
11,1350,376.0,399.5,364.0,386.0,388.0,413.0,1.0
11,1351,376.0,399.5,364.0,386.0,388.0,413.0,1.0
11,1352,376.0,399.5,364.0,386.0,388.0,413.0,1.0
11,1353,376.0,399.5,364.0,386.0,388.0,413.0,1.0
11,1354,376.0,399.5,364.0,386.0,388.0,413.0,1.0
11,1355,376.0,399.5,364.0,386.0,388.0,413.0,1.0
11,1356,376.0,399.5,364.0,386.0,388.0,413.0,1.0
11,1357,376.0,399.5,364.0,386.0,388.0,413.0,1.0
11,1358,376.0,399.5,364.0,386.0,388.0,413.0,1.0
11,1359,376.0,399.5,364.0,386.0,388.0,413.0,1.0
11,1360,376.0,399.5,364.0,386.0,388.0,413.0,1.0
11,1361,376.0,399.5,364.0,386.0,388.0,413.0,1.0
11,1362,376.0,399.5,364.0,386.0,388.0,413.0,1.0
11,1363,376.0,399.5,364.0,386.0,388.0,413.0,1.0
11,1364,376.0,399.5,364.0,386.0,388.0,413.0,1.0
11,1365,376.0,399.5,364.0,386.0,388.0,413.0,1.0
11,1366,376.0,399.5,364.0,386.0,388.0,413.0,1.0
11,1367,376.0,399.5,364.0,386.0,388.0,413.0,1.0
11,1368,376.0,399.5,364.0,386.0,388.0,413.0,1.0
11,1369,376.0,399.5,364.0,386.0,388.0,413.0,1.0
11,1370,376.0,399.5,364.0,386.0,388.0,413.0,1.0
11,1371,376.0,399.5,364.0,386.0,388.0,413.0,1.0
11,1372,376.0,399.5,364.0,386.0,388.0,413.0,1.0
11,1373,376.0,399.5,364.0,386.0,388.0,413.0,1.0
11,1374,376.0,399.5,364.0,386.0,388.0,413.0,1.0
11,1375,376.0,399.5,364.0,386.0,388.0,413.0,1.0
11,1376,376.0,399.5,364.0,386.0,388.0,413.0,1.0
11,1377,376.0,399.5,364.0,386.0,388.0,413.0,1.0
11,1378,376.0,399.5,364.0,386.0,388.0,413.0,1.0
11,1379,376.0,399.5,364.0,386.0,388.0,413.0,1.0
11,1380,376.0,399.5,364.0,386.0,388.0,413.0,1.0
11,1381,376.0,399.5,364.0,386.0,388.0,413.0,1.0
11,1382,376.0,399.5,364.0,386.0,388.0,413.0,1.0
11,1383,376.0,399.5,364.0,386.0,388.0,413.0,1.0
11,1384,376.0,399.5,364.0,386.0,388.0,413.0,1.0
11,1385,376.0,399.5,364.0,386.0,388.0,413.0,1.0
11,1386,376.0,399.5,364.0,386.0,388.0,413.0,1.0
11,1387,376.0,399.5,364.0,386.0,388.0,413.0,1.0
11,1388,376.0,399.5,364.0,386.0,388.0,413.0,1.0
11,1389,376.0,399.5,364.0,386.0,388.0,413.0,1.0
11,1390,376.0,399.5,364.0,386.0,388.0,413.0,1.0
11,1391,376.0,399.5,364.0,386.0,388.0,413.0,1.0
11,1392,376.0,399.5,364.0,386.0,388.0,413.0,1.0
11,1393,376.0,399.5,364.0,386.0,388.0,413.0,1.0
11,1394,376.0,399.5,364.0,386.0,388.0,413.0,1.0
11,1395,376.0,399.5,364.0,386.0,388.0,413.0,1.0
11,1396,376.0,399.5,364.0,386.0,388.0,413.0,1.0
11,1397,376.0,399.5,364.0,386.0,388.0,413.0,1.0
11,1398,376.0,399.5,364.0,386.0,388.0,413.0,1.0
11,1399,376.0,399.5,364.0,386.0,388.0,413.0,1.0
11,1400,376.0,399.5,364.0,386.0,388.0,413.0,1.0
11,1401,376.0,399.5,364.0,386.0,388.0,413.0,1.0
11,1402,376.0,399.5,364.0,386.0,388.0,413.0,1.0
11,1403,376.0,399.5,364.0,386.0,388.0,413.0,1.0
11,1404,376.0,399.5,364.0,386.0,388.0,413.0,1.0
11,1405,376.0,399.5,364.0,386.0,388.0,413.0,1.0
11,1406,376.0,399.5,364.0,386.0,388.0,413.0,1.0
11,1407,376.0,399.5,364.0,386.0,388.0,413.0,1.0
11,1408,376.0,399.5,364.0,386.0,388.0,413.0,1.0
11,1409,376.0,399.5,364.0,386.0,388.0,413.0,1.0
11,1410,376.0,399.5,364.0,386.0,388.0,413.0,1.0
11,1411,376.0,399.5,364.0,386.0,388.0,413.0,1.0
11,1412,376.0,399.5,364.0,386.0,388.0,413.0,1.0
11,1413,376.0,399.5,364.0,386.0,388.0,413.0,1.0
11,1414,376.0,399.5,364.0,386.0,388.0,413.0,1.0
11,1415,376.0,399.5,364.0,386.0,388.0,413.0,1.0
11,1416,376.0,399.5,364.0,386.0,388.0,413.0,1.0
11,1417,376.0,399.5,364.0,386.0,388.0,413.0,1.0
11,1418,376.0,399.5,364.0,386.0,388.0,413.0,1.0
11,1419,376.0,399.5,364.0,386.0,388.0,413.0,1.0
11,1420,376.0,399.5,364.0,386.0,388.0,413.0,1.0
11,1421,376.0,399.5,364.0,386.0,388.0,413.0,1.0
11,1422,376.0,399.5,364.0,386.0,388.0,413.0,1.0
11,1423,376.0,399.5,364.0,386.0,388.0,413.0,1.0
11,1424,376.0,399.5,364.0,386.0,388.0,413.0,1.0
11,1425,376.0,399.5,364.0,386.0,388.0,413.0,1.0
11,1426,376.0,399.5,364.0,386.0,388.0,413.0,1.0
11,1427,376.0,399.5,364.0,386.0,388.0,413.0,1.0
11,1428,376.0,399.5,364.0,386.0,388.0,413.0,1.0
11,1429,376.0,399.5,364.0,386.0,388.0,413.0,1.0
11,1430,376.0,399.5,364.0,386.0,388.0,413.0,1.0
11,1431,376.0,399.5,364.0,386.0,388.0,413.0,1.0
11,1432,376.0,399.5,364.0,386.0,388.0,413.0,1.0
11,1433,376.0,399.5,364.0,386.0,388.0,413.0,1.0
11,1434,376.0,399.5,364.0,386.0,388.0,413.0,1.0
11,1435,376.0,399.5,364.0,386.0,388.0,413.0,1.0
11,1436,376.0,399.5,364.0,386.0,388.0,413.0,1.0
11,1437,376.0,399.5,364.0,386.0,388.0,413.0,1.0
11,1438,376.0,399.5,364.0,386.0,388.0,413.0,1.0
11,1439,376.0,399.5,364.0,386.0,388.0,413.0,1.0
11,1440,376.0,399.5,364.0,386.0,388.0,413.0,1.0
11,1441,376.0,399.5,364.0,386.0,388.0,413.0,1.0
11,1442,376.0,399.5,364.0,386.0,388.0,413.0,1.0
11,1443,376.0,399.5,364.0,386.0,388.0,413.0,1.0
11,1444,376.0,399.5,364.0,386.0,388.0,413.0,1.0
11,1445,376.0,399.5,364.0,386.0,388.0,413.0,1.0
11,1446,376.0,399.5,364.0,386.0,388.0,413.0,1.0
11,1447,376.0,399.5,364.0,386.0,388.0,413.0,1.0
11,1448,376.0,399.5,364.0,386.0,388.0,413.0,1.0
11,1449,376.0,399.5,364.0,386.0,388.0,413.0,1.0
11,1450,376.0,399.5,364.0,386.0,388.0,413.0,1.0
11,1451,376.0,399.5,364.0,386.0,388.0,413.0,1.0
11,1452,376.0,399.5,364.0,386.0,388.0,413.0,1.0
11,1453,376.0,399.5,364.0,386.0,388.0,413.0,1.0
11,1454,376.0,399.5,364.0,386.0,388.0,413.0,1.0
11,1455,376.0,399.5,364.0,386.0,388.0,413.0,1.0
11,1456,376.0,399.5,364.0,386.0,388.0,413.0,1.0
11,1457,376.0,399.5,364.0,386.0,388.0,413.0,1.0
11,1458,376.0,399.5,364.0,386.0,388.0,413.0,1.0
11,1459,376.0,399.5,364.0,386.0,388.0,413.0,1.0
11,1460,376.0,399.5,364.0,386.0,388.0,413.0,1.0
11,1461,376.0,399.5,364.0,386.0,388.0,413.0,1.0
11,1462,376.0,399.5,364.0,386.0,388.0,413.0,1.0
11,1463,376.0,399.5,364.0,386.0,388.0,413.0,1.0
11,1464,376.0,399.5,364.0,386.0,388.0,413.0,1.0
11,1465,376.0,399.5,364.0,386.0,388.0,413.0,1.0
11,1466,376.0,399.5,364.0,386.0,388.0,413.0,1.0
11,1467,376.0,399.5,364.0,386.0,388.0,413.0,1.0
11,1468,376.0,399.5,364.0,386.0,388.0,413.0,1.0
11,1469,376.0,399.5,364.0,386.0,388.0,413.0,1.0
