track_id,frame,cx,cy,x1,y1,x2,y2,conf
1,0,133.5,396.0,128.5,391.0,138.5,401.0,1.0
1,1,132.2635285764555,394.22673963039557,127.26352857645551,389.22673963039557,137.2635285764555,399.22673963039557,1.0
1,2,131.398545122005,395.77603000195325,126.398545122005,390.77603000195325,136.398545122005,400.77603000195325,1.0
1,3,128.9047769420055,393.52563678080435,123.9047769420055,388.52563678080435,133.9047769420055,398.52563678080435,1.0
1,4,130.61559604507627,393.13964817199536,125.61559604507627,388.13964817199536,135.61559604507627,398.13964817199536,1.0
1,5,130.7567158395915,391.58193057458374,125.7567158395915,386.58193057458374,135.7567158395915,396.58193057458374,1.0
1,6,132.98614924419414,392.63973176529794,127.98614924419414,387.63973176529794,137.98614924419414,397.63973176529794,1.0
1,7,132.02153705147504,390.37674248655975,127.02153705147504,385.37674248655975,137.02153705147504,395.37674248655975,1.0
1,8,133.53922517625074,390.1532615698915,128.53922517625074,385.1532615698915,138.53922517625074,395.1532615698915,1.0
1,9,134.42609693016956,389.68668204331834,129.42609693016956,384.68668204331834,139.42609693016956,394.68668204331834,1.0
1,10,135.9217647835638,387.11556488642503,130.9217647835638,382.11556488642503,140.9217647835638,392.11556488642503,1.0
1,11,134.73585997938807,387.7426868866323,129.73585997938807,382.7426868866323,139.73585997938807,392.7426868866323,1.0
1,12,131.52927396912602,389.5102130960089,126.52927396912602,384.5102130960089,136.52927396912602,394.5102130960089,1.0
1,13,130.93395702768117,391.1230464126964,125.93395702768117,386.1230464126964,135.93395702768117,396.1230464126964,1.0
1,14,130.223174916875,392.3595413817281,125.223174916875,387.3595413817281,135.223174916875,397.3595413817281,1.0
1,15,129.9311170023398,388.6946239878423,124.93111700233979,383.6946239878423,134.9311170023398,393.6946239878423,1.0
1,16,129.28345637152427,387.6140143382121,124.28345637152427,382.6140143382121,134.28345637152427,392.6140143382121,1.0
1,17,124.77899211469295,383.3524187444267,119.77899211469295,378.3524187444267,129.77899211469295,388.3524187444267,1.0
1,18,123.11994442932925,379.93246786589464,118.11994442932925,374.93246786589464,128.11994442932925,384.93246786589464,1.0
1,19,123.21153159268486,379.0462977884714,118.21153159268486,374.0462977884714,128.21153159268488,384.0462977884714,1.0
1,20,120.90811874204073,376.53446782418536,115.90811874204073,371.53446782418536,125.90811874204073,381.53446782418536,1.0
1,21,123.69218793298843,372.49257942971417,118.69218793298843,367.49257942971417,128.69218793298842,377.49257942971417,1.0
1,22,126.2409554146031,369.2794529055957,121.2409554146031,364.2794529055957,131.2409554146031,374.2794529055957,1.0
1,23,128.443305981523,365.36326650422296,123.443305981523,360.36326650422296,133.443305981523,370.36326650422296,1.0
1,24,130.10462370158766,363.09187380995854,125.10462370158766,358.09187380995854,135.10462370158766,368.09187380995854,1.0
1,25,130.94060986341938,362.2226024630731,125.94060986341938,357.2226024630731,135.94060986341938,367.2226024630731,1.0
1,26,131.66368331714474,364.3345310012253,126.66368331714474,359.3345310012253,136.66368331714474,369.3345310012253,1.0
1,27,129.98447649308525,364.8702158324244,124.98447649308525,359.8702158324244,134.98447649308525,369.8702158324244,1.0
1,28,127.89420534356096,364.2693060981439,122.89420534356096,359.2693060981439,132.89420534356094,369.2693060981439,1.0
1,29,129.0744439017357,363.38078936894465,124.07444390173569,358.38078936894465,134.0744439017357,368.38078936894465,1.0
1,30,130.22306255543057,367.15957480217014,125.22306255543057,362.15957480217014,135.22306255543057,372.15957480217014,1.0
1,31,129.79653553732578,369.99130565515827,124.79653553732578,364.99130565515827,134.79653553732578,374.99130565515827,1.0
1,32,129.20875771992692,377.3048551531921,124.20875771992692,372.3048551531921,134.20875771992692,382.3048551531921,1.0
1,33,128.84490544809094,383.9384496527933,123.84490544809094,378.9384496527933,133.84490544809094,388.9384496527933,1.0
1,34,127.30509105679738,387.28371087176066,122.30509105679738,382.28371087176066,132.30509105679738,392.28371087176066,1.0
1,35,126.55388975355574,392.28942287811503,121.55388975355574,387.28942287811503,131.55388975355572,397.28942287811503,1.0
1,36,125.3084118704986,399.0104899119799,120.3084118704986,394.0104899119799,130.30841187049862,404.0104899119799,1.0
1,37,124.89491702772276,403.3029943304736,119.89491702772276,398.3029943304736,129.89491702772276,408.3029943304736,1.0
1,38,124.47729979848654,406.73536471184894,119.47729979848654,401.73536471184894,129.47729979848654,411.73536471184894,1.0
1,39,126.0556476043931,408.9172744350925,121.0556476043931,403.9172744350925,131.0556476043931,413.9172744350925,1.0
1,40,124.95283424411947,408.3945676047247,119.95283424411947,403.3945676047247,129.95283424411946,413.3945676047247,1.0
1,41,126.6933457564715,411.6033719641109,121.6933457564715,406.6033719641109,131.6933457564715,416.6033719641109,1.0
1,42,128.19156683001574,412.3355626165529,123.19156683001574,407.3355626165529,133.19156683001574,417.3355626165529,1.0
1,43,129.7613492012094,413.88189154413703,124.76134920120941,408.88189154413703,134.7613492012094,418.88189154413703,1.0
1,44,130.8594907365626,414.33151745434236,125.8594907365626,409.33151745434236,135.8594907365626,419.33151745434236,1.0
1,45,132.8216415408387,412.9912483090077,127.8216415408387,407.9912483090077,137.8216415408387,417.9912483090077,1.0
1,46,134.78997444639103,411.55700692074686,129.78997444639103,406.55700692074686,139.78997444639103,416.55700692074686,1.0
1,47,137.03120859370648,412.3615057561668,132.03120859370648,407.3615057561668,142.03120859370648,417.3615057561668,1.0
1,48,136.25365893842203,413.01010158871736,131.25365893842203,408.01010158871736,141.25365893842203,418.01010158871736,1.0
1,49,138.5880932966937,413.7694345586988,133.5880932966937,408.7694345586988,143.5880932966937,418.7694345586988,1.0
1,50,140.43372256873755,414.6255090478397,135.43372256873755,409.6255090478397,145.43372256873755,419.6255090478397,1.0
1,51,140.17103383202877,414.3717997448067,135.17103383202877,409.3717997448067,145.17103383202877,419.3717997448067,1.0
1,52,141.1849826286629,414.80895112603747,136.1849826286629,409.80895112603747,146.1849826286629,419.80895112603747,1.0
1,53,140.402848442098,412.68688062247156,135.402848442098,407.68688062247156,145.402848442098,417.68688062247156,1.0
1,54,141.07273578419134,409.05373202053323,136.07273578419134,404.05373202053323,146.07273578419134,414.05373202053323,1.0
1,55,141.47375477514052,408.5163318051316,136.47375477514052,403.5163318051316,146.47375477514052,413.5163318051316,1.0
1,56,146.08103584783493,410.1978559663032,141.08103584783493,405.1978559663032,151.08103584783493,415.1978559663032,1.0
1,57,149.81879321466087,415.25172538302456,144.81879321466087,410.25172538302456,154.81879321466087,420.25172538302456,1.0
1,58,150.30136814728294,413.46047770568543,145.30136814728294,408.46047770568543,155.30136814728294,418.46047770568543,1.0
1,59,152.38579521529783,414.27229955498103,147.38579521529783,409.27229955498103,157.38579521529783,419.27229955498103,1.0
1,60,154.6009335253906,414.86344754529244,149.6009335253906,409.86344754529244,159.6009335253906,419.86344754529244,1.0
1,61,155.93974768393542,417.55476295347034,150.93974768393542,412.55476295347034,160.93974768393542,422.55476295347034,1.0
1,62,155.53773825588513,419.6633990251922,150.53773825588513,414.6633990251922,160.53773825588513,424.6633990251922,1.0
1,63,155.92964665108065,421.83916837827405,150.92964665108065,416.83916837827405,160.92964665108065,426.83916837827405,1.0
1,64,156.62643078647568,426.41836186973524,151.62643078647568,421.41836186973524,161.62643078647568,431.41836186973524,1.0
1,65,154.63790271805118,427.1691548216288,149.63790271805118,422.1691548216288,159.63790271805118,432.1691548216288,1.0
1,66,152.18919305764922,428.59109235558805,147.18919305764922,423.59109235558805,157.18919305764922,433.59109235558805,1.0
1,67,151.8834512847764,431.144105014882,146.8834512847764,426.144105014882,156.8834512847764,436.144105014882,1.0
1,68,151.36565678801773,430.7584907749916,146.36565678801773,425.7584907749916,156.36565678801773,435.7584907749916,1.0
1,69,150.22936234444103,427.81132262890713,145.22936234444103,422.81132262890713,155.22936234444103,432.81132262890713,1.0
1,70,151.3434605398278,431.3073874097832,146.3434605398278,426.3073874097832,156.3434605398278,436.3073874097832,1.0
1,71,150.70358379448345,433.363952240899,145.70358379448345,428.363952240899,155.70358379448345,438.363952240899,1.0
1,72,150.70635808555738,434.8723925515717,145.70635808555738,429.8723925515717,155.70635808555738,439.8723925515717,1.0
1,73,150.79768345677877,435.3097907870483,145.79768345677877,430.3097907870483,155.79768345677877,440.3097907870483,1.0
1,74,150.53574206480613,437.13918494014484,145.53574206480613,432.13918494014484,155.53574206480613,442.13918494014484,1.0
1,75,151.203042897565,438.3856047114901,146.203042897565,433.3856047114901,156.203042897565,443.3856047114901,1.0
1,76,151.706564239896,437.15446817336755,146.706564239896,432.15446817336755,156.706564239896,442.15446817336755,1.0
1,77,148.5991553471188,435.20389606713366,143.5991553471188,430.20389606713366,153.5991553471188,440.20389606713366,1.0
1,78,148.8276918080981,428.1019171086708,143.8276918080981,423.1019171086708,153.8276918080981,433.1019171086708,1.0
1,79,145.81468037623605,426.70927905356365,140.81468037623605,421.70927905356365,150.81468037623605,431.70927905356365,1.0
1,80,146.19020773620758,423.4145758629963,141.19020773620758,418.4145758629963,151.19020773620758,428.4145758629963,1.0
1,81,147.63119384650318,422.6007564582804,142.63119384650318,417.6007564582804,152.63119384650318,427.6007564582804,1.0
1,82,148.5686624973825,419.37712309025335,143.5686624973825,414.37712309025335,153.5686624973825,424.37712309025335,1.0
1,83,150.844594997228,414.581687773234,145.844594997228,409.581687773234,155.844594997228,419.581687773234,1.0
1,84,152.6949127456265,411.89180138784394,147.6949127456265,406.89180138784394,157.6949127456265,416.89180138784394,1.0
1,85,153.88400339277058,408.8861045996029,148.88400339277058,403.8861045996029,158.88400339277058,413.8861045996029,1.0
1,86,156.51280856480417,412.5563181337822,151.51280856480417,407.5563181337822,161.51280856480417,417.5563181337822,1.0
1,87,158.9427480154205,414.70549286479184,153.9427480154205,409.70549286479184,163.9427480154205,419.70549286479184,1.0
1,88,163.76802179506123,417.56310480379693,158.76802179506123,412.56310480379693,168.76802179506123,422.56310480379693,1.0
1,89,167.3677678478469,419.52477111220315,162.3677678478469,414.52477111220315,172.3677678478469,424.52477111220315,1.0
1,90,170.71192227543753,421.66314721570524,165.71192227543753,416.66314721570524,175.71192227543753,426.66314721570524,1.0
1,91,172.47932642732232,421.8710937064721,167.47932642732232,416.8710937064721,177.47932642732232,426.8710937064721,1.0
1,92,175.40436450593666,421.2812144979756,170.40436450593666,416.2812144979756,180.40436450593666,426.2812144979756,1.0
1,93,175.5327157091307,417.25844061728975,170.5327157091307,412.25844061728975,180.5327157091307,422.25844061728975,1.0
1,94,174.35974425625545,416.66563947517096,169.35974425625545,411.66563947517096,179.35974425625545,421.66563947517096,1.0
1,95,173.09781233841352,417.6357744896886,168.09781233841352,412.6357744896886,178.09781233841352,422.6357744896886,1.0
1,96,173.48195339792287,420.8102307506908,168.48195339792287,415.8102307506908,178.48195339792287,425.8102307506908,1.0
1,97,169.77495909544527,419.68188689744153,164.77495909544527,414.68188689744153,174.77495909544527,424.68188689744153,1.0
1,98,169.52387957749755,419.39663772639545,164.52387957749755,414.39663772639545,174.52387957749755,424.39663772639545,1.0
1,99,170.77421708720902,420.9094549299276,165.77421708720902,415.9094549299276,175.77421708720902,425.9094549299276,1.0
1,100,171.329118626313,419.7692293427152,166.329118626313,414.7692293427152,176.329118626313,424.7692293427152,1.0
1,101,171.2128522595832,420.137355786484,166.2128522595832,415.137355786484,176.2128522595832,425.137355786484,1.0
1,102,170.05831943240707,420.775997440363,165.05831943240707,415.775997440363,175.05831943240707,425.775997440363,1.0
1,103,166.03139863301507,421.98118523152596,161.03139863301507,416.98118523152596,171.03139863301507,426.98118523152596,1.0
1,104,165.06345787641763,418.8082365836164,160.06345787641763,413.8082365836164,170.06345787641763,423.8082365836164,1.0
1,105,161.98750064407886,418.65510211418405,156.98750064407886,413.65510211418405,166.98750064407886,423.65510211418405,1.0
1,106,158.51718223171855,417.57386156086227,153.51718223171855,412.57386156086227,163.51718223171855,422.57386156086227,1.0
1,107,156.00061945860423,417.66398289706154,151.00061945860423,412.66398289706154,161.00061945860423,422.66398289706154,1.0
1,108,152.68184863713608,413.2012550756859,147.68184863713608,408.2012550756859,157.68184863713608,418.2012550756859,1.0
1,109,150.9579656586038,413.3994049748491,145.9579656586038,408.3994049748491,155.9579656586038,418.3994049748491,1.0
1,110,147.43560297353739,414.1858690818094,142.43560297353739,409.1858690818094,152.43560297353739,419.1858690818094,1.0
1,111,143.6825116521196,418.1157668238126,138.6825116521196,413.1157668238126,148.6825116521196,423.1157668238126,1.0
1,112,142.65464160926962,421.11008326039615,137.65464160926962,416.11008326039615,147.65464160926962,426.11008326039615,1.0
1,113,139.84282463246777,425.5076593976005,134.84282463246777,420.5076593976005,144.84282463246777,430.5076593976005,1.0
1,114,138.9745283189352,429.12328497075714,133.9745283189352,424.12328497075714,143.9745283189352,434.12328497075714,1.0
1,115,136.97485303998184,435.49777669550326,131.97485303998184,430.49777669550326,141.97485303998184,440.49777669550326,1.0
1,116,135.2667559362007,437.40864242535906,130.2667559362007,432.40864242535906,140.2667559362007,442.40864242535906,1.0
1,117,130.57821215771355,440.9948278024461,125.57821215771355,435.9948278024461,135.57821215771355,445.9948278024461,1.0
1,118,130.49116346059478,445.84890140758785,125.49116346059478,440.84890140758785,135.49116346059478,450.84890140758785,1.0
1,119,130.0707265548273,449.88525125725823,125.0707265548273,444.88525125725823,135.0707265548273,454.88525125725823,1.0
1,120,132.10823698455607,453.06011671311745,127.10823698455607,448.06011671311745,137.10823698455607,458.06011671311745,1.0
1,121,132.7527958853316,457.52244217994615,127.75279588533161,452.52244217994615,137.7527958853316,462.52244217994615,1.0
1,122,132.81188131868413,463.40009798630035,127.81188131868413,458.40009798630035,137.81188131868413,468.40009798630035,1.0
1,123,130.2720768676772,466.51073938711676,125.27207686767721,461.51073938711676,135.2720768676772,471.51073938711676,1.0
1,124,125.31961869846721,468.90839092277156,120.31961869846721,463.90839092277156,130.3196186984672,473.90839092277156,1.0
1,125,124.24134091014734,469.6521398109994,119.24134091014734,464.6521398109994,129.24134091014736,474.6521398109994,1.0
1,126,118.35208650308206,473.4817436037497,113.35208650308206,468.4817436037497,123.35208650308206,478.4817436037497,1.0
1,127,116.94751682337534,477.18911890227105,111.94751682337534,472.18911890227105,121.94751682337534,482.18911890227105,1.0
1,128,114.17887468412695,476.80589903511407,109.17887468412695,471.80589903511407,119.17887468412695,481.80589903511407,1.0
1,129,114.72434080843541,479.0487750159439,109.72434080843541,474.0487750159439,119.72434080843541,484.0487750159439,1.0
1,130,114.32136575249059,482.77120505122195,109.32136575249059,477.77120505122195,119.32136575249059,487.77120505122195,1.0
1,131,112.32306723942283,486.89850599248484,107.32306723942283,481.89850599248484,117.32306723942283,491.89850599248484,1.0
1,132,112.85953693119394,488.50337305967054,107.85953693119394,483.50337305967054,117.85953693119394,493.50337305967054,1.0
1,133,111.6603666643544,491.4437790253186,106.6603666643544,486.4437790253186,116.6603666643544,496.4437790253186,1.0
1,134,111.9388511901827,494.9546386271277,106.9388511901827,489.9546386271277,116.9388511901827,499.9546386271277,1.0
1,135,111.82581555185104,499.5176212503384,106.82581555185104,494.5176212503384,116.82581555185104,504.5176212503384,1.0
1,136,108.48127129140956,503.7655052276073,103.48127129140956,498.7655052276073,113.48127129140956,508.7655052276073,1.0
1,137,108.30667449981934,505.22530287482135,103.30667449981934,500.22530287482135,113.30667449981934,510.22530287482135,1.0
1,138,106.83863435565587,509.1185633191723,101.83863435565587,504.1185633191723,111.83863435565587,514.1185633191724,1.0
1,139,105.05391287306571,510.1741553155169,100.05391287306571,505.1741553155169,110.05391287306571,515.1741553155168,1.0
1,140,106.55390761231051,511.390657740181,101.55390761231051,506.390657740181,111.55390761231051,516.390657740181,1.0
1,141,107.46134464552877,510.36275535994827,102.46134464552877,505.36275535994827,112.46134464552877,515.3627553599483,1.0
1,142,111.0649953947619,510.31515102207095,106.0649953947619,505.31515102207095,116.0649953947619,515.315151022071,1.0
1,143,112.77206538544218,511.09044623263105,107.77206538544218,506.09044623263105,117.77206538544218,516.090446232631,1.0
1,144,115.17139358192254,510.12973574718916,110.17139358192254,505.12973574718916,120.17139358192254,515.1297357471892,1.0
1,145,117.06590161063473,511.0302978888912,112.06590161063473,506.0302978888912,122.06590161063473,516.0302978888913,1.0
1,146,117.49719930165325,511.2870356934616,112.49719930165325,506.2870356934616,122.49719930165325,516.2870356934616,1.0
1,147,118.40880971229706,512.39344752514,113.40880971229706,507.39344752514,123.40880971229706,517.39344752514,1.0
1,148,117.39596553137527,511.6228235974011,112.39596553137527,506.6228235974011,122.39596553137527,516.6228235974011,1.0
1,149,118.76856846577806,511.7387074586056,113.76856846577806,506.7387074586056,123.76856846577806,516.7387074586056,1.0
1,150,116.16826654692528,514.060863404463,111.16826654692528,509.060863404463,121.16826654692528,519.060863404463,1.0
1,151,116.37550621112355,514.7678423904472,111.37550621112355,509.7678423904472,121.37550621112355,519.7678423904472,1.0
1,152,118.83800385319012,515.3543473590964,113.83800385319012,510.35434735909644,123.83800385319012,520.3543473590964,1.0
1,153,119.99222047072718,517.1379374348139,114.99222047072718,512.1379374348139,124.99222047072718,522.1379374348139,1.0
1,154,121.4031760472532,520.8823130057344,116.4031760472532,515.8823130057344,126.4031760472532,525.8823130057344,1.0
1,155,121.93516138589717,522.4975272044276,116.93516138589717,517.4975272044276,126.93516138589717,527.4975272044276,1.0
1,156,119.84609932764843,520.1237969751438,114.84609932764843,515.1237969751438,124.84609932764843,525.1237969751438,1.0
1,157,117.5350993868181,520.2628596901491,112.5350993868181,515.2628596901491,122.5350993868181,525.2628596901491,1.0
1,158,115.98813841075517,519.9722632801875,110.98813841075517,514.9722632801875,120.98813841075517,524.9722632801875,1.0
1,159,115.92534695530918,519.6782602317745,110.92534695530918,514.6782602317745,120.92534695530918,524.6782602317745,1.0
1,160,115.80111186378457,520.9260185140566,110.80111186378457,515.9260185140566,120.80111186378457,525.9260185140566,1.0
1,161,114.82857926686177,524.4878422924089,109.82857926686177,519.4878422924089,119.82857926686177,529.4878422924089,1.0
1,162,115.21044637599577,527.3919500997067,110.21044637599577,522.3919500997067,120.21044637599577,532.3919500997067,1.0
1,163,112.9287951705115,531.9534498911169,107.9287951705115,526.9534498911169,117.9287951705115,536.9534498911169,1.0
1,164,110.93794313641055,529.9991329788464,105.93794313641055,524.9991329788464,115.93794313641055,534.9991329788464,1.0
1,165,108.9385452783745,530.4100698196137,103.9385452783745,525.4100698196137,113.9385452783745,535.4100698196137,1.0
1,166,112.20928643589926,529.271808762415,107.20928643589926,524.271808762415,117.20928643589926,534.271808762415,1.0
1,167,112.34923683622091,529.6964148709221,107.34923683622091,524.6964148709221,117.34923683622091,534.6964148709221,1.0
1,168,115.25214455256949,529.9349386530174,110.25214455256949,524.9349386530174,120.25214455256949,534.9349386530174,1.0
1,169,116.75063443658158,533.0303436897058,111.75063443658158,528.0303436897058,121.75063443658158,538.0303436897058,1.0
1,170,121.42598838052356,534.1719020746717,116.42598838052356,529.1719020746717,126.42598838052356,539.1719020746717,1.0
1,171,122.65366003262896,533.4652814130236,117.65366003262896,528.4652814130236,127.65366003262896,538.4652814130236,1.0
1,172,122.27268279326454,536.5626626764233,117.27268279326454,531.5626626764233,127.27268279326454,541.5626626764233,1.0
1,173,125.07488476203781,539.0584734665903,120.07488476203781,534.0584734665903,130.0748847620378,544.0584734665903,1.0
1,174,123.86345538028075,541.7271642408548,118.86345538028075,536.7271642408548,128.86345538028075,546.7271642408548,1.0
1,175,122.72172926959082,543.2293161899904,117.72172926959082,538.2293161899904,127.72172926959082,548.2293161899904,1.0
1,176,123.93677654211359,544.3865962432242,118.93677654211359,539.3865962432242,128.9367765421136,549.3865962432242,1.0
1,177,124.50510959371567,546.0181897230091,119.50510959371567,541.0181897230091,129.50510959371567,551.0181897230091,1.0
1,178,124.19665000797681,546.7742410720407,119.19665000797681,541.7742410720407,129.1966500079768,551.7742410720407,1.0
1,179,122.98518030198615,550.2680815802358,117.98518030198615,545.2680815802358,127.98518030198615,555.2680815802358,1.0
1,180,121.22030753482755,552.6917085701241,116.22030753482755,547.6917085701241,126.22030753482755,557.6917085701241,1.0
1,181,119.16720076718734,552.1150648098254,114.16720076718734,547.1150648098254,124.16720076718734,557.1150648098254,1.0
1,182,118.83192771264564,552.9491132297678,113.83192771264564,547.9491132297678,123.83192771264564,557.9491132297678,1.0
1,183,121.75291641321606,552.145361567107,116.75291641321606,547.145361567107,126.75291641321606,557.145361567107,1.0
1,184,123.55537181958398,555.0950885833956,118.55537181958398,550.0950885833956,128.55537181958397,560.0950885833956,1.0
1,185,129.29936015949366,557.7528620894,124.29936015949366,552.7528620894,134.29936015949366,562.7528620894,1.0
1,186,131.02937838648845,562.065167918593,126.02937838648845,557.065167918593,136.02937838648845,567.065167918593,1.0
1,187,134.33151551841726,568.7597052054216,129.33151551841726,563.7597052054216,139.33151551841726,573.7597052054216,1.0
1,188,136.5961044676161,572.6362217597715,131.5961044676161,567.6362217597715,141.5961044676161,577.6362217597715,1.0
1,189,136.3690570544001,574.5549106994358,131.3690570544001,569.5549106994358,141.3690570544001,579.5549106994358,1.0
1,190,138.1335374025117,576.2404477548902,133.1335374025117,571.2404477548902,143.1335374025117,581.2404477548902,1.0
1,191,143.00770235338265,575.647545950875,138.00770235338265,570.647545950875,148.00770235338265,580.647545950875,1.0
1,192,146.44407250515644,575.7098485976142,141.44407250515644,570.7098485976142,151.44407250515644,580.7098485976142,1.0
1,193,146.80657161433055,575.1242011838908,141.80657161433055,570.1242011838908,151.80657161433055,580.1242011838908,1.0
1,194,149.3962604891392,573.3491430734623,144.3962604891392,568.3491430734623,154.3962604891392,578.3491430734623,1.0
1,195,145.62873258653283,568.5078936782478,140.62873258653283,563.5078936782478,150.62873258653283,573.5078936782478,1.0
1,196,145.5932091049503,563.4786980850101,140.5932091049503,558.4786980850101,150.5932091049503,568.4786980850101,1.0
1,197,147.52973039790842,562.5525756805717,142.52973039790842,557.5525756805717,152.52973039790842,567.5525756805717,1.0
1,198,148.79563961859935,560.3354212235558,143.79563961859935,555.3354212235558,153.79563961859935,565.3354212235558,1.0
1,199,150.52372626112378,559.7961157271761,145.52372626112378,554.7961157271761,155.52372626112378,564.7961157271761,1.0
1,200,150.1937166509451,559.2217182227641,145.1937166509451,554.2217182227641,155.1937166509451,564.2217182227641,1.0
1,201,152.760586376938,560.1105780440181,147.760586376938,555.1105780440181,157.760586376938,565.1105780440181,1.0
1,202,154.46081300313736,560.4368689070027,149.46081300313736,555.4368689070027,159.46081300313736,565.4368689070027,1.0
1,203,155.9523484747888,560.1760608104614,150.9523484747888,555.1760608104614,160.9523484747888,565.1760608104614,1.0
1,204,157.67951939852546,557.0640173999071,152.67951939852546,552.0640173999071,162.67951939852546,562.0640173999071,1.0
1,205,157.91061454722316,555.6803732449599,152.91061454722316,550.6803732449599,162.91061454722316,560.6803732449599,1.0
1,206,159.07585151621063,558.3443861480084,154.07585151621063,553.3443861480084,164.07585151621063,563.3443861480084,1.0
1,207,158.02697366153544,556.3786052391953,153.02697366153544,551.3786052391953,163.02697366153544,561.3786052391953,1.0
1,208,159.25825738737745,557.8059227029179,154.25825738737745,552.8059227029179,164.25825738737745,562.8059227029179,1.0
1,209,159.86977303311775,555.989256076522,154.86977303311775,550.989256076522,164.86977303311775,560.989256076522,1.0
1,210,157.50833966216592,554.948695734525,152.50833966216592,549.948695734525,162.50833966216592,559.948695734525,1.0
1,211,154.98328239601113,552.3952316432574,149.98328239601113,547.3952316432574,159.98328239601113,557.3952316432574,1.0
1,212,154.13260383537406,554.2814284190865,149.13260383537406,549.2814284190865,159.13260383537406,559.2814284190865,1.0
1,213,155.15534109353402,552.7483868895317,150.15534109353402,547.7483868895317,160.15534109353402,557.7483868895317,1.0
1,214,154.4808509519579,554.5243230050582,149.4808509519579,549.5243230050582,159.4808509519579,559.5243230050582,1.0
1,215,156.57877686118618,556.1805428023495,151.57877686118618,551.1805428023495,161.57877686118618,561.1805428023495,1.0
1,216,156.2116087680089,555.3140741584092,151.2116087680089,550.3140741584092,161.2116087680089,560.3140741584092,1.0
1,217,158.0213508900997,553.675240417417,153.0213508900997,548.675240417417,163.0213508900997,558.675240417417,1.0
1,218,161.74199002621884,554.1952529225579,156.74199002621884,549.1952529225579,166.74199002621884,559.1952529225579,1.0
1,219,166.5475367280638,552.8244023883288,161.5475367280638,547.8244023883288,171.5475367280638,557.8244023883288,1.0
1,220,168.86850397754284,554.566769647949,163.86850397754284,549.566769647949,173.86850397754284,559.566769647949,1.0
1,221,168.27744802795002,555.677649654527,163.27744802795002,550.677649654527,173.27744802795002,560.677649654527,1.0
1,222,171.43860592439995,555.7866786315136,166.43860592439995,550.7866786315136,176.43860592439995,560.7866786315136,1.0
1,223,172.70775063015213,553.1210585789755,167.70775063015213,548.1210585789755,177.70775063015213,558.1210585789755,1.0
1,224,174.82832211240714,545.92522492737,169.82832211240714,540.92522492737,179.82832211240714,550.92522492737,1.0
1,225,175.59611818794522,543.612278028214,170.59611818794522,538.612278028214,180.59611818794522,548.612278028214,1.0
1,226,173.21973009664333,537.0570733887237,168.21973009664333,532.0570733887237,178.21973009664333,542.0570733887237,1.0
1,227,173.26203537737177,535.5951623054832,168.26203537737177,530.5951623054832,178.26203537737177,540.5951623054832,1.0
1,228,173.732161539864,529.7599350341859,168.732161539864,524.7599350341859,178.732161539864,534.7599350341859,1.0
1,229,174.19174031299434,527.3372733629544,169.19174031299434,522.3372733629544,179.19174031299434,532.3372733629544,1.0
1,230,171.4945071085445,522.4783131887358,166.4945071085445,517.4783131887358,176.4945071085445,527.4783131887358,1.0
1,231,170.96847554442252,517.4040547425664,165.96847554442252,512.4040547425664,175.96847554442252,522.4040547425664,1.0
1,232,170.59682650609273,516.9100398514803,165.59682650609273,511.9100398514803,175.59682650609273,521.9100398514803,1.0
1,233,168.21443215463108,515.3473296603121,163.21443215463108,510.3473296603121,173.21443215463108,520.3473296603121,1.0
1,234,167.20015774862551,514.0455305928944,162.20015774862551,509.04553059289435,172.20015774862551,519.0455305928944,1.0
1,235,166.71677195585985,516.765206280143,161.71677195585985,511.76520628014305,171.71677195585985,521.765206280143,1.0
1,236,166.24165014213176,516.3873903793499,161.24165014213176,511.3873903793499,171.24165014213176,521.3873903793499,1.0
1,237,166.9855752559467,517.9471678148149,161.9855752559467,512.9471678148149,171.9855752559467,522.9471678148149,1.0
1,238,167.15221353170529,519.4092557527661,162.15221353170529,514.4092557527661,172.15221353170529,524.4092557527661,1.0
1,239,167.3944864320652,522.8205114362371,162.3944864320652,517.8205114362371,172.3944864320652,527.8205114362371,1.0
1,240,166.87593582410048,524.6223720095464,161.87593582410048,519.6223720095464,171.87593582410048,529.6223720095464,1.0
1,241,166.93752598133844,529.2052664804119,161.93752598133844,524.2052664804119,171.93752598133844,534.2052664804119,1.0
1,242,168.24490651513153,532.6730792559931,163.24490651513153,527.6730792559931,173.24490651513153,537.6730792559931,1.0
1,243,167.0096570515443,536.4941115516442,162.0096570515443,531.4941115516442,172.0096570515443,541.4941115516442,1.0
1,244,166.2298153562005,541.2535177178323,161.2298153562005,536.2535177178323,171.2298153562005,546.2535177178323,1.0
1,245,164.46589013827366,546.0702124947817,159.46589013827366,541.0702124947817,169.46589013827366,551.0702124947817,1.0
1,246,160.68539437690134,551.3608396731768,155.68539437690134,546.3608396731768,165.68539437690134,556.3608396731768,1.0
1,247,159.90821960328321,552.8664798643741,154.90821960328321,547.8664798643741,164.90821960328321,557.8664798643741,1.0
1,248,156.54878137577015,549.9240049139086,151.54878137577015,544.9240049139086,161.54878137577015,554.9240049139086,1.0
1,249,155.72712145292058,551.4015809678326,150.72712145292058,546.4015809678326,160.72712145292058,556.4015809678326,1.0
1,250,153.74151330007808,549.972009503396,148.74151330007808,544.972009503396,158.74151330007808,554.972009503396,1.0
1,251,154.32976991255143,549.3987829881221,149.32976991255143,544.3987829881221,159.32976991255143,554.3987829881221,1.0
1,252,152.5057435959755,544.8480770280482,147.5057435959755,539.8480770280482,157.5057435959755,549.8480770280482,1.0
1,253,152.16814111494594,543.5831942244728,147.16814111494594,538.5831942244728,157.16814111494594,548.5831942244728,1.0
1,254,152.24415969263438,542.5050061406888,147.24415969263438,537.5050061406888,157.24415969263438,547.5050061406888,1.0
1,255,150.69178728327523,541.7132275504548,145.69178728327523,536.7132275504548,155.69178728327523,546.7132275504548,1.0
1,256,154.11373922806376,541.8927262768619,149.11373922806376,536.8927262768619,159.11373922806376,546.8927262768619,1.0
1,257,154.22409793121477,538.8667291461312,149.22409793121477,533.8667291461312,159.22409793121477,543.8667291461312,1.0
1,258,155.84562947351185,540.7931511219366,150.84562947351185,535.7931511219366,160.84562947351185,545.7931511219366,1.0
1,259,156.52857134668875,541.1306024556591,151.52857134668875,536.1306024556591,161.52857134668875,546.1306024556591,1.0
1,260,156.37086456177428,545.9180604749561,151.37086456177428,540.9180604749561,161.37086456177428,550.9180604749561,1.0
1,261,157.622412272928,547.3628379897813,152.622412272928,542.3628379897813,162.622412272928,552.3628379897813,1.0
1,262,159.38565446184907,551.2662384535889,154.38565446184907,546.2662384535889,164.38565446184907,556.2662384535889,1.0
1,263,161.70699501016347,551.3064724301607,156.70699501016347,546.3064724301607,166.70699501016347,556.3064724301607,1.0
1,264,165.84357359210054,550.6110942575842,160.84357359210054,545.6110942575842,170.84357359210054,555.6110942575842,1.0
1,265,169.8084972513396,550.0384759546389,164.8084972513396,545.0384759546389,174.8084972513396,555.0384759546389,1.0
1,266,174.5745818910337,551.0235044128094,169.5745818910337,546.0235044128094,179.5745818910337,556.0235044128094,1.0
1,267,178.0187459041947,551.1857999728093,173.0187459041947,546.1857999728093,183.0187459041947,556.1857999728093,1.0
1,268,181.06914473015553,550.7863889113472,176.06914473015553,545.7863889113472,186.06914473015553,555.7863889113472,1.0
1,269,183.44409771387825,549.8694554196916,178.44409771387825,544.8694554196916,188.44409771387825,554.8694554196916,1.0
1,270,182.89476927680533,549.1125300100896,177.89476927680533,544.1125300100896,187.89476927680533,554.1125300100896,1.0
1,271,180.9180158505138,546.9277454710755,175.9180158505138,541.9277454710755,185.9180158505138,551.9277454710755,1.0
1,272,179.03558681981605,542.7414950660354,174.03558681981605,537.7414950660354,184.03558681981605,547.7414950660354,1.0
1,273,176.67519181898754,539.8118649195098,171.67519181898754,534.8118649195098,181.67519181898754,544.8118649195098,1.0
1,274,174.74696445512632,537.1836881820631,169.74696445512632,532.1836881820631,179.74696445512632,542.1836881820631,1.0
1,275,175.6573867459951,536.1680181737494,170.6573867459951,531.1680181737494,180.6573867459951,541.1680181737494,1.0
1,276,172.5767533534737,533.8946416459103,167.5767533534737,528.8946416459103,177.5767533534737,538.8946416459103,1.0
1,277,170.53752471923087,532.4889375040839,165.53752471923087,527.4889375040839,175.53752471923087,537.4889375040839,1.0
1,278,169.51066776575072,533.6967810479828,164.51066776575072,528.6967810479828,174.51066776575072,538.6967810479828,1.0
1,279,168.42411437801266,534.3753466254769,163.42411437801266,529.3753466254769,173.42411437801266,539.3753466254769,1.0
1,280,167.71619232693575,534.5625820616357,162.71619232693575,529.5625820616357,172.71619232693575,539.5625820616357,1.0
1,281,167.5895117845784,538.7935089712428,162.5895117845784,533.7935089712428,172.5895117845784,543.7935089712428,1.0
1,282,164.78254116438322,543.508994997326,159.78254116438322,538.508994997326,169.78254116438322,548.508994997326,1.0
1,283,165.1643814952932,546.8256474792732,160.1643814952932,541.8256474792732,170.1643814952932,551.8256474792732,1.0
1,284,164.77239304956097,550.3632173734152,159.77239304956097,545.3632173734152,169.77239304956097,555.3632173734152,1.0
1,285,165.16897653190819,552.3259919678276,160.16897653190819,547.3259919678276,170.16897653190819,557.3259919678276,1.0
1,286,166.60489400945562,554.3353057438434,161.60489400945562,549.3353057438434,171.60489400945562,559.3353057438434,1.0
1,287,167.1009113401401,556.230245702836,162.1009113401401,551.230245702836,172.1009113401401,561.230245702836,1.0
1,288,169.60251120795144,555.0536659228839,164.60251120795144,550.0536659228839,174.60251120795144,560.0536659228839,1.0
1,289,169.3904270465685,553.4594621458452,164.3904270465685,548.4594621458452,174.3904270465685,558.4594621458452,1.0
1,290,170.44880073946962,555.6308106062671,165.44880073946962,550.6308106062671,175.44880073946962,560.6308106062671,1.0
1,291,170.08532924770503,558.3293519175104,165.08532924770503,553.3293519175104,175.08532924770503,563.3293519175104,1.0
1,292,169.37406961142906,560.3378589519127,164.37406961142906,555.3378589519127,174.37406961142906,565.3378589519127,1.0
1,293,171.7338156519268,562.6909079159165,166.7338156519268,557.6909079159165,176.7338156519268,567.6909079159165,1.0
1,294,171.20151901742133,561.5607569390374,166.20151901742133,556.5607569390374,176.20151901742133,566.5607569390374,1.0
1,295,171.6563120376865,564.7971333886949,166.6563120376865,559.7971333886949,176.6563120376865,569.7971333886949,1.0
1,296,170.71368892081077,567.023244436688,165.71368892081077,562.023244436688,175.71368892081077,572.023244436688,1.0
1,297,171.69201874674192,568.9024508359232,166.69201874674192,563.9024508359232,176.69201874674192,573.9024508359232,1.0
1,298,173.69520404152124,571.3724964500504,168.69520404152124,566.3724964500504,178.69520404152124,576.3724964500504,1.0
1,299,172.15764497519564,573.2387342456719,167.15764497519564,568.2387342456719,177.15764497519564,578.2387342456719,1.0
1,300,171.7264462074573,574.8972475833507,166.7264462074573,569.8972475833507,176.7264462074573,579.8972475833507,1.0
1,301,171.77097179275967,579.3040251706192,166.77097179275967,574.3040251706192,176.77097179275967,584.3040251706192,1.0
1,302,172.4127436299804,584.2027421415182,167.4127436299804,579.2027421415182,177.4127436299804,589.2027421415182,1.0
1,303,172.6363099108819,586.4050863024895,167.6363099108819,581.4050863024895,177.6363099108819,591.4050863024895,1.0
1,304,175.80157228147706,592.8165666022544,170.80157228147706,587.8165666022544,180.80157228147706,597.8165666022544,1.0
1,305,176.4792476884781,592.0306645021924,171.4792476884781,587.0306645021924,181.4792476884781,597.0306645021924,1.0
1,306,178.28072097154754,593.0330819023862,173.28072097154754,588.0330819023862,183.28072097154754,598.0330819023862,1.0
1,307,177.95300783076607,592.400245850942,172.95300783076607,587.400245850942,182.95300783076607,597.400245850942,1.0
1,308,177.42859560282884,589.383288211422,172.42859560282884,584.383288211422,182.42859560282884,594.383288211422,1.0
1,309,176.66696083446163,589.2177518254817,171.66696083446163,584.2177518254817,181.66696083446163,594.2177518254817,1.0
1,310,173.28608736357606,586.1594844239129,168.28608736357606,581.1594844239129,178.28608736357606,591.1594844239129,1.0
1,311,169.72108963012653,584.0909462484183,164.72108963012653,579.0909462484183,174.72108963012653,589.0909462484183,1.0
1,312,171.61803542243592,579.4872316609105,166.61803542243592,574.4872316609105,176.61803542243592,584.4872316609105,1.0
1,313,172.9551040257164,577.5044306133813,167.9551040257164,572.5044306133813,177.9551040257164,582.5044306133813,1.0
1,314,173.81636041551747,576.1234726820176,168.81636041551747,571.1234726820176,178.81636041551747,581.1234726820176,1.0
1,315,172.2895339688351,573.350973173501,167.2895339688351,568.350973173501,177.2895339688351,578.350973173501,1.0
1,316,172.76737233691452,569.9473416033325,167.76737233691452,564.9473416033325,177.76737233691452,574.9473416033325,1.0
1,317,173.9369059353647,569.6730282427217,168.9369059353647,564.6730282427217,178.9369059353647,574.6730282427217,1.0
1,318,174.34035112928206,566.6684550787679,169.34035112928206,561.6684550787679,179.34035112928206,571.6684550787679,1.0
1,319,176.21788057656053,563.1256871809599,171.21788057656053,558.1256871809599,181.21788057656053,568.1256871809599,1.0
1,320,177.02122347058926,561.5355645445281,172.02122347058926,556.5355645445281,182.02122347058926,566.5355645445281,1.0
1,321,177.18036267092214,562.6442744784547,172.18036267092214,557.6442744784547,182.18036267092214,567.6442744784547,1.0
1,322,179.16397787729267,566.7861699227483,174.16397787729267,561.7861699227483,184.16397787729267,571.7861699227483,1.0
1,323,179.8420406204354,568.4824242573428,174.8420406204354,563.4824242573428,184.8420406204354,573.4824242573428,1.0
1,324,182.05599167030704,567.6384299112134,177.05599167030704,562.6384299112134,187.05599167030704,572.6384299112134,1.0
1,325,180.42407464409837,570.4253729345628,175.42407464409837,565.4253729345628,185.42407464409837,575.4253729345628,1.0
1,326,182.89477150337245,572.4742512473199,177.89477150337245,567.4742512473199,187.89477150337245,577.4742512473199,1.0
1,327,186.3995873592411,576.8176775371805,181.3995873592411,571.8176775371805,191.3995873592411,581.8176775371805,1.0
1,328,187.5985082521277,580.3793782712585,182.5985082521277,575.3793782712585,192.5985082521277,585.3793782712585,1.0
1,329,190.49092206407886,581.3366818373887,185.49092206407886,576.3366818373887,195.49092206407886,586.3366818373887,1.0
1,330,191.55874927514787,587.3669884367469,186.55874927514787,582.3669884367469,196.55874927514787,592.3669884367469,1.0
1,331,194.25447232426257,587.916716112404,189.25447232426257,582.916716112404,199.25447232426257,592.916716112404,1.0
1,332,196.42152305234399,589.113555779587,191.42152305234399,584.113555779587,201.42152305234399,594.113555779587,1.0
1,333,196.8007168471805,590.4144520262632,191.8007168471805,585.4144520262632,201.8007168471805,595.4144520262632,1.0
1,334,197.897203075255,593.7272653937417,192.897203075255,588.7272653937417,202.897203075255,598.7272653937417,1.0
1,335,198.16957385545524,596.6915277703696,193.16957385545524,591.6915277703696,203.16957385545524,601.6915277703696,1.0
1,336,198.67246971134747,597.3113828840503,193.67246971134747,592.3113828840503,203.67246971134747,602.3113828840503,1.0
1,337,199.00455539487595,596.9478041299424,194.00455539487595,591.9478041299424,204.00455539487595,601.9478041299424,1.0
1,338,198.31374989332357,597.0415417998225,193.31374989332357,592.0415417998225,203.31374989332357,602.0415417998225,1.0
1,339,201.41811635053222,596.9628766138981,196.41811635053222,591.9628766138981,206.41811635053222,601.9628766138981,1.0
1,340,203.7290533065434,597.2962378744032,198.7290533065434,592.2962378744032,208.7290533065434,602.2962378744032,1.0
1,341,202.403987431391,596.7407707681823,197.403987431391,591.7407707681823,207.403987431391,601.7407707681823,1.0
1,342,198.14850142482317,597.1358098986275,193.14850142482317,592.1358098986275,203.14850142482317,602.1358098986275,1.0
1,343,197.39410670582683,594.8826622779541,192.39410670582683,589.8826622779541,202.39410670582683,599.8826622779541,1.0
1,344,195.29005847298478,593.2331497313951,190.29005847298478,588.2331497313951,200.29005847298478,598.2331497313951,1.0
1,345,192.75281933857633,593.3285088176026,187.75281933857633,588.3285088176026,197.75281933857633,598.3285088176026,1.0
1,346,192.79267334481523,594.9777920964503,187.79267334481523,589.9777920964503,197.79267334481523,599.9777920964503,1.0
1,347,193.42862303171793,594.4517997133921,188.42862303171793,589.4517997133921,198.42862303171793,599.4517997133921,1.0
1,348,191.84387311784587,594.3681421599609,186.84387311784587,589.3681421599609,196.84387311784587,599.3681421599609,1.0
1,349,191.83044754997974,592.1973465394676,186.83044754997974,587.1973465394676,196.83044754997974,597.1973465394676,1.0
1,350,189.61469540387048,591.8858061421838,184.61469540387048,586.8858061421838,194.61469540387048,596.8858061421838,1.0
1,351,188.96402842542258,586.7327596469506,183.96402842542258,581.7327596469506,193.96402842542258,591.7327596469506,1.0
1,352,187.8333240940735,585.0168116368511,182.8333240940735,580.0168116368511,192.8333240940735,590.0168116368511,1.0
1,353,186.8122519779604,583.3647133913169,181.8122519779604,578.3647133913169,191.8122519779604,588.3647133913169,1.0
1,354,186.44977527070344,577.6062603448813,181.44977527070344,572.6062603448813,191.44977527070344,582.6062603448813,1.0
1,355,184.89717291062618,574.5490851051679,179.89717291062618,569.5490851051679,189.89717291062618,579.5490851051679,1.0
1,356,183.25499734679133,569.9917637454025,178.25499734679133,564.9917637454025,188.25499734679133,574.9917637454025,1.0
1,357,179.80418312960478,566.6690680942036,174.80418312960478,561.6690680942036,184.80418312960478,571.6690680942036,1.0
1,358,176.7051857876126,561.4426897588244,171.7051857876126,556.4426897588244,181.7051857876126,566.4426897588244,1.0
1,359,171.07824051479042,558.3538750841317,166.07824051479042,553.3538750841317,176.07824051479042,563.3538750841317,1.0
1,360,167.3849823392689,552.5229645973665,162.3849823392689,547.5229645973665,172.3849823392689,557.5229645973665,1.0
1,361,165.72823506051287,548.6717205119514,160.72823506051287,543.6717205119514,170.72823506051287,553.6717205119514,1.0
1,362,162.55928815516378,546.1080618306793,157.55928815516378,541.1080618306793,167.55928815516378,551.1080618306793,1.0
1,363,162.42519123421664,544.2177820646657,157.42519123421664,539.2177820646657,167.42519123421664,549.2177820646657,1.0
1,364,160.74883506632574,538.7837624483051,155.74883506632574,533.7837624483051,165.74883506632574,543.7837624483051,1.0
1,365,156.9986411189645,535.1848305795359,151.9986411189645,530.1848305795359,161.9986411189645,540.1848305795359,1.0
1,366,156.63505163621764,534.2408230760016,151.63505163621764,529.2408230760016,161.63505163621764,539.2408230760016,1.0
1,367,155.72044092077442,532.2823884911827,150.72044092077442,527.2823884911827,160.72044092077442,537.2823884911827,1.0
1,368,153.87367532585026,528.9017193427378,148.87367532585026,523.9017193427378,158.87367532585026,533.9017193427378,1.0
1,369,153.13014097348528,525.6115739663281,148.13014097348528,520.6115739663281,158.13014097348528,530.6115739663281,1.0
1,370,152.04358062634776,525.2590406167496,147.04358062634776,520.2590406167496,157.04358062634776,530.2590406167496,1.0
1,371,152.20554448688594,521.6640977611486,147.20554448688594,516.6640977611486,157.20554448688594,526.6640977611486,1.0
1,372,150.81909120743842,520.3238050500094,145.81909120743842,515.3238050500094,155.81909120743842,525.3238050500094,1.0
1,373,151.59837629251044,518.3578243532825,146.59837629251044,513.3578243532825,156.59837629251044,523.3578243532825,1.0
1,374,151.76464377884997,520.527897667716,146.76464377884997,515.527897667716,156.76464377884997,525.527897667716,1.0
1,375,152.2833765885648,519.78672463027,147.2833765885648,514.78672463027,157.2833765885648,524.78672463027,1.0
1,376,152.34507694099932,521.6896065096416,147.34507694099932,516.6896065096416,157.34507694099932,526.6896065096416,1.0
1,377,150.1300411697928,523.193853308296,145.1300411697928,518.193853308296,155.1300411697928,528.193853308296,1.0
1,378,147.74128470220523,526.3134438713025,142.74128470220523,521.3134438713025,152.74128470220523,531.3134438713025,1.0
1,379,144.80601656929093,524.349302631691,139.80601656929093,519.349302631691,149.80601656929093,529.349302631691,1.0
1,380,142.3169354521099,526.2083131365771,137.3169354521099,521.2083131365771,147.3169354521099,531.2083131365771,1.0
1,381,145.1622512346594,526.826310877105,140.1622512346594,521.826310877105,150.1622512346594,531.826310877105,1.0
1,382,145.36839588637125,526.0324616430062,140.36839588637125,521.0324616430062,150.36839588637125,531.0324616430062,1.0
1,383,147.59975683629554,522.747653067797,142.59975683629554,517.747653067797,152.59975683629554,527.747653067797,1.0
1,384,148.2436316256051,521.3890089848579,143.2436316256051,516.3890089848579,153.2436316256051,526.3890089848579,1.0
1,385,149.55714586088965,520.4765915113942,144.55714586088965,515.4765915113942,154.55714586088965,525.4765915113942,1.0
1,386,150.66219385949,518.5506025347761,145.66219385949,513.5506025347761,155.66219385949,523.5506025347761,1.0
1,387,152.78788707242714,515.1016818080551,147.78788707242714,510.1016818080551,157.78788707242714,520.1016818080551,1.0
1,388,157.11296412967295,513.3415252317322,152.11296412967295,508.34152523173225,162.11296412967295,518.3415252317322,1.0
1,389,160.22465027528577,512.9702984904656,155.22465027528577,507.97029849046555,165.22465027528577,517.9702984904656,1.0
1,390,164.57117181529753,514.0361414373408,159.57117181529753,509.0361414373408,169.57117181529753,519.0361414373408,1.0
1,391,169.99613010316537,517.6417947777849,164.99613010316537,512.6417947777849,174.99613010316537,522.6417947777849,1.0
1,392,172.54151105171053,519.7498574169596,167.54151105171053,514.7498574169596,177.54151105171053,524.7498574169596,1.0
1,393,174.85530045988511,521.1392481820694,169.85530045988511,516.1392481820694,179.85530045988511,526.1392481820694,1.0
1,394,174.39087516966902,520.531153900001,169.39087516966902,515.531153900001,179.39087516966902,525.531153900001,1.0
1,395,175.18563890589837,522.0397806902728,170.18563890589837,517.0397806902728,180.18563890589837,527.0397806902728,1.0
1,396,177.63871232908755,522.972593353734,172.63871232908755,517.972593353734,182.63871232908755,527.972593353734,1.0
1,397,180.88827250274375,523.2705293808201,175.88827250274375,518.2705293808201,185.88827250274375,528.2705293808201,1.0
1,398,183.45252248885518,521.4080395691723,178.45252248885518,516.4080395691723,188.45252248885518,526.4080395691723,1.0
1,399,185.06589245402796,519.9933631042469,180.06589245402796,514.9933631042469,190.06589245402796,524.9933631042469,1.0
1,400,187.99402518883693,519.4468628441406,182.99402518883693,514.4468628441406,192.99402518883693,524.4468628441406,1.0
1,401,186.46601531564335,518.6319066646878,181.46601531564335,513.6319066646878,191.46601531564335,523.6319066646878,1.0
1,402,185.81144031939888,518.8557796244945,180.81144031939888,513.8557796244945,190.81144031939888,523.8557796244945,1.0
1,403,183.68312275462185,521.2184351446598,178.68312275462185,516.2184351446598,188.68312275462185,526.2184351446598,1.0
1,404,184.44060529512782,521.531987224524,179.44060529512782,516.531987224524,189.44060529512782,526.531987224524,1.0
1,405,187.36452507698812,522.1394650511565,182.36452507698812,517.1394650511565,192.36452507698812,527.1394650511565,1.0
1,406,185.6318202818227,522.0652010979401,180.6318202818227,517.0652010979401,190.6318202818227,527.0652010979401,1.0
1,407,184.56259111553277,520.4066812053863,179.56259111553277,515.4066812053863,189.56259111553277,525.4066812053863,1.0
1,408,181.2951040484486,521.9478469792801,176.2951040484486,516.9478469792801,186.2951040484486,526.9478469792801,1.0
1,409,179.6825791741287,521.7020346924295,174.6825791741287,516.7020346924295,184.6825791741287,526.7020346924295,1.0
1,410,175.62777614750638,522.7125157805597,170.62777614750638,517.7125157805597,180.62777614750638,527.7125157805597,1.0
1,411,172.4780757889227,523.6978854102335,167.4780757889227,518.6978854102335,177.4780757889227,528.6978854102335,1.0
1,412,169.36300455789652,523.8797995953823,164.36300455789652,518.8797995953823,174.36300455789652,528.8797995953823,1.0
1,413,161.25045363839692,521.9561953202958,156.25045363839692,516.9561953202958,166.25045363839692,526.9561953202958,1.0
1,414,158.59462854839848,526.4394317903555,153.59462854839848,521.4394317903555,163.59462854839848,531.4394317903555,1.0
1,415,152.91353811116048,529.0453075978251,147.91353811116048,524.0453075978251,157.91353811116048,534.0453075978251,1.0
1,416,150.61622285375782,532.4795022842944,145.61622285375782,527.4795022842944,155.61622285375782,537.4795022842944,1.0
1,417,149.0572328387914,534.4409993255795,144.0572328387914,529.4409993255795,154.0572328387914,539.4409993255795,1.0
1,418,147.57174186106843,534.2799341162272,142.57174186106843,529.2799341162272,152.57174186106843,539.2799341162272,1.0
1,419,143.81438493666715,536.7406834344613,138.81438493666715,531.7406834344613,148.81438493666715,541.7406834344613,1.0
1,420,141.95664558155843,539.4045855969242,136.95664558155843,534.4045855969242,146.95664558155843,544.4045855969242,1.0
1,421,143.1270489047378,541.8543858775906,138.1270489047378,536.8543858775906,148.1270489047378,546.8543858775906,1.0
1,422,144.14444194626316,544.2047415637248,139.14444194626316,539.2047415637248,149.14444194626316,549.2047415637248,1.0
1,423,144.97938254314826,549.4134814019673,139.97938254314826,544.4134814019673,149.97938254314826,554.4134814019673,1.0
1,424,145.57372971128106,556.3288910680707,140.57372971128106,551.3288910680707,150.57372971128106,561.3288910680707,1.0
1,425,143.1238286215316,563.194119422071,138.1238286215316,558.194119422071,148.1238286215316,568.194119422071,1.0
1,426,143.58010350700852,570.8566083914341,138.58010350700852,565.8566083914341,148.58010350700852,575.8566083914341,1.0
1,427,144.91109610853186,572.6201429613595,139.91109610853186,567.6201429613595,149.91109610853186,577.6201429613595,1.0
1,428,145.3550005685684,574.2564995837421,140.3550005685684,569.2564995837421,150.3550005685684,579.2564995837421,1.0
1,429,148.12980277517627,571.863322984291,143.12980277517627,566.863322984291,153.12980277517627,576.863322984291,1.0
1,430,150.01116261526184,572.109934788655,145.01116261526184,567.109934788655,155.01116261526184,577.109934788655,1.0
1,431,149.77666611522196,573.5756549743696,144.77666611522196,568.5756549743696,154.77666611522196,578.5756549743696,1.0
1,432,150.26638258373274,571.4701483389467,145.26638258373274,566.4701483389467,155.26638258373274,576.4701483389467,1.0
1,433,148.58748686835946,569.0809277230506,143.58748686835946,564.0809277230506,153.58748686835946,574.0809277230506,1.0
1,434,148.21735454024653,566.9756091012737,143.21735454024653,561.9756091012737,153.21735454024653,571.9756091012737,1.0
1,435,148.29266630022389,563.3304820867099,143.29266630022389,558.3304820867099,153.29266630022389,568.3304820867099,1.0
1,436,145.4524719217815,560.053892628889,140.4524719217815,555.053892628889,150.4524719217815,565.053892628889,1.0
1,437,145.2139983870868,563.0689549603247,140.2139983870868,558.0689549603247,150.2139983870868,568.0689549603247,1.0
1,438,141.72383190111165,565.1702880513074,136.72383190111165,560.1702880513074,146.72383190111165,570.1702880513074,1.0
1,439,138.18502494434256,568.1938230171879,133.18502494434256,563.1938230171879,143.18502494434256,573.1938230171879,1.0
1,440,136.0175470433302,566.770556378297,131.0175470433302,561.770556378297,141.0175470433302,571.770556378297,1.0
1,441,135.96241090870907,570.5701545089163,130.96241090870907,565.5701545089163,140.96241090870907,575.5701545089163,1.0
1,442,135.64867222975502,577.8760752536725,130.64867222975502,572.8760752536725,140.64867222975502,582.8760752536725,1.0
1,443,136.59641941940296,582.7008308659025,131.59641941940296,577.7008308659025,141.59641941940296,587.7008308659025,1.0
1,444,134.9488949272973,585.9995506300728,129.9488949272973,580.9995506300728,139.9488949272973,590.9995506300728,1.0
1,445,134.89017662632023,587.3297184987703,129.89017662632023,582.3297184987703,139.89017662632023,592.3297184987703,1.0
1,446,132.81614381401894,587.7330265099218,127.81614381401894,582.7330265099218,137.81614381401894,592.7330265099218,1.0
1,447,132.24575816239002,587.6612552873945,127.24575816239002,582.6612552873945,137.24575816239002,592.6612552873945,1.0
1,448,134.5922413924787,586.5182851703635,129.5922413924787,581.5182851703635,139.5922413924787,591.5182851703635,1.0
1,449,137.35054296750855,583.5144142114718,132.35054296750855,578.5144142114718,142.35054296750855,588.5144142114718,1.0
1,450,138.5774277536661,579.0756000374345,133.5774277536661,574.0756000374345,143.5774277536661,584.0756000374345,1.0
1,451,140.4206738883091,580.7656700486099,135.4206738883091,575.7656700486099,145.4206738883091,585.7656700486099,1.0
1,452,140.91737801497862,580.1387879935296,135.91737801497862,575.1387879935296,145.91737801497862,585.1387879935296,1.0
1,453,141.1887713234612,579.8071941263977,136.1887713234612,574.8071941263977,146.1887713234612,584.8071941263977,1.0
1,454,140.44866989874592,582.4647666313983,135.44866989874592,577.4647666313983,145.44866989874592,587.4647666313983,1.0
1,455,140.76808506116586,581.6146001904724,135.76808506116586,576.6146001904724,145.76808506116586,586.6146001904724,1.0
1,456,137.68157430596645,584.3697582715682,132.68157430596645,579.3697582715682,142.68157430596645,589.3697582715682,1.0
1,457,135.5878995470235,585.1328925052858,130.5878995470235,580.1328925052858,140.5878995470235,590.1328925052858,1.0
1,458,131.4540840195204,583.8242507292277,126.4540840195204,578.8242507292277,136.4540840195204,588.8242507292277,1.0
1,459,131.0852406478318,584.3683432968917,126.0852406478318,579.3683432968917,136.0852406478318,589.3683432968917,1.0
1,460,128.58650624263612,585.158448835076,123.58650624263612,580.158448835076,133.58650624263612,590.158448835076,1.0
1,461,130.07826959449585,586.8463720789492,125.07826959449585,581.8463720789492,135.07826959449585,591.8463720789492,1.0
1,462,129.86870903407242,586.4935696462937,124.86870903407242,581.4935696462937,134.86870903407242,591.4935696462937,1.0
1,463,128.44173363903175,586.1216625360174,123.44173363903175,581.1216625360174,133.44173363903175,591.1216625360174,1.0
1,464,124.21093488472889,586.3945286962071,119.21093488472889,581.3945286962071,129.21093488472889,591.3945286962071,1.0
1,465,124.04864190515543,585.6526621423848,119.04864190515543,580.6526621423848,129.04864190515542,590.6526621423848,1.0
1,466,126.13124149099106,583.6624251989665,121.13124149099106,578.6624251989665,131.13124149099104,588.6624251989665,1.0
1,467,125.03804188764354,582.5253606962892,120.03804188764354,577.5253606962892,130.03804188764354,587.5253606962892,1.0
1,468,123.04942292762343,578.0683659800704,118.04942292762343,573.0683659800704,128.04942292762343,583.0683659800704,1.0
1,469,119.8881897301273,578.4909308505771,114.8881897301273,573.4909308505771,124.8881897301273,583.4909308505771,1.0
1,470,118.71324927053568,580.591366877203,113.71324927053568,575.591366877203,123.71324927053568,585.591366877203,1.0
1,471,115.97482051197026,583.8050991198771,110.97482051197026,578.8050991198771,120.97482051197026,588.8050991198771,1.0
1,472,112.04305182316575,586.4092051277987,107.04305182316575,581.4092051277987,117.04305182316575,591.4092051277987,1.0
1,473,112.44344394871348,588.2160230342492,107.44344394871348,583.2160230342492,117.44344394871348,593.2160230342492,1.0
1,474,109.41238274367714,588.9000911097287,104.41238274367714,583.9000911097287,114.41238274367714,593.9000911097287,1.0
1,475,109.095936102232,592.782411333315,104.095936102232,587.782411333315,114.095936102232,597.782411333315,1.0
1,476,108.61352680873318,593.736734328313,103.61352680873318,588.736734328313,113.61352680873318,598.736734328313,1.0
1,477,107.07554679595295,597.8490569592677,102.07554679595295,592.8490569592677,112.07554679595295,602.8490569592677,1.0
1,478,104.88662236611566,601.1157221153018,99.88662236611566,596.1157221153018,109.88662236611566,606.1157221153018,1.0
1,479,103.05985597975496,603.7291211384202,98.05985597975496,598.7291211384202,108.05985597975496,608.7291211384202,1.0
1,480,100.34914601724677,604.2744888444336,95.34914601724677,599.2744888444336,105.34914601724677,609.2744888444336,1.0
1,481,97.63417192266218,606.9491167159078,92.63417192266218,601.9491167159078,102.63417192266218,611.9491167159078,1.0
1,482,93.54954180493682,605.6078449736559,88.54954180493682,600.6078449736559,98.54954180493682,610.6078449736559,1.0
1,483,91.21240731618785,606.524394128038,86.21240731618785,601.524394128038,96.21240731618785,611.524394128038,1.0
1,484,88.21153880203283,608.1575678132015,83.21153880203283,603.1575678132015,93.21153880203283,613.1575678132015,1.0
1,485,85.63062459463241,608.8026530855605,80.63062459463241,603.8026530855605,90.63062459463241,613.8026530855605,1.0
1,486,84.40049779736646,610.1252561822662,79.40049779736646,605.1252561822662,89.40049779736646,615.1252561822662,1.0
1,487,84.28616973298702,610.9440223477941,79.28616973298702,605.9440223477941,89.28616973298702,615.9440223477941,1.0
1,488,82.21235878703773,612.0403980912399,77.21235878703773,607.0403980912399,87.21235878703773,617.0403980912399,1.0
1,489,78.89918032295901,610.8235340538408,73.89918032295901,605.8235340538408,83.89918032295901,615.8235340538408,1.0
1,490,81.11738054213876,611.6110028196891,76.11738054213876,606.6110028196891,86.11738054213876,616.6110028196891,1.0
1,491,79.70600698184134,611.8950473293762,74.70600698184134,606.8950473293762,84.70600698184134,616.8950473293762,1.0
1,492,78.93101100319342,613.0350493739984,73.93101100319342,608.0350493739984,83.93101100319342,618.0350493739984,1.0
1,493,79.01884605312992,610.7343775839416,74.01884605312992,605.7343775839416,84.01884605312992,615.7343775839416,1.0
1,494,78.65188748094842,607.5252211127909,73.65188748094842,602.5252211127909,83.65188748094842,612.5252211127909,1.0
1,495,76.91152012206871,605.4932916721414,71.91152012206871,600.4932916721414,81.91152012206871,610.4932916721414,1.0
1,496,74.63250903783731,602.4557772057202,69.63250903783731,597.4557772057202,79.63250903783731,607.4557772057202,1.0
1,497,71.29729123919687,599.7389613747391,66.29729123919687,594.7389613747391,76.29729123919687,604.7389613747391,1.0
1,498,66.73661701810005,597.8524704094998,61.73661701810005,592.8524704094998,71.73661701810005,602.8524704094998,1.0
1,499,64.25213749611919,599.3976179987424,59.25213749611919,594.3976179987424,69.25213749611919,604.3976179987424,1.0
1,500,64.9651644811044,599.466228567991,59.965164481104395,594.466228567991,69.9651644811044,604.466228567991,1.0
1,501,63.3659778483256,601.2820707704983,58.3659778483256,596.2820707704983,68.3659778483256,606.2820707704983,1.0
1,502,63.71549538392176,601.2976232055876,58.71549538392176,596.2976232055876,68.71549538392176,606.2976232055876,1.0
1,503,61.45214527962173,601.3375917898481,56.45214527962173,596.3375917898481,66.45214527962173,606.3375917898481,1.0
1,504,61.25198211733988,604.8079306075972,56.25198211733988,599.8079306075972,66.25198211733988,609.8079306075972,1.0
1,505,60.46670089469778,605.6713969788515,55.46670089469778,600.6713969788515,65.46670089469778,610.6713969788515,1.0
1,506,59.81855463399967,606.9988224068027,54.81855463399967,601.9988224068027,64.81855463399967,611.9988224068027,1.0
1,507,60.96629514656874,603.7306495802848,55.96629514656874,598.7306495802848,65.96629514656874,608.7306495802848,1.0
1,508,63.37290200367133,603.5287202566872,58.37290200367133,598.5287202566872,68.37290200367133,608.5287202566872,1.0
1,509,63.01124409398271,600.2224450558208,58.01124409398271,595.2224450558208,68.01124409398271,605.2224450558208,1.0
1,510,64.9686847136375,600.4884141212626,59.9686847136375,595.4884141212626,69.9686847136375,605.4884141212626,1.0
1,511,63.464123382802356,597.4002831814362,58.464123382802356,592.4002831814362,68.46412338280236,602.4002831814362,1.0
1,512,60.40986463058994,600.2526747073016,55.40986463058994,595.2526747073016,65.40986463058994,605.2526747073016,1.0
1,513,58.297826720017554,602.5798199853027,53.297826720017554,597.5798199853027,63.297826720017554,607.5798199853027,1.0
1,514,56.61456122270418,604.5617044425628,51.61456122270418,599.5617044425628,61.61456122270418,609.5617044425628,1.0
1,515,54.21456865205788,604.291709388649,49.21456865205788,599.291709388649,59.21456865205788,609.291709388649,1.0
1,516,54.93793662480208,601.046787306892,49.93793662480208,596.046787306892,59.93793662480208,606.046787306892,1.0
1,517,56.46158227164693,597.0285995520762,51.46158227164693,592.0285995520762,61.46158227164693,602.0285995520762,1.0
1,518,57.044640836427206,595.6966464847573,52.044640836427206,590.6966464847573,62.044640836427206,600.6966464847573,1.0
1,519,55.784650200727526,598.3116712184382,50.784650200727526,593.3116712184382,60.784650200727526,603.3116712184382,1.0
1,520,56.63565108955531,599.451939403386,51.63565108955531,594.451939403386,61.63565108955531,604.451939403386,1.0
1,521,57.86376095070307,602.1725647505245,52.86376095070307,597.1725647505245,62.86376095070307,607.1725647505245,1.0
1,522,58.1564995847325,603.9817949664175,53.1564995847325,598.9817949664175,63.1564995847325,608.9817949664175,1.0
1,523,56.355971961477536,606.9464149350155,51.355971961477536,601.9464149350155,61.355971961477536,611.9464149350155,1.0
1,524,55.85419200078459,609.0402472591961,50.85419200078459,604.0402472591961,60.85419200078459,614.0402472591961,1.0
1,525,57.44189969113684,614.5837279559548,52.44189969113684,609.5837279559548,62.44189969113684,619.5837279559548,1.0
1,526,59.25457293427648,619.5197449834751,54.25457293427648,614.5197449834751,64.25457293427648,624.5197449834751,1.0
1,527,60.29166090928237,620.1431961574405,55.29166090928237,615.1431961574405,65.29166090928237,625.1431961574405,1.0
1,528,62.687938458776785,619.8444570269379,57.687938458776785,614.8444570269379,67.68793845877678,624.8444570269379,1.0
1,529,65.95607047786397,619.880782317818,60.956070477863975,614.880782317818,70.95607047786397,624.880782317818,1.0
1,530,69.27286373521217,617.9172257882253,64.27286373521217,612.9172257882253,74.27286373521217,622.9172257882253,1.0
1,531,70.04300411614193,615.8579693690112,65.04300411614193,610.8579693690112,75.04300411614193,620.8579693690112,1.0
1,532,70.23307786210103,613.3761166631174,65.23307786210103,608.3761166631174,75.23307786210103,618.3761166631174,1.0
1,533,72.63732765040315,614.1246380986443,67.63732765040315,609.1246380986443,77.63732765040315,619.1246380986443,1.0
1,534,74.26299498788185,613.4018654731774,69.26299498788185,608.4018654731774,79.26299498788185,618.4018654731774,1.0
1,535,75.13168783387046,610.2406851576166,70.13168783387046,605.2406851576166,80.13168783387046,615.2406851576166,1.0
1,536,72.53117310523524,610.4974651295288,67.53117310523524,605.4974651295288,77.53117310523524,615.4974651295288,1.0
1,537,72.33080544912062,610.5932133657222,67.33080544912062,605.5932133657222,77.33080544912062,615.5932133657222,1.0
1,538,72.7062669082152,609.1044950289684,67.7062669082152,604.1044950289684,77.7062669082152,614.1044950289684,1.0
1,539,69.39941738314184,607.4168247920916,64.39941738314184,602.4168247920916,74.39941738314184,612.4168247920916,1.0
1,540,70.59021548832544,606.023975827369,65.59021548832544,601.023975827369,75.59021548832544,611.023975827369,1.0
1,541,72.25112262484001,605.1566069399266,67.25112262484001,600.1566069399266,77.25112262484001,610.1566069399266,1.0
1,542,74.26642158982459,606.3510936399571,69.26642158982459,601.3510936399571,79.26642158982459,611.3510936399571,1.0
1,543,78.72669511465337,606.2111564596397,73.72669511465337,601.2111564596397,83.72669511465337,611.2111564596397,1.0
1,544,77.19855213227595,608.749880140073,72.19855213227595,603.749880140073,82.19855213227595,613.749880140073,1.0
1,545,77.82887795990843,609.4090181373232,72.82887795990843,604.4090181373232,82.82887795990843,614.4090181373232,1.0
1,546,81.58762387228133,608.717140496433,76.58762387228133,603.717140496433,86.58762387228133,613.717140496433,1.0
1,547,82.32943885760321,608.9635798525492,77.32943885760321,603.9635798525492,87.32943885760321,613.9635798525492,1.0
1,548,85.19684721323797,608.2934203854619,80.19684721323797,603.2934203854619,90.19684721323797,613.2934203854619,1.0
1,549,88.0864561705178,605.7536056548173,83.0864561705178,600.7536056548173,93.0864561705178,610.7536056548173,1.0
1,550,88.87236982370968,603.705887251974,83.87236982370968,598.705887251974,93.87236982370968,608.705887251974,1.0
1,551,89.96866509675581,600.6386899514389,84.96866509675581,595.6386899514389,94.96866509675581,605.6386899514389,1.0
1,552,89.3918091455459,601.0297976941646,84.3918091455459,596.0297976941646,94.3918091455459,606.0297976941646,1.0
1,553,92.34435110355085,600.2708068505631,87.34435110355085,595.2708068505631,97.34435110355085,605.2708068505631,1.0
1,554,89.67726360017495,601.6829847949508,84.67726360017495,596.6829847949508,94.67726360017495,606.6829847949508,1.0
1,555,90.04762353441564,603.045731205767,85.04762353441564,598.045731205767,95.04762353441564,608.045731205767,1.0
1,556,88.70911024801583,605.7153374178961,83.70911024801583,600.7153374178961,93.70911024801583,610.7153374178961,1.0
1,557,88.04090296602224,603.0608442972282,83.04090296602224,598.0608442972282,93.04090296602224,608.0608442972282,1.0
1,558,87.58583771065389,601.9955047083091,82.58583771065389,596.9955047083091,92.58583771065389,606.9955047083091,1.0
1,559,85.66165352502784,597.9461590217886,80.66165352502784,592.9461590217886,90.66165352502784,602.9461590217886,1.0
1,560,86.52027231667137,598.0649072234265,81.52027231667137,593.0649072234265,91.52027231667137,603.0649072234265,1.0
1,561,84.24055220143939,594.1669254334495,79.24055220143939,589.1669254334495,89.24055220143939,599.1669254334495,1.0
1,562,82.53880773287989,591.172246853127,77.53880773287989,586.172246853127,87.53880773287989,596.172246853127,1.0
1,563,81.9546710172762,587.9584112744753,76.9546710172762,582.9584112744753,86.9546710172762,592.9584112744753,1.0
1,564,81.11558458713156,584.4739384267111,76.11558458713156,579.4739384267111,86.11558458713156,589.4739384267111,1.0
1,565,79.72024263830795,580.4855742544238,74.72024263830795,575.4855742544238,84.72024263830795,585.4855742544238,1.0
1,566,77.20008615615711,579.689377477677,72.20008615615711,574.689377477677,82.20008615615711,584.689377477677,1.0
1,567,76.79006998207271,580.0892518109418,71.79006998207271,575.0892518109418,81.79006998207271,585.0892518109418,1.0
1,568,77.86880134917946,579.3406138412079,72.86880134917946,574.3406138412079,82.86880134917946,584.3406138412079,1.0
1,569,78.8284785132957,577.4893293089704,73.8284785132957,572.4893293089704,83.8284785132957,582.4893293089704,1.0
1,570,77.49161898234343,577.0387136299893,72.49161898234343,572.0387136299893,82.49161898234343,582.0387136299893,1.0
1,571,75.12345362962661,574.2579915788122,70.12345362962661,569.2579915788122,80.12345362962661,579.2579915788122,1.0
1,572,73.55283202960969,571.4562313933543,68.55283202960969,566.4562313933543,78.55283202960969,576.4562313933543,1.0
1,573,70.29422579269828,567.2648800799313,65.29422579269828,562.2648800799313,75.29422579269828,572.2648800799313,1.0
1,574,68.57203863635935,564.5663952560321,63.57203863635935,559.5663952560321,73.57203863635935,569.5663952560321,1.0
1,575,66.4139918397741,561.2133322460594,61.4139918397741,556.2133322460594,71.4139918397741,566.2133322460594,1.0
1,576,65.56757867905952,561.4363171054272,60.56757867905952,556.4363171054272,70.56757867905952,566.4363171054272,1.0
1,577,62.94949810688617,556.9256217595753,57.94949810688617,551.9256217595753,67.94949810688617,561.9256217595753,1.0
1,578,60.318606680841896,556.3094543883483,55.318606680841896,551.3094543883483,65.3186066808419,561.3094543883483,1.0
1,579,62.39899428436185,555.8907673374972,57.39899428436185,550.8907673374972,67.39899428436185,560.8907673374972,1.0
1,580,63.3387313333409,555.5723409107532,58.3387313333409,550.5723409107532,68.3387313333409,560.5723409107532,1.0
1,581,59.96539586791934,559.2991601499908,54.96539586791934,554.2991601499908,64.96539586791934,564.2991601499908,1.0
1,582,59.0032340947362,562.2780338871295,54.0032340947362,557.2780338871295,64.0032340947362,567.2780338871295,1.0
1,583,58.409837986335305,562.9655489734154,53.409837986335305,557.9655489734154,63.409837986335305,567.9655489734154,1.0
1,584,57.5961675682513,562.9252751023539,52.5961675682513,557.9252751023539,62.5961675682513,567.9252751023539,1.0
1,585,56.88755569528941,559.9775739544966,51.88755569528941,554.9775739544966,61.88755569528941,564.9775739544966,1.0
1,586,52.104372231421266,558.1744017501495,47.104372231421266,553.1744017501495,57.104372231421266,563.1744017501495,1.0
1,587,52.84270574057339,555.2423398712327,47.84270574057339,550.2423398712327,57.84270574057339,560.2423398712327,1.0
1,588,50.56518927359107,547.9551702893198,45.56518927359107,542.9551702893198,55.56518927359107,552.9551702893198,1.0
1,589,47.72413882911836,539.6330360978723,42.72413882911836,534.6330360978723,52.72413882911836,544.6330360978723,1.0
1,590,43.94185269795392,537.3226583412234,38.94185269795392,532.3226583412234,48.94185269795392,542.3226583412234,1.0
1,591,43.688228095293695,535.1655773463804,38.688228095293695,530.1655773463804,48.688228095293695,540.1655773463804,1.0
1,592,42.46612767445173,531.3034518693313,37.46612767445173,526.3034518693313,47.46612767445173,536.3034518693313,1.0
1,593,40.40218639086417,532.3299422863017,35.40218639086417,527.3299422863017,45.40218639086417,537.3299422863017,1.0
1,594,39.383394821055816,528.1369305153066,34.383394821055816,523.1369305153066,44.383394821055816,533.1369305153066,1.0
1,595,40.221417094471036,525.1343560623252,35.221417094471036,520.1343560623252,45.221417094471036,530.1343560623252,1.0
1,596,40.048429626333515,523.092040338238,35.048429626333515,518.092040338238,45.048429626333515,528.092040338238,1.0
1,597,41.357893732536766,519.8147029599334,36.357893732536766,514.8147029599334,46.357893732536766,524.8147029599334,1.0
1,598,44.655757409090214,518.3523561720644,39.655757409090214,513.3523561720644,49.655757409090214,523.3523561720644,1.0
1,599,48.17362345585141,518.1395682665935,43.17362345585141,513.1395682665935,53.17362345585141,523.1395682665935,1.0
1,600,51.89001504775848,519.5459003443465,46.89001504775848,514.5459003443465,56.89001504775848,524.5459003443465,1.0
1,601,50.7601918855724,522.2206780306385,45.7601918855724,517.2206780306385,55.7601918855724,527.2206780306385,1.0
1,602,51.6282656375046,521.7243944287566,46.6282656375046,516.7243944287566,56.6282656375046,526.7243944287566,1.0
1,603,48.92551659663769,522.4279523841442,43.92551659663769,517.4279523841442,53.92551659663769,527.4279523841442,1.0
1,604,47.21256386194261,525.3659894491923,42.21256386194261,520.3659894491923,52.21256386194261,530.3659894491923,1.0
1,605,45.440953686684736,526.4723059281057,40.440953686684736,521.4723059281057,50.440953686684736,531.4723059281057,1.0
1,606,44.945957278029354,525.3965439936273,39.945957278029354,520.3965439936273,49.945957278029354,530.3965439936273,1.0
1,607,43.004414615447544,524.5139722857501,38.004414615447544,519.5139722857501,48.004414615447544,529.5139722857501,1.0
1,608,45.66588063020998,524.60033064235,40.66588063020998,519.60033064235,50.66588063020998,529.60033064235,1.0
1,609,42.795822282873914,525.1157642618774,37.795822282873914,520.1157642618774,47.795822282873914,530.1157642618774,1.0
1,610,40.0438465713645,528.3584797440913,35.0438465713645,523.3584797440913,45.0438465713645,533.3584797440913,1.0
1,611,37.937294529177464,530.4694762332358,32.937294529177464,525.4694762332358,42.937294529177464,535.4694762332358,1.0
1,612,36.29628744333536,529.8423001930839,31.29628744333536,524.8423001930839,41.29628744333536,534.8423001930839,1.0
1,613,36.15495880320552,529.5135998443968,31.154958803205517,524.5135998443968,41.15495880320552,534.5135998443968,1.0
1,614,33.12776848199914,531.9445947800269,28.12776848199914,526.9445947800269,38.12776848199914,536.9445947800269,1.0
1,615,29.77385721578024,531.3812213873653,24.77385721578024,526.3812213873653,34.77385721578024,536.3812213873653,1.0
1,616,26.438253121813247,533.8512207338249,21.438253121813247,528.8512207338249,31.438253121813247,538.8512207338249,1.0
1,617,24.29998480369757,534.8601588489643,19.29998480369757,529.8601588489643,29.29998480369757,539.8601588489643,1.0
1,618,23.08988273773778,532.4072486380906,18.08988273773778,527.4072486380906,28.08988273773778,537.4072486380906,1.0
1,619,24.5521939671183,530.5493568623816,19.5521939671183,525.5493568623816,29.5521939671183,535.5493568623816,1.0
1,620,26.180518901536786,523.6422197055215,21.180518901536786,518.6422197055215,31.180518901536786,528.6422197055215,1.0
1,621,26.197073162227696,519.1674142193215,21.197073162227696,514.1674142193215,31.197073162227696,524.1674142193215,1.0
1,622,26.55055812078767,514.9429609083876,21.55055812078767,509.9429609083876,31.55055812078767,519.9429609083876,1.0
1,623,29.73680023702201,511.7516194227468,24.73680023702201,506.7516194227468,34.73680023702201,516.7516194227468,1.0
1,624,30.783645804602173,508.08421499331985,25.783645804602173,503.08421499331985,35.78364580460217,513.0842149933198,1.0
1,625,29.01365782589268,505.1336731440476,24.01365782589268,500.1336731440476,34.01365782589268,510.1336731440476,1.0
1,626,30.763946852348056,500.21089556202304,25.763946852348056,495.21089556202304,35.763946852348056,505.21089556202304,1.0
1,627,30.21244958930221,500.1415852030335,25.21244958930221,495.1415852030335,35.21244958930221,505.1415852030335,1.0
1,628,31.16540049857312,505.34690205933475,26.16540049857312,500.34690205933475,36.16540049857312,510.34690205933475,1.0
1,629,30.686753014774425,507.81827682471703,25.686753014774425,502.81827682471703,35.686753014774425,512.818276824717,1.0
1,630,29.54636550249458,506.2259406270708,24.54636550249458,501.2259406270708,34.54636550249458,511.2259406270708,1.0
1,631,27.343243881010267,509.2678430778241,22.343243881010267,504.2678430778241,32.34324388101027,514.2678430778242,1.0
1,632,24.39202414834152,510.5098737246923,19.39202414834152,505.5098737246923,29.39202414834152,515.5098737246923,1.0
1,633,26.1709146074717,516.275672516945,21.1709146074717,511.27567251694495,31.1709146074717,521.275672516945,1.0
1,634,27.617661314477658,521.8627265226872,22.617661314477658,516.8627265226872,32.61766131447766,526.8627265226872,1.0
1,635,27.91737973984226,527.5181212848216,22.91737973984226,522.5181212848216,32.91737973984226,532.5181212848216,1.0
1,636,31.66404008153853,529.6493846855819,26.66404008153853,524.6493846855819,36.66404008153853,534.6493846855819,1.0
1,637,31.157279367783516,533.5996286375321,26.157279367783516,528.5996286375321,36.15727936778352,538.5996286375321,1.0
1,638,30.238731159907417,537.4329458762329,25.238731159907417,532.4329458762329,35.23873115990742,542.4329458762329,1.0
1,639,31.621819714152252,539.8564430313032,26.621819714152252,534.8564430313032,36.62181971415225,544.8564430313032,1.0
1,640,31.88718762105765,542.7549492115597,26.88718762105765,537.7549492115597,36.88718762105765,547.7549492115597,1.0
1,641,32.15490217304807,548.0779784568982,27.15490217304807,543.0779784568982,37.15490217304807,553.0779784568982,1.0
1,642,35.55223667973338,548.0989659892264,30.552236679733383,543.0989659892264,40.55223667973338,553.0989659892264,1.0
1,643,35.83803227387136,550.0835093827,30.838032273871363,545.0835093827,40.83803227387136,555.0835093827,1.0
1,644,35.83597476747133,552.1704636072957,30.835974767471328,547.1704636072957,40.83597476747133,557.1704636072957,1.0
1,645,35.3393553827873,554.7475236123657,30.339355382787303,549.7475236123657,40.3393553827873,559.7475236123657,1.0
1,646,38.47309098807831,558.6678381203089,33.47309098807831,553.6678381203089,43.47309098807831,563.6678381203089,1.0
1,647,41.79611914668635,564.1514852840387,36.79611914668635,559.1514852840387,46.79611914668635,569.1514852840387,1.0
1,648,45.23257456499253,568.333100232068,40.23257456499253,563.333100232068,50.23257456499253,573.333100232068,1.0
1,649,44.99545533997852,572.1897471974464,39.99545533997852,567.1897471974464,49.99545533997852,577.1897471974464,1.0
1,650,43.41342822968015,578.3286205629764,38.41342822968015,573.3286205629764,48.41342822968015,583.3286205629764,1.0
1,651,42.1513551940469,580.0074038960751,37.1513551940469,575.0074038960751,47.1513551940469,585.0074038960751,1.0
1,652,42.00459080611125,579.7748183320944,37.00459080611125,574.7748183320944,47.00459080611125,584.7748183320944,1.0
1,653,41.93646621680702,580.0529166268034,36.93646621680702,575.0529166268034,46.93646621680702,585.0529166268034,1.0
1,654,41.338405301712825,580.4860551032363,36.338405301712825,575.4860551032363,46.338405301712825,585.4860551032363,1.0
1,655,40.873637976839916,581.9395612113145,35.873637976839916,576.9395612113145,45.873637976839916,586.9395612113145,1.0
1,656,39.779203864707696,583.9864553022924,34.779203864707696,578.9864553022924,44.779203864707696,588.9864553022924,1.0
1,657,36.58855479221576,588.0270936059198,31.58855479221576,583.0270936059198,41.58855479221576,593.0270936059198,1.0
1,658,34.09355454082309,589.004439608785,29.093554540823092,584.004439608785,39.09355454082309,594.004439608785,1.0
1,659,35.70822352669738,593.7139290814655,30.70822352669738,588.7139290814655,40.70822352669738,598.7139290814655,1.0
1,660,35.6429123932257,597.2267343674625,30.6429123932257,592.2267343674625,40.6429123932257,602.2267343674625,1.0
1,661,36.198148903709765,599.2095332858187,31.198148903709765,594.2095332858187,41.198148903709765,604.2095332858187,1.0
1,662,34.711298267111744,600.7476244750857,29.711298267111744,595.7476244750857,39.711298267111744,605.7476244750857,1.0
1,663,34.68853988792041,605.3688714442076,29.688539887920413,600.3688714442076,39.68853988792041,610.3688714442076,1.0
1,664,35.64976649941475,604.975130204869,30.649766499414753,599.975130204869,40.64976649941475,609.975130204869,1.0
1,665,34.973466170661666,604.577684506813,29.973466170661666,599.577684506813,39.973466170661666,609.577684506813,1.0
1,666,35.42647369768602,600.0524482054968,30.42647369768602,595.0524482054968,40.42647369768602,605.0524482054968,1.0
1,667,36.25314052521455,597.0217108562837,31.253140525214548,592.0217108562837,41.25314052521455,602.0217108562837,1.0
1,668,38.50153046944283,594.30868186416,33.50153046944283,589.30868186416,43.50153046944283,599.30868186416,1.0
1,669,39.967040324936065,591.7565260668954,34.967040324936065,586.7565260668954,44.967040324936065,596.7565260668954,1.0
1,670,45.10732496747771,590.6026951313102,40.10732496747771,585.6026951313102,50.10732496747771,595.6026951313102,1.0
1,671,48.95200390843985,588.8289784163319,43.95200390843985,583.8289784163319,53.95200390843985,593.8289784163319,1.0
1,672,52.76012710537316,585.241390463131,47.76012710537316,580.241390463131,57.76012710537316,590.241390463131,1.0
1,673,54.17661064064157,584.5161032273984,49.17661064064157,579.5161032273984,59.17661064064157,589.5161032273984,1.0
1,674,52.49527564213028,584.5423185491942,47.49527564213028,579.5423185491942,57.49527564213028,589.5423185491942,1.0
1,675,53.25737316346198,580.1894588869982,48.25737316346198,575.1894588869982,58.25737316346198,585.1894588869982,1.0
1,676,54.54949324195776,580.1792508170591,49.54949324195776,575.1792508170591,59.54949324195776,585.1792508170591,1.0
1,677,55.95868831431595,578.753436689148,50.95868831431595,573.753436689148,60.95868831431595,583.753436689148,1.0
1,678,56.72180630387929,578.0757860356957,51.72180630387929,573.0757860356957,61.72180630387929,583.0757860356957,1.0
1,679,58.35731769350146,577.5890797697914,53.35731769350146,572.5890797697914,63.35731769350146,582.5890797697914,1.0
1,680,57.29510327595277,574.6140428451645,52.29510327595277,569.6140428451645,62.29510327595277,579.6140428451645,1.0
1,681,58.51820026517886,573.8416782567577,53.51820026517886,568.8416782567577,63.51820026517886,578.8416782567577,1.0
1,682,60.0410868754017,573.3227201371134,55.0410868754017,568.3227201371134,65.0410868754017,578.3227201371134,1.0
1,683,60.53922171513946,575.5217835146859,55.53922171513946,570.5217835146859,65.53922171513946,580.5217835146859,1.0
1,684,60.76108853576763,576.6564985572566,55.76108853576763,571.6564985572566,65.76108853576763,581.6564985572566,1.0
1,685,60.150631463390454,576.5401676946574,55.150631463390454,571.5401676946574,65.15063146339045,581.5401676946574,1.0
1,686,59.79704382959932,577.8749518649066,54.79704382959932,572.8749518649066,64.79704382959932,582.8749518649066,1.0
1,687,61.2986352733202,577.4348566139165,56.2986352733202,572.4348566139165,66.2986352733202,582.4348566139165,1.0
1,688,59.65649667162691,577.498080787878,54.65649667162691,572.498080787878,64.65649667162691,582.498080787878,1.0
1,689,58.85240449876902,578.7754384868534,53.85240449876902,573.7754384868534,63.85240449876902,583.7754384868534,1.0
1,690,59.32415333393173,580.368717467469,54.32415333393173,575.368717467469,64.32415333393173,585.368717467469,1.0
1,691,62.70087791831595,581.639191945754,57.70087791831595,576.639191945754,67.70087791831595,586.639191945754,1.0
1,692,59.866893627132114,581.1415383535441,54.866893627132114,576.1415383535441,64.86689362713211,586.1415383535441,1.0
1,693,57.67325593621071,581.372051038681,52.67325593621071,576.372051038681,62.67325593621071,586.372051038681,1.0
1,694,57.67047565941752,579.574510031666,52.67047565941752,574.574510031666,62.67047565941752,584.574510031666,1.0
1,695,57.80531778041342,578.4993131816142,52.80531778041342,573.4993131816142,62.80531778041342,583.4993131816142,1.0
1,696,56.50701248470213,577.1294333237588,51.50701248470213,572.1294333237588,61.50701248470213,582.1294333237588,1.0
1,697,54.08103622832898,576.0416407076566,49.08103622832898,571.0416407076566,59.08103622832898,581.0416407076566,1.0
1,698,48.46017413755344,572.5611719644759,43.46017413755344,567.5611719644759,53.46017413755344,577.5611719644759,1.0
1,699,46.80894047606331,572.7715375825138,41.80894047606331,567.7715375825138,51.80894047606331,577.7715375825138,1.0
1,700,43.79853276126566,572.624839321587,38.79853276126566,567.624839321587,48.79853276126566,577.624839321587,1.0
1,701,40.39940961650112,570.4657603443636,35.39940961650112,565.4657603443636,45.39940961650112,575.4657603443636,1.0
1,702,37.20219543378225,568.1892127488854,32.20219543378225,563.1892127488854,42.20219543378225,573.1892127488854,1.0
1,703,37.25176301222383,567.192437330954,32.25176301222383,562.192437330954,42.25176301222383,572.192437330954,1.0
1,704,36.249720265483944,564.275219541249,31.249720265483944,559.275219541249,41.249720265483944,569.275219541249,1.0
1,705,31.47191963901679,565.1871993062246,26.47191963901679,560.1871993062246,36.47191963901679,570.1871993062246,1.0
1,706,30.267872111120838,569.4696156538106,25.267872111120838,564.4696156538106,35.26787211112084,574.4696156538106,1.0
1,707,29.195067601562428,570.0597021414866,24.195067601562428,565.0597021414866,34.19506760156243,575.0597021414866,1.0
1,708,29.76450021702459,572.5219229222306,24.76450021702459,567.5219229222306,34.76450021702459,577.5219229222306,1.0
1,709,28.982877761917095,570.7799313647087,23.982877761917095,565.7799313647087,33.982877761917095,575.7799313647087,1.0
1,710,29.83233317668089,570.5209373336544,24.83233317668089,565.5209373336544,34.83233317668089,575.5209373336544,1.0
1,711,30.19507342112216,568.5910462361323,25.19507342112216,563.5910462361323,35.19507342112216,573.5910462361323,1.0
1,712,31.488685608590018,569.4772416469324,26.488685608590018,564.4772416469324,36.48868560859002,574.4772416469324,1.0
1,713,30.840122956952086,569.6843889930955,25.840122956952086,564.6843889930955,35.84012295695209,574.6843889930955,1.0
1,714,29.261878911172076,573.3472177621383,24.261878911172076,568.3472177621383,34.261878911172076,578.3472177621383,1.0
1,715,28.846590940287655,574.8963707416498,23.846590940287655,569.8963707416498,33.846590940287655,579.8963707416498,1.0
1,716,28.09046700794285,574.0458366139411,23.09046700794285,569.0458366139411,33.09046700794285,579.0458366139411,1.0
1,717,28.1381375174129,576.3055217803294,23.1381375174129,571.3055217803294,33.1381375174129,581.3055217803294,1.0
1,718,27.675448750365945,579.1665632693469,22.675448750365945,574.1665632693469,32.675448750365945,584.1665632693469,1.0
1,719,23.49711220815236,582.9422273358787,18.49711220815236,577.9422273358787,28.49711220815236,587.9422273358787,1.0
1,720,19.568888775367796,589.3614267389834,14.568888775367796,584.3614267389834,24.568888775367796,594.3614267389834,1.0
1,721,15.813798139260768,594.2947959111902,10.813798139260768,589.2947959111902,20.81379813926077,599.2947959111902,1.0
1,722,12.535007448660267,597.851039463171,7.5350074486602665,592.851039463171,17.535007448660267,602.851039463171,1.0
1,723,13.451112944976018,601.5786153020663,8.451112944976018,596.5786153020663,18.451112944976018,606.5786153020663,1.0
1,724,14.106775101798306,602.7831609353534,9.106775101798306,597.7831609353534,19.106775101798306,607.7831609353534,1.0
1,725,14.419237198121408,600.9915672294005,9.419237198121408,595.9915672294005,19.419237198121408,605.9915672294005,1.0
1,726,17.022638188449022,602.4713043990337,12.022638188449022,597.4713043990337,22.022638188449022,607.4713043990337,1.0
1,727,20.55530296293648,602.6635615687807,15.55530296293648,597.6635615687807,25.55530296293648,607.6635615687807,1.0
1,728,22.45880917216671,604.6097577529229,17.45880917216671,599.6097577529229,27.45880917216671,609.6097577529229,1.0
1,729,25.468659124363285,607.4649890110467,20.468659124363285,602.4649890110467,30.468659124363285,612.4649890110467,1.0
1,730,24.193047129545278,612.2792816856713,19.193047129545278,607.2792816856713,29.193047129545278,617.2792816856713,1.0
1,731,22.166690848796136,613.4641416684166,17.166690848796136,608.4641416684166,27.166690848796136,618.4641416684166,1.0
1,732,19.158668394071654,614.4376007070815,14.158668394071654,609.4376007070815,24.158668394071654,619.4376007070815,1.0
1,733,18.20602439743952,615.376175658342,13.20602439743952,610.376175658342,23.20602439743952,620.376175658342,1.0
1,734,19.50623165463199,617.0023657619512,14.50623165463199,612.0023657619512,24.50623165463199,622.0023657619512,1.0
1,735,18.740740911699888,619.1437193846173,13.740740911699888,614.1437193846173,23.740740911699888,624.1437193846173,1.0
1,736,18.270247100192833,622.6499455598182,13.270247100192833,617.6499455598182,23.270247100192833,627.6499455598182,1.0
1,737,16.872520345589834,619.8454438752278,11.872520345589834,614.8454438752278,21.872520345589834,624.8454438752278,1.0
1,738,17.992315002502878,615.9400380851956,12.992315002502878,610.9400380851956,22.992315002502878,620.9400380851956,1.0
1,739,19.192334036197792,612.5599055512436,14.192334036197792,607.5599055512436,24.192334036197792,617.5599055512436,1.0
1,740,18.42379709074514,610.9987369321584,13.42379709074514,605.9987369321584,23.42379709074514,615.9987369321584,1.0
1,741,17.630744841067994,606.879920613947,12.630744841067994,601.879920613947,22.630744841067994,611.879920613947,1.0
1,742,15.732380473477633,604.540228182484,10.732380473477633,599.540228182484,20.732380473477633,609.540228182484,1.0
1,743,17.192116577014588,599.6091377642076,12.192116577014588,594.6091377642076,22.192116577014588,604.6091377642076,1.0
1,744,16.03687748338207,600.3141487828766,11.03687748338207,595.3141487828766,21.03687748338207,605.3141487828766,1.0
1,745,11.82544707673999,599.4124241051032,6.825447076739991,594.4124241051032,16.82544707673999,604.4124241051032,1.0
1,746,7.555301321050564,594.8352457257704,2.555301321050564,589.8352457257704,12.555301321050564,599.8352457257704,1.0
1,747,3.1173697719050892,595.0405934213172,-1.8826302280949108,590.0405934213172,8.11736977190509,600.0405934213172,1.0
1,748,2.834170070922312,592.7277391224857,-2.165829929077688,587.7277391224857,7.834170070922312,597.7277391224857,1.0
2,0,509.5,383.0,504.5,378.0,514.5,388.0,1.0
2,1,510.04032104661684,385.35917066161863,505.04032104661684,380.35917066161863,515.0403210466168,390.35917066161863,1.0
2,2,512.2564084175062,388.553644013143,507.25640841750624,383.553644013143,517.2564084175062,393.553644013143,1.0
2,3,514.6476569344434,391.2050946474881,509.6476569344434,386.2050946474881,519.6476569344434,396.2050946474881,1.0
2,4,515.9518016225766,391.38234438838305,510.95180162257657,386.38234438838305,520.9518016225766,396.38234438838305,1.0
2,5,517.0707863988076,392.66750850500847,512.0707863988076,387.66750850500847,522.0707863988076,397.66750850500847,1.0
2,6,516.9939179319102,393.95571925084477,511.99391793191023,388.95571925084477,521.9939179319102,398.95571925084477,1.0
2,7,517.6282742412956,394.1971446059685,512.6282742412956,389.1971446059685,522.6282742412956,399.1971446059685,1.0
2,8,518.6614991253541,396.0122117854801,513.6614991253541,391.0122117854801,523.6614991253541,401.0122117854801,1.0
2,9,519.7869203428736,397.1451921534726,514.7869203428736,392.1451921534726,524.7869203428736,402.1451921534726,1.0
2,10,520.9169981819078,397.47859628447395,515.9169981819078,392.47859628447395,525.9169981819078,402.47859628447395,1.0
2,11,522.2199527046095,398.5603156128648,517.2199527046095,393.5603156128648,527.2199527046095,403.5603156128648,1.0
2,12,522.6802385213404,400.71079451827575,517.6802385213404,395.71079451827575,527.6802385213404,405.71079451827575,1.0
2,13,523.9276615233806,402.9569654961074,518.9276615233806,397.9569654961074,528.9276615233806,407.9569654961074,1.0
2,14,525.4828244607256,405.6367782267548,520.4828244607256,400.6367782267548,530.4828244607256,410.6367782267548,1.0
2,15,525.9361422779805,407.74343424779784,520.9361422779805,402.74343424779784,530.9361422779805,412.74343424779784,1.0
2,16,529.6781835422634,409.7323395097118,524.6781835422634,404.7323395097118,534.6781835422634,414.7323395097118,1.0
2,17,532.3500498288485,411.34303535987016,527.3500498288485,406.34303535987016,537.3500498288485,416.34303535987016,1.0
2,18,533.4402792984321,411.1337846145064,528.4402792984321,406.1337846145064,538.4402792984321,416.1337846145064,1.0
2,19,534.3953252158572,410.30303870436006,529.3953252158572,405.30303870436006,539.3953252158572,415.30303870436006,1.0
2,20,536.2920535034963,408.643665017034,531.2920535034963,403.643665017034,541.2920535034963,413.643665017034,1.0
2,21,538.9963169239728,407.3087415827024,533.9963169239728,402.3087415827024,543.9963169239728,412.3087415827024,1.0
2,22,540.3402945361494,406.7665569450355,535.3402945361494,401.7665569450355,545.3402945361494,411.7665569450355,1.0
2,23,541.4326221657136,407.55658040192725,536.4326221657136,402.55658040192725,546.4326221657136,412.55658040192725,1.0
2,24,542.6341391547382,409.11690940625834,537.6341391547382,404.11690940625834,547.6341391547382,414.11690940625834,1.0
2,25,542.3395692271346,410.75953317994185,537.3395692271346,405.75953317994185,547.3395692271346,415.75953317994185,1.0
2,26,541.545664105252,410.6896426122439,536.545664105252,405.6896426122439,546.545664105252,415.6896426122439,1.0
2,27,541.5846538699763,410.6575880284159,536.5846538699763,405.6575880284159,546.5846538699763,415.6575880284159,1.0
2,28,541.8730833918269,411.4362674353935,536.8730833918269,406.4362674353935,546.8730833918269,416.4362674353935,1.0
2,29,542.9305406309351,413.6732016386298,537.9305406309351,408.6732016386298,547.9305406309351,418.6732016386298,1.0
2,30,543.5273538718005,415.3909148693034,538.5273538718005,410.3909148693034,548.5273538718005,420.3909148693034,1.0
2,31,544.6601797741379,416.8553517267003,539.6601797741379,411.8553517267003,549.6601797741379,421.8553517267003,1.0
2,32,543.9828500131741,417.2354498523864,538.9828500131741,412.2354498523864,548.9828500131741,422.2354498523864,1.0
2,33,544.2971490863414,416.36020756302815,539.2971490863414,411.36020756302815,549.2971490863414,421.36020756302815,1.0
2,34,544.4330183306672,415.5545380798192,539.4330183306672,410.5545380798192,549.4330183306672,420.5545380798192,1.0
2,35,544.6777375184522,414.1864966894515,539.6777375184522,409.1864966894515,549.6777375184522,419.1864966894515,1.0
2,36,545.025326051278,414.0203723170581,540.025326051278,409.0203723170581,550.025326051278,419.0203723170581,1.0
2,37,543.8396125554054,416.4425027043949,538.8396125554054,411.4425027043949,548.8396125554054,421.4425027043949,1.0
2,38,542.4941367662461,418.8217510339737,537.4941367662461,413.8217510339737,547.4941367662461,423.8217510339737,1.0
2,39,542.4097109920554,419.9241664696555,537.4097109920554,414.9241664696555,547.4097109920554,424.9241664696555,1.0
2,40,542.6219501988578,420.10408119114334,537.6219501988578,415.10408119114334,547.6219501988578,425.10408119114334,1.0
2,41,544.6481965774178,421.95050548420505,539.6481965774178,416.95050548420505,549.6481965774178,426.95050548420505,1.0
2,42,547.3650794154863,423.448966655964,542.3650794154863,418.448966655964,552.3650794154863,428.448966655964,1.0
2,43,550.4678365746489,423.7698313761419,545.4678365746489,418.7698313761419,555.4678365746489,428.7698313761419,1.0
2,44,553.68559712056,425.4062284191655,548.68559712056,420.4062284191655,558.68559712056,430.4062284191655,1.0
2,45,554.9716792072393,427.52349999235935,549.9716792072393,422.52349999235935,559.9716792072393,432.52349999235935,1.0
2,46,558.0146501227332,429.49812656856164,553.0146501227332,424.49812656856164,563.0146501227332,434.49812656856164,1.0
2,47,558.9243997067281,431.31010668831834,553.9243997067281,426.31010668831834,563.9243997067281,436.31010668831834,1.0
2,48,558.3135515956113,433.13222650710577,553.3135515956113,428.13222650710577,563.3135515956113,438.13222650710577,1.0
2,49,559.0936944098133,434.61205546667094,554.0936944098133,429.61205546667094,564.0936944098133,439.61205546667094,1.0
2,50,560.501094982882,436.734428317661,555.501094982882,431.734428317661,565.501094982882,441.734428317661,1.0
2,51,561.4961112093118,437.9198312593442,556.4961112093118,432.9198312593442,566.4961112093118,442.9198312593442,1.0
2,52,560.4185766885009,439.1964626065366,555.4185766885009,434.1964626065366,565.4185766885009,444.1964626065366,1.0
2,53,560.976859108856,440.49547924971904,555.976859108856,435.49547924971904,565.976859108856,445.49547924971904,1.0
2,54,563.8412685679115,441.8823801350918,558.8412685679115,436.8823801350918,568.8412685679115,446.8823801350918,1.0
2,55,565.9784314201129,442.82499753000053,560.9784314201129,437.82499753000053,570.9784314201129,447.82499753000053,1.0
2,56,569.1640289246265,445.06651580019496,564.1640289246265,440.06651580019496,574.1640289246265,450.06651580019496,1.0
2,57,571.3982183736259,445.2274502537614,566.3982183736259,440.2274502537614,576.3982183736259,450.2274502537614,1.0
2,58,574.1479315789699,443.7841753048008,569.1479315789699,438.7841753048008,579.1479315789699,448.7841753048008,1.0
2,59,575.8819162204793,441.90529911118745,570.8819162204793,436.90529911118745,580.8819162204793,446.90529911118745,1.0
2,60,579.113347036084,441.0483772245105,574.113347036084,436.0483772245105,584.113347036084,446.0483772245105,1.0
2,61,582.0773647247802,440.7490351449519,577.0773647247802,435.7490351449519,587.0773647247802,445.7490351449519,1.0
2,62,584.2265402375924,441.253262571824,579.2265402375924,436.253262571824,589.2265402375924,446.253262571824,1.0
2,63,586.7188544022102,442.77648370806844,581.7188544022102,437.77648370806844,591.7188544022102,447.77648370806844,1.0
2,64,587.7821795361589,442.9377786547561,582.7821795361589,437.9377786547561,592.7821795361589,447.9377786547561,1.0
2,65,586.7575199408786,443.7468835458447,581.7575199408786,438.7468835458447,591.7575199408786,448.7468835458447,1.0
2,66,586.7296427182513,444.0236146912095,581.7296427182513,439.0236146912095,591.7296427182513,449.0236146912095,1.0
2,67,587.5698289384324,444.08234065968304,582.5698289384324,439.08234065968304,592.5698289384324,449.08234065968304,1.0
2,68,588.5028526674851,444.6205875618885,583.5028526674851,439.6205875618885,593.5028526674851,449.6205875618885,1.0
2,69,589.7898185994502,445.8484898378565,584.7898185994502,440.8484898378565,594.7898185994502,450.8484898378565,1.0
2,70,590.5903918517671,445.4142737312039,585.5903918517671,440.4142737312039,595.5903918517671,450.4142737312039,1.0
2,71,590.5197849206158,444.166938580272,585.5197849206158,439.166938580272,595.5197849206158,449.166938580272,1.0
2,72,590.8229831133121,442.8558102819327,585.8229831133121,437.8558102819327,595.8229831133121,447.8558102819327,1.0
2,73,591.3487553471151,442.5994946556795,586.3487553471151,437.5994946556795,596.3487553471151,447.5994946556795,1.0
2,74,592.4493806473554,442.85066891700785,587.4493806473554,437.85066891700785,597.4493806473554,447.85066891700785,1.0
2,75,594.5972683359828,443.17518766367886,589.5972683359828,438.17518766367886,599.5972683359828,448.17518766367886,1.0
2,76,598.6459024189223,442.0723196111004,593.6459024189223,437.0723196111004,603.6459024189223,447.0723196111004,1.0
2,77,601.9564954784377,443.3773658760071,596.9564954784377,438.3773658760071,606.9564954784377,448.3773658760071,1.0
2,78,605.4808942703237,444.2685297185968,600.4808942703237,439.2685297185968,610.4808942703237,449.2685297185968,1.0
2,79,609.118298448288,445.1591214610379,604.118298448288,440.1591214610379,614.118298448288,450.1591214610379,1.0
2,80,610.3492329052976,447.2146926447358,605.3492329052976,442.2146926447358,615.3492329052976,452.2146926447358,1.0
2,81,611.7699555692558,450.3500315783228,606.7699555692558,445.3500315783228,616.7699555692558,455.3500315783228,1.0
2,82,613.0966247552989,454.09547385546193,608.0966247552989,449.09547385546193,618.0966247552989,459.09547385546193,1.0
2,83,613.488181970374,457.38977483166127,608.488181970374,452.38977483166127,618.488181970374,462.38977483166127,1.0
2,84,615.0456044087151,459.18339702049184,610.0456044087151,454.18339702049184,620.0456044087151,464.18339702049184,1.0
2,85,614.3039143315768,460.2459161293806,609.3039143315768,455.2459161293806,619.3039143315768,465.2459161293806,1.0
2,86,612.435417955024,461.5647133838037,607.435417955024,456.5647133838037,617.435417955024,466.5647133838037,1.0
2,87,610.9827371070357,463.00273223196075,605.9827371070357,458.00273223196075,615.9827371070357,468.00273223196075,1.0
2,88,609.6503814548935,463.0918058855137,604.6503814548935,458.0918058855137,614.6503814548935,468.0918058855137,1.0
2,89,608.0216092861393,465.0617083133004,603.0216092861393,460.0617083133004,613.0216092861393,470.0617083133004,1.0
2,90,606.5894814338058,467.0982528565794,601.5894814338058,462.0982528565794,611.5894814338058,472.0982528565794,1.0
2,91,605.6060245263246,468.4788970329599,600.6060245263246,463.4788970329599,610.6060245263246,473.4788970329599,1.0
2,92,603.8208594879744,469.001120407043,598.8208594879744,464.001120407043,608.8208594879744,474.001120407043,1.0
2,93,603.9423358181932,469.58061106516186,598.9423358181932,464.58061106516186,608.9423358181932,474.58061106516186,1.0
2,94,603.4902083746435,469.7531371575505,598.4902083746435,464.7531371575505,608.4902083746435,474.7531371575505,1.0
2,95,602.9759393267889,471.20304628154094,597.9759393267889,466.20304628154094,607.9759393267889,476.20304628154094,1.0
2,96,604.2679480970153,473.64354510307703,599.2679480970153,468.64354510307703,609.2679480970153,478.64354510307703,1.0
2,97,605.8163954692343,474.8065499427716,600.8163954692343,469.8065499427716,610.8163954692343,479.8065499427716,1.0
2,98,605.8478042738434,476.9314963248255,600.8478042738434,471.9314963248255,610.8478042738434,481.9314963248255,1.0
2,99,603.9513455170633,478.1915683393802,598.9513455170633,473.1915683393802,608.9513455170633,483.1915683393802,1.0
2,100,600.3888206026894,477.7941966845365,595.3888206026894,472.7941966845365,605.3888206026894,482.7941966845365,1.0
2,101,599.2687209566512,478.5144619797983,594.2687209566512,473.5144619797983,604.2687209566512,483.5144619797983,1.0
2,102,599.6789385670492,479.74660088811504,594.6789385670492,474.74660088811504,604.6789385670492,484.74660088811504,1.0
2,103,601.605487808657,481.79071091824375,596.605487808657,476.79071091824375,606.605487808657,486.79071091824375,1.0
2,104,602.7747503325004,483.792005526758,597.7747503325004,478.792005526758,607.7747503325004,488.792005526758,1.0
2,105,605.1036111326666,484.4498722423309,600.1036111326666,479.4498722423309,610.1036111326666,489.4498722423309,1.0
2,106,606.3747824419376,487.17030786779367,601.3747824419376,482.17030786779367,611.3747824419376,492.17030786779367,1.0
2,107,607.2810056598496,489.2255900764093,602.2810056598496,484.2255900764093,612.2810056598496,494.2255900764093,1.0
2,108,606.4276222134928,491.01486035509413,601.4276222134928,486.01486035509413,611.4276222134928,496.01486035509413,1.0
2,109,607.0934905958997,491.9943733614991,602.0934905958997,486.9943733614991,612.0934905958997,496.9943733614991,1.0
2,110,608.1679546428205,491.1670992744034,603.1679546428205,486.1670992744034,613.1679546428205,496.1670992744034,1.0
2,111,609.954058178874,490.79919961009176,604.954058178874,485.79919961009176,614.954058178874,495.79919961009176,1.0
2,112,611.1515935276884,491.1814971112359,606.1515935276884,486.1814971112359,616.1515935276884,496.1814971112359,1.0
2,113,613.8031974513543,491.96915748349795,608.8031974513543,486.96915748349795,618.8031974513543,496.96915748349795,1.0
2,114,615.4426481996204,494.20871196327516,610.4426481996204,489.20871196327516,620.4426481996204,499.20871196327516,1.0
2,115,615.6747569989822,494.87608784553765,610.6747569989822,489.87608784553765,620.6747569989822,499.87608784553765,1.0
2,116,615.2554808145247,494.7157519569445,610.2554808145247,489.7157519569445,620.2554808145247,499.7157519569445,1.0
2,117,614.7651796004436,494.45728148604013,609.7651796004436,489.45728148604013,619.7651796004436,499.45728148604013,1.0
2,118,614.537513362742,495.393488162349,609.537513362742,490.393488162349,619.537513362742,500.393488162349,1.0
2,119,614.2777258395868,496.6464131642356,609.2777258395868,491.6464131642356,619.2777258395868,501.6464131642356,1.0
2,120,616.9936280708856,498.4405901026306,611.9936280708856,493.4405901026306,621.9936280708856,503.4405901026306,1.0
2,121,617.3246647987748,500.223844186666,612.3246647987748,495.223844186666,622.3246647987748,505.223844186666,1.0
2,122,617.7914001933777,500.9132510206122,612.7914001933777,495.9132510206122,622.7914001933777,505.9132510206122,1.0
2,123,617.5634132806317,500.4257285599882,612.5634132806317,495.4257285599882,622.5634132806317,505.4257285599882,1.0
2,124,617.2516236457117,501.2259021367443,612.2516236457117,496.2259021367443,622.2516236457117,506.2259021367443,1.0
2,125,618.1243502871647,502.08478638555226,613.1243502871647,497.08478638555226,623.1243502871647,507.08478638555226,1.0
2,126,617.6723309160352,502.6377414784063,612.6723309160352,497.6377414784063,622.6723309160352,507.6377414784063,1.0
2,127,617.9950869539143,502.8970034364289,612.9950869539143,497.8970034364289,622.9950869539143,507.8970034364289,1.0
2,128,618.7035984435038,503.4805839949797,613.7035984435038,498.4805839949797,623.7035984435038,508.4805839949797,1.0
2,129,619.6422122494166,504.29023784968217,614.6422122494166,499.29023784968217,624.6422122494166,509.29023784968217,1.0
2,130,617.5271268094459,503.8277606296195,612.5271268094459,498.8277606296195,622.5271268094459,508.8277606296195,1.0
2,131,614.5940494981544,504.4963203936109,609.5940494981544,499.4963203936109,619.5940494981544,509.4963203936109,1.0
2,132,612.9966877822995,503.8648960715091,607.9966877822995,498.8648960715091,617.9966877822995,508.8648960715091,1.0
2,133,613.6712283454759,504.92783818966717,608.6712283454759,499.92783818966717,618.6712283454759,509.92783818966717,1.0
2,134,616.421913371989,506.1827155500259,611.421913371989,501.1827155500259,621.421913371989,511.1827155500259,1.0
2,135,618.2775396953922,507.93739436392303,613.2775396953922,502.93739436392303,623.2775396953922,512.937394363923,1.0
2,136,619.058473207827,509.9138776881654,614.058473207827,504.9138776881654,624.058473207827,514.9138776881655,1.0
2,137,618.4832080277814,511.96027697805937,613.4832080277814,506.96027697805937,623.4832080277814,516.9602769780594,1.0
2,138,618.3716097551115,513.3651614037117,613.3716097551115,508.3651614037117,623.3716097551115,518.3651614037117,1.0
2,139,618.3402147287934,513.8539079072407,613.3402147287934,508.8539079072407,623.3402147287934,518.8539079072407,1.0
2,140,617.3765502485245,513.7838912605325,612.3765502485245,508.7838912605325,622.3765502485245,518.7838912605325,1.0
2,141,617.3178830363116,513.8715263077411,612.3178830363116,508.8715263077411,622.3178830363116,518.8715263077411,1.0
2,142,618.2627406875574,512.8924145565484,613.2627406875574,507.8924145565484,623.2627406875574,517.8924145565484,1.0
2,143,619.4239211537669,512.4289891370328,614.4239211537669,507.4289891370328,624.4239211537669,517.4289891370328,1.0
2,144,621.0270378837248,513.2642819562236,616.0270378837248,508.2642819562236,626.0270378837248,518.2642819562236,1.0
2,145,621.0996682350835,515.3823108647802,616.0996682350835,510.38231086478015,626.0996682350835,520.3823108647802,1.0
2,146,620.803447081381,517.1161546436938,615.803447081381,512.1161546436938,625.803447081381,522.1161546436938,1.0
2,147,620.9880497611389,518.4059238011422,615.9880497611389,513.4059238011422,625.9880497611389,523.4059238011422,1.0
2,148,622.2107331913433,518.6567988670873,617.2107331913433,513.6567988670873,627.2107331913433,523.6567988670873,1.0
2,149,625.1721063617224,518.5085109992312,620.1721063617224,513.5085109992312,630.1721063617224,523.5085109992312,1.0
2,150,626.9960541506243,518.8342554172691,621.9960541506243,513.8342554172691,631.9960541506243,523.8342554172691,1.0
2,151,628.1607316100788,519.503650531361,623.1607316100788,514.503650531361,633.1607316100788,524.503650531361,1.0
2,152,628.3364386447911,519.7172188001398,623.3364386447911,514.7172188001398,633.3364386447911,524.7172188001398,1.0
2,153,628.1064764720228,519.064186242137,623.1064764720228,514.064186242137,633.1064764720228,524.064186242137,1.0
2,154,627.4499227378877,518.8121572247143,622.4499227378877,513.8121572247143,632.4499227378877,523.8121572247143,1.0
2,155,625.250085206567,518.0365030529473,620.250085206567,513.0365030529473,630.250085206567,523.0365030529473,1.0
2,156,622.7051543663412,517.3101049414729,617.7051543663412,512.3101049414729,627.7051543663412,522.3101049414729,1.0
2,157,623.3163046859032,515.2728860064133,618.3163046859032,510.2728860064133,628.3163046859032,520.2728860064133,1.0
2,158,625.517285277838,513.4852619771964,620.517285277838,508.4852619771964,630.517285277838,518.4852619771964,1.0
2,159,628.4779817961426,512.1186506088695,623.4779817961426,507.11865060886953,633.4779817961426,517.1186506088695,1.0
2,160,632.4632446242836,511.7586904739068,627.4632446242836,506.7586904739068,637.4632446242836,516.7586904739069,1.0
2,161,634.4937762840851,510.7970626443384,629.4937762840851,505.7970626443384,639.4937762840851,515.7970626443384,1.0
2,162,636.2877052723205,510.37275079944146,631.2877052723205,505.37275079944146,641.2877052723205,515.3727507994415,1.0
2,163,639.3587757485366,509.9120194381967,634.3587757485366,504.9120194381967,644.3587757485366,514.9120194381967,1.0
2,164,641.0529246683263,509.7680265190711,636.0529246683263,504.7680265190711,646.0529246683263,514.7680265190711,1.0
2,165,643.1313773650945,510.28905024126095,638.1313773650945,505.28905024126095,648.1313773650945,515.289050241261,1.0
2,166,643.2660035436204,510.0072753166942,638.2660035436204,505.0072753166942,648.2660035436204,515.0072753166942,1.0
2,167,644.4654211467208,509.7949369274565,639.4654211467208,504.7949369274565,649.4654211467208,514.7949369274565,1.0
2,168,645.952592163661,510.5681498788575,640.952592163661,505.5681498788575,650.952592163661,515.5681498788575,1.0
2,169,647.049898556005,510.85011039348126,642.049898556005,505.85011039348126,652.049898556005,515.8501103934813,1.0
2,170,649.1274475017715,512.3143560040495,644.1274475017715,507.3143560040495,654.1274475017715,517.3143560040495,1.0
2,171,653.0341257698415,513.9015000070804,648.0341257698415,508.90150000708036,658.0341257698415,518.9015000070804,1.0
2,172,654.520524028835,515.597291083277,649.520524028835,510.597291083277,659.520524028835,520.597291083277,1.0
2,173,656.2809030977012,516.732928175624,651.2809030977012,511.732928175624,661.2809030977012,521.732928175624,1.0
2,174,656.5340265537909,517.3557729087368,651.5340265537909,512.3557729087368,661.5340265537909,522.3557729087368,1.0
2,175,654.1846272335306,516.9776440518333,649.1846272335306,511.9776440518333,659.1846272335306,521.9776440518333,1.0
2,176,650.2406741817672,515.9377976523932,645.2406741817672,510.9377976523932,655.2406741817672,520.9377976523932,1.0
2,177,647.9392899365923,514.917086197348,642.9392899365923,509.917086197348,652.9392899365923,519.917086197348,1.0
2,178,649.3199048005018,513.2207511089841,644.3199048005018,508.22075110898413,654.3199048005018,518.2207511089841,1.0
2,179,648.7601241145201,510.3462681720474,643.7601241145201,505.3462681720474,653.7601241145201,515.3462681720474,1.0
2,180,648.1125672450639,508.84438062207187,643.1125672450639,503.84438062207187,653.1125672450639,513.8443806220719,1.0
2,181,647.3666569326105,506.79329697341984,642.3666569326105,501.79329697341984,652.3666569326105,511.79329697341984,1.0
2,182,646.570462368491,504.2617196726885,641.570462368491,499.2617196726885,651.570462368491,509.2617196726885,1.0
2,183,646.4450010504094,501.8954419683163,641.4450010504094,496.8954419683163,651.4450010504094,506.8954419683163,1.0
2,184,646.8203255313377,500.2829169378252,641.8203255313377,495.2829169378252,651.8203255313377,505.2829169378252,1.0
2,185,646.8107772714751,499.0046269113589,641.8107772714751,494.0046269113589,651.8107772714751,504.0046269113589,1.0
2,186,647.3869554506653,497.62201152242073,642.3869554506653,492.62201152242073,652.3869554506653,502.62201152242073,1.0
2,187,647.2484715139083,497.2803253499677,642.2484715139083,492.2803253499677,652.2484715139083,502.2803253499677,1.0
2,188,647.1934580247757,496.9841513541727,642.1934580247757,491.9841513541727,652.1934580247757,501.9841513541727,1.0
2,189,647.9607671755259,499.3023238470789,642.9607671755259,494.3023238470789,652.9607671755259,504.3023238470789,1.0
2,190,648.1389412994527,501.4534332830146,643.1389412994527,496.4534332830146,653.1389412994527,506.4534332830146,1.0
2,191,648.2131785010544,504.5284400025822,643.2131785010544,499.5284400025822,653.2131785010544,509.5284400025822,1.0
2,192,649.5975689272391,505.52552333341043,644.5975689272391,500.52552333341043,654.5975689272391,510.52552333341043,1.0
2,193,648.9605781536052,505.1200037118404,643.9605781536052,500.1200037118404,653.9605781536052,510.1200037118404,1.0
2,194,647.4090640156808,505.10852102862265,642.4090640156808,500.10852102862265,652.4090640156808,510.10852102862265,1.0
2,195,647.4607462653363,505.4751244940031,642.4607462653363,500.4751244940031,652.4607462653363,510.4751244940031,1.0
2,196,646.5924635285952,507.01166544650965,641.5924635285952,502.01166544650965,651.5924635285952,512.0116654465096,1.0
2,197,645.1544266948847,507.55660796805563,640.1544266948847,502.55660796805563,650.1544266948847,512.5566079680557,1.0
2,198,643.9975704261174,507.8862784728532,638.9975704261174,502.8862784728532,648.9975704261174,512.8862784728532,1.0
2,199,641.5196720308238,507.88593170897417,636.5196720308238,502.88593170897417,646.5196720308238,512.8859317089741,1.0
2,200,642.1639000950724,506.45630965178935,637.1639000950724,501.45630965178935,647.1639000950724,511.45630965178935,1.0
2,201,643.7100001506429,505.21795079967416,638.7100001506429,500.21795079967416,648.7100001506429,510.21795079967416,1.0
2,202,644.7282718623225,504.0147037320547,639.7282718623225,499.0147037320547,649.7282718623225,509.0147037320547,1.0
2,203,645.5661106521,501.90547113176507,640.5661106521,496.90547113176507,650.5661106521,506.90547113176507,1.0
2,204,647.144059947547,502.2545051555713,642.144059947547,497.2545051555713,652.144059947547,507.2545051555713,1.0
2,205,647.9891872139103,503.61181193056376,642.9891872139103,498.61181193056376,652.9891872139103,508.61181193056376,1.0
2,206,650.4570617588197,505.98792767332947,645.4570617588197,500.98792767332947,655.4570617588197,510.98792767332947,1.0
2,207,650.7923560613945,508.32385104450907,645.7923560613945,503.32385104450907,655.7923560613945,513.3238510445091,1.0
2,208,649.4170879671615,511.15548059775705,644.4170879671615,506.15548059775705,654.4170879671615,516.1554805977571,1.0
2,209,649.3920578165133,515.6810038648591,644.3920578165133,510.6810038648591,654.3920578165133,520.6810038648591,1.0
2,210,650.8664183183909,519.3782839159388,645.8664183183909,514.3782839159388,655.8664183183909,524.3782839159388,1.0
2,211,653.0492930402552,521.6127940245841,648.0492930402552,516.6127940245841,658.0492930402552,526.6127940245841,1.0
2,212,655.6173322406701,523.0987073442077,650.6173322406701,518.0987073442077,660.6173322406701,528.0987073442077,1.0
2,213,657.4197349936718,521.753136845661,652.4197349936718,516.753136845661,662.4197349936718,526.753136845661,1.0
2,214,660.0760204032151,518.8504900880789,655.0760204032151,513.8504900880789,665.0760204032151,523.8504900880789,1.0
2,215,662.8609597173626,514.5624161119928,657.8609597173626,509.5624161119928,667.8609597173626,519.5624161119928,1.0
2,216,664.1954871426778,510.2261396614532,659.1954871426778,505.2261396614532,669.1954871426778,515.2261396614532,1.0
2,217,664.187179907263,505.60084450427485,659.187179907263,500.60084450427485,669.187179907263,510.60084450427485,1.0
2,218,663.4122601379848,501.922128054898,658.4122601379848,496.922128054898,668.4122601379848,506.922128054898,1.0
2,219,664.6977699106861,499.43461394019926,659.6977699106861,494.43461394019926,669.6977699106861,504.43461394019926,1.0
2,220,663.7990516650784,497.00513717550535,658.7990516650784,492.00513717550535,668.7990516650784,502.00513717550535,1.0
2,221,663.7499058645482,494.5469022813578,658.7499058645482,489.5469022813578,668.7499058645482,499.5469022813578,1.0
2,222,662.1502510192962,491.369598698975,657.1502510192962,486.369598698975,667.1502510192962,496.369598698975,1.0
2,223,662.0285739993456,487.05538823866135,657.0285739993456,482.05538823866135,667.0285739993456,492.05538823866135,1.0
2,224,660.98611872901,483.6233094668841,655.98611872901,478.6233094668841,665.98611872901,488.6233094668841,1.0
2,225,659.8065162478779,482.4965606420635,654.8065162478779,477.4965606420635,664.8065162478779,487.4965606420635,1.0
2,226,660.4607195293449,480.41372710065525,655.4607195293449,475.41372710065525,665.4607195293449,485.41372710065525,1.0
2,227,661.1584107200547,478.94749559881177,656.1584107200547,473.94749559881177,666.1584107200547,483.94749559881177,1.0
2,228,661.870397464259,477.5984672720241,656.870397464259,472.5984672720241,666.870397464259,482.5984672720241,1.0
2,229,662.6558080547811,475.57831979837056,657.6558080547811,470.57831979837056,667.6558080547811,480.57831979837056,1.0
2,230,662.4776449203544,473.94995883967437,657.4776449203544,468.94995883967437,667.4776449203544,478.94995883967437,1.0
2,231,663.2433513347426,472.0064713893205,658.2433513347426,467.0064713893205,668.2433513347426,477.0064713893205,1.0
2,232,662.5770327066607,469.40475705509016,657.5770327066607,464.40475705509016,667.5770327066607,474.40475705509016,1.0
2,233,663.1077552926199,466.9353423739897,658.1077552926199,461.9353423739897,668.1077552926199,471.9353423739897,1.0
2,234,665.1603321604604,464.72334465754955,660.1603321604604,459.72334465754955,670.1603321604604,469.72334465754955,1.0
2,235,667.1357612984123,463.85767241158067,662.1357612984123,458.85767241158067,672.1357612984123,468.85767241158067,1.0
2,236,669.2204050734747,463.6647206685666,664.2204050734747,458.6647206685666,674.2204050734747,468.6647206685666,1.0
2,237,671.8754933191788,463.96410988565736,666.8754933191788,458.96410988565736,676.8754933191788,468.96410988565736,1.0
2,238,673.8343503157748,463.44316303795273,668.8343503157748,458.44316303795273,678.8343503157748,468.44316303795273,1.0
2,239,674.468437543608,463.6023497299002,669.468437543608,458.6023497299002,679.468437543608,468.6023497299002,1.0
2,240,675.1492061436898,463.28931056138316,670.1492061436898,458.28931056138316,680.1492061436898,468.28931056138316,1.0
2,241,677.3710252278175,462.79841567298223,672.3710252278175,457.79841567298223,682.3710252278175,467.79841567298223,1.0
2,242,679.5995298996822,462.18057301394356,674.5995298996822,457.18057301394356,684.5995298996822,467.18057301394356,1.0
2,243,680.2209102426815,461.8085561427664,675.2209102426815,456.8085561427664,685.2209102426815,466.8085561427664,1.0
2,244,679.9167798732325,461.0858971849833,674.9167798732325,456.0858971849833,684.9167798732325,466.0858971849833,1.0
2,245,680.6664776374218,460.6634160654712,675.6664776374218,455.6634160654712,685.6664776374218,465.6634160654712,1.0
2,246,680.3477184518335,460.7821836031029,675.3477184518335,455.7821836031029,685.3477184518335,465.7821836031029,1.0
2,247,680.7433156362488,461.351507517538,675.7433156362488,456.351507517538,685.7433156362488,466.351507517538,1.0
2,248,681.2368423194087,461.60046649672717,676.2368423194087,456.60046649672717,686.2368423194087,466.60046649672717,1.0
2,249,683.7743813822781,463.2964563527263,678.7743813822781,458.2964563527263,688.7743813822781,468.2964563527263,1.0
2,250,685.3348927624563,465.76194507944206,680.3348927624563,460.76194507944206,690.3348927624563,470.76194507944206,1.0
2,251,686.8937769466363,469.91585590935017,681.8937769466363,464.91585590935017,691.8937769466363,474.91585590935017,1.0
2,252,688.8061528826062,472.459304966126,683.8061528826062,467.459304966126,693.8061528826062,477.459304966126,1.0
2,253,690.1223814390906,474.9830243667802,685.1223814390906,469.9830243667802,695.1223814390906,479.9830243667802,1.0
2,254,690.7654283456361,476.33124837203195,685.7654283456361,471.33124837203195,695.7654283456361,481.33124837203195,1.0
2,255,692.1306386541396,476.39893433449515,687.1306386541396,471.39893433449515,697.1306386541396,481.39893433449515,1.0
2,256,691.5604253413809,477.4291273974584,686.5604253413809,472.4291273974584,696.5604253413809,482.4291273974584,1.0
2,257,690.3746616746821,477.01726526111804,685.3746616746821,472.01726526111804,695.3746616746821,482.01726526111804,1.0
2,258,688.7793252189226,476.61088779574413,683.7793252189226,471.61088779574413,693.7793252189226,481.61088779574413,1.0
2,259,688.2430474961014,475.57119248420304,683.2430474961014,470.57119248420304,693.2430474961014,480.57119248420304,1.0
2,260,688.3644371315588,473.69660977041997,683.3644371315588,468.69660977041997,693.3644371315588,478.69660977041997,1.0
2,261,686.9465079900516,473.3089717771781,681.9465079900516,468.3089717771781,691.9465079900516,478.3089717771781,1.0
2,262,686.5021929008753,474.40797479139025,681.5021929008753,469.40797479139025,691.5021929008753,479.40797479139025,1.0
2,263,687.354585891037,475.4089815289767,682.354585891037,470.4089815289767,692.354585891037,480.4089815289767,1.0
2,264,688.611973850365,474.91633365314624,683.611973850365,469.91633365314624,693.611973850365,479.91633365314624,1.0
2,265,689.2718443975025,474.28269818070163,684.2718443975025,469.28269818070163,694.2718443975025,479.28269818070163,1.0
2,266,689.242368953788,473.2436829535461,684.242368953788,468.2436829535461,694.242368953788,478.2436829535461,1.0
2,267,689.1868552461428,473.1264198592693,684.1868552461428,468.1264198592693,694.1868552461428,478.1264198592693,1.0
2,268,689.4890111103422,473.5897982206569,684.4890111103422,468.5897982206569,694.4890111103422,478.5897982206569,1.0
2,269,689.6730200461736,475.09226062652647,684.6730200461736,470.09226062652647,694.6730200461736,480.09226062652647,1.0
2,270,689.4326457696876,477.07205634096283,684.4326457696876,472.07205634096283,694.4326457696876,482.07205634096283,1.0
2,271,691.0921260044042,479.4581632084399,686.0921260044042,474.4581632084399,696.0921260044042,484.4581632084399,1.0
2,272,692.9780483691427,480.9098348121898,687.9780483691427,475.9098348121898,697.9780483691427,485.9098348121898,1.0
2,273,694.0787573187733,480.10596023360563,689.0787573187733,475.10596023360563,699.0787573187733,485.10596023360563,1.0
2,274,694.8184846476795,479.8881024373726,689.8184846476795,474.8881024373726,699.8184846476795,484.8881024373726,1.0
2,275,695.336536352637,478.46249091429,690.336536352637,473.46249091429,700.336536352637,483.46249091429,1.0
2,276,695.6510553428603,477.23838970485485,690.6510553428603,472.23838970485485,700.6510553428603,482.23838970485485,1.0
2,277,695.1347376569843,476.4447847674613,690.1347376569843,471.4447847674613,700.1347376569843,481.4447847674613,1.0
2,278,693.3411041231836,476.76129941713833,688.3411041231836,471.76129941713833,698.3411041231836,481.76129941713833,1.0
2,279,690.7108174373894,478.78657888111604,685.7108174373894,473.78657888111604,695.7108174373894,483.78657888111604,1.0
2,280,689.4984386098624,478.90629074856747,684.4984386098624,473.90629074856747,694.4984386098624,483.90629074856747,1.0
2,281,686.0221459805553,480.01419369710027,681.0221459805553,475.01419369710027,691.0221459805553,485.01419369710027,1.0
2,282,682.3903747792069,482.5236879840315,677.3903747792069,477.5236879840315,687.3903747792069,487.5236879840315,1.0
2,283,679.046407917676,484.60257431930404,674.046407917676,479.60257431930404,684.046407917676,489.60257431930404,1.0
2,284,677.5512708895632,485.6914443561466,672.5512708895632,480.6914443561466,682.5512708895632,490.6914443561466,1.0
2,285,676.428895616947,487.4840394934822,671.428895616947,482.4840394934822,681.428895616947,492.4840394934822,1.0
2,286,675.3508352562078,490.4759494878342,670.3508352562078,485.4759494878342,680.3508352562078,495.4759494878342,1.0
2,287,674.2989239396645,492.79473833304013,669.2989239396645,487.79473833304013,679.2989239396645,497.79473833304013,1.0
2,288,674.7956314673265,492.72720442784384,669.7956314673265,487.72720442784384,679.7956314673265,497.72720442784384,1.0
2,289,674.5529364165956,489.2389918215831,669.5529364165956,484.2389918215831,679.5529364165956,494.2389918215831,1.0
2,290,673.3350777782118,486.33029477944893,668.3350777782118,481.33029477944893,678.3350777782118,491.33029477944893,1.0
2,291,674.4665233438102,483.6416164785713,669.4665233438102,478.6416164785713,679.4665233438102,488.6416164785713,1.0
2,292,678.895332600079,482.4335803177722,673.895332600079,477.4335803177722,683.895332600079,487.4335803177722,1.0
2,293,681.8099506660118,482.807705638572,676.8099506660118,477.807705638572,686.8099506660118,487.807705638572,1.0
2,294,683.9844272236426,481.5322786345912,678.9844272236426,476.5322786345912,688.9844272236426,486.5322786345912,1.0
2,295,686.7708878318695,481.35839984869926,681.7708878318695,476.35839984869926,691.7708878318695,486.35839984869926,1.0
2,296,688.5796431282963,480.37535643007226,683.5796431282963,475.37535643007226,693.5796431282963,485.37535643007226,1.0
2,297,689.043741594285,480.21235416961565,684.043741594285,475.21235416961565,694.043741594285,485.21235416961565,1.0
2,298,689.4285286033513,479.9438295574494,684.4285286033513,474.9438295574494,694.4285286033513,484.9438295574494,1.0
2,299,690.8911918402559,480.2708910852951,685.8911918402559,475.2708910852951,695.8911918402559,485.2708910852951,1.0
2,300,691.9110388505096,481.697578679759,686.9110388505096,476.697578679759,696.9110388505096,486.697578679759,1.0
2,301,693.6958597067546,482.01880517464144,688.6958597067546,477.01880517464144,698.6958597067546,487.01880517464144,1.0
2,302,695.8089563203921,483.13836657699835,690.8089563203921,478.13836657699835,700.8089563203921,488.13836657699835,1.0
2,303,700.4335464674986,484.07579219177876,695.4335464674986,479.07579219177876,705.4335464674986,489.07579219177876,1.0
2,304,702.1898866428237,486.2341839704635,697.1898866428237,481.2341839704635,707.1898866428237,491.2341839704635,1.0
2,305,701.0456176819148,487.52822299610796,696.0456176819148,482.52822299610796,706.0456176819148,492.52822299610796,1.0
2,306,699.0788769349173,489.46566938073084,694.0788769349173,484.46566938073084,704.0788769349173,494.46566938073084,1.0
2,307,696.3495995651544,490.6579760232247,691.3495995651544,485.6579760232247,701.3495995651544,495.6579760232247,1.0
2,308,694.3267074110403,490.5523689497976,689.3267074110403,485.5523689497976,699.3267074110403,495.5523689497976,1.0
2,309,694.2622741918747,490.460688956538,689.2622741918747,485.460688956538,699.2622741918747,495.460688956538,1.0
2,310,693.2250175217948,491.2706956199197,688.2250175217948,486.2706956199197,698.2250175217948,496.2706956199197,1.0
2,311,692.5855866433699,490.73397216624676,687.5855866433699,485.73397216624676,697.5855866433699,495.73397216624676,1.0
2,312,693.1328110904512,489.8822064267396,688.1328110904512,484.8822064267396,698.1328110904512,494.8822064267396,1.0
2,313,693.9385105169727,489.3255599764665,688.9385105169727,484.3255599764665,698.9385105169727,494.3255599764665,1.0
2,314,696.0206268589006,488.2144121144092,691.0206268589006,483.2144121144092,701.0206268589006,493.2144121144092,1.0
2,315,698.4716643058861,487.4313148449088,693.4716643058861,482.4313148449088,703.4716643058861,492.4313148449088,1.0
2,316,699.1470462853255,485.96145669488214,694.1470462853255,480.96145669488214,704.1470462853255,490.96145669488214,1.0
2,317,699.3598771065239,485.29530944662224,694.3598771065239,480.29530944662224,704.3598771065239,490.29530944662224,1.0
2,318,700.6971510274096,483.6097971226761,695.6971510274096,478.6097971226761,705.6971510274096,488.6097971226761,1.0
2,319,702.0294580557684,481.62665325188806,697.0294580557684,476.62665325188806,707.0294580557684,486.62665325188806,1.0
2,320,703.559695641198,480.355029788207,698.559695641198,475.355029788207,708.559695641198,485.355029788207,1.0
2,321,705.3473224954877,478.79654387495873,700.3473224954877,473.79654387495873,710.3473224954877,483.79654387495873,1.0
2,322,707.9171591109472,476.6249669125907,702.9171591109472,471.6249669125907,712.9171591109472,481.6249669125907,1.0
2,323,710.8699256029131,475.63532436606584,705.8699256029131,470.63532436606584,715.8699256029131,480.63532436606584,1.0
2,324,712.9284369747384,474.047500446479,707.9284369747384,469.047500446479,717.9284369747384,479.047500446479,1.0
2,325,715.0890796316459,472.6414463589593,710.0890796316459,467.6414463589593,720.0890796316459,477.6414463589593,1.0
2,326,717.6746546340023,473.3103255532975,712.6746546340023,468.3103255532975,722.6746546340023,478.3103255532975,1.0
2,327,718.8059736510647,473.92779773710475,713.8059736510647,468.92779773710475,723.8059736510647,478.92779773710475,1.0
2,328,719.3204923763038,474.45804090118634,714.3204923763038,469.45804090118634,724.3204923763038,479.45804090118634,1.0
2,329,719.4490791903779,473.72445651309226,714.4490791903779,468.72445651309226,724.4490791903779,478.72445651309226,1.0
2,330,720.362070657843,473.337920932485,715.362070657843,468.337920932485,725.362070657843,478.337920932485,1.0
2,331,718.936089567673,472.3352421321077,713.936089567673,467.3352421321077,723.936089567673,477.3352421321077,1.0
2,332,716.9971329863426,469.96510650327923,711.9971329863426,464.96510650327923,721.9971329863426,474.96510650327923,1.0
2,333,714.5331645211498,468.264163361354,709.5331645211498,463.264163361354,719.5331645211498,473.264163361354,1.0
2,334,711.7589663650881,466.94089548048527,706.7589663650881,461.94089548048527,716.7589663650881,471.94089548048527,1.0
2,335,710.1838585810042,464.50454742066734,705.1838585810042,459.50454742066734,715.1838585810042,469.50454742066734,1.0
2,336,709.1225336158668,463.7686223307401,704.1225336158668,458.7686223307401,714.1225336158668,468.7686223307401,1.0
2,337,707.6295749335287,461.55040978509265,702.6295749335287,456.55040978509265,712.6295749335287,466.55040978509265,1.0
2,338,704.2091363079737,459.86703284977733,699.2091363079737,454.86703284977733,709.2091363079737,464.86703284977733,1.0
2,339,701.2456514491332,459.05451949121584,696.2456514491332,454.05451949121584,706.2456514491332,464.05451949121584,1.0
2,340,698.4459129018724,458.25249585908756,693.4459129018724,453.25249585908756,703.4459129018724,463.25249585908756,1.0
2,341,695.9899918240886,458.09859836408623,690.9899918240886,453.09859836408623,700.9899918240886,463.09859836408623,1.0
2,342,693.9538554637058,457.46637679101025,688.9538554637058,452.46637679101025,698.9538554637058,462.46637679101025,1.0
2,343,693.0240666361419,455.4780586111858,688.0240666361419,450.4780586111858,698.0240666361419,460.4780586111858,1.0
2,344,695.0548462793065,453.9401777111675,690.0548462793065,448.9401777111675,700.0548462793065,458.9401777111675,1.0
2,345,696.0881919709042,453.47832530319283,691.0881919709042,448.47832530319283,701.0881919709042,458.47832530319283,1.0
2,346,697.5853680212482,452.8427164861178,692.5853680212482,447.8427164861178,702.5853680212482,457.8427164861178,1.0
2,347,699.484864974297,452.4996164750237,694.484864974297,447.4996164750237,704.484864974297,457.4996164750237,1.0
2,348,701.1201114726906,453.8545950134622,696.1201114726906,448.8545950134622,706.1201114726906,458.8545950134622,1.0
2,349,701.506074165472,454.77518584484255,696.506074165472,449.77518584484255,706.506074165472,459.77518584484255,1.0
2,350,701.979672742648,455.6031892672206,696.979672742648,450.6031892672206,706.979672742648,460.6031892672206,1.0
2,351,701.2169650343453,455.4312023800426,696.2169650343453,450.4312023800426,706.2169650343453,460.4312023800426,1.0
2,352,700.999366832619,455.14166478580796,695.999366832619,450.14166478580796,705.999366832619,460.14166478580796,1.0
2,353,702.079230291434,457.0655946372215,697.079230291434,452.0655946372215,707.079230291434,462.0655946372215,1.0
2,354,703.5966449277888,457.7232369069008,698.5966449277888,452.7232369069008,708.5966449277888,462.7232369069008,1.0
2,355,704.4477097551368,458.53346531914633,699.4477097551368,453.53346531914633,709.4477097551368,463.53346531914633,1.0
2,356,702.6480394894193,458.1290089459688,697.6480394894193,453.1290089459688,707.6480394894193,463.1290089459688,1.0
2,357,700.5687679661972,459.06737640382374,695.5687679661972,454.06737640382374,705.5687679661972,464.06737640382374,1.0
2,358,698.6106066116736,458.9930107179215,693.6106066116736,453.9930107179215,703.6106066116736,463.9930107179215,1.0
2,359,696.2767451411547,458.2179157202252,691.2767451411547,453.2179157202252,701.2767451411547,463.2179157202252,1.0
2,360,694.9528431991954,459.6038044009162,689.9528431991954,454.6038044009162,699.9528431991954,464.6038044009162,1.0
2,361,693.5082869496275,459.0095512185864,688.5082869496275,454.0095512185864,698.5082869496275,464.0095512185864,1.0
2,362,690.6758343224508,458.79722521273254,685.6758343224508,453.79722521273254,695.6758343224508,463.79722521273254,1.0
2,363,687.6868807459292,458.779434731839,682.6868807459292,453.779434731839,692.6868807459292,463.779434731839,1.0
2,364,685.3638745464001,458.1048990120586,680.3638745464001,453.1048990120586,690.3638745464001,463.1048990120586,1.0
2,365,683.1185002151005,458.2718882879421,678.1185002151005,453.2718882879421,688.1185002151005,463.2718882879421,1.0
2,366,683.5288549405607,459.31301515785685,678.5288549405607,454.31301515785685,688.5288549405607,464.31301515785685,1.0
2,367,681.771375642124,460.8430047730884,676.771375642124,455.8430047730884,686.771375642124,465.8430047730884,1.0
2,368,680.5481116396345,460.9110110176902,675.5481116396345,455.9110110176902,685.5481116396345,465.9110110176902,1.0
2,369,682.3400139120647,461.17630681036815,677.3400139120647,456.17630681036815,687.3400139120647,466.17630681036815,1.0
2,370,684.3969291113722,461.6097081599841,679.3969291113722,456.6097081599841,689.3969291113722,466.6097081599841,1.0
2,371,687.434932466433,461.53147506710786,682.434932466433,456.53147506710786,692.434932466433,466.53147506710786,1.0
2,372,691.830969518666,462.85316601957084,686.830969518666,457.85316601957084,696.830969518666,467.85316601957084,1.0
2,373,694.6857047246361,464.26476827602085,689.6857047246361,459.26476827602085,699.6857047246361,469.26476827602085,1.0
2,374,699.1789044092625,465.68408745711116,694.1789044092625,460.68408745711116,704.1789044092625,470.68408745711116,1.0
2,375,704.0803022191486,467.44880838672054,699.0803022191486,462.44880838672054,709.0803022191486,472.44880838672054,1.0
2,376,708.0301276671173,469.6176378590516,703.0301276671173,464.6176378590516,713.0301276671173,474.6176378590516,1.0
2,377,711.6108717815019,471.7459197691754,706.6108717815019,466.7459197691754,716.6108717815019,476.7459197691754,1.0
2,378,713.3003588434099,473.19161804246414,708.3003588434099,468.19161804246414,718.3003588434099,478.19161804246414,1.0
2,379,714.2235926322966,473.1335313854473,709.2235926322966,468.1335313854473,719.2235926322966,478.1335313854473,1.0
2,380,716.128410533999,473.87061194997847,711.128410533999,468.87061194997847,721.128410533999,478.87061194997847,1.0
2,381,717.1143308090336,473.41089411951,712.1143308090336,468.41089411951,722.1143308090336,478.41089411951,1.0
2,382,716.7222468198341,473.03886333438135,711.7222468198341,468.03886333438135,721.7222468198341,478.03886333438135,1.0
2,383,716.4032958631967,472.8226999876553,711.4032958631967,467.8226999876553,721.4032958631967,477.8226999876553,1.0
2,384,714.9470805017702,473.21462865245354,709.9470805017702,468.21462865245354,719.9470805017702,478.21462865245354,1.0
2,385,714.493919473611,471.82073451900783,709.493919473611,466.82073451900783,719.493919473611,476.82073451900783,1.0
2,386,713.3705615180369,469.3550377120376,708.3705615180369,464.3550377120376,718.3705615180369,474.3550377120376,1.0
2,387,711.049565939217,468.0811992769858,706.049565939217,463.0811992769858,716.049565939217,473.0811992769858,1.0
2,388,708.874812040701,468.106672733657,703.874812040701,463.106672733657,713.874812040701,473.106672733657,1.0
2,389,707.4478000478435,468.6973243504287,702.4478000478435,463.6973243504287,712.4478000478435,473.6973243504287,1.0
2,390,704.270670186731,470.2095839848274,699.270670186731,465.2095839848274,709.270670186731,475.2095839848274,1.0
2,391,700.975846778749,472.0734473199778,695.975846778749,467.0734473199778,705.975846778749,477.0734473199778,1.0
2,392,698.4374189018623,474.1493833005329,693.4374189018623,469.1493833005329,703.4374189018623,479.1493833005329,1.0
2,393,695.4643411119553,476.00693159789034,690.4643411119553,471.00693159789034,700.4643411119553,481.00693159789034,1.0
2,394,692.1214418370498,476.83758094357887,687.1214418370498,471.83758094357887,697.1214418370498,481.83758094357887,1.0
2,395,688.8842444905513,476.3096017637728,683.8842444905513,471.3096017637728,693.8842444905513,481.3096017637728,1.0
2,396,686.2001292061075,475.71294236712805,681.2001292061075,470.71294236712805,691.2001292061075,480.71294236712805,1.0
2,397,684.3247899875746,474.2629609238227,679.3247899875746,469.2629609238227,689.3247899875746,479.2629609238227,1.0
2,398,682.5956994339791,472.3226765495056,677.5956994339791,467.3226765495056,687.5956994339791,477.3226765495056,1.0
2,399,680.5563169901793,470.6600263997355,675.5563169901793,465.6600263997355,685.5563169901793,475.6600263997355,1.0
2,400,677.9817578752876,469.82264782857305,672.9817578752876,464.82264782857305,682.9817578752876,474.82264782857305,1.0
2,401,676.8755834897042,468.202462364157,671.8755834897042,463.202462364157,681.8755834897042,473.202462364157,1.0
2,402,674.8152663121438,467.02261560956936,669.8152663121438,462.02261560956936,679.8152663121438,472.02261560956936,1.0
2,403,673.1429434473307,467.35721755687683,668.1429434473307,462.35721755687683,678.1429434473307,472.35721755687683,1.0
2,404,672.6317907900496,467.112437962516,667.6317907900496,462.112437962516,677.6317907900496,472.112437962516,1.0
2,405,672.3459979051504,466.03645401561454,667.3459979051504,461.03645401561454,677.3459979051504,471.03645401561454,1.0
2,406,670.313831564204,465.0632035570537,665.313831564204,460.0632035570537,675.313831564204,470.0632035570537,1.0
2,407,667.2627044910855,464.1837470729707,662.2627044910855,459.1837470729707,672.2627044910855,469.1837470729707,1.0
2,408,666.3321593303988,464.3642264611412,661.3321593303988,459.3642264611412,671.3321593303988,469.3642264611412,1.0
2,409,666.9514553780871,463.88998931086155,661.9514553780871,458.88998931086155,671.9514553780871,468.88998931086155,1.0
2,410,668.2173502795599,462.48246960363065,663.2173502795599,457.48246960363065,673.2173502795599,467.48246960363065,1.0
2,411,669.9777099122427,461.5102601477258,664.9777099122427,456.5102601477258,674.9777099122427,466.5102601477258,1.0
2,412,671.6210779447357,459.48464380818757,666.6210779447357,454.48464380818757,676.6210779447357,464.48464380818757,1.0
2,413,673.2580288342909,459.15371976009686,668.2580288342909,454.15371976009686,678.2580288342909,464.15371976009686,1.0
2,414,676.1190839673757,460.476044083101,671.1190839673757,455.476044083101,681.1190839673757,465.476044083101,1.0
2,415,678.9173148295451,460.70608762556463,673.9173148295451,455.70608762556463,683.9173148295451,465.70608762556463,1.0
2,416,680.7881213808635,460.60935507041484,675.7881213808635,455.60935507041484,685.7881213808635,465.60935507041484,1.0
2,417,681.1298135340201,460.68911176598573,676.1298135340201,455.68911176598573,686.1298135340201,465.68911176598573,1.0
2,418,678.8390431042992,461.1534901475962,673.8390431042992,456.1534901475962,683.8390431042992,466.1534901475962,1.0
2,419,676.6243734294446,461.0559114246818,671.6243734294446,456.0559114246818,681.6243734294446,466.0559114246818,1.0
2,420,675.0837619763047,459.7483830572122,670.0837619763047,454.7483830572122,680.0837619763047,464.7483830572122,1.0
2,421,675.8064264037556,458.7477091382789,670.8064264037556,453.7477091382789,680.8064264037556,463.7477091382789,1.0
2,422,678.1670883849841,457.43133258026506,673.1670883849841,452.43133258026506,683.1670883849841,462.43133258026506,1.0
2,423,681.643716506986,457.4077556820994,676.643716506986,452.4077556820994,686.643716506986,462.4077556820994,1.0
2,424,682.3617230806663,458.1609726757947,677.3617230806663,453.1609726757947,687.3617230806663,463.1609726757947,1.0
2,425,682.3517483396289,459.72560165628147,677.3517483396289,454.72560165628147,687.3517483396289,464.72560165628147,1.0
2,426,680.9785656240124,459.3958779164529,675.9785656240124,454.3958779164529,685.9785656240124,464.3958779164529,1.0
2,427,680.3118217188659,458.1934968387611,675.3118217188659,453.1934968387611,685.3118217188659,463.1934968387611,1.0
2,428,678.9948837427994,459.3225342580819,673.9948837427994,454.3225342580819,683.9948837427994,464.3225342580819,1.0
2,429,678.2110727680174,461.4991527275498,673.2110727680174,456.4991527275498,683.2110727680174,466.4991527275498,1.0
2,430,678.5234741593708,464.5253285890896,673.5234741593708,459.5253285890896,683.5234741593708,469.5253285890896,1.0
2,431,679.7423101792793,466.1128059536127,674.7423101792793,461.1128059536127,684.7423101792793,471.1128059536127,1.0
2,432,680.4671356807669,468.0672303000142,675.4671356807669,463.0672303000142,685.4671356807669,473.0672303000142,1.0
2,433,680.1643916593501,470.4737673417546,675.1643916593501,465.4737673417546,685.1643916593501,475.4737673417546,1.0
2,434,679.2010422807131,470.6714901517083,674.2010422807131,465.6714901517083,684.2010422807131,475.6714901517083,1.0
2,435,678.4202250695486,471.9394602940856,673.4202250695486,466.9394602940856,683.4202250695486,476.9394602940856,1.0
2,436,680.1621836850283,474.4365055239815,675.1621836850283,469.4365055239815,685.1621836850283,479.4365055239815,1.0
2,437,681.1919198725425,476.3891766550533,676.1919198725425,471.3891766550533,686.1919198725425,481.3891766550533,1.0
2,438,680.8521081245567,477.2795794281623,675.8521081245567,472.2795794281623,685.8521081245567,482.2795794281623,1.0
2,439,679.9868947767714,478.1099810979812,674.9868947767714,473.1099810979812,684.9868947767714,483.1099810979812,1.0
2,440,680.0230941752309,480.8828080203171,675.0230941752309,475.8828080203171,685.0230941752309,485.8828080203171,1.0
2,441,679.2134838739063,484.1360230100263,674.2134838739063,479.1360230100263,684.2134838739063,489.1360230100263,1.0
2,442,677.5831181268668,486.77260903741563,672.5831181268668,481.77260903741563,682.5831181268668,491.77260903741563,1.0
2,443,676.4235081124922,489.37343350483224,671.4235081124922,484.37343350483224,681.4235081124922,494.37343350483224,1.0
2,444,674.9737252682527,491.7029238479444,669.9737252682527,486.7029238479444,679.9737252682527,496.7029238479444,1.0
2,445,674.0358608313608,492.9352472897139,669.0358608313608,487.9352472897139,679.0358608313608,497.9352472897139,1.0
2,446,673.5219961593216,494.5991593323997,668.5219961593216,489.5991593323997,678.5219961593216,499.5991593323997,1.0
2,447,674.9547351652535,494.6920216084221,669.9547351652535,489.6920216084221,679.9547351652535,499.6920216084221,1.0
2,448,675.424009723687,494.81999629738004,670.424009723687,489.81999629738004,680.424009723687,499.81999629738004,1.0
2,449,675.0047174703683,494.8010311246327,670.0047174703683,489.8010311246327,680.0047174703683,499.8010311246327,1.0
2,450,676.0158360700875,494.44511815027204,671.0158360700875,489.44511815027204,681.0158360700875,499.44511815027204,1.0
2,451,675.9078098007369,495.216737905433,670.9078098007369,490.216737905433,680.9078098007369,500.216737905433,1.0
2,452,674.2968003133516,495.1464351284162,669.2968003133516,490.1464351284162,679.2968003133516,500.1464351284162,1.0
2,453,671.9276370445652,496.30438852234397,666.9276370445652,491.30438852234397,676.9276370445652,501.30438852234397,1.0
2,454,669.7679237843331,498.0964507635163,664.7679237843331,493.0964507635163,674.7679237843331,503.0964507635163,1.0
2,455,666.9479868916154,499.5453422544525,661.9479868916154,494.5453422544525,671.9479868916154,504.5453422544525,1.0
2,456,665.2008234159448,500.39450706382456,660.2008234159448,495.39450706382456,670.2008234159448,505.39450706382456,1.0
2,457,664.979522097226,499.8418543539427,659.979522097226,494.8418543539427,669.979522097226,504.8418543539427,1.0
2,458,665.2604807731842,500.6191466437808,660.2604807731842,495.6191466437808,670.2604807731842,505.6191466437808,1.0
2,459,664.2503717776347,500.50698676897105,659.2503717776347,495.50698676897105,669.2503717776347,505.50698676897105,1.0
2,460,663.0637676547985,500.08089774217194,658.0637676547985,495.08089774217194,668.0637676547985,505.08089774217194,1.0
2,461,663.6708036620656,500.3234229520194,658.6708036620656,495.3234229520194,668.6708036620656,505.3234229520194,1.0
2,462,664.4927689223623,498.69721144974335,659.4927689223623,493.69721144974335,669.4927689223623,503.69721144974335,1.0
2,463,665.374635945456,498.40558843411645,660.374635945456,493.40558843411645,670.374635945456,503.40558843411645,1.0
2,464,666.0461493804078,498.5517328349276,661.0461493804078,493.5517328349276,671.0461493804078,503.5517328349276,1.0
2,465,666.7897390070286,499.0133636135393,661.7897390070286,494.0133636135393,671.7897390070286,504.0133636135393,1.0
2,466,666.3379340722486,498.7586988775746,661.3379340722486,493.7586988775746,671.3379340722486,503.7586988775746,1.0
2,467,667.5668329771752,498.0867719253574,662.5668329771752,493.0867719253574,672.5668329771752,503.0867719253574,1.0
2,468,667.6576460098988,499.11967966447406,662.6576460098988,494.11967966447406,672.6576460098988,504.11967966447406,1.0
2,469,666.9204494192661,500.675889670185,661.9204494192661,495.675889670185,671.9204494192661,505.675889670185,1.0
2,470,666.4450791261881,501.0471395970544,661.4450791261881,496.0471395970544,671.4450791261881,506.0471395970544,1.0
2,471,667.5782093165508,501.2600325797247,662.5782093165508,496.2600325797247,672.5782093165508,506.2600325797247,1.0
2,472,669.2222874339933,500.13872664172436,664.2222874339933,495.13872664172436,674.2222874339933,505.13872664172436,1.0
2,473,669.2440294644559,498.81731701493294,664.2440294644559,493.81731701493294,674.2440294644559,503.81731701493294,1.0
2,474,669.6258317354857,496.3235938118073,664.6258317354857,491.3235938118073,674.6258317354857,501.3235938118073,1.0
2,475,671.063126674057,493.2441374427499,666.063126674057,488.2441374427499,676.063126674057,498.2441374427499,1.0
2,476,671.5157197838306,489.9190418688636,666.5157197838306,484.9190418688636,676.5157197838306,494.9190418688636,1.0
2,477,672.2804345286654,487.50901794737456,667.2804345286654,482.50901794737456,677.2804345286654,492.50901794737456,1.0
2,478,672.5413533099152,485.9967555878678,667.5413533099152,480.9967555878678,677.5413533099152,490.9967555878678,1.0
2,479,674.5111632252588,484.16446524531517,669.5111632252588,479.16446524531517,679.5111632252588,489.16446524531517,1.0
2,480,676.7157130109789,482.05432496144084,671.7157130109789,477.05432496144084,681.7157130109789,487.05432496144084,1.0
2,481,677.627051519735,478.6908776319488,672.627051519735,473.6908776319488,682.627051519735,483.6908776319488,1.0
2,482,678.3684899197368,476.9286137249645,673.3684899197368,471.9286137249645,683.3684899197368,481.9286137249645,1.0
2,483,680.0772642483926,476.63129071849147,675.0772642483926,471.63129071849147,685.0772642483926,481.63129071849147,1.0
2,484,680.4328538654149,477.44914292988,675.4328538654149,472.44914292988,685.4328538654149,482.44914292988,1.0
2,485,679.6728594898046,477.9774077021969,674.6728594898046,472.9774077021969,684.6728594898046,482.9774077021969,1.0
2,486,679.650570187678,477.2154014785418,674.650570187678,472.2154014785418,684.650570187678,482.2154014785418,1.0
2,487,679.9760051336267,477.16126223870936,674.9760051336267,472.16126223870936,684.9760051336267,482.16126223870936,1.0
2,488,680.2832664475679,477.37624258848984,675.2832664475679,472.37624258848984,685.2832664475679,482.37624258848984,1.0
2,489,679.0189192266015,478.55604010618345,674.0189192266015,473.55604010618345,684.0189192266015,483.55604010618345,1.0
2,490,676.826710206628,480.8550832788312,671.826710206628,475.8550832788312,681.826710206628,485.8550832788312,1.0
2,491,675.1538152674823,481.9151026491314,670.1538152674823,476.9151026491314,680.1538152674823,486.9151026491314,1.0
2,492,673.1956928795673,482.5901035454113,668.1956928795673,477.5901035454113,678.1956928795673,487.5901035454113,1.0
2,493,672.013005916351,483.10884210204205,667.013005916351,478.10884210204205,677.013005916351,488.10884210204205,1.0
2,494,670.6832825917543,482.3927233962295,665.6832825917543,477.3927233962295,675.6832825917543,487.3927233962295,1.0
2,495,669.228037737356,479.8575847574494,664.228037737356,474.8575847574494,674.228037737356,484.8575847574494,1.0
2,496,667.5248271589799,477.18690235138257,662.5248271589799,472.18690235138257,672.5248271589799,482.18690235138257,1.0
2,497,666.8113925161626,476.03911789489905,661.8113925161626,471.03911789489905,671.8113925161626,481.03911789489905,1.0
2,498,667.7586917417051,475.9639775644857,662.7586917417051,470.9639775644857,672.7586917417051,480.9639775644857,1.0
2,499,668.7496052928443,478.2379403066201,663.7496052928443,473.2379403066201,673.7496052928443,483.2379403066201,1.0
2,500,670.0903327163862,479.220716257953,665.0903327163862,474.220716257953,675.0903327163862,484.220716257953,1.0
2,501,670.4542994304941,478.62665989069376,665.4542994304941,473.62665989069376,675.4542994304941,483.62665989069376,1.0
2,502,673.3906807472184,479.094610009848,668.3906807472184,474.094610009848,678.3906807472184,484.094610009848,1.0
2,503,677.0379406793212,477.67927695289717,672.0379406793212,472.67927695289717,682.0379406793212,482.67927695289717,1.0
2,504,679.3837216842816,477.23426765240475,674.3837216842816,472.23426765240475,684.3837216842816,482.23426765240475,1.0
2,505,680.0840692680022,476.3980642780067,675.0840692680022,471.3980642780067,685.0840692680022,481.3980642780067,1.0
2,506,681.1540090780837,475.22992454823003,676.1540090780837,470.22992454823003,686.1540090780837,480.22992454823003,1.0
2,507,682.0931563121408,474.9110904982815,677.0931563121408,469.9110904982815,687.0931563121408,479.9110904982815,1.0
2,508,683.3879162396825,474.43238101678173,678.3879162396825,469.43238101678173,688.3879162396825,479.43238101678173,1.0
2,509,682.757940777475,474.2801969107881,677.757940777475,469.2801969107881,687.757940777475,479.2801969107881,1.0
2,510,681.2229536278486,473.3695645847007,676.2229536278486,468.3695645847007,686.2229536278486,478.3695645847007,1.0
2,511,680.8900195968815,472.49963710712467,675.8900195968815,467.49963710712467,685.8900195968815,477.49963710712467,1.0
2,512,680.1069659298383,472.40984140877936,675.1069659298383,467.40984140877936,685.1069659298383,477.40984140877936,1.0
2,513,680.6437738737953,473.1542608888525,675.6437738737953,468.1542608888525,685.6437738737953,478.1542608888525,1.0
2,514,681.3715349713484,474.16085058931617,676.3715349713484,469.16085058931617,686.3715349713484,479.16085058931617,1.0
2,515,683.1891983356738,475.711877483658,678.1891983356738,470.711877483658,688.1891983356738,480.711877483658,1.0
2,516,684.6393956078799,476.5099514967053,679.6393956078799,471.5099514967053,689.6393956078799,481.5099514967053,1.0
2,517,685.0364206749849,477.0366127221615,680.0364206749849,472.0366127221615,690.0364206749849,482.0366127221615,1.0
2,518,685.389775545071,478.77057424346697,680.389775545071,473.77057424346697,690.389775545071,483.77057424346697,1.0
2,519,685.0500903732998,481.02429425544955,680.0500903732998,476.02429425544955,690.0500903732998,486.02429425544955,1.0
2,520,684.4647953793834,483.721691232652,679.4647953793834,478.721691232652,689.4647953793834,488.721691232652,1.0
2,521,684.3813447210533,485.06600927201555,679.3813447210533,480.06600927201555,689.3813447210533,490.06600927201555,1.0
2,522,685.0775043503211,486.9357333988629,680.0775043503211,481.9357333988629,690.0775043503211,491.9357333988629,1.0
2,523,687.0782384615627,488.552796226612,682.0782384615627,483.552796226612,692.0782384615627,493.552796226612,1.0
2,524,689.8183245299223,489.7897706782315,684.8183245299223,484.7897706782315,694.8183245299223,494.7897706782315,1.0
2,525,690.8947012931817,490.3684299701855,685.8947012931817,485.3684299701855,695.8947012931817,495.3684299701855,1.0
2,526,690.5994491617035,490.4440608312635,685.5994491617035,485.4440608312635,695.5994491617035,495.4440608312635,1.0
2,527,689.2948466801425,490.36079558176516,684.2948466801425,485.36079558176516,694.2948466801425,495.36079558176516,1.0
2,528,689.4660132032791,489.27209737413284,684.4660132032791,484.27209737413284,694.4660132032791,494.27209737413284,1.0
2,529,690.3248614433676,488.4208118803885,685.3248614433676,483.4208118803885,695.3248614433676,493.4208118803885,1.0
2,530,691.3918643114625,489.1439409004944,686.3918643114625,484.1439409004944,696.3918643114625,494.1439409004944,1.0
2,531,692.3157149398268,489.58959427288306,687.3157149398268,484.58959427288306,697.3157149398268,494.58959427288306,1.0
2,532,691.089292241441,490.0190801697686,686.089292241441,485.0190801697686,696.089292241441,495.0190801697686,1.0
2,533,688.4075082732245,489.5212403154831,683.4075082732245,484.5212403154831,693.4075082732245,494.5212403154831,1.0
2,534,688.6102432661023,489.8215615853038,683.6102432661023,484.8215615853038,693.6102432661023,494.8215615853038,1.0
2,535,691.0684594247327,490.4831316532299,686.0684594247327,485.4831316532299,696.0684594247327,495.4831316532299,1.0
2,536,693.6623214116768,491.186076103411,688.6623214116768,486.186076103411,698.6623214116768,496.186076103411,1.0
2,537,694.9085002122091,490.6244103086321,689.9085002122091,485.6244103086321,699.9085002122091,495.6244103086321,1.0
2,538,696.1866758905869,490.44284882618376,691.1866758905869,485.44284882618376,701.1866758905869,495.44284882618376,1.0
2,539,697.0735815820984,491.0066892687027,692.0735815820984,486.0066892687027,702.0735815820984,496.0066892687027,1.0
2,540,700.2905903198273,490.7065144966062,695.2905903198273,485.7065144966062,705.2905903198273,495.7065144966062,1.0
2,541,703.2223655827515,489.37048667521003,698.2223655827515,484.37048667521003,708.2223655827515,494.37048667521003,1.0
2,542,704.0789887637102,487.3189212398901,699.0789887637102,482.3189212398901,709.0789887637102,492.3189212398901,1.0
2,543,705.3839435007443,486.4673148077104,700.3839435007443,481.4673148077104,710.3839435007443,491.4673148077104,1.0
2,544,704.0772813958051,484.47240500392456,699.0772813958051,479.47240500392456,709.0772813958051,489.47240500392456,1.0
2,545,703.2783533472585,482.0748350012302,698.2783533472585,477.0748350012302,708.2783533472585,487.0748350012302,1.0
2,546,702.5336567117158,479.7607808817328,697.5336567117158,474.7607808817328,707.5336567117158,484.7607808817328,1.0
2,547,702.0375740569887,478.9790109151907,697.0375740569887,473.9790109151907,707.0375740569887,483.9790109151907,1.0
2,548,700.3279325939541,480.0141786066821,695.3279325939541,475.0141786066821,705.3279325939541,485.0141786066821,1.0
2,549,698.4975963576805,481.80827934333666,693.4975963576805,476.80827934333666,703.4975963576805,486.80827934333666,1.0
2,550,696.0919918932808,483.9207256233217,691.0919918932808,478.9207256233217,701.0919918932808,488.9207256233217,1.0
2,551,695.4123052502741,487.27687312227715,690.4123052502741,482.27687312227715,700.4123052502741,492.27687312227715,1.0
2,552,695.2637796126581,488.41859099878354,690.2637796126581,483.41859099878354,700.2637796126581,493.41859099878354,1.0
2,553,694.8409775085844,489.9962220996265,689.8409775085844,484.9962220996265,699.8409775085844,494.9962220996265,1.0
2,554,694.6181698517341,490.80515049717576,689.6181698517341,485.80515049717576,699.6181698517341,495.80515049717576,1.0
2,555,692.701328994695,490.58831491079974,687.701328994695,485.58831491079974,697.701328994695,495.58831491079974,1.0
2,556,690.9869983478911,490.9881176885335,685.9869983478911,485.9881176885335,695.9869983478911,495.9881176885335,1.0
2,557,688.986689245289,491.3041846410923,683.986689245289,486.3041846410923,693.986689245289,496.3041846410923,1.0
2,558,687.3014785825329,491.9183113235256,682.3014785825329,486.9183113235256,692.3014785825329,496.9183113235256,1.0
2,559,686.2501739979953,492.75630353345656,681.2501739979953,487.75630353345656,691.2501739979953,497.75630353345656,1.0
2,560,683.1418484180905,493.65657273033236,678.1418484180905,488.65657273033236,688.1418484180905,498.65657273033236,1.0
2,561,679.8341702767283,495.1705855993509,674.8341702767283,490.1705855993509,684.8341702767283,500.1705855993509,1.0
2,562,676.7913308138261,499.10026384148864,671.7913308138261,494.10026384148864,681.7913308138261,504.10026384148864,1.0
2,563,674.8089954607777,503.8600716301735,669.8089954607777,498.8600716301735,679.8089954607777,508.8600716301735,1.0
2,564,673.5349662621481,507.4729570140699,668.5349662621481,502.4729570140699,678.5349662621481,512.4729570140698,1.0
2,565,672.4810609066532,511.9383700547577,667.4810609066532,506.9383700547577,677.4810609066532,516.9383700547577,1.0
2,566,670.383691982197,514.4285419409281,665.383691982197,509.4285419409281,675.383691982197,519.4285419409281,1.0
2,567,668.1498304087095,517.1431769273628,663.1498304087095,512.1431769273628,673.1498304087095,522.1431769273628,1.0
2,568,668.1213503270839,519.6434738482882,663.1213503270839,514.6434738482882,673.1213503270839,524.6434738482882,1.0
2,569,667.4245627368434,520.5187535944558,662.4245627368434,515.5187535944558,672.4245627368434,525.5187535944558,1.0
2,570,667.4584795725409,521.2902383454472,662.4584795725409,516.2902383454472,672.4584795725409,526.2902383454472,1.0
2,571,667.6717891312773,524.6197440244855,662.6717891312773,519.6197440244855,672.6717891312773,529.6197440244855,1.0
2,572,667.4538947136616,527.9692664708631,662.4538947136616,522.9692664708631,672.4538947136616,532.9692664708631,1.0
2,573,665.6492633758583,529.3377627415214,660.6492633758583,524.3377627415214,670.6492633758583,534.3377627415214,1.0
2,574,663.3657608998923,530.5631870423828,658.3657608998923,525.5631870423828,668.3657608998923,535.5631870423828,1.0
2,575,661.3514875138874,530.0697387480471,656.3514875138874,525.0697387480471,666.3514875138874,535.0697387480471,1.0
2,576,659.6322211944477,529.1813495562843,654.6322211944477,524.1813495562843,664.6322211944477,534.1813495562843,1.0
2,577,657.0589571036228,529.2874084334034,652.0589571036228,524.2874084334034,662.0589571036228,534.2874084334034,1.0
2,578,655.6252305785704,530.7887443102143,650.6252305785704,525.7887443102143,660.6252305785704,535.7887443102143,1.0
2,579,653.5157887198848,530.8018842839446,648.5157887198848,525.8018842839446,658.5157887198848,535.8018842839446,1.0
2,580,651.8128708378696,529.9600310341954,646.8128708378696,524.9600310341954,656.8128708378696,534.9600310341954,1.0
2,581,649.6656828014827,529.7384097964783,644.6656828014827,524.7384097964783,654.6656828014827,534.7384097964783,1.0
2,582,648.9037666299076,530.6018605236945,643.9037666299076,525.6018605236945,653.9037666299076,535.6018605236945,1.0
2,583,647.6936232232996,531.2708465352711,642.6936232232996,526.2708465352711,652.6936232232996,536.2708465352711,1.0
2,584,648.3965161414491,531.671697796806,643.3965161414491,526.671697796806,653.3965161414491,536.671697796806,1.0
2,585,646.3098146066015,531.5578638677455,641.3098146066015,526.5578638677455,651.3098146066015,536.5578638677455,1.0
2,586,645.5685165415842,529.1885151374357,640.5685165415842,524.1885151374357,650.5685165415842,534.1885151374357,1.0
2,587,643.7433117953831,526.970034403947,638.7433117953831,521.970034403947,648.7433117953831,531.970034403947,1.0
2,588,643.4396319395223,524.4546389900955,638.4396319395223,519.4546389900955,648.4396319395223,529.4546389900955,1.0
2,589,642.8765243571079,522.6461229993018,637.8765243571079,517.6461229993018,647.8765243571079,527.6461229993018,1.0
2,590,643.0272381038121,520.6456542956066,638.0272381038121,515.6456542956066,648.0272381038121,525.6456542956066,1.0
2,591,643.3231262083754,520.5545086253398,638.3231262083754,515.5545086253398,648.3231262083754,525.5545086253398,1.0
2,592,644.9027926871247,519.9551939148355,639.9027926871247,514.9551939148355,649.9027926871247,524.9551939148355,1.0
2,593,646.4252961466182,518.7559154150115,641.4252961466182,513.7559154150115,651.4252961466182,523.7559154150115,1.0
2,594,648.7130686967283,518.379164581124,643.7130686967283,513.379164581124,653.7130686967283,523.379164581124,1.0
2,595,650.1800323109062,518.4003252188722,645.1800323109062,513.4003252188722,655.1800323109062,523.4003252188722,1.0
2,596,651.1883884488389,517.716172108576,646.1883884488389,512.716172108576,656.1883884488389,522.716172108576,1.0
2,597,651.5072098532486,514.8908122637297,646.5072098532486,509.8908122637297,656.5072098532486,519.8908122637297,1.0
2,598,651.7061785161022,511.92056788254285,646.7061785161022,506.92056788254285,656.7061785161022,516.9205678825429,1.0
2,599,653.1395355164132,509.3201206208357,648.1395355164132,504.3201206208357,658.1395355164132,514.3201206208357,1.0
2,600,654.9863403930226,507.1830222233146,649.9863403930226,502.1830222233146,659.9863403930226,512.1830222233145,1.0
2,601,658.4713860035652,505.1829232628312,653.4713860035652,500.1829232628312,663.4713860035652,510.1829232628312,1.0
2,602,660.4014911338566,504.63824855357916,655.4014911338566,499.63824855357916,665.4014911338566,509.63824855357916,1.0
2,603,661.6919815812952,505.45264640845664,656.6919815812952,500.45264640845664,666.6919815812952,510.45264640845664,1.0
2,604,663.6697196632658,505.59399451964657,658.6697196632658,500.59399451964657,668.6697196632658,510.59399451964657,1.0
2,605,664.3275399027955,506.4650659569628,659.3275399027955,501.4650659569628,669.3275399027955,511.4650659569628,1.0
2,606,663.597590756237,506.8290498677878,658.597590756237,501.8290498677878,668.597590756237,511.8290498677878,1.0
2,607,664.8574894378744,506.0495113319636,659.8574894378744,501.0495113319636,669.8574894378744,511.0495113319636,1.0
2,608,666.276456736935,506.61339129816633,661.276456736935,501.61339129816633,671.276456736935,511.61339129816633,1.0
2,609,667.4114588845341,508.2493943172953,662.4114588845341,503.2493943172953,672.4114588845341,513.2493943172954,1.0
2,610,667.4867379861339,507.06532432724043,662.4867379861339,502.06532432724043,672.4867379861339,512.0653243272404,1.0
2,611,668.7958788194803,504.1841460140679,663.7958788194803,499.1841460140679,673.7958788194803,509.1841460140679,1.0
2,612,669.7885046986889,502.2515380289924,664.7885046986889,497.2515380289924,674.7885046986889,507.2515380289924,1.0
2,613,670.4365902118411,500.3860422799793,665.4365902118411,495.3860422799793,675.4365902118411,505.3860422799793,1.0
2,614,671.7512589224846,498.48232765046697,666.7512589224846,493.48232765046697,676.7512589224846,503.48232765046697,1.0
2,615,671.8432275423991,496.89749462513737,666.8432275423991,491.89749462513737,676.8432275423991,501.89749462513737,1.0
2,616,671.2347374472713,496.65350551437894,666.2347374472713,491.65350551437894,676.2347374472713,501.65350551437894,1.0
2,617,671.6466627192398,494.6550324620506,666.6466627192398,489.6550324620506,676.6466627192398,499.6550324620506,1.0
2,618,672.9153879836675,491.2992753455161,667.9153879836675,486.2992753455161,677.9153879836675,496.2992753455161,1.0
2,619,673.0197495937066,486.2145321737694,668.0197495937066,481.2145321737694,678.0197495937066,491.2145321737694,1.0
2,620,672.6175630412135,482.111446685842,667.6175630412135,477.111446685842,677.6175630412135,487.111446685842,1.0
2,621,672.5954180542382,478.23127081409416,667.5954180542382,473.23127081409416,677.5954180542382,483.23127081409416,1.0
2,622,673.6617258731774,476.36709198627267,668.6617258731774,471.36709198627267,678.6617258731774,481.36709198627267,1.0
2,623,674.9716719345704,474.69653988571054,669.9716719345704,469.69653988571054,679.9716719345704,479.69653988571054,1.0
2,624,674.4314339469879,472.8593162074192,669.4314339469879,467.8593162074192,679.4314339469879,477.8593162074192,1.0
2,625,675.600817810798,472.91217058842057,670.600817810798,467.91217058842057,680.600817810798,477.91217058842057,1.0
2,626,676.8373585560857,471.85744683064905,671.8373585560857,466.85744683064905,681.8373585560857,476.85744683064905,1.0
2,627,678.5714616341035,470.48280804356455,673.5714616341035,465.48280804356455,683.5714616341035,475.48280804356455,1.0
2,628,680.1998482596429,468.38572194068036,675.1998482596429,463.38572194068036,685.1998482596429,473.38572194068036,1.0
2,629,680.881895647675,467.93518274928334,675.881895647675,462.93518274928334,685.881895647675,472.93518274928334,1.0
2,630,681.7396046028296,467.4575693441186,676.7396046028296,462.4575693441186,686.7396046028296,472.4575693441186,1.0
2,631,682.3675983866597,467.1850951310867,677.3675983866597,462.1850951310867,687.3675983866597,472.1850951310867,1.0
2,632,682.5329753999226,467.66184188988444,677.5329753999226,462.66184188988444,687.5329753999226,472.66184188988444,1.0
2,633,682.5853325705659,467.1527370130588,677.5853325705659,462.1527370130588,687.5853325705659,472.1527370130588,1.0
2,634,682.9109201740591,468.59764714306425,677.9109201740591,463.59764714306425,687.9109201740591,473.59764714306425,1.0
2,635,682.8874009136956,470.37077364049253,677.8874009136956,465.37077364049253,687.8874009136956,475.37077364049253,1.0
2,636,682.335553041912,472.0807130881382,677.335553041912,467.0807130881382,687.335553041912,477.0807130881382,1.0
2,637,682.6390319976499,473.1706041560183,677.6390319976499,468.1706041560183,687.6390319976499,478.1706041560183,1.0
2,638,683.4398424761844,475.5759318302746,678.4398424761844,470.5759318302746,688.4398424761844,480.5759318302746,1.0
2,639,684.1275366537388,477.08431741016966,679.1275366537388,472.08431741016966,689.1275366537388,482.08431741016966,1.0
2,640,685.6872450157325,478.52706563467297,680.6872450157325,473.52706563467297,690.6872450157325,483.52706563467297,1.0
2,641,687.0009204014291,481.14379901281825,682.0009204014291,476.14379901281825,692.0009204014291,486.14379901281825,1.0
2,642,689.0323812105087,482.9942086609794,684.0323812105087,477.9942086609794,694.0323812105087,487.9942086609794,1.0
2,643,692.0168796195214,483.31189113280413,687.0168796195214,478.31189113280413,697.0168796195214,488.31189113280413,1.0
2,644,694.7911244274355,483.5242871288201,689.7911244274355,478.5242871288201,699.7911244274355,488.5242871288201,1.0
2,645,695.5145753492352,483.80284665325894,690.5145753492352,478.80284665325894,700.5145753492352,488.80284665325894,1.0
2,646,696.3054603046298,484.4035681541736,691.3054603046298,479.4035681541736,701.3054603046298,489.4035681541736,1.0
2,647,697.4782055935323,485.4631156940127,692.4782055935323,480.4631156940127,702.4782055935323,490.4631156940127,1.0
2,648,698.2441081596323,486.44445127058947,693.2441081596323,481.44445127058947,703.2441081596323,491.44445127058947,1.0
2,649,699.5083032057709,487.02481399563004,694.5083032057709,482.02481399563004,704.5083032057709,492.02481399563004,1.0
2,650,699.0525525173168,487.83004588651846,694.0525525173168,482.83004588651846,704.0525525173168,492.83004588651846,1.0
2,651,699.8486996213633,487.65794992085296,694.8486996213633,482.65794992085296,704.8486996213633,492.65794992085296,1.0
2,652,702.9673784204973,488.0323699403863,697.9673784204973,483.0323699403863,707.9673784204973,493.0323699403863,1.0
2,653,706.8147577662219,488.69061458546815,701.8147577662219,483.69061458546815,711.8147577662219,493.69061458546815,1.0
2,654,708.5847062483809,487.8377082187269,703.5847062483809,482.8377082187269,713.5847062483809,492.8377082187269,1.0
2,655,708.9154847107186,485.61762052673356,703.9154847107186,480.61762052673356,713.9154847107186,490.61762052673356,1.0
2,656,709.5026217696586,482.04100557613407,704.5026217696586,477.04100557613407,714.5026217696586,487.04100557613407,1.0
2,657,710.3348201543017,479.71498855601044,705.3348201543017,474.71498855601044,715.3348201543017,484.71498855601044,1.0
2,658,712.0480305521488,477.7837359509939,707.0480305521488,472.7837359509939,717.0480305521488,482.7837359509939,1.0
2,659,715.3997347227302,478.06822736016096,710.3997347227302,473.06822736016096,720.3997347227302,483.06822736016096,1.0
2,660,718.4413899128998,476.3170863137259,713.4413899128998,471.3170863137259,723.4413899128998,481.3170863137259,1.0
2,661,718.0871533735461,473.87824625116355,713.0871533735461,468.87824625116355,723.0871533735461,478.87824625116355,1.0
2,662,715.7298760518291,471.723518805836,710.7298760518291,466.723518805836,720.7298760518291,476.723518805836,1.0
2,663,713.7417556876699,470.3503376134314,708.7417556876699,465.3503376134314,718.7417556876699,475.3503376134314,1.0
2,664,713.682427273425,470.1128219298246,708.682427273425,465.1128219298246,718.682427273425,475.1128219298246,1.0
2,665,713.7220823021611,470.0627502384313,708.7220823021611,465.0627502384313,718.7220823021611,475.0627502384313,1.0
2,666,712.6417081714826,469.90073297260284,707.6417081714826,464.90073297260284,717.6417081714826,474.90073297260284,1.0
2,667,710.9201535123278,469.2409662439329,705.9201535123278,464.2409662439329,715.9201535123278,474.2409662439329,1.0
2,668,709.6795240694194,468.7673650651533,704.6795240694194,463.7673650651533,714.6795240694194,473.7673650651533,1.0
2,669,709.4940625972592,468.8730019038173,704.4940625972592,463.8730019038173,714.4940625972592,473.8730019038173,1.0
2,670,709.2898301267088,469.38406936362514,704.2898301267088,464.38406936362514,714.2898301267088,474.38406936362514,1.0
2,671,708.481031608939,469.42850846467957,703.481031608939,464.42850846467957,713.481031608939,474.42850846467957,1.0
2,672,707.1387271172116,468.0662234694755,702.1387271172116,463.0662234694755,712.1387271172116,473.0662234694755,1.0
2,673,706.0223595671165,467.331853718285,701.0223595671165,462.331853718285,711.0223595671165,472.331853718285,1.0
2,674,704.3160325311303,465.15965517026603,699.3160325311303,460.15965517026603,709.3160325311303,470.15965517026603,1.0
2,675,702.302290455752,462.3688151952085,697.302290455752,457.3688151952085,707.302290455752,467.3688151952085,1.0
2,676,701.1568278486752,461.22131171286827,696.1568278486752,456.22131171286827,706.1568278486752,466.22131171286827,1.0
2,677,700.5386836191523,461.0112919364745,695.5386836191523,456.0112919364745,705.5386836191523,466.0112919364745,1.0
2,678,698.3735805736035,460.3090249943495,693.3735805736035,455.3090249943495,703.3735805736035,465.3090249943495,1.0
2,679,699.2871684452147,460.60337404552706,694.2871684452147,455.60337404552706,704.2871684452147,465.60337404552706,1.0
2,680,700.9476561316258,462.9263686164436,695.9476561316258,457.9263686164436,705.9476561316258,467.9263686164436,1.0
2,681,704.0805705646778,464.6036791254208,699.0805705646778,459.6036791254208,709.0805705646778,469.6036791254208,1.0
2,682,707.2498708414964,466.3426708941437,702.2498708414964,461.3426708941437,712.2498708414964,471.3426708941437,1.0
2,683,709.8460365302095,466.23187554296385,704.8460365302095,461.23187554296385,714.8460365302095,471.23187554296385,1.0
2,684,712.1306845116031,465.7101509195146,707.1306845116031,460.7101509195146,717.1306845116031,470.7101509195146,1.0
2,685,714.0308017575683,466.6728202221633,709.0308017575683,461.6728202221633,719.0308017575683,471.6728202221633,1.0
2,686,714.3968606495922,468.02760592930485,709.3968606495922,463.02760592930485,719.3968606495922,473.02760592930485,1.0
2,687,712.3298142127643,470.2153574129374,707.3298142127643,465.2153574129374,717.3298142127643,475.2153574129374,1.0
2,688,711.6412285231983,471.3864390753797,706.6412285231983,466.3864390753797,716.6412285231983,476.3864390753797,1.0
2,689,710.6288442027696,471.64364259549694,705.6288442027696,466.64364259549694,715.6288442027696,476.64364259549694,1.0
2,690,708.7159589514706,470.44529980418577,703.7159589514706,465.44529980418577,713.7159589514706,475.44529980418577,1.0
2,691,706.8131583258767,467.4618566893032,701.8131583258767,462.4618566893032,711.8131583258767,472.4618566893032,1.0
2,692,708.0814171512804,465.6157950181031,703.0814171512804,460.6157950181031,713.0814171512804,470.6157950181031,1.0
2,693,710.1610155621551,464.0294387776787,705.1610155621551,459.0294387776787,715.1610155621551,469.0294387776787,1.0
2,694,712.1963797735605,461.23968114996075,707.1963797735605,456.23968114996075,717.1963797735605,466.23968114996075,1.0
2,695,714.6467552885396,457.6038021152172,709.6467552885396,452.6038021152172,719.6467552885396,462.6038021152172,1.0
2,696,714.7398780738056,455.33346050731143,709.7398780738056,450.33346050731143,719.7398780738056,460.33346050731143,1.0
2,697,714.9731936159143,455.5737096643761,709.9731936159143,450.5737096643761,719.9731936159143,460.5737096643761,1.0
2,698,714.9184918163012,457.289292722657,709.9184918163012,452.289292722657,719.9184918163012,462.289292722657,1.0
2,699,714.6506955009801,459.5957744171072,709.6506955009801,454.5957744171072,719.6506955009801,464.5957744171072,1.0
2,700,711.9726776724735,462.80489278403655,706.9726776724735,457.80489278403655,716.9726776724735,467.80489278403655,1.0
2,701,709.713934420523,465.25328745077593,704.713934420523,460.25328745077593,714.713934420523,470.25328745077593,1.0
2,702,707.6454106331129,465.39355711434746,702.6454106331129,460.39355711434746,712.6454106331129,470.39355711434746,1.0
2,703,707.2668451578832,466.04073406691805,702.2668451578832,461.04073406691805,712.2668451578832,471.04073406691805,1.0
2,704,706.8003887183478,465.6344536704536,701.8003887183478,460.6344536704536,711.8003887183478,470.6344536704536,1.0
2,705,707.9295727752011,467.36414383209103,702.9295727752011,462.36414383209103,712.9295727752011,472.36414383209103,1.0
2,706,710.681528353789,467.40924238371355,705.681528353789,462.40924238371355,715.681528353789,472.40924238371355,1.0
2,707,714.0325475488695,466.60204110082,709.0325475488695,461.60204110082,719.0325475488695,471.60204110082,1.0
2,708,717.0056916059252,465.5874735273515,712.0056916059252,460.5874735273515,722.0056916059252,470.5874735273515,1.0
2,709,717.3555438953158,465.61519600467653,712.3555438953158,460.61519600467653,722.3555438953158,470.61519600467653,1.0
2,710,715.9733085529682,465.26506844658235,710.9733085529682,460.26506844658235,720.9733085529682,470.26506844658235,1.0
2,711,713.4257930149162,465.0042899900967,708.4257930149162,460.0042899900967,718.4257930149162,470.0042899900967,1.0
2,712,712.8281766062906,466.0112135300193,707.8281766062906,461.0112135300193,717.8281766062906,471.0112135300193,1.0
2,713,712.9000114450133,467.3063554491735,707.9000114450133,462.3063554491735,717.9000114450133,472.3063554491735,1.0
2,714,712.0248745440435,469.7757042421888,707.0248745440435,464.7757042421888,717.0248745440435,474.7757042421888,1.0
2,715,709.6667974801837,472.2149506320013,704.6667974801837,467.2149506320013,714.6667974801837,477.2149506320013,1.0
2,716,707.9448361437308,473.1029317746447,702.9448361437308,468.1029317746447,712.9448361437308,478.1029317746447,1.0
2,717,706.0419471731431,472.3639730188494,701.0419471731431,467.3639730188494,711.0419471731431,477.3639730188494,1.0
2,718,705.2920207618648,471.9535683217697,700.2920207618648,466.9535683217697,710.2920207618648,476.9535683217697,1.0
2,719,704.902569218734,473.14454230866164,699.902569218734,468.14454230866164,709.902569218734,478.14454230866164,1.0
2,720,703.4144281125716,473.25132958580076,698.4144281125716,468.25132958580076,708.4144281125716,478.25132958580076,1.0
2,721,701.5081633886829,473.2887720442651,696.5081633886829,468.2887720442651,706.5081633886829,478.2887720442651,1.0
2,722,699.2345671818898,472.26439918222695,694.2345671818898,467.26439918222695,704.2345671818898,477.26439918222695,1.0
2,723,698.5230378134145,471.1855309525756,693.5230378134145,466.1855309525756,703.5230378134145,476.1855309525756,1.0
2,724,697.5922341735721,469.9771459826087,692.5922341735721,464.9771459826087,702.5922341735721,474.9771459826087,1.0
2,725,696.8754634205538,468.97288839822187,691.8754634205538,463.97288839822187,701.8754634205538,473.97288839822187,1.0
2,726,696.7375893668753,469.3800789753209,691.7375893668753,464.3800789753209,701.7375893668753,474.3800789753209,1.0
2,727,697.9111236078438,470.32693943485447,692.9111236078438,465.32693943485447,702.9111236078438,475.32693943485447,1.0
2,728,697.2580005558582,472.0482904633278,692.2580005558582,467.0482904633278,702.2580005558582,477.0482904633278,1.0
2,729,696.2306686326012,473.01525082381374,691.2306686326012,468.01525082381374,701.2306686326012,478.01525082381374,1.0
2,730,694.5619616979347,474.3613277576793,689.5619616979347,469.3613277576793,699.5619616979347,479.3613277576793,1.0
2,731,693.2373674745537,474.81072524984603,688.2373674745537,469.81072524984603,698.2373674745537,479.81072524984603,1.0
2,732,693.1876283885153,473.79210047708443,688.1876283885153,468.79210047708443,698.1876283885153,478.79210047708443,1.0
2,733,691.2938323648282,473.41162973541964,686.2938323648282,468.41162973541964,696.2938323648282,478.41162973541964,1.0
2,734,689.8948655495874,473.36955872381446,684.8948655495874,468.36955872381446,694.8948655495874,478.36955872381446,1.0
2,735,690.5524058330121,472.2332356638487,685.5524058330121,467.2332356638487,695.5524058330121,477.2332356638487,1.0
2,736,690.7660383429942,471.3715853247656,685.7660383429942,466.3715853247656,695.7660383429942,476.3715853247656,1.0
2,737,692.0457596583386,471.2822622640778,687.0457596583386,466.2822622640778,697.0457596583386,476.2822622640778,1.0
2,738,695.125642632505,470.3636143475451,690.125642632505,465.3636143475451,700.125642632505,475.3636143475451,1.0
2,739,698.5790172162247,472.093946834093,693.5790172162247,467.093946834093,703.5790172162247,477.093946834093,1.0
2,740,702.2699061496746,472.08784210451256,697.2699061496746,467.08784210451256,707.2699061496746,477.08784210451256,1.0
2,741,705.9410032772835,472.7135922420099,700.9410032772835,467.7135922420099,710.9410032772835,477.7135922420099,1.0
2,742,708.7905730287171,472.07665765080833,703.7905730287171,467.07665765080833,713.7905730287171,477.07665765080833,1.0
2,743,713.0054685357927,471.02397518573343,708.0054685357927,466.02397518573343,718.0054685357927,476.02397518573343,1.0
2,744,716.1585794637413,469.6471111502649,711.1585794637413,464.6471111502649,721.1585794637413,474.6471111502649,1.0
2,745,716.8855345792808,468.8824631804242,711.8855345792808,463.8824631804242,721.8855345792808,473.8824631804242,1.0
2,746,715.9274615694474,469.8667817017087,710.9274615694474,464.8667817017087,720.9274615694474,474.8667817017087,1.0
2,747,716.9763186765167,471.3591899352547,711.9763186765167,466.3591899352547,721.9763186765167,476.3591899352547,1.0
2,748,717.5675787422307,472.8714194366248,712.5675787422307,467.8714194366248,722.5675787422307,477.8714194366248,1.0
3,0,529.5,59.5,524.5,54.5,534.5,64.5,1.0
3,1,529.4621279656368,59.48293751126078,524.4621279656368,54.48293751126078,534.4621279656368,64.48293751126079,1.0
3,2,529.4613517151574,59.47251469399717,524.4613517151574,54.47251469399717,534.4613517151574,64.47251469399717,1.0
3,3,529.4389696302904,59.453806678035384,524.4389696302904,54.453806678035384,534.4389696302904,64.45380667803539,1.0
3,4,529.4391297852228,59.391142185349715,524.4391297852228,54.391142185349715,534.4391297852228,64.39114218534971,1.0
3,5,529.4494493914557,59.34363811034802,524.4494493914557,54.34363811034802,534.4494493914557,64.34363811034802,1.0
3,6,529.4214725472053,59.32563895309164,524.4214725472053,54.32563895309164,534.4214725472053,64.32563895309164,1.0
3,7,529.4203861110094,59.31615486252288,524.4203861110094,54.31615486252288,534.4203861110094,64.31615486252288,1.0
3,8,529.4240114593309,59.27815638199525,524.4240114593309,54.27815638199525,534.4240114593309,64.27815638199525,1.0
3,9,529.429332780356,59.272176663680234,524.429332780356,54.272176663680234,534.429332780356,64.27217666368023,1.0
3,10,529.4337243493393,59.240608067977774,524.4337243493393,54.240608067977774,534.4337243493393,64.24060806797777,1.0
3,11,529.460124554541,59.20219537496765,524.460124554541,54.20219537496765,534.460124554541,64.20219537496766,1.0
3,12,529.5047416803113,59.15442819403216,524.5047416803113,54.15442819403216,534.5047416803113,64.15442819403216,1.0
3,13,529.5568322723633,59.14986469326092,524.5568322723633,54.14986469326092,534.5568322723633,64.14986469326092,1.0
3,14,529.6104864007557,59.19192551725474,524.6104864007557,54.19192551725474,534.6104864007557,64.19192551725473,1.0
3,15,529.6567438134313,59.28316527156451,524.6567438134313,54.28316527156451,534.6567438134313,64.28316527156451,1.0
3,16,529.6953115015848,59.368398840388465,524.6953115015848,54.368398840388465,534.6953115015848,64.36839884038847,1.0
3,17,529.7249486486005,59.415569087112424,524.7249486486005,54.415569087112424,534.7249486486005,64.41556908711243,1.0
3,18,529.7657828120351,59.44656043729356,524.7657828120351,54.44656043729356,534.7657828120351,64.44656043729356,1.0
3,19,529.7845392980786,59.453025231883025,524.7845392980786,54.453025231883025,534.7845392980786,64.45302523188303,1.0
3,20,529.7772173138903,59.4488255936923,524.7772173138903,54.4488255936923,534.7772173138903,64.4488255936923,1.0
3,21,529.7540559939459,59.48990527139874,524.7540559939459,54.48990527139874,534.7540559939459,64.48990527139874,1.0
3,22,529.7310462089598,59.55050455934073,524.7310462089598,54.55050455934073,534.7310462089598,64.55050455934074,1.0
3,23,529.7328287111787,59.574763516220514,524.7328287111787,54.574763516220514,534.7328287111787,64.57476351622051,1.0
3,24,529.7203982737782,59.59854152488014,524.7203982737782,54.59854152488014,534.7203982737782,64.59854152488015,1.0
3,25,529.700877423105,59.56926292676551,524.700877423105,54.56926292676551,534.700877423105,64.5692629267655,1.0
3,26,529.676220218711,59.5367395343578,524.676220218711,54.5367395343578,534.676220218711,64.53673953435779,1.0
3,27,529.6659478996487,59.48966389216368,524.6659478996487,54.48966389216368,534.6659478996487,64.48966389216368,1.0
3,28,529.6703283354545,59.44567083820951,524.6703283354545,54.44567083820951,534.6703283354545,64.44567083820951,1.0
3,29,529.6598566970845,59.40983856409837,524.6598566970845,54.40983856409837,534.6598566970845,64.40983856409838,1.0
3,30,529.6494443918286,59.42610430103081,524.6494443918286,54.42610430103081,534.6494443918286,64.42610430103082,1.0
3,31,529.5897855326141,59.437799566228,524.5897855326141,54.437799566228,534.5897855326141,64.437799566228,1.0
3,32,529.4938184104086,59.45192636361375,524.4938184104086,54.45192636361375,534.4938184104086,64.45192636361375,1.0
3,33,529.4261317460429,59.45289543633868,524.4261317460429,54.45289543633868,534.4261317460429,64.45289543633868,1.0
3,34,529.3724660328119,59.445104372770764,524.3724660328119,54.445104372770764,534.3724660328119,64.44510437277077,1.0
3,35,529.3211193614148,59.49427886307604,524.3211193614148,54.49427886307604,534.3211193614148,64.49427886307603,1.0
3,36,529.2878872552717,59.49963630397049,524.2878872552717,54.49963630397049,534.2878872552717,64.49963630397049,1.0
3,37,529.3082945585256,59.51030171540434,524.3082945585256,54.51030171540434,534.3082945585256,64.51030171540434,1.0
3,38,529.3498218846804,59.491526042482086,524.3498218846804,54.491526042482086,534.3498218846804,64.49152604248209,1.0
3,39,529.4109986131402,59.48569652017003,524.4109986131402,54.48569652017003,534.4109986131402,64.48569652017002,1.0
3,40,529.4671243280799,59.49333175045799,524.4671243280799,54.49333175045799,534.4671243280799,64.493331750458,1.0
3,41,529.5395316260156,59.489911395791644,524.5395316260156,54.489911395791644,534.5395316260156,64.48991139579164,1.0
3,42,529.6163713757405,59.49462120533472,524.6163713757405,54.49462120533472,534.6163713757405,64.49462120533471,1.0
3,43,529.689239673119,59.506629182217296,524.689239673119,54.506629182217296,534.689239673119,64.5066291822173,1.0
3,44,529.7866653612178,59.48743827417516,524.7866653612178,54.48743827417516,534.7866653612178,64.48743827417516,1.0
3,45,529.8496484141314,59.4585238455038,524.8496484141314,54.4585238455038,534.8496484141314,64.4585238455038,1.0
3,46,529.921671775281,59.47395105174008,524.921671775281,54.47395105174008,534.921671775281,64.47395105174007,1.0
3,47,530.0142345356179,59.534582950057256,525.0142345356179,54.534582950057256,535.0142345356179,64.53458295005726,1.0
3,48,530.1065128072223,59.5657803246353,525.1065128072223,54.5657803246353,535.1065128072223,64.5657803246353,1.0
3,49,530.1664684685844,59.60251328913595,525.1664684685844,54.60251328913595,535.1664684685844,64.60251328913594,1.0
3,50,530.2233441346997,59.673549714270926,525.2233441346997,54.673549714270926,535.2233441346997,64.67354971427093,1.0
3,51,530.2812327409215,59.741309439057744,525.2812327409215,54.741309439057744,535.2812327409215,64.74130943905774,1.0
3,52,530.3035251897971,59.805401011474245,525.3035251897971,54.805401011474245,535.3035251897971,64.80540101147425,1.0
3,53,530.3367308665546,59.833626576021324,525.3367308665546,54.833626576021324,535.3367308665546,64.83362657602132,1.0
3,54,530.3425980491642,59.88996704554497,525.3425980491642,54.88996704554497,535.3425980491642,64.88996704554498,1.0
3,55,530.3264434089741,59.92462872368149,525.3264434089741,54.92462872368149,535.3264434089741,64.92462872368148,1.0
3,56,530.3318871249168,59.95930030789971,525.3318871249168,54.95930030789971,535.3318871249168,64.95930030789971,1.0
3,57,530.3217818771692,60.00117954344519,525.3217818771692,55.00117954344519,535.3217818771692,65.00117954344519,1.0
3,58,530.2892173746486,60.02537728123853,525.2892173746486,55.02537728123853,535.2892173746486,65.02537728123852,1.0
3,59,530.2630096496488,60.06968633309779,525.2630096496488,55.06968633309779,535.2630096496488,65.06968633309779,1.0
3,60,530.244595567276,60.12454236992826,525.244595567276,55.12454236992826,535.244595567276,65.12454236992826,1.0
3,61,530.2022237276692,60.16491411099206,525.2022237276692,55.16491411099206,535.2022237276692,65.16491411099206,1.0
3,62,530.1790606109192,60.193589669304465,525.1790606109192,55.193589669304465,535.1790606109192,65.19358966930446,1.0
3,63,530.1514471262559,60.222934933822536,525.1514471262559,55.222934933822536,535.1514471262559,65.22293493382253,1.0
3,64,530.148450241835,60.238494540358865,525.148450241835,55.238494540358865,535.148450241835,65.23849454035886,1.0
3,65,530.1415837923872,60.28760624012532,525.1415837923872,55.28760624012532,535.1415837923872,65.28760624012531,1.0
3,66,530.1590847256404,60.292089017492906,525.1590847256404,55.292089017492906,535.1590847256404,65.29208901749291,1.0
3,67,530.1928789608604,60.29978475196766,525.1928789608604,55.29978475196766,535.1928789608604,65.29978475196765,1.0
3,68,530.2256840737778,60.31549909482594,525.2256840737778,55.31549909482594,535.2256840737778,65.31549909482594,1.0
3,69,530.2519273373364,60.341071390587146,525.2519273373364,55.341071390587146,535.2519273373364,65.34107139058715,1.0
3,70,530.2950561063394,60.428771001201454,525.2950561063394,55.428771001201454,535.2950561063394,65.42877100120145,1.0
3,71,530.3037473001623,60.51382326372209,525.3037473001623,55.51382326372209,535.3037473001623,65.51382326372209,1.0
3,72,530.3184648972768,60.62493175688474,525.3184648972768,55.62493175688474,535.3184648972768,65.62493175688473,1.0
3,73,530.3737819434767,60.70981002328535,525.3737819434767,55.70981002328535,535.3737819434767,65.70981002328534,1.0
3,74,530.4114420576319,60.831810949609164,525.4114420576319,55.831810949609164,535.4114420576319,65.83181094960916,1.0
3,75,530.4659779795378,60.90836488362423,525.4659779795378,55.90836488362423,535.4659779795378,65.90836488362423,1.0
3,76,530.51224093709,60.90850590823099,525.51224093709,55.90850590823099,535.51224093709,65.90850590823099,1.0
3,77,530.5414328570314,60.94355553194658,525.5414328570314,55.94355553194658,535.5414328570314,65.94355553194657,1.0
3,78,530.5639711799895,60.970967475946026,525.5639711799895,55.970967475946026,535.5639711799895,65.97096747594603,1.0
3,79,530.5576110013888,61.02159891889634,525.5576110013888,56.02159891889634,535.5576110013888,66.02159891889633,1.0
3,80,530.5311806882492,61.048540218399594,525.5311806882492,56.048540218399594,535.5311806882492,66.0485402183996,1.0
3,81,530.5060351384691,61.06008113558223,525.5060351384691,56.06008113558223,535.5060351384691,66.06008113558224,1.0
3,82,530.4991295783084,61.07708961570528,525.4991295783084,56.07708961570528,535.4991295783084,66.07708961570529,1.0
3,83,530.4894573185568,61.07629198675633,525.4894573185568,56.07629198675633,535.4894573185568,66.07629198675633,1.0
3,84,530.4690700886197,61.0822833127524,525.4690700886197,56.0822833127524,535.4690700886197,66.0822833127524,1.0
3,85,530.4392421683722,61.11709996244858,525.4392421683722,56.11709996244858,535.4392421683722,66.11709996244858,1.0
3,86,530.4099277834414,61.147349035318044,525.4099277834414,56.147349035318044,535.4099277834414,66.14734903531804,1.0
3,87,530.4123492230801,61.217255942446286,525.4123492230801,56.217255942446286,535.4123492230801,66.21725594244629,1.0
3,88,530.4735734665275,61.29529424401095,525.4735734665275,56.29529424401095,535.4735734665275,66.29529424401095,1.0
3,89,530.5549468684703,61.354784643719,525.5549468684703,56.354784643719,535.5549468684703,66.354784643719,1.0
3,90,530.6299061914848,61.41689771178631,525.6299061914848,56.41689771178631,535.6299061914848,66.4168977117863,1.0
3,91,530.702380488442,61.48697569689148,525.702380488442,56.48697569689148,535.702380488442,66.48697569689148,1.0
3,92,530.7379759036429,61.506177280010185,525.7379759036429,56.506177280010185,535.7379759036429,66.50617728001018,1.0
3,93,530.7687764840484,61.49022225452852,525.7687764840484,56.49022225452852,535.7687764840484,66.49022225452852,1.0
3,94,530.8243968021068,61.47348243284056,525.8243968021068,56.47348243284056,535.8243968021068,66.47348243284057,1.0
3,95,530.8854465372816,61.49506410395727,525.8854465372816,56.49506410395727,535.8854465372816,66.49506410395728,1.0
3,96,530.9466972784828,61.53591081522653,525.9466972784828,56.53591081522653,535.9466972784828,66.53591081522653,1.0
3,97,531.0145794063901,61.5748421693132,526.0145794063901,56.5748421693132,536.0145794063901,66.5748421693132,1.0
3,98,531.0581760803303,61.59163583338446,526.0581760803303,56.59163583338446,536.0581760803303,66.59163583338446,1.0
3,99,531.1095615757148,61.616862545077645,526.1095615757148,56.616862545077645,536.1095615757148,66.61686254507765,1.0
3,100,531.1405221238891,61.615316486581044,526.1405221238891,56.615316486581044,536.1405221238891,66.61531648658104,1.0
3,101,531.1844192750938,61.63368140969114,526.1844192750938,56.63368140969114,536.1844192750938,66.63368140969115,1.0
3,102,531.2115651423334,61.616086890471564,526.2115651423334,56.616086890471564,536.2115651423334,66.61608689047156,1.0
3,103,531.2315600589894,61.62161050987666,526.2315600589894,56.62161050987666,536.2315600589894,66.62161050987666,1.0
3,104,531.2682055083541,61.61834470860918,526.2682055083541,56.61834470860918,536.2682055083541,66.61834470860919,1.0
3,105,531.3268247588148,61.62929723482522,526.3268247588148,56.62929723482522,536.3268247588148,66.62929723482523,1.0
3,106,531.3632083888626,61.60585761016513,526.3632083888626,56.60585761016513,536.3632083888626,66.60585761016513,1.0
3,107,531.4029039677691,61.61485255812257,526.4029039677691,56.61485255812257,536.4029039677691,66.61485255812258,1.0
3,108,531.4489747514021,61.60569836164807,526.4489747514021,56.60569836164807,536.4489747514021,66.60569836164807,1.0
3,109,531.4690983329563,61.605535240242844,526.4690983329563,56.605535240242844,536.4690983329563,66.60553524024284,1.0
3,110,531.5404213459566,61.6650980956441,526.5404213459566,56.6650980956441,536.5404213459566,66.6650980956441,1.0
3,111,531.6105927868089,61.72946853299301,526.6105927868089,56.72946853299301,536.6105927868089,66.72946853299301,1.0
3,112,531.6770840163961,61.84128968470373,526.6770840163961,56.84128968470373,536.6770840163961,66.84128968470372,1.0
3,113,531.7153920896164,61.963618090004864,526.7153920896164,56.963618090004864,536.7153920896164,66.96361809000487,1.0
3,114,531.7249165262627,62.11171312309638,526.7249165262627,57.11171312309638,536.7249165262627,67.11171312309638,1.0
3,115,531.7303748394387,62.24388601265536,526.7303748394387,57.24388601265536,536.7303748394387,67.24388601265537,1.0
3,116,531.7152365699595,62.3116216147985,526.7152365699595,57.3116216147985,536.7152365699595,67.3116216147985,1.0
3,117,531.7003571074798,62.34682271847032,526.7003571074798,57.34682271847032,536.7003571074798,67.34682271847032,1.0
3,118,531.6963003065352,62.345047603637276,526.6963003065352,57.345047603637276,536.6963003065352,67.34504760363728,1.0
3,119,531.6806105220544,62.336524476055615,526.6806105220544,57.336524476055615,536.6806105220544,67.33652447605562,1.0
3,120,531.6616181059109,62.30005499837121,526.6616181059109,57.30005499837121,536.6616181059109,67.30005499837121,1.0
3,121,531.6434368646682,62.27319841083217,526.6434368646682,57.27319841083217,536.6434368646682,67.27319841083218,1.0
3,122,531.6263685365104,62.25943546782281,526.6263685365104,57.25943546782281,536.6263685365104,67.25943546782281,1.0
3,123,531.6071845808001,62.27902461766786,526.6071845808001,57.27902461766786,536.6071845808001,67.27902461766786,1.0
3,124,531.5781518124518,62.29378157469282,526.5781518124518,57.29378157469282,536.5781518124518,67.29378157469282,1.0
3,125,531.5409525190756,62.28074915868749,526.5409525190756,57.28074915868749,536.5409525190756,67.28074915868748,1.0
3,126,531.521648793276,62.28944109821784,526.521648793276,57.28944109821784,536.521648793276,67.28944109821785,1.0
3,127,531.4780978944958,62.30245448599607,526.4780978944958,57.30245448599607,536.4780978944958,67.30245448599607,1.0
3,128,531.4309603525031,62.349412073573454,526.4309603525031,57.349412073573454,536.4309603525031,67.34941207357346,1.0
3,129,531.3692522019282,62.39996117403586,526.3692522019282,57.39996117403586,536.3692522019282,67.39996117403587,1.0
3,130,531.3240022864013,62.450287370114225,526.3240022864013,57.450287370114225,536.3240022864013,67.45028737011422,1.0
3,131,531.2816844102261,62.50791397213425,526.2816844102261,57.50791397213425,536.2816844102261,67.50791397213425,1.0
3,132,531.2395077935322,62.58728428504583,526.2395077935322,57.58728428504583,536.2395077935322,67.58728428504583,1.0
3,133,531.1837864885472,62.65676297372794,526.1837864885472,57.65676297372794,536.1837864885472,67.65676297372795,1.0
3,134,531.1357545761117,62.69452934619201,526.1357545761117,57.69452934619201,536.1357545761117,67.69452934619201,1.0
3,135,531.1077804564462,62.68567750841896,526.1077804564462,57.68567750841896,536.1077804564462,67.68567750841896,1.0
3,136,531.0911112951409,62.707922740243994,526.0911112951409,57.707922740243994,536.0911112951409,67.70792274024399,1.0
3,137,531.0680146256551,62.7393521196078,526.0680146256551,57.7393521196078,536.0680146256551,67.7393521196078,1.0
3,138,531.0710915435263,62.72200766051398,526.0710915435263,57.72200766051398,536.0710915435263,67.72200766051398,1.0
3,139,531.0730435579225,62.669976731947195,526.0730435579225,57.669976731947195,536.0730435579225,67.6699767319472,1.0
3,140,531.0479472972637,62.6480735696263,526.0479472972637,57.6480735696263,536.0479472972637,67.64807356962629,1.0
3,141,531.0165920467778,62.64509298108335,526.0165920467778,57.64509298108335,536.0165920467778,67.64509298108335,1.0
3,142,530.9778546387045,62.59815482509773,525.9778546387045,57.59815482509773,535.9778546387045,67.59815482509774,1.0
3,143,530.9397040796066,62.53761542180217,525.9397040796066,57.53761542180217,535.9397040796066,67.53761542180217,1.0
3,144,530.9154036556071,62.508805247777815,525.9154036556071,57.508805247777815,535.9154036556071,67.50880524777781,1.0
3,145,530.8772759836963,62.48777705993495,525.8772759836963,57.48777705993495,535.8772759836963,67.48777705993496,1.0
3,146,530.8292959726981,62.4673364184133,525.8292959726981,57.4673364184133,535.8292959726981,67.46733641841331,1.0
3,147,530.801758795137,62.45640371584568,525.801758795137,57.45640371584568,535.801758795137,67.45640371584568,1.0
3,148,530.7573813031404,62.39495517497708,525.7573813031404,57.39495517497708,535.7573813031404,67.39495517497707,1.0
3,149,530.7130111726074,62.27646395858103,525.7130111726074,57.27646395858103,535.7130111726074,67.27646395858103,1.0
3,150,530.6748369360835,62.15839810564529,525.6748369360835,57.15839810564529,535.6748369360835,67.15839810564529,1.0
3,151,530.6499398170532,62.080085406234964,525.6499398170532,57.080085406234964,535.6499398170532,67.08008540623496,1.0
3,152,530.6051299259375,62.034124877079726,525.6051299259375,57.034124877079726,535.6051299259375,67.03412487707973,1.0
3,153,530.5982054956804,61.99429932112565,525.5982054956804,56.99429932112565,535.5982054956804,66.99429932112565,1.0
3,154,530.5758387008976,61.97374223566492,525.5758387008976,56.97374223566492,535.5758387008976,66.97374223566493,1.0
3,155,530.5456622232929,61.98626525356794,525.5456622232929,56.98626525356794,535.5456622232929,66.98626525356795,1.0
3,156,530.5043919331563,62.02646189475209,525.5043919331563,57.02646189475209,535.5043919331563,67.02646189475209,1.0
3,157,530.4901150972222,62.04562818394939,525.4901150972222,57.04562818394939,535.4901150972222,67.04562818394939,1.0
3,158,530.4862264772069,62.04293668436621,525.4862264772069,57.04293668436621,535.4862264772069,67.04293668436621,1.0
3,159,530.5130591971244,62.04473221714867,525.5130591971244,57.04473221714867,535.5130591971244,67.04473221714866,1.0
3,160,530.5086119652549,62.06451207276673,525.5086119652549,57.06451207276673,535.5086119652549,67.06451207276673,1.0
3,161,530.4967971669648,62.11635143132542,525.4967971669648,57.11635143132542,535.4967971669648,67.11635143132543,1.0
3,162,530.4658471579334,62.20332267517907,525.4658471579334,57.20332267517907,535.4658471579334,67.20332267517907,1.0
3,163,530.4286436384259,62.29970327054222,525.4286436384259,57.29970327054222,535.4286436384259,67.29970327054221,1.0
3,164,530.3758550132334,62.41445925473974,525.3758550132334,57.41445925473974,535.3758550132334,67.41445925473974,1.0
3,165,530.3377501404689,62.50044290946428,525.3377501404689,57.50044290946428,535.3377501404689,67.50044290946428,1.0
3,166,530.3104324556489,62.58834657386439,525.3104324556489,57.58834657386439,535.3104324556489,67.58834657386438,1.0
3,167,530.2932141766278,62.71780848255918,525.2932141766278,57.71780848255918,535.2932141766278,67.71780848255918,1.0
3,168,530.2807011237375,62.80257362632156,525.2807011237375,57.80257362632156,535.2807011237375,67.80257362632156,1.0
3,169,530.2738272384039,62.86564427043892,525.2738272384039,57.86564427043892,535.2738272384039,67.86564427043892,1.0
3,170,530.245395951653,62.942295811771466,525.245395951653,57.942295811771466,535.245395951653,67.94229581177146,1.0
3,171,530.1944973728001,62.96008650492672,525.1944973728001,57.96008650492672,535.1944973728001,67.96008650492672,1.0
3,172,530.1339767805115,62.9654560630426,525.1339767805115,57.9654560630426,535.1339767805115,67.96545606304261,1.0
3,173,530.0670131972549,62.97742311593516,525.0670131972549,57.97742311593516,535.0670131972549,67.97742311593515,1.0
3,174,530.0009892088893,62.9818551567146,525.0009892088893,57.9818551567146,535.0009892088893,67.9818551567146,1.0
3,175,529.9677260664245,63.01334134628769,524.9677260664245,58.01334134628769,534.9677260664245,68.01334134628769,1.0
3,176,529.9552522885631,63.05548016492818,524.9552522885631,58.05548016492818,534.9552522885631,68.05548016492818,1.0
3,177,529.9066790730036,63.09415152580203,524.9066790730036,58.09415152580203,534.9066790730036,68.09415152580203,1.0
3,178,529.8641232944632,63.17060893994927,524.8641232944632,58.17060893994927,534.8641232944632,68.17060893994926,1.0
3,179,529.8145138271436,63.26946787645464,524.8145138271436,58.26946787645464,534.8145138271436,68.26946787645464,1.0
3,180,529.785228383235,63.34003444327516,524.785228383235,58.34003444327516,534.785228383235,68.34003444327516,1.0
3,181,529.7460616977083,63.3984106823714,524.7460616977083,58.3984106823714,534.7460616977083,68.3984106823714,1.0
3,182,529.6827410161228,63.447682401182725,524.6827410161228,58.447682401182725,534.6827410161228,68.44768240118273,1.0
3,183,529.6351748137698,63.51257673152666,524.6351748137698,58.51257673152666,534.6351748137698,68.51257673152665,1.0
3,184,529.6131997608952,63.50472664463392,524.6131997608952,58.50472664463392,534.6131997608952,68.50472664463392,1.0
3,185,529.595861877678,63.496688975187524,524.595861877678,58.496688975187524,534.595861877678,68.49668897518752,1.0
3,186,529.5524798177928,63.44361590756102,524.5524798177928,58.44361590756102,534.5524798177928,68.44361590756102,1.0
3,187,529.5087125421798,63.35151595639324,524.5087125421798,58.35151595639324,534.5087125421798,68.35151595639324,1.0
3,188,529.460129356075,63.330672890334945,524.460129356075,58.330672890334945,534.460129356075,68.33067289033494,1.0
3,189,529.4138093974077,63.36653268475319,524.4138093974077,58.36653268475319,534.4138093974077,68.3665326847532,1.0
3,190,529.3687405638024,63.38862152564526,524.3687405638024,58.38862152564526,534.3687405638024,68.38862152564526,1.0
3,191,529.3296865117834,63.336048987059684,524.3296865117834,58.336048987059684,534.3296865117834,68.33604898705968,1.0
3,192,529.3225267297717,63.26664509349156,524.3225267297717,58.26664509349156,534.3225267297717,68.26664509349156,1.0
3,193,529.2688148729668,63.209014413556154,524.2688148729668,58.209014413556154,534.2688148729668,68.20901441355616,1.0
3,194,529.208323178773,63.18278277671781,524.208323178773,58.18278277671781,534.208323178773,68.1827827767178,1.0
3,195,529.1789907944634,63.1649978508051,524.1789907944634,58.1649978508051,534.1789907944634,68.1649978508051,1.0
3,196,529.1438336217701,63.16410719803209,524.1438336217701,58.16410719803209,534.1438336217701,68.1641071980321,1.0
3,197,529.1171225330562,63.166862784679836,524.1171225330562,58.166862784679836,534.1171225330562,68.16686278467984,1.0
3,198,529.0982369054536,63.14261810921072,524.0982369054536,58.14261810921072,534.0982369054536,68.14261810921073,1.0
3,199,529.0976717983859,63.12503323733441,524.0976717983859,58.12503323733441,534.0976717983859,68.1250332373344,1.0
3,200,529.0697093207772,63.08383608178313,524.0697093207772,58.08383608178313,534.0697093207772,68.08383608178313,1.0
3,201,528.9851449481519,62.99338360187127,523.9851449481519,57.99338360187127,533.9851449481519,67.99338360187127,1.0
3,202,528.8750788313407,62.88887639530515,523.8750788313407,57.88887639530515,533.8750788313407,67.88887639530515,1.0
3,203,528.8025812577874,62.79138666350903,523.8025812577874,57.79138666350903,533.8025812577874,67.79138666350903,1.0
3,204,528.715288820665,62.720354121055834,523.715288820665,57.720354121055834,533.715288820665,67.72035412105583,1.0
3,205,528.6058231548685,62.667035634871816,523.6058231548685,57.667035634871816,533.6058231548685,67.66703563487181,1.0
3,206,528.5507886082113,62.57622096085229,523.5507886082113,57.57622096085229,533.5507886082113,67.57622096085228,1.0
3,207,528.504569692362,62.47886291120417,523.504569692362,57.47886291120417,533.504569692362,67.47886291120417,1.0
3,208,528.4811711624471,62.378318699364506,523.4811711624471,57.378318699364506,533.4811711624471,67.37831869936451,1.0
3,209,528.4671270948302,62.31407410368353,523.4671270948302,57.31407410368353,533.4671270948302,67.31407410368354,1.0
3,210,528.5040085157422,62.25559504418372,523.5040085157422,57.25559504418372,533.5040085157422,67.25559504418372,1.0
3,211,528.5304932131777,62.217943404121144,523.5304932131777,57.217943404121144,533.5304932131777,67.21794340412114,1.0
3,212,528.5218627225318,62.196587495353015,523.5218627225318,57.196587495353015,533.5218627225318,67.19658749535301,1.0
3,213,528.5015197007453,62.16603645174888,523.5015197007453,57.16603645174888,533.5015197007453,67.16603645174888,1.0
3,214,528.5206461963107,62.13639276616556,523.5206461963107,57.13639276616556,533.5206461963107,67.13639276616556,1.0
3,215,528.5335177609941,62.12279787219766,523.5335177609941,57.12279787219766,533.5335177609941,67.12279787219765,1.0
3,216,528.5742171148628,62.07316148431502,523.5742171148628,57.07316148431502,533.5742171148628,67.07316148431502,1.0
3,217,528.5774952786468,62.05544969429244,523.5774952786468,57.05544969429244,533.5774952786468,67.05544969429243,1.0
3,218,528.5441885744026,62.016036306910046,523.5441885744026,57.016036306910046,533.5441885744026,67.01603630691005,1.0
3,219,528.5232565626512,61.94707987966124,523.5232565626512,56.94707987966124,533.5232565626512,66.94707987966123,1.0
3,220,528.5223839322827,61.92656078641077,523.5223839322827,56.92656078641077,533.5223839322827,66.92656078641076,1.0
3,221,528.5215847486122,61.93681193641426,523.5215847486122,56.93681193641426,533.5215847486122,66.93681193641426,1.0
3,222,528.5375528507633,61.92923910054208,523.5375528507633,56.92923910054208,533.5375528507633,66.92923910054208,1.0
3,223,528.5490524676828,61.93138894568643,523.5490524676828,56.93138894568643,533.5490524676828,66.93138894568642,1.0
3,224,528.5338030368969,61.91695768837523,523.5338030368969,56.91695768837523,533.5338030368969,66.91695768837522,1.0
3,225,528.5438868249407,61.928627083076826,523.5438868249407,56.928627083076826,533.5438868249407,66.92862708307683,1.0
3,226,528.5575874703468,61.96608985818825,523.5575874703468,56.96608985818825,533.5575874703468,66.96608985818824,1.0
3,227,528.5765695663731,61.964757772697794,523.5765695663731,56.964757772697794,533.5765695663731,66.9647577726978,1.0
3,228,528.5519463582115,61.95191286300866,523.5519463582115,56.95191286300866,533.5519463582115,66.95191286300866,1.0
3,229,528.5110495875894,61.90722584887369,523.5110495875894,56.90722584887369,533.5110495875894,66.9072258488737,1.0
3,230,528.4586268562615,61.83542244520445,523.4586268562615,56.83542244520445,533.4586268562615,66.83542244520444,1.0
3,231,528.4008778141966,61.736415723038945,523.4008778141966,56.736415723038945,533.4008778141966,66.73641572303895,1.0
3,232,528.3370731466616,61.65116397239585,523.3370731466616,56.65116397239585,533.3370731466616,66.65116397239585,1.0
3,233,528.2620841109472,61.561542179836124,523.2620841109472,56.561542179836124,533.2620841109472,66.56154217983612,1.0
3,234,528.2070014885128,61.52874461607688,523.2070014885128,56.52874461607688,533.2070014885128,66.52874461607688,1.0
3,235,528.1706417273334,61.4978592450461,523.1706417273334,56.4978592450461,533.1706417273334,66.4978592450461,1.0
3,236,528.1097418263299,61.51275136166828,523.1097418263299,56.51275136166828,533.1097418263299,66.51275136166828,1.0
3,237,528.0550192730961,61.58271853714672,523.0550192730961,56.58271853714672,533.0550192730961,66.58271853714672,1.0
3,238,527.993582187281,61.659691984193685,522.993582187281,56.659691984193685,532.993582187281,66.65969198419369,1.0
3,239,527.9396693174065,61.6973251415182,522.9396693174065,56.6973251415182,532.9396693174065,66.6973251415182,1.0
3,240,527.8555031604623,61.734107495066105,522.8555031604623,56.734107495066105,532.8555031604623,66.7341074950661,1.0
3,241,527.7592750165499,61.78489786153767,522.7592750165499,56.78489786153767,532.7592750165499,66.78489786153767,1.0
3,242,527.6786781215048,61.8044422255817,522.6786781215048,56.8044422255817,532.6786781215048,66.80444222558171,1.0
3,243,527.6251783009361,61.8534696852744,522.6251783009361,56.8534696852744,532.6251783009361,66.8534696852744,1.0
3,244,527.6094932819552,61.92033928472424,522.6094932819552,56.92033928472424,532.6094932819552,66.92033928472424,1.0
3,245,527.6123213578426,61.97106679297941,522.6123213578426,56.97106679297941,532.6123213578426,66.9710667929794,1.0
3,246,527.6103993441777,62.04016627252866,522.6103993441777,57.04016627252866,532.6103993441777,67.04016627252867,1.0
3,247,527.6359187530713,62.08312481270454,522.6359187530713,57.08312481270454,532.6359187530713,67.08312481270454,1.0
3,248,527.645392194248,62.14031131965435,522.645392194248,57.14031131965435,532.645392194248,67.14031131965436,1.0
3,249,527.6655330240237,62.153583351684,522.6655330240237,57.153583351684,532.6655330240237,67.153583351684,1.0
3,250,527.6570258528974,62.120047839343606,522.6570258528974,57.120047839343606,532.6570258528974,67.12004783934361,1.0
3,251,527.6760539876973,62.07147244377975,522.6760539876973,57.07147244377975,532.6760539876973,67.07147244377975,1.0
3,252,527.668574950365,62.01668586233689,522.668574950365,57.01668586233689,532.668574950365,67.01668586233689,1.0
3,253,527.6418066262967,61.99402966300439,522.6418066262967,56.99402966300439,532.6418066262967,66.9940296630044,1.0
3,254,527.5955685700075,61.94324369444133,522.5955685700075,56.94324369444133,532.5955685700075,66.94324369444132,1.0
3,255,527.5343845436776,61.87634463480903,522.5343845436776,56.87634463480903,532.5343845436776,66.87634463480903,1.0
3,256,527.4946346584105,61.813861009406324,522.4946346584105,56.813861009406324,532.4946346584105,66.81386100940632,1.0
3,257,527.4596582028728,61.74142139017423,522.4596582028728,56.74142139017423,532.4596582028728,66.74142139017422,1.0
3,258,527.4167624684274,61.69370891507066,522.4167624684274,56.69370891507066,532.4167624684274,66.69370891507066,1.0
3,259,527.3732460457397,61.638409158627695,522.3732460457397,56.638409158627695,532.3732460457397,66.6384091586277,1.0
3,260,527.3384170586753,61.577486378402426,522.3384170586753,56.577486378402426,532.3384170586753,66.57748637840243,1.0
3,261,527.293615734282,61.534898055826076,522.293615734282,56.534898055826076,532.293615734282,66.53489805582608,1.0
3,262,527.2606267000533,61.52595777364511,522.2606267000533,56.52595777364511,532.2606267000533,66.5259577736451,1.0
3,263,527.2385878750279,61.51392198679513,522.2385878750279,56.51392198679513,532.2385878750279,66.51392198679514,1.0
3,264,527.2383771402223,61.51257880837858,522.2383771402223,56.51257880837858,532.2383771402223,66.51257880837858,1.0
3,265,527.2336508141531,61.51151573320275,522.2336508141531,56.51151573320275,532.2336508141531,66.51151573320274,1.0
3,266,527.2523102089216,61.49022201378857,522.2523102089216,56.49022201378857,532.2523102089216,66.49022201378857,1.0
3,267,527.2569257399963,61.44091650695429,522.2569257399963,56.44091650695429,532.2569257399963,66.4409165069543,1.0
3,268,527.2446666348611,61.35035009863472,522.2446666348611,56.35035009863472,532.2446666348611,66.35035009863472,1.0
3,269,527.2157883985763,61.281927770665455,522.2157883985763,56.281927770665455,532.2157883985763,66.28192777066545,1.0
3,270,527.2007143716744,61.19047937693543,522.2007143716744,56.19047937693543,532.2007143716744,66.19047937693543,1.0
3,271,527.2054987624159,61.10141111685277,522.2054987624159,56.10141111685277,532.2054987624159,66.10141111685277,1.0
3,272,527.2098487205441,61.038593065152504,522.2098487205441,56.038593065152504,532.2098487205441,66.0385930651525,1.0
3,273,527.2326898033227,60.9962767552823,522.2326898033227,55.9962767552823,532.2326898033227,65.99627675528231,1.0
3,274,527.2828286588201,60.92770134616369,522.2828286588201,55.92770134616369,532.2828286588201,65.92770134616369,1.0
3,275,527.3253232096995,60.862447884463066,522.3253232096995,55.862447884463066,532.3253232096995,65.86244788446307,1.0
3,276,527.3447388626993,60.828621783045534,522.3447388626993,55.828621783045534,532.3447388626993,65.82862178304553,1.0
3,277,527.3999640533535,60.801665132738755,522.3999640533535,55.801665132738755,532.3999640533535,65.80166513273875,1.0
3,278,527.4807249222245,60.780413315401994,522.4807249222245,55.780413315401994,532.4807249222245,65.780413315402,1.0
3,279,527.5383751581774,60.853124609098174,522.5383751581774,55.853124609098174,532.5383751581774,65.85312460909817,1.0
3,280,527.584153318346,60.95259306881337,522.584153318346,55.95259306881337,532.584153318346,65.95259306881337,1.0
3,281,527.6047057459024,60.997227157648254,522.6047057459024,55.997227157648254,532.6047057459024,65.99722715764825,1.0
3,282,527.6319255482557,61.01900681445643,522.6319255482557,56.01900681445643,532.6319255482557,66.01900681445643,1.0
3,283,527.7017681073158,61.055992019554196,522.7017681073158,56.055992019554196,532.7017681073158,66.0559920195542,1.0
3,284,527.759850795798,61.07626301744932,522.759850795798,56.07626301744932,532.759850795798,66.07626301744932,1.0
3,285,527.8012657357611,61.13875750879561,522.8012657357611,56.13875750879561,532.8012657357611,66.1387575087956,1.0
3,286,527.8125371139466,61.2140707938979,522.8125371139466,56.2140707938979,532.8125371139466,66.2140707938979,1.0
3,287,527.8544792073191,61.31368984256101,522.8544792073191,56.31368984256101,532.8544792073191,66.31368984256102,1.0
3,288,527.881870555572,61.39840085871732,522.881870555572,56.39840085871732,532.881870555572,66.39840085871731,1.0
3,289,527.9139717860279,61.525375205822975,522.9139717860279,56.525375205822975,532.9139717860279,66.52537520582297,1.0
3,290,527.9555395752241,61.64814694909038,522.9555395752241,56.64814694909038,532.9555395752241,66.64814694909037,1.0
3,291,527.9859178590987,61.77835133708369,522.9859178590987,56.77835133708369,532.9859178590987,66.77835133708369,1.0
3,292,528.0186508804326,61.837211092343445,523.0186508804326,56.837211092343445,533.0186508804326,66.83721109234344,1.0
3,293,528.0309776837546,61.87360687166578,523.0309776837546,56.87360687166578,533.0309776837546,66.87360687166577,1.0
3,294,528.0642490041149,61.919559245820906,523.0642490041149,56.919559245820906,533.0642490041149,66.9195592458209,1.0
3,295,528.0654413464845,61.92793999037165,523.0654413464845,56.92793999037165,533.0654413464845,66.92793999037164,1.0
3,296,528.0440961601117,61.892567466330185,523.0440961601117,56.892567466330185,533.0440961601117,66.89256746633018,1.0
3,297,528.0152898385495,61.86996240079761,523.0152898385495,56.86996240079761,533.0152898385495,66.86996240079762,1.0
3,298,527.9477105083844,61.82778299466792,522.9477105083844,56.82778299466792,532.9477105083844,66.82778299466793,1.0
3,299,527.9397669155695,61.80791477657292,522.9397669155695,56.80791477657292,532.9397669155695,66.80791477657291,1.0
3,300,527.9263339564914,61.81017549558701,522.9263339564914,56.81017549558701,532.9263339564914,66.810175495587,1.0
3,301,527.9335274081856,61.828639490008435,522.9335274081856,56.828639490008435,532.9335274081856,66.82863949000844,1.0
3,302,527.9374046855183,61.858930953145176,522.9374046855183,56.858930953145176,532.9374046855183,66.85893095314518,1.0
3,303,527.9459293898288,61.89592605995645,522.9459293898288,56.89592605995645,532.9459293898288,66.89592605995645,1.0
3,304,527.9470690315546,61.93204239245951,522.9470690315546,56.93204239245951,532.9470690315546,66.93204239245951,1.0
3,305,527.9559986339046,61.98105041797989,522.9559986339046,56.98105041797989,532.9559986339046,66.98105041797989,1.0
3,306,528.0085108048214,62.0042978915914,523.0085108048214,57.0042978915914,533.0085108048214,67.00429789159139,1.0
3,307,528.0644250886608,62.006522791726226,523.0644250886608,57.006522791726226,533.0644250886608,67.00652279172623,1.0
3,308,528.1151258838894,62.03913940562735,523.1151258838894,57.03913940562735,533.1151258838894,67.03913940562735,1.0
3,309,528.1300475680526,62.06995438001634,523.1300475680526,57.06995438001634,533.1300475680526,67.06995438001634,1.0
3,310,528.1328669874323,62.11182221659842,523.1328669874323,57.11182221659842,533.1328669874323,67.11182221659843,1.0
3,311,528.1403561789537,62.13105026183393,523.1403561789537,57.13105026183393,533.1403561789537,67.13105026183393,1.0
3,312,528.115716445913,62.1203263579042,523.115716445913,57.1203263579042,533.115716445913,67.12032635790419,1.0
3,313,528.1140156638827,62.082791393587016,523.1140156638827,57.082791393587016,533.1140156638827,67.08279139358702,1.0
3,314,528.1342310051987,62.014578029935535,523.1342310051987,57.014578029935535,533.1342310051987,67.01457802993554,1.0
3,315,528.1179614281058,61.924904926451646,523.1179614281058,56.924904926451646,533.1179614281058,66.92490492645165,1.0
3,316,528.1145262550708,61.82899400581314,523.1145262550708,56.82899400581314,533.1145262550708,66.82899400581314,1.0
3,317,528.0924273671528,61.735190288321554,523.0924273671528,56.735190288321554,533.0924273671528,66.73519028832155,1.0
3,318,528.0652861708128,61.70678675153836,523.0652861708128,56.70678675153836,533.0652861708128,66.70678675153836,1.0
3,319,528.0381703874915,61.70761180952801,523.0381703874915,56.70761180952801,533.0381703874915,66.707611809528,1.0
3,320,527.9405159277018,61.71581621777798,522.9405159277018,56.71581621777798,532.9405159277018,66.71581621777798,1.0
3,321,527.8456563934036,61.76271855348787,522.8456563934036,56.76271855348787,532.8456563934036,66.76271855348787,1.0
3,322,527.7653841496592,61.80463002520443,522.7653841496592,56.80463002520443,532.7653841496592,66.80463002520443,1.0
3,323,527.6833988148059,61.806424200780555,522.6833988148059,56.806424200780555,532.6833988148059,66.80642420078055,1.0
3,324,527.6132786621463,61.80791042798324,522.6132786621463,56.80791042798324,532.6132786621463,66.80791042798324,1.0
3,325,527.5594677738853,61.80835188439577,522.5594677738853,56.80835188439577,532.5594677738853,66.80835188439576,1.0
3,326,527.5172289356493,61.78802497338248,522.5172289356493,56.78802497338248,532.5172289356493,66.78802497338248,1.0
3,327,527.5145358993286,61.76279836351854,522.5145358993286,56.76279836351854,532.5145358993286,66.76279836351854,1.0
3,328,527.5177652423318,61.700843985650515,522.5177652423318,56.700843985650515,532.5177652423318,66.70084398565052,1.0
3,329,527.5146581576599,61.65948068641363,522.5146581576599,56.65948068641363,532.5146581576599,66.65948068641363,1.0
3,330,527.525985918226,61.61842956690951,522.525985918226,56.61842956690951,532.525985918226,66.61842956690951,1.0
3,331,527.556231517542,61.663361789681936,522.556231517542,56.663361789681936,532.556231517542,66.66336178968194,1.0
3,332,527.6069847799699,61.73632590432326,522.6069847799699,56.73632590432326,532.6069847799699,66.73632590432325,1.0
3,333,527.6476393687589,61.825650295845094,522.6476393687589,56.825650295845094,532.6476393687589,66.8256502958451,1.0
3,334,527.6732236964359,61.982156230182035,522.6732236964359,56.982156230182035,532.6732236964359,66.98215623018203,1.0
3,335,527.713741470935,62.06999484270791,522.713741470935,57.06999484270791,532.713741470935,67.0699948427079,1.0
3,336,527.7408340390692,62.0969823548914,522.7408340390692,57.0969823548914,532.7408340390692,67.0969823548914,1.0
3,337,527.7532621077739,62.118222525472575,522.7532621077739,57.118222525472575,532.7532621077739,67.11822252547258,1.0
3,338,527.7692349150774,62.13000725570412,522.7692349150774,57.13000725570412,532.7692349150774,67.13000725570413,1.0
3,339,527.7843579379864,62.18108601012495,522.7843579379864,57.18108601012495,532.7843579379864,67.18108601012494,1.0
3,340,527.7717223159588,62.209918114339594,522.7717223159588,57.209918114339594,532.7717223159588,67.20991811433959,1.0
3,341,527.7238636610269,62.20025323143831,522.7238636610269,57.20025323143831,532.7238636610269,67.20025323143831,1.0
3,342,527.6838843206374,62.149179942157325,522.6838843206374,57.149179942157325,532.6838843206374,67.14917994215733,1.0
3,343,527.6349183467879,62.10365007758116,522.6349183467879,57.10365007758116,532.6349183467879,67.10365007758116,1.0
3,344,527.6046494805503,62.07008625126898,522.6046494805503,57.07008625126898,532.6046494805503,67.07008625126898,1.0
3,345,527.5822900272117,62.04228397301218,522.5822900272117,57.04228397301218,532.5822900272117,67.04228397301219,1.0
3,346,527.5587539826369,62.033871093221144,522.5587539826369,57.033871093221144,532.5587539826369,67.03387109322114,1.0
3,347,527.5316831658818,62.01714620275942,522.5316831658818,57.01714620275942,532.5316831658818,67.01714620275942,1.0
3,348,527.5342765534158,62.00292507433301,522.5342765534158,57.00292507433301,532.5342765534158,67.002925074333,1.0
3,349,527.5293131064005,61.9443733101304,522.5293131064005,56.9443733101304,532.5293131064005,66.9443733101304,1.0
3,350,527.5325044552058,61.870906719226795,522.5325044552058,56.870906719226795,532.5325044552058,66.8709067192268,1.0
3,351,527.5223402846028,61.76115574510709,522.5223402846028,56.76115574510709,532.5223402846028,66.76115574510709,1.0
3,352,527.5055979259386,61.666245449519664,522.5055979259386,56.666245449519664,532.5055979259386,66.66624544951966,1.0
3,353,527.5057831291296,61.568253175481004,522.5057831291296,56.568253175481004,532.5057831291296,66.568253175481,1.0
3,354,527.4883441243348,61.45781957730962,522.4883441243348,56.45781957730962,532.4883441243348,66.45781957730962,1.0
3,355,527.4943759883023,61.346137173066765,522.4943759883023,56.346137173066765,532.4943759883023,66.34613717306677,1.0
3,356,527.505250965766,61.218401305996736,522.505250965766,56.218401305996736,532.505250965766,66.21840130599674,1.0
3,357,527.5053837181805,61.13628160052286,522.5053837181805,56.13628160052286,532.5053837181805,66.13628160052286,1.0
3,358,527.4872450547971,61.13224800944992,522.4872450547971,56.13224800944992,532.4872450547971,66.13224800944991,1.0
3,359,527.483048379044,61.13629638446262,522.483048379044,56.13629638446262,532.483048379044,66.13629638446261,1.0
3,360,527.4745999045058,61.159713105592225,522.4745999045058,56.159713105592225,532.4745999045058,66.15971310559223,1.0
3,361,527.4646501686258,61.160452592568824,522.4646501686258,56.160452592568824,532.4646501686258,66.16045259256882,1.0
3,362,527.4482936174743,61.206780286541274,522.4482936174743,56.206780286541274,532.4482936174743,66.20678028654127,1.0
3,363,527.4255304796017,61.2413562175034,522.4255304796017,56.2413562175034,532.4255304796017,66.24135621750341,1.0
3,364,527.3834874483197,61.2910857321755,522.3834874483197,56.2910857321755,532.3834874483197,66.2910857321755,1.0
3,365,527.2914623678504,61.33373056648003,522.2914623678504,56.33373056648003,532.2914623678504,66.33373056648003,1.0
3,366,527.2108175371419,61.318566395828206,522.2108175371419,56.318566395828206,532.2108175371419,66.31856639582821,1.0
3,367,527.151490285828,61.29996619897046,522.151490285828,56.29996619897046,532.151490285828,66.29996619897045,1.0
3,368,527.0840113062151,61.25668580285738,522.0840113062151,56.25668580285738,532.0840113062151,66.25668580285739,1.0
3,369,527.0224244800219,61.26503655604432,522.0224244800219,56.26503655604432,532.0224244800219,66.26503655604432,1.0
3,370,526.9687764538966,61.24772204959004,521.9687764538966,56.24772204959004,531.9687764538966,66.24772204959004,1.0
3,371,526.9255967071612,61.23051316461107,521.9255967071612,56.23051316461107,531.9255967071612,66.23051316461107,1.0
3,372,526.9056581412927,61.19694169771291,521.9056581412927,56.19694169771291,531.9056581412927,66.1969416977129,1.0
3,373,526.9232638906345,61.14919613798989,521.9232638906345,56.14919613798989,531.9232638906345,66.14919613798989,1.0
3,374,526.9042043321627,61.14169952160691,521.9042043321627,56.14169952160691,531.9042043321627,66.14169952160691,1.0
3,375,526.8921236515138,61.148055671045746,521.8921236515138,56.148055671045746,531.8921236515138,66.14805567104574,1.0
3,376,526.8931802040132,61.17857924568786,521.8931802040132,56.17857924568786,531.8931802040132,66.17857924568786,1.0
3,377,526.8692608094077,61.221324997421476,521.8692608094077,56.221324997421476,531.8692608094077,66.22132499742148,1.0
3,378,526.8502939977654,61.255500606172426,521.8502939977654,56.255500606172426,531.8502939977654,66.25550060617243,1.0
3,379,526.8469781237095,61.294148874858735,521.8469781237095,56.294148874858735,531.8469781237095,66.29414887485873,1.0
3,380,526.8610885191704,61.29840347480672,521.8610885191704,56.29840347480672,531.8610885191704,66.29840347480672,1.0
3,381,526.8886315372046,61.32132697815774,521.8886315372046,56.32132697815774,531.8886315372046,66.32132697815774,1.0
3,382,526.9129010330297,61.3310015236276,521.9129010330297,56.3310015236276,531.9129010330297,66.3310015236276,1.0
3,383,526.9305149172335,61.31866970603945,521.9305149172335,56.31866970603945,531.9305149172335,66.31866970603946,1.0
3,384,526.9347143761808,61.264371412278734,521.9347143761808,56.264371412278734,531.9347143761808,66.26437141227873,1.0
3,385,526.9600794255302,61.17749300904176,521.9600794255302,56.17749300904176,531.9600794255302,66.17749300904177,1.0
3,386,526.9982761237196,61.102904409593926,521.9982761237196,56.102904409593926,531.9982761237196,66.10290440959392,1.0
3,387,527.0449553655615,61.11172197916128,522.0449553655615,56.11172197916128,532.0449553655615,66.11172197916127,1.0
3,388,527.09112625482,61.124343014448655,522.09112625482,56.124343014448655,532.09112625482,66.12434301444866,1.0
3,389,527.113152126535,61.10796401451877,522.113152126535,56.10796401451877,532.113152126535,66.10796401451877,1.0
3,390,527.084069821086,61.0715474008135,522.084069821086,56.0715474008135,532.084069821086,66.0715474008135,1.0
3,391,527.0629393245943,61.02468393037283,522.0629393245943,56.02468393037283,532.0629393245943,66.02468393037283,1.0
3,392,527.0543750986723,60.99862468597408,522.0543750986723,55.99862468597408,532.0543750986723,65.99862468597408,1.0
3,393,527.0207760025079,60.9986706069993,522.0207760025079,55.9986706069993,532.0207760025079,65.9986706069993,1.0
3,394,527.0398754477412,60.93747965985764,522.0398754477412,55.93747965985764,532.0398754477412,65.93747965985764,1.0
3,395,527.0461865134874,60.81501954758307,522.0461865134874,55.81501954758307,532.0461865134874,65.81501954758306,1.0
3,396,527.0507205636836,60.714320772000534,522.0507205636836,55.714320772000534,532.0507205636836,65.71432077200053,1.0
3,397,527.045446919757,60.60501025283902,522.045446919757,55.60501025283902,532.045446919757,65.60501025283902,1.0
3,398,527.0401484148005,60.53581671603837,522.0401484148005,55.53581671603837,532.0401484148005,65.53581671603837,1.0
3,399,527.0426572449702,60.47291801202207,522.0426572449702,55.47291801202207,532.0426572449702,65.47291801202206,1.0
3,400,527.0540922555892,60.427255809029646,522.0540922555892,55.427255809029646,532.0540922555892,65.42725580902965,1.0
3,401,527.0673369339687,60.3791213101527,522.0673369339687,55.3791213101527,532.0673369339687,65.3791213101527,1.0
3,402,527.0641169818018,60.34666610000021,522.0641169818018,55.34666610000021,532.0641169818018,65.34666610000022,1.0
3,403,527.0571438113664,60.301333927650106,522.0571438113664,55.301333927650106,532.0571438113664,65.3013339276501,1.0
3,404,527.0475394450156,60.23789972283817,522.0475394450156,55.23789972283817,532.0475394450156,65.23789972283816,1.0
3,405,527.0349212889288,60.18437657076623,522.0349212889288,55.18437657076623,532.0349212889288,65.18437657076623,1.0
3,406,527.0073565707771,60.16788337002988,522.0073565707771,55.16788337002988,532.0073565707771,65.16788337002987,1.0
3,407,526.9955118798382,60.12897544311258,521.9955118798382,55.12897544311258,531.9955118798382,65.12897544311258,1.0
3,408,526.9960086742075,60.10941940013125,521.9960086742075,55.10941940013125,531.9960086742075,65.10941940013126,1.0
3,409,526.9991975893872,60.058911075695555,521.9991975893872,55.058911075695555,531.9991975893872,65.05891107569556,1.0
3,410,527.0060987581653,60.04444954935552,522.0060987581653,55.04444954935552,532.0060987581653,65.04444954935552,1.0
3,411,527.0047548414332,60.023406163725,522.0047548414332,55.023406163725,532.0047548414332,65.023406163725,1.0
3,412,527.0013880910961,59.99504988592151,522.0013880910961,54.99504988592151,532.0013880910961,64.9950498859215,1.0
3,413,527.0009688375957,59.994062348324505,522.0009688375957,54.994062348324505,532.0009688375957,64.9940623483245,1.0
3,414,526.9740206974853,59.99293918809384,521.9740206974853,54.99293918809384,531.9740206974853,64.99293918809384,1.0
3,415,526.968942813221,59.9592149563134,521.968942813221,54.9592149563134,531.968942813221,64.9592149563134,1.0
3,416,526.9568988842523,59.94584887705669,521.9568988842523,54.94584887705669,531.9568988842523,64.94584887705669,1.0
3,417,526.9411029044779,59.94297986813742,521.9411029044779,54.94297986813742,531.9411029044779,64.94297986813743,1.0
3,418,526.9302787831838,59.919294668317555,521.9302787831838,54.919294668317555,531.9302787831838,64.91929466831755,1.0
3,419,526.920905818137,59.87409635500669,521.920905818137,54.87409635500669,531.920905818137,64.87409635500669,1.0
3,420,526.8944909719506,59.84366098938844,521.8944909719506,54.84366098938844,531.8944909719506,64.84366098938844,1.0
3,421,526.858840588333,59.83034078951172,521.858840588333,54.83034078951172,531.858840588333,64.83034078951172,1.0
3,422,526.8655370087423,59.84268713793233,521.8655370087423,54.84268713793233,531.8655370087423,64.84268713793233,1.0
3,423,526.8826025068537,59.864477670324504,521.8826025068537,54.864477670324504,531.8826025068537,64.8644776703245,1.0
3,424,526.8964517445033,59.904335800806955,521.8964517445033,54.904335800806955,531.8964517445033,64.90433580080696,1.0
3,425,526.9199164768473,59.92964295544881,521.9199164768473,54.92964295544881,531.9199164768473,64.92964295544881,1.0
3,426,526.9710947370899,59.909504946650166,521.9710947370899,54.909504946650166,531.9710947370899,64.90950494665017,1.0
3,427,526.9996205250093,59.916894809880006,521.9996205250093,54.916894809880006,531.9996205250093,64.91689480988,1.0
3,428,527.0202722359919,59.95617008583134,522.0202722359919,54.95617008583134,532.0202722359919,64.95617008583133,1.0
3,429,527.0440940847983,59.983446970649794,522.0440940847983,54.983446970649794,532.0440940847983,64.9834469706498,1.0
3,430,527.0190440176538,60.04185988942379,522.0190440176538,55.04185988942379,532.0190440176538,65.04185988942379,1.0
3,431,526.9838974820063,60.10108108796707,521.9838974820063,55.10108108796707,531.9838974820063,65.10108108796706,1.0
3,432,526.9799150356295,60.14964014612454,521.9799150356295,55.14964014612454,531.9799150356295,65.14964014612454,1.0
3,433,526.9835936125111,60.20966310350388,521.9835936125111,55.20966310350388,531.9835936125111,65.20966310350389,1.0
3,434,526.9908552092379,60.32606010993437,521.9908552092379,55.32606010993437,531.9908552092379,65.32606010993436,1.0
3,435,527.0279203546949,60.406352176988065,522.0279203546949,55.406352176988065,532.0279203546949,65.40635217698807,1.0
3,436,527.0745233277707,60.47396822519337,522.0745233277707,55.47396822519337,532.0745233277707,65.47396822519337,1.0
3,437,527.1151149852842,60.558614829750354,522.1151149852842,55.558614829750354,532.1151149852842,65.55861482975035,1.0
3,438,527.1406557396843,60.633790366728014,522.1406557396843,55.633790366728014,532.1406557396843,65.63379036672802,1.0
3,439,527.1595432541058,60.733861647045416,522.1595432541058,55.733861647045416,532.1595432541058,65.73386164704542,1.0
3,440,527.1690458865193,60.79732674514079,522.1690458865193,55.79732674514079,532.1690458865193,65.7973267451408,1.0
3,441,527.1644097412038,60.861592257707464,522.1644097412038,55.861592257707464,532.1644097412038,65.86159225770746,1.0
3,442,527.1200483311019,60.91973836367802,522.1200483311019,55.91973836367802,532.1200483311019,65.91973836367802,1.0
3,443,527.0629165572051,60.99091509222248,522.0629165572051,55.99091509222248,532.0629165572051,65.99091509222248,1.0
3,444,527.0345684593474,61.07051494753078,522.0345684593474,56.07051494753078,532.0345684593474,66.07051494753078,1.0
3,445,527.009490910211,61.155233394804846,522.009490910211,56.155233394804846,532.009490910211,66.15523339480484,1.0
3,446,527.0272885997275,61.24644070625609,522.0272885997275,56.24644070625609,532.0272885997275,66.2464407062561,1.0
3,447,527.0453940029126,61.32603184324468,522.0453940029126,56.32603184324468,532.0453940029126,66.32603184324468,1.0
3,448,527.0631556726902,61.39359588406537,522.0631556726902,56.39359588406537,532.0631556726902,66.39359588406538,1.0
3,449,527.0769809463958,61.46673381180551,522.0769809463958,56.46673381180551,532.0769809463958,66.46673381180551,1.0
3,450,527.0784254846408,61.553330981607154,522.0784254846408,56.553330981607154,532.0784254846408,66.55333098160716,1.0
3,451,527.0814430787266,61.64718195760202,522.0814430787266,56.64718195760202,532.0814430787266,66.64718195760202,1.0
3,452,527.0873717441409,61.72896690387469,522.0873717441409,56.72896690387469,532.0873717441409,66.72896690387469,1.0
3,453,527.0764086780699,61.7881423990211,522.0764086780699,56.7881423990211,532.0764086780699,66.7881423990211,1.0
3,454,527.1034825040879,61.81060457025392,522.1034825040879,56.81060457025392,532.1034825040879,66.81060457025393,1.0
3,455,527.128164253482,61.80938231696234,522.128164253482,56.80938231696234,532.128164253482,66.80938231696234,1.0
3,456,527.1366036864059,61.81058984189281,522.1366036864059,56.81058984189281,532.1366036864059,66.8105898418928,1.0
3,457,527.1322638305769,61.85415857368147,522.1322638305769,56.85415857368147,532.1322638305769,66.85415857368147,1.0
3,458,527.1419407096668,61.87244661194566,522.1419407096668,56.87244661194566,532.1419407096668,66.87244661194566,1.0
3,459,527.1382756030682,61.83618940143132,522.1382756030682,56.83618940143132,532.1382756030682,66.83618940143131,1.0
3,460,527.1534116226662,61.78635672990974,522.1534116226662,56.78635672990974,532.1534116226662,66.78635672990974,1.0
3,461,527.1897102872125,61.74963970778816,522.1897102872125,56.74963970778816,532.1897102872125,66.74963970778816,1.0
3,462,527.2535750903593,61.72370475300934,522.2535750903593,56.72370475300934,532.2535750903593,66.72370475300934,1.0
3,463,527.3038501897998,61.67475795636493,522.3038501897998,56.67475795636493,532.3038501897998,66.67475795636493,1.0
3,464,527.3621380041546,61.639888235710956,522.3621380041546,56.639888235710956,532.3621380041546,66.63988823571096,1.0
3,465,527.4186257724017,61.59275158766921,522.4186257724017,56.59275158766921,532.4186257724017,66.59275158766921,1.0
3,466,527.4531313919537,61.52619546465608,522.4531313919537,56.52619546465608,532.4531313919537,66.52619546465607,1.0
3,467,527.4876394743142,61.469533880117545,522.4876394743142,56.469533880117545,532.4876394743142,66.46953388011755,1.0
3,468,527.4874223556346,61.38980094432352,522.4874223556346,56.38980094432352,532.4874223556346,66.38980094432353,1.0
3,469,527.4589445269844,61.324444950988344,522.4589445269844,56.324444950988344,532.4589445269844,66.32444495098835,1.0
3,470,527.475499387612,61.22071206684631,522.475499387612,56.22071206684631,532.475499387612,66.22071206684632,1.0
3,471,527.4860691150961,61.07161693425289,522.4860691150961,56.07161693425289,532.4860691150961,66.07161693425289,1.0
3,472,527.4647912910254,60.974396801713695,522.4647912910254,55.974396801713695,532.4647912910254,65.9743968017137,1.0
3,473,527.3910678143859,60.91181380799889,522.3910678143859,55.91181380799889,532.3910678143859,65.9118138079989,1.0
3,474,527.3113140681186,60.90417165924709,522.3113140681186,55.90417165924709,532.3113140681186,65.90417165924708,1.0
3,475,527.2473601917069,60.8925110676365,522.2473601917069,55.8925110676365,532.2473601917069,65.89251106763649,1.0
3,476,527.1814000303373,60.87805245409591,522.1814000303373,55.87805245409591,532.1814000303373,65.87805245409591,1.0
3,477,527.120223333711,60.86499856674379,522.120223333711,55.86499856674379,532.120223333711,65.8649985667438,1.0
3,478,527.0927767267801,60.87956155258202,522.0927767267801,55.87956155258202,532.0927767267801,65.87956155258202,1.0
3,479,527.1380426929576,60.90877369089505,522.1380426929576,55.90877369089505,532.1380426929576,65.90877369089506,1.0
3,480,527.1798974167804,60.926362681163454,522.1798974167804,55.926362681163454,532.1798974167804,65.92636268116345,1.0
3,481,527.2337624774515,60.949251457017965,522.2337624774515,55.949251457017965,532.2337624774515,65.94925145701797,1.0
3,482,527.2646892499017,60.92871946623753,522.2646892499017,55.92871946623753,532.2646892499017,65.92871946623754,1.0
3,483,527.2429823144915,60.87914408571856,522.2429823144915,55.87914408571856,532.2429823144915,65.87914408571856,1.0
3,484,527.2446794866037,60.86335195018039,522.2446794866037,55.86335195018039,532.2446794866037,65.86335195018039,1.0
3,485,527.2216854081992,60.85130551848752,522.2216854081992,55.85130551848752,532.2216854081992,65.85130551848752,1.0
3,486,527.1947561633895,60.8351847814893,522.1947561633895,55.8351847814893,532.1947561633895,65.8351847814893,1.0
3,487,527.1763656548652,60.84866936592312,522.1763656548652,55.84866936592312,532.1763656548652,65.84866936592312,1.0
3,488,527.2318980466463,60.827482190719,522.2318980466463,55.827482190719,532.2318980466463,65.827482190719,1.0
3,489,527.3046853271032,60.791613355576416,522.3046853271032,55.791613355576416,532.3046853271032,65.79161335557642,1.0
3,490,527.3618310682099,60.696391998588794,522.3618310682099,55.696391998588794,532.3618310682099,65.6963919985888,1.0
3,491,527.3951915103876,60.56873430732034,522.3951915103876,55.56873430732034,532.3951915103876,65.56873430732034,1.0
3,492,527.4566608051338,60.498408924864535,522.4566608051338,55.498408924864535,532.4566608051338,65.49840892486453,1.0
3,493,527.48836705984,60.44754775728909,522.48836705984,55.44754775728909,532.48836705984,65.44754775728909,1.0
3,494,527.525069582798,60.41966817063127,522.525069582798,55.41966817063127,532.525069582798,65.41966817063127,1.0
3,495,527.5788453167851,60.385468223744084,522.5788453167851,55.385468223744084,532.5788453167851,65.38546822374408,1.0
3,496,527.6118760210236,60.35590222332599,522.6118760210236,55.35590222332599,532.6118760210236,65.35590222332598,1.0
3,497,527.6304903267028,60.307370541166605,522.6304903267028,55.307370541166605,532.6304903267028,65.3073705411666,1.0
3,498,527.6425231332923,60.28096655599991,522.6425231332923,55.28096655599991,532.6425231332923,65.28096655599991,1.0
3,499,527.6586981602377,60.30152962703126,522.6586981602377,55.30152962703126,532.6586981602377,65.30152962703126,1.0
3,500,527.6896864578573,60.343019271461245,522.6896864578573,55.343019271461245,532.6896864578573,65.34301927146124,1.0
3,501,527.7217999011372,60.37245996147691,522.7217999011372,55.37245996147691,532.7217999011372,65.37245996147692,1.0
3,502,527.7724726225546,60.37518334433917,522.7724726225546,55.37518334433917,532.7724726225546,65.37518334433918,1.0
3,503,527.8226940837369,60.38658002947238,522.8226940837369,55.38658002947238,532.8226940837369,65.38658002947238,1.0
3,504,527.8675348892724,60.42260208006184,522.8675348892724,55.42260208006184,532.8675348892724,65.42260208006184,1.0
3,505,527.8954143443802,60.48847487687085,522.8954143443802,55.48847487687085,532.8954143443802,65.48847487687085,1.0
3,506,527.9397225595211,60.58121022401038,522.9397225595211,55.58121022401038,532.9397225595211,65.58121022401038,1.0
3,507,527.9660497492662,60.673150616594874,522.9660497492662,55.673150616594874,532.9660497492662,65.67315061659488,1.0
3,508,527.9654915618906,60.74402996990274,522.9654915618906,55.74402996990274,532.9654915618906,65.74402996990274,1.0
3,509,527.992869736412,60.80652240863723,522.992869736412,55.80652240863723,532.992869736412,65.80652240863722,1.0
3,510,528.0065703234816,60.844811353255785,523.0065703234816,55.844811353255785,533.0065703234816,65.84481135325578,1.0
3,511,528.0234933154484,60.84953169320998,523.0234933154484,55.84953169320998,533.0234933154484,65.84953169320998,1.0
3,512,528.0790150453622,60.88632765875403,523.0790150453622,55.88632765875403,533.0790150453622,65.88632765875403,1.0
3,513,528.1584071975042,60.8863161954179,523.1584071975042,55.8863161954179,533.1584071975042,65.88631619541789,1.0
3,514,528.2335963145881,60.84460184645983,523.2335963145881,55.84460184645983,533.2335963145881,65.84460184645982,1.0
3,515,528.2440237344329,60.83542871503689,523.2440237344329,55.83542871503689,533.2440237344329,65.8354287150369,1.0
3,516,528.2313880810694,60.81192086530239,523.2313880810694,55.81192086530239,533.2313880810694,65.8119208653024,1.0
3,517,528.2013909521188,60.80336010995443,523.2013909521188,55.80336010995443,533.2013909521188,65.80336010995444,1.0
3,518,528.1733352370505,60.78883778626943,523.1733352370505,55.78883778626943,533.1733352370505,65.78883778626943,1.0
3,519,528.1611630325857,60.72563416096729,523.1611630325857,55.72563416096729,533.1611630325857,65.72563416096729,1.0
3,520,528.1509745606445,60.70299744770849,523.1509745606445,55.70299744770849,533.1509745606445,65.7029974477085,1.0
3,521,528.1632093744477,60.680696634158366,523.1632093744477,55.680696634158366,533.1632093744477,65.68069663415837,1.0
3,522,528.1601254263045,60.67802596384524,523.1601254263045,55.67802596384524,533.1601254263045,65.67802596384524,1.0
3,523,528.1732540887828,60.64686942281365,523.1732540887828,55.64686942281365,533.1732540887828,65.64686942281365,1.0
3,524,528.1781668534792,60.6203008245794,523.1781668534792,55.6203008245794,533.1781668534792,65.6203008245794,1.0
3,525,528.1796376588901,60.56040723716309,523.1796376588901,55.56040723716309,533.1796376588901,65.56040723716309,1.0
3,526,528.1939040477423,60.50864159027196,523.1939040477423,55.50864159027196,533.1939040477423,65.50864159027196,1.0
3,527,528.2318421589247,60.43259676239447,523.2318421589247,55.43259676239447,533.2318421589247,65.43259676239447,1.0
3,528,528.2771206354124,60.40047565975269,523.2771206354124,55.40047565975269,533.2771206354124,65.40047565975269,1.0
3,529,528.3240284208116,60.432923481478795,523.3240284208116,55.432923481478795,533.3240284208116,65.4329234814788,1.0
3,530,528.3592515428644,60.489447642858444,523.3592515428644,55.489447642858444,533.3592515428644,65.48944764285844,1.0
3,531,528.3779225670684,60.55423087978792,523.3779225670684,55.55423087978792,533.3779225670684,65.55423087978792,1.0
3,532,528.4174615003737,60.61587278937584,523.4174615003737,55.61587278937584,533.4174615003737,65.61587278937584,1.0
3,533,528.4380357810227,60.65201636420738,523.4380357810227,55.65201636420738,533.4380357810227,65.65201636420738,1.0
3,534,528.4510700164632,60.6739097054186,523.4510700164632,55.6739097054186,533.4510700164632,65.6739097054186,1.0
3,535,528.4619576784087,60.654906463141174,523.4619576784087,55.654906463141174,533.4619576784087,65.65490646314117,1.0
3,536,528.4772004571818,60.59028503447594,523.4772004571818,55.59028503447594,533.4772004571818,65.59028503447594,1.0
3,537,528.4839995692529,60.53127216783848,523.4839995692529,55.53127216783848,533.4839995692529,65.53127216783848,1.0
3,538,528.504520378309,60.44520968240557,523.504520378309,55.44520968240557,533.504520378309,65.44520968240556,1.0
3,539,528.509370595813,60.36121189971937,523.509370595813,55.36121189971937,533.509370595813,65.36121189971936,1.0
3,540,528.5389338297916,60.29699570142833,523.5389338297916,55.29699570142833,533.5389338297916,65.29699570142833,1.0
3,541,528.5552446890385,60.251240741939135,523.5552446890385,55.251240741939135,533.5552446890385,65.25124074193914,1.0
3,542,528.5916650845528,60.21667544764921,523.5916650845528,55.21667544764921,533.5916650845528,65.21667544764921,1.0
3,543,528.6344371915504,60.17536516235915,523.6344371915504,55.17536516235915,533.6344371915504,65.17536516235916,1.0
3,544,528.6805143781355,60.172976419035315,523.6805143781355,55.172976419035315,533.6805143781355,65.17297641903531,1.0
3,545,528.7299444226785,60.192428418690376,523.7299444226785,55.192428418690376,533.7299444226785,65.19242841869038,1.0
3,546,528.7463314180538,60.21259570771215,523.7463314180538,55.21259570771215,533.7463314180538,65.21259570771215,1.0
3,547,528.7593280140886,60.199647416030274,523.7593280140886,55.199647416030274,533.7593280140886,65.19964741603027,1.0
3,548,528.7725583804278,60.22206081013746,523.7725583804278,55.22206081013746,533.7725583804278,65.22206081013746,1.0
3,549,528.7914495675532,60.30190199766447,523.7914495675532,55.30190199766447,533.7914495675532,65.30190199766447,1.0
3,550,528.8080452799396,60.363645873131844,523.8080452799396,55.363645873131844,533.8080452799396,65.36364587313184,1.0
3,551,528.8256214509731,60.413708106736436,523.8256214509731,55.413708106736436,533.8256214509731,65.41370810673644,1.0
3,552,528.8157558836532,60.435256364221175,523.8157558836532,55.435256364221175,533.8157558836532,65.43525636422117,1.0
3,553,528.7918950795826,60.47331098455411,523.7918950795826,55.47331098455411,533.7918950795826,65.4733109845541,1.0
3,554,528.7653291437962,60.50190083132797,523.7653291437962,55.50190083132797,533.7653291437962,65.50190083132797,1.0
3,555,528.7144861848438,60.52356182446381,523.7144861848438,55.52356182446381,533.7144861848438,65.52356182446381,1.0
3,556,528.6251168981569,60.543376545851906,523.6251168981569,55.543376545851906,533.6251168981569,65.54337654585191,1.0
3,557,528.5396784064463,60.51010600158201,523.5396784064463,55.51010600158201,533.5396784064463,65.51010600158202,1.0
3,558,528.4964718375526,60.45532374172954,523.4964718375526,55.45532374172954,533.4964718375526,65.45532374172954,1.0
3,559,528.4686758755535,60.404690590885046,523.4686758755535,55.404690590885046,533.4686758755535,65.40469059088505,1.0
3,560,528.4477755501755,60.375840822434945,523.4477755501755,55.375840822434945,533.4477755501755,65.37584082243495,1.0
3,561,528.4188569138717,60.34748556033447,523.4188569138717,55.34748556033447,533.4188569138717,65.34748556033446,1.0
3,562,528.3848039077907,60.32573420304442,523.3848039077907,55.32573420304442,533.3848039077907,65.32573420304442,1.0
3,563,528.3455756146633,60.352416883317446,523.3455756146633,55.352416883317446,533.3455756146633,65.35241688331745,1.0
3,564,528.3071327987773,60.376002443191716,523.3071327987773,55.376002443191716,533.3071327987773,65.37600244319171,1.0
3,565,528.2663776228119,60.38315402846159,523.2663776228119,55.38315402846159,533.2663776228119,65.38315402846159,1.0
3,566,528.2162666763887,60.375033133760574,523.2162666763887,55.375033133760574,533.2162666763887,65.37503313376058,1.0
3,567,528.132520629865,60.33394657797088,523.132520629865,55.33394657797088,533.132520629865,65.33394657797088,1.0
3,568,528.0578628728532,60.33562529451634,523.0578628728532,55.33562529451634,533.0578628728532,65.33562529451635,1.0
3,569,527.9788196831843,60.303893094473814,522.9788196831843,55.303893094473814,532.9788196831843,65.3038930944738,1.0
3,570,527.8886721434491,60.269366091867916,522.8886721434491,55.269366091867916,532.8886721434491,65.26936609186791,1.0
3,571,527.8183592179394,60.260360828307526,522.8183592179394,55.260360828307526,532.8183592179394,65.26036082830753,1.0
3,572,527.7089764593061,60.255514999840635,522.7089764593061,55.255514999840635,532.7089764593061,65.25551499984064,1.0
3,573,527.6367021276418,60.275175405094295,522.6367021276418,55.275175405094295,532.6367021276418,65.2751754050943,1.0
3,574,527.5845280529948,60.247187219440534,522.5845280529948,55.247187219440534,532.5845280529948,65.24718721944053,1.0
3,575,527.5612556649965,60.23390346359226,522.5612556649965,55.23390346359226,532.5612556649965,65.23390346359227,1.0
3,576,527.561985137143,60.22885488802122,522.561985137143,55.22885488802122,532.561985137143,65.22885488802122,1.0
3,577,527.6033842843359,60.23264784594927,522.6033842843359,55.23264784594927,532.6033842843359,65.23264784594927,1.0
3,578,527.637509198391,60.25392541408468,522.637509198391,55.25392541408468,532.637509198391,65.25392541408468,1.0
3,579,527.6477028685625,60.2458300231291,522.6477028685625,55.2458300231291,532.6477028685625,65.2458300231291,1.0
3,580,527.6324086595232,60.23968193135666,522.6324086595232,55.23968193135666,532.6324086595232,65.23968193135666,1.0
3,581,527.6491231545817,60.23374765211068,522.6491231545817,55.23374765211068,532.6491231545817,65.23374765211068,1.0
3,582,527.6252241289058,60.28494153183767,522.6252241289058,55.28494153183767,532.6252241289058,65.28494153183766,1.0
3,583,527.6322613620569,60.27764367712752,522.6322613620569,55.27764367712752,532.6322613620569,65.27764367712751,1.0
3,584,527.6395394933271,60.261005180958094,522.6395394933271,55.261005180958094,532.6395394933271,65.2610051809581,1.0
3,585,527.65254838881,60.28334888650605,522.65254838881,55.28334888650605,532.65254838881,65.28334888650605,1.0
3,586,527.6749882915055,60.32917736510726,522.6749882915055,55.32917736510726,532.6749882915055,65.32917736510726,1.0
3,587,527.679330355284,60.3535722472367,522.679330355284,55.3535722472367,532.679330355284,65.3535722472367,1.0
3,588,527.6841218897373,60.36311552198802,522.6841218897373,55.36311552198802,532.6841218897373,65.36311552198802,1.0
3,589,527.7091856043581,60.4090423991027,522.7091856043581,55.4090423991027,532.7091856043581,65.4090423991027,1.0
3,590,527.7220421046335,60.423604808715744,522.7220421046335,55.423604808715744,532.7220421046335,65.42360480871574,1.0
3,591,527.7157917341505,60.40371906151862,522.7157917341505,55.40371906151862,532.7157917341505,65.40371906151861,1.0
3,592,527.701254520498,60.40399842665875,522.701254520498,55.40399842665875,532.701254520498,65.40399842665875,1.0
3,593,527.6542621833361,60.3738609584028,522.6542621833361,55.3738609584028,532.6542621833361,65.3738609584028,1.0
3,594,527.6024619057551,60.334111851064435,522.6024619057551,55.334111851064435,532.6024619057551,65.33411185106443,1.0
3,595,527.5306587743618,60.262155487642595,522.5306587743618,55.262155487642595,532.5306587743618,65.26215548764259,1.0
3,596,527.4789793164845,60.21044172911658,522.4789793164845,55.21044172911658,532.4789793164845,65.21044172911658,1.0
3,597,527.4420520716549,60.15934950918575,522.4420520716549,55.15934950918575,532.4420520716549,65.15934950918574,1.0
3,598,527.4393764188738,60.10171690619072,522.4393764188738,55.10171690619072,532.4393764188738,65.10171690619072,1.0
3,599,527.4617409787105,60.02803598749278,522.4617409787105,55.02803598749278,532.4617409787105,65.02803598749279,1.0
3,600,527.4785926212052,59.94098915839258,522.4785926212052,54.94098915839258,532.4785926212052,64.94098915839258,1.0
3,601,527.486497371394,59.84804512908589,522.486497371394,54.84804512908589,532.486497371394,64.84804512908589,1.0
3,602,527.4739316506475,59.81275178064863,522.4739316506475,54.81275178064863,532.4739316506475,64.81275178064863,1.0
3,603,527.4555455348208,59.87280735820988,522.4555455348208,54.87280735820988,532.4555455348208,64.87280735820988,1.0
3,604,527.4379463515884,59.97543555757044,522.4379463515884,54.97543555757044,532.4379463515884,64.97543555757045,1.0
3,605,527.4300421547847,60.08108726915279,522.4300421547847,55.08108726915279,532.4300421547847,65.08108726915279,1.0
3,606,527.4691222859295,60.15527080019766,522.4691222859295,55.15527080019766,532.4691222859295,65.15527080019766,1.0
3,607,527.4955716674534,60.250142698668924,522.4955716674534,55.250142698668924,532.4955716674534,65.25014269866892,1.0
3,608,527.519194596811,60.36300500309236,522.519194596811,55.36300500309236,532.519194596811,65.36300500309235,1.0
3,609,527.5419383555716,60.417253432428744,522.5419383555716,55.417253432428744,532.5419383555716,65.41725343242874,1.0
3,610,527.598080568192,60.442267030583224,522.598080568192,55.442267030583224,532.598080568192,65.44226703058322,1.0
3,611,527.596450037863,60.40623201232951,522.596450037863,55.40623201232951,532.596450037863,65.40623201232951,1.0
3,612,527.5790613933556,60.36560920257244,522.5790613933556,55.36560920257244,532.5790613933556,65.36560920257244,1.0
3,613,527.5745529182818,60.34248984164466,522.5745529182818,55.34248984164466,532.5745529182818,65.34248984164466,1.0
3,614,527.5511738924203,60.30434525328908,522.5511738924203,55.30434525328908,532.5511738924203,65.30434525328909,1.0
3,615,527.5303826816292,60.28600065421756,522.5303826816292,55.28600065421756,532.5303826816292,65.28600065421756,1.0
3,616,527.5413760587167,60.28509217649125,522.5413760587167,55.28509217649125,532.5413760587167,65.28509217649125,1.0
3,617,527.5538781842616,60.283041679208345,522.5538781842616,55.283041679208345,532.5538781842616,65.28304167920834,1.0
3,618,527.5540638215699,60.25154294896579,522.5540638215699,55.25154294896579,532.5540638215699,65.25154294896579,1.0
3,619,527.5990570535224,60.223859379560665,522.5990570535224,55.223859379560665,532.5990570535224,65.22385937956066,1.0
3,620,527.6367608522676,60.1991595387133,522.6367608522676,55.1991595387133,532.6367608522676,65.1991595387133,1.0
3,621,527.6348155055084,60.1236092662942,522.6348155055084,55.1236092662942,532.6348155055084,65.12360926629421,1.0
3,622,527.62633078282,60.080845342459924,522.62633078282,55.080845342459924,532.62633078282,65.08084534245992,1.0
3,623,527.6529487529108,60.02097596870274,522.6529487529108,55.02097596870274,532.6529487529108,65.02097596870274,1.0
3,624,527.677846776358,59.95733839574157,522.677846776358,54.95733839574157,532.677846776358,64.95733839574157,1.0
3,625,527.6930913145102,59.92734347543755,522.6930913145102,54.92734347543755,532.6930913145102,64.92734347543755,1.0
3,626,527.7043730065893,59.90045454020795,522.7043730065893,54.90045454020795,532.7043730065893,64.90045454020796,1.0
3,627,527.7211277918195,59.88056747250772,522.7211277918195,54.88056747250772,532.7211277918195,64.88056747250772,1.0
3,628,527.754908368224,59.855829487657246,522.754908368224,54.855829487657246,532.754908368224,64.85582948765725,1.0
3,629,527.7607236981812,59.82470256273949,522.7607236981812,54.82470256273949,532.7607236981812,64.82470256273949,1.0
3,630,527.7631645113862,59.811531310092036,522.7631645113862,54.811531310092036,532.7631645113862,64.81153131009204,1.0
3,631,527.7828491692675,59.801966317042556,522.7828491692675,54.801966317042556,532.7828491692675,64.80196631704256,1.0
3,632,527.8395235493772,59.789274803522076,522.8395235493772,54.789274803522076,532.8395235493772,64.78927480352208,1.0
3,633,527.8989507582568,59.81269752389191,522.8989507582568,54.81269752389191,532.8989507582568,64.81269752389191,1.0
3,634,527.9828327140584,59.8572391237932,522.9828327140584,54.8572391237932,532.9828327140584,64.85723912379319,1.0
3,635,528.022239466791,59.91985779058918,523.022239466791,54.91985779058918,533.022239466791,64.91985779058918,1.0
3,636,528.0399010271449,59.96856683248334,523.0399010271449,54.96856683248334,533.0399010271449,64.96856683248333,1.0
3,637,528.0549768033796,59.98312082904233,523.0549768033796,54.98312082904233,533.0549768033796,64.98312082904232,1.0
3,638,528.0659982378892,59.988674191870224,523.0659982378892,54.988674191870224,533.0659982378892,64.98867419187022,1.0
3,639,528.064017719409,60.00818561055616,523.064017719409,55.00818561055616,533.064017719409,65.00818561055615,1.0
3,640,528.0600523879019,60.09083516383764,523.0600523879019,55.09083516383764,533.0600523879019,65.09083516383764,1.0
3,641,528.0882510413265,60.19138877664209,523.0882510413265,55.19138877664209,533.0882510413265,65.1913887766421,1.0
3,642,528.128070371486,60.27275229554143,523.128070371486,55.27275229554143,533.128070371486,65.27275229554144,1.0
3,643,528.1312002349323,60.38149639762904,523.1312002349323,55.38149639762904,533.1312002349323,65.38149639762904,1.0
3,644,528.1228072093837,60.505810508179806,523.1228072093837,55.505810508179806,533.1228072093837,65.5058105081798,1.0
3,645,528.1220002373268,60.59954936184689,523.1220002373268,55.59954936184689,533.1220002373268,65.5995493618469,1.0
3,646,528.1230173489786,60.65863271512849,523.1230173489786,55.65863271512849,533.1230173489786,65.65863271512849,1.0
3,647,528.204269203613,60.65078134354322,523.204269203613,55.65078134354322,533.204269203613,65.65078134354323,1.0
3,648,528.2805007132112,60.62886196975359,523.2805007132112,55.62886196975359,533.2805007132112,65.62886196975359,1.0
3,649,528.3483746830268,60.579531041375276,523.3483746830268,55.579531041375276,533.3483746830268,65.57953104137528,1.0
3,650,528.363499858624,60.55115765270895,523.363499858624,55.55115765270895,533.363499858624,65.55115765270895,1.0
3,651,528.3573438679973,60.55206818536007,523.3573438679973,55.55206818536007,533.3573438679973,65.55206818536007,1.0
3,652,528.3580534435899,60.5489865806022,523.3580534435899,55.5489865806022,533.3580534435899,65.54898658060219,1.0
3,653,528.3397089942022,60.49818829115361,523.3397089942022,55.49818829115361,533.3397089942022,65.49818829115361,1.0
3,654,528.3292396642859,60.48981403466259,523.3292396642859,55.48981403466259,533.3292396642859,65.48981403466259,1.0
3,655,528.326753248823,60.465361437888134,523.326753248823,55.465361437888134,533.326753248823,65.46536143788813,1.0
3,656,528.3577226267948,60.46101679274118,523.3577226267948,55.46101679274118,533.3577226267948,65.46101679274118,1.0
3,657,528.3713127470841,60.445082261614125,523.3713127470841,55.445082261614125,533.3713127470841,65.44508226161412,1.0
3,658,528.3531605472425,60.44400021423271,523.3531605472425,55.44400021423271,533.3531605472425,65.44400021423272,1.0
3,659,528.3666202834103,60.4596600632026,523.3666202834103,55.4596600632026,533.3666202834103,65.45966006320259,1.0
3,660,528.3902103272384,60.48765025734961,523.3902103272384,55.48765025734961,533.3902103272384,65.4876502573496,1.0
3,661,528.410219401834,60.51261757986206,523.410219401834,55.51261757986206,533.410219401834,65.51261757986205,1.0
3,662,528.4214559208798,60.54078136522395,523.4214559208798,55.54078136522395,533.4214559208798,65.54078136522395,1.0
3,663,528.3932791574848,60.56905746686856,523.3932791574848,55.56905746686856,533.3932791574848,65.56905746686856,1.0
3,664,528.3510163167814,60.61108653453494,523.3510163167814,55.61108653453494,533.3510163167814,65.61108653453493,1.0
3,665,528.3089238572771,60.67136076402289,523.3089238572771,55.67136076402289,533.3089238572771,65.6713607640229,1.0
3,666,528.2712929978813,60.68851103145443,523.2712929978813,55.68851103145443,533.2712929978813,65.68851103145442,1.0
3,667,528.2454068821716,60.732340604750384,523.2454068821716,55.732340604750384,533.2454068821716,65.73234060475039,1.0
3,668,528.2140288349426,60.74267103028823,523.2140288349426,55.74267103028823,533.2140288349426,65.74267103028822,1.0
3,669,528.197480096771,60.73282741129467,523.197480096771,55.73282741129467,533.197480096771,65.73282741129466,1.0
3,670,528.2091437651724,60.71142641153417,523.2091437651724,55.71142641153417,533.2091437651724,65.71142641153418,1.0
3,671,528.2212622325634,60.69732131391095,523.2212622325634,55.69732131391095,533.2212622325634,65.69732131391095,1.0
3,672,528.234316684112,60.69853194343354,523.234316684112,55.69853194343354,533.234316684112,65.69853194343354,1.0
3,673,528.2537515933495,60.715388258373,523.2537515933495,55.715388258373,533.2537515933495,65.715388258373,1.0
3,674,528.2585172268163,60.705583489325335,523.2585172268163,55.705583489325335,533.2585172268163,65.70558348932533,1.0
3,675,528.2862689276435,60.689288511855814,523.2862689276435,55.689288511855814,533.2862689276435,65.6892885118558,1.0
3,676,528.3108320458582,60.664533418450645,523.3108320458582,55.664533418450645,533.3108320458582,65.66453341845065,1.0
3,677,528.3462800855854,60.649668205303044,523.3462800855854,55.649668205303044,533.3462800855854,65.64966820530304,1.0
3,678,528.359037365078,60.6168838668363,523.359037365078,55.6168838668363,533.359037365078,65.6168838668363,1.0
3,679,528.3770823891554,60.57964752285441,523.3770823891554,55.57964752285441,533.3770823891554,65.5796475228544,1.0
3,680,528.3839431283723,60.53961664238582,523.3839431283723,55.53961664238582,533.3839431283723,65.53961664238582,1.0
3,681,528.4026140687638,60.515320286015225,523.4026140687638,55.515320286015225,533.4026140687638,65.51532028601522,1.0
3,682,528.4114978828073,60.46973538511077,523.4114978828073,55.46973538511077,533.4114978828073,65.46973538511077,1.0
3,683,528.4121880251863,60.381713155492804,523.4121880251863,55.381713155492804,533.4121880251863,65.3817131554928,1.0
3,684,528.4506261898209,60.26116405053177,523.4506261898209,55.26116405053177,533.4506261898209,65.26116405053176,1.0
3,685,528.4996337811498,60.15744898232839,523.4996337811498,55.15744898232839,533.4996337811498,65.15744898232839,1.0
3,686,528.5582340245252,60.05829130643951,523.5582340245252,55.05829130643951,533.5582340245252,65.05829130643951,1.0
3,687,528.6011803997678,59.94492003992589,523.6011803997678,54.94492003992589,533.6011803997678,64.94492003992589,1.0
3,688,528.6086735523787,59.85004852461223,523.6086735523787,54.85004852461223,533.6086735523787,64.85004852461222,1.0
3,689,528.6076362849816,59.809408876465696,523.6076362849816,54.809408876465696,533.6076362849816,64.8094088764657,1.0
3,690,528.5744355977652,59.75016617505223,523.5744355977652,54.75016617505223,533.5744355977652,64.75016617505223,1.0
3,691,528.5239660506016,59.65161353973726,523.5239660506016,54.65161353973726,533.5239660506016,64.65161353973727,1.0
3,692,528.4864727818554,59.55512231905497,523.4864727818554,54.55512231905497,533.4864727818554,64.55512231905497,1.0
3,693,528.4519968070466,59.490921058386846,523.4519968070466,54.490921058386846,533.4519968070466,64.49092105838685,1.0
3,694,528.4228402538523,59.42540711213774,523.4228402538523,54.42540711213774,533.4228402538523,64.42540711213775,1.0
3,695,528.3636974770053,59.375730709825014,523.3636974770053,54.375730709825014,533.3636974770053,64.375730709825,1.0
3,696,528.3233152093372,59.31832952116758,523.3233152093372,54.31832952116758,533.3233152093372,64.31832952116758,1.0
3,697,528.2617866363328,59.245856554462186,523.2617866363328,54.245856554462186,533.2617866363328,64.2458565544622,1.0
3,698,528.1915619018274,59.229028010873996,523.1915619018274,54.229028010873996,533.1915619018274,64.229028010874,1.0
3,699,528.1185520682344,59.22506846838449,523.1185520682344,54.22506846838449,533.1185520682344,64.22506846838449,1.0
3,700,528.0694878842735,59.20997783670755,523.0694878842735,54.20997783670755,533.0694878842735,64.20997783670755,1.0
3,701,528.0620989937484,59.15547977951033,523.0620989937484,54.15547977951033,533.0620989937484,64.15547977951033,1.0
3,702,528.0493062794532,59.102601981417884,523.0493062794532,54.102601981417884,533.0493062794532,64.10260198141788,1.0
3,703,528.0492519366304,59.026150645875866,523.0492519366304,54.026150645875866,533.0492519366304,64.02615064587587,1.0
3,704,528.0924205632215,58.98883013268926,523.0924205632215,53.98883013268926,533.0924205632215,63.98883013268926,1.0
3,705,528.1425877320431,58.988713207463825,523.1425877320431,53.988713207463825,533.1425877320431,63.988713207463825,1.0
3,706,528.1937368597964,58.998274552698945,523.1937368597964,53.998274552698945,533.1937368597964,63.998274552698945,1.0
3,707,528.19739128145,59.01869463110037,523.19739128145,54.01869463110037,533.19739128145,64.01869463110037,1.0
3,708,528.1943022437971,59.06383929816898,523.1943022437971,54.06383929816898,533.1943022437971,64.06383929816897,1.0
3,709,528.1944791489117,59.09478975150732,523.1944791489117,54.09478975150732,533.1944791489117,64.09478975150732,1.0
3,710,528.1489379124379,59.113400523391405,523.1489379124379,54.113400523391405,533.1489379124379,64.1134005233914,1.0
3,711,528.145381324872,59.08547162743079,523.145381324872,54.08547162743079,533.145381324872,64.08547162743079,1.0
3,712,528.1006858089902,59.02174543163987,523.1006858089902,54.02174543163987,533.1006858089902,64.02174543163987,1.0
3,713,528.037966006215,58.99842365673081,523.037966006215,53.99842365673081,533.037966006215,63.99842365673081,1.0
3,714,527.9692475790089,58.99933600256499,522.9692475790089,53.99933600256499,532.9692475790089,63.99933600256499,1.0
3,715,527.8972603824827,58.97662039168513,522.8972603824827,53.97662039168513,532.8972603824827,63.97662039168513,1.0
3,716,527.8633488790771,58.986720083738014,522.8633488790771,53.986720083738014,532.8633488790771,63.986720083738014,1.0
3,717,527.8679725110741,58.95559491301584,522.8679725110741,53.95559491301584,532.8679725110741,63.95559491301584,1.0
3,718,527.8768139038104,58.883643122604425,522.8768139038104,53.883643122604425,532.8768139038104,63.883643122604425,1.0
3,719,527.9253933916876,58.78669821785597,522.9253933916876,53.78669821785597,532.9253933916876,63.78669821785597,1.0
3,720,527.9886705839875,58.69717068355798,522.9886705839875,53.69717068355798,532.9886705839875,63.69717068355798,1.0
3,721,528.0475954308406,58.58717220646443,523.0475954308406,53.58717220646443,533.0475954308406,63.58717220646443,1.0
3,722,528.0707153355534,58.51252181288932,523.0707153355534,53.51252181288932,533.0707153355534,63.51252181288932,1.0
3,723,528.090586233892,58.4512207825701,523.090586233892,53.4512207825701,533.090586233892,63.4512207825701,1.0
3,724,528.0669103198771,58.428556281034766,523.0669103198771,53.428556281034766,533.0669103198771,63.428556281034766,1.0
3,725,528.0902904234376,58.44902843883969,523.0902904234376,53.44902843883969,533.0902904234376,63.44902843883969,1.0
3,726,528.1011621216247,58.456009171902735,523.1011621216247,53.456009171902735,533.1011621216247,63.456009171902735,1.0
3,727,528.1118225400886,58.47780936657811,523.1118225400886,53.47780936657811,533.1118225400886,63.47780936657811,1.0
3,728,528.1316893579188,58.46792289767203,523.1316893579188,53.46792289767203,533.1316893579188,63.46792289767203,1.0
3,729,528.1756068365065,58.48451959706896,523.1756068365065,53.48451959706896,533.1756068365065,63.48451959706896,1.0
3,730,528.2259429545429,58.514211721022015,523.2259429545429,53.514211721022015,533.2259429545429,63.514211721022015,1.0
3,731,528.2435625976799,58.546567701288616,523.2435625976799,53.546567701288616,533.2435625976799,63.546567701288616,1.0
3,732,528.2498449007583,58.61074774070583,523.2498449007583,53.61074774070583,533.2498449007583,63.61074774070583,1.0
3,733,528.2624375421102,58.65871530531766,523.2624375421102,53.65871530531766,533.2624375421102,63.65871530531766,1.0
3,734,528.2896954096593,58.69314848623987,523.2896954096593,53.69314848623987,533.2896954096593,63.69314848623987,1.0
3,735,528.3513308350274,58.73463195832221,523.3513308350274,53.73463195832221,533.3513308350274,63.73463195832221,1.0
3,736,528.4014350276232,58.74880702248698,523.4014350276232,53.74880702248698,533.4014350276232,63.74880702248698,1.0
3,737,528.4468400547523,58.791280874075625,523.4468400547523,53.791280874075625,533.4468400547523,63.791280874075625,1.0
3,738,528.4988392758951,58.80273860842392,523.4988392758951,53.80273860842392,533.4988392758951,63.80273860842392,1.0
3,739,528.5371882112084,58.817063944478306,523.5371882112084,53.817063944478306,533.5371882112084,63.817063944478306,1.0
3,740,528.5602742432782,58.78792108695747,523.5602742432782,53.78792108695747,533.5602742432782,63.78792108695747,1.0
3,741,528.5501303424026,58.72961190785943,523.5501303424026,53.72961190785943,533.5501303424026,63.72961190785943,1.0
3,742,528.5404500447341,58.690525555848915,523.5404500447341,53.690525555848915,533.5404500447341,63.690525555848915,1.0
3,743,528.5349718074655,58.717720575013864,523.5349718074655,53.717720575013864,533.5349718074655,63.717720575013864,1.0
3,744,528.5447587542332,58.67684646132277,523.5447587542332,53.67684646132277,533.5447587542332,63.67684646132277,1.0
3,745,528.564865749767,58.64120180013084,523.564865749767,53.64120180013084,533.564865749767,63.64120180013084,1.0
3,746,528.5762694018354,58.61680474291735,523.5762694018354,53.61680474291735,533.5762694018354,63.61680474291735,1.0
3,747,528.5879389501041,58.63775283750895,523.5879389501041,53.63775283750895,533.5879389501041,63.63775283750895,1.0
3,748,528.5880336198771,58.67779707389361,523.5880336198771,53.67779707389361,533.5880336198771,63.67779707389361,1.0
4,749,51.0,186.0,46.0,181.0,56.0,191.0,1.0
4,750,48.687186633762515,183.65950468015447,43.687186633762515,178.65950468015447,53.687186633762515,188.65950468015447,1.0
4,751,48.47699871467194,181.84138377536715,43.47699871467194,176.84138377536715,53.47699871467194,186.84138377536715,1.0
4,752,48.03401952894665,180.47925694988814,43.03401952894665,175.47925694988814,53.03401952894665,185.47925694988814,1.0
4,753,47.12821923490861,178.91187181165566,42.12821923490861,173.91187181165566,52.12821923490861,183.91187181165566,1.0
4,754,45.587391738482836,177.40280027347293,40.587391738482836,172.40280027347293,50.587391738482836,182.40280027347293,1.0
4,755,44.0596109813911,175.93486718014304,39.0596109813911,170.93486718014304,49.0596109813911,180.93486718014304,1.0
4,756,42.45111506143463,173.80936129842956,37.45111506143463,168.80936129842956,47.45111506143463,178.80936129842956,1.0
4,757,41.394615502956206,172.06400496450172,36.394615502956206,167.06400496450172,46.394615502956206,177.06400496450172,1.0
4,758,40.8018449335671,170.31116591080288,35.8018449335671,165.31116591080288,45.8018449335671,175.31116591080288,1.0
4,759,40.761188271101034,168.9670586220564,35.761188271101034,163.9670586220564,45.761188271101034,173.9670586220564,1.0
4,760,40.42572779186984,167.55933844235693,35.42572779186984,162.55933844235693,45.42572779186984,172.55933844235693,1.0
4,761,39.976241981686115,166.1918281783359,34.976241981686115,161.1918281783359,44.976241981686115,171.1918281783359,1.0
4,762,39.65318407217289,164.9113937701402,34.65318407217289,159.9113937701402,44.65318407217289,169.9113937701402,1.0
4,763,39.4002743629316,163.23879738740504,34.4002743629316,158.23879738740504,44.4002743629316,168.23879738740504,1.0
4,764,39.22925692605069,161.62882813676683,34.22925692605069,156.62882813676683,44.22925692605069,166.62882813676683,1.0
4,765,38.87569229874225,159.61839608190198,33.87569229874225,154.61839608190198,43.87569229874225,164.61839608190198,1.0
4,766,38.24271467278828,157.69151619036364,33.24271467278828,152.69151619036364,43.24271467278828,162.69151619036364,1.0
4,767,37.640804571181455,155.5318053013522,32.640804571181455,150.5318053013522,42.640804571181455,160.5318053013522,1.0
4,768,36.79042916293251,153.19263956788555,31.79042916293251,148.19263956788555,41.79042916293251,158.19263956788555,1.0
4,769,35.93562855020632,150.7773090560099,30.935628550206317,145.7773090560099,40.93562855020632,155.7773090560099,1.0
4,770,34.89156206883187,148.49511906521948,29.891562068831867,143.49511906521948,39.89156206883187,153.49511906521948,1.0
4,771,33.772012558180876,146.45486101076878,28.772012558180876,141.45486101076878,38.772012558180876,151.45486101076878,1.0
4,772,32.73774877109537,144.3085380384064,27.73774877109537,139.3085380384064,37.73774877109537,149.3085380384064,1.0
4,773,31.522547501718954,142.4079238758343,26.522547501718954,137.4079238758343,36.522547501718954,147.4079238758343,1.0
4,774,30.248369774179494,140.5807683455681,25.248369774179494,135.5807683455681,35.248369774179494,145.5807683455681,1.0
4,775,29.16353432615671,138.4779100162604,24.16353432615671,133.4779100162604,34.16353432615671,143.4779100162604,1.0
4,776,28.377679776157017,136.95507093449623,23.377679776157017,131.95507093449623,33.37767977615702,141.95507093449623,1.0
4,777,27.584542175897486,135.66959685708824,22.584542175897486,130.66959685708824,32.58454217589748,140.66959685708824,1.0
4,778,26.684258512342495,134.6190951704704,21.684258512342495,129.6190951704704,31.684258512342495,139.6190951704704,1.0
4,779,25.826903517974003,132.88990160374829,20.826903517974003,127.88990160374829,30.826903517974003,137.88990160374829,1.0
4,780,25.25952782395858,131.21892091287486,20.25952782395858,126.21892091287486,30.25952782395858,136.21892091287486,1.0
4,781,24.66320270609167,129.96022575825816,19.66320270609167,124.96022575825816,29.66320270609167,134.96022575825816,1.0
4,782,24.020587376309628,129.25170795623566,19.020587376309628,124.25170795623566,29.020587376309628,134.25170795623566,1.0
4,783,23.41764259220402,128.2304179918547,18.41764259220402,123.2304179918547,28.41764259220402,133.2304179918547,1.0
4,784,23.00877511028378,127.5828439920873,18.00877511028378,122.5828439920873,28.00877511028378,132.5828439920873,1.0
4,785,22.966932720244465,126.95946529053964,17.966932720244465,121.95946529053964,27.966932720244465,131.95946529053964,1.0
4,786,23.023450396606844,126.16998072868113,18.023450396606844,121.16998072868113,28.023450396606844,131.16998072868114,1.0
4,787,23.264229129096393,124.67510479091524,18.264229129096393,119.67510479091524,28.264229129096393,129.67510479091524,1.0
4,788,23.50137741152952,123.39345865107686,18.50137741152952,118.39345865107686,28.50137741152952,128.39345865107686,1.0
4,789,23.90472882607363,122.55523530983608,18.90472882607363,117.55523530983608,28.90472882607363,127.55523530983608,1.0
4,790,24.061958851145686,122.29672479932145,19.061958851145686,117.29672479932145,29.061958851145686,127.29672479932145,1.0
4,791,23.858061127186282,122.33933734451766,18.858061127186282,117.33933734451766,28.858061127186282,127.33933734451766,1.0
4,792,23.200442023901754,122.67449420088886,18.200442023901754,117.67449420088886,28.200442023901754,127.67449420088886,1.0
4,793,21.962599413789093,123.41155369692035,16.962599413789093,118.41155369692035,26.962599413789093,128.41155369692035,1.0
4,794,20.63985689493471,124.19054389422175,15.63985689493471,119.19054389422175,25.63985689493471,129.19054389422175,1.0
4,795,19.668544472042484,125.0646845229968,14.668544472042484,120.0646845229968,24.668544472042484,130.0646845229968,1.0
4,796,18.74191149609809,125.99759047751843,13.74191149609809,120.99759047751843,23.74191149609809,130.99759047751843,1.0
4,797,18.021005129153757,127.34048941490931,13.021005129153757,122.34048941490931,23.021005129153757,132.3404894149093,1.0
4,798,17.44437969401899,128.7404854188018,12.444379694018991,123.7404854188018,22.44437969401899,133.7404854188018,1.0
4,799,16.987124500061455,129.97718563359004,11.987124500061455,124.97718563359004,21.987124500061455,134.97718563359004,1.0
4,800,16.86666996527164,131.40965583115224,11.86666996527164,126.40965583115224,21.86666996527164,136.40965583115224,1.0
4,801,16.69270734686988,132.4809126949096,11.69270734686988,127.48091269490959,21.69270734686988,137.4809126949096,1.0
4,802,16.61340794263578,133.6441141704863,11.613407942635781,128.6441141704863,21.61340794263578,138.6441141704863,1.0
4,803,16.657009208242634,134.84833907151005,11.657009208242634,129.84833907151005,21.657009208242634,139.84833907151005,1.0
4,804,16.77597572078949,136.15785473706484,11.77597572078949,131.15785473706484,21.77597572078949,141.15785473706484,1.0
4,805,16.83981453093316,137.68913581780066,11.839814530933161,132.68913581780066,21.83981453093316,142.68913581780066,1.0
4,806,16.89299930362806,139.3385591811711,11.89299930362806,134.3385591811711,21.89299930362806,144.3385591811711,1.0
4,807,17.28087995341452,141.10097124438562,12.28087995341452,136.10097124438562,22.28087995341452,146.10097124438562,1.0
4,808,17.915634421133554,142.5291259500449,12.915634421133554,137.5291259500449,22.915634421133554,147.5291259500449,1.0
4,809,18.94204712560873,143.60238295755065,13.942047125608731,138.60238295755065,23.94204712560873,148.60238295755065,1.0
4,810,19.5926611095956,144.66466646333254,14.5926611095956,139.66466646333254,24.5926611095956,149.66466646333254,1.0
4,811,20.439961359552797,145.94533636211344,15.439961359552797,140.94533636211344,25.439961359552797,150.94533636211344,1.0
4,812,20.981453754730957,147.19996597098486,15.981453754730957,142.19996597098486,25.981453754730957,152.19996597098486,1.0
4,813,21.521344327030466,148.28626893822326,16.521344327030466,143.28626893822326,26.521344327030466,153.28626893822326,1.0
4,814,22.165907604002175,149.14442440687034,17.165907604002175,144.14442440687034,27.165907604002175,154.14442440687034,1.0
4,815,22.972155796999548,150.15725414537246,17.972155796999548,145.15725414537246,27.972155796999548,155.15725414537246,1.0
4,816,23.76251628474228,150.90502304189917,18.76251628474228,145.90502304189917,28.76251628474228,155.90502304189917,1.0
4,817,24.932981733655996,151.5726395760384,19.932981733655996,146.5726395760384,29.932981733655996,156.5726395760384,1.0
4,818,25.922841813166762,152.1606797894073,20.922841813166762,147.1606797894073,30.922841813166762,157.1606797894073,1.0
4,819,27.07715165203448,152.98545353024127,22.07715165203448,147.98545353024127,32.07715165203448,157.98545353024127,1.0
4,820,28.716768240638057,153.90050142390297,23.716768240638057,148.90050142390297,33.71676824063806,158.90050142390297,1.0
4,821,29.946011890356907,154.69196255048834,24.946011890356907,149.69196255048834,34.94601189035691,159.69196255048834,1.0
4,822,31.133754737418165,155.26314535872157,26.133754737418165,150.26314535872157,36.133754737418165,160.26314535872157,1.0
4,823,32.19442459255937,155.75218577215122,27.194424592559372,150.75218577215122,37.19442459255937,160.75218577215122,1.0
4,824,33.28738655121278,156.1298856174243,28.287386551212776,151.1298856174243,38.28738655121278,161.1298856174243,1.0
4,825,34.13911578610826,155.99698319505137,29.139115786108263,150.99698319505137,39.13911578610826,160.99698319505137,1.0
4,826,35.156184236189034,156.3939692329621,30.156184236189034,151.3939692329621,40.156184236189034,161.3939692329621,1.0
4,827,36.26985498453983,156.74698089034183,31.269854984539833,151.74698089034183,41.26985498453983,161.74698089034183,1.0
4,828,37.124606436876235,156.7009877949674,32.124606436876235,151.7009877949674,42.124606436876235,161.7009877949674,1.0
4,829,38.04584984224794,157.06009560912435,33.04584984224794,152.06009560912435,43.04584984224794,162.06009560912435,1.0
4,830,38.92353651179266,157.34563538745644,33.92353651179266,152.34563538745644,43.92353651179266,162.34563538745644,1.0
4,831,40.135173596930215,157.27723757543032,35.135173596930215,152.27723757543032,45.135173596930215,162.27723757543032,1.0
4,832,41.34395211809296,157.09898792861054,36.34395211809296,152.09898792861054,46.34395211809296,162.09898792861054,1.0
4,833,42.57908128653601,157.08245791614334,37.57908128653601,152.08245791614334,47.57908128653601,162.08245791614334,1.0
4,834,43.73653809127917,156.95716311449235,38.73653809127917,151.95716311449235,48.73653809127917,161.95716311449235,1.0
4,835,44.64509933572374,156.53474948666434,39.64509933572374,151.53474948666434,49.64509933572374,161.53474948666434,1.0
4,836,45.504991973193086,156.02146639152568,40.504991973193086,151.02146639152568,50.504991973193086,161.02146639152568,1.0
4,837,46.2258537729359,155.28408558111354,41.2258537729359,150.28408558111354,51.2258537729359,160.28408558111354,1.0
4,838,46.802544649921394,154.3436972936197,41.802544649921394,149.3436972936197,51.802544649921394,159.3436972936197,1.0
4,839,46.9572289938524,153.38741298836456,41.9572289938524,148.38741298836456,51.9572289938524,158.38741298836456,1.0
4,840,47.00159627244272,152.329484578226,42.00159627244272,147.329484578226,52.00159627244272,157.329484578226,1.0
4,841,47.66452537324725,151.43898267247408,42.66452537324725,146.43898267247408,52.66452537324725,156.43898267247408,1.0
4,842,48.27900766395759,150.22335286972836,43.27900766395759,145.22335286972836,53.27900766395759,155.22335286972836,1.0
4,843,48.60801245064858,149.21133195221773,43.60801245064858,144.21133195221773,53.60801245064858,154.21133195221773,1.0
4,844,48.54647958703023,148.06732454019954,43.54647958703023,143.06732454019954,53.54647958703023,153.06732454019954,1.0
4,845,48.59693171522751,147.0709625810727,43.59693171522751,142.0709625810727,53.59693171522751,152.0709625810727,1.0
4,846,48.530948886046275,145.77434753901923,43.530948886046275,140.77434753901923,53.530948886046275,150.77434753901923,1.0
4,847,48.28651836778735,144.7078209460283,43.28651836778735,139.7078209460283,53.28651836778735,149.7078209460283,1.0
4,848,47.873757256512306,143.82012621116783,42.873757256512306,138.82012621116783,52.873757256512306,148.82012621116783,1.0
4,849,47.40130102171159,142.8906500159213,42.40130102171159,137.8906500159213,52.40130102171159,147.8906500159213,1.0
4,850,47.0738933763007,142.1165490476321,42.0738933763007,137.1165490476321,52.0738933763007,147.1165490476321,1.0
4,851,46.66559653916279,141.2118641686368,41.66559653916279,136.2118641686368,51.66559653916279,146.2118641686368,1.0
4,852,46.437947870490035,140.67219855478376,41.437947870490035,135.67219855478376,51.437947870490035,145.67219855478376,1.0
4,853,46.405156267445776,139.9677792945438,41.405156267445776,134.9677792945438,51.405156267445776,144.9677792945438,1.0
4,854,46.19508573356112,138.8698864965002,41.19508573356112,133.8698864965002,51.19508573356112,143.8698864965002,1.0
4,855,45.90402827207939,137.88063129888582,40.90402827207939,132.88063129888582,50.90402827207939,142.88063129888582,1.0
4,856,45.56113756417455,136.5156564980801,40.56113756417455,131.5156564980801,50.56113756417455,141.5156564980801,1.0
4,857,45.540834414271465,135.18849170409794,40.540834414271465,130.18849170409794,50.540834414271465,140.18849170409794,1.0
4,858,46.00117138157057,133.53965626735456,41.00117138157057,128.53965626735456,51.00117138157057,138.53965626735456,1.0
4,859,46.474917663916685,131.63262550119293,41.474917663916685,126.63262550119293,51.474917663916685,136.63262550119293,1.0
4,860,47.09533212571495,129.4368388923525,42.09533212571495,124.43683889235251,52.09533212571495,134.4368388923525,1.0
4,861,47.522833291362446,127.2281859496047,42.522833291362446,122.2281859496047,52.522833291362446,132.2281859496047,1.0
4,862,48.145207733075544,124.87157784022418,43.145207733075544,119.87157784022418,53.145207733075544,129.87157784022418,1.0
4,863,48.3999243247416,122.29788676421818,43.3999243247416,117.29788676421818,53.3999243247416,127.29788676421818,1.0
4,864,48.82948398630088,119.80980901792341,43.82948398630088,114.80980901792341,53.82948398630088,124.80980901792341,1.0
4,865,49.317972646217626,117.71103448727085,44.317972646217626,112.71103448727085,54.317972646217626,122.71103448727085,1.0
4,866,49.52708138000211,115.81425523131097,44.52708138000211,110.81425523131097,54.52708138000211,120.81425523131097,1.0
4,867,49.374424270308616,114.11941161638671,44.374424270308616,109.11941161638671,54.374424270308616,119.11941161638671,1.0
4,868,48.89264861231886,113.06284605779159,43.89264861231886,108.06284605779159,53.89264861231886,118.06284605779159,1.0
4,869,48.49766019044121,112.45822031915736,43.49766019044121,107.45822031915736,53.49766019044121,117.45822031915736,1.0
4,870,48.34120518315426,111.5062202678697,43.34120518315426,106.5062202678697,53.34120518315426,116.5062202678697,1.0
4,871,48.064065439731195,110.34184971151774,43.064065439731195,105.34184971151774,53.064065439731195,115.34184971151774,1.0
4,872,47.60808509228951,109.26227381588538,42.60808509228951,104.26227381588538,52.60808509228951,114.26227381588538,1.0
4,873,46.74849911375913,108.15124082176064,41.74849911375913,103.15124082176064,51.74849911375913,113.15124082176064,1.0
4,874,45.86027194962267,107.36527840324996,40.86027194962267,102.36527840324996,50.86027194962267,112.36527840324996,1.0
4,875,44.4423197649666,106.99513111771748,39.4423197649666,101.99513111771748,49.4423197649666,111.99513111771748,1.0
4,876,43.2243201196777,106.20894717320344,38.2243201196777,101.20894717320344,48.2243201196777,111.20894717320344,1.0
4,877,41.99808150272251,105.28585227545605,36.99808150272251,100.28585227545605,46.99808150272251,110.28585227545605,1.0
4,878,41.39763319799778,104.20156770567873,36.39763319799778,99.20156770567873,46.39763319799778,109.20156770567873,1.0
4,879,40.87375683940105,102.68197779972635,35.87375683940105,97.68197779972635,45.87375683940105,107.68197779972635,1.0
4,880,40.19676102017593,101.34319086951601,35.19676102017593,96.34319086951601,45.19676102017593,106.34319086951601,1.0
4,881,39.31186564899084,99.96191879308074,34.31186564899084,94.96191879308074,44.31186564899084,104.96191879308074,1.0
4,882,38.6335468957368,98.10896654635064,33.6335468957368,93.10896654635064,43.6335468957368,103.10896654635064,1.0
4,883,38.11650547983973,96.27131733923282,33.11650547983973,91.27131733923282,43.11650547983973,101.27131733923282,1.0
4,884,37.67061477083555,94.69096630626672,32.67061477083555,89.69096630626672,42.67061477083555,99.69096630626672,1.0
4,885,37.357705140088896,92.82714464233467,32.357705140088896,87.82714464233467,42.357705140088896,97.82714464233467,1.0
4,886,37.27243613227079,90.92293923986821,32.27243613227079,85.92293923986821,42.27243613227079,95.92293923986821,1.0
4,887,37.332673578209615,89.27280873312709,32.332673578209615,84.27280873312709,42.332673578209615,94.27280873312709,1.0
4,888,37.722366124818045,87.84697988070549,32.722366124818045,82.84697988070549,42.722366124818045,92.84697988070549,1.0
4,889,38.34125555751211,86.39863397496981,33.34125555751211,81.39863397496981,43.34125555751211,91.39863397496981,1.0
4,890,39.2689563905492,85.5156726476327,34.2689563905492,80.5156726476327,44.2689563905492,90.5156726476327,1.0
4,891,39.968984586032285,84.36640545753123,34.968984586032285,79.36640545753123,44.968984586032285,89.36640545753123,1.0
4,892,41.48932489887983,83.14532331425707,36.48932489887983,78.14532331425707,46.48932489887983,88.14532331425707,1.0
4,893,42.43936099358126,82.163797532167,37.43936099358126,77.163797532167,47.43936099358126,87.163797532167,1.0
4,894,43.46672740231177,81.21674080878046,38.46672740231177,76.21674080878046,48.46672740231177,86.21674080878046,1.0
4,895,45.251794494995,80.61894489843378,40.251794494995,75.61894489843378,50.251794494995,85.61894489843378,1.0
4,896,46.786103821801554,80.05164225905533,41.786103821801554,75.05164225905533,51.786103821801554,85.05164225905533,1.0
4,897,47.866179164161665,79.38351382913093,42.866179164161665,74.38351382913093,52.866179164161665,84.38351382913093,1.0
4,898,49.001940840592326,78.7217979001671,44.001940840592326,73.7217979001671,54.001940840592326,83.7217979001671,1.0
4,899,50.10953706406826,77.9117777850101,45.10953706406826,72.9117777850101,55.10953706406826,82.9117777850101,1.0
4,900,51.422790958431875,77.38472259320466,46.422790958431875,72.38472259320466,56.422790958431875,82.38472259320466,1.0
4,901,53.00522551069565,76.51927404081307,48.00522551069565,71.51927404081307,58.00522551069565,81.51927404081307,1.0
4,902,54.602729290990986,75.99392765343566,49.602729290990986,70.99392765343566,59.602729290990986,80.99392765343566,1.0
4,903,56.297710888053516,75.75455980847188,51.297710888053516,70.75455980847188,61.297710888053516,80.75455980847188,1.0
4,904,58.32630750356891,75.86501199772968,53.32630750356891,70.86501199772968,63.32630750356891,80.86501199772968,1.0
4,905,60.301488690952624,75.88425811269438,55.301488690952624,70.88425811269438,65.30148869095262,80.88425811269438,1.0
4,906,62.151713536341155,75.86862613029653,57.151713536341155,70.86862613029653,67.15171353634116,80.86862613029653,1.0
4,907,63.95752719351059,75.63462344752759,58.95752719351059,70.63462344752759,68.9575271935106,80.63462344752759,1.0
4,908,65.88523683366361,75.95236963964817,60.88523683366361,70.95236963964817,70.88523683366361,80.95236963964817,1.0
4,909,68.10724206200102,76.25129082835505,63.10724206200102,71.25129082835505,73.10724206200102,81.25129082835505,1.0
4,910,70.09161764256635,76.42906520058983,65.09161764256635,71.42906520058983,75.09161764256635,81.42906520058983,1.0
4,911,71.71207573890297,76.37684512643207,66.71207573890297,71.37684512643207,76.71207573890297,81.37684512643207,1.0
4,912,73.05598123622514,76.09990601125048,68.05598123622514,71.09990601125048,78.05598123622514,81.09990601125048,1.0
4,913,74.30499183207809,75.60931543239954,69.30499183207809,70.60931543239954,79.30499183207809,80.60931543239954,1.0
4,914,75.2232996322894,75.48592893979975,70.2232996322894,70.48592893979975,80.2232996322894,80.48592893979975,1.0
4,915,76.53049275696287,75.28253217364878,71.53049275696287,70.28253217364878,81.53049275696287,80.28253217364878,1.0
4,916,77.99721880309119,74.54879607649481,72.99721880309119,69.54879607649481,82.99721880309119,79.54879607649481,1.0
4,917,79.6542043384579,73.94371583894774,74.6542043384579,68.94371583894774,84.6542043384579,78.94371583894774,1.0
4,918,81.40191174004488,73.28431533843046,76.40191174004488,68.28431533843046,86.40191174004488,78.28431533843046,1.0
4,919,83.44443983782243,72.4910586478004,78.44443983782243,67.4910586478004,88.44443983782243,77.4910586478004,1.0
4,920,85.41015819568227,71.86287438506754,80.41015819568227,66.86287438506754,90.41015819568227,76.86287438506754,1.0
4,921,87.50880076968981,71.38900488851738,82.50880076968981,66.38900488851738,92.50880076968981,76.38900488851738,1.0
4,922,89.4342069424753,71.23438235063243,84.4342069424753,66.23438235063243,94.4342069424753,76.23438235063243,1.0
4,923,91.27457447614367,70.68465586850107,86.27457447614367,65.68465586850107,96.27457447614367,75.68465586850107,1.0
4,924,93.1929699583018,70.12853821538809,88.1929699583018,65.12853821538809,98.1929699583018,75.12853821538809,1.0
4,925,94.89024004457886,69.8329298439399,89.89024004457886,64.8329298439399,99.89024004457886,74.8329298439399,1.0
4,926,96.48237300613755,69.39711494188134,91.48237300613755,64.39711494188134,101.48237300613755,74.39711494188134,1.0
4,927,97.90871129385584,68.814941591856,92.90871129385584,63.814941591856,102.90871129385584,73.814941591856,1.0
4,928,99.81740224222662,68.43884235602309,94.81740224222662,63.43884235602309,104.81740224222662,73.43884235602309,1.0
4,929,102.0104639370654,68.01460642424045,97.0104639370654,63.014606424240455,107.0104639370654,73.01460642424045,1.0
4,930,104.23859295044115,67.62242117286178,99.23859295044115,62.62242117286178,109.23859295044115,72.62242117286178,1.0
4,931,106.82898850539671,67.36402183738922,101.82898850539671,62.36402183738922,111.82898850539671,72.36402183738922,1.0
4,932,109.5038815538696,66.86671683114218,104.5038815538696,61.866716831142185,114.5038815538696,71.86671683114218,1.0
4,933,112.58862706557025,66.16696239225067,107.58862706557025,61.16696239225067,117.58862706557025,71.16696239225067,1.0
4,934,115.87032972678759,65.57264777653032,110.87032972678759,60.57264777653032,120.87032972678759,70.57264777653032,1.0
4,935,119.25892466229536,64.35796532066928,114.25892466229536,59.35796532066928,124.25892466229536,69.35796532066928,1.0
4,936,122.74755187766436,63.04430326317065,117.74755187766436,58.04430326317065,127.74755187766436,68.04430326317065,1.0
4,937,125.89447442789181,61.784226637426585,120.89447442789181,56.784226637426585,130.8944744278918,66.78422663742658,1.0
4,938,128.9001449319618,60.446607999376624,123.90014493196179,55.446607999376624,133.9001449319618,65.44660799937662,1.0
4,939,132.20222075108495,59.30025598867492,127.20222075108495,54.30025598867492,137.20222075108495,64.30025598867492,1.0
4,940,135.799767772392,58.12919937622358,130.799767772392,53.12919937622358,140.799767772392,63.12919937622358,1.0
4,941,138.95738438332756,57.0444756348993,133.95738438332756,52.0444756348993,143.95738438332756,62.0444756348993,1.0
4,942,142.11793015790403,55.80017827615774,137.11793015790403,50.80017827615774,147.11793015790403,60.80017827615774,1.0
4,943,145.28623681898029,54.19583581737791,140.28623681898029,49.19583581737791,150.28623681898029,59.19583581737791,1.0
4,944,148.29801527314808,52.59839894232482,143.29801527314808,47.59839894232482,153.29801527314808,57.59839894232482,1.0
4,945,151.27714909813034,50.84938360837694,146.27714909813034,45.84938360837694,156.27714909813034,55.84938360837694,1.0
4,946,153.73848676448716,48.960200875262615,148.73848676448716,43.960200875262615,158.73848676448716,53.960200875262615,1.0
4,947,156.39825294777165,46.94647893828977,151.39825294777165,41.94647893828977,161.39825294777165,51.94647893828977,1.0
4,948,159.18603351145697,44.792733397921154,154.18603351145697,39.792733397921154,164.18603351145697,49.792733397921154,1.0
4,949,161.9678134372443,42.49354484838557,156.9678134372443,37.49354484838557,166.9678134372443,47.49354484838557,1.0
4,950,164.63687152248565,40.49045028569094,159.63687152248565,35.49045028569094,169.63687152248565,45.49045028569094,1.0
4,951,166.7275452442413,37.98467670229354,161.7275452442413,32.98467670229354,171.7275452442413,42.98467670229354,1.0
4,952,168.7905032017212,35.913590441755844,163.7905032017212,30.913590441755844,173.7905032017212,40.913590441755844,1.0
4,953,171.1455331952775,33.783549349813256,166.1455331952775,28.783549349813256,176.1455331952775,38.783549349813256,1.0
4,954,173.48754430097324,31.52572631066394,168.48754430097324,26.52572631066394,178.48754430097324,36.52572631066394,1.0
4,955,175.8428055250952,29.783375734821107,170.8428055250952,24.783375734821107,180.8428055250952,34.78337573482111,1.0
4,956,177.930834891827,28.197952457338317,172.930834891827,23.197952457338317,182.930834891827,33.19795245733832,1.0
4,957,179.85913850547686,26.584646902564117,174.85913850547686,21.584646902564117,184.85913850547686,31.584646902564117,1.0
4,958,181.56462718951897,25.586738206935536,176.56462718951897,20.586738206935536,186.56462718951897,30.586738206935536,1.0
4,959,182.95092149706497,24.32558770448125,177.95092149706497,19.32558770448125,187.95092149706497,29.32558770448125,1.0
4,960,184.23277224123905,23.248273011291815,179.23277224123905,18.248273011291815,189.23277224123905,28.248273011291815,1.0
4,961,185.21567565590655,22.45919071820944,180.21567565590655,17.45919071820944,190.21567565590655,27.45919071820944,1.0
4,962,185.8843193927101,21.56391907656959,180.8843193927101,16.56391907656959,190.8843193927101,26.56391907656959,1.0
4,963,186.51830157590825,20.530244527526776,181.51830157590825,15.530244527526776,191.51830157590825,25.530244527526776,1.0
4,964,186.99558183527574,19.611658611245048,181.99558183527574,14.611658611245048,191.99558183527574,24.611658611245048,1.0
4,965,187.48988179315896,18.337989534765256,182.48988179315896,13.337989534765256,192.48988179315896,23.337989534765256,1.0
4,966,187.96148552327895,16.784013992522688,182.96148552327895,11.784013992522688,192.96148552327895,21.784013992522688,1.0
4,967,188.23309674438516,15.262760073547213,183.23309674438516,10.262760073547213,193.23309674438516,20.262760073547213,1.0
4,968,188.5383699284739,14.231489585429443,183.5383699284739,9.231489585429443,193.5383699284739,19.231489585429443,1.0
4,969,188.6866129775772,13.150850214031635,183.6866129775772,8.150850214031635,193.6866129775772,18.150850214031635,1.0
4,970,188.5676514797171,12.172862708304251,183.5676514797171,7.172862708304251,193.5676514797171,17.17286270830425,1.0
4,971,188.73978466872626,11.274326951041559,183.73978466872626,6.274326951041559,193.73978466872626,16.27432695104156,1.0
4,972,188.6090742381558,10.119029944986465,183.6090742381558,5.119029944986465,193.6090742381558,15.119029944986465,1.0
4,973,188.4883788425485,9.246124729217172,183.4883788425485,4.246124729217172,193.4883788425485,14.246124729217172,1.0
4,974,188.0290747190346,8.406891309266484,183.0290747190346,3.4068913092664843,193.0290747190346,13.406891309266484,1.0
4,975,187.8285518715354,7.504383239799125,182.8285518715354,2.5043832397991252,192.8285518715354,12.504383239799125,1.0
4,976,188.04046322357837,6.525836635761976,183.04046322357837,1.5258366357619764,193.04046322357837,11.525836635761976,1.0
4,977,188.3520714823001,6.03390689355038,183.3520714823001,1.0339068935503803,193.3520714823001,11.03390689355038,1.0
4,978,188.4697885233558,5.792712149729709,183.4697885233558,0.7927121497297094,193.4697885233558,10.79271214972971,1.0
4,979,188.45868265990558,5.6822733857545416,183.45868265990558,0.6822733857545416,193.45868265990558,10.682273385754542,1.0
4,980,189.02375539861123,5.582865524694796,184.02375539861123,0.582865524694796,194.02375539861123,10.582865524694796,1.0
4,981,189.79083484534476,5.633145176412455,184.79083484534476,0.6331451764124552,194.79083484534476,10.633145176412455,1.0
4,982,190.29500845635974,5.732441091948374,185.29500845635974,0.7324410919483739,195.29500845635974,10.732441091948374,1.0
4,983,190.71942930897893,5.755067479164865,185.71942930897893,0.7550674791648646,195.71942930897893,10.755067479164865,1.0
4,984,191.07604756096876,6.290056125624744,186.07604756096876,1.2900561256247443,196.07604756096876,11.290056125624744,1.0
4,985,190.7362070772739,7.451041526943868,185.7362070772739,2.451041526943868,195.7362070772739,12.451041526943868,1.0
4,986,190.3719843182196,8.686583934526709,185.3719843182196,3.686583934526709,195.3719843182196,13.686583934526709,1.0
4,987,190.36154804847723,10.13682731762114,185.36154804847723,5.13682731762114,195.36154804847723,15.13682731762114,1.0
4,988,190.08589934604956,11.34069440754746,185.08589934604956,6.34069440754746,195.08589934604956,16.34069440754746,1.0
4,989,189.4079603498027,12.229592732240377,184.4079603498027,7.229592732240377,194.4079603498027,17.229592732240377,1.0
4,990,188.72022952954023,13.12564382216621,183.72022952954023,8.12564382216621,193.72022952954023,18.12564382216621,1.0
4,991,187.74680193218512,14.289010487908456,182.74680193218512,9.289010487908456,192.74680193218512,19.289010487908456,1.0
4,992,186.6481698886708,15.623711812276952,181.6481698886708,10.623711812276952,191.6481698886708,20.62371181227695,1.0
4,993,185.49352803533802,16.797846017715386,180.49352803533802,11.797846017715386,190.49352803533802,21.797846017715386,1.0
4,994,184.0955152461253,18.19984013470787,179.0955152461253,13.19984013470787,189.0955152461253,23.19984013470787,1.0
4,995,182.4963377081716,19.73832122887478,177.4963377081716,14.738321228874781,187.4963377081716,24.73832122887478,1.0
4,996,180.85004875914558,21.499992743869655,175.85004875914558,16.499992743869655,185.85004875914558,26.499992743869655,1.0
4,997,179.17676460335284,23.116591370108154,174.17676460335284,18.116591370108154,184.17676460335284,28.116591370108154,1.0
4,998,177.3847903537213,24.862455191584104,172.3847903537213,19.862455191584104,182.3847903537213,29.862455191584104,1.0
4,999,175.8654300300086,26.869072040085513,170.8654300300086,21.869072040085513,180.8654300300086,31.869072040085513,1.0
4,1000,173.96239397535044,29.292863712734402,168.96239397535044,24.292863712734402,178.96239397535044,34.2928637127344,1.0
4,1001,172.0507458871267,31.750076100827044,167.0507458871267,26.750076100827044,177.0507458871267,36.750076100827044,1.0
4,1002,170.2297187120036,34.105980386809904,165.2297187120036,29.105980386809904,175.2297187120036,39.105980386809904,1.0
4,1003,168.8889338689836,36.23312790452644,163.8889338689836,31.23312790452644,173.8889338689836,41.23312790452644,1.0
4,1004,167.88498702798947,38.135085595485776,162.88498702798947,33.135085595485776,172.88498702798947,43.135085595485776,1.0
4,1005,166.86979955711402,39.65298990767522,161.86979955711402,34.65298990767522,171.86979955711402,44.65298990767522,1.0
4,1006,165.90076266552776,41.38914102163389,160.90076266552776,36.38914102163389,170.90076266552776,46.38914102163389,1.0
4,1007,164.56713318450966,43.3754469505659,159.56713318450966,38.3754469505659,169.56713318450966,48.3754469505659,1.0
4,1008,163.08144341755374,44.99536085383335,158.08144341755374,39.99536085383335,168.08144341755374,49.99536085383335,1.0
4,1009,161.589082268776,46.189966818198144,156.589082268776,41.189966818198144,166.589082268776,51.189966818198144,1.0
4,1010,160.10279428946257,47.72862478716772,155.10279428946257,42.72862478716772,165.10279428946257,52.72862478716772,1.0
4,1011,158.69830345800014,49.099440524328884,153.69830345800014,44.099440524328884,163.69830345800014,54.099440524328884,1.0
4,1012,157.23428541122655,50.44731219570642,152.23428541122655,45.44731219570642,162.23428541122655,55.44731219570642,1.0
4,1013,155.9534688812974,51.631956326334034,150.9534688812974,46.631956326334034,160.9534688812974,56.631956326334034,1.0
4,1014,155.04067379265268,53.08660430496974,150.04067379265268,48.08660430496974,160.04067379265268,58.08660430496974,1.0
4,1015,154.07586345644057,54.620153652222285,149.07586345644057,49.620153652222285,159.07586345644057,59.620153652222285,1.0
4,1016,153.612351489878,55.91449351152602,148.612351489878,50.91449351152602,158.612351489878,60.91449351152602,1.0
4,1017,153.12488526833192,57.08860961642495,148.12488526833192,52.08860961642495,158.12488526833192,62.08860961642495,1.0
4,1018,152.77682904723002,57.922839419153746,147.77682904723002,52.922839419153746,157.77682904723002,62.922839419153746,1.0
4,1019,152.20833180657044,58.67108895794681,147.20833180657044,53.67108895794681,157.20833180657044,63.67108895794681,1.0
4,1020,151.37871285135463,59.52732301703185,146.37871285135463,54.52732301703185,156.37871285135463,64.52732301703185,1.0
4,1021,150.63600634618035,60.394426386753,145.63600634618035,55.394426386753,155.63600634618035,65.394426386753,1.0
4,1022,150.36023432319877,60.621552581152216,145.36023432319877,55.621552581152216,155.36023432319877,65.62155258115222,1.0
4,1023,149.9391932980036,61.43216183811934,144.9391932980036,56.43216183811934,154.9391932980036,66.43216183811934,1.0
4,1024,149.42662887131834,62.02652751399454,144.42662887131834,57.02652751399454,154.42662887131834,67.02652751399454,1.0
4,1025,148.7788037039473,62.52329884539266,143.7788037039473,57.52329884539266,153.7788037039473,67.52329884539266,1.0
4,1026,148.52695114376206,63.35513399023279,143.52695114376206,58.35513399023279,153.52695114376206,68.35513399023279,1.0
4,1027,148.50904236066341,63.9680001200648,143.50904236066341,58.9680001200648,153.50904236066341,68.9680001200648,1.0
4,1028,148.84865542717557,64.70321258501477,143.84865542717557,59.70321258501477,153.84865542717557,69.70321258501477,1.0
4,1029,149.04794870486782,65.63842070148623,144.04794870486782,60.638420701486226,154.04794870486782,70.63842070148623,1.0
4,1030,148.65507494417756,66.64004637662809,143.65507494417756,61.64004637662809,153.65507494417756,71.64004637662809,1.0
4,1031,148.15676763905287,68.19319863219694,143.15676763905287,63.19319863219694,153.15676763905287,73.19319863219694,1.0
4,1032,147.7037505952506,70.010896411398,142.7037505952506,65.010896411398,152.7037505952506,75.010896411398,1.0
4,1033,147.5146223428307,72.43626883601985,142.5146223428307,67.43626883601985,152.5146223428307,77.43626883601985,1.0
4,1034,147.40672595655622,74.62523244164194,142.40672595655622,69.62523244164194,152.40672595655622,79.62523244164194,1.0
4,1035,147.02171212819417,76.03086835785359,142.02171212819417,71.03086835785359,152.02171212819417,81.03086835785359,1.0
4,1036,147.05654921168343,77.54043546924008,142.05654921168343,72.54043546924008,152.05654921168343,82.54043546924008,1.0
4,1037,146.8167032619288,78.9140901648974,141.8167032619288,73.9140901648974,151.8167032619288,83.9140901648974,1.0
4,1038,146.33198174286554,80.6058331632234,141.33198174286554,75.6058331632234,151.33198174286554,85.6058331632234,1.0
4,1039,146.47210988752215,82.17362226811052,141.47210988752215,77.17362226811052,151.47210988752215,87.17362226811052,1.0
4,1040,146.94697896303228,83.60663147957985,141.94697896303228,78.60663147957985,151.94697896303228,88.60663147957985,1.0
4,1041,147.11205334935454,85.00452247809625,142.11205334935454,80.00452247809625,152.11205334935454,90.00452247809625,1.0
4,1042,146.90241347964377,86.11227448857194,141.90241347964377,81.11227448857194,151.90241347964377,91.11227448857194,1.0
4,1043,146.9543674062927,86.68035041034021,141.9543674062927,81.68035041034021,151.9543674062927,91.68035041034021,1.0
4,1044,146.70580190935704,87.1464498888405,141.70580190935704,82.1464498888405,151.70580190935704,92.1464498888405,1.0
4,1045,146.10500096838734,88.03337076946382,141.10500096838734,83.03337076946382,151.10500096838734,93.03337076946382,1.0
4,1046,145.65982525650946,88.86754422014513,140.65982525650946,83.86754422014513,150.65982525650946,93.86754422014513,1.0
4,1047,145.1175502726647,89.77792151019864,140.1175502726647,84.77792151019864,150.1175502726647,94.77792151019864,1.0
4,1048,144.81489386418576,90.52671819870034,139.81489386418576,85.52671819870034,149.81489386418576,95.52671819870034,1.0
4,1049,144.45985943598137,91.38042460851524,139.45985943598137,86.38042460851524,149.45985943598137,96.38042460851524,1.0
4,1050,144.05755949397292,92.40346512156172,139.05755949397292,87.40346512156172,149.05755949397292,97.40346512156172,1.0
4,1051,143.44934499047503,93.256025487766,138.44934499047503,88.256025487766,148.44934499047503,98.256025487766,1.0
4,1052,142.3787804728497,94.38469735378112,137.3787804728497,89.38469735378112,147.3787804728497,99.38469735378112,1.0
4,1053,141.32316203603455,95.30525387144128,136.32316203603455,90.30525387144128,146.32316203603455,100.30525387144128,1.0
4,1054,140.0890298248224,96.27325349291532,135.0890298248224,91.27325349291532,145.0890298248224,101.27325349291532,1.0
4,1055,139.03834693478473,97.18194056500825,134.03834693478473,92.18194056500825,144.03834693478473,102.18194056500825,1.0
4,1056,138.30343497565974,98.2201411876197,133.30343497565974,93.2201411876197,143.30343497565974,103.2201411876197,1.0
4,1057,137.45248898447585,99.32691122211976,132.45248898447585,94.32691122211976,142.45248898447585,104.32691122211976,1.0
4,1058,136.70785311093377,100.49491968340571,131.70785311093377,95.49491968340571,141.70785311093377,105.49491968340571,1.0
4,1059,135.71006402658924,101.35804459711821,130.71006402658924,96.35804459711821,140.71006402658924,106.35804459711821,1.0
4,1060,134.20216193257158,102.16268961349996,129.20216193257158,97.16268961349996,139.20216193257158,107.16268961349996,1.0
4,1061,132.94539263645484,102.78894063476153,127.94539263645484,97.78894063476153,137.94539263645484,107.78894063476153,1.0
4,1062,131.703951859781,104.0222957546211,126.703951859781,99.0222957546211,136.703951859781,109.0222957546211,1.0
4,1063,130.16689519169313,105.5034344649024,125.16689519169313,100.5034344649024,135.16689519169313,110.5034344649024,1.0
4,1064,128.6333000084193,106.64074186007609,123.6333000084193,101.64074186007609,133.6333000084193,111.64074186007609,1.0
4,1065,127.34039043560311,107.59256642398036,122.34039043560311,102.59256642398036,132.34039043560313,112.59256642398036,1.0
4,1066,126.1727024387536,108.80917668838654,121.1727024387536,103.80917668838654,131.17270243875362,113.80917668838654,1.0
4,1067,125.09514594331502,110.56123692699454,120.09514594331502,105.56123692699454,130.095145943315,115.56123692699454,1.0
4,1068,123.90306079901036,112.36148423090755,118.90306079901036,107.36148423090755,128.90306079901035,117.36148423090755,1.0
4,1069,122.76171935567068,114.01940466532287,117.76171935567068,109.01940466532287,127.76171935567068,119.01940466532287,1.0
4,1070,121.72902325228179,115.71908085479467,116.72902325228179,110.71908085479467,126.72902325228179,120.71908085479467,1.0
4,1071,120.55786903963633,117.76019508779054,115.55786903963633,112.76019508779054,125.55786903963633,122.76019508779054,1.0
4,1072,119.31060545168667,119.66642972365351,114.31060545168667,114.66642972365351,124.31060545168667,124.66642972365351,1.0
4,1073,117.45366652030387,121.70768949950642,112.45366652030387,116.70768949950642,122.45366652030387,126.70768949950642,1.0
4,1074,115.71164660735779,123.81912688757619,110.71164660735779,118.81912688757619,120.71164660735779,128.8191268875762,1.0
4,1075,113.99567812870008,125.89815523487187,108.99567812870008,120.89815523487187,118.99567812870008,130.89815523487187,1.0
4,1076,112.35326751929584,127.46623361414093,107.35326751929584,122.46623361414093,117.35326751929584,132.46623361414095,1.0
4,1077,110.68602044009992,128.96169301706618,105.68602044009992,123.96169301706618,115.68602044009992,133.96169301706618,1.0
4,1078,109.04175029192504,130.56814546576663,104.04175029192504,125.56814546576663,114.04175029192504,135.56814546576663,1.0
4,1079,108.0045667707929,132.16533680512325,103.0045667707929,127.16533680512325,113.0045667707929,137.16533680512325,1.0
4,1080,107.33966477035446,133.51629253582087,102.33966477035446,128.51629253582087,112.33966477035446,138.51629253582087,1.0
4,1081,106.89676577358108,134.72240424580832,101.89676577358108,129.72240424580832,111.89676577358108,139.72240424580832,1.0
4,1082,106.3699908654508,136.0993995245273,101.3699908654508,131.0993995245273,111.3699908654508,141.0993995245273,1.0
4,1083,105.77606699800718,137.8073807358583,100.77606699800718,132.8073807358583,110.77606699800718,142.8073807358583,1.0
4,1084,105.11524083731118,139.29258996852252,100.11524083731118,134.29258996852252,110.11524083731118,144.29258996852252,1.0
4,1085,104.48242261619899,140.2603399479413,99.48242261619899,135.2603399479413,109.48242261619899,145.2603399479413,1.0
4,1086,104.07156871192207,140.90339843030932,99.07156871192207,135.90339843030932,109.07156871192207,145.90339843030932,1.0
4,1087,103.80648693620819,141.4695588586975,98.80648693620819,136.4695588586975,108.80648693620819,146.4695588586975,1.0
4,1088,103.50023522087123,142.3313893283879,98.50023522087123,137.3313893283879,108.50023522087123,147.3313893283879,1.0
4,1089,102.78266015698877,143.32920582561206,97.78266015698877,138.32920582561206,107.78266015698877,148.32920582561206,1.0
4,1090,101.93930755742169,144.14693243664968,96.93930755742169,139.14693243664968,106.93930755742169,149.14693243664968,1.0
4,1091,101.21064144098442,145.15448980105828,96.21064144098442,140.15448980105828,106.21064144098442,150.15448980105828,1.0
4,1092,100.88793570943464,146.02431289917718,95.88793570943464,141.02431289917718,105.88793570943464,151.02431289917718,1.0
4,1093,100.76006310622873,146.74155935001411,95.76006310622873,141.74155935001411,105.76006310622873,151.74155935001411,1.0
4,1094,100.73584861608981,147.4234733460941,95.73584861608981,142.4234733460941,105.73584861608981,152.4234733460941,1.0
4,1095,101.34638822723292,148.4342283955261,96.34638822723292,143.4342283955261,106.34638822723292,153.4342283955261,1.0
4,1096,102.23910589884282,149.53327111817043,97.23910589884282,144.53327111817043,107.23910589884282,154.53327111817043,1.0
4,1097,103.10348812034792,150.49334554205439,98.10348812034792,145.49334554205439,108.10348812034792,155.49334554205439,1.0
4,1098,103.8800405103186,150.98288229252407,98.8800405103186,145.98288229252407,108.8800405103186,155.98288229252407,1.0
4,1099,104.56871803841165,151.7752592554704,99.56871803841165,146.7752592554704,109.56871803841165,156.7752592554704,1.0
4,1100,105.53777277412388,152.36840249308216,100.53777277412388,147.36840249308216,110.53777277412388,157.36840249308216,1.0
4,1101,106.29188865664061,153.4976286976005,101.29188865664061,148.4976286976005,111.29188865664061,158.4976286976005,1.0
4,1102,106.91987149831468,154.33403799129826,101.91987149831468,149.33403799129826,111.91987149831468,159.33403799129826,1.0
4,1103,107.39714684304211,155.38954301160425,102.39714684304211,150.38954301160425,112.39714684304211,160.38954301160425,1.0
4,1104,108.01951004127174,156.8218657638425,103.01951004127174,151.8218657638425,113.01951004127174,161.8218657638425,1.0
4,1105,109.11379494692417,157.9324147274025,104.11379494692417,152.9324147274025,114.11379494692417,162.9324147274025,1.0
4,1106,110.19498218162536,159.18081783292,105.19498218162536,154.18081783292,115.19498218162536,164.18081783292,1.0
4,1107,110.81894006500795,160.8609717544998,105.81894006500795,155.8609717544998,115.81894006500795,165.8609717544998,1.0
4,1108,111.1971555383862,162.62872999412386,106.1971555383862,157.62872999412386,116.1971555383862,167.62872999412386,1.0
4,1109,112.14580218554794,164.61653323099182,107.14580218554794,159.61653323099182,117.14580218554794,169.61653323099182,1.0
4,1110,112.9301616068741,166.3904814575316,107.9301616068741,161.3904814575316,117.9301616068741,171.3904814575316,1.0
4,1111,113.73624734155882,167.84185198403003,108.73624734155882,162.84185198403003,118.73624734155882,172.84185198403003,1.0
4,1112,114.80841380994323,169.32879479585512,109.80841380994323,164.32879479585512,119.80841380994323,174.32879479585512,1.0
4,1113,115.78906480052345,171.08339875961383,110.78906480052345,166.08339875961383,120.78906480052345,176.08339875961383,1.0
4,1114,116.76640931592753,172.82750941055048,111.76640931592753,167.82750941055048,121.76640931592753,177.82750941055048,1.0
4,1115,117.73686265034915,174.75600948939183,112.73686265034915,169.75600948939183,122.73686265034915,179.75600948939183,1.0
4,1116,118.59108186669948,176.3675349364897,113.59108186669948,171.3675349364897,123.59108186669948,181.3675349364897,1.0
4,1117,119.6388466457601,177.7168569695282,114.6388466457601,172.7168569695282,124.6388466457601,182.7168569695282,1.0
4,1118,120.61667010833834,179.45931266789916,115.61667010833834,174.45931266789916,125.61667010833834,184.45931266789916,1.0
4,1119,121.39105286360305,180.99795966319994,116.39105286360305,175.99795966319994,126.39105286360305,185.99795966319994,1.0
4,1120,122.33235498742418,182.35447439266005,117.33235498742418,177.35447439266005,127.33235498742418,187.35447439266005,1.0
4,1121,123.11509571301531,183.7595967842393,118.11509571301531,178.7595967842393,128.1150957130153,188.7595967842393,1.0
4,1122,123.78011991122611,185.3441283730465,118.78011991122611,180.3441283730465,128.7801199112261,190.3441283730465,1.0
4,1123,124.61119824998448,186.8474732019291,119.61119824998448,181.8474732019291,129.61119824998448,191.8474732019291,1.0
4,1124,125.17592696888374,187.89511658108512,120.17592696888374,182.89511658108512,130.17592696888374,192.89511658108512,1.0
4,1125,126.04599639080033,188.63003712906314,121.04599639080033,183.63003712906314,131.04599639080033,193.63003712906314,1.0
4,1126,126.71900952553982,189.7134948847928,121.71900952553982,184.7134948847928,131.71900952553983,194.7134948847928,1.0
4,1127,127.20358318295105,190.8854143182743,122.20358318295105,185.8854143182743,132.20358318295104,195.8854143182743,1.0
4,1128,128.24089722168986,191.9553803780541,123.24089722168986,186.9553803780541,133.24089722168986,196.9553803780541,1.0
4,1129,129.31197444276495,193.16983609444233,124.31197444276495,188.16983609444233,134.31197444276495,198.16983609444233,1.0
4,1130,130.1347745548598,194.85775824200778,125.1347745548598,189.85775824200778,135.1347745548598,199.85775824200778,1.0
4,1131,130.69948609441906,196.36401399272887,125.69948609441906,191.36401399272887,135.69948609441906,201.36401399272887,1.0
4,1132,131.18839731320818,197.85951688651852,126.18839731320818,192.85951688651852,136.18839731320818,202.85951688651852,1.0
4,1133,131.98059602558047,199.51302106917464,126.98059602558047,194.51302106917464,136.98059602558047,204.51302106917464,1.0
4,1134,132.78586606660602,200.81853946093707,127.78586606660602,195.81853946093707,137.78586606660602,205.81853946093707,1.0
4,1135,133.54387852667605,202.59781271838668,128.54387852667605,197.59781271838668,138.54387852667605,207.59781271838668,1.0
4,1136,134.4709537502407,204.33001155342362,129.4709537502407,199.33001155342362,139.4709537502407,209.33001155342362,1.0
4,1137,134.97735106579748,205.77098927186407,129.97735106579748,200.77098927186407,139.97735106579748,210.77098927186407,1.0
4,1138,135.43471398187643,207.57107653760374,130.43471398187643,202.57107653760374,140.43471398187643,212.57107653760374,1.0
4,1139,136.03490049841065,209.20247668907527,131.03490049841065,204.20247668907527,141.03490049841065,214.20247668907527,1.0
4,1140,136.4572679906438,210.85909452003412,131.4572679906438,205.85909452003412,141.4572679906438,215.85909452003412,1.0
4,1141,137.03770095932202,212.7404473343808,132.03770095932202,207.7404473343808,142.03770095932202,217.7404473343808,1.0
4,1142,138.01424918289132,214.07545630679817,133.01424918289132,209.07545630679817,143.01424918289132,219.07545630679817,1.0
4,1143,139.16022674661417,215.93283412979673,134.16022674661417,210.93283412979673,144.16022674661417,220.93283412979673,1.0
4,1144,140.53109787456097,217.85284445231022,135.53109787456097,212.85284445231022,145.53109787456097,222.85284445231022,1.0
4,1145,141.98129427365865,219.73124506757176,136.98129427365865,214.73124506757176,146.98129427365865,224.73124506757176,1.0
4,1146,143.23652399720714,221.47594785248302,138.23652399720714,216.47594785248302,148.23652399720714,226.47594785248302,1.0
4,1147,144.2270127013017,223.213564457074,139.2270127013017,218.213564457074,149.2270127013017,228.213564457074,1.0
4,1148,145.1526494574219,224.94680528561562,140.1526494574219,219.94680528561562,150.1526494574219,229.94680528561562,1.0
4,1149,146.0858882321346,226.60878884526454,141.0858882321346,221.60878884526454,151.0858882321346,231.60878884526454,1.0
4,1150,147.02683485017997,228.44808758968895,142.02683485017997,223.44808758968895,152.02683485017997,233.44808758968895,1.0
4,1151,148.35265401843657,230.45563786900922,143.35265401843657,225.45563786900922,153.35265401843657,235.45563786900922,1.0
4,1152,149.2344542076847,232.52191899001502,144.2344542076847,227.52191899001502,154.2344542076847,237.52191899001502,1.0
4,1153,149.59524963515227,234.24623661140933,144.59524963515227,229.24623661140933,154.59524963515227,239.24623661140933,1.0
4,1154,149.8215696918911,235.93957044005506,144.8215696918911,230.93957044005506,154.8215696918911,240.93957044005506,1.0
4,1155,150.02253344066838,237.2889972571072,145.02253344066838,232.2889972571072,155.02253344066838,242.2889972571072,1.0
4,1156,150.34559138176456,238.59734896380436,145.34559138176456,233.59734896380436,155.34559138176456,243.59734896380436,1.0
4,1157,150.14964681744297,239.74143092152707,145.14964681744297,234.74143092152707,155.14964681744297,244.74143092152707,1.0
4,1158,149.8214206306609,241.05832351252985,144.8214206306609,236.05832351252985,154.8214206306609,246.05832351252985,1.0
4,1159,149.368457066261,242.19230771166548,144.368457066261,237.19230771166548,154.368457066261,247.19230771166548,1.0
4,1160,148.5384298799646,243.02303999805036,143.5384298799646,238.02303999805036,153.5384298799646,248.02303999805036,1.0
4,1161,147.72977727102017,243.75153933902774,142.72977727102017,238.75153933902774,152.72977727102017,248.75153933902774,1.0
4,1162,147.0816546337938,244.677850181342,142.0816546337938,239.677850181342,152.0816546337938,249.677850181342,1.0
4,1163,146.30853070007237,245.56278335713756,141.30853070007237,240.56278335713756,151.30853070007237,250.56278335713756,1.0
4,1164,145.31835407178244,246.78035073266568,140.31835407178244,241.78035073266568,150.31835407178244,251.78035073266568,1.0
4,1165,144.35129628146115,247.83910856194356,139.35129628146115,242.83910856194356,149.35129628146115,252.83910856194356,1.0
4,1166,144.10492082006692,248.64310045539952,139.10492082006692,243.64310045539952,149.10492082006692,253.64310045539952,1.0
4,1167,143.6199557001421,249.5553167730479,138.6199557001421,244.5553167730479,148.6199557001421,254.5553167730479,1.0
4,1168,142.9719073293411,250.2063694549114,137.9719073293411,245.2063694549114,147.9719073293411,255.2063694549114,1.0
4,1169,142.55740737241905,251.28598370372185,137.55740737241905,246.28598370372185,147.55740737241905,256.28598370372185,1.0
4,1170,142.13011783234828,252.3325620368182,137.13011783234828,247.3325620368182,147.13011783234828,257.3325620368182,1.0
4,1171,141.76952396151748,253.16086071561134,136.76952396151748,248.16086071561134,146.76952396151748,258.1608607156113,1.0
4,1172,141.65872217661857,254.29624176537536,136.65872217661857,249.29624176537536,146.65872217661857,259.2962417653754,1.0
4,1173,141.63316839746048,255.67789164325188,136.63316839746048,250.67789164325188,146.63316839746048,260.6778916432519,1.0
4,1174,141.33161913939153,256.7591570893078,136.33161913939153,251.7591570893078,146.33161913939153,261.7591570893078,1.0
4,1175,140.63574047082724,257.6014402423102,135.63574047082724,252.60144024231022,145.63574047082724,262.6014402423102,1.0
4,1176,139.977780269054,258.5665153930113,134.977780269054,253.5665153930113,144.977780269054,263.5665153930113,1.0
4,1177,139.35848083089616,259.18196854437343,134.35848083089616,254.18196854437343,144.35848083089616,264.18196854437343,1.0
4,1178,139.01840882588837,259.83286766086985,134.01840882588837,254.83286766086985,144.01840882588837,264.83286766086985,1.0
4,1179,138.49522282352524,260.5057798661329,133.49522282352524,255.5057798661329,143.49522282352524,265.5057798661329,1.0
4,1180,138.3174084684461,261.58445013813923,133.3174084684461,256.58445013813923,143.3174084684461,266.58445013813923,1.0
4,1181,138.1798617032492,262.6630953798101,133.1798617032492,257.6630953798101,143.1798617032492,267.6630953798101,1.0
4,1182,137.92401374802034,263.5624882128145,132.92401374802034,258.5624882128145,142.92401374802034,268.5624882128145,1.0
4,1183,137.9884990664692,264.4248773285309,132.9884990664692,259.4248773285309,142.9884990664692,269.4248773285309,1.0
4,1184,138.16609664630724,265.1539012632199,133.16609664630724,260.1539012632199,143.16609664630724,270.1539012632199,1.0
4,1185,138.04876516073296,265.65246769614225,133.04876516073296,260.65246769614225,143.04876516073296,270.65246769614225,1.0
4,1186,137.67923198971147,266.36484642273626,132.67923198971147,261.36484642273626,142.67923198971147,271.36484642273626,1.0
4,1187,137.15790434746455,267.5194343828891,132.15790434746455,262.5194343828891,142.15790434746455,272.5194343828891,1.0
4,1188,136.5593322572132,268.5933457844912,131.5593322572132,263.5933457844912,141.5593322572132,273.5933457844912,1.0
4,1189,135.56622507074815,269.6020389473201,130.56622507074815,264.6020389473201,140.56622507074815,274.6020389473201,1.0
4,1190,134.64438271386544,270.5532072089122,129.64438271386544,265.5532072089122,139.64438271386544,275.5532072089122,1.0
4,1191,133.9449078474663,271.7817344221545,128.9449078474663,266.7817344221545,138.9449078474663,276.7817344221545,1.0
4,1192,133.36662244499382,272.9228096420536,128.36662244499382,267.9228096420536,138.36662244499382,277.9228096420536,1.0
4,1193,133.14263753846842,274.26672854597075,128.14263753846842,269.26672854597075,138.14263753846842,279.26672854597075,1.0
4,1194,133.68416822726485,275.65259725381713,128.68416822726485,270.65259725381713,138.68416822726485,280.65259725381713,1.0
4,1195,134.19691035969336,276.9233233898103,129.19691035969336,271.9233233898103,139.19691035969336,281.9233233898103,1.0
4,1196,134.3680438310728,278.5342592042755,129.3680438310728,273.5342592042755,139.3680438310728,283.5342592042755,1.0
4,1197,134.32864756723777,280.0941617591644,129.32864756723777,275.0941617591644,139.32864756723777,285.0941617591644,1.0
4,1198,133.87550693079524,281.5265264575613,128.87550693079524,276.5265264575613,138.87550693079524,286.5265264575613,1.0
4,1199,133.6909438925353,282.9459028352782,128.6909438925353,277.9459028352782,138.6909438925353,287.9459028352782,1.0
4,1200,133.0789928267048,284.1265365354456,128.0789928267048,279.1265365354456,138.0789928267048,289.1265365354456,1.0
4,1201,132.8090803294856,285.1036847849338,127.8090803294856,280.1036847849338,137.8090803294856,290.1036847849338,1.0
4,1202,132.68753660895396,286.1011592558423,127.68753660895396,281.1011592558423,137.68753660895396,291.1011592558423,1.0
4,1203,132.5965780540141,287.31826554754593,127.59657805401409,282.31826554754593,137.5965780540141,292.31826554754593,1.0
4,1204,132.49059689247906,289.4955256327985,127.49059689247906,284.4955256327985,137.49059689247906,294.4955256327985,1.0
4,1205,132.6258829597199,291.7568560600423,127.62588295971989,286.7568560600423,137.6258829597199,296.7568560600423,1.0
4,1206,132.24327977970012,294.1595075817559,127.24327977970012,289.1595075817559,137.24327977970012,299.1595075817559,1.0
4,1207,131.3599053304132,296.3785850593613,126.3599053304132,291.3785850593613,136.3599053304132,301.3785850593613,1.0
4,1208,130.53717585487072,298.88972689270645,125.53717585487072,293.88972689270645,135.53717585487072,303.88972689270645,1.0
4,1209,129.75758611163633,301.4467056577497,124.75758611163633,296.4467056577497,134.75758611163633,306.4467056577497,1.0
4,1210,128.9650094597581,304.3824986359813,123.96500945975811,299.3824986359813,133.9650094597581,309.3824986359813,1.0
4,1211,128.14153446946216,307.29871510821846,123.14153446946216,302.29871510821846,133.14153446946216,312.29871510821846,1.0
4,1212,127.61078377181578,310.0730852402854,122.61078377181578,305.0730852402854,132.61078377181576,315.0730852402854,1.0
4,1213,127.1955744971166,313.1241535322439,122.1955744971166,308.1241535322439,132.19557449711658,318.1241535322439,1.0
4,1214,127.36202096252973,316.15557577848665,122.36202096252973,311.15557577848665,132.36202096252973,321.15557577848665,1.0
4,1215,127.15374659131807,319.3943373060923,122.15374659131807,314.3943373060923,132.15374659131805,324.3943373060923,1.0
4,1216,126.83778814434335,322.66329280977016,121.83778814434335,317.66329280977016,131.83778814434334,327.66329280977016,1.0
4,1217,126.76614185483628,325.83475100599856,121.76614185483628,320.83475100599856,131.7661418548363,330.83475100599856,1.0
4,1218,126.52740645999774,329.3692143776411,121.52740645999774,324.3692143776411,131.52740645999774,334.3692143776411,1.0
4,1219,126.18682204211565,332.7365886493635,121.18682204211565,327.7365886493635,131.18682204211564,337.7365886493635,1.0
4,1220,125.80970226636555,336.1727955005056,120.80970226636555,331.1727955005056,130.80970226636555,341.1727955005056,1.0
4,1221,125.18299732270326,339.23541676572285,120.18299732270326,334.23541676572285,130.18299732270327,344.23541676572285,1.0
4,1222,124.24359068086864,342.18392741842285,119.24359068086864,337.18392741842285,129.24359068086864,347.18392741842285,1.0
4,1223,122.96882934071758,345.34696931676365,117.96882934071758,340.34696931676365,127.96882934071758,350.34696931676365,1.0
4,1224,121.65465332520496,347.9854076358736,116.65465332520496,342.9854076358736,126.65465332520496,352.9854076358736,1.0
4,1225,120.54475803604102,350.4957786848484,115.54475803604102,345.4957786848484,125.54475803604102,355.4957786848484,1.0
4,1226,119.26629677909091,353.0216155614607,114.26629677909091,348.0216155614607,124.26629677909091,358.0216155614607,1.0
4,1227,117.87421271820936,355.5098775724706,112.87421271820936,350.5098775724706,122.87421271820936,360.5098775724706,1.0
4,1228,116.60888738061816,358.1559338951734,111.60888738061816,353.1559338951734,121.60888738061816,363.1559338951734,1.0
4,1229,115.51532286799382,360.86325245763,110.51532286799382,355.86325245763,120.51532286799382,365.86325245763,1.0
4,1230,114.23313877783636,363.5316127990846,109.23313877783636,358.5316127990846,119.23313877783636,368.5316127990846,1.0
4,1231,113.2487221748269,366.14571520040863,108.2487221748269,361.14571520040863,118.2487221748269,371.14571520040863,1.0
4,1232,111.66637889999001,368.9006095628424,106.66637889999001,363.9006095628424,116.66637889999001,373.9006095628424,1.0
4,1233,110.03250370492523,371.74128834967075,105.03250370492523,366.74128834967075,115.03250370492523,376.74128834967075,1.0
4,1234,108.13869093421307,374.77714251885277,103.13869093421307,369.77714251885277,113.13869093421307,379.77714251885277,1.0
4,1235,106.55507966447921,377.72072096476916,101.55507966447921,372.72072096476916,111.55507966447921,382.72072096476916,1.0
4,1236,105.17253958052572,380.4958315989739,100.17253958052572,375.4958315989739,110.17253958052572,385.4958315989739,1.0
4,1237,103.99940911662186,383.0372489621738,98.99940911662186,378.0372489621738,108.99940911662186,388.0372489621738,1.0
4,1238,103.21771501395091,385.57650201139893,98.21771501395091,380.57650201139893,108.21771501395091,390.57650201139893,1.0
4,1239,102.4237219450678,388.2300959115082,97.4237219450678,383.2300959115082,107.4237219450678,393.2300959115082,1.0
4,1240,101.83028886232452,391.37255884758497,96.83028886232452,386.37255884758497,106.83028886232452,396.37255884758497,1.0
4,1241,101.60315497641787,394.4443914375439,96.60315497641787,389.4443914375439,106.60315497641787,399.4443914375439,1.0
4,1242,101.3488422082869,397.980055692467,96.3488422082869,392.980055692467,106.3488422082869,402.980055692467,1.0
4,1243,101.3231832841399,401.60394859317387,96.3231832841399,396.60394859317387,106.3231832841399,406.60394859317387,1.0
4,1244,101.34165889745277,405.27414146414924,96.34165889745277,400.27414146414924,106.34165889745277,410.27414146414924,1.0
4,1245,101.41347704304518,408.64767738867147,96.41347704304518,403.64767738867147,106.41347704304518,413.64767738867147,1.0
4,1246,101.8157080762676,412.4034760155431,96.8157080762676,407.4034760155431,106.8157080762676,417.4034760155431,1.0
4,1247,102.3890752378499,416.1732392470255,97.3890752378499,411.1732392470255,107.3890752378499,421.1732392470255,1.0
4,1248,103.15855581749821,420.00380511173194,98.15855581749821,415.00380511173194,108.15855581749821,425.00380511173194,1.0
4,1249,103.80517839238809,423.97077213417936,98.80517839238809,418.97077213417936,108.80517839238809,428.97077213417936,1.0
4,1250,103.98644693468006,427.9792659812148,98.98644693468006,422.9792659812148,108.98644693468006,432.9792659812148,1.0
4,1251,103.94034912317983,431.8812926588072,98.94034912317983,426.8812926588072,108.94034912317983,436.8812926588072,1.0
4,1252,104.26298187991975,435.8058099075515,99.26298187991975,430.8058099075515,109.26298187991975,440.8058099075515,1.0
4,1253,104.63848776297695,439.49292702566254,99.63848776297695,434.49292702566254,109.63848776297695,444.49292702566254,1.0
4,1254,104.96290193812663,443.5026085422316,99.96290193812663,438.5026085422316,109.96290193812663,448.5026085422316,1.0
4,1255,105.5160061666029,447.7850203626434,100.5160061666029,442.7850203626434,110.5160061666029,452.7850203626434,1.0
4,1256,105.94436380792772,452.26930472719175,100.94436380792772,447.26930472719175,110.94436380792772,457.26930472719175,1.0
4,1257,105.9744411180481,456.86897450461635,100.9744411180481,451.86897450461635,110.9744411180481,461.86897450461635,1.0
4,1258,106.00586946603173,461.51951077905534,101.00586946603173,456.51951077905534,111.00586946603173,466.51951077905534,1.0
4,1259,105.91186952710063,465.9058361925257,100.91186952710063,460.9058361925257,110.91186952710063,470.9058361925257,1.0
4,1260,105.289656101618,470.2389216630262,100.289656101618,465.2389216630262,110.289656101618,475.2389216630262,1.0
4,1261,104.7817205988659,474.14795061648147,99.7817205988659,469.14795061648147,109.7817205988659,479.14795061648147,1.0
4,1262,103.83520659442561,477.7151916068926,98.83520659442561,472.7151916068926,108.83520659442561,482.7151916068926,1.0
4,1263,103.0797951069548,481.5153933390178,98.0797951069548,476.5153933390178,108.0797951069548,486.5153933390178,1.0
4,1264,102.624318057733,485.24126764471885,97.624318057733,480.24126764471885,107.624318057733,490.24126764471885,1.0
4,1265,101.87066807714501,488.76794973356425,96.87066807714501,483.76794973356425,106.87066807714501,493.76794973356425,1.0
4,1266,101.58874652268855,492.18303479312306,96.58874652268855,487.18303479312306,106.58874652268855,497.18303479312306,1.0
4,1267,101.4922839769894,495.25979127923887,96.4922839769894,490.25979127923887,106.4922839769894,500.25979127923887,1.0
4,1268,101.99813023095729,497.94300422571393,96.99813023095729,492.94300422571393,106.99813023095729,502.94300422571393,1.0
4,1269,102.74907504282974,501.0881113228871,97.74907504282974,496.0881113228871,107.74907504282974,506.0881113228871,1.0
4,1270,103.5211233110042,504.30368231258643,98.5211233110042,499.30368231258643,108.5211233110042,509.30368231258643,1.0
4,1271,104.45001347758537,507.66734637017987,99.45001347758537,502.66734637017987,109.45001347758537,512.6673463701799,1.0
4,1272,105.21669676205954,510.66926271040495,100.21669676205954,505.66926271040495,110.21669676205954,515.669262710405,1.0
4,1273,105.9087505324417,513.763774690255,100.9087505324417,508.763774690255,110.9087505324417,518.763774690255,1.0
4,1274,106.86112026085743,516.841328823851,101.86112026085743,511.841328823851,111.86112026085743,521.841328823851,1.0
4,1275,107.80932619704332,519.5057020201771,102.80932619704332,514.5057020201771,112.80932619704332,524.5057020201771,1.0
4,1276,108.96581683955637,522.1431572533379,103.96581683955637,517.1431572533379,113.96581683955637,527.1431572533379,1.0
4,1277,110.24053439328361,524.8958906255527,105.24053439328361,519.8958906255527,115.24053439328361,529.8958906255527,1.0
4,1278,111.15383322026491,527.8568617634701,106.15383322026491,522.8568617634701,116.15383322026491,532.8568617634701,1.0
4,1279,112.2598077785535,530.4420734597156,107.2598077785535,525.4420734597156,117.2598077785535,535.4420734597156,1.0
4,1280,112.86305145502547,532.9432479320783,107.86305145502547,527.9432479320783,117.86305145502547,537.9432479320783,1.0
4,1281,113.46811658034594,535.6680038844546,108.46811658034594,530.6680038844546,118.46811658034594,540.6680038844546,1.0
4,1282,113.95420196433213,538.5380021238169,108.95420196433213,533.5380021238169,118.95420196433213,543.5380021238169,1.0
4,1283,114.22192212842958,541.3991341604462,109.22192212842958,536.3991341604462,119.22192212842958,546.3991341604462,1.0
4,1284,114.5698432107579,543.7899091788779,109.5698432107579,538.7899091788779,119.5698432107579,548.7899091788779,1.0
4,1285,115.04813163713446,546.2692275462468,110.04813163713446,541.2692275462468,120.04813163713446,551.2692275462468,1.0
4,1286,115.64466874297553,548.829419754599,110.64466874297553,543.829419754599,120.64466874297553,553.829419754599,1.0
4,1287,116.63656485753239,551.443271613942,111.63656485753239,546.443271613942,121.63656485753239,556.443271613942,1.0
4,1288,117.60443173710486,554.0153647952909,112.60443173710486,549.0153647952909,122.60443173710486,559.0153647952909,1.0
4,1289,118.57937802072992,557.1472466631734,113.57937802072992,552.1472466631734,123.57937802072992,562.1472466631734,1.0
4,1290,119.67464788353075,560.5880540913577,114.67464788353075,555.5880540913577,124.67464788353075,565.5880540913577,1.0
4,1291,120.75961536868336,563.8469320887641,115.75961536868336,558.8469320887641,125.75961536868336,568.8469320887641,1.0
4,1292,122.11000248816286,567.1385385010166,117.11000248816286,562.1385385010166,127.11000248816286,572.1385385010166,1.0
4,1293,123.35419285844138,570.3613785484326,118.35419285844138,565.3613785484326,128.35419285844137,575.3613785484326,1.0
4,1294,124.27561807657607,573.2937372434162,119.27561807657607,568.2937372434162,129.27561807657605,578.2937372434162,1.0
4,1295,125.38327985543947,576.0773623242328,120.38327985543947,571.0773623242328,130.38327985543947,581.0773623242328,1.0
4,1296,126.32782276192067,579.4699416880912,121.32782276192067,574.4699416880912,131.3278227619207,584.4699416880912,1.0
4,1297,127.53609071813669,582.7426088012957,122.53609071813669,577.7426088012957,132.53609071813668,587.7426088012957,1.0
4,1298,128.54110407207435,586.3044278089792,123.54110407207435,581.3044278089792,133.54110407207435,591.3044278089792,1.0
4,1299,129.5452568013581,589.2807651433938,124.54525680135811,584.2807651433938,134.5452568013581,594.2807651433938,1.0
4,1300,130.36030823506394,592.4949653328604,125.36030823506394,587.4949653328604,135.36030823506394,597.4949653328604,1.0
4,1301,131.24345321570667,595.9270077743337,126.24345321570667,590.9270077743337,136.24345321570667,600.9270077743337,1.0
4,1302,132.04974097162844,599.3981012604941,127.04974097162844,594.3981012604941,137.04974097162844,604.3981012604941,1.0
4,1303,133.32305886060377,603.1229275327792,128.32305886060377,598.1229275327792,138.32305886060377,608.1229275327792,1.0
4,1304,134.5607466160563,606.4708789569843,129.5607466160563,601.4708789569843,139.5607466160563,611.4708789569843,1.0
4,1305,136.10280474261685,609.4964743354271,131.10280474261685,604.4964743354271,141.10280474261685,614.4964743354271,1.0
4,1306,138.03952262495588,612.7531704139423,133.03952262495588,607.7531704139423,143.03952262495588,617.7531704139423,1.0
4,1307,139.94910772294816,615.5211245260294,134.94910772294816,610.5211245260294,144.94910772294816,620.5211245260294,1.0
4,1308,141.75412945179238,618.1023659851602,136.75412945179238,613.1023659851602,146.75412945179238,623.1023659851602,1.0
4,1309,143.42775658177024,620.3871299163519,138.42775658177024,615.3871299163519,148.42775658177024,625.3871299163519,1.0
4,1310,145.0711536710328,622.4973944739868,140.0711536710328,617.4973944739868,150.0711536710328,627.4973944739868,1.0
4,1311,146.656169005109,624.4248399211209,141.656169005109,619.4248399211209,151.656169005109,629.4248399211209,1.0
4,1312,148.39654068948218,626.2821104026569,143.39654068948218,621.2821104026569,153.39654068948218,631.2821104026569,1.0
4,1313,150.39661874719962,627.9387589573753,145.39661874719962,622.9387589573753,155.39661874719962,632.9387589573753,1.0
4,1314,152.39180325157167,629.5332795808015,147.39180325157167,624.5332795808015,157.39180325157167,634.5332795808015,1.0
4,1315,154.35908578343577,630.9640632112996,149.35908578343577,625.9640632112996,159.35908578343577,635.9640632112996,1.0
4,1316,156.09777001018148,632.4594295043736,151.09777001018148,627.4594295043736,161.09777001018148,637.4594295043736,1.0
4,1317,158.48815665470966,634.1258975214585,153.48815665470966,629.1258975214585,163.48815665470966,639.1258975214585,1.0
4,1318,160.89685669237,636.1144870940951,155.89685669237,631.1144870940951,165.89685669237,641.1144870940951,1.0
4,1319,163.11508185744185,637.8541734762481,158.11508185744185,632.8541734762481,168.11508185744185,642.8541734762481,1.0
4,1320,165.4508667611469,639.8532272693229,160.4508667611469,634.8532272693229,170.4508667611469,644.8532272693229,1.0
4,1321,168.1751721797077,641.8561977885051,163.1751721797077,636.8561977885051,173.1751721797077,646.8561977885051,1.0
4,1322,170.42918248145048,644.3002613533499,165.42918248145048,639.3002613533499,175.42918248145048,649.3002613533499,1.0
4,1323,172.9746300199297,646.6742587686684,167.9746300199297,641.6742587686684,177.9746300199297,651.6742587686684,1.0
4,1324,175.6109201573069,649.2344232722469,170.6109201573069,644.2344232722469,180.6109201573069,654.2344232722469,1.0
4,1325,178.584790224642,652.0809594502318,173.584790224642,647.0809594502318,183.584790224642,657.0809594502318,1.0
4,1326,181.11772657678958,655.3900368208801,176.11772657678958,650.3900368208801,186.11772657678958,660.3900368208801,1.0
4,1327,183.72570956523546,658.5140242295375,178.72570956523546,653.5140242295375,188.72570956523546,663.5140242295375,1.0
4,1328,186.1813491517515,661.6784789461872,181.1813491517515,656.6784789461872,191.1813491517515,666.6784789461872,1.0
4,1329,188.86662634306396,665.0283865475556,183.86662634306396,660.0283865475556,193.86662634306396,670.0283865475556,1.0
4,1330,191.24804381946447,668.4066581183022,186.24804381946447,663.4066581183022,196.24804381946447,673.4066581183022,1.0
4,1331,193.1055029690832,671.6950944615935,188.1055029690832,666.6950944615935,198.1055029690832,676.6950944615935,1.0
4,1332,195.0942699153392,675.0144422205876,190.0942699153392,670.0144422205876,200.0942699153392,680.0144422205876,1.0
4,1333,197.24248690514477,678.548623413614,192.24248690514477,673.548623413614,202.24248690514477,683.548623413614,1.0
4,1334,199.4236783807239,681.4325931237854,194.4236783807239,676.4325931237854,204.4236783807239,686.4325931237854,1.0
4,1335,201.6666420862366,684.2686452371054,196.6666420862366,679.2686452371054,206.6666420862366,689.2686452371054,1.0
4,1336,203.65162989593586,687.0205258025237,198.65162989593586,682.0205258025237,208.65162989593586,692.0205258025237,1.0
4,1337,205.78793168420975,689.2699578271273,200.78793168420975,684.2699578271273,210.78793168420975,694.2699578271273,1.0
4,1338,207.73976194697298,691.826345122015,202.73976194697298,686.826345122015,212.73976194697298,696.826345122015,1.0
4,1339,209.7059795230305,694.2920380984644,204.7059795230305,689.2920380984644,214.7059795230305,699.2920380984644,1.0
4,1340,211.49811341867257,696.4148520515065,206.49811341867257,691.4148520515065,216.49811341867257,701.4148520515065,1.0
4,1341,213.5328543071858,698.0135981637922,208.5328543071858,693.0135981637922,218.5328543071858,703.0135981637922,1.0
4,1342,215.67152299739905,699.7584183861568,210.67152299739905,694.7584183861568,220.67152299739905,704.7584183861568,1.0
4,1343,217.95547345288617,701.5365306177063,212.95547345288617,696.5365306177063,222.95547345288617,706.5365306177063,1.0
4,1344,219.7741444789165,703.1626468609738,214.7741444789165,698.1626468609738,224.7741444789165,708.1626468609738,1.0
4,1345,221.93760324657333,704.5891385396195,216.93760324657333,699.5891385396195,226.93760324657333,709.5891385396195,1.0
4,1346,224.26195472556049,706.2376932704025,219.26195472556049,701.2376932704025,229.26195472556049,711.2376932704025,1.0
4,1347,226.06083564498775,708.0362070887207,221.06083564498775,703.0362070887207,231.06083564498775,713.0362070887207,1.0
4,1348,228.08975872554558,709.6328729952911,223.08975872554558,704.6328729952911,233.08975872554558,714.6328729952911,1.0
4,1349,230.03449531160197,711.4275155280031,225.03449531160197,706.4275155280031,235.03449531160197,716.4275155280031,1.0
4,1350,231.67592731231883,712.9617098511994,226.67592731231883,707.9617098511994,236.67592731231883,717.9617098511994,1.0
4,1351,232.90285491646677,714.2227065881654,227.90285491646677,709.2227065881654,237.90285491646677,719.2227065881654,1.0
4,1352,233.53171158373218,715.2972822112328,228.53171158373218,710.2972822112328,238.53171158373218,720.2972822112328,1.0
4,1353,233.9153971629099,716.4348515996331,228.9153971629099,711.4348515996331,238.9153971629099,721.4348515996331,1.0
4,1354,234.0427340159243,717.3512944947936,229.0427340159243,712.3512944947936,239.0427340159243,722.3512944947936,1.0
4,1355,233.89146140581363,718.2676596660873,228.89146140581363,713.2676596660873,238.89146140581363,723.2676596660873,1.0
4,1356,233.9517142993277,719.0589030388684,228.9517142993277,714.0589030388684,238.9517142993277,724.0589030388684,1.0
4,1357,233.7082719723079,719.4544988895867,228.7082719723079,714.4544988895867,238.7082719723079,724.4544988895867,1.0
4,1358,233.67000981600282,720.1498823423634,228.67000981600282,715.1498823423634,238.67000981600282,725.1498823423634,1.0
4,1359,233.47394440484786,720.9908379984649,228.47394440484786,715.9908379984649,238.47394440484786,725.9908379984649,1.0
4,1360,233.50916425150933,721.4637596546021,228.50916425150933,716.4637596546021,238.50916425150933,726.4637596546021,1.0
4,1361,233.96263502065287,722.1133957747576,228.96263502065287,717.1133957747576,238.96263502065287,727.1133957747576,1.0
4,1362,234.56537782731436,722.4505704542872,229.56537782731436,717.4505704542872,239.56537782731436,727.4505704542872,1.0
4,1363,235.56310528860357,722.8047724372908,230.56310528860357,717.8047724372908,240.56310528860357,727.8047724372908,1.0
4,1364,237.08287155769267,723.2514762887239,232.08287155769267,718.2514762887239,242.08287155769267,728.2514762887239,1.0
4,1365,238.4946391561132,724.0789624324478,233.4946391561132,719.0789624324478,243.4946391561132,729.0789624324478,1.0
4,1366,239.70666177860193,724.6895507212176,234.70666177860193,719.6895507212176,244.70666177860193,729.6895507212176,1.0
4,1367,240.4698325139811,724.9400854561361,235.4698325139811,719.9400854561361,245.4698325139811,729.9400854561361,1.0
4,1368,241.22598039920763,725.1669075861499,236.22598039920763,720.1669075861499,246.22598039920763,730.1669075861499,1.0
4,1369,242.30783280630712,725.3157372374025,237.30783280630712,720.3157372374025,247.30783280630712,730.3157372374025,1.0
4,1370,243.37135649884877,725.2061783168385,238.37135649884877,720.2061783168385,248.37135649884877,730.2061783168385,1.0
4,1371,244.33865285854242,725.0293528901146,239.33865285854242,720.0293528901146,249.33865285854242,730.0293528901146,1.0
4,1372,245.29701767141836,725.213584179581,240.29701767141836,720.213584179581,250.29701767141836,730.213584179581,1.0
4,1373,246.36703358770404,725.4559727644975,241.36703358770404,720.4559727644975,251.36703358770404,730.4559727644975,1.0
4,1374,246.79752339708048,725.6264473056731,241.79752339708048,720.6264473056731,251.79752339708048,730.6264473056731,1.0
4,1375,247.13132746053316,725.5589543559589,242.13132746053316,720.5589543559589,252.13132746053316,730.5589543559589,1.0
4,1376,247.09670550599054,725.4466760914377,242.09670550599054,720.4466760914377,252.09670550599054,730.4466760914377,1.0
4,1377,246.64310218978758,725.422380950238,241.64310218978758,720.422380950238,251.64310218978758,730.422380950238,1.0
4,1378,246.53072742598042,725.1404068109157,241.53072742598042,720.1404068109157,251.53072742598042,730.1404068109157,1.0
4,1379,246.43466395199493,724.8853967192699,241.43466395199493,719.8853967192699,251.43466395199493,729.8853967192699,1.0
4,1380,246.46999770836536,724.8024244771195,241.46999770836536,719.8024244771195,251.46999770836536,729.8024244771195,1.0
4,1381,246.67903207863162,724.9657594308826,241.67903207863162,719.9657594308826,251.67903207863162,729.9657594308826,1.0
4,1382,246.8114169549883,724.5580781332429,241.8114169549883,719.5580781332429,251.8114169549883,729.5580781332429,1.0
4,1383,246.71861839499797,724.4194209234053,241.71861839499797,719.4194209234053,251.71861839499797,729.4194209234053,1.0
4,1384,246.56616051465983,724.6079993007355,241.56616051465983,719.6079993007355,251.56616051465983,729.6079993007355,1.0
4,1385,246.60290706464104,724.5373247344214,241.60290706464104,719.5373247344214,251.60290706464104,729.5373247344214,1.0
4,1386,246.89566384338397,724.4709445735392,241.89566384338397,719.4709445735392,251.89566384338397,729.4709445735392,1.0
4,1387,247.7231550226615,724.6345334066963,242.7231550226615,719.6345334066963,252.7231550226615,729.6345334066963,1.0
4,1388,248.56516756660238,724.7146285763355,243.56516756660238,719.7146285763355,253.56516756660238,729.7146285763355,1.0
4,1389,249.32463005265427,724.4666349593975,244.32463005265427,719.4666349593975,254.32463005265427,729.4666349593975,1.0
4,1390,250.10202929214617,723.9725935056811,245.10202929214617,718.9725935056811,255.10202929214617,728.9725935056811,1.0
4,1391,250.86452289929838,723.9693783071219,245.86452289929838,718.9693783071219,255.86452289929838,728.9693783071219,1.0
4,1392,251.48046363598235,723.8345582468421,246.48046363598235,718.8345582468421,256.48046363598235,728.8345582468421,1.0
4,1393,251.92038918695417,723.7842113576037,246.92038918695417,718.7842113576037,256.92038918695414,728.7842113576037,1.0
4,1394,252.83871731132845,723.8272723620529,247.83871731132845,718.8272723620529,257.8387173113284,728.8272723620529,1.0
4,1395,253.578201980319,723.7617915578461,248.578201980319,718.7617915578461,258.578201980319,728.7617915578461,1.0
4,1396,254.4837747082036,723.6469600577137,249.4837747082036,718.6469600577137,259.4837747082036,728.6469600577137,1.0
4,1397,255.5068293088102,723.7569567819137,250.5068293088102,718.7569567819137,260.5068293088102,728.7569567819137,1.0
4,1398,256.2826649843281,723.8229235456529,251.2826649843281,718.8229235456529,261.2826649843281,728.8229235456529,1.0
4,1399,257.2804582259436,723.8166520673915,252.28045822594362,718.8166520673915,262.2804582259436,728.8166520673915,1.0
4,1400,258.04126212815254,724.0777176141909,253.04126212815254,719.0777176141909,263.04126212815254,729.0777176141909,1.0
4,1401,258.6581526061342,724.0774180696249,253.6581526061342,719.0774180696249,263.6581526061342,729.0774180696249,1.0
4,1402,259.293564642834,724.5625676791118,254.29356464283399,719.5625676791118,264.293564642834,729.5625676791118,1.0
4,1403,260.1292853263561,725.0731267423962,255.12928532635613,720.0731267423962,265.1292853263561,730.0731267423962,1.0
4,1404,260.5911066460675,725.6838924748512,255.5911066460675,720.6838924748512,265.5911066460675,730.6838924748512,1.0
4,1405,261.2962363699288,726.6844462351505,256.2962363699288,721.6844462351505,266.2962363699288,731.6844462351505,1.0
4,1406,261.54218206808076,727.5321582218791,256.54218206808076,722.5321582218791,266.54218206808076,732.5321582218791,1.0
4,1407,261.6022627682433,728.5449547340747,256.6022627682433,723.5449547340747,266.6022627682433,733.5449547340747,1.0
4,1408,261.62407221586597,729.4440174154971,256.62407221586597,724.4440174154971,266.62407221586597,734.4440174154971,1.0
4,1409,261.4771653308118,729.796820888615,256.4771653308118,724.796820888615,266.4771653308118,734.796820888615,1.0
4,1410,261.51428917879986,730.1405702099871,256.51428917879986,725.1405702099871,266.51428917879986,735.1405702099871,1.0
4,1411,261.70581440104786,730.3870390908897,256.70581440104786,725.3870390908897,266.70581440104786,735.3870390908897,1.0
4,1412,262.0402716853516,730.5014090578148,257.0402716853516,725.5014090578148,267.0402716853516,735.5014090578148,1.0
4,1413,262.26380748738245,730.8100335907048,257.26380748738245,725.8100335907048,267.26380748738245,735.8100335907048,1.0
4,1414,262.3674159468558,731.0673645878475,257.3674159468558,726.0673645878475,267.3674159468558,736.0673645878475,1.0
4,1415,262.4271751975004,731.5975793811092,257.4271751975004,726.5975793811092,267.4271751975004,736.5975793811092,1.0
4,1416,262.1837030046895,731.9119908134691,257.1837030046895,726.9119908134691,267.1837030046895,736.9119908134691,1.0
4,1417,262.123123111906,732.3067441314801,257.123123111906,727.3067441314801,267.123123111906,737.3067441314801,1.0
4,1418,262.09461775645934,732.3876320965725,257.09461775645934,727.3876320965725,267.09461775645934,737.3876320965725,1.0
4,1419,261.6662151996644,732.490494574657,256.6662151996644,727.490494574657,266.6662151996644,737.490494574657,1.0
4,1420,261.62947526265503,732.926417753912,256.62947526265503,727.926417753912,266.62947526265503,737.926417753912,1.0
4,1421,261.36858149639613,733.3313451703713,256.36858149639613,728.3313451703713,266.36858149639613,738.3313451703713,1.0
4,1422,261.32022343197565,733.4960898010928,256.32022343197565,728.4960898010928,266.32022343197565,738.4960898010928,1.0
4,1423,261.38881475821125,733.8233770711687,256.38881475821125,728.8233770711687,266.38881475821125,738.8233770711687,1.0
4,1424,261.2324987770669,734.1564466560859,256.2324987770669,729.1564466560859,266.2324987770669,739.1564466560859,1.0
4,1425,261.44666274116156,734.3467806292415,256.44666274116156,729.3467806292415,266.44666274116156,739.3467806292415,1.0
4,1426,262.00186588035973,734.5903184686838,257.00186588035973,729.5903184686838,267.00186588035973,739.5903184686838,1.0
4,1427,262.48372295815886,735.180755558519,257.48372295815886,730.180755558519,267.48372295815886,740.180755558519,1.0
4,1428,262.87501092775983,735.5529503259829,257.87501092775983,730.5529503259829,267.87501092775983,740.5529503259829,1.0
4,1429,263.2538116290428,736.014534410967,258.2538116290428,731.014534410967,268.2538116290428,741.014534410967,1.0
4,1430,263.7003508660026,736.3349667186997,258.7003508660026,731.3349667186997,268.7003508660026,741.3349667186997,1.0
4,1431,264.2664011976921,736.3220213140436,259.2664011976921,731.3220213140436,269.2664011976921,741.3220213140436,1.0
4,1432,264.55883545117814,736.6001607263646,259.55883545117814,731.6001607263646,269.55883545117814,741.6001607263646,1.0
4,1433,264.90584758671383,736.7395162264231,259.90584758671383,731.7395162264231,269.90584758671383,741.7395162264231,1.0
4,1434,265.14337051212976,736.6542952428383,260.14337051212976,731.6542952428383,270.14337051212976,741.6542952428383,1.0
4,1435,265.79442716522726,736.3525693921462,260.79442716522726,731.3525693921462,270.79442716522726,741.3525693921462,1.0
4,1436,266.5274442499697,735.854988633874,261.5274442499697,730.854988633874,271.5274442499697,740.854988633874,1.0
4,1437,267.3876630441637,735.5552596157626,262.3876630441637,730.5552596157626,272.3876630441637,740.5552596157626,1.0
4,1438,267.82461746534716,735.6496244878517,262.82461746534716,730.6496244878517,272.82461746534716,740.6496244878517,1.0
4,1439,267.96341417542266,735.4486581068118,262.96341417542266,730.4486581068118,272.96341417542266,740.4486581068118,1.0
4,1440,267.8432527441963,735.0105274401682,262.8432527441963,730.0105274401682,272.8432527441963,740.0105274401682,1.0
4,1441,266.96511260289617,735.1536905233277,261.96511260289617,730.1536905233277,271.96511260289617,740.1536905233277,1.0
4,1442,266.4505132393325,735.4031826982206,261.4505132393325,730.4031826982206,271.4505132393325,740.4031826982206,1.0
4,1443,265.71415747835783,735.5322161379333,260.71415747835783,730.5322161379333,270.71415747835783,740.5322161379333,1.0
4,1444,265.10054396023895,735.3447801841342,260.10054396023895,730.3447801841342,270.10054396023895,740.3447801841342,1.0
4,1445,264.86587819949034,735.3353011242483,259.86587819949034,730.3353011242483,269.86587819949034,740.3353011242483,1.0
4,1446,264.16491666103104,735.8139095391476,259.16491666103104,730.8139095391476,269.16491666103104,740.8139095391476,1.0
4,1447,263.94017776633524,736.8980631589299,258.94017776633524,731.8980631589299,268.94017776633524,741.8980631589299,1.0
4,1448,264.09517034233363,737.9817493607538,259.09517034233363,732.9817493607538,269.09517034233363,742.9817493607538,1.0
4,1449,264.7579319583836,738.8814775086261,259.7579319583836,733.8814775086261,269.7579319583836,743.8814775086261,1.0
4,1450,265.48299385487667,739.7119232061806,260.48299385487667,734.7119232061806,270.48299385487667,744.7119232061806,1.0
4,1451,266.5721292243606,740.6056931325152,261.5721292243606,735.6056931325152,271.5721292243606,745.6056931325152,1.0
4,1452,268.3604058929337,741.5519004872615,263.3604058929337,736.5519004872615,273.3604058929337,746.5519004872615,1.0
4,1453,269.6766326300028,742.070611884131,264.6766326300028,737.070611884131,274.6766326300028,747.070611884131,1.0
4,1454,270.65754747924836,742.3299340291807,265.65754747924836,737.3299340291807,275.65754747924836,747.3299340291807,1.0
4,1455,271.3837450872856,742.6429971444319,266.3837450872856,737.6429971444319,276.3837450872856,747.6429971444319,1.0
4,1456,272.0830225203462,742.6957524810746,267.0830225203462,737.6957524810746,277.0830225203462,747.6957524810746,1.0
4,1457,272.5105124441791,743.0626279340097,267.5105124441791,738.0626279340097,277.5105124441791,748.0626279340097,1.0
4,1458,272.92020094634427,742.9989285822372,267.92020094634427,737.9989285822372,277.92020094634427,747.9989285822372,1.0
4,1459,273.60973736431254,742.8887602626552,268.60973736431254,737.8887602626552,278.60973736431254,747.8887602626552,1.0
4,1460,274.18414829092404,742.3758450961317,269.18414829092404,737.3758450961317,279.18414829092404,747.3758450961317,1.0
4,1461,274.70326812502395,741.5754831207479,269.70326812502395,736.5754831207479,279.70326812502395,746.5754831207479,1.0
4,1462,275.0941541074139,740.7232299517482,270.0941541074139,735.7232299517482,280.0941541074139,745.7232299517482,1.0
4,1463,276.07178214361704,739.6827792311481,271.07178214361704,734.6827792311481,281.07178214361704,744.6827792311481,1.0
4,1464,276.97432037560435,738.7385273828899,271.97432037560435,733.7385273828899,281.97432037560435,743.7385273828899,1.0
4,1465,277.959539808273,737.5576557028975,272.959539808273,732.5576557028975,282.959539808273,742.5576557028975,1.0
4,1466,278.81285665018896,736.3872418836086,273.81285665018896,731.3872418836086,283.81285665018896,741.3872418836086,1.0
4,1467,279.48285584090877,735.4526857522535,274.48285584090877,730.4526857522535,284.48285584090877,740.4526857522535,1.0
4,1468,280.015347488396,734.5942775005801,275.015347488396,729.5942775005801,285.015347488396,739.5942775005801,1.0
4,1469,280.38011399050913,733.4989940213553,275.38011399050913,728.4989940213553,285.38011399050913,738.4989940213553,1.0
5,749,227.5,306.5,222.5,301.5,232.5,311.5,1.0
5,750,227.51694056403954,306.4851394025401,222.51694056403954,301.4851394025401,232.51694056403954,311.4851394025401,1.0
5,751,227.4997329810359,306.46811602402266,222.4997329810359,301.46811602402266,232.4997329810359,311.46811602402266,1.0
5,752,227.455601572158,306.42602077844185,222.455601572158,301.42602077844185,232.455601572158,311.42602077844185,1.0
5,753,227.3918313336845,306.4097743132443,222.3918313336845,301.4097743132443,232.3918313336845,311.4097743132443,1.0
5,754,227.32020520792776,306.4110646929608,222.32020520792776,301.4110646929608,232.32020520792776,311.4110646929608,1.0
5,755,227.26406189036663,306.37842444165005,222.26406189036663,301.37842444165005,232.26406189036663,311.37842444165005,1.0
5,756,227.22397250551282,306.3468922531165,222.22397250551282,301.3468922531165,232.22397250551282,311.3468922531165,1.0
5,757,227.1490131965404,306.3316356683376,222.1490131965404,301.3316356683376,232.1490131965404,311.3316356683376,1.0
5,758,226.99096521124298,306.33123605056966,221.99096521124298,301.33123605056966,231.99096521124298,311.33123605056966,1.0
5,759,226.81044046590597,306.34826381036163,221.81044046590597,301.34826381036163,231.81044046590597,311.34826381036163,1.0
5,760,226.6423481865249,306.37354018825897,221.6423481865249,301.37354018825897,231.6423481865249,311.37354018825897,1.0
5,761,226.5114272920689,306.3930727373279,221.5114272920689,301.3930727373279,231.5114272920689,311.3930727373279,1.0
5,762,226.4097988067549,306.4178352912729,221.4097988067549,301.4178352912729,231.4097988067549,311.4178352912729,1.0
5,763,226.34493229411598,306.4577195129903,221.34493229411598,301.4577195129903,231.34493229411598,311.4577195129903,1.0
5,764,226.27712848027943,306.4776567519616,221.27712848027943,301.4776567519616,231.27712848027943,311.4776567519616,1.0
5,765,226.20222055847114,306.48348609072,221.20222055847114,301.48348609072,231.20222055847114,311.48348609072,1.0
5,766,226.16068177621736,306.48938512276635,221.16068177621736,301.48938512276635,231.16068177621736,311.48938512276635,1.0
5,767,226.16148010037062,306.53385311107394,221.16148010037062,301.53385311107394,231.16148010037062,311.53385311107394,1.0
5,768,226.16026566259535,306.5855312781007,221.16026566259535,301.5855312781007,231.16026566259535,311.5855312781007,1.0
5,769,226.1248884598762,306.6650338442285,221.1248884598762,301.6650338442285,231.1248884598762,311.6650338442285,1.0
5,770,226.10844518202222,306.74978054436065,221.10844518202222,301.74978054436065,231.10844518202222,311.74978054436065,1.0
5,771,226.08078594026827,306.82600641509475,221.08078594026827,301.82600641509475,231.08078594026827,311.82600641509475,1.0
5,772,226.05815919542704,306.91147164517463,221.05815919542704,301.91147164517463,231.05815919542704,311.91147164517463,1.0
5,773,226.03848847923663,307.0023444760538,221.03848847923663,302.0023444760538,231.03848847923663,312.0023444760538,1.0
5,774,226.03989885909596,307.1150632452969,221.03989885909596,302.1150632452969,231.03989885909596,312.1150632452969,1.0
5,775,226.0445969572772,307.22694140599856,221.0445969572772,302.22694140599856,231.0445969572772,312.22694140599856,1.0
5,776,226.0647391412408,307.28259591370335,221.0647391412408,302.28259591370335,231.0647391412408,312.28259591370335,1.0
5,777,226.10383206535016,307.3526306792139,221.10383206535016,302.3526306792139,231.10383206535016,312.3526306792139,1.0
5,778,226.14025579125303,307.4020031605966,221.14025579125303,302.4020031605966,231.14025579125303,312.4020031605966,1.0
5,779,226.17862634542686,307.4335020709723,221.17862634542686,302.4335020709723,231.17862634542686,312.4335020709723,1.0
5,780,226.22746454670713,307.4434594168896,221.22746454670713,302.4434594168896,231.22746454670713,312.4434594168896,1.0
5,781,226.26305853567004,307.4748129584677,221.26305853567004,302.4748129584677,231.26305853567004,312.4748129584677,1.0
5,782,226.30627345560234,307.4752287891066,221.30627345560234,302.4752287891066,231.30627345560234,312.4752287891066,1.0
5,783,226.3139759608364,307.49538089856037,221.3139759608364,302.49538089856037,231.3139759608364,312.49538089856037,1.0
5,784,226.37872915368953,307.48596667137025,221.37872915368953,302.48596667137025,231.37872915368953,312.48596667137025,1.0
5,785,226.42803209559173,307.48798437910636,221.42803209559173,302.48798437910636,231.42803209559173,312.48798437910636,1.0
5,786,226.43452286026712,307.52348482197107,221.43452286026712,302.52348482197107,231.43452286026712,312.52348482197107,1.0
5,787,226.39453344702002,307.5348431331642,221.39453344702002,302.5348431331642,231.39453344702002,312.5348431331642,1.0
5,788,226.35795933615117,307.5342489252508,221.35795933615117,302.5342489252508,231.35795933615117,312.5342489252508,1.0
5,789,226.27549182270587,307.5436615939721,221.27549182270587,302.5436615939721,231.27549182270587,312.5436615939721,1.0
5,790,226.23842831884426,307.52030348901275,221.23842831884426,302.52030348901275,231.23842831884426,312.52030348901275,1.0
5,791,226.20903105448457,307.50422195731255,221.20903105448457,302.50422195731255,231.20903105448457,312.50422195731255,1.0
5,792,226.16904241702449,307.476950316879,221.16904241702449,302.476950316879,231.16904241702449,312.476950316879,1.0
5,793,226.13725011644982,307.4645932191483,221.13725011644982,302.4645932191483,231.13725011644982,312.4645932191483,1.0
5,794,226.12513166509015,307.45346293870693,221.12513166509015,302.45346293870693,231.12513166509015,312.45346293870693,1.0
5,795,226.11371269945224,307.4437544835351,221.11371269945224,302.4437544835351,231.11371269945224,312.4437544835351,1.0
5,796,226.10854895359626,307.4377020107291,221.10854895359626,302.4377020107291,231.10854895359626,312.4377020107291,1.0
5,797,226.0864808579112,307.409350198495,221.0864808579112,302.409350198495,231.0864808579112,312.409350198495,1.0
5,798,226.03771557460448,307.3978465494982,221.03771557460448,302.3978465494982,231.03771557460448,312.3978465494982,1.0
5,799,225.9472148424793,307.376805204018,220.9472148424793,302.376805204018,230.9472148424793,312.376805204018,1.0
5,800,225.8825794602883,307.3627070944435,220.8825794602883,302.3627070944435,230.8825794602883,312.3627070944435,1.0
5,801,225.8349627489208,307.3487378536795,220.8349627489208,302.3487378536795,230.8349627489208,312.3487378536795,1.0
5,802,225.80269220452382,307.3537852036858,220.80269220452382,302.3537852036858,230.80269220452382,312.3537852036858,1.0
5,803,225.7729864311261,307.36544481596496,220.7729864311261,302.36544481596496,230.7729864311261,312.36544481596496,1.0
5,804,225.74123142579538,307.3722565466127,220.74123142579538,302.3722565466127,230.74123142579538,312.3722565466127,1.0
5,805,225.69314301428452,307.4488037770931,220.69314301428452,302.4488037770931,230.69314301428452,312.4488037770931,1.0
5,806,225.65533752952186,307.5380204410714,220.65533752952186,302.5380204410714,230.65533752952186,312.5380204410714,1.0
5,807,225.6071397423939,307.6191771759625,220.6071397423939,302.6191771759625,230.6071397423939,312.6191771759625,1.0
5,808,225.53367907458372,307.73578930539475,220.53367907458372,302.73578930539475,230.53367907458372,312.73578930539475,1.0
5,809,225.482310378181,307.8524634230642,220.482310378181,302.8524634230642,230.482310378181,312.8524634230642,1.0
5,810,225.42946428553208,307.94864718936054,220.42946428553208,302.94864718936054,230.42946428553208,312.94864718936054,1.0
5,811,225.35441815216336,308.050618985519,220.35441815216336,303.050618985519,230.35441815216336,313.050618985519,1.0
5,812,225.26573295258513,308.1692164666464,220.26573295258513,303.1692164666464,230.26573295258513,313.1692164666464,1.0
5,813,225.19824040169215,308.26588655995675,220.19824040169215,303.26588655995675,230.19824040169215,313.26588655995675,1.0
5,814,225.13039947884,308.3510035893496,220.13039947884,303.3510035893496,230.13039947884,313.3510035893496,1.0
5,815,225.07791074876778,308.41398605182064,220.07791074876778,303.41398605182064,230.07791074876778,313.41398605182064,1.0
5,816,225.04993514337352,308.4255398265743,220.04993514337352,303.4255398265743,230.04993514337352,313.4255398265743,1.0
5,817,225.0682109354491,308.43617119466717,220.0682109354491,303.43617119466717,230.0682109354491,313.43617119466717,1.0
5,818,225.0552592057511,308.46000428657936,220.0552592057511,303.46000428657936,230.0552592057511,313.46000428657936,1.0
5,819,225.08005901397212,308.4906719753604,220.08005901397212,303.4906719753604,230.08005901397212,313.4906719753604,1.0
5,820,225.0866043162531,308.5206260868858,220.0866043162531,303.5206260868858,230.0866043162531,313.5206260868858,1.0
5,821,225.0532391734447,308.5567161569612,220.0532391734447,303.5567161569612,230.0532391734447,313.5567161569612,1.0
5,822,225.04579689745003,308.56760329822515,220.04579689745003,303.56760329822515,230.04579689745003,313.56760329822515,1.0
5,823,225.0494589261075,308.55490357009455,220.0494589261075,303.55490357009455,230.0494589261075,313.55490357009455,1.0
5,824,225.0855320263499,308.55663258814735,220.0855320263499,303.55663258814735,230.0855320263499,313.55663258814735,1.0
5,825,225.10642955495905,308.5464292117641,220.10642955495905,303.5464292117641,230.10642955495905,313.5464292117641,1.0
5,826,225.11073183832164,308.56171050218853,220.11073183832164,303.56171050218853,230.11073183832164,313.56171050218853,1.0
5,827,225.11890488952938,308.584683974205,220.11890488952938,303.584683974205,230.11890488952938,313.584683974205,1.0
5,828,225.1376076893928,308.60424245636557,220.1376076893928,303.60424245636557,230.1376076893928,313.60424245636557,1.0
5,829,225.10410214509784,308.61587908312174,220.10410214509784,303.61587908312174,230.10410214509784,313.61587908312174,1.0
5,830,225.09728821673366,308.6154613184955,220.09728821673366,303.6154613184955,230.09728821673366,313.6154613184955,1.0
5,831,225.13626080564714,308.58692218289605,220.13626080564714,303.58692218289605,230.13626080564714,313.58692218289605,1.0
5,832,225.16064262344284,308.5468196247942,220.16064262344284,303.5468196247942,230.16064262344284,313.5468196247942,1.0
5,833,225.2028805117021,308.50990408110596,220.2028805117021,303.50990408110596,230.2028805117021,313.50990408110596,1.0
5,834,225.22062322907112,308.5257710731166,220.22062322907112,303.5257710731166,230.22062322907112,313.5257710731166,1.0
5,835,225.27121590062154,308.5273518366729,220.27121590062154,303.5273518366729,230.27121590062154,313.5273518366729,1.0
5,836,225.33348744297686,308.5427501666459,220.33348744297686,303.5427501666459,230.33348744297686,313.5427501666459,1.0
5,837,225.38368901505694,308.55791356469416,220.38368901505694,303.55791356469416,230.38368901505694,313.55791356469416,1.0
5,838,225.41949495620497,308.57081208365366,220.41949495620497,303.57081208365366,230.41949495620497,313.57081208365366,1.0
5,839,225.43187953250995,308.6115187874742,220.43187953250995,303.6115187874742,230.43187953250995,313.6115187874742,1.0
5,840,225.3973520833093,308.68563210599825,220.3973520833093,303.68563210599825,230.3973520833093,313.68563210599825,1.0
5,841,225.36752431049646,308.78268759452595,220.36752431049646,303.78268759452595,230.36752431049646,313.78268759452595,1.0
5,842,225.3452535928713,308.8578356372492,220.3452535928713,303.8578356372492,230.3452535928713,313.8578356372492,1.0
5,843,225.33455968143605,308.97901451192195,220.33455968143605,303.97901451192195,230.33455968143605,313.97901451192195,1.0
5,844,225.35634997309162,309.0990207933197,220.35634997309162,304.0990207933197,230.35634997309162,314.0990207933197,1.0
5,845,225.4285244790903,309.2429923887982,220.4285244790903,304.2429923887982,230.4285244790903,314.2429923887982,1.0
5,846,225.49993940798575,309.3677845164811,220.49993940798575,304.3677845164811,230.49993940798575,314.3677845164811,1.0
5,847,225.6248109319458,309.4666435909936,220.6248109319458,304.4666435909936,230.6248109319458,314.4666435909936,1.0
5,848,225.70605759365134,309.5383513943862,220.70605759365134,304.5383513943862,230.70605759365134,314.5383513943862,1.0
5,849,225.82173079338878,309.62778202330344,220.82173079338878,304.62778202330344,230.82173079338878,314.62778202330344,1.0
5,850,225.95363828295797,309.780813754606,220.95363828295797,304.780813754606,230.95363828295797,314.780813754606,1.0
5,851,226.00257690932182,309.9292431371097,221.00257690932182,304.9292431371097,231.00257690932182,314.9292431371097,1.0
5,852,225.9937806775017,310.06195781808907,220.9937806775017,305.06195781808907,230.9937806775017,315.06195781808907,1.0
5,853,225.98691734776176,310.1942542297268,220.98691734776176,305.1942542297268,230.98691734776176,315.1942542297268,1.0
5,854,225.96444757483076,310.33251625519955,220.96444757483076,305.33251625519955,230.96444757483076,315.33251625519955,1.0
5,855,225.9207649417583,310.4630309353261,220.9207649417583,305.4630309353261,230.9207649417583,315.4630309353261,1.0
5,856,225.89810103876167,310.6124916681521,220.89810103876167,305.6124916681521,230.89810103876167,315.6124916681521,1.0
5,857,225.8668200810316,310.7578236147357,220.8668200810316,305.7578236147357,230.8668200810316,315.7578236147357,1.0
5,858,225.78976355150047,310.8753856012651,220.78976355150047,305.8753856012651,230.78976355150047,315.8753856012651,1.0
5,859,225.7301252370839,310.97015399766065,220.7301252370839,305.97015399766065,230.7301252370839,315.97015399766065,1.0
5,860,225.68857718321374,311.08937994241506,220.68857718321374,306.08937994241506,230.68857718321374,316.08937994241506,1.0
5,861,225.6606097507257,311.19920346834766,220.6606097507257,306.19920346834766,230.6606097507257,316.19920346834766,1.0
5,862,225.61718364695614,311.361135374861,220.61718364695614,306.361135374861,230.61718364695614,316.361135374861,1.0
5,863,225.57807069483985,311.4935366023365,220.57807069483985,306.4935366023365,230.57807069483985,316.4935366023365,1.0
5,864,225.5529873218715,311.60388218648563,220.5529873218715,306.60388218648563,230.5529873218715,316.60388218648563,1.0
5,865,225.509565306808,311.67643439397796,220.509565306808,306.67643439397796,230.509565306808,316.67643439397796,1.0
5,866,225.45226015542863,311.7285906861761,220.45226015542863,306.7285906861761,230.45226015542863,316.7285906861761,1.0
5,867,225.41361464147556,311.76894876677824,220.41361464147556,306.76894876677824,230.41361464147556,316.76894876677824,1.0
5,868,225.37549256305115,311.8243948756927,220.37549256305115,306.8243948756927,230.37549256305115,316.8243948756927,1.0
5,869,225.37733793517643,311.85560788305304,220.37733793517643,306.85560788305304,230.37733793517643,316.85560788305304,1.0
5,870,225.38189342110186,311.8852112354739,220.38189342110186,306.8852112354739,230.38189342110186,316.8852112354739,1.0
5,871,225.36770654604715,311.89251488565606,220.36770654604715,306.89251488565606,230.36770654604715,316.89251488565606,1.0
5,872,225.2997474020912,311.8743575600174,220.2997474020912,306.8743575600174,230.2997474020912,316.8743575600174,1.0
5,873,225.24018194869495,311.84629501338924,220.24018194869495,306.84629501338924,230.24018194869495,316.84629501338924,1.0
5,874,225.1876299665263,311.8376487691517,220.1876299665263,306.8376487691517,230.1876299665263,316.8376487691517,1.0
5,875,225.1794819302427,311.7838876871045,220.1794819302427,306.7838876871045,230.1794819302427,316.7838876871045,1.0
5,876,225.16933363688398,311.7444835019044,220.16933363688398,306.7444835019044,230.16933363688398,316.7444835019044,1.0
5,877,225.17470328471762,311.70138131863155,220.17470328471762,306.70138131863155,230.17470328471762,316.70138131863155,1.0
5,878,225.17827623756367,311.67534915846113,220.17827623756367,306.67534915846113,230.17827623756367,316.67534915846113,1.0
5,879,225.17776932058337,311.6439769302101,220.17776932058337,306.6439769302101,230.17776932058337,316.6439769302101,1.0
5,880,225.18430015360087,311.5890985779906,220.18430015360087,306.5890985779906,230.18430015360087,316.5890985779906,1.0
5,881,225.1881765621245,311.56437860571384,220.1881765621245,306.56437860571384,230.1881765621245,316.56437860571384,1.0
5,882,225.19191120824283,311.541366198126,220.19191120824283,306.541366198126,230.19191120824283,316.541366198126,1.0
5,883,225.1955962389883,311.52172940818804,220.1955962389883,306.52172940818804,230.1955962389883,316.52172940818804,1.0
5,884,225.22808657272816,311.53207264888187,220.22808657272816,306.53207264888187,230.22808657272816,316.53207264888187,1.0
5,885,225.23725282342255,311.54027150399946,220.23725282342255,306.54027150399946,230.23725282342255,316.54027150399946,1.0
5,886,225.26829712533012,311.49691793429133,220.26829712533012,306.49691793429133,230.26829712533012,316.49691793429133,1.0
5,887,225.30039343869475,311.46094111595704,220.30039343869475,306.46094111595704,230.30039343869475,316.46094111595704,1.0
5,888,225.322845668495,311.4242831180711,220.322845668495,306.4242831180711,230.322845668495,316.4242831180711,1.0
5,889,225.31164551695593,311.3987122813391,220.31164551695593,306.3987122813391,230.31164551695593,316.3987122813391,1.0
5,890,225.25741998394244,311.36265228247123,220.25741998394244,306.36265228247123,230.25741998394244,316.36265228247123,1.0
5,891,225.2112806884129,311.3296747994874,220.2112806884129,306.3296747994874,230.2112806884129,316.3296747994874,1.0
5,892,225.1314766475403,311.3112221405458,220.1314766475403,306.3112221405458,230.1314766475403,316.3112221405458,1.0
5,893,225.11265989655726,311.29611197733414,220.11265989655726,306.29611197733414,230.11265989655726,316.29611197733414,1.0
5,894,225.06457493269752,311.32531703492145,220.06457493269752,306.32531703492145,230.06457493269752,316.32531703492145,1.0
5,895,225.05087761871968,311.3378934899258,220.05087761871968,306.3378934899258,230.05087761871968,316.3378934899258,1.0
5,896,225.02014032382564,311.3260427461533,220.02014032382564,306.3260427461533,230.02014032382564,316.3260427461533,1.0
5,897,225.0040057263873,311.32115345662027,220.0040057263873,306.32115345662027,230.0040057263873,316.32115345662027,1.0
5,898,224.97007525925687,311.33248260631837,219.97007525925687,306.33248260631837,229.97007525925687,316.33248260631837,1.0
5,899,224.9313245406346,311.35960685794515,219.9313245406346,306.35960685794515,229.9313245406346,316.35960685794515,1.0
5,900,224.89413285905218,311.37006345368917,219.89413285905218,306.37006345368917,229.89413285905218,316.37006345368917,1.0
5,901,224.8620838001841,311.3956262530707,219.8620838001841,306.3956262530707,229.8620838001841,316.3956262530707,1.0
5,902,224.84270453245594,311.44706371639523,219.84270453245594,306.44706371639523,229.84270453245594,316.44706371639523,1.0
5,903,224.83531832199594,311.51143585857045,219.83531832199594,306.51143585857045,229.83531832199594,316.51143585857045,1.0
5,904,224.8008378934331,311.57911704500157,219.8008378934331,306.57911704500157,229.8008378934331,316.57911704500157,1.0
5,905,224.79577120252458,311.65622468894657,219.79577120252458,306.65622468894657,229.79577120252458,316.65622468894657,1.0
5,906,224.79222306980262,311.7313670432592,219.79222306980262,306.7313670432592,229.79222306980262,316.7313670432592,1.0
5,907,224.80357146196965,311.7883464113943,219.80357146196965,306.7883464113943,229.80357146196965,316.7883464113943,1.0
5,908,224.80464834759275,311.83178797464353,219.80464834759275,306.83178797464353,229.80464834759275,316.83178797464353,1.0
5,909,224.76534709392504,311.8708356991844,219.76534709392504,306.8708356991844,229.76534709392504,316.8708356991844,1.0
5,910,224.7822528176071,311.91147322638994,219.7822528176071,306.91147322638994,229.7822528176071,316.91147322638994,1.0
5,911,224.80591555774603,311.9538366314128,219.80591555774603,306.9538366314128,229.80591555774603,316.9538366314128,1.0
5,912,224.84637494792054,311.97860101622103,219.84637494792054,306.97860101622103,229.84637494792054,316.97860101622103,1.0
5,913,224.90912179698435,312.00169570240604,219.90912179698435,307.00169570240604,229.90912179698435,317.00169570240604,1.0
5,914,224.94845184838655,312.02053006228317,219.94845184838655,307.02053006228317,229.94845184838655,317.02053006228317,1.0
5,915,224.96356232178357,312.0316875555785,219.96356232178357,307.0316875555785,229.96356232178357,317.0316875555785,1.0
5,916,224.9820332342913,312.04084259913844,219.9820332342913,307.04084259913844,229.9820332342913,317.04084259913844,1.0
5,917,225.0339094001044,312.04616996946424,220.0339094001044,307.04616996946424,230.0339094001044,317.04616996946424,1.0
5,918,225.0683195571578,312.02810698094623,220.0683195571578,307.02810698094623,230.0683195571578,317.02810698094623,1.0
5,919,225.07921798046888,312.01081146644447,220.07921798046888,307.01081146644447,230.07921798046888,317.01081146644447,1.0
5,920,225.09423434796807,311.984125217578,220.09423434796807,306.984125217578,230.09423434796807,316.984125217578,1.0
5,921,225.07145993443015,311.94906476851924,220.07145993443015,306.94906476851924,230.07145993443015,316.94906476851924,1.0
5,922,225.03971751493623,311.879969758589,220.03971751493623,306.879969758589,230.03971751493623,316.879969758589,1.0
5,923,225.01032125647959,311.82464631447016,220.01032125647959,306.82464631447016,230.01032125647959,316.82464631447016,1.0
5,924,225.01019787016702,311.77401633129506,220.01019787016702,306.77401633129506,230.01019787016702,316.77401633129506,1.0
5,925,225.02913659835858,311.68335932346855,220.02913659835858,306.68335932346855,230.02913659835858,316.68335932346855,1.0
5,926,225.03064565744472,311.6138013594939,220.03064565744472,306.6138013594939,230.03064565744472,316.6138013594939,1.0
5,927,225.0534386385205,311.54110286504203,220.0534386385205,306.54110286504203,230.0534386385205,316.54110286504203,1.0
5,928,225.03280670727497,311.5056119653374,220.03280670727497,306.5056119653374,230.03280670727497,316.5056119653374,1.0
5,929,224.9886837692053,311.48693576859733,219.9886837692053,306.48693576859733,229.9886837692053,316.48693576859733,1.0
5,930,224.89199551535484,311.48479931310766,219.89199551535484,306.48479931310766,229.89199551535484,316.48479931310766,1.0
5,931,224.78038168254017,311.5161428479766,219.78038168254017,306.5161428479766,229.78038168254017,316.5161428479766,1.0
5,932,224.67449554084945,311.52196050612855,219.67449554084945,306.52196050612855,229.67449554084945,316.52196050612855,1.0
5,933,224.5962398235536,311.5085362574867,219.5962398235536,306.5085362574867,229.5962398235536,316.5085362574867,1.0
5,934,224.50774008918177,311.50014942326754,219.50774008918177,306.50014942326754,229.50774008918177,316.50014942326754,1.0
5,935,224.43054108041383,311.5105218632037,219.43054108041383,306.5105218632037,229.43054108041383,316.5105218632037,1.0
5,936,224.33120972082267,311.49544612920977,219.33120972082267,306.49544612920977,229.33120972082267,316.49544612920977,1.0
5,937,224.22463626694864,311.45729675445,219.22463626694864,306.45729675445,229.22463626694864,316.45729675445,1.0
5,938,224.13313630746842,311.37512900226704,219.13313630746842,306.37512900226704,229.13313630746842,316.37512900226704,1.0
5,939,224.05763866480822,311.279188284859,219.05763866480822,306.279188284859,229.05763866480822,316.279188284859,1.0
5,940,223.97517082936724,311.23323402284296,218.97517082936724,306.23323402284296,228.97517082936724,316.23323402284296,1.0
5,941,223.88331559302287,311.1855943585844,218.88331559302287,306.1855943585844,228.88331559302287,316.1855943585844,1.0
5,942,223.78856441397025,311.1198323052175,218.78856441397025,306.1198323052175,228.78856441397025,316.1198323052175,1.0
5,943,223.69186008823877,311.03839007195455,218.69186008823877,306.03839007195455,228.69186008823877,316.03839007195455,1.0
5,944,223.56418530450168,310.92133657988865,218.56418530450168,305.92133657988865,228.56418530450168,315.92133657988865,1.0
5,945,223.45403579924803,310.84363605888666,218.45403579924803,305.84363605888666,228.45403579924803,315.84363605888666,1.0
5,946,223.35118880371598,310.80023729458964,218.35118880371598,305.80023729458964,228.35118880371598,315.80023729458964,1.0
5,947,223.26667733519812,310.7484138508777,218.26667733519812,305.7484138508777,228.26667733519812,315.7484138508777,1.0
5,948,223.18015035962415,310.69124344802736,218.18015035962415,305.69124344802736,228.18015035962415,315.69124344802736,1.0
5,949,223.13977562587021,310.6745996481085,218.13977562587021,305.6745996481085,228.13977562587021,315.6745996481085,1.0
5,950,223.078079066442,310.67564641197004,218.078079066442,305.67564641197004,228.078079066442,315.67564641197004,1.0
5,951,223.0013892672872,310.6532156077322,218.0013892672872,305.6532156077322,228.0013892672872,315.6532156077322,1.0
5,952,222.95586908349105,310.672517581013,217.95586908349105,305.672517581013,227.95586908349105,315.672517581013,1.0
5,953,222.9284631262067,310.64662244645706,217.9284631262067,305.64662244645706,227.9284631262067,315.64662244645706,1.0
5,954,222.91480764346034,310.63460210154454,217.91480764346034,305.63460210154454,227.91480764346034,315.63460210154454,1.0
5,955,222.879623190091,310.6426911634854,217.879623190091,305.6426911634854,227.879623190091,315.6426911634854,1.0
5,956,222.83218538977246,310.67280745464234,217.83218538977246,305.67280745464234,227.83218538977246,315.67280745464234,1.0
5,957,222.7784877617158,310.7245415439789,217.7784877617158,305.7245415439789,227.7784877617158,315.7245415439789,1.0
5,958,222.7183185250107,310.76544349186906,217.7183185250107,305.76544349186906,227.7183185250107,315.76544349186906,1.0
5,959,222.67419327897028,310.78086382278354,217.67419327897028,305.78086382278354,227.67419327897028,315.78086382278354,1.0
5,960,222.64265837422508,310.79371133783275,217.64265837422508,305.79371133783275,227.64265837422508,315.79371133783275,1.0
5,961,222.6079973128185,310.7941733161815,217.6079973128185,305.7941733161815,227.6079973128185,315.7941733161815,1.0
5,962,222.59336717068734,310.81760214421587,217.59336717068734,305.81760214421587,227.59336717068734,315.81760214421587,1.0
5,963,222.57622709293616,310.88774399059173,217.57622709293616,305.88774399059173,227.57622709293616,315.88774399059173,1.0
5,964,222.5429010952154,310.9558944612318,217.5429010952154,305.9558944612318,227.5429010952154,315.9558944612318,1.0
5,965,222.54415372469845,311.02435127514633,217.54415372469845,306.02435127514633,227.54415372469845,316.02435127514633,1.0
5,966,222.53282742888268,311.0949026098428,217.53282742888268,306.0949026098428,227.53282742888268,316.0949026098428,1.0
5,967,222.525667647857,311.16327547574264,217.525667647857,306.16327547574264,227.525667647857,316.16327547574264,1.0
5,968,222.4884747503788,311.2148083970383,217.4884747503788,306.2148083970383,227.4884747503788,316.2148083970383,1.0
5,969,222.4588664401745,311.2841922587823,217.4588664401745,306.2841922587823,227.4588664401745,316.2841922587823,1.0
5,970,222.4397219214317,311.32934898564486,217.4397219214317,306.32934898564486,227.4397219214317,316.32934898564486,1.0
5,971,222.41503024364795,311.39047244030155,217.41503024364795,306.39047244030155,227.41503024364795,316.39047244030155,1.0
5,972,222.39816853097523,311.48574821366026,217.39816853097523,306.48574821366026,227.39816853097523,316.48574821366026,1.0
5,973,222.38980415894167,311.5883386990458,217.38980415894167,306.5883386990458,227.38980415894167,316.5883386990458,1.0
5,974,222.3429146006045,311.7182112431845,217.3429146006045,306.7182112431845,227.3429146006045,316.7182112431845,1.0
5,975,222.27129854781384,311.8245787638524,217.27129854781384,306.8245787638524,227.27129854781384,316.8245787638524,1.0
5,976,222.20132034864247,311.92638938289286,217.20132034864247,306.92638938289286,227.20132034864247,316.92638938289286,1.0
5,977,222.12455374902348,312.01007570159453,217.12455374902348,307.01007570159453,227.12455374902348,317.01007570159453,1.0
5,978,222.07968275052392,312.09911252759343,217.07968275052392,307.09911252759343,227.07968275052392,317.09911252759343,1.0
5,979,222.04558382987653,312.20400196717753,217.04558382987653,307.20400196717753,227.04558382987653,317.20400196717753,1.0
5,980,222.03431586548984,312.32975823667726,217.03431586548984,307.32975823667726,227.03431586548984,317.32975823667726,1.0
5,981,222.00251141362338,312.4332305857713,217.00251141362338,307.4332305857713,227.00251141362338,317.4332305857713,1.0
5,982,221.97520775574813,312.49712037060164,216.97520775574813,307.49712037060164,226.97520775574813,317.49712037060164,1.0
5,983,221.95834778752325,312.55564103528116,216.95834778752325,307.55564103528116,226.95834778752325,317.55564103528116,1.0
5,984,221.95897243523996,312.5948971773134,216.95897243523996,307.5948971773134,226.95897243523996,317.5948971773134,1.0
5,985,221.96366156481727,312.5955511702999,216.96366156481727,307.5955511702999,226.96366156481727,317.5955511702999,1.0
5,986,221.93415111261638,312.55505971414874,216.93415111261638,307.55505971414874,226.93415111261638,317.55505971414874,1.0
5,987,221.87210924080952,312.51982930233646,216.87210924080952,307.51982930233646,226.87210924080952,317.51982930233646,1.0
5,988,221.80813202604404,312.47745094338995,216.80813202604404,307.47745094338995,226.80813202604404,317.47745094338995,1.0
5,989,221.75671511034702,312.3877755231962,216.75671511034702,307.3877755231962,226.75671511034702,317.3877755231962,1.0
5,990,221.73329827082753,312.2793835344889,216.73329827082753,307.2793835344889,226.73329827082753,317.2793835344889,1.0
5,991,221.7486157612663,312.1529309984286,216.7486157612663,307.1529309984286,226.7486157612663,317.1529309984286,1.0
5,992,221.7811240663711,312.03348402541525,216.7811240663711,307.03348402541525,226.7811240663711,317.03348402541525,1.0
5,993,221.78868670078302,311.95118509999764,216.78868670078302,306.95118509999764,226.78868670078302,316.95118509999764,1.0
5,994,221.7736830024662,311.89890589457804,216.7736830024662,306.89890589457804,226.7736830024662,316.89890589457804,1.0
5,995,221.752217995899,311.8333514091689,216.752217995899,306.8333514091689,226.752217995899,316.8333514091689,1.0
5,996,221.72404492701676,311.77132729877707,216.72404492701676,306.77132729877707,226.72404492701676,316.77132729877707,1.0
5,997,221.67930757799428,311.6737197899787,216.67930757799428,306.6737197899787,226.67930757799428,316.6737197899787,1.0
5,998,221.62163727662718,311.598180465878,216.62163727662718,306.598180465878,226.62163727662718,316.598180465878,1.0
5,999,221.57203475888133,311.5331336603699,216.57203475888133,306.5331336603699,226.57203475888133,316.5331336603699,1.0
5,1000,221.46581365314844,311.45316508293627,216.46581365314844,306.45316508293627,226.46581365314844,316.45316508293627,1.0
5,1001,221.33961761397083,311.37591934593775,216.33961761397083,306.37591934593775,226.33961761397083,316.37591934593775,1.0
5,1002,221.22552687709555,311.28581256084095,216.22552687709555,306.28581256084095,226.22552687709555,316.28581256084095,1.0
5,1003,221.1341720039126,311.2111055417131,216.1341720039126,306.2111055417131,226.1341720039126,316.2111055417131,1.0
5,1004,221.04304974585878,311.09825028420124,216.04304974585878,306.09825028420124,226.04304974585878,316.09825028420124,1.0
5,1005,220.97300814784842,310.9911450044359,215.97300814784842,305.9911450044359,225.97300814784842,315.9911450044359,1.0
5,1006,220.92426243697676,310.86720210901706,215.92426243697676,305.86720210901706,225.92426243697676,315.86720210901706,1.0
5,1007,220.86803064773906,310.7596733851664,215.86803064773906,305.7596733851664,225.86803064773906,315.7596733851664,1.0
5,1008,220.81036853776283,310.653477423799,215.81036853776283,305.653477423799,225.81036853776283,315.653477423799,1.0
5,1009,220.75995471651387,310.5285801938438,215.75995471651387,305.5285801938438,225.75995471651387,315.5285801938438,1.0
5,1010,220.67977192557876,310.45730688446486,215.67977192557876,305.45730688446486,225.67977192557876,315.45730688446486,1.0
5,1011,220.59696409519265,310.4015995041283,215.59696409519265,305.4015995041283,225.59696409519265,315.4015995041283,1.0
5,1012,220.5228574091407,310.33682979803115,215.5228574091407,305.33682979803115,225.5228574091407,315.33682979803115,1.0
5,1013,220.48246553821372,310.27175190300386,215.48246553821372,305.27175190300386,225.48246553821372,315.27175190300386,1.0
5,1014,220.4658566045487,310.22832227182676,215.4658566045487,305.22832227182676,225.4658566045487,315.22832227182676,1.0
5,1015,220.4578035513739,310.1818207697571,215.4578035513739,305.1818207697571,225.4578035513739,315.1818207697571,1.0
5,1016,220.48795239466824,310.16614227164797,215.48795239466824,305.16614227164797,225.48795239466824,315.16614227164797,1.0
5,1017,220.53771693974346,310.14661146100417,215.53771693974346,305.14661146100417,225.53771693974346,315.14661146100417,1.0
5,1018,220.62774257096433,310.16954061726256,215.62774257096433,305.16954061726256,225.62774257096433,315.16954061726256,1.0
5,1019,220.68424161646217,310.2100425421497,215.68424161646217,305.2100425421497,225.68424161646217,315.2100425421497,1.0
5,1020,220.73449743276007,310.2430136049411,215.73449743276007,305.2430136049411,225.73449743276007,315.2430136049411,1.0
5,1021,220.78451462195636,310.2828782895408,215.78451462195636,305.2828782895408,225.78451462195636,315.2828782895408,1.0
5,1022,220.8669290063548,310.2993856498582,215.8669290063548,305.2993856498582,225.8669290063548,315.2993856498582,1.0
5,1023,220.9421831503423,310.2716654384673,215.9421831503423,305.2716654384673,225.9421831503423,315.2716654384673,1.0
5,1024,220.98485643986695,310.2517278252676,215.98485643986695,305.2517278252676,225.98485643986695,315.2517278252676,1.0
5,1025,221.0436035938569,310.2500804517574,216.0436035938569,305.2500804517574,226.0436035938569,315.2500804517574,1.0
5,1026,221.1106739691451,310.248854916996,216.1106739691451,305.248854916996,226.1106739691451,315.248854916996,1.0
5,1027,221.16193545006396,310.2826345087374,216.16193545006396,305.2826345087374,226.16193545006396,315.2826345087374,1.0
5,1028,221.215718927997,310.3652299053881,216.215718927997,305.3652299053881,226.215718927997,315.3652299053881,1.0
5,1029,221.25775891830938,310.4600566360974,216.25775891830938,305.4600566360974,226.25775891830938,315.4600566360974,1.0
5,1030,221.29279949743037,310.5418850017579,216.29279949743037,305.5418850017579,226.29279949743037,315.5418850017579,1.0
5,1031,221.30750834146167,310.6313683302015,216.30750834146167,305.6313683302015,226.30750834146167,315.6313683302015,1.0
5,1032,221.31847597177412,310.75389348466877,216.31847597177412,305.75389348466877,226.31847597177412,315.75389348466877,1.0
5,1033,221.2939981464622,310.8659039497109,216.2939981464622,305.8659039497109,226.2939981464622,315.8659039497109,1.0
5,1034,221.2904888844446,310.9865043638199,216.2904888844446,305.9865043638199,226.2904888844446,315.9865043638199,1.0
5,1035,221.31627895881198,311.1124908590033,216.31627895881198,306.1124908590033,226.31627895881198,316.1124908590033,1.0
5,1036,221.38682698913982,311.2578406646405,216.38682698913982,306.2578406646405,226.38682698913982,316.2578406646405,1.0
5,1037,221.43033171694017,311.45033589054003,216.43033171694017,306.45033589054003,226.43033171694017,316.45033589054003,1.0
5,1038,221.4679255139319,311.5924119255473,216.4679255139319,306.5924119255473,226.4679255139319,316.5924119255473,1.0
5,1039,221.4787726615238,311.68609529332224,216.4787726615238,306.68609529332224,226.4787726615238,316.68609529332224,1.0
5,1040,221.45821786853844,311.7463557963809,216.45821786853844,306.7463557963809,226.45821786853844,316.7463557963809,1.0
5,1041,221.43481966218786,311.8029771994356,216.43481966218786,306.8029771994356,226.43481966218786,316.8029771994356,1.0
5,1042,221.4095687651074,311.84574921871246,216.4095687651074,306.84574921871246,226.4095687651074,316.84574921871246,1.0
5,1043,221.40595901999737,311.8844816918347,216.40595901999737,306.8844816918347,226.40595901999737,316.8844816918347,1.0
5,1044,221.4189188723272,311.93854616696285,216.4189188723272,306.93854616696285,226.4189188723272,316.93854616696285,1.0
5,1045,221.4363985615091,311.99592617353085,216.4363985615091,306.99592617353085,226.4363985615091,316.99592617353085,1.0
5,1046,221.4517132178341,312.0657302109805,216.4517132178341,307.0657302109805,226.4517132178341,317.0657302109805,1.0
5,1047,221.46901512802756,312.15372066946287,216.46901512802756,307.15372066946287,226.46901512802756,317.15372066946287,1.0
5,1048,221.48642807757636,312.25228510946596,216.48642807757636,307.25228510946596,226.48642807757636,317.25228510946596,1.0
5,1049,221.48590642001554,312.35481366688555,216.48590642001554,307.35481366688555,226.48590642001554,317.35481366688555,1.0
5,1050,221.48183820633864,312.4634138151157,216.48183820633864,307.4634138151157,226.48183820633864,317.4634138151157,1.0
5,1051,221.52564459344381,312.54419103715026,216.52564459344381,307.54419103715026,226.52564459344381,317.54419103715026,1.0
5,1052,221.51939883703434,312.657512198763,216.51939883703434,307.657512198763,226.51939883703434,317.657512198763,1.0
5,1053,221.53088853281852,312.7933906790813,216.53088853281852,307.7933906790813,226.53088853281852,317.7933906790813,1.0
5,1054,221.56058363280113,312.89034702932804,216.56058363280113,307.89034702932804,226.56058363280113,317.89034702932804,1.0
5,1055,221.59283363358912,312.98233485371117,216.59283363358912,307.98233485371117,226.59283363358912,317.98233485371117,1.0
5,1056,221.64053250789172,313.09997279776854,216.64053250789172,308.09997279776854,226.64053250789172,318.09997279776854,1.0
5,1057,221.6826907080886,313.2047506148626,216.6826907080886,308.2047506148626,226.6826907080886,318.2047506148626,1.0
5,1058,221.76479826499053,313.30917581490206,216.76479826499053,308.30917581490206,226.76479826499053,318.30917581490206,1.0
5,1059,221.88378974275858,313.3984285983602,216.88378974275858,308.3984285983602,226.88378974275858,318.3984285983602,1.0
5,1060,222.0181615557384,313.50041977367937,217.0181615557384,308.50041977367937,227.0181615557384,318.50041977367937,1.0
5,1061,222.16397615223207,313.61328866567584,217.16397615223207,308.61328866567584,227.16397615223207,318.61328866567584,1.0
5,1062,222.30042427627822,313.68907397401654,217.30042427627822,308.68907397401654,227.30042427627822,318.68907397401654,1.0
5,1063,222.39378125753313,313.7453528867739,217.39378125753313,308.7453528867739,227.39378125753313,318.7453528867739,1.0
5,1064,222.4439807165457,313.7868530270705,217.4439807165457,308.7868530270705,227.4439807165457,318.7868530270705,1.0
5,1065,222.52443906772942,313.8494558395667,217.52443906772942,308.8494558395667,227.52443906772942,318.8494558395667,1.0
5,1066,222.60191122402492,313.8846628185233,217.60191122402492,308.8846628185233,227.60191122402492,318.8846628185233,1.0
5,1067,222.70866075421293,313.9199836981436,217.70866075421293,308.9199836981436,227.70866075421293,318.9199836981436,1.0
5,1068,222.83419640906348,313.9182758629467,217.83419640906348,308.9182758629467,227.83419640906348,318.9182758629467,1.0
5,1069,222.94477733715578,313.967487566371,217.94477733715578,308.967487566371,227.94477733715578,318.967487566371,1.0
5,1070,223.04704476338054,314.03892561896834,218.04704476338054,309.03892561896834,228.04704476338054,319.03892561896834,1.0
5,1071,223.14722079202895,314.09579487704815,218.14722079202895,309.09579487704815,228.14722079202895,319.09579487704815,1.0
5,1072,223.27289317598326,314.1742256462811,218.27289317598326,309.1742256462811,228.27289317598326,319.1742256462811,1.0
5,1073,223.39631080486015,314.27037346608205,218.39631080486015,309.27037346608205,228.39631080486015,319.27037346608205,1.0
5,1074,223.53214677350522,314.37921608211474,218.53214677350522,309.37921608211474,228.53214677350522,319.37921608211474,1.0
5,1075,223.6663161905951,314.46751316719156,218.6663161905951,309.46751316719156,228.6663161905951,319.46751316719156,1.0
5,1076,223.82306666143404,314.5321548179284,218.82306666143404,309.5321548179284,228.82306666143404,319.5321548179284,1.0
5,1077,223.95321677525854,314.58289831008,218.95321677525854,309.58289831008,228.95321677525854,319.58289831008,1.0
5,1078,224.05419609715105,314.6221164295907,219.05419609715105,309.6221164295907,229.05419609715105,319.6221164295907,1.0
5,1079,224.1185038287175,314.6714842849582,219.1185038287175,309.6714842849582,229.1185038287175,319.6714842849582,1.0
5,1080,224.14455234732117,314.6993871771143,219.14455234732117,309.6993871771143,229.14455234732117,319.6993871771143,1.0
5,1081,224.1894163407364,314.7597548730744,219.1894163407364,309.7597548730744,229.1894163407364,319.7597548730744,1.0
5,1082,224.24258936232016,314.8739021655869,219.24258936232016,309.8739021655869,229.24258936232016,319.8739021655869,1.0
5,1083,224.27276146993876,315.0202853798411,219.27276146993876,310.0202853798411,229.27276146993876,320.0202853798411,1.0
5,1084,224.25066437674687,315.1403649882003,219.25066437674687,310.1403649882003,229.25066437674687,320.1403649882003,1.0
5,1085,224.21757711510207,315.23241050646743,219.21757711510207,310.23241050646743,229.21757711510207,320.23241050646743,1.0
5,1086,224.18630217043557,315.33727527907365,219.18630217043557,310.33727527907365,229.18630217043557,320.33727527907365,1.0
5,1087,224.13278075656612,315.45856049859356,219.13278075656612,310.45856049859356,229.13278075656612,320.45856049859356,1.0
5,1088,224.0551150352182,315.5712588491119,219.0551150352182,310.5712588491119,229.0551150352182,320.5712588491119,1.0
5,1089,223.98879478877498,315.68848150822225,218.98879478877498,310.68848150822225,228.98879478877498,320.68848150822225,1.0
5,1090,223.89770705533456,315.80911940781704,218.89770705533456,310.80911940781704,228.89770705533456,320.80911940781704,1.0
5,1091,223.7996821896403,315.9470431731518,218.7996821896403,310.9470431731518,228.7996821896403,320.9470431731518,1.0
5,1092,223.71391839201675,316.07286194784615,218.71391839201675,311.07286194784615,228.71391839201675,321.07286194784615,1.0
5,1093,223.63883332012762,316.2086478792804,218.63883332012762,311.2086478792804,228.63883332012762,321.2086478792804,1.0
5,1094,223.54636941903357,316.3982207558083,218.54636941903357,311.3982207558083,228.54636941903357,321.3982207558083,1.0
5,1095,223.46174737834338,316.56672747266526,218.46174737834338,311.56672747266526,228.46174737834338,321.56672747266526,1.0
5,1096,223.40166721590683,316.7293012185387,218.40166721590683,311.7293012185387,228.40166721590683,321.7293012185387,1.0
5,1097,223.36158167334125,316.86941313463393,218.36158167334125,311.86941313463393,228.36158167334125,321.86941313463393,1.0
5,1098,223.31861402073193,317.0186965320113,218.31861402073193,312.0186965320113,228.31861402073193,322.0186965320113,1.0
5,1099,223.2533325082024,317.1819339419821,218.2533325082024,312.1819339419821,228.2533325082024,322.1819339419821,1.0
5,1100,223.19155959172141,317.34346989159906,218.19155959172141,312.34346989159906,228.19155959172141,322.34346989159906,1.0
5,1101,223.15653970515083,317.4888097261531,218.15653970515083,312.4888097261531,228.15653970515083,322.4888097261531,1.0
5,1102,223.1726870732474,317.61279568641226,218.1726870732474,312.61279568641226,228.1726870732474,322.61279568641226,1.0
5,1103,223.2384493520247,317.7362387209965,218.2384493520247,312.7362387209965,228.2384493520247,322.7362387209965,1.0
5,1104,223.35344503653326,317.8404431664102,218.35344503653326,312.8404431664102,228.35344503653326,322.8404431664102,1.0
5,1105,223.48565175829918,317.9039672953526,218.48565175829918,312.9039672953526,228.48565175829918,322.9039672953526,1.0
5,1106,223.6183109366551,317.9581910877039,218.6183109366551,312.9581910877039,228.6183109366551,322.9581910877039,1.0
5,1107,223.70071447917826,318.03760505959474,218.70071447917826,313.03760505959474,228.70071447917826,323.03760505959474,1.0
5,1108,223.78314896574673,318.13644253851913,218.78314896574673,313.13644253851913,228.78314896574673,323.13644253851913,1.0
5,1109,223.8697610303173,318.25463613943066,218.8697610303173,313.25463613943066,228.8697610303173,323.25463613943066,1.0
5,1110,223.9514118015163,318.36932824081595,218.9514118015163,313.36932824081595,228.9514118015163,323.36932824081595,1.0
5,1111,224.02631548872327,318.45181482871175,219.02631548872327,313.45181482871175,229.02631548872327,323.45181482871175,1.0
5,1112,224.09952118137318,318.520823634585,219.09952118137318,313.520823634585,229.09952118137318,323.520823634585,1.0
5,1113,224.13180053623893,318.59117066750025,219.13180053623893,313.59117066750025,229.13180053623893,323.59117066750025,1.0
5,1114,224.13660759054565,318.6680549705868,219.13660759054565,313.6680549705868,229.13660759054565,323.6680549705868,1.0
5,1115,224.1059722907835,318.73734890240934,219.1059722907835,313.73734890240934,229.1059722907835,323.73734890240934,1.0
5,1116,224.01367627206014,318.824149272174,219.01367627206014,313.824149272174,229.01367627206014,323.824149272174,1.0
5,1117,223.9189094020014,318.91037698784027,218.9189094020014,313.91037698784027,228.9189094020014,323.91037698784027,1.0
5,1118,223.81188448354743,318.98325684639263,218.81188448354743,313.98325684639263,228.81188448354743,323.98325684639263,1.0
5,1119,223.7285415541924,319.0554593631428,218.7285415541924,314.0554593631428,228.7285415541924,324.0554593631428,1.0
5,1120,223.64655368903888,319.07631933319044,218.64655368903888,314.07631933319044,228.64655368903888,324.07631933319044,1.0
5,1121,223.5637142884488,319.08470784722994,218.5637142884488,314.08470784722994,228.5637142884488,324.08470784722994,1.0
5,1122,223.46155745956406,319.0992522957736,218.46155745956406,314.0992522957736,228.46155745956406,324.0992522957736,1.0
5,1123,223.38768582072598,319.1356993267719,218.38768582072598,314.1356993267719,228.38768582072598,324.1356993267719,1.0
5,1124,223.31456728379476,319.1793243562855,218.31456728379476,314.1793243562855,228.31456728379476,324.1793243562855,1.0
5,1125,223.2317681592953,319.18396771013335,218.2317681592953,314.18396771013335,228.2317681592953,324.18396771013335,1.0
5,1126,223.1409131830379,319.18472920848336,218.1409131830379,314.18472920848336,228.1409131830379,324.18472920848336,1.0
5,1127,223.02035596251383,319.21851398968306,218.02035596251383,314.21851398968306,228.02035596251383,324.21851398968306,1.0
5,1128,222.8892734703436,319.27358079928194,217.8892734703436,314.27358079928194,227.8892734703436,324.27358079928194,1.0
5,1129,222.77609165149366,319.33368257944045,217.77609165149366,314.33368257944045,227.77609165149366,324.33368257944045,1.0
5,1130,222.68480361438583,319.38953506942676,217.68480361438583,314.38953506942676,227.68480361438583,324.38953506942676,1.0
5,1131,222.59447093572186,319.44249957535555,217.59447093572186,314.44249957535555,227.59447093572186,324.44249957535555,1.0
5,1132,222.48506952387183,319.5090618580802,217.48506952387183,314.5090618580802,227.48506952387183,324.5090618580802,1.0
5,1133,222.33474371233743,319.540758091349,217.33474371233743,314.540758091349,227.33474371233743,324.540758091349,1.0
5,1134,222.20416010557264,319.5714611444508,217.20416010557264,314.5714611444508,227.20416010557264,324.5714611444508,1.0
5,1135,222.06254099266673,319.61548906990777,217.06254099266673,314.61548906990777,227.06254099266673,324.61548906990777,1.0
5,1136,221.91197633251446,319.6725335723187,216.91197633251446,314.6725335723187,226.91197633251446,324.6725335723187,1.0
5,1137,221.77667316657565,319.74350992445676,216.77667316657565,314.74350992445676,226.77667316657565,324.74350992445676,1.0
5,1138,221.67001049718917,319.79742599232867,216.67001049718917,314.79742599232867,226.67001049718917,324.79742599232867,1.0
5,1139,221.60435181183192,319.8519796180678,216.60435181183192,314.8519796180678,226.60435181183192,324.8519796180678,1.0
5,1140,221.55792077630636,319.93640326461923,216.55792077630636,314.93640326461923,226.55792077630636,324.93640326461923,1.0
5,1141,221.52114137811884,320.0366677452075,216.52114137811884,315.0366677452075,226.52114137811884,325.0366677452075,1.0
5,1142,221.4922203349427,320.1214383643745,216.4922203349427,315.1214383643745,226.4922203349427,325.1214383643745,1.0
5,1143,221.4635354562665,320.22901353108006,216.4635354562665,315.22901353108006,226.4635354562665,325.22901353108006,1.0
5,1144,221.40819850722994,320.34244457382715,216.40819850722994,315.34244457382715,226.40819850722994,325.34244457382715,1.0
5,1145,221.31992077726082,320.39348325178577,216.31992077726082,315.39348325178577,226.31992077726082,325.39348325178577,1.0
5,1146,221.23748070225855,320.46243446962745,216.23748070225855,315.46243446962745,226.23748070225855,325.46243446962745,1.0
5,1147,221.1848031891402,320.5645240526738,216.1848031891402,315.5645240526738,226.1848031891402,325.5645240526738,1.0
5,1148,221.13703408723117,320.6548089327333,216.13703408723117,315.6548089327333,226.13703408723117,325.6548089327333,1.0
5,1149,221.14069796656858,320.72444628091387,216.14069796656858,315.72444628091387,226.14069796656858,325.72444628091387,1.0
5,1150,221.13914879702048,320.78905632759694,216.13914879702048,315.78905632759694,226.13914879702048,325.78905632759694,1.0
5,1151,221.14646365021983,320.8620939312871,216.14646365021983,315.8620939312871,226.14646365021983,325.8620939312871,1.0
5,1152,221.16521215514848,320.898042004488,216.16521215514848,315.898042004488,226.16521215514848,325.898042004488,1.0
5,1153,221.18246201780224,320.91500390144785,216.18246201780224,315.91500390144785,226.18246201780224,325.91500390144785,1.0
5,1154,221.19477866278916,320.9150741484375,216.19477866278916,315.9150741484375,226.19477866278916,325.9150741484375,1.0
5,1155,221.204580853827,320.947090953943,216.204580853827,315.947090953943,226.204580853827,325.947090953943,1.0
5,1156,221.22719730431666,320.97897621443707,216.22719730431666,315.97897621443707,226.22719730431666,325.97897621443707,1.0
5,1157,221.26738257927315,321.0039154152817,216.26738257927315,316.0039154152817,226.26738257927315,326.0039154152817,1.0
5,1158,221.3216952818004,321.01618755644813,216.3216952818004,316.01618755644813,226.3216952818004,326.01618755644813,1.0
5,1159,221.32889467626833,321.05553844863965,216.32889467626833,316.05553844863965,226.32889467626833,326.05553844863965,1.0
5,1160,221.32390102070326,321.1048145845173,216.32390102070326,316.1048145845173,226.32390102070326,326.1048145845173,1.0
5,1161,221.31372118281774,321.172333866445,216.31372118281774,316.172333866445,226.31372118281774,326.172333866445,1.0
5,1162,221.2933508881243,321.2152782195736,216.2933508881243,316.2152782195736,226.2933508881243,326.2152782195736,1.0
5,1163,221.32640026154354,321.2524463342407,216.32640026154354,316.2524463342407,226.32640026154354,326.2524463342407,1.0
5,1164,221.34250961995593,321.27768641147776,216.34250961995593,316.27768641147776,226.34250961995593,326.27768641147776,1.0
5,1165,221.3452620822368,321.3215958708944,216.3452620822368,316.3215958708944,226.3452620822368,326.3215958708944,1.0
5,1166,221.32403001734903,321.39103387166296,216.32403001734903,316.39103387166296,226.32403001734903,326.39103387166296,1.0
5,1167,221.29607951787187,321.4283670015431,216.29607951787187,316.4283670015431,226.29607951787187,326.4283670015431,1.0
5,1168,221.28162066162358,321.47839206415273,216.28162066162358,316.47839206415273,226.28162066162358,326.47839206415273,1.0
5,1169,221.27803917905558,321.56893254939126,216.27803917905558,316.56893254939126,226.27803917905558,326.56893254939126,1.0
5,1170,221.27516093302472,321.65981246594384,216.27516093302472,316.65981246594384,226.27516093302472,326.65981246594384,1.0
5,1171,221.29156445013325,321.7403244141324,216.29156445013325,316.7403244141324,226.29156445013325,326.7403244141324,1.0
5,1172,221.33866006163294,321.8071458199974,216.33866006163294,316.8071458199974,226.33866006163294,326.8071458199974,1.0
5,1173,221.42760844405214,321.87016923489466,216.42760844405214,316.87016923489466,226.42760844405214,326.87016923489466,1.0
5,1174,221.52660463299472,321.9091656369983,216.52660463299472,316.9091656369983,226.52660463299472,326.9091656369983,1.0
5,1175,221.63780294819557,321.9506619358389,216.63780294819557,316.9506619358389,226.63780294819557,326.9506619358389,1.0
5,1176,221.75150395566385,322.0151899557743,216.75150395566385,317.0151899557743,226.75150395566385,327.0151899557743,1.0
5,1177,221.8453054148442,322.05893502904314,216.8453054148442,317.05893502904314,226.8453054148442,327.05893502904314,1.0
5,1178,221.93723476742133,322.0959894229278,216.93723476742133,317.0959894229278,226.93723476742133,327.0959894229278,1.0
5,1179,222.04312426881924,322.1620860600391,217.04312426881924,317.1620860600391,227.04312426881924,327.1620860600391,1.0
5,1180,222.173200243406,322.2355196259047,217.173200243406,317.2355196259047,227.173200243406,327.2355196259047,1.0
5,1181,222.326597793606,322.3179778563648,217.326597793606,317.3179778563648,227.326597793606,327.3179778563648,1.0
5,1182,222.47633015478644,322.38342939396557,217.47633015478644,317.38342939396557,227.47633015478644,327.38342939396557,1.0
5,1183,222.6529404604491,322.4614968799651,217.6529404604491,317.4614968799651,227.6529404604491,327.4614968799651,1.0
5,1184,222.84263937692995,322.5406966182214,217.84263937692995,317.5406966182214,227.84263937692995,327.5406966182214,1.0
5,1185,222.99360538610526,322.58626345472555,217.99360538610526,317.58626345472555,227.99360538610526,327.58626345472555,1.0
5,1186,223.15559794037247,322.62245815675067,218.15559794037247,317.62245815675067,228.15559794037247,327.62245815675067,1.0
5,1187,223.32314949946496,322.6703983070195,218.32314949946496,317.6703983070195,228.32314949946496,327.6703983070195,1.0
5,1188,223.4718266940041,322.6981723903967,218.4718266940041,317.6981723903967,228.4718266940041,327.6981723903967,1.0
5,1189,223.62734485225633,322.7334058627896,218.62734485225633,317.7334058627896,228.62734485225633,327.7334058627896,1.0
5,1190,223.76954142531497,322.73711846619085,218.76954142531497,317.73711846619085,228.76954142531497,327.73711846619085,1.0
5,1191,223.91357040360458,322.74148251741065,218.91357040360458,317.74148251741065,228.91357040360458,327.74148251741065,1.0
5,1192,224.02969012565148,322.70285902221735,219.02969012565148,317.70285902221735,229.02969012565148,327.70285902221735,1.0
5,1193,224.1544257022725,322.6587992737793,219.1544257022725,317.6587992737793,229.1544257022725,327.6587992737793,1.0
5,1194,224.30548022876374,322.6465096791901,219.30548022876374,317.6465096791901,229.30548022876374,327.6465096791901,1.0
5,1195,224.4590759909687,322.60310498198595,219.4590759909687,317.60310498198595,229.4590759909687,327.60310498198595,1.0
5,1196,224.6109371277647,322.5650973483165,219.6109371277647,317.5650973483165,229.6109371277647,327.5650973483165,1.0
5,1197,224.7709445153779,322.51597977711657,219.7709445153779,317.51597977711657,229.7709445153779,327.51597977711657,1.0
5,1198,224.94838694352222,322.461808616309,219.94838694352222,317.461808616309,229.94838694352222,327.461808616309,1.0
5,1199,225.0944021050138,322.37835130318234,220.0944021050138,317.37835130318234,230.0944021050138,327.37835130318234,1.0
5,1200,225.22813637379699,322.28914150868746,220.22813637379699,317.28914150868746,230.22813637379699,327.28914150868746,1.0
5,1201,225.36425336031363,322.19419265821153,220.36425336031363,317.19419265821153,230.36425336031363,327.19419265821153,1.0
5,1202,225.46848744494554,322.1200437423168,220.46848744494554,317.1200437423168,230.46848744494554,327.1200437423168,1.0
5,1203,225.54481583403367,321.9928196089253,220.54481583403367,316.9928196089253,230.54481583403367,326.9928196089253,1.0
5,1204,225.6309543047257,321.85207322291194,220.6309543047257,316.85207322291194,230.6309543047257,326.85207322291194,1.0
5,1205,225.70593039839588,321.7489878950528,220.70593039839588,316.7489878950528,230.70593039839588,326.7489878950528,1.0
5,1206,225.8115055246169,321.61101240009793,220.8115055246169,316.61101240009793,230.8115055246169,326.61101240009793,1.0
5,1207,225.92139461306638,321.50637817935154,220.92139461306638,316.50637817935154,230.92139461306638,326.50637817935154,1.0
5,1208,226.03515169937643,321.41723038278,221.03515169937643,316.41723038278,231.03515169937643,326.41723038278,1.0
5,1209,226.10908343130595,321.34075966931675,221.10908343130595,316.34075966931675,231.10908343130595,326.34075966931675,1.0
5,1210,226.17789853697218,321.2391628182599,221.17789853697218,316.2391628182599,231.17789853697218,326.2391628182599,1.0
5,1211,226.22842835696298,321.1440189121565,221.22842835696298,316.1440189121565,231.22842835696298,326.1440189121565,1.0
5,1212,226.2620551620033,321.0567102774106,221.2620551620033,316.0567102774106,231.2620551620033,326.0567102774106,1.0
5,1213,226.293480965798,320.97346248452425,221.293480965798,315.97346248452425,231.293480965798,325.97346248452425,1.0
5,1214,226.34500280988988,320.9140938896717,221.34500280988988,315.9140938896717,231.34500280988988,325.9140938896717,1.0
5,1215,226.42861233390323,320.8200655464077,221.42861233390323,315.8200655464077,231.42861233390323,325.8200655464077,1.0
5,1216,226.51806716150668,320.68020246500475,221.51806716150668,315.68020246500475,231.51806716150668,325.68020246500475,1.0
5,1217,226.6119435844261,320.5258372654051,221.6119435844261,315.5258372654051,231.6119435844261,325.5258372654051,1.0
5,1218,226.70180566157006,320.39773209157124,221.70180566157006,315.39773209157124,231.70180566157006,325.39773209157124,1.0
5,1219,226.80237288734114,320.26578749163815,221.80237288734114,315.26578749163815,231.80237288734114,325.26578749163815,1.0
5,1220,226.91214485423586,320.146395116156,221.91214485423586,315.146395116156,231.91214485423586,325.146395116156,1.0
5,1221,227.03037860352393,320.04313622008647,222.03037860352393,315.04313622008647,232.03037860352393,325.04313622008647,1.0
5,1222,227.11159207306247,319.9263439008317,222.11159207306247,314.9263439008317,232.11159207306247,324.9263439008317,1.0
5,1223,227.1880794636876,319.7905916363984,222.1880794636876,314.7905916363984,232.1880794636876,324.7905916363984,1.0
5,1224,227.25832116401367,319.68470695890227,222.25832116401367,314.68470695890227,232.25832116401367,324.68470695890227,1.0
5,1225,227.33570787073253,319.5976487378477,222.33570787073253,314.5976487378477,232.33570787073253,324.5976487378477,1.0
5,1226,227.43093072179818,319.4976072887804,222.43093072179818,314.4976072887804,232.43093072179818,324.4976072887804,1.0
5,1227,227.5345732485292,319.37330010398074,222.5345732485292,314.37330010398074,232.5345732485292,324.37330010398074,1.0
5,1228,227.63058799042975,319.24851285905135,222.63058799042975,314.24851285905135,232.63058799042975,324.24851285905135,1.0
5,1229,227.75173860232766,319.12435692167725,222.75173860232766,314.12435692167725,232.75173860232766,324.12435692167725,1.0
5,1230,227.881375560716,318.99284878730066,222.881375560716,313.99284878730066,232.881375560716,323.99284878730066,1.0
5,1231,228.02315808269836,318.9043457576241,223.02315808269836,313.9043457576241,233.02315808269836,323.9043457576241,1.0
5,1232,228.15119218806115,318.83918850528056,223.15119218806115,313.83918850528056,233.15119218806115,323.83918850528056,1.0
5,1233,228.27668801075046,318.8124153765804,223.27668801075046,313.8124153765804,233.27668801075046,323.8124153765804,1.0
5,1234,228.36943886593858,318.7979764656062,223.36943886593858,313.7979764656062,233.36943886593858,323.7979764656062,1.0
5,1235,228.47013629456166,318.80031482689407,223.47013629456166,313.80031482689407,233.47013629456166,323.80031482689407,1.0
5,1236,228.57644702053523,318.7769622916762,223.57644702053523,313.7769622916762,233.57644702053523,323.7769622916762,1.0
5,1237,228.6872140629848,318.76381772431375,223.6872140629848,313.76381772431375,233.6872140629848,323.76381772431375,1.0
5,1238,228.75266549608278,318.7639389210557,223.75266549608278,313.7639389210557,233.75266549608278,323.7639389210557,1.0
5,1239,228.7883212460248,318.8029804542254,223.7883212460248,313.8029804542254,233.7883212460248,323.8029804542254,1.0
5,1240,228.8392186282595,318.86399689303346,223.8392186282595,313.86399689303346,233.8392186282595,323.86399689303346,1.0
5,1241,228.90683508234463,318.90633664684844,223.90683508234463,313.90633664684844,233.90683508234463,323.90633664684844,1.0
5,1242,228.97976653004022,318.93887217690053,223.97976653004022,313.93887217690053,233.97976653004022,323.93887217690053,1.0
5,1243,229.05518598997048,318.94748228439215,224.05518598997048,313.94748228439215,234.05518598997048,323.94748228439215,1.0
5,1244,229.12651486129516,318.91836546227245,224.12651486129516,313.91836546227245,234.12651486129516,323.91836546227245,1.0
5,1245,229.19726089728113,318.91185826218947,224.19726089728113,313.91185826218947,234.19726089728113,323.91185826218947,1.0
5,1246,229.26055914149535,318.86958214257584,224.26055914149535,313.86958214257584,234.26055914149535,323.86958214257584,1.0
5,1247,229.3187505844705,318.7837184429089,224.3187505844705,313.7837184429089,234.3187505844705,323.7837184429089,1.0
5,1248,229.35481524616802,318.6988347888845,224.35481524616802,313.6988347888845,234.35481524616802,323.6988347888845,1.0
5,1249,229.39634912917828,318.60430526351666,224.39634912917828,313.60430526351666,234.39634912917828,323.60430526351666,1.0
5,1250,229.4255342701092,318.48677739511294,224.4255342701092,313.48677739511294,234.4255342701092,323.48677739511294,1.0
5,1251,229.45293486147762,318.36492710099435,224.45293486147762,313.36492710099435,234.45293486147762,323.36492710099435,1.0
5,1252,229.50258063179857,318.2378089227358,224.50258063179857,313.2378089227358,234.50258063179857,323.2378089227358,1.0
5,1253,229.56256128298983,318.1104761577946,224.56256128298983,313.1104761577946,234.56256128298983,323.1104761577946,1.0
5,1254,229.6447394402964,317.9939646723005,224.6447394402964,312.9939646723005,234.6447394402964,322.9939646723005,1.0
5,1255,229.72610675127808,317.8768328611623,224.72610675127808,312.8768328611623,234.72610675127808,322.8768328611623,1.0
5,1256,229.78528081453828,317.7622941203583,224.78528081453828,312.7622941203583,234.78528081453828,322.7622941203583,1.0
5,1257,229.86060086500112,317.65445916301564,224.86060086500112,312.65445916301564,234.86060086500112,322.65445916301564,1.0
5,1258,229.8977050065468,317.5566024599293,224.8977050065468,312.5566024599293,234.8977050065468,322.5566024599293,1.0
5,1259,229.93018540597225,317.4868054193833,224.93018540597225,312.4868054193833,234.93018540597225,322.4868054193833,1.0
5,1260,229.95196481923884,317.38148618447946,224.95196481923884,312.38148618447946,234.95196481923884,322.38148618447946,1.0
5,1261,229.93719726713942,317.3161079306421,224.93719726713942,312.3161079306421,234.93719726713942,322.3161079306421,1.0
5,1262,229.9343444423815,317.2953394028714,224.9343444423815,312.2953394028714,234.9343444423815,322.2953394028714,1.0
5,1263,229.9396253908298,317.28441180089834,224.9396253908298,312.28441180089834,234.9396253908298,322.28441180089834,1.0
5,1264,229.94562599989305,317.2778151125309,224.94562599989305,312.2778151125309,234.94562599989305,322.2778151125309,1.0
5,1265,229.962340376708,317.30840001690336,224.962340376708,312.30840001690336,234.962340376708,322.30840001690336,1.0
5,1266,230.00842541464573,317.32764351096137,225.00842541464573,312.32764351096137,235.00842541464573,322.32764351096137,1.0
5,1267,230.04997060241362,317.32074980289593,225.04997060241362,312.32074980289593,235.04997060241362,322.32074980289593,1.0
5,1268,230.07717063091408,317.3066205860187,225.07717063091408,312.3066205860187,235.07717063091408,322.3066205860187,1.0
5,1269,230.12142756495405,317.28976122046095,225.12142756495405,312.28976122046095,235.12142756495405,322.28976122046095,1.0
5,1270,230.1554941007923,317.2722668297874,225.1554941007923,312.2722668297874,235.1554941007923,322.2722668297874,1.0
5,1271,230.1890735663467,317.2872180015429,225.1890735663467,312.2872180015429,235.1890735663467,322.2872180015429,1.0
5,1272,230.1720933579388,317.29474388677363,225.1720933579388,312.29474388677363,235.1720933579388,322.29474388677363,1.0
5,1273,230.1443492439005,317.329947292202,225.1443492439005,312.329947292202,235.1443492439005,322.329947292202,1.0
5,1274,230.1114971763247,317.3699852683892,225.1114971763247,312.3699852683892,235.1114971763247,322.3699852683892,1.0
5,1275,230.0918297158685,317.3659890812526,225.0918297158685,312.3659890812526,235.0918297158685,322.3659890812526,1.0
5,1276,230.05742180189492,317.3619335608876,225.05742180189492,312.3619335608876,235.05742180189492,322.3619335608876,1.0
5,1277,230.0625884497943,317.3272244100981,225.0625884497943,312.3272244100981,235.0625884497943,322.3272244100981,1.0
5,1278,230.0461973210693,317.28469416141064,225.0461973210693,312.28469416141064,235.0461973210693,322.28469416141064,1.0
5,1279,230.03008433564304,317.24172492724864,225.03008433564304,312.24172492724864,235.03008433564304,322.24172492724864,1.0
5,1280,230.04282962047964,317.196029598542,225.04282962047964,312.196029598542,235.04282962047964,322.196029598542,1.0
5,1281,230.04477683290082,317.13754103608073,225.04477683290082,312.13754103608073,235.04477683290082,322.13754103608073,1.0
5,1282,230.05687951075674,317.100658676416,225.05687951075674,312.100658676416,235.05687951075674,322.100658676416,1.0
5,1283,230.0887635311516,317.06365083505443,225.0887635311516,312.06365083505443,235.0887635311516,322.06365083505443,1.0
5,1284,230.13455543602967,317.01395112902514,225.13455543602967,312.01395112902514,235.13455543602967,322.01395112902514,1.0
5,1285,230.15552679266588,316.97706572542927,225.15552679266588,311.97706572542927,235.15552679266588,321.97706572542927,1.0
5,1286,230.22112002287162,316.9257816053736,225.22112002287162,311.9257816053736,235.22112002287162,321.9257816053736,1.0
5,1287,230.31054417984924,316.9231317787847,225.31054417984924,311.9231317787847,235.31054417984924,321.9231317787847,1.0
5,1288,230.37065473712568,316.9125583950121,225.37065473712568,311.9125583950121,235.37065473712568,321.9125583950121,1.0
5,1289,230.41944562233047,316.87492328761897,225.41944562233047,311.87492328761897,235.41944562233047,321.87492328761897,1.0
5,1290,230.48203071285243,316.8890318604169,225.48203071285243,311.8890318604169,235.48203071285243,321.8890318604169,1.0
5,1291,230.53096078152734,316.90566099623607,225.53096078152734,311.90566099623607,235.53096078152734,321.90566099623607,1.0
5,1292,230.5573771633244,316.91051143350853,225.5573771633244,311.91051143350853,235.5573771633244,321.91051143350853,1.0
5,1293,230.55032261350175,316.9052308569949,225.55032261350175,311.9052308569949,235.55032261350175,321.9052308569949,1.0
5,1294,230.56848855316727,316.8905325077864,225.56848855316727,311.8905325077864,235.56848855316727,321.8905325077864,1.0
5,1295,230.60311339552865,316.8943888950545,225.60311339552865,311.8943888950545,235.60311339552865,321.8943888950545,1.0
5,1296,230.63077112177263,316.9060803999764,225.63077112177263,311.9060803999764,235.63077112177263,321.9060803999764,1.0
5,1297,230.62532156539842,316.89043442766666,225.62532156539842,311.89043442766666,235.62532156539842,321.89043442766666,1.0
5,1298,230.5930191887733,316.858762825464,225.5930191887733,311.858762825464,235.5930191887733,321.858762825464,1.0
5,1299,230.55583756550234,316.80497194779883,225.55583756550234,311.80497194779883,235.55583756550234,321.80497194779883,1.0
5,1300,230.51200821563074,316.70248168781023,225.51200821563074,311.70248168781023,235.51200821563074,321.70248168781023,1.0
5,1301,230.44509918729904,316.6040953616888,225.44509918729904,311.6040953616888,235.44509918729904,321.6040953616888,1.0
5,1302,230.38330581730804,316.5163339445977,225.38330581730804,311.5163339445977,235.38330581730804,321.5163339445977,1.0
5,1303,230.32845168658736,316.3828712809392,225.32845168658736,311.3828712809392,235.32845168658736,321.3828712809392,1.0
5,1304,230.27260933535058,316.3082458916562,225.27260933535058,311.3082458916562,235.27260933535058,321.3082458916562,1.0
5,1305,230.22996194142107,316.27627827724035,225.22996194142107,311.27627827724035,235.22996194142107,321.27627827724035,1.0
5,1306,230.18010982538303,316.23763724792997,225.18010982538303,311.23763724792997,235.18010982538303,321.23763724792997,1.0
5,1307,230.12360541567907,316.18273285280156,225.12360541567907,311.18273285280156,235.12360541567907,321.18273285280156,1.0
5,1308,230.06104365259898,316.1758878750425,225.06104365259898,311.1758878750425,235.06104365259898,321.1758878750425,1.0
5,1309,230.02292426962438,316.16574770396477,225.02292426962438,311.16574770396477,235.02292426962438,321.16574770396477,1.0
5,1310,229.96394669292155,316.1768136870123,224.96394669292155,311.1768136870123,234.96394669292155,321.1768136870123,1.0
5,1311,229.90634323013947,316.22146617542467,224.90634323013947,311.22146617542467,234.90634323013947,321.22146617542467,1.0
5,1312,229.8608764915237,316.252086912306,224.8608764915237,311.252086912306,234.8608764915237,321.252086912306,1.0
5,1313,229.81441248052693,316.3059497551379,224.81441248052693,311.3059497551379,234.81441248052693,321.3059497551379,1.0
5,1314,229.75328321595146,316.29685682912844,224.75328321595146,311.29685682912844,234.75328321595146,321.29685682912844,1.0
5,1315,229.71353370207754,316.2902730059122,224.71353370207754,311.2902730059122,234.71353370207754,321.2902730059122,1.0
5,1316,229.66293019833932,316.3013379594697,224.66293019833932,311.3013379594697,234.66293019833932,321.3013379594697,1.0
5,1317,229.5862117379983,316.2932664529378,224.5862117379983,311.2932664529378,234.5862117379983,321.2932664529378,1.0
5,1318,229.50568033985812,316.3089477761179,224.50568033985812,311.3089477761179,234.50568033985812,321.3089477761179,1.0
5,1319,229.39449293781962,316.32643987958056,224.39449293781962,311.32643987958056,234.39449293781962,321.32643987958056,1.0
5,1320,229.27612371149343,316.3215323646586,224.27612371149343,311.3215323646586,234.27612371149343,321.3215323646586,1.0
5,1321,229.1395925170314,316.2900166873362,224.1395925170314,311.2900166873362,234.1395925170314,321.2900166873362,1.0
5,1322,229.0000365083921,316.2792690850021,224.0000365083921,311.2792690850021,234.0000365083921,321.2792690850021,1.0
5,1323,228.8494263140439,316.21592129055904,223.8494263140439,311.21592129055904,233.8494263140439,321.21592129055904,1.0
5,1324,228.71089415579297,316.1640532323493,223.71089415579297,311.1640532323493,233.71089415579297,321.1640532323493,1.0
5,1325,228.55480302521835,316.1605642386382,223.55480302521835,311.1605642386382,233.55480302521835,321.1605642386382,1.0
5,1326,228.42630894676347,316.1550481590882,223.42630894676347,311.1550481590882,233.42630894676347,321.1550481590882,1.0
5,1327,228.34077363521476,316.1516832432834,223.34077363521476,311.1516832432834,233.34077363521476,321.1516832432834,1.0
5,1328,228.27090485733214,316.16089996673406,223.27090485733214,311.16089996673406,233.27090485733214,321.16089996673406,1.0
5,1329,228.1640881719275,316.2204474748358,223.1640881719275,311.2204474748358,233.1640881719275,321.2204474748358,1.0
5,1330,228.05839010168847,316.2707544287743,223.05839010168847,311.2707544287743,233.05839010168847,321.2707544287743,1.0
5,1331,227.93367899784394,316.30539357266866,222.93367899784394,311.30539357266866,232.93367899784394,321.30539357266866,1.0
5,1332,227.78903936563134,316.337099095864,222.78903936563134,311.337099095864,232.78903936563134,321.337099095864,1.0
5,1333,227.660780803518,316.32707076984855,222.660780803518,311.32707076984855,232.660780803518,321.32707076984855,1.0
5,1334,227.54392278629913,316.31142190874704,222.54392278629913,311.31142190874704,232.54392278629913,321.31142190874704,1.0
5,1335,227.43283555768014,316.27666095705035,222.43283555768014,311.27666095705035,232.43283555768014,321.27666095705035,1.0
5,1336,227.33841743732,316.25621962683897,222.33841743732,311.25621962683897,232.33841743732,321.25621962683897,1.0
5,1337,227.17005408137405,316.2490862163966,222.17005408137405,311.2490862163966,232.17005408137405,321.2490862163966,1.0
5,1338,227.02721176208868,316.22401838624006,222.02721176208868,311.22401838624006,232.02721176208868,321.22401838624006,1.0
5,1339,226.85077805913798,316.20045213343127,221.85077805913798,311.20045213343127,231.85077805913798,321.20045213343127,1.0
5,1340,226.65930086756208,316.1602530144742,221.65930086756208,311.1602530144742,231.65930086756208,321.1602530144742,1.0
5,1341,226.496219188244,316.14001996328835,221.496219188244,311.14001996328835,231.496219188244,321.14001996328835,1.0
5,1342,226.34505867959186,316.1326160528623,221.34505867959186,311.1326160528623,231.34505867959186,321.1326160528623,1.0
5,1343,226.23829120991294,316.1311028990574,221.23829120991294,311.1311028990574,231.23829120991294,321.1311028990574,1.0
5,1344,226.14115164275637,316.1045079143162,221.14115164275637,311.1045079143162,231.14115164275637,321.1045079143162,1.0
5,1345,226.03612316656708,316.04959010953405,221.03612316656708,311.04959010953405,231.03612316656708,321.04959010953405,1.0
5,1346,225.9464483376787,316.0078160734697,220.9464483376787,311.0078160734697,230.9464483376787,321.0078160734697,1.0
5,1347,225.8686829235637,315.9932789477328,220.8686829235637,310.9932789477328,230.8686829235637,320.9932789477328,1.0
5,1348,225.7836868781151,315.9697232339766,220.7836868781151,310.9697232339766,230.7836868781151,320.9697232339766,1.0
5,1349,225.7251199414297,315.94339180170687,220.7251199414297,310.94339180170687,230.7251199414297,320.94339180170687,1.0
5,1350,225.672907125063,315.93995962598757,220.672907125063,310.93995962598757,230.672907125063,320.93995962598757,1.0
5,1351,225.6397743635741,315.9616484203002,220.6397743635741,310.9616484203002,230.6397743635741,320.9616484203002,1.0
5,1352,225.6137374427115,315.98107627396627,220.6137374427115,310.98107627396627,230.6137374427115,320.98107627396627,1.0
5,1353,225.57203445231494,315.97451513393077,220.57203445231494,310.97451513393077,230.57203445231494,320.97451513393077,1.0
5,1354,225.54722533192538,315.98851919645455,220.54722533192538,310.98851919645455,230.54722533192538,320.98851919645455,1.0
5,1355,225.53109968607777,316.0532325053983,220.53109968607777,311.0532325053983,230.53109968607777,321.0532325053983,1.0
5,1356,225.5152805807874,316.10133058606186,220.5152805807874,311.10133058606186,230.5152805807874,321.10133058606186,1.0
5,1357,225.447068132644,316.16852826456466,220.447068132644,311.16852826456466,230.447068132644,321.16852826456466,1.0
5,1358,225.38447126594832,316.2220253242029,220.38447126594832,311.2220253242029,230.38447126594832,321.2220253242029,1.0
5,1359,225.29850735941338,316.2686716179001,220.29850735941338,311.2686716179001,230.29850735941338,321.2686716179001,1.0
5,1360,225.2067338955578,316.31535405233376,220.2067338955578,311.31535405233376,230.2067338955578,321.31535405233376,1.0
5,1361,225.13349705587748,316.3494124991326,220.13349705587748,311.3494124991326,230.13349705587748,321.3494124991326,1.0
5,1362,225.03853453695962,316.4046839507683,220.03853453695962,311.4046839507683,230.03853453695962,321.4046839507683,1.0
5,1363,224.9651186335849,316.46528855471485,219.9651186335849,311.46528855471485,229.9651186335849,321.46528855471485,1.0
5,1364,224.89221992369357,316.4816281707529,219.89221992369357,311.4816281707529,229.89221992369357,321.4816281707529,1.0
5,1365,224.81794623121965,316.4999765229318,219.81794623121965,311.4999765229318,229.81794623121965,321.4999765229318,1.0
5,1366,224.7542632306939,316.4904810972459,219.7542632306939,311.4904810972459,229.7542632306939,321.4904810972459,1.0
5,1367,224.7263305180495,316.4746820753698,219.7263305180495,311.4746820753698,229.7263305180495,321.4746820753698,1.0
5,1368,224.6769761242143,316.4480912437479,219.6769761242143,311.4480912437479,229.6769761242143,321.4480912437479,1.0
5,1369,224.62330300824402,316.4189398323294,219.62330300824402,311.4189398323294,229.62330300824402,321.4189398323294,1.0
5,1370,224.58747616835342,316.39623575002247,219.58747616835342,311.39623575002247,229.58747616835342,321.39623575002247,1.0
5,1371,224.5767024705636,316.40472201335825,219.5767024705636,311.40472201335825,229.5767024705636,321.40472201335825,1.0
5,1372,224.52618519574358,316.4509250363878,219.52618519574358,311.4509250363878,229.52618519574358,321.4509250363878,1.0
5,1373,224.48970752099714,316.5430368779129,219.48970752099714,311.5430368779129,229.48970752099714,321.5430368779129,1.0
5,1374,224.48730505517798,316.58770368608464,219.48730505517798,311.58770368608464,229.48730505517798,321.58770368608464,1.0
5,1375,224.49760531352524,316.63572244937586,219.49760531352524,311.63572244937586,229.49760531352524,321.63572244937586,1.0
5,1376,224.53070592465676,316.7046297369812,219.53070592465676,311.7046297369812,229.53070592465676,321.7046297369812,1.0
5,1377,224.57802123523211,316.80585576697814,219.57802123523211,311.80585576697814,229.57802123523211,321.80585576697814,1.0
5,1378,224.6269200852206,316.9069497438583,219.6269200852206,311.9069497438583,229.6269200852206,321.9069497438583,1.0
5,1379,224.72650476219437,317.0106094726052,219.72650476219437,312.0106094726052,229.72650476219437,322.0106094726052,1.0
5,1380,224.8024096946073,317.0977287916929,219.8024096946073,312.0977287916929,229.8024096946073,322.0977287916929,1.0
5,1381,224.8472905520507,317.18852638307237,219.8472905520507,312.18852638307237,229.8472905520507,322.18852638307237,1.0
5,1382,224.9101448431529,317.2484422468784,219.9101448431529,312.2484422468784,229.9101448431529,322.2484422468784,1.0
5,1383,224.94920404075907,317.341852752225,219.94920404075907,312.341852752225,229.94920404075907,322.341852752225,1.0
5,1384,224.93345043979943,317.44645683830316,219.93345043979943,312.44645683830316,229.93345043979943,322.44645683830316,1.0
5,1385,224.87199209496794,317.5249643014586,219.87199209496794,312.5249643014586,229.87199209496794,322.5249643014586,1.0
5,1386,224.7887159188186,317.60986228845024,219.7887159188186,312.60986228845024,229.7887159188186,322.60986228845024,1.0
5,1387,224.71064639339573,317.6919517922589,219.71064639339573,312.6919517922589,229.71064639339573,322.6919517922589,1.0
5,1388,224.63818859756972,317.74734513967474,219.63818859756972,312.74734513967474,229.63818859756972,322.74734513967474,1.0
5,1389,224.57313664179276,317.79586525274595,219.57313664179276,312.79586525274595,229.57313664179276,322.79586525274595,1.0
5,1390,224.51541879660763,317.8401748146285,219.51541879660763,312.8401748146285,229.51541879660763,322.8401748146285,1.0
5,1391,224.47230011957058,317.88309624731806,219.47230011957058,312.88309624731806,229.47230011957058,322.88309624731806,1.0
5,1392,224.45587545380934,317.9294740598906,219.45587545380934,312.9294740598906,229.45587545380934,322.9294740598906,1.0
5,1393,224.46402902997556,318.0034444168343,219.46402902997556,313.0034444168343,229.46402902997556,323.0034444168343,1.0
5,1394,224.4386753334469,318.0775718132618,219.4386753334469,313.0775718132618,229.4386753334469,323.0775718132618,1.0
5,1395,224.3842356191391,318.1490738606409,219.3842356191391,313.1490738606409,229.3842356191391,323.1490738606409,1.0
5,1396,224.32322468570283,318.25827546321716,219.32322468570283,313.25827546321716,229.32322468570283,323.25827546321716,1.0
5,1397,224.2769281728967,318.35223696136524,219.2769281728967,313.35223696136524,229.2769281728967,323.35223696136524,1.0
5,1398,224.2400615563836,318.39114509540116,219.2400615563836,313.39114509540116,229.2400615563836,323.39114509540116,1.0
5,1399,224.2044062036169,318.4082572126615,219.2044062036169,313.4082572126615,229.2044062036169,323.4082572126615,1.0
5,1400,224.16280378844993,318.46370959707764,219.16280378844993,313.46370959707764,229.16280378844993,323.46370959707764,1.0
5,1401,224.12392980059275,318.51586696796596,219.12392980059275,313.51586696796596,229.12392980059275,323.51586696796596,1.0
5,1402,224.11697836942594,318.54591111169657,219.11697836942594,313.54591111169657,229.11697836942594,323.54591111169657,1.0
5,1403,224.11513809641153,318.55950465498626,219.11513809641153,313.55950465498626,229.11513809641153,323.55950465498626,1.0
5,1404,224.15952747405905,318.5495742719099,219.15952747405905,313.5495742719099,229.15952747405905,323.5495742719099,1.0
5,1405,224.2127766227972,318.5354697810983,219.2127766227972,313.5354697810983,229.2127766227972,323.5354697810983,1.0
5,1406,224.27679788085447,318.5350351909921,219.27679788085447,313.5350351909921,229.27679788085447,323.5350351909921,1.0
5,1407,224.3640309766391,318.52110580568325,219.3640309766391,313.52110580568325,229.3640309766391,323.52110580568325,1.0
5,1408,224.48744451309412,318.541943303683,219.48744451309412,313.541943303683,229.48744451309412,323.541943303683,1.0
5,1409,224.62799904636384,318.5510013957828,219.62799904636384,313.5510013957828,229.62799904636384,323.5510013957828,1.0
5,1410,224.74480928905714,318.5761839133382,219.74480928905714,313.5761839133382,229.74480928905714,323.5761839133382,1.0
5,1411,224.8564553453229,318.5969189629165,219.8564553453229,313.5969189629165,229.8564553453229,323.5969189629165,1.0
5,1412,224.96712104962631,318.62268282578435,219.96712104962631,313.62268282578435,229.96712104962631,323.62268282578435,1.0
5,1413,225.0864613701945,318.6340391123399,220.0864613701945,313.6340391123399,230.0864613701945,323.6340391123399,1.0
5,1414,225.1855457780074,318.66290650109573,220.1855457780074,313.66290650109573,230.1855457780074,323.66290650109573,1.0
5,1415,225.29026744181414,318.65956633821884,220.29026744181414,313.65956633821884,230.29026744181414,323.65956633821884,1.0
5,1416,225.3984166129541,318.68040288440164,220.3984166129541,313.68040288440164,230.3984166129541,323.68040288440164,1.0
5,1417,225.4850243869215,318.72831050747413,220.4850243869215,313.72831050747413,230.4850243869215,323.72831050747413,1.0
5,1418,225.54789396558925,318.76990656351114,220.54789396558925,313.76990656351114,230.54789396558925,323.76990656351114,1.0
5,1419,225.60163641055973,318.76767378024,220.60163641055973,313.76767378024,230.60163641055973,323.76767378024,1.0
5,1420,225.65301928733638,318.7736715458754,220.65301928733638,313.7736715458754,230.65301928733638,323.7736715458754,1.0
5,1421,225.6699112954488,318.7858698636245,220.6699112954488,313.7858698636245,230.6699112954488,323.7858698636245,1.0
5,1422,225.69867497691897,318.79595061543233,220.69867497691897,313.79595061543233,230.69867497691897,323.79595061543233,1.0
5,1423,225.6751251383182,318.79201123428186,220.6751251383182,313.79201123428186,230.6751251383182,323.79201123428186,1.0
5,1424,225.69001847807033,318.7936154007243,220.69001847807033,313.7936154007243,230.69001847807033,323.7936154007243,1.0
5,1425,225.68217448005072,318.8139092122662,220.68217448005072,313.8139092122662,230.68217448005072,323.8139092122662,1.0
5,1426,225.66631083709464,318.81490491805556,220.66631083709464,313.81490491805556,230.66631083709464,323.81490491805556,1.0
5,1427,225.64716164057205,318.8041785126866,220.64716164057205,313.8041785126866,230.64716164057205,323.8041785126866,1.0
5,1428,225.6654636347415,318.79359480435903,220.6654636347415,313.79359480435903,230.6654636347415,323.79359480435903,1.0
5,1429,225.66565910096125,318.8100249394197,220.66565910096125,313.8100249394197,230.66565910096125,323.8100249394197,1.0
5,1430,225.68648845566108,318.8340526796111,220.68648845566108,313.8340526796111,230.68648845566108,323.8340526796111,1.0
5,1431,225.6739336380752,318.8274000551302,220.6739336380752,313.8274000551302,230.6739336380752,323.8274000551302,1.0
5,1432,225.65940461425967,318.79353892223725,220.65940461425967,313.79353892223725,230.65940461425967,323.79353892223725,1.0
5,1433,225.64611044767224,318.76497731560545,220.64611044767224,313.76497731560545,230.64611044767224,323.76497731560545,1.0
5,1434,225.59055787804917,318.7591350900843,220.59055787804917,313.7591350900843,230.59055787804917,323.7591350900843,1.0
5,1435,225.51272510049813,318.78136421247,220.51272510049813,313.78136421247,230.51272510049813,323.78136421247,1.0
5,1436,225.43492496030981,318.8554869353427,220.43492496030981,313.8554869353427,230.43492496030981,323.8554869353427,1.0
5,1437,225.36946082312375,318.88210369204734,220.36946082312375,313.88210369204734,230.36946082312375,323.88210369204734,1.0
5,1438,225.2831838181228,318.9357546870337,220.2831838181228,313.9357546870337,230.2831838181228,323.9357546870337,1.0
5,1439,225.22751533514761,319.01039975982087,220.22751533514761,314.01039975982087,230.22751533514761,324.01039975982087,1.0
5,1440,225.1468094401638,319.0887368272205,220.1468094401638,314.0887368272205,230.1468094401638,324.0887368272205,1.0
5,1441,225.05193439744855,319.17387563738686,220.05193439744855,314.17387563738686,230.05193439744855,324.17387563738686,1.0
5,1442,224.93634653028667,319.22406997133334,219.93634653028667,314.22406997133334,229.93634653028667,324.22406997133334,1.0
5,1443,224.7927894576313,319.2782528973452,219.7927894576313,314.2782528973452,229.7927894576313,324.2782528973452,1.0
5,1444,224.68830700886846,319.3321800954621,219.68830700886846,314.3321800954621,229.68830700886846,324.3321800954621,1.0
5,1445,224.6030605648515,319.38204051149506,219.6030605648515,314.38204051149506,229.6030605648515,324.38204051149506,1.0
5,1446,224.54462289573365,319.4649981721095,219.54462289573365,314.4649981721095,229.54462289573365,324.4649981721095,1.0
5,1447,224.47906358142913,319.52991225484897,219.47906358142913,314.52991225484897,229.47906358142913,324.52991225484897,1.0
5,1448,224.45656777451944,319.595155281298,219.45656777451944,314.595155281298,229.45656777451944,324.595155281298,1.0
5,1449,224.42283935895833,319.6657810772959,219.42283935895833,314.6657810772959,229.42283935895833,324.6657810772959,1.0
5,1450,224.41118323992092,319.7293946677305,219.41118323992092,314.7293946677305,229.41118323992092,324.7293946677305,1.0
5,1451,224.40504312019493,319.81960851741064,219.40504312019493,314.81960851741064,229.40504312019493,324.81960851741064,1.0
5,1452,224.43121657503684,319.87443803545614,219.43121657503684,314.87443803545614,229.43121657503684,324.87443803545614,1.0
5,1453,224.48249072544323,319.9447552068134,219.48249072544323,314.9447552068134,229.48249072544323,324.9447552068134,1.0
5,1454,224.5323016264116,319.9966659454627,219.5323016264116,314.9966659454627,229.5323016264116,324.9966659454627,1.0
5,1455,224.55689521981847,320.0052445659978,219.55689521981847,315.0052445659978,229.55689521981847,325.0052445659978,1.0
5,1456,224.5598955113238,320.0190393225899,219.5598955113238,315.0190393225899,229.5598955113238,325.0190393225899,1.0
5,1457,224.5202675807268,320.0440006382555,219.5202675807268,315.0440006382555,229.5202675807268,325.0440006382555,1.0
5,1458,224.53778060431085,320.06031599584526,219.53778060431085,315.06031599584526,229.53778060431085,325.06031599584526,1.0
5,1459,224.53725658201998,320.06740314229194,219.53725658201998,315.06740314229194,229.53725658201998,325.06740314229194,1.0
5,1460,224.5741699178957,320.0363758400407,219.5741699178957,315.0363758400407,229.5741699178957,325.0363758400407,1.0
5,1461,224.6394614650626,320.01096267497576,219.6394614650626,315.01096267497576,229.6394614650626,325.01096267497576,1.0
5,1462,224.67918931847285,319.96147539967785,219.67918931847285,314.96147539967785,229.67918931847285,324.96147539967785,1.0
5,1463,224.70492683657415,319.90917880487916,219.70492683657415,314.90917880487916,229.70492683657415,324.90917880487916,1.0
5,1464,224.7282878958859,319.8813822463669,219.7282878958859,314.8813822463669,229.7282878958859,324.8813822463669,1.0
5,1465,224.7376223937373,319.85425868904997,219.7376223937373,314.85425868904997,229.7376223937373,324.85425868904997,1.0
5,1466,224.76027626657864,319.85184453129256,219.76027626657864,314.85184453129256,229.76027626657864,324.85184453129256,1.0
5,1467,224.75341642825907,319.8110560461683,219.75341642825907,314.8110560461683,229.75341642825907,324.8110560461683,1.0
5,1468,224.71197503346295,319.78037051961394,219.71197503346295,314.78037051961394,229.71197503346295,324.78037051961394,1.0
5,1469,224.68490260550524,319.7301411706227,219.68490260550524,314.7301411706227,229.68490260550524,324.7301411706227,1.0
6,749,466.0,306.5,461.0,301.5,471.0,311.5,1.0
6,750,467.03310184149706,305.22802546386237,462.03310184149706,300.22802546386237,472.03310184149706,310.22802546386237,1.0
6,751,468.3666152627522,303.35757866946403,463.3666152627522,298.35757866946403,473.3666152627522,308.35757866946403,1.0
6,752,469.83534501124404,301.58086125875394,464.83534501124404,296.58086125875394,474.83534501124404,306.58086125875394,1.0
6,753,471.22134100596276,299.67056850914577,466.22134100596276,294.67056850914577,476.22134100596276,304.67056850914577,1.0
6,754,472.7039413244104,297.8039025529096,467.7039413244104,292.8039025529096,477.7039413244104,302.8039025529096,1.0
6,755,474.0459068992954,295.9006864587823,469.0459068992954,290.9006864587823,479.0459068992954,300.9006864587823,1.0
6,756,475.30521516457327,294.1379499185457,470.30521516457327,289.1379499185457,480.30521516457327,299.1379499185457,1.0
6,757,476.6269012437333,292.39501350133816,471.6269012437333,287.39501350133816,481.6269012437333,297.39501350133816,1.0
6,758,477.9650138310266,290.6472397576444,472.9650138310266,285.6472397576444,482.9650138310266,295.6472397576444,1.0
6,759,479.358924784763,288.9956004063938,474.358924784763,283.9956004063938,484.358924784763,293.9956004063938,1.0
6,760,480.7275822850234,287.4991126263072,475.7275822850234,282.4991126263072,485.7275822850234,292.4991126263072,1.0
6,761,482.22896722872497,286.07127972268813,477.22896722872497,281.07127972268813,487.22896722872497,291.07127972268813,1.0
6,762,483.8491787128195,284.6342303046222,478.8491787128195,279.6342303046222,488.8491787128195,289.6342303046222,1.0
6,763,485.4894815853752,283.25052177953546,480.4894815853752,278.25052177953546,490.4894815853752,288.25052177953546,1.0
6,764,487.2161173321563,282.03319913771486,482.2161173321563,277.03319913771486,492.2161173321563,287.03319913771486,1.0
6,765,489.17203621584923,280.9853024614228,484.17203621584923,275.9853024614228,494.17203621584923,285.9853024614228,1.0
6,766,491.05704881167827,280.0776711144619,486.05704881167827,275.0776711144619,496.05704881167827,285.0776711144619,1.0
6,767,492.8640932191702,279.3640873165831,487.8640932191702,274.3640873165831,497.8640932191702,284.3640873165831,1.0
6,768,494.7112204632992,278.7402500088258,489.7112204632992,273.7402500088258,499.7112204632992,283.7402500088258,1.0
6,769,496.2977585935279,278.18333283392116,491.2977585935279,273.18333283392116,501.2977585935279,283.18333283392116,1.0
6,770,497.8854757246392,277.66905623770344,492.8854757246392,272.66905623770344,502.8854757246392,282.66905623770344,1.0
6,771,499.70305022252563,277.15130562380756,494.70305022252563,272.15130562380756,504.70305022252563,282.15130562380756,1.0
6,772,501.41073756615685,276.49327158237804,496.41073756615685,271.49327158237804,506.41073756615685,281.49327158237804,1.0
6,773,503.2643132780121,275.7685966308853,498.2643132780121,270.7685966308853,508.2643132780121,280.7685966308853,1.0
6,774,504.9742621864898,274.9702324627741,499.9742621864898,269.9702324627741,509.9742621864898,279.9702324627741,1.0
6,775,506.9356078338927,274.2863816609856,501.9356078338927,269.2863816609856,511.9356078338927,279.2863816609856,1.0
6,776,508.88852953218026,273.6267608920853,503.88852953218026,268.6267608920853,513.8885295321802,278.6267608920853,1.0
6,777,510.73957669117885,272.73472005140184,505.73957669117885,267.73472005140184,515.7395766911789,277.73472005140184,1.0
6,778,512.5879873393752,271.6536984985263,507.5879873393752,266.6536984985263,517.5879873393752,276.6536984985263,1.0
6,779,514.6363459335684,270.2858792306358,509.63634593356835,265.2858792306358,519.6363459335684,275.2858792306358,1.0
6,780,516.4405939175316,268.9195852092454,511.4405939175316,263.9195852092454,521.4405939175316,273.9195852092454,1.0
6,781,518.1063368017313,267.44989700925487,513.1063368017313,262.44989700925487,523.1063368017313,272.44989700925487,1.0
6,782,519.5451570376994,266.07487875171597,514.5451570376994,261.07487875171597,524.5451570376994,271.07487875171597,1.0
6,783,521.1281883186355,264.8482211767806,516.1281883186355,259.8482211767806,526.1281883186355,269.8482211767806,1.0
6,784,522.7679052643098,263.599168406779,517.7679052643098,258.599168406779,527.7679052643098,268.599168406779,1.0
6,785,524.138872874342,262.18970309536235,519.138872874342,257.18970309536235,529.138872874342,267.18970309536235,1.0
6,786,525.4973763509598,260.890857058772,520.4973763509598,255.89085705877199,530.4973763509598,265.890857058772,1.0
6,787,526.8797654837717,259.5058421854827,521.8797654837717,254.50584218548272,531.8797654837717,264.5058421854827,1.0
6,788,528.208612562351,258.2838192902118,523.208612562351,253.2838192902118,533.208612562351,263.2838192902118,1.0
6,789,529.3956629605989,256.975719858818,524.3956629605989,251.97571985881802,534.3956629605989,261.975719858818,1.0
6,790,530.6749684045683,255.6625539547603,525.6749684045683,250.6625539547603,535.6749684045683,260.6625539547603,1.0
6,791,531.8285504928667,254.35229678251756,526.8285504928667,249.35229678251756,536.8285504928667,259.35229678251756,1.0
6,792,533.1356017636975,253.27322968962994,528.1356017636975,248.27322968962994,538.1356017636975,258.27322968962994,1.0
6,793,534.328594013072,252.11507865976827,529.328594013072,247.11507865976827,539.328594013072,257.1150786597683,1.0
6,794,535.3303298442476,250.90245753881538,530.3303298442476,245.90245753881538,540.3303298442476,255.90245753881538,1.0
6,795,536.2169689054981,249.6884999993179,531.2169689054981,244.6884999993179,541.2169689054981,254.6884999993179,1.0
6,796,537.1199764252689,248.32908025085015,532.1199764252689,243.32908025085015,542.1199764252689,253.32908025085015,1.0
6,797,538.0781031119772,247.06962621504871,533.0781031119772,242.06962621504871,543.0781031119772,252.06962621504871,1.0
6,798,538.8016403343761,245.7078828324078,533.8016403343761,240.7078828324078,543.8016403343761,250.7078828324078,1.0
6,799,539.5348224763594,244.37145783235198,534.5348224763594,239.37145783235198,544.5348224763594,249.37145783235198,1.0
6,800,540.5218260922094,242.8708474978823,535.5218260922094,237.8708474978823,545.5218260922094,247.8708474978823,1.0
6,801,541.5327580513573,241.31048053613463,536.5327580513573,236.31048053613463,546.5327580513573,246.31048053613463,1.0
6,802,542.5725555263472,239.8002918165755,537.5725555263472,234.8002918165755,547.5725555263472,244.8002918165755,1.0
6,803,543.8378272755483,238.17809203658777,538.8378272755483,233.17809203658777,548.8378272755483,243.17809203658777,1.0
6,804,545.3394327594041,236.69811471873714,540.3394327594041,231.69811471873714,550.3394327594041,241.69811471873714,1.0
6,805,546.7072384926955,235.20525780813784,541.7072384926955,230.20525780813784,551.7072384926955,240.20525780813784,1.0
6,806,548.0906194296331,233.7942870068009,543.0906194296331,228.7942870068009,553.0906194296331,238.7942870068009,1.0
6,807,549.3989928132942,232.38174045594383,544.3989928132942,227.38174045594383,554.3989928132942,237.38174045594383,1.0
6,808,550.6509529645377,231.09139648518249,545.6509529645377,226.09139648518249,555.6509529645377,236.09139648518249,1.0
6,809,551.6754284770307,229.90632943226228,546.6754284770307,224.90632943226228,556.6754284770307,234.90632943226228,1.0
6,810,552.7628369234578,228.4973893664447,547.7628369234578,223.4973893664447,557.7628369234578,233.4973893664447,1.0
6,811,553.7095997120256,227.162184306402,548.7095997120256,222.162184306402,558.7095997120256,232.162184306402,1.0
6,812,554.5140291697102,225.88119743866974,549.5140291697102,220.88119743866974,559.5140291697102,230.88119743866974,1.0
6,813,555.3186632706186,224.6252670169801,550.3186632706186,219.6252670169801,560.3186632706186,229.6252670169801,1.0
6,814,555.8274196784589,223.25505461836582,550.8274196784589,218.25505461836582,560.8274196784589,228.25505461836582,1.0
6,815,556.3623007065788,221.84086046978445,551.3623007065788,216.84086046978445,561.3623007065788,226.84086046978445,1.0
6,816,556.8763891378312,220.60958029000992,551.8763891378312,215.60958029000992,561.8763891378312,225.60958029000992,1.0
6,817,557.5346760889718,219.3937598655202,552.5346760889718,214.3937598655202,562.5346760889718,224.3937598655202,1.0
6,818,558.1278683825359,218.3003378113116,553.1278683825359,213.3003378113116,563.1278683825359,223.3003378113116,1.0
6,819,558.7546890687677,217.06789364695757,553.7546890687677,212.06789364695757,563.7546890687677,222.06789364695757,1.0
6,820,559.3763087242086,215.75278408750285,554.3763087242086,210.75278408750285,564.3763087242086,220.75278408750285,1.0
6,821,560.1465870066817,214.3670790273068,555.1465870066817,209.3670790273068,565.1465870066817,219.3670790273068,1.0
6,822,561.1360379389708,213.00990078636482,556.1360379389708,208.00990078636482,566.1360379389708,218.00990078636482,1.0
6,823,562.0726806839001,211.41077990785755,557.0726806839001,206.41077990785755,567.0726806839001,216.41077990785755,1.0
6,824,562.974438515668,209.84325471849036,557.974438515668,204.84325471849036,567.974438515668,214.84325471849036,1.0
6,825,564.0589318631587,208.20668930978223,559.0589318631587,203.20668930978223,569.0589318631587,213.20668930978223,1.0
6,826,565.2392291060022,206.7816179336748,560.2392291060022,201.7816179336748,570.2392291060022,211.7816179336748,1.0
6,827,566.4309031986098,205.3275948293473,561.4309031986098,200.3275948293473,571.4309031986098,210.3275948293473,1.0
6,828,567.478392579333,203.8614413404525,562.478392579333,198.8614413404525,572.478392579333,208.8614413404525,1.0
6,829,568.6287535723573,202.63306289598026,563.6287535723573,197.63306289598026,573.6287535723573,207.63306289598026,1.0
6,830,570.0315563404783,201.5479640080514,565.0315563404783,196.5479640080514,575.0315563404783,206.5479640080514,1.0
6,831,571.4733975093159,200.47291208163415,566.4733975093159,195.47291208163415,576.4733975093159,205.47291208163415,1.0
6,832,572.9714055546531,199.44811264803263,567.9714055546531,194.44811264803263,577.9714055546531,204.44811264803263,1.0
6,833,574.6173008841456,198.54879425170697,569.6173008841456,193.54879425170697,579.6173008841456,203.54879425170697,1.0
6,834,576.3370983869768,197.6608454729901,571.3370983869768,192.6608454729901,581.3370983869768,202.6608454729901,1.0
6,835,577.985659495192,196.86213847133087,572.985659495192,191.86213847133087,582.985659495192,201.86213847133087,1.0
6,836,579.7010735942372,196.089541360909,574.7010735942372,191.089541360909,584.7010735942372,201.089541360909,1.0
6,837,581.5335445447537,195.18796036740545,576.5335445447537,190.18796036740545,586.5335445447537,200.18796036740545,1.0
6,838,583.4810726049391,194.45050264563577,578.4810726049391,189.45050264563577,588.4810726049391,199.45050264563577,1.0
6,839,585.2793784562142,193.69052110006288,580.2793784562142,188.69052110006288,590.2793784562142,198.69052110006288,1.0
6,840,587.1204738585095,193.19816325973878,582.1204738585095,188.19816325973878,592.1204738585095,198.19816325973878,1.0
6,841,588.8201430421736,192.81282014545224,583.8201430421736,187.81282014545224,593.8201430421736,197.81282014545224,1.0
6,842,590.7316869499493,192.23645645461121,585.7316869499493,187.23645645461121,595.7316869499493,197.23645645461121,1.0
6,843,592.5138664363004,191.61154650194936,587.5138664363004,186.61154650194936,597.5138664363004,196.61154650194936,1.0
6,844,594.2553252149544,190.97868303946876,589.2553252149544,185.97868303946876,599.2553252149544,195.97868303946876,1.0
6,845,595.9846075164477,190.3645859830812,590.9846075164477,185.3645859830812,600.9846075164477,195.3645859830812,1.0
6,846,597.6939465427822,189.82714585399196,592.6939465427822,184.82714585399196,602.6939465427822,194.82714585399196,1.0
6,847,599.2733345251136,189.31310167751127,594.2733345251136,184.31310167751127,604.2733345251136,194.31310167751127,1.0
6,848,600.9244223294587,188.90783064431065,595.9244223294587,183.90783064431065,605.9244223294587,193.90783064431065,1.0
6,849,602.3636493861777,188.36045273970416,597.3636493861777,183.36045273970416,607.3636493861777,193.36045273970416,1.0
6,850,603.7693230069211,187.89513068275699,598.7693230069211,182.89513068275699,608.7693230069211,192.89513068275699,1.0
6,851,605.3062647974303,187.37640176772823,600.3062647974303,182.37640176772823,610.3062647974303,192.37640176772823,1.0
6,852,606.8644026406614,187.16576910106374,601.8644026406614,182.16576910106374,611.8644026406614,192.16576910106374,1.0
6,853,608.4142303174501,186.7831789952528,603.4142303174501,181.7831789952528,613.4142303174501,191.7831789952528,1.0
6,854,609.8479603595657,186.52089934464732,604.8479603595657,181.52089934464732,614.8479603595657,191.52089934464732,1.0
6,855,611.2009583885199,186.28995184733463,606.2009583885199,181.28995184733463,616.2009583885199,191.28995184733463,1.0
6,856,612.406084607363,185.96157730500335,607.406084607363,180.96157730500335,617.406084607363,190.96157730500335,1.0
6,857,613.6998139257458,185.81410993954847,608.6998139257458,180.81410993954847,618.6998139257458,190.81410993954847,1.0
6,858,615.0142724411451,185.65229860622844,610.0142724411451,180.65229860622844,620.0142724411451,190.65229860622844,1.0
6,859,616.413380088746,185.53709275307344,611.413380088746,180.53709275307344,621.413380088746,190.53709275307344,1.0
6,860,617.8200280315947,185.50211246767884,612.8200280315947,180.50211246767884,622.8200280315947,190.50211246767884,1.0
6,861,619.0659801703307,185.3556735548917,614.0659801703307,180.3556735548917,624.0659801703307,190.3556735548917,1.0
6,862,620.3359031420799,185.19896282305803,615.3359031420799,180.19896282305803,625.3359031420799,190.19896282305803,1.0
6,863,621.6115208581072,185.19321645346622,616.6115208581072,180.19321645346622,626.6115208581072,190.19321645346622,1.0
6,864,622.973228064194,185.31965055499214,617.973228064194,180.31965055499214,627.973228064194,190.31965055499214,1.0
6,865,624.4021460220009,185.38537285125386,619.4021460220009,180.38537285125386,629.4021460220009,190.38537285125386,1.0
6,866,625.9736031035707,185.52515788395726,620.9736031035707,180.52515788395726,630.9736031035707,190.52515788395726,1.0
6,867,627.653050682686,185.44797839181206,622.653050682686,180.44797839181206,632.653050682686,190.44797839181206,1.0
6,868,629.183682212258,185.45602290614977,624.183682212258,180.45602290614977,634.183682212258,190.45602290614977,1.0
6,869,630.6653732796377,185.6752233158943,625.6653732796377,180.6752233158943,635.6653732796377,190.6752233158943,1.0
6,870,631.9282889692028,185.97377428001937,626.9282889692028,180.97377428001937,636.9282889692028,190.97377428001937,1.0
6,871,633.2884395380706,186.34826440188428,628.2884395380706,181.34826440188428,638.2884395380706,191.34826440188428,1.0
6,872,634.4059425699958,186.85907574850302,629.4059425699958,181.85907574850302,639.4059425699958,191.85907574850302,1.0
6,873,635.4301533476374,187.33343877221003,630.4301533476374,182.33343877221003,640.4301533476374,192.33343877221003,1.0
6,874,636.5663126163763,187.60652303176684,631.5663126163763,182.60652303176684,641.5663126163763,192.60652303176684,1.0
6,875,637.8664343389521,188.00279351933426,632.8664343389521,183.00279351933426,642.8664343389521,193.00279351933426,1.0
6,876,639.0200885489612,188.4916055839465,634.0200885489612,183.4916055839465,644.0200885489612,193.4916055839465,1.0
6,877,640.0683357382261,188.97975033314958,635.0683357382261,183.97975033314958,645.0683357382261,193.97975033314958,1.0
6,878,640.9516087866148,189.44658489585632,635.9516087866148,184.44658489585632,645.9516087866148,194.44658489585632,1.0
6,879,642.1341208377826,189.84708580745212,637.1341208377826,184.84708580745212,647.1341208377826,194.84708580745212,1.0
6,880,643.314421300739,190.20677908001792,638.314421300739,185.20677908001792,648.314421300739,195.20677908001792,1.0
6,881,644.2972134438402,190.80651299150767,639.2972134438402,185.80651299150767,649.2972134438402,195.80651299150767,1.0
6,882,645.0572102562287,191.26517159596125,640.0572102562287,186.26517159596125,650.0572102562287,196.26517159596125,1.0
6,883,645.861669032118,191.71432512448268,640.861669032118,186.71432512448268,650.861669032118,196.71432512448268,1.0
6,884,646.4821349077741,192.17680881071507,641.4821349077741,187.17680881071507,651.4821349077741,197.17680881071507,1.0
6,885,647.1363289292872,192.64364365976147,642.1363289292872,187.64364365976147,652.1363289292872,197.64364365976147,1.0
6,886,647.6669588111681,192.94890932390544,642.6669588111681,187.94890932390544,652.6669588111681,197.94890932390544,1.0
6,887,648.3278131471101,193.43828494308633,643.3278131471101,188.43828494308633,653.3278131471101,198.43828494308633,1.0
6,888,648.8355500747425,194.1369724206406,643.8355500747425,189.1369724206406,653.8355500747425,199.1369724206406,1.0
6,889,649.3249253381234,194.61684515965513,644.3249253381234,189.61684515965513,654.3249253381234,199.61684515965513,1.0
6,890,649.9139505282342,195.06310726699706,644.9139505282342,190.06310726699706,654.9139505282342,200.06310726699706,1.0
6,891,650.6064023025913,195.6159042746193,645.6064023025913,190.6159042746193,655.6064023025913,200.6159042746193,1.0
6,892,651.5030276823777,196.13870956129074,646.5030276823777,191.13870956129074,656.5030276823777,201.13870956129074,1.0
6,893,652.5125662818139,196.615618349194,647.5125662818139,191.615618349194,657.5125662818139,201.615618349194,1.0
6,894,653.7031608077205,197.12652579890903,648.7031608077205,192.12652579890903,658.7031608077205,202.12652579890903,1.0
6,895,654.8483722977759,197.5533093454768,649.8483722977759,192.5533093454768,659.8483722977759,202.5533093454768,1.0
6,896,656.2332856836568,198.01197722799134,651.2332856836568,193.01197722799134,661.2332856836568,203.01197722799134,1.0
6,897,657.4306178726669,198.4706477403276,652.4306178726669,193.4706477403276,662.4306178726669,203.4706477403276,1.0
6,898,658.6086121162377,198.95702274662,653.6086121162377,193.95702274662,663.6086121162377,203.95702274662,1.0
6,899,659.84104716051,199.28237843569008,654.84104716051,194.28237843569008,664.84104716051,204.28237843569008,1.0
6,900,661.1775644818598,199.67594287405117,656.1775644818598,194.67594287405117,666.1775644818598,204.67594287405117,1.0
6,901,662.6685727523535,200.2380017484968,657.6685727523535,195.2380017484968,667.6685727523535,205.2380017484968,1.0
6,902,664.0047058926582,201.02709378892825,659.0047058926582,196.02709378892825,669.0047058926582,206.02709378892825,1.0
6,903,665.4844406644864,201.9126968394096,660.4844406644864,196.9126968394096,670.4844406644864,206.9126968394096,1.0
6,904,666.7403461009103,202.84945045297127,661.7403461009103,197.84945045297127,671.7403461009103,207.84945045297127,1.0
6,905,668.1167716066149,203.83374658137598,663.1167716066149,198.83374658137598,673.1167716066149,208.83374658137598,1.0
6,906,669.5499678758182,204.74116376936362,664.5499678758182,199.74116376936362,674.5499678758182,209.74116376936362,1.0
6,907,670.7366358324105,205.7905811811672,665.7366358324105,200.7905811811672,675.7366358324105,210.7905811811672,1.0
6,908,672.0741444819311,206.59739386002943,667.0741444819311,201.59739386002943,677.0741444819311,211.59739386002943,1.0
6,909,673.4705325343302,207.34970146520138,668.4705325343302,202.34970146520138,678.4705325343302,212.34970146520138,1.0
6,910,674.9232780640019,208.23224142602092,669.9232780640019,203.23224142602092,679.9232780640019,213.23224142602092,1.0
6,911,676.1777838402714,209.14466706055188,671.1777838402714,204.14466706055188,681.1777838402714,214.14466706055188,1.0
6,912,677.33850316315,209.79402727298998,672.33850316315,204.79402727298998,682.33850316315,214.79402727298998,1.0
6,913,678.191855494699,210.434797108415,673.191855494699,205.434797108415,683.191855494699,215.434797108415,1.0
6,914,679.0207798986298,211.15381723612973,674.0207798986298,206.15381723612973,684.0207798986298,216.15381723612973,1.0
6,915,679.7636340586673,211.91970950197094,674.7636340586673,206.91970950197094,684.7636340586673,216.91970950197094,1.0
6,916,680.351915400239,212.70939013008382,675.351915400239,207.70939013008382,685.351915400239,217.70939013008382,1.0
6,917,680.7361755095316,213.42086108940225,675.7361755095316,208.42086108940225,685.7361755095316,218.42086108940225,1.0
6,918,681.3860930442175,214.3188694472251,676.3860930442175,209.3188694472251,686.3860930442175,219.3188694472251,1.0
6,919,682.168909230501,215.06010518221925,677.168909230501,210.06010518221925,687.168909230501,220.06010518221925,1.0
6,920,683.0185329431255,215.73178665084282,678.0185329431255,210.73178665084282,688.0185329431255,220.73178665084282,1.0
6,921,684.0041893134828,216.5325230009476,679.0041893134828,211.5325230009476,689.0041893134828,221.5325230009476,1.0
6,922,684.9579885939552,217.38887147955822,679.9579885939552,212.38887147955822,689.9579885939552,222.38887147955822,1.0
6,923,685.8994117154612,218.29781639976736,680.8994117154612,213.29781639976736,690.8994117154612,223.29781639976736,1.0
6,924,686.8253910348424,219.20385020807453,681.8253910348424,214.20385020807453,691.8253910348424,224.20385020807453,1.0
6,925,687.4591842806392,220.07001257445694,682.4591842806392,215.07001257445694,692.4591842806392,225.07001257445694,1.0
6,926,687.9009216277975,220.81544737609892,682.9009216277975,215.81544737609892,692.9009216277975,225.81544737609892,1.0
6,927,688.4379506768805,221.4715835627365,683.4379506768805,216.4715835627365,693.4379506768805,226.4715835627365,1.0
6,928,689.0604666677978,222.00119218805156,684.0604666677978,217.00119218805156,694.0604666677978,227.00119218805156,1.0
6,929,689.6767924351486,222.40073172642047,684.6767924351486,217.40073172642047,694.6767924351486,227.40073172642047,1.0
6,930,690.4426820475535,222.6371892546794,685.4426820475535,217.6371892546794,695.4426820475535,227.6371892546794,1.0
6,931,691.2965062706639,222.92698647412772,686.2965062706639,217.92698647412772,696.2965062706639,227.92698647412772,1.0
6,932,692.087038774562,223.32159370690664,687.087038774562,218.32159370690664,697.087038774562,228.32159370690664,1.0
6,933,692.8739308874117,223.822435499534,687.8739308874117,218.822435499534,697.8739308874117,228.822435499534,1.0
6,934,693.7351428367162,224.2213522794006,688.7351428367162,219.2213522794006,698.7351428367162,229.2213522794006,1.0
6,935,694.5075928639831,224.72545876651932,689.5075928639831,219.72545876651932,699.5075928639831,229.72545876651932,1.0
6,936,695.2780154654214,225.45799957778888,690.2780154654214,220.45799957778888,700.2780154654214,230.45799957778888,1.0
6,937,696.1049443095167,225.94610968387042,691.1049443095167,220.94610968387042,701.1049443095167,230.94610968387042,1.0
6,938,697.0878096056244,226.48704350218543,692.0878096056244,221.48704350218543,702.0878096056244,231.48704350218543,1.0
6,939,698.0577514629649,227.20491854619002,693.0577514629649,222.20491854619002,703.0577514629649,232.20491854619002,1.0
6,940,699.005054526734,227.71484498538652,694.005054526734,222.71484498538652,704.005054526734,232.71484498538652,1.0
6,941,699.9246751187436,228.3912275534782,694.9246751187436,223.3912275534782,704.9246751187436,233.3912275534782,1.0
6,942,700.7933157970626,229.36564985551732,695.7933157970626,224.36564985551732,705.7933157970626,234.36564985551732,1.0
6,943,701.6690658749185,230.26911411085115,696.6690658749185,225.26911411085115,706.6690658749185,235.26911411085115,1.0
6,944,702.7021021084225,231.22747846893571,697.7021021084225,226.22747846893571,707.7021021084225,236.22747846893571,1.0
6,945,703.6994512637838,232.16878790608737,698.6994512637838,227.16878790608737,708.6994512637838,237.16878790608737,1.0
6,946,704.8000584442341,233.3195119305351,699.8000584442341,228.3195119305351,709.8000584442341,238.3195119305351,1.0
6,947,705.9577988365944,234.29117175190135,700.9577988365944,229.29117175190135,710.9577988365944,239.29117175190135,1.0
6,948,707.2990016037603,235.32037130256384,702.2990016037603,230.32037130256384,712.2990016037603,240.32037130256384,1.0
6,949,708.6136574708879,236.25068163438715,703.6136574708879,231.25068163438715,713.6136574708879,241.25068163438715,1.0
6,950,710.1538527077373,237.28342463037967,705.1538527077373,232.28342463037967,715.1538527077373,242.28342463037967,1.0
6,951,711.8729422818781,238.10282587395022,706.8729422818781,233.10282587395022,716.8729422818781,243.10282587395022,1.0
6,952,713.5203066567587,239.1403562550868,708.5203066567587,234.1403562550868,718.5203066567587,244.1403562550868,1.0
6,953,715.2038762029513,240.23577352693405,710.2038762029513,235.23577352693405,720.2038762029513,245.23577352693405,1.0
6,954,716.9350203365639,241.1729033381942,711.9350203365639,236.1729033381942,721.9350203365639,246.1729033381942,1.0
6,955,718.6816626553492,242.15831519012693,713.6816626553492,237.15831519012693,723.6816626553492,247.15831519012693,1.0
6,956,720.52422036343,243.02766232043865,715.52422036343,238.02766232043865,725.52422036343,248.02766232043865,1.0
6,957,722.2639951070528,243.85443557407083,717.2639951070528,238.85443557407083,727.2639951070528,248.85443557407083,1.0
6,958,724.0902804253906,244.77565663779174,719.0902804253906,239.77565663779174,729.0902804253906,249.77565663779174,1.0
6,959,725.6758962268609,245.64122421100913,720.6758962268609,240.64122421100913,730.6758962268609,250.64122421100913,1.0
6,960,727.2150541602031,246.50060254070866,722.2150541602031,241.50060254070866,732.2150541602031,251.50060254070866,1.0
6,961,728.573790491304,247.46132555288378,723.573790491304,242.46132555288378,733.573790491304,252.46132555288378,1.0
6,962,729.7084351449253,248.26489144525596,724.7084351449253,243.26489144525596,734.7084351449253,253.26489144525596,1.0
6,963,730.7533394994368,248.95593842402977,725.7533394994368,243.95593842402977,735.7533394994368,253.95593842402977,1.0
6,964,731.7609110063431,249.87306584171426,726.7609110063431,244.87306584171426,736.7609110063431,254.87306584171426,1.0
6,965,732.7498150442025,250.84220210034545,727.7498150442025,245.84220210034545,737.7498150442025,255.84220210034545,1.0
6,966,733.613090163153,251.8084407155213,728.613090163153,246.8084407155213,738.613090163153,256.80844071552133,1.0
6,967,734.2959063461645,252.79894951683346,729.2959063461645,247.79894951683346,739.2959063461645,257.79894951683343,1.0
6,968,735.3606801905779,253.8602482773187,730.3606801905779,248.8602482773187,740.3606801905779,258.8602482773187,1.0
6,969,736.3504137875973,255.05543861825052,731.3504137875973,250.05543861825052,741.3504137875973,260.0554386182505,1.0
6,970,737.2971009948044,256.08819673839804,732.2971009948044,251.08819673839804,742.2971009948044,261.08819673839804,1.0
6,971,738.3125046457884,257.2951899646339,733.3125046457884,252.2951899646339,743.3125046457884,262.2951899646339,1.0
6,972,739.3546907007901,258.28990513721277,734.3546907007901,253.28990513721277,744.3546907007901,263.28990513721277,1.0
6,973,740.4392865437098,259.3757841349782,735.4392865437098,254.37578413497818,745.4392865437098,264.3757841349782,1.0
6,974,741.5422805607268,260.3002114323392,736.5422805607268,255.3002114323392,746.5422805607268,265.3002114323392,1.0
6,975,742.7395922700707,261.0756323083756,737.7395922700707,256.0756323083756,747.7395922700707,266.0756323083756,1.0
6,976,743.9995559867436,261.5761259188945,738.9995559867436,256.5761259188945,748.9995559867436,266.5761259188945,1.0
6,977,745.2026696054977,261.97097834529563,740.2026696054977,256.97097834529563,750.2026696054977,266.97097834529563,1.0
6,978,746.4252028916173,262.48766615519656,741.4252028916173,257.48766615519656,751.4252028916173,267.48766615519656,1.0
6,979,747.6036341211545,262.9617169776961,742.6036341211545,257.9617169776961,752.6036341211545,267.9617169776961,1.0
6,980,748.5919595321736,263.31531181450197,743.5919595321736,258.31531181450197,753.5919595321736,268.31531181450197,1.0
6,981,749.546006594644,263.4605076977607,744.546006594644,258.4605076977607,754.546006594644,268.4605076977607,1.0
6,982,750.3482018041273,263.72198234446444,745.3482018041273,258.72198234446444,755.3482018041273,268.72198234446444,1.0
6,983,751.1894028121852,263.97724935476936,746.1894028121852,258.97724935476936,756.1894028121852,268.97724935476936,1.0
6,984,751.8992987866183,264.2966075699181,746.8992987866183,259.2966075699181,756.8992987866183,269.2966075699181,1.0
6,985,752.7560357384699,264.81345391423724,747.7560357384699,259.81345391423724,757.7560357384699,269.81345391423724,1.0
6,986,754.0655570751214,265.4909251762666,749.0655570751214,260.4909251762666,759.0655570751214,270.4909251762666,1.0
6,987,755.2922485645574,266.16079253023406,750.2922485645574,261.16079253023406,760.2922485645574,271.16079253023406,1.0
6,988,756.4865619099237,266.92948130420126,751.4865619099237,261.92948130420126,761.4865619099237,271.92948130420126,1.0
6,989,757.6055998769907,267.7325833327644,752.6055998769907,262.7325833327644,762.6055998769907,272.7325833327644,1.0
6,990,758.7145618183733,268.4607641490444,753.7145618183733,263.4607641490444,763.7145618183733,273.4607641490444,1.0
6,991,759.6861873657236,269.0475171734994,754.6861873657236,264.0475171734994,764.6861873657236,274.0475171734994,1.0
6,992,760.5952045310752,269.59023484878236,755.5952045310752,264.59023484878236,765.5952045310752,274.59023484878236,1.0
6,993,761.6181903310335,269.9856496349745,756.6181903310335,264.9856496349745,766.6181903310335,274.9856496349745,1.0
6,994,762.5257227519305,270.2130176391687,757.5257227519305,265.2130176391687,767.5257227519305,275.2130176391687,1.0
6,995,763.4174025874686,270.3147846152805,758.4174025874686,265.3147846152805,768.4174025874686,275.3147846152805,1.0
6,996,764.0973755719195,270.3978467039712,759.0973755719195,265.3978467039712,769.0973755719195,275.3978467039712,1.0
6,997,764.7126446144466,270.3925758677747,759.7126446144466,265.3925758677747,769.7126446144466,275.3925758677747,1.0
6,998,765.0807658484314,270.5689883671191,760.0807658484314,265.5689883671191,770.0807658484314,275.5689883671191,1.0
6,999,765.6298232984104,270.63185688021605,760.6298232984104,265.63185688021605,770.6298232984104,275.63185688021605,1.0
6,1000,766.2088136915836,270.6712072882982,761.2088136915836,265.6712072882982,771.2088136915836,275.6712072882982,1.0
6,1001,766.8039257267365,270.75470639518903,761.8039257267365,265.75470639518903,771.8039257267365,275.75470639518903,1.0
6,1002,767.5057857878189,270.7927197901489,762.5057857878189,265.7927197901489,772.5057857878189,275.7927197901489,1.0
6,1003,768.2467975960573,270.73186800452896,763.2467975960573,265.73186800452896,773.2467975960573,275.73186800452896,1.0
6,1004,768.8730033579828,270.5317195269045,763.8730033579828,265.5317195269045,773.8730033579828,275.5317195269045,1.0
6,1005,769.406117343945,270.2867806231829,764.406117343945,265.2867806231829,774.406117343945,275.2867806231829,1.0
6,1006,769.9622124999389,270.2123311997949,764.9622124999389,265.2123311997949,774.9622124999389,275.2123311997949,1.0
6,1007,770.6120740680541,270.2700052988568,765.6120740680541,265.2700052988568,775.6120740680541,275.2700052988568,1.0
6,1008,771.1405700022665,270.3479686634767,766.1405700022665,265.3479686634767,776.1405700022665,275.3479686634767,1.0
6,1009,771.613175321985,270.3642056311401,766.613175321985,265.3642056311401,776.613175321985,275.3642056311401,1.0
6,1010,772.1437744385267,270.2241698874352,767.1437744385267,265.2241698874352,777.1437744385267,275.2241698874352,1.0
6,1011,772.7563787967749,270.2732512302713,767.7563787967749,265.2732512302713,777.7563787967749,275.2732512302713,1.0
6,1012,773.3637859512776,270.1799633469709,768.3637859512776,265.1799633469709,778.3637859512776,275.1799633469709,1.0
6,1013,774.068498889184,270.10663172841254,769.068498889184,265.10663172841254,779.068498889184,275.10663172841254,1.0
6,1014,774.863101349051,270.1593315157014,769.863101349051,265.1593315157014,779.863101349051,275.1593315157014,1.0
6,1015,775.6076791163548,270.3484644357412,770.6076791163548,265.3484644357412,780.6076791163548,275.3484644357412,1.0
6,1016,776.5032743670517,270.6408628200962,771.5032743670517,265.6408628200962,781.5032743670517,275.6408628200962,1.0
6,1017,777.3492507639955,270.8935058736437,772.3492507639955,265.8935058736437,782.3492507639955,275.8935058736437,1.0
6,1018,778.4624054449057,271.1907121928567,773.4624054449057,266.1907121928567,783.4624054449057,276.1907121928567,1.0
6,1019,779.3312796104982,271.55494078027186,774.3312796104982,266.55494078027186,784.3312796104982,276.55494078027186,1.0
6,1020,780.0095017300487,272.06840619187767,775.0095017300487,267.06840619187767,785.0095017300487,277.06840619187767,1.0
6,1021,780.7702961075869,272.5563427414425,775.7702961075869,267.5563427414425,785.7702961075869,277.5563427414425,1.0
6,1022,781.5927254932716,273.17033211958744,776.5927254932716,268.17033211958744,786.5927254932716,278.17033211958744,1.0
6,1023,782.4213376460241,273.76637042238576,777.4213376460241,268.76637042238576,787.4213376460241,278.76637042238576,1.0
6,1024,783.2453166900937,274.29668343273255,778.2453166900937,269.29668343273255,788.2453166900937,279.29668343273255,1.0
6,1025,784.1255903292433,274.75931932436526,779.1255903292433,269.75931932436526,789.1255903292433,279.75931932436526,1.0
6,1026,784.9218316061374,275.1269086882194,779.9218316061374,270.1269086882194,789.9218316061374,280.1269086882194,1.0
6,1027,785.5555926617365,275.4736173858148,780.5555926617365,270.4736173858148,790.5555926617365,280.4736173858148,1.0
6,1028,786.320726667863,275.63182535075316,781.320726667863,270.63182535075316,791.320726667863,280.63182535075316,1.0
6,1029,786.9063589068039,275.888034887716,781.9063589068039,270.888034887716,791.9063589068039,280.888034887716,1.0
6,1030,787.3846728148095,275.79658581147197,782.3846728148095,270.79658581147197,792.3846728148095,280.79658581147197,1.0
6,1031,787.832788443358,275.75053737776904,782.832788443358,270.75053737776904,792.832788443358,280.75053737776904,1.0
6,1032,788.2638765957307,275.6247208066592,783.2638765957307,270.6247208066592,793.2638765957307,280.6247208066592,1.0
6,1033,788.6952096351595,275.4129165139115,783.6952096351595,270.4129165139115,793.6952096351595,280.4129165139115,1.0
6,1034,788.9032755640925,275.16387685772355,783.9032755640925,270.16387685772355,793.9032755640925,280.16387685772355,1.0
6,1035,789.1391394690279,274.97555555255633,784.1391394690279,269.97555555255633,794.1391394690279,279.97555555255633,1.0
6,1036,789.3289340199071,274.78077462655574,784.3289340199071,269.78077462655574,794.3289340199071,279.78077462655574,1.0
6,1037,789.6565010259689,274.6456311802316,784.6565010259689,269.6456311802316,794.6565010259689,279.6456311802316,1.0
6,1038,789.9711481075523,274.5023858041636,784.9711481075523,269.5023858041636,794.9711481075523,279.5023858041636,1.0
6,1039,790.508742067176,274.3693851093082,785.508742067176,269.3693851093082,795.508742067176,279.3693851093082,1.0
6,1040,790.948537574038,274.1861089654543,785.948537574038,269.1861089654543,795.948537574038,279.1861089654543,1.0
6,1041,791.2671147468732,274.1430621129766,786.2671147468732,269.1430621129766,796.2671147468732,279.1430621129766,1.0
6,1042,791.3300081968132,274.18401524768484,786.3300081968132,269.18401524768484,796.3300081968132,279.18401524768484,1.0
6,1043,790.9892172795179,274.1691305138863,785.9892172795179,269.1691305138863,795.9892172795179,279.1691305138863,1.0
6,1044,790.53418272911,274.16743215200984,785.53418272911,269.16743215200984,795.53418272911,279.16743215200984,1.0
6,1045,790.0666927992945,274.08613694965413,785.0666927992945,269.08613694965413,795.0666927992945,279.08613694965413,1.0
6,1046,789.7309377944096,274.10381175616664,784.7309377944096,269.10381175616664,794.7309377944096,279.10381175616664,1.0
6,1047,789.3389863434979,273.9503911974705,784.3389863434979,268.9503911974705,794.3389863434979,278.9503911974705,1.0
6,1048,789.0316716778286,274.02848746177034,784.0316716778286,269.02848746177034,794.0316716778286,279.02848746177034,1.0
6,1049,788.7997590292957,274.29833982882235,783.7997590292957,269.29833982882235,793.7997590292957,279.29833982882235,1.0
6,1050,788.6451369923179,274.7334583710818,783.6451369923179,269.7334583710818,793.6451369923179,279.7334583710818,1.0
6,1051,788.518678231392,275.17292809852216,783.518678231392,270.17292809852216,793.518678231392,280.17292809852216,1.0
6,1052,788.3841603441092,275.7467471720184,783.3841603441092,270.7467471720184,793.3841603441092,280.7467471720184,1.0
6,1053,788.2578267220051,276.2491263395196,783.2578267220051,271.2491263395196,793.2578267220051,281.2491263395196,1.0
6,1054,788.1287666601623,276.832721118691,783.1287666601623,271.832721118691,793.1287666601623,281.832721118691,1.0
6,1055,787.9548690401986,277.545933234073,782.9548690401986,272.545933234073,792.9548690401986,282.545933234073,1.0
6,1056,787.7770749153491,278.198240669435,782.7770749153491,273.198240669435,792.7770749153491,283.198240669435,1.0
6,1057,787.8474416569263,278.7724308241575,782.8474416569263,273.7724308241575,792.8474416569263,283.7724308241575,1.0
6,1058,787.945607825312,279.2238630267613,782.945607825312,274.2238630267613,792.945607825312,284.2238630267613,1.0
6,1059,787.9241196223409,279.78869450702547,782.9241196223409,274.78869450702547,792.9241196223409,284.78869450702547,1.0
6,1060,787.9909664063249,280.4894839337313,782.9909664063249,275.4894839337313,792.9909664063249,285.4894839337313,1.0
6,1061,787.7465975168477,281.15743750959325,782.7465975168477,276.15743750959325,792.7465975168477,286.15743750959325,1.0
6,1062,787.3154191050382,281.9621455683952,782.3154191050382,276.9621455683952,792.3154191050382,286.9621455683952,1.0
6,1063,786.8596246275557,282.5863423599362,781.8596246275557,277.5863423599362,791.8596246275557,287.5863423599362,1.0
6,1064,786.4722809913294,283.11196943595564,781.4722809913294,278.11196943595564,791.4722809913294,288.11196943595564,1.0
6,1065,786.1659387753127,283.4995456507674,781.1659387753127,278.4995456507674,791.1659387753127,288.4995456507674,1.0
6,1066,785.9882233272434,283.9471352212303,780.9882233272434,278.9471352212303,790.9882233272434,288.9471352212303,1.0
6,1067,785.5996446792053,284.4051396873384,780.5996446792053,279.4051396873384,790.5996446792053,289.4051396873384,1.0
6,1068,785.2407096470882,284.8767454002496,780.2407096470882,279.8767454002496,790.2407096470882,289.8767454002496,1.0
6,1069,784.7140249452746,285.7324866301436,779.7140249452746,280.7324866301436,789.7140249452746,290.7324866301436,1.0
6,1070,784.1034844693479,286.5697010665248,779.1034844693479,281.5697010665248,789.1034844693479,291.5697010665248,1.0
6,1071,783.5895266219344,287.4899469000278,778.5895266219344,282.4899469000278,788.5895266219344,292.4899469000278,1.0
6,1072,782.9089788385734,288.53063335608493,777.9089788385734,283.53063335608493,787.9089788385734,293.53063335608493,1.0
6,1073,782.3770239955069,289.4137000200786,777.3770239955069,284.4137000200786,787.3770239955069,294.4137000200786,1.0
6,1074,781.9313110860453,290.2652293015128,776.9313110860453,285.2652293015128,786.9313110860453,295.2652293015128,1.0
6,1075,781.2081923142023,291.2771339299526,776.2081923142023,286.2771339299526,786.2081923142023,296.2771339299526,1.0
6,1076,780.6104231161437,292.29021962690376,775.6104231161437,287.29021962690376,785.6104231161437,297.29021962690376,1.0
6,1077,779.9879158653825,293.27989635234457,774.9879158653825,288.27989635234457,784.9879158653825,298.27989635234457,1.0
6,1078,779.4060829852679,294.09892809587126,774.4060829852679,289.09892809587126,784.4060829852679,299.09892809587126,1.0
6,1079,778.8681980403122,294.92137841543075,773.8681980403122,289.92137841543075,783.8681980403122,299.92137841543075,1.0
6,1080,778.3101698166852,295.9100905964675,773.3101698166852,290.9100905964675,783.3101698166852,300.9100905964675,1.0
6,1081,777.9704397833584,297.001235846693,772.9704397833584,292.001235846693,782.9704397833584,302.001235846693,1.0
6,1082,777.57615392704,298.1306719764849,772.57615392704,293.1306719764849,782.57615392704,303.1306719764849,1.0
6,1083,777.3199130113745,299.07305209327734,772.3199130113745,294.07305209327734,782.3199130113745,304.07305209327734,1.0
6,1084,776.9431574302828,299.88250423085617,771.9431574302828,294.88250423085617,781.9431574302828,304.88250423085617,1.0
6,1085,776.5626138080086,300.85522835675283,771.5626138080086,295.85522835675283,781.5626138080086,305.85522835675283,1.0
6,1086,776.1911430831744,301.8515074832086,771.1911430831744,296.8515074832086,781.1911430831744,306.8515074832086,1.0
6,1087,775.9969430693133,302.8700907584695,770.9969430693133,297.8700907584695,780.9969430693133,307.8700907584695,1.0
6,1088,775.766787204228,303.90816425456967,770.766787204228,298.90816425456967,780.766787204228,308.90816425456967,1.0
6,1089,775.5081949833445,304.9458312998652,770.5081949833445,299.9458312998652,780.5081949833445,309.9458312998652,1.0
6,1090,775.4413865819497,306.0832825118323,770.4413865819497,301.0832825118323,780.4413865819497,311.0832825118323,1.0
6,1091,775.471524179324,307.35233137540587,770.471524179324,302.35233137540587,780.471524179324,312.35233137540587,1.0
6,1092,775.5779351400075,308.5362271331237,770.5779351400075,303.5362271331237,780.5779351400075,313.5362271331237,1.0
6,1093,775.630333042782,309.6490326599826,770.630333042782,304.6490326599826,780.630333042782,314.6490326599826,1.0
6,1094,775.6821381957494,310.7890549313077,770.6821381957494,305.7890549313077,780.6821381957494,315.7890549313077,1.0
6,1095,775.796294065711,311.95506851946254,770.796294065711,306.95506851946254,780.796294065711,316.95506851946254,1.0
6,1096,775.9302477045762,313.0160133354102,770.9302477045762,308.0160133354102,780.9302477045762,318.0160133354102,1.0
6,1097,776.0059598932902,314.09886814852956,771.0059598932902,309.09886814852956,781.0059598932902,319.09886814852956,1.0
6,1098,775.9589752881701,315.27973617191526,770.9589752881701,310.27973617191526,780.9589752881701,320.27973617191526,1.0
6,1099,775.8076782871929,316.15269468923884,770.8076782871929,311.15269468923884,780.8076782871929,321.15269468923884,1.0
6,1100,775.7416065305533,317.0388865158608,770.7416065305533,312.0388865158608,780.7416065305533,322.0388865158608,1.0
6,1101,775.6884128162549,317.7759160238248,770.6884128162549,312.7759160238248,780.6884128162549,322.7759160238248,1.0
6,1102,775.6658460736496,318.53597140031036,770.6658460736496,313.53597140031036,780.6658460736496,323.53597140031036,1.0
6,1103,775.6003222881641,319.1925852304874,770.6003222881641,314.1925852304874,780.6003222881641,324.1925852304874,1.0
6,1104,775.5654858531339,319.7344651131609,770.5654858531339,314.7344651131609,780.5654858531339,324.7344651131609,1.0
6,1105,775.4984413923862,320.24661815518726,770.4984413923862,315.24661815518726,780.4984413923862,325.24661815518726,1.0
6,1106,775.1267116590247,320.6048163627876,770.1267116590247,315.6048163627876,780.1267116590247,325.6048163627876,1.0
6,1107,774.5809502726877,320.90112312962395,769.5809502726877,315.90112312962395,779.5809502726877,325.90112312962395,1.0
6,1108,774.0211545263585,321.31402164778484,769.0211545263585,316.31402164778484,779.0211545263585,326.31402164778484,1.0
6,1109,773.3901526600678,321.6408117651682,768.3901526600678,316.6408117651682,778.3901526600678,326.6408117651682,1.0
6,1110,772.8744468559535,322.093864907759,767.8744468559535,317.093864907759,777.8744468559535,327.093864907759,1.0
6,1111,772.2774575852112,322.53070625313575,767.2774575852112,317.53070625313575,777.2774575852112,327.53070625313575,1.0
6,1112,771.517488764386,322.8420129072047,766.517488764386,317.8420129072047,776.517488764386,327.8420129072047,1.0
6,1113,770.644477089721,323.0842480619568,765.644477089721,318.0842480619568,775.644477089721,328.0842480619568,1.0
6,1114,769.9101642068811,323.1302554880086,764.9101642068811,318.1302554880086,774.9101642068811,328.1302554880086,1.0
6,1115,769.1844470103091,323.14130852778413,764.1844470103091,318.14130852778413,774.1844470103091,328.14130852778413,1.0
6,1116,768.6599499011975,323.31821435656644,763.6599499011975,318.31821435656644,773.6599499011975,328.31821435656644,1.0
6,1117,768.0935639121408,323.68536005755044,763.0935639121408,318.68536005755044,773.0935639121408,328.68536005755044,1.0
6,1118,767.4654817155091,323.9149784875409,762.4654817155091,318.9149784875409,772.4654817155091,328.9149784875409,1.0
6,1119,766.9739202975175,324.1954621307783,761.9739202975175,319.1954621307783,771.9739202975175,329.1954621307783,1.0
6,1120,766.4348443029114,324.58103287101443,761.4348443029114,319.58103287101443,771.4348443029114,329.58103287101443,1.0
6,1121,765.777116330393,324.8894672477298,760.777116330393,319.8894672477298,770.777116330393,329.8894672477298,1.0
6,1122,765.0732257724433,325.1542462564459,760.0732257724433,320.1542462564459,770.0732257724433,330.1542462564459,1.0
6,1123,764.5267445482698,325.6142591783902,759.5267445482698,320.6142591783902,769.5267445482698,330.6142591783902,1.0
6,1124,763.9213016244249,325.9084415124816,758.9213016244249,320.9084415124816,768.9213016244249,330.9084415124816,1.0
6,1125,763.455967091807,326.11454561161355,758.455967091807,321.11454561161355,768.455967091807,331.11454561161355,1.0
6,1126,763.0827406599014,326.39139872709376,758.0827406599014,321.39139872709376,768.0827406599014,331.39139872709376,1.0
6,1127,762.8483835179778,326.70082768494694,757.8483835179778,321.70082768494694,767.8483835179778,331.70082768494694,1.0
6,1128,762.6228831727158,326.9689690667856,757.6228831727158,321.9689690667856,767.6228831727158,331.9689690667856,1.0
6,1129,762.348394253186,327.31703505780786,757.348394253186,322.31703505780786,767.348394253186,332.31703505780786,1.0
6,1130,761.9712751573572,327.8366123140762,756.9712751573572,322.8366123140762,766.9712751573572,332.8366123140762,1.0
6,1131,761.4177015990922,328.5463992740218,756.4177015990922,323.5463992740218,766.4177015990922,333.5463992740218,1.0
6,1132,760.7623613663177,329.248629364783,755.7623613663177,324.248629364783,765.7623613663177,334.248629364783,1.0
6,1133,760.1022259350598,330.0217793791599,755.1022259350598,325.0217793791599,765.1022259350598,335.0217793791599,1.0
6,1134,759.6641036396016,331.0774218923791,754.6641036396016,326.0774218923791,764.6641036396016,336.0774218923791,1.0
6,1135,759.3489181905408,332.0088304662182,754.3489181905408,327.0088304662182,764.3489181905408,337.0088304662182,1.0
6,1136,758.9505877450749,332.8997216701158,753.9505877450749,327.8997216701158,763.9505877450749,337.8997216701158,1.0
6,1137,758.5403975804745,333.95323353029323,753.5403975804745,328.95323353029323,763.5403975804745,338.95323353029323,1.0
6,1138,758.1816602372477,334.96568668835044,753.1816602372477,329.96568668835044,763.1816602372477,339.96568668835044,1.0
6,1139,757.7234849581012,335.84157351397073,752.7234849581012,330.84157351397073,762.7234849581012,340.84157351397073,1.0
6,1140,757.3617054899576,336.77547542069726,752.3617054899576,331.77547542069726,762.3617054899576,341.77547542069726,1.0
6,1141,757.0379663042163,337.6403670536905,752.0379663042163,332.6403670536905,762.0379663042163,342.6403670536905,1.0
6,1142,756.7531270887062,338.511024605207,751.7531270887062,333.511024605207,761.7531270887062,343.511024605207,1.0
6,1143,756.6544459018148,338.97258241192384,751.6544459018148,333.97258241192384,761.6544459018148,343.97258241192384,1.0
6,1144,756.8621648858639,339.60563448143046,751.8621648858639,334.60563448143046,761.8621648858639,344.60563448143046,1.0
6,1145,757.0826928464396,340.16198814468345,752.0826928464396,335.16198814468345,762.0826928464396,345.16198814468345,1.0
6,1146,757.2703365586972,340.5086445169546,752.2703365586972,335.5086445169546,762.2703365586972,345.5086445169546,1.0
6,1147,757.4038304896803,341.16098608367895,752.4038304896803,336.16098608367895,762.4038304896803,346.16098608367895,1.0
6,1148,757.5325749706051,341.9157673259693,752.5325749706051,336.9157673259693,762.5325749706051,346.9157673259693,1.0
6,1149,757.6172770881301,342.7398435265225,752.6172770881301,337.7398435265225,762.6172770881301,347.7398435265225,1.0
6,1150,757.6900591276963,343.7607447091411,752.6900591276963,338.7607447091411,762.6900591276963,348.7607447091411,1.0
6,1151,757.7403947386426,344.57516295695615,752.7403947386426,339.57516295695615,762.7403947386426,349.57516295695615,1.0
6,1152,757.5187683264066,345.3351922763562,752.5187683264066,340.3351922763562,762.5187683264066,350.3351922763562,1.0
6,1153,757.1320625338169,346.10127527371674,752.1320625338169,341.10127527371674,762.1320625338169,351.10127527371674,1.0
6,1154,756.6378322447456,346.93809258823364,751.6378322447456,341.93809258823364,761.6378322447456,351.93809258823364,1.0
6,1155,756.0884713400006,347.81870119213033,751.0884713400006,342.81870119213033,761.0884713400006,352.81870119213033,1.0
6,1156,755.5138777437301,348.72279081358994,750.5138777437301,343.72279081358994,760.5138777437301,353.72279081358994,1.0
6,1157,755.0435154186094,349.54958079905873,750.0435154186094,344.54958079905873,760.0435154186094,354.54958079905873,1.0
6,1158,754.6857855917567,350.56573366818895,749.6857855917567,345.56573366818895,759.6857855917567,355.56573366818895,1.0
6,1159,754.2562013917793,351.4337715922499,749.2562013917793,346.4337715922499,759.2562013917793,356.4337715922499,1.0
6,1160,753.5612816847893,352.3139192710368,748.5612816847893,347.3139192710368,758.5612816847893,357.3139192710368,1.0
6,1161,753.0420986596652,352.98327972998965,748.0420986596652,347.98327972998965,758.0420986596652,357.98327972998965,1.0
6,1162,752.6390508366335,353.4472138309622,747.6390508366335,348.4472138309622,757.6390508366335,358.4472138309622,1.0
6,1163,752.2890116236175,353.86201504825453,747.2890116236175,348.86201504825453,757.2890116236175,358.86201504825453,1.0
6,1164,751.7290247289516,354.250015473029,746.7290247289516,349.250015473029,756.7290247289516,359.250015473029,1.0
6,1165,751.3347355285894,354.5833285720911,746.3347355285894,349.5833285720911,756.3347355285894,359.5833285720911,1.0
6,1166,750.8822430993318,354.83032296232625,745.8822430993318,349.83032296232625,755.8822430993318,359.83032296232625,1.0
6,1167,750.7054015690908,354.9873362723661,745.7054015690908,349.9873362723661,755.7054015690908,359.9873362723661,1.0
6,1168,750.4996987881262,355.020812950273,745.4996987881262,350.020812950273,755.4996987881262,360.020812950273,1.0
6,1169,750.1896742271473,354.9615551662314,745.1896742271473,349.9615551662314,755.1896742271473,359.9615551662314,1.0
6,1170,749.8461902823553,354.9071507588536,744.8461902823553,349.9071507588536,754.8461902823553,359.9071507588536,1.0
6,1171,749.5010599116029,354.72076894689246,744.5010599116029,349.72076894689246,754.5010599116029,359.72076894689246,1.0
6,1172,749.1928577531935,354.721404904091,744.1928577531935,349.721404904091,754.1928577531935,359.721404904091,1.0
6,1173,748.8816769215009,354.64560895086004,743.8816769215009,349.64560895086004,753.8816769215009,359.64560895086004,1.0
6,1174,748.4346582980046,354.44447884314303,743.4346582980046,349.44447884314303,753.4346582980046,359.44447884314303,1.0
6,1175,747.8318983208601,354.30384627031304,742.8318983208601,349.30384627031304,752.8318983208601,359.30384627031304,1.0
6,1176,747.1394885364505,354.33353999862305,742.1394885364505,349.33353999862305,752.1394885364505,359.33353999862305,1.0
6,1177,746.5369416015676,354.48414673636046,741.5369416015676,349.48414673636046,751.5369416015676,359.48414673636046,1.0
6,1178,745.697101191875,354.46353975886416,740.697101191875,349.46353975886416,750.697101191875,359.46353975886416,1.0
6,1179,744.7472080796737,354.51061964892267,739.7472080796737,349.51061964892267,749.7472080796737,359.51061964892267,1.0
6,1180,743.7013110920656,354.6813746153091,738.7013110920656,349.6813746153091,748.7013110920656,359.6813746153091,1.0
6,1181,742.75747214595,354.9353441018986,737.75747214595,349.9353441018986,747.75747214595,359.9353441018986,1.0
6,1182,742.073131314917,355.2625176284706,737.073131314917,350.2625176284706,747.073131314917,360.2625176284706,1.0
6,1183,741.4330237831102,355.45540756246083,736.4330237831102,350.45540756246083,746.4330237831102,360.45540756246083,1.0
6,1184,740.7631442500988,355.61824431564054,735.7631442500988,350.61824431564054,745.7631442500988,360.61824431564054,1.0
6,1185,740.0315435581201,355.96088205817455,735.0315435581201,350.96088205817455,745.0315435581201,360.96088205817455,1.0
6,1186,739.418149097087,356.23371755309114,734.418149097087,351.23371755309114,744.418149097087,361.23371755309114,1.0
6,1187,738.7267130629616,356.3987636175057,733.7267130629616,351.3987636175057,743.7267130629616,361.3987636175057,1.0
6,1188,737.8516724106712,356.518533607241,732.8516724106712,351.518533607241,742.8516724106712,361.518533607241,1.0
6,1189,737.2212572750254,356.4602913934816,732.2212572750254,351.4602913934816,742.2212572750254,361.4602913934816,1.0
6,1190,736.5911866736005,356.56064510980275,731.5911866736005,351.56064510980275,741.5911866736005,361.56064510980275,1.0
6,1191,735.7474688012942,356.5811954037551,730.7474688012942,351.5811954037551,740.7474688012942,361.5811954037551,1.0
6,1192,734.8633384865655,356.6176726236586,729.8633384865655,351.6176726236586,739.8633384865655,361.6176726236586,1.0
6,1193,734.1669426152846,356.56374150766953,729.1669426152846,351.56374150766953,739.1669426152846,361.56374150766953,1.0
6,1194,733.6526984628756,356.420909909254,728.6526984628756,351.420909909254,738.6526984628756,361.420909909254,1.0
6,1195,733.0487894923036,356.3724942667525,728.0487894923036,351.3724942667525,738.0487894923036,361.3724942667525,1.0
6,1196,732.5774593179193,356.5831335010238,727.5774593179193,351.5831335010238,737.5774593179193,361.5831335010238,1.0
6,1197,731.961014604098,356.95618525984116,726.961014604098,351.95618525984116,736.961014604098,361.95618525984116,1.0
6,1198,731.7533929788793,357.2170780807254,726.7533929788793,352.2170780807254,736.7533929788793,362.2170780807254,1.0
6,1199,731.5103581471396,357.5044736028073,726.5103581471396,352.5044736028073,736.5103581471396,362.5044736028073,1.0
6,1200,731.2318103155985,357.79130023436693,726.2318103155985,352.79130023436693,736.2318103155985,362.79130023436693,1.0
6,1201,731.0961268505957,357.9897447917218,726.0961268505957,352.9897447917218,736.0961268505957,362.9897447917218,1.0
6,1202,730.904228820654,358.2491223282748,725.904228820654,353.2491223282748,735.904228820654,363.2491223282748,1.0
6,1203,730.5766578892251,358.5066492270953,725.5766578892251,353.5066492270953,735.5766578892251,363.5066492270953,1.0
6,1204,730.3968635797746,358.693094979716,725.3968635797746,353.693094979716,735.3968635797746,363.693094979716,1.0
6,1205,730.2355529831677,358.8500071137039,725.2355529831677,353.8500071137039,735.2355529831677,363.8500071137039,1.0
6,1206,729.859546700567,358.9969805583668,724.859546700567,353.9969805583668,734.859546700567,363.9969805583668,1.0
6,1207,729.3679917188666,359.1991540312113,724.3679917188666,354.1991540312113,734.3679917188666,364.1991540312113,1.0
6,1208,728.9536343594569,359.4679703808739,723.9536343594569,354.4679703808739,733.9536343594569,364.4679703808739,1.0
6,1209,728.5053008797831,359.7993397628647,723.5053008797831,354.7993397628647,733.5053008797831,364.7993397628647,1.0
6,1210,727.9968564252065,360.1145496148177,722.9968564252065,355.1145496148177,732.9968564252065,365.1145496148177,1.0
6,1211,727.3665743001294,360.55979658632174,722.3665743001294,355.55979658632174,732.3665743001294,365.55979658632174,1.0
6,1212,726.5333848203679,361.1420137113546,721.5333848203679,356.1420137113546,731.5333848203679,366.1420137113546,1.0
6,1213,726.1289559370132,361.638792882754,721.1289559370132,356.638792882754,731.1289559370132,366.638792882754,1.0
6,1214,725.8282384273048,362.3091174311701,720.8282384273048,357.3091174311701,730.8282384273048,367.3091174311701,1.0
6,1215,725.7423792263263,362.83475414118556,720.7423792263263,357.83475414118556,730.7423792263263,367.83475414118556,1.0
6,1216,725.609870236076,363.4011160892919,720.609870236076,358.4011160892919,730.609870236076,368.4011160892919,1.0
6,1217,725.5387521323197,364.18731808755854,720.5387521323197,359.18731808755854,730.5387521323197,369.18731808755854,1.0
6,1218,725.4026287883611,364.69323250849396,720.4026287883611,359.69323250849396,730.4026287883611,369.69323250849396,1.0
6,1219,725.2529695210845,365.17388519308025,720.2529695210845,360.17388519308025,730.2529695210845,370.17388519308025,1.0
6,1220,725.098537060027,365.8369113926806,720.098537060027,360.8369113926806,730.098537060027,370.8369113926806,1.0
6,1221,724.9051188335222,366.68447746042705,719.9051188335222,361.68447746042705,729.9051188335222,371.68447746042705,1.0
6,1222,724.7564525656819,367.7720725351933,719.7564525656819,362.7720725351933,729.7564525656819,372.7720725351933,1.0
6,1223,724.7798440550803,368.9735792473285,719.7798440550803,363.9735792473285,729.7798440550803,373.9735792473285,1.0
6,1224,724.950076374513,369.97883736010436,719.950076374513,364.97883736010436,729.950076374513,374.97883736010436,1.0
6,1225,725.1569200249568,370.8354908545353,720.1569200249568,365.8354908545353,730.1569200249568,375.8354908545353,1.0
6,1226,725.5502918883076,371.704996228874,720.5502918883076,366.704996228874,730.5502918883076,376.704996228874,1.0
6,1227,725.9279654116193,372.59783515585707,720.9279654116193,367.59783515585707,730.9279654116193,377.59783515585707,1.0
6,1228,726.2342868995406,373.4492407173988,721.2342868995406,368.4492407173988,731.2342868995406,378.4492407173988,1.0
6,1229,726.3952205891792,374.09122962084984,721.3952205891792,369.09122962084984,731.3952205891792,379.09122962084984,1.0
6,1230,726.4586123227115,374.72135168937695,721.4586123227115,369.72135168937695,731.4586123227115,379.72135168937695,1.0
6,1231,726.7139516400061,375.6052286078443,721.7139516400061,370.6052286078443,731.7139516400061,380.6052286078443,1.0
6,1232,727.1188440680071,376.6354251258043,722.1188440680071,371.6354251258043,732.1188440680071,381.6354251258043,1.0
6,1233,727.4897033394662,377.5133140255147,722.4897033394662,372.5133140255147,732.4897033394662,382.5133140255147,1.0
6,1234,727.7884326976443,378.41364032827585,722.7884326976443,373.41364032827585,732.7884326976443,383.41364032827585,1.0
6,1235,727.9882280924489,379.41426417630055,722.9882280924489,374.41426417630055,732.9882280924489,384.41426417630055,1.0
6,1236,728.1534357308417,380.5211201002436,723.1534357308417,375.5211201002436,733.1534357308417,385.5211201002436,1.0
6,1237,728.4817406149034,381.5425465926873,723.4817406149034,376.5425465926873,733.4817406149034,386.5425465926873,1.0
6,1238,728.8105883799549,382.65546185350235,723.8105883799549,377.65546185350235,733.8105883799549,387.65546185350235,1.0
6,1239,729.0108339092278,383.7582482115274,724.0108339092278,378.7582482115274,734.0108339092278,388.7582482115274,1.0
6,1240,729.1843228930716,384.78165662320276,724.1843228930716,379.78165662320276,734.1843228930716,389.78165662320276,1.0
6,1241,729.1735266039576,385.6800221261059,724.1735266039576,380.6800221261059,734.1735266039576,390.6800221261059,1.0
6,1242,729.1199337044023,386.8265873405879,724.1199337044023,381.8265873405879,734.1199337044023,391.8265873405879,1.0
6,1243,728.931554461023,387.7369975284309,723.931554461023,382.7369975284309,733.931554461023,392.7369975284309,1.0
6,1244,728.5211947161716,388.68255366884483,723.5211947161716,383.68255366884483,733.5211947161716,393.68255366884483,1.0
6,1245,727.8783768236365,389.6721442800739,722.8783768236365,384.6721442800739,732.8783768236365,394.6721442800739,1.0
6,1246,727.229033124407,390.82980757057845,722.229033124407,385.82980757057845,732.229033124407,395.82980757057845,1.0
6,1247,726.4486655659314,392.15701227827367,721.4486655659314,387.15701227827367,731.4486655659314,397.15701227827367,1.0
6,1248,725.8414731636658,393.66023728021304,720.8414731636658,388.66023728021304,730.8414731636658,398.66023728021304,1.0
6,1249,725.0852831563532,395.2810372325883,720.0852831563532,390.2810372325883,730.0852831563532,400.2810372325883,1.0
6,1250,724.1988487685974,396.77723042152337,719.1988487685974,391.77723042152337,729.1988487685974,401.77723042152337,1.0
6,1251,723.2646511141837,398.1462186249945,718.2646511141837,393.1462186249945,728.2646511141837,403.1462186249945,1.0
6,1252,722.3138557832694,399.4845320748448,717.3138557832694,394.4845320748448,727.3138557832694,404.4845320748448,1.0
6,1253,721.0448540986515,400.8495186958214,716.0448540986515,395.8495186958214,726.0448540986515,405.8495186958214,1.0
6,1254,719.7582384183293,402.29401089692277,714.7582384183293,397.29401089692277,724.7582384183293,407.29401089692277,1.0
6,1255,718.5518111175379,403.5016783574742,713.5518111175379,398.5016783574742,723.5518111175379,408.5016783574742,1.0
6,1256,717.1238756416046,404.93391467842207,712.1238756416046,399.93391467842207,722.1238756416046,409.93391467842207,1.0
6,1257,715.6566926444805,406.23096237035816,710.6566926444805,401.23096237035816,720.6566926444805,411.23096237035816,1.0
6,1258,714.3658628354099,407.39531459796376,709.3658628354099,402.39531459796376,719.3658628354099,412.39531459796376,1.0
6,1259,713.373907347651,408.49206659091453,708.373907347651,403.49206659091453,718.373907347651,413.49206659091453,1.0
6,1260,712.148240507186,409.70937002242323,707.148240507186,404.70937002242323,717.148240507186,414.70937002242323,1.0
6,1261,710.7235857159128,410.94194347400173,705.7235857159128,405.94194347400173,715.7235857159128,415.94194347400173,1.0
6,1262,709.252094451771,412.3661071270969,704.252094451771,407.3661071270969,714.252094451771,417.3661071270969,1.0
6,1263,707.8089444282255,413.68498901861904,702.8089444282255,408.68498901861904,712.8089444282255,418.68498901861904,1.0
6,1264,706.2961116415547,414.81071541485676,701.2961116415547,409.81071541485676,711.2961116415547,419.81071541485676,1.0
6,1265,704.7718373443846,416.2643691248781,699.7718373443846,411.2643691248781,709.7718373443846,421.2643691248781,1.0
6,1266,703.2687301387663,417.71340699435694,698.2687301387663,412.71340699435694,708.2687301387663,422.71340699435694,1.0
6,1267,701.6698384549443,419.2443890162549,696.6698384549443,414.2443890162549,706.6698384549443,424.2443890162549,1.0
6,1268,700.0415030427102,420.868511169354,695.0415030427102,415.868511169354,705.0415030427102,425.868511169354,1.0
6,1269,698.2803695475076,422.5541808444326,693.2803695475076,417.5541808444326,703.2803695475076,427.5541808444326,1.0
6,1270,696.5451140167935,424.29872426689195,691.5451140167935,419.29872426689195,701.5451140167935,429.29872426689195,1.0
6,1271,694.853007779005,425.9153756130643,689.853007779005,420.9153756130643,699.853007779005,430.9153756130643,1.0
6,1272,693.2183403862325,427.60823844229526,688.2183403862325,422.60823844229526,698.2183403862325,432.60823844229526,1.0
6,1273,691.4112610716106,429.27613966265176,686.4112610716106,424.27613966265176,696.4112610716106,434.27613966265176,1.0
6,1274,689.672807806918,430.69486017875636,684.672807806918,425.69486017875636,694.672807806918,435.69486017875636,1.0
6,1275,688.0507866422573,432.04266279284303,683.0507866422573,427.04266279284303,693.0507866422573,437.04266279284303,1.0
6,1276,686.3627675537363,433.39702731613687,681.3627675537363,428.39702731613687,691.3627675537363,438.39702731613687,1.0
6,1277,684.9060125424377,434.573071417129,679.9060125424377,429.573071417129,689.9060125424377,439.573071417129,1.0
6,1278,683.3173953409172,435.6637744256599,678.3173953409172,430.6637744256599,688.3173953409172,440.6637744256599,1.0
6,1279,681.8687694515027,436.7939749802172,676.8687694515027,431.7939749802172,686.8687694515027,441.7939749802172,1.0
6,1280,680.6002249212484,438.1745915124355,675.6002249212484,433.1745915124355,685.6002249212484,443.1745915124355,1.0
6,1281,678.9798107001377,439.7756342870792,673.9798107001377,434.7756342870792,683.9798107001377,444.7756342870792,1.0
6,1282,677.2761312800968,441.2691579601312,672.2761312800968,436.2691579601312,682.2761312800968,446.2691579601312,1.0
6,1283,675.8002302096104,442.73492210623584,670.8002302096104,437.73492210623584,680.8002302096104,447.73492210623584,1.0
6,1284,674.2215316482598,444.19148493542394,669.2215316482598,439.19148493542394,679.2215316482598,449.19148493542394,1.0
6,1285,672.6261071962584,445.7180230881569,667.6261071962584,440.7180230881569,677.6261071962584,450.7180230881569,1.0
6,1286,671.0959664450094,447.31982505238193,666.0959664450094,442.31982505238193,676.0959664450094,452.31982505238193,1.0
6,1287,669.7281635651943,448.90730942792976,664.7281635651943,443.90730942792976,674.7281635651943,453.90730942792976,1.0
6,1288,668.5310205806632,450.3970714685345,663.5310205806632,445.3970714685345,673.5310205806632,455.3970714685345,1.0
6,1289,667.64357088269,451.9116783568775,662.64357088269,446.9116783568775,672.64357088269,456.9116783568775,1.0
6,1290,666.8451041529673,453.37369140196705,661.8451041529673,448.37369140196705,671.8451041529673,458.37369140196705,1.0
6,1291,666.1636404373263,455.0154110823052,661.1636404373263,450.0154110823052,671.1636404373263,460.0154110823052,1.0
6,1292,665.2395157515559,456.6589343399123,660.2395157515559,451.6589343399123,670.2395157515559,461.6589343399123,1.0
6,1293,664.3036177043773,458.4740022819391,659.3036177043773,453.4740022819391,669.3036177043773,463.4740022819391,1.0
6,1294,663.5574161156787,460.1601382722309,658.5574161156787,455.1601382722309,668.5574161156787,465.1601382722309,1.0
6,1295,662.9228343027463,461.7700883356339,657.9228343027463,456.7700883356339,667.9228343027463,466.7700883356339,1.0
6,1296,662.4524877598851,463.51511261064326,657.4524877598851,458.51511261064326,667.4524877598851,468.51511261064326,1.0
6,1297,661.9228791148342,465.2156475115742,656.9228791148342,460.2156475115742,666.9228791148342,470.2156475115742,1.0
6,1298,661.3974114284616,466.8883116584832,656.3974114284616,461.8883116584832,666.3974114284616,471.8883116584832,1.0
6,1299,660.8476625447158,468.48196078293483,655.8476625447158,463.48196078293483,665.8476625447158,473.48196078293483,1.0
6,1300,660.2001136064347,469.89040397056283,655.2001136064347,464.89040397056283,665.2001136064347,474.89040397056283,1.0
6,1301,659.6679867665337,471.30946955462036,654.6679867665337,466.30946955462036,664.6679867665337,476.30946955462036,1.0
6,1302,659.1301716924904,472.5736763205158,654.1301716924904,467.5736763205158,664.1301716924904,477.5736763205158,1.0
6,1303,658.5241467737753,473.81825014230816,653.5241467737753,468.81825014230816,663.5241467737753,478.81825014230816,1.0
6,1304,657.9573254335914,475.07311023915577,652.9573254335914,470.07311023915577,662.9573254335914,480.07311023915577,1.0
6,1305,657.3202718861185,476.2162303991545,652.3202718861185,471.2162303991545,662.3202718861185,481.2162303991545,1.0
6,1306,656.6161021605618,477.4212321791647,651.6161021605618,472.4212321791647,661.6161021605618,482.4212321791647,1.0
6,1307,655.9233487047763,478.58582654786727,650.9233487047763,473.58582654786727,660.9233487047763,483.58582654786727,1.0
6,1308,655.2473011762568,479.71492651355265,650.2473011762568,474.71492651355265,660.2473011762568,484.71492651355265,1.0
6,1309,654.6346707486047,480.79424927447747,649.6346707486047,475.79424927447747,659.6346707486047,485.79424927447747,1.0
6,1310,654.066170362163,481.851976306608,649.066170362163,476.851976306608,659.066170362163,486.851976306608,1.0
6,1311,653.4868159245915,482.73248179671896,648.4868159245915,477.73248179671896,658.4868159245915,487.73248179671896,1.0
6,1312,652.7798301607714,483.58186928843554,647.7798301607714,478.58186928843554,657.7798301607714,488.58186928843554,1.0
6,1313,652.1623059187584,484.39557675171477,647.1623059187584,479.39557675171477,657.1623059187584,489.39557675171477,1.0
6,1314,651.720062379253,484.8916710727147,646.720062379253,479.8916710727147,656.720062379253,489.8916710727147,1.0
6,1315,651.2145928296183,485.2401047484203,646.2145928296183,480.2401047484203,656.2145928296183,490.2401047484203,1.0
6,1316,650.6488783731854,485.46933193058663,645.6488783731854,480.46933193058663,655.6488783731854,490.46933193058663,1.0
6,1317,650.1310593539185,485.7507259766694,645.1310593539185,480.7507259766694,655.1310593539185,490.7507259766694,1.0
6,1318,649.7087658629987,485.8423183807714,644.7087658629987,480.8423183807714,654.7087658629987,490.8423183807714,1.0
6,1319,649.3643190176975,486.0939342871635,644.3643190176975,481.0939342871635,654.3643190176975,491.0939342871635,1.0
6,1320,648.8987452489282,486.50930928923344,643.8987452489282,481.50930928923344,653.8987452489282,491.50930928923344,1.0
6,1321,648.5114863744427,486.89930689195785,643.5114863744427,481.89930689195785,653.5114863744427,491.89930689195785,1.0
6,1322,647.9351025368762,487.14466412518266,642.9351025368762,482.14466412518266,652.9351025368762,492.14466412518266,1.0
6,1323,647.1927895545191,487.3274264515418,642.1927895545191,482.3274264515418,652.1927895545191,492.3274264515418,1.0
6,1324,646.6187423002667,487.4677364233421,641.6187423002667,482.4677364233421,651.6187423002667,492.4677364233421,1.0
6,1325,645.9638443665035,487.6377977864918,640.9638443665035,482.6377977864918,650.9638443665035,492.6377977864918,1.0
6,1326,645.5276304678051,487.7137633201646,640.5276304678051,482.7137633201646,650.5276304678051,492.7137633201646,1.0
6,1327,645.2283655318563,487.69692702789143,640.2283655318563,482.69692702789143,650.2283655318563,492.69692702789143,1.0
6,1328,644.8372134919423,487.69070510486245,639.8372134919423,482.69070510486245,649.8372134919423,492.69070510486245,1.0
6,1329,644.2731639685876,487.6624641419805,639.2731639685876,482.6624641419805,649.2731639685876,492.6624641419805,1.0
6,1330,643.8601113073775,487.42317068988245,638.8601113073775,482.42317068988245,648.8601113073775,492.42317068988245,1.0
6,1331,643.5466534020287,487.2154416664114,638.5466534020287,482.2154416664114,648.5466534020287,492.2154416664114,1.0
6,1332,643.3137115131607,487.16536871123685,638.3137115131607,482.16536871123685,648.3137115131607,492.16536871123685,1.0
6,1333,643.1028396172845,487.0756756799961,638.1028396172845,482.0756756799961,648.1028396172845,492.0756756799961,1.0
6,1334,642.9259714857086,486.80678180290545,637.9259714857086,481.80678180290545,647.9259714857086,491.80678180290545,1.0
6,1335,642.7807404532855,486.40018893656725,637.7807404532855,481.40018893656725,647.7807404532855,491.40018893656725,1.0
6,1336,642.7067396005982,485.95831155365613,637.7067396005982,480.95831155365613,647.7067396005982,490.95831155365613,1.0
6,1337,642.5977060354347,485.35523302905165,637.5977060354347,480.35523302905165,647.5977060354347,490.35523302905165,1.0
6,1338,642.5543618489896,484.7123284214025,637.5543618489896,479.7123284214025,647.5543618489896,489.7123284214025,1.0
6,1339,642.7120163705976,484.13322229864343,637.7120163705976,479.13322229864343,647.7120163705976,489.13322229864343,1.0
6,1340,642.895539642203,483.77183571602063,637.895539642203,478.77183571602063,647.895539642203,488.77183571602063,1.0
6,1341,643.311367918211,483.1703290126112,638.311367918211,478.1703290126112,648.311367918211,488.1703290126112,1.0
6,1342,643.5804571040621,482.48329640541226,638.5804571040621,477.48329640541226,648.5804571040621,487.48329640541226,1.0
6,1343,644.0222002841256,481.9169338292934,639.0222002841256,476.9169338292934,649.0222002841256,486.9169338292934,1.0
6,1344,644.3600288926139,481.38144662606635,639.3600288926139,476.38144662606635,649.3600288926139,486.38144662606635,1.0
6,1345,644.74834278792,480.6204607142218,639.74834278792,475.6204607142218,649.74834278792,485.6204607142218,1.0
6,1346,645.3535020433754,479.96807076372977,640.3535020433754,474.96807076372977,650.3535020433754,484.96807076372977,1.0
6,1347,645.7773320065473,479.2732824233103,640.7773320065473,474.2732824233103,650.7773320065473,484.2732824233103,1.0
6,1348,646.1611223274779,478.68030632733763,641.1611223274779,473.68030632733763,651.1611223274779,483.68030632733763,1.0
6,1349,646.7700901878193,478.0775241348832,641.7700901878193,473.0775241348832,651.7700901878193,483.0775241348832,1.0
6,1350,647.4044402974689,477.3412357228893,642.4044402974689,472.3412357228893,652.4044402974689,482.3412357228893,1.0
6,1351,648.0836521600318,476.7702216985798,643.0836521600318,471.7702216985798,653.0836521600318,481.7702216985798,1.0
6,1352,648.5437128259887,476.0026911582364,643.5437128259887,471.0026911582364,653.5437128259887,481.0026911582364,1.0
6,1353,648.8717860504505,475.3409828217533,643.8717860504505,470.3409828217533,653.8717860504505,480.3409828217533,1.0
6,1354,649.288239285528,474.7296215082987,644.288239285528,469.7296215082987,654.288239285528,479.7296215082987,1.0
6,1355,649.516746070009,473.9892256948533,644.516746070009,468.9892256948533,654.516746070009,478.9892256948533,1.0
6,1356,649.6206979320689,473.2517062682209,644.6206979320689,468.2517062682209,654.6206979320689,478.2517062682209,1.0
6,1357,649.8940058848495,472.4092219107922,644.8940058848495,467.4092219107922,654.8940058848495,477.4092219107922,1.0
6,1358,650.1018654897015,471.39407026903183,645.1018654897015,466.39407026903183,655.1018654897015,476.39407026903183,1.0
6,1359,650.2433879348682,470.52807694978924,645.2433879348682,465.52807694978924,655.2433879348682,475.52807694978924,1.0
6,1360,650.2587246271643,469.5981286924541,645.2587246271643,464.5981286924541,655.2587246271643,474.5981286924541,1.0
6,1361,650.2304381903097,468.74944048881906,645.2304381903097,463.74944048881906,655.2304381903097,473.74944048881906,1.0
6,1362,650.2467876315815,467.719376876938,645.2467876315815,462.719376876938,655.2467876315815,472.719376876938,1.0
6,1363,650.1007563954024,466.75563228417724,645.1007563954024,461.75563228417724,655.1007563954024,471.75563228417724,1.0
6,1364,649.9479124954046,465.4870674869612,644.9479124954046,460.4870674869612,654.9479124954046,470.4870674869612,1.0
6,1365,649.9608146965153,464.24303501826853,644.9608146965153,459.24303501826853,654.9608146965153,469.24303501826853,1.0
6,1366,650.1549827290078,462.99600282885217,645.1549827290078,457.99600282885217,655.1549827290078,467.99600282885217,1.0
6,1367,650.358258224696,461.5990733569703,645.358258224696,456.5990733569703,655.358258224696,466.5990733569703,1.0
6,1368,650.5964105585119,460.2616220907206,645.5964105585119,455.2616220907206,655.5964105585119,465.2616220907206,1.0
6,1369,650.9641741585664,459.0533317479056,645.9641741585664,454.0533317479056,655.9641741585664,464.0533317479056,1.0
6,1370,651.3843715956884,457.67872512425663,646.3843715956884,452.67872512425663,656.3843715956884,462.67872512425663,1.0
6,1371,651.718222344756,456.2207836553383,646.718222344756,451.2207836553383,656.718222344756,461.2207836553383,1.0
6,1372,652.2670932282166,454.793929975624,647.2670932282166,449.793929975624,657.2670932282166,459.793929975624,1.0
6,1373,652.8973272688058,453.376990330803,647.8973272688058,448.376990330803,657.8973272688058,458.376990330803,1.0
6,1374,653.2071588318524,451.8840151619984,648.2071588318524,446.8840151619984,658.2071588318524,456.8840151619984,1.0
6,1375,653.4957046473926,450.39371798659306,648.4957046473926,445.39371798659306,658.4957046473926,455.39371798659306,1.0
6,1376,653.6451981975856,448.9611780785982,648.6451981975856,443.9611780785982,658.6451981975856,453.9611780785982,1.0
6,1377,653.8693285334747,447.63905186512716,648.8693285334747,442.63905186512716,658.8693285334747,452.63905186512716,1.0
6,1378,653.8953878027841,446.2260939872125,648.8953878027841,441.2260939872125,658.8953878027841,451.2260939872125,1.0
6,1379,653.7623877634956,444.79078185595984,648.7623877634956,439.79078185595984,658.7623877634956,449.79078185595984,1.0
6,1380,653.5996304553091,443.31694524102227,648.5996304553091,438.31694524102227,658.5996304553091,448.31694524102227,1.0
6,1381,653.4502314732528,442.0240869263356,648.4502314732528,437.0240869263356,658.4502314732528,447.0240869263356,1.0
6,1382,653.2156326148331,440.79705712931116,648.2156326148331,435.79705712931116,658.2156326148331,445.79705712931116,1.0
6,1383,652.9260381096294,439.4468793916053,647.9260381096294,434.4468793916053,657.9260381096294,444.4468793916053,1.0
6,1384,652.5160947880839,438.1211365575185,647.5160947880839,433.1211365575185,657.5160947880839,443.1211365575185,1.0
6,1385,652.0704593089945,436.6584893688921,647.0704593089945,431.6584893688921,657.0704593089945,441.6584893688921,1.0
6,1386,651.6589843149756,435.1546888992428,646.6589843149756,430.1546888992428,656.6589843149756,440.1546888992428,1.0
6,1387,651.2487527423676,433.7075781382215,646.2487527423676,428.7075781382215,656.2487527423676,438.7075781382215,1.0
6,1388,650.7384279564579,432.12679214174455,645.7384279564579,427.12679214174455,655.7384279564579,437.12679214174455,1.0
6,1389,650.3058155772882,430.64654643089705,645.3058155772882,425.64654643089705,655.3058155772882,435.64654643089705,1.0
6,1390,649.9799871888385,429.188768560107,644.9799871888385,424.188768560107,654.9799871888385,434.188768560107,1.0
6,1391,649.4467332648592,427.92347263999136,644.4467332648592,422.92347263999136,654.4467332648592,432.92347263999136,1.0
6,1392,649.0638665054068,426.7204208410476,644.0638665054068,421.7204208410476,654.0638665054068,431.7204208410476,1.0
6,1393,648.9609061456833,425.5448900235124,643.9609061456833,420.5448900235124,653.9609061456833,430.5448900235124,1.0
6,1394,648.7344742207251,424.4003914025894,643.7344742207251,419.4003914025894,653.7344742207251,429.4003914025894,1.0
6,1395,648.5584896537405,423.2045353233832,643.5584896537405,418.2045353233832,653.5584896537405,428.2045353233832,1.0
6,1396,648.2238484194477,421.98981309750843,643.2238484194477,416.98981309750843,653.2238484194477,426.98981309750843,1.0
6,1397,647.8891380857385,420.66672685456086,642.8891380857385,415.66672685456086,652.8891380857385,425.66672685456086,1.0
6,1398,647.4953131843035,419.3462459065147,642.4953131843035,414.3462459065147,652.4953131843035,424.3462459065147,1.0
6,1399,647.0486132847344,418.16998988415406,642.0486132847344,413.16998988415406,652.0486132847344,423.16998988415406,1.0
6,1400,646.6191737921426,417.1543189213586,641.6191737921426,412.1543189213586,651.6191737921426,422.1543189213586,1.0
6,1401,646.3564967637656,416.19302925279885,641.3564967637656,411.19302925279885,651.3564967637656,421.19302925279885,1.0
6,1402,646.0567163426679,415.47201034141546,641.0567163426679,410.47201034141546,651.0567163426679,420.47201034141546,1.0
6,1403,645.6958750223773,414.6420300063885,640.6958750223773,409.6420300063885,650.6958750223773,419.6420300063885,1.0
6,1404,645.3384878861507,413.60670796809666,640.3384878861507,408.60670796809666,650.3384878861507,418.60670796809666,1.0
6,1405,645.0275872178709,412.4250385491122,640.0275872178709,407.4250385491122,650.0275872178709,417.4250385491122,1.0
6,1406,644.5763147433229,411.1642609893167,639.5763147433229,406.1642609893167,649.5763147433229,416.1642609893167,1.0
6,1407,644.2236526464796,409.91988550247675,639.2236526464796,404.91988550247675,649.2236526464796,414.91988550247675,1.0
6,1408,643.7540711939431,408.7592573593339,638.7540711939431,403.7592573593339,648.7540711939431,413.7592573593339,1.0
6,1409,643.3760405274294,407.5836383599729,638.3760405274294,402.5836383599729,648.3760405274294,412.5836383599729,1.0
6,1410,642.9840271144313,406.4732675669026,637.9840271144313,401.4732675669026,647.9840271144313,411.4732675669026,1.0
6,1411,642.4723603912134,405.1807539916414,637.4723603912134,400.1807539916414,647.4723603912134,410.1807539916414,1.0
6,1412,641.9469094329991,404.18911191257746,636.9469094329991,399.18911191257746,646.9469094329991,409.18911191257746,1.0
6,1413,641.3193757258098,403.27842679041544,636.3193757258098,398.27842679041544,646.3193757258098,408.27842679041544,1.0
6,1414,640.660323587648,402.20586355106394,635.660323587648,397.20586355106394,645.660323587648,407.20586355106394,1.0
6,1415,639.9673262189219,401.051389704234,634.9673262189219,396.051389704234,644.9673262189219,406.051389704234,1.0
6,1416,639.4555917871924,400.1931397275924,634.4555917871924,395.1931397275924,644.4555917871924,405.1931397275924,1.0
6,1417,638.8686412765708,399.1745964475671,633.8686412765708,394.1745964475671,643.8686412765708,404.1745964475671,1.0
6,1418,638.0748280465115,398.1691139942647,633.0748280465115,393.1691139942647,643.0748280465115,403.1691139942647,1.0
6,1419,637.3113362233306,397.13406471697783,632.3113362233306,392.13406471697783,642.3113362233306,402.13406471697783,1.0
6,1420,636.642015252838,396.101970738796,631.642015252838,391.101970738796,641.642015252838,401.101970738796,1.0
6,1421,635.695942847967,395.08925290855314,630.695942847967,390.08925290855314,640.695942847967,400.08925290855314,1.0
6,1422,634.761613073832,394.14323763254583,629.761613073832,389.14323763254583,639.761613073832,399.14323763254583,1.0
6,1423,633.9060367943573,393.2392349709901,628.9060367943573,388.2392349709901,638.9060367943573,398.2392349709901,1.0
6,1424,632.8843471253118,392.3500727474376,627.8843471253118,387.3500727474376,637.8843471253118,397.3500727474376,1.0
6,1425,631.8768503099125,391.39947316254677,626.8768503099125,386.39947316254677,636.8768503099125,396.39947316254677,1.0
6,1426,631.1751815966562,390.38631464567277,626.1751815966562,385.38631464567277,636.1751815966562,395.38631464567277,1.0
6,1427,630.6172411778907,389.296472086796,625.6172411778907,384.296472086796,635.6172411778907,394.296472086796,1.0
6,1428,630.3436319628875,388.40863846618856,625.3436319628875,383.40863846618856,635.3436319628875,393.40863846618856,1.0
6,1429,629.851693854185,387.3268649035808,624.851693854185,382.3268649035808,634.851693854185,392.3268649035808,1.0
6,1430,629.3110107385917,386.19057810925773,624.3110107385917,381.19057810925773,634.3110107385917,391.19057810925773,1.0
6,1431,628.8183227867859,385.2038185444259,623.8183227867859,380.2038185444259,633.8183227867859,390.2038185444259,1.0
6,1432,628.5506756670474,384.30848567265855,623.5506756670474,379.30848567265855,633.5506756670474,389.30848567265855,1.0
6,1433,628.2899124212579,383.24293410267165,623.2899124212579,378.24293410267165,633.2899124212579,388.24293410267165,1.0
6,1434,628.1561038961722,382.2659979419009,623.1561038961722,377.2659979419009,633.1561038961722,387.2659979419009,1.0
6,1435,628.1258000314928,381.3360484671222,623.1258000314928,376.3360484671222,633.1258000314928,386.3360484671222,1.0
6,1436,627.948753821577,380.4197965350437,622.948753821577,375.4197965350437,632.948753821577,385.4197965350437,1.0
6,1437,627.7613037224351,379.43450949028056,622.7613037224351,374.43450949028056,632.7613037224351,384.43450949028056,1.0
6,1438,627.5490721594276,378.5679035566594,622.5490721594276,373.5679035566594,632.5490721594276,383.5679035566594,1.0
6,1439,627.390231813021,377.8664506595867,622.390231813021,372.8664506595867,632.390231813021,382.8664506595867,1.0
6,1440,627.4378240647002,376.9658431473298,622.4378240647002,371.9658431473298,632.4378240647002,381.9658431473298,1.0
6,1441,627.6471937831519,375.89084707733286,622.6471937831519,370.89084707733286,632.6471937831519,380.89084707733286,1.0
6,1442,627.8617134823918,374.7214480442757,622.8617134823918,369.7214480442757,632.8617134823918,379.7214480442757,1.0
6,1443,628.1047270873837,373.6702512066649,623.1047270873837,368.6702512066649,633.1047270873837,378.6702512066649,1.0
6,1444,628.4320555044038,372.78541298395464,623.4320555044038,367.78541298395464,633.4320555044038,377.78541298395464,1.0
6,1445,628.7425388341085,372.15686836167254,623.7425388341085,367.15686836167254,633.7425388341085,377.15686836167254,1.0
6,1446,629.0285844238688,371.6242329283331,624.0285844238688,366.6242329283331,634.0285844238688,376.6242329283331,1.0
6,1447,629.2193487658917,371.0823426004419,624.2193487658917,366.0823426004419,634.2193487658917,376.0823426004419,1.0
6,1448,629.3062479039079,370.7298418713315,624.3062479039079,365.7298418713315,634.3062479039079,375.7298418713315,1.0
6,1449,629.3061901012037,370.38235454002603,624.3061901012037,365.38235454002603,634.3061901012037,375.38235454002603,1.0
6,1450,629.1197356397532,370.29959734360017,624.1197356397532,365.29959734360017,634.1197356397532,375.29959734360017,1.0
6,1451,629.1016389117589,370.15867743051496,624.1016389117589,365.15867743051496,634.1016389117589,375.15867743051496,1.0
6,1452,629.1195674040287,370.06651897779557,624.1195674040287,365.06651897779557,634.1195674040287,375.06651897779557,1.0
6,1453,629.1239398951292,369.98945624950204,624.1239398951292,364.98945624950204,634.1239398951292,374.98945624950204,1.0
6,1454,629.1744972428633,369.9508394369692,624.1744972428633,364.9508394369692,634.1744972428633,374.9508394369692,1.0
6,1455,629.2065911946976,369.7701788517478,624.2065911946976,364.7701788517478,634.2065911946976,374.7701788517478,1.0
6,1456,629.3841299458821,369.4949007735916,624.3841299458821,364.4949007735916,634.3841299458821,374.4949007735916,1.0
6,1457,629.7070057940414,369.04700979273605,624.7070057940414,364.04700979273605,634.7070057940414,374.04700979273605,1.0
6,1458,630.0811668836991,368.47712059313574,625.0811668836991,363.47712059313574,635.0811668836991,373.47712059313574,1.0
6,1459,630.1973093395031,368.0898958298046,625.1973093395031,363.0898958298046,635.1973093395031,373.0898958298046,1.0
6,1460,630.3843086625092,367.6344906667222,625.3843086625092,362.6344906667222,635.3843086625092,372.6344906667222,1.0
6,1461,630.4788947629502,367.07570879629736,625.4788947629502,362.07570879629736,635.4788947629502,372.07570879629736,1.0
6,1462,630.6277766346698,366.4628744004333,625.6277766346698,361.4628744004333,635.6277766346698,371.4628744004333,1.0
6,1463,630.9217327152437,365.94509420919206,625.9217327152437,360.94509420919206,635.9217327152437,370.94509420919206,1.0
6,1464,631.1288125751086,365.3466530532072,626.1288125751086,360.3466530532072,636.1288125751086,370.3466530532072,1.0
6,1465,631.3246529624078,364.6687077529814,626.3246529624078,359.6687077529814,636.3246529624078,369.6687077529814,1.0
6,1466,631.6580478802852,364.05283718380315,626.6580478802852,359.05283718380315,636.6580478802852,369.05283718380315,1.0
6,1467,631.9649312051234,363.3989997843804,626.9649312051234,358.3989997843804,636.9649312051234,368.3989997843804,1.0
6,1468,632.1643557529561,362.4390464742609,627.1643557529561,357.4390464742609,637.1643557529561,367.4390464742609,1.0
6,1469,632.3610477485254,361.5846816434107,627.3610477485254,356.5846816434107,637.3610477485254,366.5846816434107,1.0
7,749,11.5,143.0,6.5,138.0,16.5,148.0,1.0
7,750,11.5,143.0,6.5,138.0,16.5,148.0,1.0
7,751,11.5,143.0,6.5,138.0,16.5,148.0,1.0
7,752,11.5,143.0,6.5,138.0,16.5,148.0,1.0
7,753,11.5,143.0,6.5,138.0,16.5,148.0,1.0
7,754,11.5,143.0,6.5,138.0,16.5,148.0,1.0
7,755,11.5,143.0,6.5,138.0,16.5,148.0,1.0
7,756,11.5,143.0,6.5,138.0,16.5,148.0,1.0
7,757,11.5,143.0,6.5,138.0,16.5,148.0,1.0
7,758,11.5,143.0,6.5,138.0,16.5,148.0,1.0
7,759,11.5,143.0,6.5,138.0,16.5,148.0,1.0
7,760,11.5,143.0,6.5,138.0,16.5,148.0,1.0
7,761,11.5,143.0,6.5,138.0,16.5,148.0,1.0
7,762,11.5,143.0,6.5,138.0,16.5,148.0,1.0
7,763,11.5,143.0,6.5,138.0,16.5,148.0,1.0
7,764,11.5,143.0,6.5,138.0,16.5,148.0,1.0
7,765,11.5,143.0,6.5,138.0,16.5,148.0,1.0
7,766,11.5,143.0,6.5,138.0,16.5,148.0,1.0
7,767,11.5,143.0,6.5,138.0,16.5,148.0,1.0
7,768,11.5,143.0,6.5,138.0,16.5,148.0,1.0
7,769,11.5,143.0,6.5,138.0,16.5,148.0,1.0
7,770,11.5,143.0,6.5,138.0,16.5,148.0,1.0
7,771,11.5,143.0,6.5,138.0,16.5,148.0,1.0
7,772,11.5,143.0,6.5,138.0,16.5,148.0,1.0
7,773,11.5,143.0,6.5,138.0,16.5,148.0,1.0
7,774,11.5,143.0,6.5,138.0,16.5,148.0,1.0
7,775,11.5,143.0,6.5,138.0,16.5,148.0,1.0
7,776,11.5,143.0,6.5,138.0,16.5,148.0,1.0
7,777,11.5,143.0,6.5,138.0,16.5,148.0,1.0
7,778,11.5,143.0,6.5,138.0,16.5,148.0,1.0
7,779,11.5,143.0,6.5,138.0,16.5,148.0,1.0
7,780,11.5,143.0,6.5,138.0,16.5,148.0,1.0
7,781,11.5,143.0,6.5,138.0,16.5,148.0,1.0
7,782,11.5,143.0,6.5,138.0,16.5,148.0,1.0
7,783,11.5,143.0,6.5,138.0,16.5,148.0,1.0
7,784,11.5,143.0,6.5,138.0,16.5,148.0,1.0
7,785,11.5,143.0,6.5,138.0,16.5,148.0,1.0
7,786,11.5,143.0,6.5,138.0,16.5,148.0,1.0
7,787,11.5,143.0,6.5,138.0,16.5,148.0,1.0
7,788,11.5,143.0,6.5,138.0,16.5,148.0,1.0
7,789,11.5,143.0,6.5,138.0,16.5,148.0,1.0
7,790,11.5,143.0,6.5,138.0,16.5,148.0,1.0
7,791,11.5,143.0,6.5,138.0,16.5,148.0,1.0
7,792,11.5,143.0,6.5,138.0,16.5,148.0,1.0
7,793,11.5,143.0,6.5,138.0,16.5,148.0,1.0
7,794,11.5,143.0,6.5,138.0,16.5,148.0,1.0
7,795,11.5,143.0,6.5,138.0,16.5,148.0,1.0
7,796,11.5,143.0,6.5,138.0,16.5,148.0,1.0
7,797,11.5,143.0,6.5,138.0,16.5,148.0,1.0
7,798,11.5,143.0,6.5,138.0,16.5,148.0,1.0
7,799,11.5,143.0,6.5,138.0,16.5,148.0,1.0
7,800,11.5,143.0,6.5,138.0,16.5,148.0,1.0
7,801,11.5,143.0,6.5,138.0,16.5,148.0,1.0
7,802,11.5,143.0,6.5,138.0,16.5,148.0,1.0
7,803,11.5,143.0,6.5,138.0,16.5,148.0,1.0
7,804,11.5,143.0,6.5,138.0,16.5,148.0,1.0
7,805,11.5,143.0,6.5,138.0,16.5,148.0,1.0
7,806,11.5,143.0,6.5,138.0,16.5,148.0,1.0
7,807,11.5,143.0,6.5,138.0,16.5,148.0,1.0
7,808,11.5,143.0,6.5,138.0,16.5,148.0,1.0
7,809,11.5,143.0,6.5,138.0,16.5,148.0,1.0
7,810,11.5,143.0,6.5,138.0,16.5,148.0,1.0
7,811,11.5,143.0,6.5,138.0,16.5,148.0,1.0
7,812,11.5,143.0,6.5,138.0,16.5,148.0,1.0
7,813,11.5,143.0,6.5,138.0,16.5,148.0,1.0
7,814,11.5,143.0,6.5,138.0,16.5,148.0,1.0
7,815,11.5,143.0,6.5,138.0,16.5,148.0,1.0
7,816,11.5,143.0,6.5,138.0,16.5,148.0,1.0
7,817,11.5,143.0,6.5,138.0,16.5,148.0,1.0
7,818,11.5,143.0,6.5,138.0,16.5,148.0,1.0
7,819,11.5,143.0,6.5,138.0,16.5,148.0,1.0
7,820,11.5,143.0,6.5,138.0,16.5,148.0,1.0
7,821,11.5,143.0,6.5,138.0,16.5,148.0,1.0
7,822,11.5,143.0,6.5,138.0,16.5,148.0,1.0
7,823,11.5,143.0,6.5,138.0,16.5,148.0,1.0
7,824,11.5,143.0,6.5,138.0,16.5,148.0,1.0
7,825,11.5,143.0,6.5,138.0,16.5,148.0,1.0
7,826,11.5,143.0,6.5,138.0,16.5,148.0,1.0
7,827,11.5,143.0,6.5,138.0,16.5,148.0,1.0
7,828,11.5,143.0,6.5,138.0,16.5,148.0,1.0
7,829,11.5,143.0,6.5,138.0,16.5,148.0,1.0
7,830,11.5,143.0,6.5,138.0,16.5,148.0,1.0
7,831,11.5,143.0,6.5,138.0,16.5,148.0,1.0
7,832,11.5,143.0,6.5,138.0,16.5,148.0,1.0
7,833,11.5,143.0,6.5,138.0,16.5,148.0,1.0
7,834,11.5,143.0,6.5,138.0,16.5,148.0,1.0
7,835,11.5,143.0,6.5,138.0,16.5,148.0,1.0
7,836,11.5,143.0,6.5,138.0,16.5,148.0,1.0
7,837,11.5,143.0,6.5,138.0,16.5,148.0,1.0
7,838,11.5,143.0,6.5,138.0,16.5,148.0,1.0
7,839,11.5,143.0,6.5,138.0,16.5,148.0,1.0
7,840,11.5,143.0,6.5,138.0,16.5,148.0,1.0
7,841,11.5,143.0,6.5,138.0,16.5,148.0,1.0
7,842,11.5,143.0,6.5,138.0,16.5,148.0,1.0
7,843,11.5,143.0,6.5,138.0,16.5,148.0,1.0
7,844,11.5,143.0,6.5,138.0,16.5,148.0,1.0
7,845,11.5,143.0,6.5,138.0,16.5,148.0,1.0
7,846,11.5,143.0,6.5,138.0,16.5,148.0,1.0
7,847,11.5,143.0,6.5,138.0,16.5,148.0,1.0
7,848,11.5,143.0,6.5,138.0,16.5,148.0,1.0
7,849,11.5,143.0,6.5,138.0,16.5,148.0,1.0
7,850,11.5,143.0,6.5,138.0,16.5,148.0,1.0
7,851,11.5,143.0,6.5,138.0,16.5,148.0,1.0
7,852,11.5,143.0,6.5,138.0,16.5,148.0,1.0
7,853,11.5,143.0,6.5,138.0,16.5,148.0,1.0
7,854,11.5,143.0,6.5,138.0,16.5,148.0,1.0
7,855,11.5,143.0,6.5,138.0,16.5,148.0,1.0
7,856,11.5,143.0,6.5,138.0,16.5,148.0,1.0
7,857,11.5,143.0,6.5,138.0,16.5,148.0,1.0
7,858,11.5,143.0,6.5,138.0,16.5,148.0,1.0
7,859,11.5,143.0,6.5,138.0,16.5,148.0,1.0
7,860,11.5,143.0,6.5,138.0,16.5,148.0,1.0
7,861,11.5,143.0,6.5,138.0,16.5,148.0,1.0
7,862,11.5,143.0,6.5,138.0,16.5,148.0,1.0
7,863,11.5,143.0,6.5,138.0,16.5,148.0,1.0
7,864,11.5,143.0,6.5,138.0,16.5,148.0,1.0
7,865,11.5,143.0,6.5,138.0,16.5,148.0,1.0
7,866,11.5,143.0,6.5,138.0,16.5,148.0,1.0
7,867,11.5,143.0,6.5,138.0,16.5,148.0,1.0
7,868,11.5,143.0,6.5,138.0,16.5,148.0,1.0
7,869,11.5,143.0,6.5,138.0,16.5,148.0,1.0
7,870,11.5,143.0,6.5,138.0,16.5,148.0,1.0
7,871,11.5,143.0,6.5,138.0,16.5,148.0,1.0
7,872,11.5,143.0,6.5,138.0,16.5,148.0,1.0
7,873,11.5,143.0,6.5,138.0,16.5,148.0,1.0
7,874,11.5,143.0,6.5,138.0,16.5,148.0,1.0
7,875,11.5,143.0,6.5,138.0,16.5,148.0,1.0
7,876,11.5,143.0,6.5,138.0,16.5,148.0,1.0
7,877,11.5,143.0,6.5,138.0,16.5,148.0,1.0
7,878,11.5,143.0,6.5,138.0,16.5,148.0,1.0
7,879,11.5,143.0,6.5,138.0,16.5,148.0,1.0
7,880,11.5,143.0,6.5,138.0,16.5,148.0,1.0
7,881,11.5,143.0,6.5,138.0,16.5,148.0,1.0
7,882,11.5,143.0,6.5,138.0,16.5,148.0,1.0
7,883,11.5,143.0,6.5,138.0,16.5,148.0,1.0
7,884,11.5,143.0,6.5,138.0,16.5,148.0,1.0
7,885,11.5,143.0,6.5,138.0,16.5,148.0,1.0
7,886,11.5,143.0,6.5,138.0,16.5,148.0,1.0
7,887,11.5,143.0,6.5,138.0,16.5,148.0,1.0
7,888,11.5,143.0,6.5,138.0,16.5,148.0,1.0
7,889,11.5,143.0,6.5,138.0,16.5,148.0,1.0
7,890,11.5,143.0,6.5,138.0,16.5,148.0,1.0
7,891,11.5,143.0,6.5,138.0,16.5,148.0,1.0
7,892,11.5,143.0,6.5,138.0,16.5,148.0,1.0
7,893,11.5,143.0,6.5,138.0,16.5,148.0,1.0
7,894,11.5,143.0,6.5,138.0,16.5,148.0,1.0
7,895,11.5,143.0,6.5,138.0,16.5,148.0,1.0
7,896,11.5,143.0,6.5,138.0,16.5,148.0,1.0
7,897,11.5,143.0,6.5,138.0,16.5,148.0,1.0
7,898,11.5,143.0,6.5,138.0,16.5,148.0,1.0
7,899,11.5,143.0,6.5,138.0,16.5,148.0,1.0
7,900,11.5,143.0,6.5,138.0,16.5,148.0,1.0
7,901,11.5,143.0,6.5,138.0,16.5,148.0,1.0
7,902,11.5,143.0,6.5,138.0,16.5,148.0,1.0
7,903,11.5,143.0,6.5,138.0,16.5,148.0,1.0
7,904,11.5,143.0,6.5,138.0,16.5,148.0,1.0
7,905,11.5,143.0,6.5,138.0,16.5,148.0,1.0
7,906,11.5,143.0,6.5,138.0,16.5,148.0,1.0
7,907,11.5,143.0,6.5,138.0,16.5,148.0,1.0
7,908,11.5,143.0,6.5,138.0,16.5,148.0,1.0
7,909,11.5,143.0,6.5,138.0,16.5,148.0,1.0
7,910,11.5,143.0,6.5,138.0,16.5,148.0,1.0
7,911,11.5,143.0,6.5,138.0,16.5,148.0,1.0
7,912,11.5,143.0,6.5,138.0,16.5,148.0,1.0
7,913,11.5,143.0,6.5,138.0,16.5,148.0,1.0
7,914,11.5,143.0,6.5,138.0,16.5,148.0,1.0
7,915,11.5,143.0,6.5,138.0,16.5,148.0,1.0
7,916,11.5,143.0,6.5,138.0,16.5,148.0,1.0
7,917,11.5,143.0,6.5,138.0,16.5,148.0,1.0
7,918,11.5,143.0,6.5,138.0,16.5,148.0,1.0
7,919,11.5,143.0,6.5,138.0,16.5,148.0,1.0
7,920,11.5,143.0,6.5,138.0,16.5,148.0,1.0
7,921,11.5,143.0,6.5,138.0,16.5,148.0,1.0
7,922,11.5,143.0,6.5,138.0,16.5,148.0,1.0
7,923,11.5,143.0,6.5,138.0,16.5,148.0,1.0
7,924,11.5,143.0,6.5,138.0,16.5,148.0,1.0
7,925,11.5,143.0,6.5,138.0,16.5,148.0,1.0
7,926,11.5,143.0,6.5,138.0,16.5,148.0,1.0
7,927,11.5,143.0,6.5,138.0,16.5,148.0,1.0
7,928,11.5,143.0,6.5,138.0,16.5,148.0,1.0
7,929,11.5,143.0,6.5,138.0,16.5,148.0,1.0
7,930,11.5,143.0,6.5,138.0,16.5,148.0,1.0
7,931,11.5,143.0,6.5,138.0,16.5,148.0,1.0
7,932,11.5,143.0,6.5,138.0,16.5,148.0,1.0
7,933,11.5,143.0,6.5,138.0,16.5,148.0,1.0
7,934,11.5,143.0,6.5,138.0,16.5,148.0,1.0
7,935,11.5,143.0,6.5,138.0,16.5,148.0,1.0
7,936,11.5,143.0,6.5,138.0,16.5,148.0,1.0
7,937,11.5,143.0,6.5,138.0,16.5,148.0,1.0
7,938,11.5,143.0,6.5,138.0,16.5,148.0,1.0
7,939,11.5,143.0,6.5,138.0,16.5,148.0,1.0
7,940,11.5,143.0,6.5,138.0,16.5,148.0,1.0
7,941,11.5,143.0,6.5,138.0,16.5,148.0,1.0
7,942,11.5,143.0,6.5,138.0,16.5,148.0,1.0
7,943,11.5,143.0,6.5,138.0,16.5,148.0,1.0
7,944,11.5,143.0,6.5,138.0,16.5,148.0,1.0
7,945,11.5,143.0,6.5,138.0,16.5,148.0,1.0
7,946,11.5,143.0,6.5,138.0,16.5,148.0,1.0
7,947,11.5,143.0,6.5,138.0,16.5,148.0,1.0
7,948,11.5,143.0,6.5,138.0,16.5,148.0,1.0
7,949,11.5,143.0,6.5,138.0,16.5,148.0,1.0
7,950,11.5,143.0,6.5,138.0,16.5,148.0,1.0
7,951,11.5,143.0,6.5,138.0,16.5,148.0,1.0
7,952,11.5,143.0,6.5,138.0,16.5,148.0,1.0
7,953,11.5,143.0,6.5,138.0,16.5,148.0,1.0
7,954,11.5,143.0,6.5,138.0,16.5,148.0,1.0
7,955,11.5,143.0,6.5,138.0,16.5,148.0,1.0
7,956,11.5,143.0,6.5,138.0,16.5,148.0,1.0
7,957,11.5,143.0,6.5,138.0,16.5,148.0,1.0
7,958,11.5,143.0,6.5,138.0,16.5,148.0,1.0
7,959,11.5,143.0,6.5,138.0,16.5,148.0,1.0
7,960,11.5,143.0,6.5,138.0,16.5,148.0,1.0
7,961,11.5,143.0,6.5,138.0,16.5,148.0,1.0
7,962,11.5,143.0,6.5,138.0,16.5,148.0,1.0
7,963,11.5,143.0,6.5,138.0,16.5,148.0,1.0
7,964,11.5,143.0,6.5,138.0,16.5,148.0,1.0
7,965,11.5,143.0,6.5,138.0,16.5,148.0,1.0
7,966,11.5,143.0,6.5,138.0,16.5,148.0,1.0
7,967,11.5,143.0,6.5,138.0,16.5,148.0,1.0
7,968,11.5,143.0,6.5,138.0,16.5,148.0,1.0
7,969,11.5,143.0,6.5,138.0,16.5,148.0,1.0
7,970,11.5,143.0,6.5,138.0,16.5,148.0,1.0
7,971,11.5,143.0,6.5,138.0,16.5,148.0,1.0
7,972,11.5,143.0,6.5,138.0,16.5,148.0,1.0
7,973,11.5,143.0,6.5,138.0,16.5,148.0,1.0
7,974,11.5,143.0,6.5,138.0,16.5,148.0,1.0
7,975,11.5,143.0,6.5,138.0,16.5,148.0,1.0
7,976,11.5,143.0,6.5,138.0,16.5,148.0,1.0
7,977,11.5,143.0,6.5,138.0,16.5,148.0,1.0
7,978,11.5,143.0,6.5,138.0,16.5,148.0,1.0
7,979,11.5,143.0,6.5,138.0,16.5,148.0,1.0
7,980,11.5,143.0,6.5,138.0,16.5,148.0,1.0
7,981,11.5,143.0,6.5,138.0,16.5,148.0,1.0
7,982,11.5,143.0,6.5,138.0,16.5,148.0,1.0
7,983,11.5,143.0,6.5,138.0,16.5,148.0,1.0
7,984,11.5,143.0,6.5,138.0,16.5,148.0,1.0
7,985,11.5,143.0,6.5,138.0,16.5,148.0,1.0
7,986,11.5,143.0,6.5,138.0,16.5,148.0,1.0
7,987,11.5,143.0,6.5,138.0,16.5,148.0,1.0
7,988,11.5,143.0,6.5,138.0,16.5,148.0,1.0
7,989,11.5,143.0,6.5,138.0,16.5,148.0,1.0
7,990,11.5,143.0,6.5,138.0,16.5,148.0,1.0
7,991,11.5,143.0,6.5,138.0,16.5,148.0,1.0
7,992,11.5,143.0,6.5,138.0,16.5,148.0,1.0
7,993,11.5,143.0,6.5,138.0,16.5,148.0,1.0
7,994,11.5,143.0,6.5,138.0,16.5,148.0,1.0
7,995,11.5,143.0,6.5,138.0,16.5,148.0,1.0
7,996,11.5,143.0,6.5,138.0,16.5,148.0,1.0
7,997,11.5,143.0,6.5,138.0,16.5,148.0,1.0
7,998,11.5,143.0,6.5,138.0,16.5,148.0,1.0
7,999,11.5,143.0,6.5,138.0,16.5,148.0,1.0
7,1000,11.5,143.0,6.5,138.0,16.5,148.0,1.0
7,1001,11.5,143.0,6.5,138.0,16.5,148.0,1.0
7,1002,11.5,143.0,6.5,138.0,16.5,148.0,1.0
7,1003,11.5,143.0,6.5,138.0,16.5,148.0,1.0
7,1004,11.5,143.0,6.5,138.0,16.5,148.0,1.0
7,1005,11.5,143.0,6.5,138.0,16.5,148.0,1.0
7,1006,11.5,143.0,6.5,138.0,16.5,148.0,1.0
7,1007,11.5,143.0,6.5,138.0,16.5,148.0,1.0
7,1008,11.5,143.0,6.5,138.0,16.5,148.0,1.0
7,1009,11.5,143.0,6.5,138.0,16.5,148.0,1.0
7,1010,11.5,143.0,6.5,138.0,16.5,148.0,1.0
7,1011,11.5,143.0,6.5,138.0,16.5,148.0,1.0
7,1012,11.5,143.0,6.5,138.0,16.5,148.0,1.0
7,1013,11.5,143.0,6.5,138.0,16.5,148.0,1.0
7,1014,11.5,143.0,6.5,138.0,16.5,148.0,1.0
7,1015,11.5,143.0,6.5,138.0,16.5,148.0,1.0
7,1016,11.5,143.0,6.5,138.0,16.5,148.0,1.0
7,1017,11.5,143.0,6.5,138.0,16.5,148.0,1.0
7,1018,11.5,143.0,6.5,138.0,16.5,148.0,1.0
7,1019,11.5,143.0,6.5,138.0,16.5,148.0,1.0
7,1020,11.5,143.0,6.5,138.0,16.5,148.0,1.0
7,1021,11.5,143.0,6.5,138.0,16.5,148.0,1.0
7,1022,11.5,143.0,6.5,138.0,16.5,148.0,1.0
7,1023,11.5,143.0,6.5,138.0,16.5,148.0,1.0
7,1024,11.5,143.0,6.5,138.0,16.5,148.0,1.0
7,1025,11.5,143.0,6.5,138.0,16.5,148.0,1.0
7,1026,11.5,143.0,6.5,138.0,16.5,148.0,1.0
7,1027,11.5,143.0,6.5,138.0,16.5,148.0,1.0
7,1028,11.5,143.0,6.5,138.0,16.5,148.0,1.0
7,1029,11.5,143.0,6.5,138.0,16.5,148.0,1.0
7,1030,11.5,143.0,6.5,138.0,16.5,148.0,1.0
7,1031,11.5,143.0,6.5,138.0,16.5,148.0,1.0
7,1032,11.5,143.0,6.5,138.0,16.5,148.0,1.0
7,1033,11.5,143.0,6.5,138.0,16.5,148.0,1.0
7,1034,11.5,143.0,6.5,138.0,16.5,148.0,1.0
7,1035,11.5,143.0,6.5,138.0,16.5,148.0,1.0
7,1036,11.5,143.0,6.5,138.0,16.5,148.0,1.0
7,1037,11.5,143.0,6.5,138.0,16.5,148.0,1.0
7,1038,11.5,143.0,6.5,138.0,16.5,148.0,1.0
7,1039,11.5,143.0,6.5,138.0,16.5,148.0,1.0
7,1040,11.5,143.0,6.5,138.0,16.5,148.0,1.0
7,1041,11.5,143.0,6.5,138.0,16.5,148.0,1.0
7,1042,11.5,143.0,6.5,138.0,16.5,148.0,1.0
7,1043,11.5,143.0,6.5,138.0,16.5,148.0,1.0
7,1044,11.5,143.0,6.5,138.0,16.5,148.0,1.0
7,1045,11.5,143.0,6.5,138.0,16.5,148.0,1.0
7,1046,11.5,143.0,6.5,138.0,16.5,148.0,1.0
7,1047,11.5,143.0,6.5,138.0,16.5,148.0,1.0
7,1048,11.5,143.0,6.5,138.0,16.5,148.0,1.0
7,1049,11.5,143.0,6.5,138.0,16.5,148.0,1.0
7,1050,11.5,143.0,6.5,138.0,16.5,148.0,1.0
7,1051,11.5,143.0,6.5,138.0,16.5,148.0,1.0
7,1052,11.5,143.0,6.5,138.0,16.5,148.0,1.0
7,1053,11.5,143.0,6.5,138.0,16.5,148.0,1.0
7,1054,11.5,143.0,6.5,138.0,16.5,148.0,1.0
7,1055,11.5,143.0,6.5,138.0,16.5,148.0,1.0
7,1056,11.5,143.0,6.5,138.0,16.5,148.0,1.0
7,1057,11.5,143.0,6.5,138.0,16.5,148.0,1.0
7,1058,11.5,143.0,6.5,138.0,16.5,148.0,1.0
7,1059,11.5,143.0,6.5,138.0,16.5,148.0,1.0
7,1060,11.5,143.0,6.5,138.0,16.5,148.0,1.0
7,1061,11.5,143.0,6.5,138.0,16.5,148.0,1.0
7,1062,11.5,143.0,6.5,138.0,16.5,148.0,1.0
7,1063,11.5,143.0,6.5,138.0,16.5,148.0,1.0
7,1064,11.5,143.0,6.5,138.0,16.5,148.0,1.0
7,1065,11.5,143.0,6.5,138.0,16.5,148.0,1.0
7,1066,11.5,143.0,6.5,138.0,16.5,148.0,1.0
7,1067,11.5,143.0,6.5,138.0,16.5,148.0,1.0
7,1068,11.5,143.0,6.5,138.0,16.5,148.0,1.0
7,1069,11.5,143.0,6.5,138.0,16.5,148.0,1.0
7,1070,11.5,143.0,6.5,138.0,16.5,148.0,1.0
7,1071,11.5,143.0,6.5,138.0,16.5,148.0,1.0
7,1072,11.5,143.0,6.5,138.0,16.5,148.0,1.0
7,1073,11.5,143.0,6.5,138.0,16.5,148.0,1.0
7,1074,11.5,143.0,6.5,138.0,16.5,148.0,1.0
7,1075,11.5,143.0,6.5,138.0,16.5,148.0,1.0
7,1076,11.5,143.0,6.5,138.0,16.5,148.0,1.0
7,1077,11.5,143.0,6.5,138.0,16.5,148.0,1.0
7,1078,11.5,143.0,6.5,138.0,16.5,148.0,1.0
7,1079,11.5,143.0,6.5,138.0,16.5,148.0,1.0
7,1080,11.5,143.0,6.5,138.0,16.5,148.0,1.0
7,1081,11.5,143.0,6.5,138.0,16.5,148.0,1.0
7,1082,11.5,143.0,6.5,138.0,16.5,148.0,1.0
7,1083,11.5,143.0,6.5,138.0,16.5,148.0,1.0
7,1084,11.5,143.0,6.5,138.0,16.5,148.0,1.0
7,1085,11.5,143.0,6.5,138.0,16.5,148.0,1.0
7,1086,11.5,143.0,6.5,138.0,16.5,148.0,1.0
7,1087,11.5,143.0,6.5,138.0,16.5,148.0,1.0
7,1088,11.5,143.0,6.5,138.0,16.5,148.0,1.0
7,1089,11.5,143.0,6.5,138.0,16.5,148.0,1.0
7,1090,11.5,143.0,6.5,138.0,16.5,148.0,1.0
7,1091,11.5,143.0,6.5,138.0,16.5,148.0,1.0
7,1092,11.5,143.0,6.5,138.0,16.5,148.0,1.0
7,1093,11.5,143.0,6.5,138.0,16.5,148.0,1.0
7,1094,11.5,143.0,6.5,138.0,16.5,148.0,1.0
7,1095,11.5,143.0,6.5,138.0,16.5,148.0,1.0
7,1096,11.5,143.0,6.5,138.0,16.5,148.0,1.0
7,1097,11.5,143.0,6.5,138.0,16.5,148.0,1.0
7,1098,11.5,143.0,6.5,138.0,16.5,148.0,1.0
7,1099,11.5,143.0,6.5,138.0,16.5,148.0,1.0
7,1100,11.5,143.0,6.5,138.0,16.5,148.0,1.0
7,1101,11.5,143.0,6.5,138.0,16.5,148.0,1.0
7,1102,11.5,143.0,6.5,138.0,16.5,148.0,1.0
7,1103,11.5,143.0,6.5,138.0,16.5,148.0,1.0
7,1104,11.5,143.0,6.5,138.0,16.5,148.0,1.0
7,1105,11.5,143.0,6.5,138.0,16.5,148.0,1.0
7,1106,11.5,143.0,6.5,138.0,16.5,148.0,1.0
7,1107,11.5,143.0,6.5,138.0,16.5,148.0,1.0
7,1108,11.5,143.0,6.5,138.0,16.5,148.0,1.0
7,1109,11.5,143.0,6.5,138.0,16.5,148.0,1.0
7,1110,11.5,143.0,6.5,138.0,16.5,148.0,1.0
7,1111,11.5,143.0,6.5,138.0,16.5,148.0,1.0
7,1112,11.5,143.0,6.5,138.0,16.5,148.0,1.0
7,1113,11.5,143.0,6.5,138.0,16.5,148.0,1.0
7,1114,11.5,143.0,6.5,138.0,16.5,148.0,1.0
7,1115,11.5,143.0,6.5,138.0,16.5,148.0,1.0
7,1116,11.5,143.0,6.5,138.0,16.5,148.0,1.0
7,1117,11.5,143.0,6.5,138.0,16.5,148.0,1.0
7,1118,11.5,143.0,6.5,138.0,16.5,148.0,1.0
7,1119,11.5,143.0,6.5,138.0,16.5,148.0,1.0
7,1120,11.5,143.0,6.5,138.0,16.5,148.0,1.0
7,1121,11.5,143.0,6.5,138.0,16.5,148.0,1.0
7,1122,11.5,143.0,6.5,138.0,16.5,148.0,1.0
7,1123,11.5,143.0,6.5,138.0,16.5,148.0,1.0
7,1124,11.5,143.0,6.5,138.0,16.5,148.0,1.0
7,1125,11.5,143.0,6.5,138.0,16.5,148.0,1.0
7,1126,11.5,143.0,6.5,138.0,16.5,148.0,1.0
7,1127,11.5,143.0,6.5,138.0,16.5,148.0,1.0
7,1128,11.5,143.0,6.5,138.0,16.5,148.0,1.0
7,1129,11.5,143.0,6.5,138.0,16.5,148.0,1.0
7,1130,11.5,143.0,6.5,138.0,16.5,148.0,1.0
7,1131,11.5,143.0,6.5,138.0,16.5,148.0,1.0
7,1132,11.5,143.0,6.5,138.0,16.5,148.0,1.0
7,1133,11.5,143.0,6.5,138.0,16.5,148.0,1.0
7,1134,11.5,143.0,6.5,138.0,16.5,148.0,1.0
7,1135,11.5,143.0,6.5,138.0,16.5,148.0,1.0
7,1136,11.5,143.0,6.5,138.0,16.5,148.0,1.0
7,1137,11.5,143.0,6.5,138.0,16.5,148.0,1.0
7,1138,11.5,143.0,6.5,138.0,16.5,148.0,1.0
7,1139,11.5,143.0,6.5,138.0,16.5,148.0,1.0
7,1140,11.5,143.0,6.5,138.0,16.5,148.0,1.0
7,1141,11.5,143.0,6.5,138.0,16.5,148.0,1.0
7,1142,11.5,143.0,6.5,138.0,16.5,148.0,1.0
7,1143,11.5,143.0,6.5,138.0,16.5,148.0,1.0
7,1144,11.5,143.0,6.5,138.0,16.5,148.0,1.0
7,1145,11.5,143.0,6.5,138.0,16.5,148.0,1.0
7,1146,11.5,143.0,6.5,138.0,16.5,148.0,1.0
7,1147,11.5,143.0,6.5,138.0,16.5,148.0,1.0
7,1148,11.5,143.0,6.5,138.0,16.5,148.0,1.0
7,1149,11.5,143.0,6.5,138.0,16.5,148.0,1.0
7,1150,11.5,143.0,6.5,138.0,16.5,148.0,1.0
7,1151,11.5,143.0,6.5,138.0,16.5,148.0,1.0
7,1152,11.5,143.0,6.5,138.0,16.5,148.0,1.0
7,1153,11.5,143.0,6.5,138.0,16.5,148.0,1.0
7,1154,11.5,143.0,6.5,138.0,16.5,148.0,1.0
7,1155,11.5,143.0,6.5,138.0,16.5,148.0,1.0
7,1156,11.5,143.0,6.5,138.0,16.5,148.0,1.0
7,1157,11.5,143.0,6.5,138.0,16.5,148.0,1.0
7,1158,11.5,143.0,6.5,138.0,16.5,148.0,1.0
7,1159,11.5,143.0,6.5,138.0,16.5,148.0,1.0
7,1160,11.5,143.0,6.5,138.0,16.5,148.0,1.0
7,1161,11.5,143.0,6.5,138.0,16.5,148.0,1.0
7,1162,11.5,143.0,6.5,138.0,16.5,148.0,1.0
7,1163,11.5,143.0,6.5,138.0,16.5,148.0,1.0
7,1164,11.5,143.0,6.5,138.0,16.5,148.0,1.0
7,1165,11.5,143.0,6.5,138.0,16.5,148.0,1.0
7,1166,11.5,143.0,6.5,138.0,16.5,148.0,1.0
7,1167,11.5,143.0,6.5,138.0,16.5,148.0,1.0
7,1168,11.5,143.0,6.5,138.0,16.5,148.0,1.0
7,1169,11.5,143.0,6.5,138.0,16.5,148.0,1.0
7,1170,11.5,143.0,6.5,138.0,16.5,148.0,1.0
7,1171,11.5,143.0,6.5,138.0,16.5,148.0,1.0
7,1172,11.5,143.0,6.5,138.0,16.5,148.0,1.0
7,1173,11.5,143.0,6.5,138.0,16.5,148.0,1.0
7,1174,11.5,143.0,6.5,138.0,16.5,148.0,1.0
7,1175,11.5,143.0,6.5,138.0,16.5,148.0,1.0
7,1176,11.5,143.0,6.5,138.0,16.5,148.0,1.0
7,1177,11.5,143.0,6.5,138.0,16.5,148.0,1.0
7,1178,11.5,143.0,6.5,138.0,16.5,148.0,1.0
7,1179,11.5,143.0,6.5,138.0,16.5,148.0,1.0
7,1180,11.5,143.0,6.5,138.0,16.5,148.0,1.0
7,1181,11.5,143.0,6.5,138.0,16.5,148.0,1.0
7,1182,11.5,143.0,6.5,138.0,16.5,148.0,1.0
7,1183,11.5,143.0,6.5,138.0,16.5,148.0,1.0
7,1184,11.5,143.0,6.5,138.0,16.5,148.0,1.0
7,1185,11.5,143.0,6.5,138.0,16.5,148.0,1.0
7,1186,11.5,143.0,6.5,138.0,16.5,148.0,1.0
7,1187,11.5,143.0,6.5,138.0,16.5,148.0,1.0
7,1188,11.5,143.0,6.5,138.0,16.5,148.0,1.0
7,1189,11.5,143.0,6.5,138.0,16.5,148.0,1.0
7,1190,11.5,143.0,6.5,138.0,16.5,148.0,1.0
7,1191,11.5,143.0,6.5,138.0,16.5,148.0,1.0
7,1192,11.5,143.0,6.5,138.0,16.5,148.0,1.0
7,1193,11.5,143.0,6.5,138.0,16.5,148.0,1.0
7,1194,11.5,143.0,6.5,138.0,16.5,148.0,1.0
7,1195,11.5,143.0,6.5,138.0,16.5,148.0,1.0
7,1196,11.5,143.0,6.5,138.0,16.5,148.0,1.0
7,1197,11.5,143.0,6.5,138.0,16.5,148.0,1.0
7,1198,11.5,143.0,6.5,138.0,16.5,148.0,1.0
7,1199,11.5,143.0,6.5,138.0,16.5,148.0,1.0
7,1200,11.5,143.0,6.5,138.0,16.5,148.0,1.0
7,1201,11.5,143.0,6.5,138.0,16.5,148.0,1.0
7,1202,11.5,143.0,6.5,138.0,16.5,148.0,1.0
7,1203,11.5,143.0,6.5,138.0,16.5,148.0,1.0
7,1204,11.5,143.0,6.5,138.0,16.5,148.0,1.0
7,1205,11.5,143.0,6.5,138.0,16.5,148.0,1.0
7,1206,11.5,143.0,6.5,138.0,16.5,148.0,1.0
7,1207,11.5,143.0,6.5,138.0,16.5,148.0,1.0
7,1208,11.5,143.0,6.5,138.0,16.5,148.0,1.0
7,1209,11.5,143.0,6.5,138.0,16.5,148.0,1.0
7,1210,11.5,143.0,6.5,138.0,16.5,148.0,1.0
7,1211,11.5,143.0,6.5,138.0,16.5,148.0,1.0
7,1212,11.5,143.0,6.5,138.0,16.5,148.0,1.0
7,1213,11.5,143.0,6.5,138.0,16.5,148.0,1.0
7,1214,11.5,143.0,6.5,138.0,16.5,148.0,1.0
7,1215,11.5,143.0,6.5,138.0,16.5,148.0,1.0
7,1216,11.5,143.0,6.5,138.0,16.5,148.0,1.0
7,1217,11.5,143.0,6.5,138.0,16.5,148.0,1.0
7,1218,11.5,143.0,6.5,138.0,16.5,148.0,1.0
7,1219,11.5,143.0,6.5,138.0,16.5,148.0,1.0
7,1220,11.5,143.0,6.5,138.0,16.5,148.0,1.0
7,1221,11.5,143.0,6.5,138.0,16.5,148.0,1.0
7,1222,11.5,143.0,6.5,138.0,16.5,148.0,1.0
7,1223,11.5,143.0,6.5,138.0,16.5,148.0,1.0
7,1224,11.5,143.0,6.5,138.0,16.5,148.0,1.0
7,1225,11.5,143.0,6.5,138.0,16.5,148.0,1.0
7,1226,11.5,143.0,6.5,138.0,16.5,148.0,1.0
7,1227,11.5,143.0,6.5,138.0,16.5,148.0,1.0
7,1228,11.5,143.0,6.5,138.0,16.5,148.0,1.0
7,1229,11.5,143.0,6.5,138.0,16.5,148.0,1.0
7,1230,11.5,143.0,6.5,138.0,16.5,148.0,1.0
7,1231,11.5,143.0,6.5,138.0,16.5,148.0,1.0
7,1232,11.5,143.0,6.5,138.0,16.5,148.0,1.0
7,1233,11.5,143.0,6.5,138.0,16.5,148.0,1.0
7,1234,11.5,143.0,6.5,138.0,16.5,148.0,1.0
7,1235,11.5,143.0,6.5,138.0,16.5,148.0,1.0
7,1236,11.5,143.0,6.5,138.0,16.5,148.0,1.0
7,1237,11.5,143.0,6.5,138.0,16.5,148.0,1.0
7,1238,11.5,143.0,6.5,138.0,16.5,148.0,1.0
7,1239,11.5,143.0,6.5,138.0,16.5,148.0,1.0
7,1240,11.5,143.0,6.5,138.0,16.5,148.0,1.0
7,1241,11.5,143.0,6.5,138.0,16.5,148.0,1.0
7,1242,11.5,143.0,6.5,138.0,16.5,148.0,1.0
7,1243,11.5,143.0,6.5,138.0,16.5,148.0,1.0
7,1244,11.5,143.0,6.5,138.0,16.5,148.0,1.0
7,1245,11.5,143.0,6.5,138.0,16.5,148.0,1.0
7,1246,11.5,143.0,6.5,138.0,16.5,148.0,1.0
7,1247,11.5,143.0,6.5,138.0,16.5,148.0,1.0
7,1248,11.5,143.0,6.5,138.0,16.5,148.0,1.0
7,1249,11.5,143.0,6.5,138.0,16.5,148.0,1.0
7,1250,11.5,143.0,6.5,138.0,16.5,148.0,1.0
7,1251,11.5,143.0,6.5,138.0,16.5,148.0,1.0
7,1252,11.5,143.0,6.5,138.0,16.5,148.0,1.0
7,1253,11.5,143.0,6.5,138.0,16.5,148.0,1.0
7,1254,11.5,143.0,6.5,138.0,16.5,148.0,1.0
7,1255,11.5,143.0,6.5,138.0,16.5,148.0,1.0
7,1256,11.5,143.0,6.5,138.0,16.5,148.0,1.0
7,1257,11.5,143.0,6.5,138.0,16.5,148.0,1.0
7,1258,11.5,143.0,6.5,138.0,16.5,148.0,1.0
7,1259,11.5,143.0,6.5,138.0,16.5,148.0,1.0
7,1260,11.5,143.0,6.5,138.0,16.5,148.0,1.0
7,1261,11.5,143.0,6.5,138.0,16.5,148.0,1.0
7,1262,11.5,143.0,6.5,138.0,16.5,148.0,1.0
7,1263,11.5,143.0,6.5,138.0,16.5,148.0,1.0
7,1264,11.5,143.0,6.5,138.0,16.5,148.0,1.0
7,1265,11.5,143.0,6.5,138.0,16.5,148.0,1.0
7,1266,11.5,143.0,6.5,138.0,16.5,148.0,1.0
7,1267,11.5,143.0,6.5,138.0,16.5,148.0,1.0
7,1268,11.5,143.0,6.5,138.0,16.5,148.0,1.0
7,1269,11.5,143.0,6.5,138.0,16.5,148.0,1.0
7,1270,11.5,143.0,6.5,138.0,16.5,148.0,1.0
7,1271,11.5,143.0,6.5,138.0,16.5,148.0,1.0
7,1272,11.5,143.0,6.5,138.0,16.5,148.0,1.0
7,1273,11.5,143.0,6.5,138.0,16.5,148.0,1.0
7,1274,11.5,143.0,6.5,138.0,16.5,148.0,1.0
7,1275,11.5,143.0,6.5,138.0,16.5,148.0,1.0
7,1276,11.5,143.0,6.5,138.0,16.5,148.0,1.0
7,1277,11.5,143.0,6.5,138.0,16.5,148.0,1.0
7,1278,11.5,143.0,6.5,138.0,16.5,148.0,1.0
7,1279,11.5,143.0,6.5,138.0,16.5,148.0,1.0
7,1280,11.5,143.0,6.5,138.0,16.5,148.0,1.0
7,1281,11.5,143.0,6.5,138.0,16.5,148.0,1.0
7,1282,11.5,143.0,6.5,138.0,16.5,148.0,1.0
7,1283,11.5,143.0,6.5,138.0,16.5,148.0,1.0
7,1284,11.5,143.0,6.5,138.0,16.5,148.0,1.0
7,1285,11.5,143.0,6.5,138.0,16.5,148.0,1.0
7,1286,11.5,143.0,6.5,138.0,16.5,148.0,1.0
7,1287,11.5,143.0,6.5,138.0,16.5,148.0,1.0
7,1288,11.5,143.0,6.5,138.0,16.5,148.0,1.0
7,1289,11.5,143.0,6.5,138.0,16.5,148.0,1.0
7,1290,11.5,143.0,6.5,138.0,16.5,148.0,1.0
7,1291,11.5,143.0,6.5,138.0,16.5,148.0,1.0
7,1292,11.5,143.0,6.5,138.0,16.5,148.0,1.0
7,1293,11.5,143.0,6.5,138.0,16.5,148.0,1.0
7,1294,11.5,143.0,6.5,138.0,16.5,148.0,1.0
7,1295,11.5,143.0,6.5,138.0,16.5,148.0,1.0
7,1296,11.5,143.0,6.5,138.0,16.5,148.0,1.0
7,1297,11.5,143.0,6.5,138.0,16.5,148.0,1.0
7,1298,11.5,143.0,6.5,138.0,16.5,148.0,1.0
7,1299,11.5,143.0,6.5,138.0,16.5,148.0,1.0
7,1300,11.5,143.0,6.5,138.0,16.5,148.0,1.0
7,1301,11.5,143.0,6.5,138.0,16.5,148.0,1.0
7,1302,11.5,143.0,6.5,138.0,16.5,148.0,1.0
7,1303,11.5,143.0,6.5,138.0,16.5,148.0,1.0
7,1304,11.5,143.0,6.5,138.0,16.5,148.0,1.0
7,1305,11.5,143.0,6.5,138.0,16.5,148.0,1.0
7,1306,11.5,143.0,6.5,138.0,16.5,148.0,1.0
7,1307,11.5,143.0,6.5,138.0,16.5,148.0,1.0
7,1308,11.5,143.0,6.5,138.0,16.5,148.0,1.0
7,1309,11.5,143.0,6.5,138.0,16.5,148.0,1.0
7,1310,11.5,143.0,6.5,138.0,16.5,148.0,1.0
7,1311,11.5,143.0,6.5,138.0,16.5,148.0,1.0
7,1312,11.5,143.0,6.5,138.0,16.5,148.0,1.0
7,1313,11.5,143.0,6.5,138.0,16.5,148.0,1.0
7,1314,11.5,143.0,6.5,138.0,16.5,148.0,1.0
7,1315,11.5,143.0,6.5,138.0,16.5,148.0,1.0
7,1316,11.5,143.0,6.5,138.0,16.5,148.0,1.0
7,1317,11.5,143.0,6.5,138.0,16.5,148.0,1.0
7,1318,11.5,143.0,6.5,138.0,16.5,148.0,1.0
7,1319,11.5,143.0,6.5,138.0,16.5,148.0,1.0
7,1320,11.5,143.0,6.5,138.0,16.5,148.0,1.0
7,1321,11.5,143.0,6.5,138.0,16.5,148.0,1.0
7,1322,11.5,143.0,6.5,138.0,16.5,148.0,1.0
7,1323,11.5,143.0,6.5,138.0,16.5,148.0,1.0
7,1324,11.5,143.0,6.5,138.0,16.5,148.0,1.0
7,1325,11.5,143.0,6.5,138.0,16.5,148.0,1.0
7,1326,11.5,143.0,6.5,138.0,16.5,148.0,1.0
7,1327,11.5,143.0,6.5,138.0,16.5,148.0,1.0
7,1328,11.5,143.0,6.5,138.0,16.5,148.0,1.0
7,1329,11.5,143.0,6.5,138.0,16.5,148.0,1.0
7,1330,11.5,143.0,6.5,138.0,16.5,148.0,1.0
7,1331,11.5,143.0,6.5,138.0,16.5,148.0,1.0
7,1332,11.5,143.0,6.5,138.0,16.5,148.0,1.0
7,1333,11.5,143.0,6.5,138.0,16.5,148.0,1.0
7,1334,11.5,143.0,6.5,138.0,16.5,148.0,1.0
7,1335,11.5,143.0,6.5,138.0,16.5,148.0,1.0
7,1336,11.5,143.0,6.5,138.0,16.5,148.0,1.0
7,1337,11.5,143.0,6.5,138.0,16.5,148.0,1.0
7,1338,11.5,143.0,6.5,138.0,16.5,148.0,1.0
7,1339,11.5,143.0,6.5,138.0,16.5,148.0,1.0
7,1340,11.5,143.0,6.5,138.0,16.5,148.0,1.0
7,1341,11.5,143.0,6.5,138.0,16.5,148.0,1.0
7,1342,11.5,143.0,6.5,138.0,16.5,148.0,1.0
7,1343,11.5,143.0,6.5,138.0,16.5,148.0,1.0
7,1344,11.5,143.0,6.5,138.0,16.5,148.0,1.0
7,1345,11.5,143.0,6.5,138.0,16.5,148.0,1.0
7,1346,11.5,143.0,6.5,138.0,16.5,148.0,1.0
7,1347,11.5,143.0,6.5,138.0,16.5,148.0,1.0
7,1348,11.5,143.0,6.5,138.0,16.5,148.0,1.0
7,1349,11.5,143.0,6.5,138.0,16.5,148.0,1.0
7,1350,11.5,143.0,6.5,138.0,16.5,148.0,1.0
7,1351,11.5,143.0,6.5,138.0,16.5,148.0,1.0
7,1352,11.5,143.0,6.5,138.0,16.5,148.0,1.0
7,1353,11.5,143.0,6.5,138.0,16.5,148.0,1.0
7,1354,11.5,143.0,6.5,138.0,16.5,148.0,1.0
7,1355,11.5,143.0,6.5,138.0,16.5,148.0,1.0
7,1356,11.5,143.0,6.5,138.0,16.5,148.0,1.0
7,1357,11.5,143.0,6.5,138.0,16.5,148.0,1.0
7,1358,11.5,143.0,6.5,138.0,16.5,148.0,1.0
7,1359,11.5,143.0,6.5,138.0,16.5,148.0,1.0
7,1360,11.5,143.0,6.5,138.0,16.5,148.0,1.0
7,1361,11.5,143.0,6.5,138.0,16.5,148.0,1.0
7,1362,11.5,143.0,6.5,138.0,16.5,148.0,1.0
7,1363,11.5,143.0,6.5,138.0,16.5,148.0,1.0
7,1364,11.5,143.0,6.5,138.0,16.5,148.0,1.0
7,1365,11.5,143.0,6.5,138.0,16.5,148.0,1.0
7,1366,11.5,143.0,6.5,138.0,16.5,148.0,1.0
7,1367,11.5,143.0,6.5,138.0,16.5,148.0,1.0
7,1368,11.5,143.0,6.5,138.0,16.5,148.0,1.0
7,1369,11.5,143.0,6.5,138.0,16.5,148.0,1.0
7,1370,11.5,143.0,6.5,138.0,16.5,148.0,1.0
7,1371,11.5,143.0,6.5,138.0,16.5,148.0,1.0
7,1372,11.5,143.0,6.5,138.0,16.5,148.0,1.0
7,1373,11.5,143.0,6.5,138.0,16.5,148.0,1.0
7,1374,11.5,143.0,6.5,138.0,16.5,148.0,1.0
7,1375,11.5,143.0,6.5,138.0,16.5,148.0,1.0
7,1376,11.5,143.0,6.5,138.0,16.5,148.0,1.0
7,1377,11.5,143.0,6.5,138.0,16.5,148.0,1.0
7,1378,11.5,143.0,6.5,138.0,16.5,148.0,1.0
7,1379,11.5,143.0,6.5,138.0,16.5,148.0,1.0
7,1380,11.5,143.0,6.5,138.0,16.5,148.0,1.0
7,1381,11.5,143.0,6.5,138.0,16.5,148.0,1.0
7,1382,11.5,143.0,6.5,138.0,16.5,148.0,1.0
7,1383,11.5,143.0,6.5,138.0,16.5,148.0,1.0
7,1384,11.5,143.0,6.5,138.0,16.5,148.0,1.0
7,1385,11.5,143.0,6.5,138.0,16.5,148.0,1.0
7,1386,11.5,143.0,6.5,138.0,16.5,148.0,1.0
7,1387,11.5,143.0,6.5,138.0,16.5,148.0,1.0
7,1388,11.5,143.0,6.5,138.0,16.5,148.0,1.0
7,1389,11.5,143.0,6.5,138.0,16.5,148.0,1.0
7,1390,11.5,143.0,6.5,138.0,16.5,148.0,1.0
7,1391,11.5,143.0,6.5,138.0,16.5,148.0,1.0
7,1392,11.5,143.0,6.5,138.0,16.5,148.0,1.0
7,1393,11.5,143.0,6.5,138.0,16.5,148.0,1.0
7,1394,11.5,143.0,6.5,138.0,16.5,148.0,1.0
7,1395,11.5,143.0,6.5,138.0,16.5,148.0,1.0
7,1396,11.5,143.0,6.5,138.0,16.5,148.0,1.0
7,1397,11.5,143.0,6.5,138.0,16.5,148.0,1.0
7,1398,11.5,143.0,6.5,138.0,16.5,148.0,1.0
7,1399,11.5,143.0,6.5,138.0,16.5,148.0,1.0
7,1400,11.5,143.0,6.5,138.0,16.5,148.0,1.0
7,1401,11.5,143.0,6.5,138.0,16.5,148.0,1.0
7,1402,11.5,143.0,6.5,138.0,16.5,148.0,1.0
7,1403,11.5,143.0,6.5,138.0,16.5,148.0,1.0
7,1404,11.5,143.0,6.5,138.0,16.5,148.0,1.0
7,1405,11.5,143.0,6.5,138.0,16.5,148.0,1.0
7,1406,11.5,143.0,6.5,138.0,16.5,148.0,1.0
7,1407,11.5,143.0,6.5,138.0,16.5,148.0,1.0
7,1408,11.5,143.0,6.5,138.0,16.5,148.0,1.0
7,1409,11.5,143.0,6.5,138.0,16.5,148.0,1.0
7,1410,11.5,143.0,6.5,138.0,16.5,148.0,1.0
7,1411,11.5,143.0,6.5,138.0,16.5,148.0,1.0
7,1412,11.5,143.0,6.5,138.0,16.5,148.0,1.0
7,1413,11.5,143.0,6.5,138.0,16.5,148.0,1.0
7,1414,11.5,143.0,6.5,138.0,16.5,148.0,1.0
7,1415,11.5,143.0,6.5,138.0,16.5,148.0,1.0
7,1416,11.5,143.0,6.5,138.0,16.5,148.0,1.0
7,1417,11.5,143.0,6.5,138.0,16.5,148.0,1.0
7,1418,11.5,143.0,6.5,138.0,16.5,148.0,1.0
7,1419,11.5,143.0,6.5,138.0,16.5,148.0,1.0
7,1420,11.5,143.0,6.5,138.0,16.5,148.0,1.0
7,1421,11.5,143.0,6.5,138.0,16.5,148.0,1.0
7,1422,11.5,143.0,6.5,138.0,16.5,148.0,1.0
7,1423,11.5,143.0,6.5,138.0,16.5,148.0,1.0
7,1424,11.5,143.0,6.5,138.0,16.5,148.0,1.0
7,1425,11.5,143.0,6.5,138.0,16.5,148.0,1.0
7,1426,11.5,143.0,6.5,138.0,16.5,148.0,1.0
7,1427,11.5,143.0,6.5,138.0,16.5,148.0,1.0
7,1428,11.5,143.0,6.5,138.0,16.5,148.0,1.0
7,1429,11.5,143.0,6.5,138.0,16.5,148.0,1.0
7,1430,11.5,143.0,6.5,138.0,16.5,148.0,1.0
7,1431,11.5,143.0,6.5,138.0,16.5,148.0,1.0
7,1432,11.5,143.0,6.5,138.0,16.5,148.0,1.0
7,1433,11.5,143.0,6.5,138.0,16.5,148.0,1.0
7,1434,11.5,143.0,6.5,138.0,16.5,148.0,1.0
7,1435,11.5,143.0,6.5,138.0,16.5,148.0,1.0
7,1436,11.5,143.0,6.5,138.0,16.5,148.0,1.0
7,1437,11.5,143.0,6.5,138.0,16.5,148.0,1.0
7,1438,11.5,143.0,6.5,138.0,16.5,148.0,1.0
7,1439,11.5,143.0,6.5,138.0,16.5,148.0,1.0
7,1440,11.5,143.0,6.5,138.0,16.5,148.0,1.0
7,1441,11.5,143.0,6.5,138.0,16.5,148.0,1.0
7,1442,11.5,143.0,6.5,138.0,16.5,148.0,1.0
7,1443,11.5,143.0,6.5,138.0,16.5,148.0,1.0
7,1444,11.5,143.0,6.5,138.0,16.5,148.0,1.0
7,1445,11.5,143.0,6.5,138.0,16.5,148.0,1.0
7,1446,11.5,143.0,6.5,138.0,16.5,148.0,1.0
7,1447,11.5,143.0,6.5,138.0,16.5,148.0,1.0
7,1448,11.5,143.0,6.5,138.0,16.5,148.0,1.0
7,1449,11.5,143.0,6.5,138.0,16.5,148.0,1.0
7,1450,11.5,143.0,6.5,138.0,16.5,148.0,1.0
7,1451,11.5,143.0,6.5,138.0,16.5,148.0,1.0
7,1452,11.5,143.0,6.5,138.0,16.5,148.0,1.0
7,1453,11.5,143.0,6.5,138.0,16.5,148.0,1.0
7,1454,11.5,143.0,6.5,138.0,16.5,148.0,1.0
7,1455,11.5,143.0,6.5,138.0,16.5,148.0,1.0
7,1456,11.5,143.0,6.5,138.0,16.5,148.0,1.0
7,1457,11.5,143.0,6.5,138.0,16.5,148.0,1.0
7,1458,11.5,143.0,6.5,138.0,16.5,148.0,1.0
7,1459,11.5,143.0,6.5,138.0,16.5,148.0,1.0
7,1460,11.5,143.0,6.5,138.0,16.5,148.0,1.0
7,1461,11.5,143.0,6.5,138.0,16.5,148.0,1.0
7,1462,11.5,143.0,6.5,138.0,16.5,148.0,1.0
7,1463,11.5,143.0,6.5,138.0,16.5,148.0,1.0
7,1464,11.5,143.0,6.5,138.0,16.5,148.0,1.0
7,1465,11.5,143.0,6.5,138.0,16.5,148.0,1.0
7,1466,11.5,143.0,6.5,138.0,16.5,148.0,1.0
7,1467,11.5,143.0,6.5,138.0,16.5,148.0,1.0
7,1468,11.5,143.0,6.5,138.0,16.5,148.0,1.0
7,1469,11.5,143.0,6.5,138.0,16.5,148.0,1.0
8,15,544.5,10.0,539.5,5.0,549.5,15.0,1.0
8,16,544.2654565083544,5.530947028126108,539.2654565083544,0.530947028126108,549.2654565083544,10.530947028126107,1.0
8,17,543.9076453647621,2.4092462924857987,538.9076453647621,-2.5907537075142013,548.9076453647621,7.409246292485799,1.0
8,18,546.8391683357188,1.815046988410156,541.8391683357188,-3.184953011589844,551.8391683357188,6.815046988410156,1.0
8,19,547.5879303877979,3.0111839601583705,542.5879303877979,-1.9888160398416295,552.5879303877979,8.01118396015837,1.0
8,20,546.2616389075038,8.34375576889824,541.2616389075038,3.343755768898241,551.2616389075038,13.34375576889824,1.0
8,21,550.1510475659228,10.928756997845005,545.1510475659228,5.928756997845005,555.1510475659228,15.928756997845005,1.0
8,22,546.1249590219807,9.779587279512342,541.1249590219807,4.7795872795123415,551.1249590219807,14.779587279512342,1.0
8,23,542.5778149941348,13.685597525267646,537.5778149941348,8.685597525267646,547.5778149941348,18.685597525267646,1.0
8,24,538.0094750224378,17.97601265918435,533.0094750224378,12.976012659184349,543.0094750224378,22.97601265918435,1.0
8,25,535.350094976156,17.88053961571904,530.350094976156,12.88053961571904,540.350094976156,22.88053961571904,1.0
8,26,536.6770390032425,22.613208353332407,531.6770390032425,17.613208353332407,541.6770390032425,27.613208353332407,1.0
8,27,537.1024878042439,11.107837365937797,532.1024878042439,6.107837365937797,542.1024878042439,16.107837365937797,1.0
8,28,536.9660058486702,5.5966438847795965,531.9660058486702,0.5966438847795965,541.9660058486702,10.596643884779596,1.0
8,29,535.1453178784409,8.211228862754801,530.1453178784409,3.211228862754801,540.1453178784409,13.211228862754801,1.0
8,30,534.9363868622876,6.394091817625654,529.9363868622876,1.3940918176256538,539.9363868622876,11.394091817625654,1.0
8,31,531.9527882844179,6.040527192451815,526.9527882844179,1.0405271924518154,536.9527882844179,11.040527192451815,1.0
8,32,533.1010554892367,3.118191002674495,528.1010554892367,-1.8818089973255052,538.1010554892367,8.118191002674495,1.0
8,33,528.6565759903557,3.594936332907988,523.6565759903557,-1.405063667092012,533.6565759903557,8.594936332907988,1.0
8,34,528.5691404701026,2.602032644655635,523.5691404701026,-2.397967355344365,533.5691404701026,7.602032644655635,1.0
8,35,530.2348350403245,3.947272718093087,525.2348350403245,-1.052727281906913,535.2348350403245,8.947272718093087,1.0
8,36,530.1172473109893,3.554929940199222,525.1172473109893,-1.445070059800778,535.1172473109893,8.554929940199223,1.0
8,37,530.5959665858065,3.0458278940255257,525.5959665858065,-1.9541721059744743,535.5959665858065,8.045827894025525,1.0
8,38,528.8058316948483,0.45443809574295635,523.8058316948483,-4.545561904257044,533.8058316948483,5.454438095742956,1.0
8,39,526.2617002772522,-6.085729053038509,521.2617002772522,-11.08572905303851,531.2617002772522,-1.0857290530385093,1.0
8,40,532.829000580871,-11.164039304691936,527.829000580871,-16.164039304691936,537.829000580871,-6.164039304691936,1.0
8,41,536.942928186224,-12.064178261708467,531.942928186224,-17.064178261708467,541.942928186224,-7.0641782617084665,1.0
8,42,539.0227300467853,-17.34768994554758,534.0227300467853,-22.34768994554758,544.0227300467853,-12.347689945547579,1.0
8,43,539.1261545469561,-21.8595715726957,534.1261545469561,-26.8595715726957,544.1261545469561,-16.8595715726957,1.0
8,44,537.8673986479355,-24.99361390020227,532.8673986479355,-29.99361390020227,542.8673986479355,-19.99361390020227,1.0
8,45,537.2111669164809,-26.00615682498669,532.2111669164809,-31.00615682498669,542.2111669164809,-21.00615682498669,1.0
8,46,539.3687626673685,-25.62038760730097,534.3687626673685,-30.62038760730097,544.3687626673685,-20.62038760730097,1.0
8,115,545.8773149547984,-22.870209753407977,540.8773149547984,-27.870209753407977,550.8773149547984,-17.870209753407977,1.0
8,116,541.8412005082922,-23.71792753267728,536.8412005082922,-28.71792753267728,546.8412005082922,-18.71792753267728,1.0
8,117,538.400960437148,-21.962662834261167,533.400960437148,-26.962662834261167,543.400960437148,-16.962662834261167,1.0
8,118,539.4055222652246,-26.349759212593135,534.4055222652246,-31.349759212593135,544.4055222652246,-21.349759212593135,1.0
8,119,540.5289691710814,-23.099689517231504,535.5289691710814,-28.099689517231504,545.5289691710814,-18.099689517231504,1.0
8,120,543.1312159258292,-24.19158387705611,538.1312159258292,-29.19158387705611,548.1312159258292,-19.19158387705611,1.0
8,121,547.2861001445772,-26.318752207908098,542.2861001445772,-31.318752207908098,552.2861001445772,-21.318752207908098,1.0
8,122,552.2343638308657,-26.53563984731033,547.2343638308657,-31.53563984731033,557.2343638308657,-21.53563984731033,1.0
8,123,554.028000385529,-20.330634652991147,549.028000385529,-25.330634652991147,559.028000385529,-15.330634652991147,1.0
8,124,557.4191999786536,-20.178564420802797,552.4191999786536,-25.178564420802797,562.4191999786536,-15.178564420802797,1.0
8,125,554.5838014693078,-18.37327169643001,549.5838014693078,-23.37327169643001,559.5838014693078,-13.37327169643001,1.0
8,126,549.8302156878536,-13.64924723642753,544.8302156878536,-18.64924723642753,554.8302156878536,-8.64924723642753,1.0
8,127,551.7825293558527,-11.039617551196535,546.7825293558527,-16.039617551196535,556.7825293558527,-6.039617551196535,1.0
8,128,552.1697438990122,-10.859160967432025,547.1697438990122,-15.859160967432025,557.1697438990122,-5.859160967432025,1.0
8,129,552.885659370267,-7.346483529820691,547.885659370267,-12.346483529820691,557.885659370267,-2.3464835298206914,1.0
8,130,554.0053329255868,-7.3081375616721935,549.0053329255868,-12.308137561672194,559.0053329255868,-2.3081375616721935,1.0
8,131,554.6467589749758,-5.828664638110224,549.6467589749758,-10.828664638110224,559.6467589749758,-0.8286646381102241,1.0
8,132,551.6293233548919,-4.4763006770381,546.6293233548919,-9.4763006770381,556.6293233548919,0.5236993229618996,1.0
8,133,555.6294283011297,-7.871414087439991,550.6294283011297,-12.871414087439991,560.6294283011297,-2.871414087439991,1.0
8,134,556.8417046915566,-3.6654054448456517,551.8417046915566,-8.665405444845652,561.8417046915566,1.3345945551543483,1.0
8,135,556.3460636150502,-6.698522331389675,551.3460636150502,-11.698522331389675,561.3460636150502,-1.6985223313896753,1.0
8,136,558.7465816448663,-8.923338204833811,553.7465816448663,-13.923338204833811,563.7465816448663,-3.9233382048338115,1.0
8,137,558.8318996331933,-1.9721337350150279,553.8318996331933,-6.972133735015028,563.8318996331933,3.027866264984972,1.0
8,138,553.7990916686193,3.663233691981029,548.7990916686193,-1.3367663080189711,558.7990916686193,8.663233691981029,1.0
8,139,552.4737618515745,6.41447500699852,547.4737618515745,1.4144750069985204,557.4737618515745,11.41447500699852,1.0
8,140,549.0901989514807,4.895454040501717,544.0901989514807,-0.10454595949828338,554.0901989514807,9.895454040501717,1.0
8,141,547.6781597444548,6.477880464437305,542.6781597444548,1.4778804644373054,552.6781597444548,11.477880464437305,1.0
8,142,546.1793135310742,1.8230980442540563,541.1793135310742,-3.1769019557459437,551.1793135310742,6.823098044254056,1.0
8,143,547.3310254154442,-2.6538166646558743,542.3310254154442,-7.653816664655874,552.3310254154442,2.3461833353441257,1.0
8,144,549.6859952414447,-1.7910292583132694,544.6859952414447,-6.791029258313269,554.6859952414447,3.2089707416867306,1.0
8,145,550.326889792351,3.689147896934603,545.326889792351,-1.3108521030653968,555.326889792351,8.689147896934603,1.0
8,146,547.7961173938484,2.4554617583778926,542.7961173938484,-2.5445382416221074,552.7961173938484,7.455461758377893,1.0
8,147,543.3646397905176,3.0644688443739208,538.3646397905176,-1.9355311556260792,548.3646397905176,8.06446884437392,1.0
8,148,542.2432297151756,1.5821026692105704,537.2432297151756,-3.4178973307894296,547.2432297151756,6.58210266921057,1.0
8,149,539.1663721585157,0.31229660764780753,534.1663721585157,-4.6877033923521925,544.1663721585157,5.3122966076478075,1.0
8,150,540.7279877316432,-2.055413427793729,535.7279877316432,-7.055413427793729,545.7279877316432,2.944586572206271,1.0
8,151,541.9663966474151,-0.9575456224258154,536.9663966474151,-5.957545622425815,546.9663966474151,4.042454377574185,1.0
8,152,541.8515285727867,-5.38342441210321,536.8515285727867,-10.38342441210321,546.8515285727867,-0.38342441210321,1.0
8,153,542.5762803588209,-7.302687296041828,537.5762803588209,-12.302687296041828,547.5762803588209,-2.302687296041828,1.0
8,154,542.160439983176,-0.6631461407415422,537.160439983176,-5.663146140741542,547.160439983176,4.336853859258458,1.0
8,155,544.6410597590343,3.4174843439923617,539.6410597590343,-1.5825156560076383,549.6410597590343,8.417484343992362,1.0
8,156,545.8191678262996,4.3425618313407774,540.8191678262996,-0.6574381686592226,550.8191678262996,9.342561831340777,1.0
8,157,544.2591128215762,4.376951485739868,539.2591128215762,-0.6230485142601321,549.2591128215762,9.376951485739868,1.0
8,158,544.8189384999125,1.5277978987296343,539.8189384999125,-3.4722021012703657,549.8189384999125,6.527797898729634,1.0
8,159,548.625872179894,5.446959056557517,543.625872179894,0.44695905655751744,553.625872179894,10.446959056557517,1.0
8,160,552.4782804125731,5.005405066656135,547.4782804125731,0.005405066656135382,557.4782804125731,10.005405066656134,1.0
8,161,551.8352557315814,2.06125310831408,546.8352557315814,-2.93874689168592,556.8352557315814,7.06125310831408,1.0
8,162,551.1924399469585,1.3822964588277475,546.1924399469585,-3.6177035411722525,556.1924399469585,6.3822964588277475,1.0
8,163,549.0198319240307,-1.4285445973550068,544.0198319240307,-6.428544597355007,554.0198319240307,3.571455402644993,1.0
8,164,549.5619093721994,2.482369364824751,544.5619093721994,-2.517630635175249,554.5619093721994,7.482369364824751,1.0
8,165,548.1757051951614,7.200699604009447,543.1757051951614,2.200699604009447,553.1757051951614,12.200699604009447,1.0
8,166,547.7291211313346,13.658895213923635,542.7291211313346,8.658895213923635,552.7291211313346,18.658895213923635,1.0
8,167,548.257000169492,12.482565494569831,543.257000169492,7.482565494569831,553.257000169492,17.482565494569833,1.0
8,168,550.4900896534643,17.732069073497584,545.4900896534643,12.732069073497584,555.4900896534643,22.732069073497584,1.0
8,169,551.4202094655875,12.837637133127808,546.4202094655875,7.837637133127808,556.4202094655875,17.837637133127807,1.0
8,170,551.8044820833285,17.767639576347836,546.8044820833285,12.767639576347836,556.8044820833285,22.767639576347836,1.0
8,171,547.735876666808,17.023704385654383,542.735876666808,12.023704385654383,552.735876666808,22.023704385654383,1.0
8,172,549.2905897330556,12.483851503357801,544.2905897330556,7.483851503357801,554.2905897330556,17.4838515033578,1.0
8,173,546.0268724563775,12.292574656314725,541.0268724563775,7.292574656314725,551.0268724563775,17.292574656314727,1.0
8,174,540.721484949973,9.799511997770903,535.721484949973,4.799511997770903,545.721484949973,14.799511997770903,1.0
8,175,536.557649930548,8.465701731773915,531.557649930548,3.4657017317739154,541.557649930548,13.465701731773915,1.0
8,176,535.752866910865,5.3301805626639,530.752866910865,0.33018056266389983,540.752866910865,10.3301805626639,1.0
8,177,536.0711022413905,7.707775131535151,531.0711022413905,2.7077751315351506,541.0711022413905,12.70777513153515,1.0
8,178,536.7654856474036,9.584673197648522,531.7654856474036,4.584673197648522,541.7654856474036,14.584673197648522,1.0
8,179,536.3645387359971,12.394957194396191,531.3645387359971,7.394957194396191,541.3645387359971,17.39495719439619,1.0
8,180,540.7476267721619,10.182648385850301,535.7476267721619,5.182648385850301,545.7476267721619,15.182648385850301,1.0
8,181,540.6868903339405,13.048448127001237,535.6868903339405,8.048448127001237,545.6868903339405,18.048448127001237,1.0
8,182,541.7715441649183,11.376067960171067,536.7715441649183,6.376067960171067,546.7715441649183,16.376067960171067,1.0
8,183,542.7471554207411,10.050628830948911,537.7471554207411,5.050628830948911,547.7471554207411,15.050628830948911,1.0
8,184,540.4545245287904,8.927499496364026,535.4545245287904,3.9274994963640264,545.4545245287904,13.927499496364026,1.0
8,185,539.447404134709,6.697148565510336,534.447404134709,1.6971485655103358,544.447404134709,11.697148565510336,1.0
8,186,535.7069669195606,4.578621887375293,530.7069669195606,-0.4213781126247067,540.7069669195606,9.578621887375293,1.0
8,187,537.2844707468557,4.874324397979098,532.2844707468557,-0.12567560202090178,542.2844707468557,9.874324397979098,1.0
8,188,540.5438468149854,-2.7182693023556723,535.5438468149854,-7.718269302355672,545.5438468149854,2.2817306976443277,1.0
8,189,541.847943157756,-4.454442214409891,536.847943157756,-9.454442214409891,546.847943157756,0.545557785590109,1.0
8,190,541.8917599008765,-2.109112587987722,536.8917599008765,-7.109112587987722,546.8917599008765,2.890887412012278,1.0
8,191,537.9473703698753,3.535563295921687,532.9473703698753,-1.464436704078313,542.9473703698753,8.535563295921687,1.0
8,192,540.7132149938558,3.6031184398261713,535.7132149938558,-1.3968815601738287,545.7132149938558,8.603118439826172,1.0
8,193,542.2719855496196,-2.900502324227867,537.2719855496196,-7.900502324227867,547.2719855496196,2.099497675772133,1.0
8,194,545.1072896696409,-4.186207451585952,540.1072896696409,-9.186207451585952,550.1072896696409,0.8137925484140478,1.0
8,195,539.6466035860803,-3.004757656607145,534.6466035860803,-8.004757656607145,544.6466035860803,1.9952423433928548,1.0
8,196,541.7542530902793,0.24071143066682055,536.7542530902793,-4.7592885693331795,546.7542530902793,5.2407114306668205,1.0
8,197,546.0160897751294,-0.2615501493558625,541.0160897751294,-5.2615501493558625,551.0160897751294,4.7384498506441375,1.0
8,198,549.1144738559798,-2.0476480742917307,544.1144738559798,-7.047648074291731,554.1144738559798,2.9523519257082693,1.0
8,199,554.5069895769182,-5.752855738652592,549.5069895769182,-10.752855738652592,559.5069895769182,-0.7528557386525918,1.0
8,200,554.0786002658184,-13.144819618425707,549.0786002658184,-18.144819618425707,559.0786002658184,-8.144819618425707,1.0
8,201,553.8973597028979,-15.567754029243087,548.8973597028979,-20.567754029243087,558.8973597028979,-10.567754029243087,1.0
8,202,547.6091748737925,-4.433917981664457,542.6091748737925,-9.433917981664457,552.6091748737925,0.5660820183355426,1.0
8,203,544.4806350989923,-2.9528788656029885,539.4806350989923,-7.9528788656029885,549.4806350989923,2.0471211343970115,1.0
8,204,545.232609600606,1.2601587518517015,540.232609600606,-3.7398412481482985,550.232609600606,6.2601587518517015,1.0
8,205,544.7581625659099,1.936803735175781,539.7581625659099,-3.063196264824219,549.7581625659099,6.936803735175781,1.0
8,206,545.2284080670416,-0.7529991780006355,540.2284080670416,-5.7529991780006355,550.2284080670416,4.2470008219993645,1.0
8,207,544.3001101564083,-5.083048354512719,539.3001101564083,-10.08304835451272,549.3001101564083,-0.08304835451271941,1.0
8,208,543.1993571338767,-6.007300714110684,538.1993571338767,-11.007300714110684,548.1993571338767,-1.0073007141106842,1.0
8,209,541.0945992283306,-6.282731442666755,536.0945992283306,-11.282731442666755,546.0945992283306,-1.2827314426667549,1.0
8,210,542.1375197468221,-2.624105602836499,537.1375197468221,-7.624105602836499,547.1375197468221,2.375894397163501,1.0
8,211,536.8200155689644,2.469235811616704,531.8200155689644,-2.530764188383296,541.8200155689644,7.469235811616704,1.0
8,212,535.9662556110285,2.215426621663453,530.9662556110285,-2.784573378336547,540.9662556110285,7.215426621663453,1.0
8,213,540.2158594537561,1.6130861373441299,535.2158594537561,-3.38691386265587,545.2158594537561,6.61308613734413,1.0
8,214,539.590446435988,-3.683334167059787,534.590446435988,-8.683334167059787,544.590446435988,1.3166658329402132,1.0
8,215,546.2577339756131,0.1539027588893358,541.2577339756131,-4.846097241110664,551.2577339756131,5.153902758889336,1.0
8,216,547.5154199812489,6.732900092716431,542.5154199812489,1.7329000927164309,552.5154199812489,11.73290009271643,1.0
8,217,549.0287080990397,11.206300844001904,544.0287080990397,6.206300844001904,554.0287080990397,16.206300844001902,1.0
8,218,546.5998033102632,17.523591215901533,541.5998033102632,12.523591215901533,551.5998033102632,22.523591215901533,1.0
8,219,544.8394837977124,20.913652303303568,539.8394837977124,15.913652303303568,549.8394837977124,25.913652303303568,1.0
8,220,543.7244681776633,20.233578986983915,538.7244681776633,15.233578986983915,548.7244681776633,25.233578986983915,1.0
8,221,542.100531833232,29.098071337951772,537.100531833232,24.098071337951772,547.100531833232,34.09807133795177,1.0
8,222,541.8548595049182,38.625765396608394,536.8548595049182,33.625765396608394,546.8548595049182,43.625765396608394,1.0
8,223,543.0992394566745,41.15394058714383,538.0992394566745,36.15394058714383,548.0992394566745,46.15394058714383,1.0
8,224,545.4153393222072,45.7196525169595,540.4153393222072,40.7196525169595,550.4153393222072,50.7196525169595,1.0
8,225,543.3907239862774,54.00161429146213,538.3907239862774,49.00161429146213,548.3907239862774,59.00161429146213,1.0
8,226,543.5128419256162,54.60927519229255,538.5128419256162,49.60927519229255,548.5128419256162,59.60927519229255,1.0
8,227,538.1020401885727,58.30099537539017,533.1020401885727,53.30099537539017,543.1020401885727,63.30099537539017,1.0
8,228,538.6689684180011,61.80221456845193,533.6689684180011,56.80221456845193,543.6689684180011,66.80221456845193,1.0
8,229,538.274151809682,60.48679657389912,533.274151809682,55.48679657389912,543.274151809682,65.48679657389911,1.0
8,230,534.7239691090243,59.97676570638809,529.7239691090243,54.97676570638809,539.7239691090243,64.9767657063881,1.0
8,231,537.6301946561512,59.37903998204835,532.6301946561512,54.37903998204835,542.6301946561512,64.37903998204834,1.0
8,232,533.9544705304031,59.37496096142803,528.9544705304031,54.37496096142803,538.9544705304031,64.37496096142803,1.0
8,233,530.0397123630274,57.26506075160867,525.0397123630274,52.26506075160867,535.0397123630274,62.26506075160867,1.0
8,234,527.1821268880092,53.769212755052365,522.1821268880092,48.769212755052365,532.1821268880092,58.769212755052365,1.0
8,235,523.7762888461615,52.652290529996996,518.7762888461615,47.652290529996996,528.7762888461615,57.652290529996996,1.0
8,236,528.654143847411,54.0640541627294,523.654143847411,49.0640541627294,533.654143847411,59.0640541627294,1.0
8,237,527.8606066495498,50.193593777485894,522.8606066495498,45.193593777485894,532.8606066495498,55.193593777485894,1.0
8,238,530.6464244226679,47.8934668128731,525.6464244226679,42.8934668128731,535.6464244226679,52.8934668128731,1.0
8,239,529.5597571152726,42.00491412630281,524.5597571152726,37.00491412630281,534.5597571152726,47.00491412630281,1.0
8,240,530.9162111851058,38.53113763695335,525.9162111851058,33.53113763695335,535.9162111851058,43.53113763695335,1.0
8,241,527.44086227006,37.531167201123694,522.44086227006,32.531167201123694,532.44086227006,42.531167201123694,1.0
8,242,530.1595111456612,40.39181918818188,525.1595111456612,35.39181918818188,535.1595111456612,45.39181918818188,1.0
8,243,533.1758918252435,49.62544420903932,528.1758918252435,44.62544420903932,538.1758918252435,54.62544420903932,1.0
8,244,535.4348324446793,53.521810834146216,530.4348324446793,48.521810834146216,540.4348324446793,58.521810834146216,1.0
8,245,541.4131261359513,52.87846785836717,536.4131261359513,47.87846785836717,546.4131261359513,57.87846785836717,1.0
8,246,542.4068333153797,53.23467898578226,537.4068333153797,48.23467898578226,547.4068333153797,58.23467898578226,1.0
8,247,542.9820129708683,53.5323608517694,537.9820129708683,48.5323608517694,547.9820129708683,58.5323608517694,1.0
8,248,543.6834632040143,54.42169264114307,538.6834632040143,49.42169264114307,548.6834632040143,59.42169264114307,1.0
8,249,543.8910677246738,53.97573831531818,538.8910677246738,48.97573831531818,548.8910677246738,58.97573831531818,1.0
8,250,541.9657294930653,56.548981135233305,536.9657294930653,51.548981135233305,546.9657294930653,61.548981135233305,1.0
8,251,537.0494550151805,58.799119178347325,532.0494550151805,53.799119178347325,542.0494550151805,63.799119178347325,1.0
8,252,534.3838543223792,63.90038581152148,529.3838543223792,58.90038581152148,539.3838543223792,68.90038581152149,1.0
8,253,535.6312439704138,65.6061092806765,530.6312439704138,60.606109280676506,540.6312439704138,70.6061092806765,1.0
8,254,535.3920012677419,62.811386654851056,530.3920012677419,57.811386654851056,540.3920012677419,67.81138665485105,1.0
8,255,532.5869317741311,63.47240119433105,527.5869317741311,58.47240119433105,537.5869317741311,68.47240119433104,1.0
8,256,529.6703473955594,67.71902465174199,524.6703473955594,62.71902465174199,534.6703473955594,72.71902465174199,1.0
8,257,526.871868073181,68.41635088315272,521.871868073181,63.41635088315272,531.871868073181,73.41635088315272,1.0
8,258,523.5692785001214,70.01035623539408,518.5692785001214,65.01035623539408,528.5692785001214,75.01035623539408,1.0
8,259,522.6034408858595,64.16992439211111,517.6034408858595,59.16992439211111,527.6034408858595,69.16992439211111,1.0
8,260,521.616424434133,61.24319894706282,516.616424434133,56.24319894706282,526.616424434133,66.24319894706282,1.0
8,261,523.7790779874815,63.4630206604586,518.7790779874815,58.4630206604586,528.7790779874815,68.4630206604586,1.0
8,262,522.5541916640467,63.61620012321456,517.5541916640467,58.61620012321456,527.5541916640467,68.61620012321455,1.0
8,263,518.8625132503096,70.9869594508692,513.8625132503096,65.9869594508692,523.8625132503096,75.9869594508692,1.0
8,264,514.2891870795014,69.32843474180679,509.2891870795014,64.32843474180679,519.2891870795014,74.32843474180679,1.0
8,265,511.8979671637328,68.12354197817075,506.8979671637328,63.12354197817075,516.8979671637328,73.12354197817075,1.0
8,266,508.75880627826007,72.29917347207675,503.75880627826007,67.29917347207675,513.7588062782601,77.29917347207675,1.0
8,267,509.39878596224384,72.123756299748,504.39878596224384,67.123756299748,514.3987859622439,77.123756299748,1.0
8,268,509.0133865689807,76.0577699748211,504.0133865689807,71.0577699748211,514.0133865689806,81.0577699748211,1.0
8,269,504.5476768784674,79.17022126104811,499.5476768784674,74.17022126104811,509.5476768784674,84.17022126104811,1.0
8,270,503.7394399721233,76.62420259765075,498.7394399721233,71.62420259765075,508.7394399721233,81.62420259765075,1.0
8,271,500.5162592204125,78.52269817043376,495.5162592204125,73.52269817043376,505.5162592204125,83.52269817043376,1.0
8,272,499.4598116272333,84.14824625247073,494.4598116272333,79.14824625247073,504.4598116272333,89.14824625247073,1.0
8,273,498.9202870853915,85.49685889914258,493.9202870853915,80.49685889914258,503.9202870853915,90.49685889914258,1.0
8,274,504.24774773418534,90.92454300128627,499.24774773418534,85.92454300128627,509.24774773418534,95.92454300128627,1.0
8,275,503.06511353104594,92.07824140542215,498.06511353104594,87.07824140542215,508.06511353104594,97.07824140542215,1.0
8,276,504.14324685331115,89.76973247965616,499.14324685331115,84.76973247965616,509.14324685331115,94.76973247965616,1.0
8,277,505.53131806562106,93.21099839261004,500.53131806562106,88.21099839261004,510.53131806562106,98.21099839261004,1.0
8,278,509.3116830073021,90.04934865330961,504.3116830073021,85.04934865330961,514.3116830073021,95.04934865330961,1.0
8,279,511.087448148122,86.98155938365583,506.087448148122,81.98155938365583,516.087448148122,91.98155938365583,1.0
8,280,517.2284247827788,85.28048969739184,512.2284247827788,80.28048969739184,522.2284247827788,90.28048969739184,1.0
8,281,516.6074249157815,83.50992146988709,511.6074249157815,78.50992146988709,521.6074249157815,88.50992146988709,1.0
8,282,517.1155598479957,81.23493698917375,512.1155598479957,76.23493698917375,522.1155598479957,86.23493698917375,1.0
8,283,518.3565450579266,76.87358002819805,513.3565450579266,71.87358002819805,523.3565450579266,81.87358002819805,1.0
8,284,520.2467583613578,74.72800380451962,515.2467583613578,69.72800380451962,525.2467583613578,79.72800380451962,1.0
8,285,520.7934799271361,77.13286912675713,515.7934799271361,72.13286912675713,525.7934799271361,82.13286912675713,1.0
8,286,520.3674652483186,74.45217499300117,515.3674652483186,69.45217499300117,525.3674652483186,79.45217499300117,1.0
8,287,522.5942403514508,73.55461285918524,517.5942403514508,68.55461285918524,527.5942403514508,78.55461285918524,1.0
8,288,521.132952074801,76.31040123098475,516.132952074801,71.31040123098475,526.132952074801,81.31040123098475,1.0
8,289,522.1274993535274,75.42189420003072,517.1274993535274,70.42189420003072,527.1274993535274,80.42189420003072,1.0
8,290,519.7348709232061,82.75690148957497,514.7348709232061,77.75690148957497,524.7348709232061,87.75690148957497,1.0
8,291,523.6259090754372,88.03495035422367,518.6259090754372,83.03495035422367,528.6259090754372,93.03495035422367,1.0
8,292,524.9854828816962,90.21545950635503,519.9854828816962,85.21545950635503,529.9854828816962,95.21545950635503,1.0
8,293,523.3584914063277,98.43295371834326,518.3584914063277,93.43295371834326,528.3584914063277,103.43295371834326,1.0
8,294,522.9174447290486,103.45410253387979,517.9174447290486,98.45410253387979,527.9174447290486,108.45410253387979,1.0
8,295,519.440060522325,108.90746672333636,514.440060522325,103.90746672333636,524.440060522325,113.90746672333636,1.0
8,296,519.9559773630481,113.00986599873781,514.9559773630481,108.00986599873781,524.9559773630481,118.00986599873781,1.0
8,297,524.0567542293983,112.86539072105018,519.0567542293983,107.86539072105018,529.0567542293983,117.86539072105018,1.0
8,298,532.9431251970728,110.1500794638461,527.9431251970728,105.1500794638461,537.9431251970728,115.1500794638461,1.0
8,299,531.1898023480373,109.7231067129836,526.1898023480373,104.7231067129836,536.1898023480373,114.7231067129836,1.0
8,300,528.0287016734297,112.5081302788819,523.0287016734297,107.5081302788819,533.0287016734297,117.5081302788819,1.0
8,301,526.1279985092981,114.09355778116348,521.1279985092981,109.09355778116348,531.1279985092981,119.09355778116348,1.0
8,302,529.6686602449862,114.51385159293316,524.6686602449862,109.51385159293316,534.6686602449862,119.51385159293316,1.0
8,303,528.5345439914386,114.1611933466881,523.5345439914386,109.1611933466881,533.5345439914386,119.1611933466881,1.0
8,304,528.1447875802482,111.7380055548357,523.1447875802482,106.7380055548357,533.1447875802482,116.7380055548357,1.0
8,305,529.774252243876,110.883263535775,524.774252243876,105.883263535775,534.774252243876,115.883263535775,1.0
8,306,532.4424185510819,115.80395421233462,527.4424185510819,110.80395421233462,537.4424185510819,120.80395421233462,1.0
8,307,534.3097291471048,119.7875687974554,529.3097291471048,114.7875687974554,539.3097291471048,124.7875687974554,1.0
8,308,529.5000498044997,121.07652131317973,524.5000498044997,116.07652131317973,534.5000498044997,126.07652131317973,1.0
8,309,529.6200076418964,120.5607334378269,524.6200076418964,115.5607334378269,534.6200076418964,125.5607334378269,1.0
8,310,532.4148294448601,125.9014359484396,527.4148294448601,120.9014359484396,537.4148294448601,130.9014359484396,1.0
8,311,534.4335682668036,121.23529698139609,529.4335682668036,116.23529698139609,539.4335682668036,126.23529698139609,1.0
8,312,539.9792308494874,115.4096596269658,534.9792308494874,110.4096596269658,544.9792308494874,120.4096596269658,1.0
8,313,541.1280280122998,114.6584761471075,536.1280280122998,109.6584761471075,546.1280280122998,119.6584761471075,1.0
8,314,542.1090205850181,114.49997813635889,537.1090205850181,109.49997813635889,547.1090205850181,119.49997813635889,1.0
8,315,537.8117276336349,112.13796525193037,532.8117276336349,107.13796525193037,542.8117276336349,117.13796525193037,1.0
8,316,529.8966855512265,113.33569067788837,524.8966855512265,108.33569067788837,534.8966855512265,118.33569067788837,1.0
8,317,526.3746826397114,118.63497497397863,521.3746826397114,113.63497497397863,531.3746826397114,123.63497497397863,1.0
8,318,528.0573551277604,126.76742794649748,523.0573551277604,121.76742794649748,533.0573551277604,131.7674279464975,1.0
8,319,531.2068455521205,127.67278880588651,526.2068455521205,122.67278880588651,536.2068455521205,132.6727888058865,1.0
8,320,530.0574896613392,130.23837582318635,525.0574896613392,125.23837582318635,535.0574896613392,135.23837582318635,1.0
8,321,531.265769476282,133.17279776296755,526.265769476282,128.17279776296755,536.265769476282,138.17279776296755,1.0
8,322,533.2395970070847,134.1870941663667,528.2395970070847,129.1870941663667,538.2395970070847,139.1870941663667,1.0
8,323,533.3697490655157,139.79903693151167,528.3697490655157,134.79903693151167,538.3697490655157,144.79903693151167,1.0
8,324,535.9461956053784,139.878263405798,530.9461956053784,134.878263405798,540.9461956053784,144.878263405798,1.0
8,325,538.754678524197,144.97985126041573,533.754678524197,139.97985126041573,543.754678524197,149.97985126041573,1.0
8,326,535.2889056907331,147.75250850766952,530.2889056907331,142.75250850766952,540.2889056907331,152.75250850766952,1.0
8,327,534.4697007765649,142.43409800510116,529.4697007765649,137.43409800510116,539.4697007765649,147.43409800510116,1.0
8,328,538.8575853072736,143.20713332246237,533.8575853072736,138.20713332246237,543.8575853072736,148.20713332246237,1.0
8,329,538.6073065238478,141.64187062504607,533.6073065238478,136.64187062504607,543.6073065238478,146.64187062504607,1.0
8,330,539.3881505648973,139.06711172779472,534.3881505648973,134.06711172779472,544.3881505648973,144.06711172779472,1.0
8,331,537.3541334481483,141.76578248445273,532.3541334481483,136.76578248445273,542.3541334481483,146.76578248445273,1.0
8,332,539.161306000364,140.89318721932597,534.161306000364,135.89318721932597,544.161306000364,145.89318721932597,1.0
8,333,541.1620125577637,141.19612709822843,536.1620125577637,136.19612709822843,546.1620125577637,146.19612709822843,1.0
8,334,543.144056420744,138.59530850319769,538.144056420744,133.59530850319769,548.144056420744,143.59530850319769,1.0
8,335,546.2055141301581,141.1689502155992,541.2055141301581,136.1689502155992,551.2055141301581,146.1689502155992,1.0
8,336,540.6866353532725,145.1913964724635,535.6866353532725,140.1913964724635,545.6866353532725,150.1913964724635,1.0
8,337,533.6548710932053,154.95555077081085,528.6548710932053,149.95555077081085,538.6548710932053,159.95555077081085,1.0
8,338,528.5184394974298,156.5560334915613,523.5184394974298,151.5560334915613,533.5184394974298,161.5560334915613,1.0
8,339,524.6204215489788,162.90649380447454,519.6204215489788,157.90649380447454,529.6204215489788,167.90649380447454,1.0
8,340,526.9744173378068,165.01985656305786,521.9744173378068,160.01985656305786,531.9744173378068,170.01985656305786,1.0
8,341,529.8827077556989,162.2731081775959,524.8827077556989,157.2731081775959,534.8827077556989,167.2731081775959,1.0
8,342,536.1254137391653,163.99308242772707,531.1254137391653,158.99308242772707,541.1254137391653,168.99308242772707,1.0
8,343,540.9156551635234,164.1607042865861,535.9156551635234,159.1607042865861,545.9156551635234,169.1607042865861,1.0
8,344,544.452964964467,160.14118588533398,539.452964964467,155.14118588533398,549.452964964467,165.14118588533398,1.0
8,345,546.3181174623655,158.8665329465831,541.3181174623655,153.8665329465831,551.3181174623655,163.8665329465831,1.0
8,346,539.9511932532268,161.40239601347037,534.9511932532268,156.40239601347037,544.9511932532268,166.40239601347037,1.0
8,347,535.9821876870463,163.34080862456366,530.9821876870463,158.34080862456366,540.9821876870463,168.34080862456366,1.0
8,348,532.6549946906971,165.61545192371267,527.6549946906971,160.61545192371267,537.6549946906971,170.61545192371267,1.0
8,349,533.2777498089262,169.16257139296388,528.2777498089262,164.16257139296388,538.2777498089262,174.16257139296388,1.0
8,350,538.5019882310183,170.3396450707296,533.5019882310183,165.3396450707296,543.5019882310183,175.3396450707296,1.0
8,351,537.2378102973701,168.9807817752784,532.2378102973701,163.9807817752784,542.2378102973701,173.9807817752784,1.0
8,352,539.2007877969878,174.62139707331718,534.2007877969878,169.62139707331718,544.2007877969878,179.62139707331718,1.0
8,353,544.020051973908,172.20297991312535,539.020051973908,167.20297991312535,549.020051973908,177.20297991312535,1.0
8,354,547.5203533201795,175.48668101040312,542.5203533201795,170.48668101040312,552.5203533201795,180.48668101040312,1.0
8,355,549.9775253567237,180.52724585484813,544.9775253567237,175.52724585484813,554.9775253567237,185.52724585484813,1.0
8,356,553.3570652378314,182.5279200979943,548.3570652378314,177.5279200979943,558.3570652378314,187.5279200979943,1.0
8,357,552.8060426687548,180.76811064150874,547.8060426687548,175.76811064150874,557.8060426687548,185.76811064150874,1.0
8,358,555.6684640306086,180.73821277397812,550.6684640306086,175.73821277397812,560.6684640306086,185.73821277397812,1.0
8,359,554.6505328954795,175.6720540261537,549.6505328954795,170.6720540261537,559.6505328954795,180.6720540261537,1.0
8,360,552.1356338060343,172.65305283626503,547.1356338060343,167.65305283626503,557.1356338060343,177.65305283626503,1.0
8,361,549.3606116019602,170.2466915581388,544.3606116019602,165.2466915581388,554.3606116019602,175.2466915581388,1.0
8,362,546.6999180451679,171.06715266046737,541.6999180451679,166.06715266046737,551.6999180451679,176.06715266046737,1.0
8,363,547.9176773279388,168.55140071299354,542.9176773279388,163.55140071299354,552.9176773279388,173.55140071299354,1.0
8,364,551.6190803372469,166.98465614563992,546.6190803372469,161.98465614563992,556.6190803372469,171.98465614563992,1.0
8,365,552.689676588264,168.53631086172942,547.689676588264,163.53631086172942,557.689676588264,173.53631086172942,1.0
8,366,552.0711893209473,169.3676803410167,547.0711893209473,164.3676803410167,557.0711893209473,174.3676803410167,1.0
8,367,549.1793690803433,169.93081913687502,544.1793690803433,164.93081913687502,554.1793690803433,174.93081913687502,1.0
8,368,551.4912875934447,168.69434997794042,546.4912875934447,163.69434997794042,556.4912875934447,173.69434997794042,1.0
8,369,549.3589520232898,166.4158393413562,544.3589520232898,161.4158393413562,554.3589520232898,171.4158393413562,1.0
8,370,552.8854217567067,171.39282085180733,547.8854217567067,166.39282085180733,557.8854217567067,176.39282085180733,1.0
8,371,551.8725239492848,167.7081293745831,546.8725239492848,162.7081293745831,556.8725239492848,172.7081293745831,1.0
8,372,551.6084468256364,173.13456187233388,546.6084468256364,168.13456187233388,556.6084468256364,178.13456187233388,1.0
8,373,549.4675320484981,170.69920139508383,544.4675320484981,165.69920139508383,554.4675320484981,175.69920139508383,1.0
8,374,547.9888927657151,171.81079159498876,542.9888927657151,166.81079159498876,552.9888927657151,176.81079159498876,1.0
8,375,548.8330692288976,168.99163379745116,543.8330692288976,163.99163379745116,553.8330692288976,173.99163379745116,1.0
8,376,552.2552528114658,161.02218115442093,547.2552528114658,156.02218115442093,557.2552528114658,166.02218115442093,1.0
8,377,548.9474398264682,157.79723752715702,543.9474398264682,152.79723752715702,553.9474398264682,162.79723752715702,1.0
8,378,548.8919090126196,158.16334651331013,543.8919090126196,153.16334651331013,553.8919090126196,163.16334651331013,1.0
8,379,546.3818848789597,155.0235670829999,541.3818848789597,150.0235670829999,551.3818848789597,160.0235670829999,1.0
8,380,542.976976922784,160.47684109999895,537.976976922784,155.47684109999895,547.976976922784,165.47684109999895,1.0
8,381,535.0610190926099,160.9356760724875,530.0610190926099,155.9356760724875,540.0610190926099,165.9356760724875,1.0
8,382,531.0783494112599,156.10620391703725,526.0783494112599,151.10620391703725,536.0783494112599,161.10620391703725,1.0
8,383,528.3357037195672,158.4747986441202,523.3357037195672,153.4747986441202,533.3357037195672,163.4747986441202,1.0
8,384,526.3503900835266,153.30518726737475,521.3503900835266,148.30518726737475,531.3503900835266,158.30518726737475,1.0
8,385,525.0937287026416,153.94480997342322,520.0937287026416,148.94480997342322,530.0937287026416,158.94480997342322,1.0
8,386,527.2573621771049,154.33756401474182,522.2573621771049,149.33756401474182,532.2573621771049,159.33756401474182,1.0
8,387,528.6445982194923,158.14881373944309,523.6445982194923,153.14881373944309,533.6445982194923,163.14881373944309,1.0
8,388,525.2530484098146,157.02138336660312,520.2530484098146,152.02138336660312,530.2530484098146,162.02138336660312,1.0
8,389,525.3597376226129,153.01237018562233,520.3597376226129,148.01237018562233,530.3597376226129,158.01237018562233,1.0
8,390,522.2374063144683,151.31451475784877,517.2374063144683,146.31451475784877,527.2374063144683,156.31451475784877,1.0
8,391,520.8421729132663,151.15893471567787,515.8421729132663,146.15893471567787,525.8421729132663,156.15893471567787,1.0
8,392,522.3915927724557,141.67221851208086,517.3915927724557,136.67221851208086,527.3915927724557,146.67221851208086,1.0
8,393,526.122492928794,140.6324605775672,521.122492928794,135.6324605775672,531.122492928794,145.6324605775672,1.0
8,394,522.1731597290103,138.36751196763464,517.1731597290103,133.36751196763464,527.1731597290103,143.36751196763464,1.0
8,395,518.9786019501254,136.8281447018842,513.9786019501254,131.8281447018842,523.9786019501254,141.8281447018842,1.0
8,396,514.5768402831146,132.62674942932054,509.5768402831146,127.62674942932054,519.5768402831146,137.62674942932054,1.0
8,397,511.2875190774938,134.26986022772914,506.2875190774938,129.26986022772914,516.2875190774938,139.26986022772914,1.0
8,398,506.8044676350224,135.85990964429374,501.8044676350224,130.85990964429374,511.8044676350224,140.85990964429374,1.0
8,399,509.5886161977087,133.17113823740658,504.5886161977087,128.17113823740658,514.5886161977087,138.17113823740658,1.0
8,400,507.8235461436153,130.0395055534325,502.8235461436153,125.03950555343249,512.8235461436153,135.0395055534325,1.0
8,401,513.4939783312041,126.6087513091984,508.49397833120406,121.6087513091984,518.4939783312041,131.6087513091984,1.0
8,402,514.9574206790519,127.06945389481395,509.9574206790519,122.06945389481395,519.9574206790519,132.06945389481393,1.0
8,403,519.8056978426993,124.91264202122525,514.8056978426993,119.91264202122525,524.8056978426993,129.91264202122525,1.0
8,404,523.5661185486716,130.53857073465645,518.5661185486716,125.53857073465645,528.5661185486716,135.53857073465645,1.0
8,405,528.0697750651663,132.4409363663563,523.0697750651663,127.44093636635631,533.0697750651663,137.4409363663563,1.0
8,406,529.7447539336877,134.03151349099898,524.7447539336877,129.03151349099898,534.7447539336877,139.03151349099898,1.0
8,407,527.5909616794316,140.33130605755696,522.5909616794316,135.33130605755696,532.5909616794316,145.33130605755696,1.0
8,408,524.4183334470132,151.09729741962258,519.4183334470132,146.09729741962258,529.4183334470132,156.09729741962258,1.0
8,409,524.8454310608194,154.14817216020828,519.8454310608194,149.14817216020828,529.8454310608194,159.14817216020828,1.0
8,410,525.6602395144012,162.53745642426296,520.6602395144012,157.53745642426296,530.6602395144012,167.53745642426296,1.0
8,411,525.923435205796,165.68792162248587,520.923435205796,160.68792162248587,530.923435205796,170.68792162248587,1.0
8,412,527.8052001190875,163.6492170592005,522.8052001190875,158.6492170592005,532.8052001190875,168.6492170592005,1.0
8,413,529.3518447007347,167.3779392390818,524.3518447007347,162.3779392390818,534.3518447007347,172.3779392390818,1.0
8,414,530.1625771159448,168.89659691936058,525.1625771159448,163.89659691936058,535.1625771159448,173.89659691936058,1.0
8,415,533.4141195226168,171.9292831739151,528.4141195226168,166.9292831739151,538.4141195226168,176.9292831739151,1.0
8,416,531.4608661298446,177.2909065615951,526.4608661298446,172.2909065615951,536.4608661298446,182.2909065615951,1.0
8,417,531.9857804704963,182.9846343410005,526.9857804704963,177.9846343410005,536.9857804704963,187.9846343410005,1.0
8,418,534.6890166622726,184.31529910556563,529.6890166622726,179.31529910556563,539.6890166622726,189.31529910556563,1.0
8,419,538.8267009483405,184.2752303070422,533.8267009483405,179.2752303070422,543.8267009483405,189.2752303070422,1.0
8,420,540.662272099908,184.65198588703507,535.662272099908,179.65198588703507,545.662272099908,189.65198588703507,1.0
8,421,537.152680459773,187.03879910412675,532.152680459773,182.03879910412675,542.152680459773,192.03879910412675,1.0
8,422,532.7261469493836,192.93632163577655,527.7261469493836,187.93632163577655,537.7261469493836,197.93632163577655,1.0
8,423,529.8209751597966,195.55676367405724,524.8209751597966,190.55676367405724,534.8209751597966,200.55676367405724,1.0
8,424,530.6518769540627,188.98503468747867,525.6518769540627,183.98503468747867,535.6518769540627,193.98503468747867,1.0
8,425,530.5940704412751,186.4246051481563,525.5940704412751,181.4246051481563,535.5940704412751,191.4246051481563,1.0
8,426,530.3892191943121,186.1091474344412,525.3892191943121,181.1091474344412,535.3892191943121,191.1091474344412,1.0
8,427,531.9493820776944,190.24639028081864,526.9493820776944,185.24639028081864,536.9493820776944,195.24639028081864,1.0
8,428,534.042832774501,190.010016955002,529.042832774501,185.010016955002,539.042832774501,195.010016955002,1.0
8,429,537.0680154631083,192.29627081945205,532.0680154631083,187.29627081945205,542.0680154631083,197.29627081945205,1.0
8,430,539.9820393669257,193.58719559999105,534.9820393669257,188.58719559999105,544.9820393669257,198.58719559999105,1.0
8,431,537.5349796398915,200.5122089951994,532.5349796398915,195.5122089951994,542.5349796398915,205.5122089951994,1.0
8,432,535.9931725956014,202.50153445461726,530.9931725956014,197.50153445461726,540.9931725956014,207.50153445461726,1.0
8,433,538.9526168414562,208.04899165326165,533.9526168414562,203.04899165326165,543.9526168414562,213.04899165326165,1.0
8,434,548.0338313755864,216.93477672475498,543.0338313755864,211.93477672475498,553.0338313755864,221.93477672475498,1.0
8,435,550.2813358236976,216.4256774271693,545.2813358236976,211.4256774271693,555.2813358236976,221.4256774271693,1.0
8,436,550.7761566803199,221.0747795912318,545.7761566803199,216.0747795912318,555.7761566803199,226.0747795912318,1.0
8,437,552.0213471108408,226.25613129090425,547.0213471108408,221.25613129090425,557.0213471108408,231.25613129090425,1.0
8,438,552.4596730772603,224.8706196281759,547.4596730772603,219.8706196281759,557.4596730772603,229.8706196281759,1.0
8,439,549.334479458336,222.73575155014709,544.334479458336,217.73575155014709,554.334479458336,227.73575155014709,1.0
8,440,551.6688518817714,222.76105701871487,546.6688518817714,217.76105701871487,556.6688518817714,227.76105701871487,1.0
8,441,549.9791453419898,221.95914469197925,544.9791453419898,216.95914469197925,554.9791453419898,226.95914469197925,1.0
8,442,547.9320629439023,218.79963177923773,542.9320629439023,213.79963177923773,552.9320629439023,223.79963177923773,1.0
8,443,548.2822194735395,219.17161499374416,543.2822194735395,214.17161499374416,553.2822194735395,224.17161499374416,1.0
8,444,547.6675364320467,223.90487866677967,542.6675364320467,218.90487866677967,552.6675364320467,228.90487866677967,1.0
8,445,544.9143481907865,228.37403214292007,539.9143481907865,223.37403214292007,549.9143481907865,233.37403214292007,1.0
8,446,550.4008399409933,232.73769356164286,545.4008399409933,227.73769356164286,555.4008399409933,237.73769356164286,1.0
8,447,550.9602835752812,237.97299443568994,545.9602835752812,232.97299443568994,555.9602835752812,242.97299443568994,1.0
8,448,552.9044110127192,239.13309198345726,547.9044110127192,234.13309198345726,557.9044110127192,244.13309198345726,1.0
8,449,552.691671317439,242.52782696013045,547.691671317439,237.52782696013045,557.691671317439,247.52782696013045,1.0
8,450,550.9022770365942,246.72662652379526,545.9022770365942,241.72662652379526,555.9022770365942,251.72662652379526,1.0
8,451,549.6696508852699,247.3173276022297,544.6696508852699,242.3173276022297,554.6696508852699,252.3173276022297,1.0
8,452,545.0569566662956,250.7935805916744,540.0569566662956,245.7935805916744,550.0569566662956,255.7935805916744,1.0
8,453,545.1701566623192,249.3567815968434,540.1701566623192,244.3567815968434,550.1701566623192,254.3567815968434,1.0
8,454,550.0240073959695,253.47757597499094,545.0240073959695,248.47757597499094,555.0240073959695,258.47757597499094,1.0
8,455,544.9704265157227,252.14822016521515,539.9704265157227,247.14822016521515,549.9704265157227,257.14822016521515,1.0
8,456,542.9496201271647,248.65409997202678,537.9496201271647,243.65409997202678,547.9496201271647,253.65409997202678,1.0
8,457,543.7930841495735,247.2174017537413,538.7930841495735,242.2174017537413,548.7930841495735,252.2174017537413,1.0
8,458,542.7919268083552,252.2723319599543,537.7919268083552,247.2723319599543,547.7919268083552,257.2723319599543,1.0
8,459,540.0369000054745,250.98708240837766,535.0369000054745,245.98708240837766,545.0369000054745,255.98708240837766,1.0
8,460,540.0639444046084,255.5447740039057,535.0639444046084,250.5447740039057,545.0639444046084,260.5447740039057,1.0
8,461,538.6993793641888,254.56713153213056,533.6993793641888,249.56713153213056,543.6993793641888,259.5671315321306,1.0
8,462,538.2939771015152,250.4510797910919,533.2939771015152,245.4510797910919,543.2939771015152,255.4510797910919,1.0
8,463,536.7145849013428,255.12903427928282,531.7145849013428,250.12903427928282,541.7145849013428,260.1290342792828,1.0
8,464,538.6093799660377,260.74249052227924,533.6093799660377,255.74249052227924,543.6093799660377,265.74249052227924,1.0
8,465,537.5666427725481,263.306503258097,532.5666427725481,258.306503258097,542.5666427725481,268.306503258097,1.0
8,466,540.1914222658227,265.19555090520157,535.1914222658227,260.19555090520157,545.1914222658227,270.19555090520157,1.0
8,467,541.1956209952845,265.3547543630466,536.1956209952845,260.3547543630466,546.1956209952845,270.3547543630466,1.0
8,468,546.429180195755,263.2980491720356,541.429180195755,258.2980491720356,551.429180195755,268.2980491720356,1.0
8,469,547.8483935889283,268.14178680731067,542.8483935889283,263.14178680731067,552.8483935889283,273.14178680731067,1.0
8,470,547.1590966366426,270.81000532782167,542.1590966366426,265.81000532782167,552.1590966366426,275.81000532782167,1.0
8,471,544.7805702877214,276.5496687484693,539.7805702877214,271.5496687484693,549.7805702877214,281.5496687484693,1.0
8,472,543.1892432239956,275.2996877868557,538.1892432239956,270.2996877868557,548.1892432239956,280.2996877868557,1.0
8,473,546.1658313571319,272.691632340207,541.1658313571319,267.691632340207,551.1658313571319,277.691632340207,1.0
8,474,546.9096277204309,272.77728668318065,541.9096277204309,267.77728668318065,551.9096277204309,277.77728668318065,1.0
8,475,548.4293976355788,271.9504600366413,543.4293976355788,266.9504600366413,553.4293976355788,276.9504600366413,1.0
8,476,548.5886575970718,274.0965492978114,543.5886575970718,269.0965492978114,553.5886575970718,279.0965492978114,1.0
8,477,553.969284107784,275.99388110729797,548.969284107784,270.99388110729797,558.969284107784,280.99388110729797,1.0
8,478,555.8462614321037,280.43167733775846,550.8462614321037,275.43167733775846,560.8462614321037,285.43167733775846,1.0
8,479,554.4751892341642,285.3126138024133,549.4751892341642,280.3126138024133,559.4751892341642,290.3126138024133,1.0
8,480,556.0020166177301,287.16728216508096,551.0020166177301,282.16728216508096,561.0020166177301,292.16728216508096,1.0
8,481,556.3230698761816,288.1394662751906,551.3230698761816,283.1394662751906,561.3230698761816,293.1394662751906,1.0
8,482,560.43905080308,292.1036178232032,555.43905080308,287.1036178232032,565.43905080308,297.1036178232032,1.0
8,483,561.614791213486,294.3000551976877,556.614791213486,289.3000551976877,566.614791213486,299.3000551976877,1.0
8,484,565.1119045345504,297.9111546689279,560.1119045345504,292.9111546689279,570.1119045345504,302.9111546689279,1.0
8,485,564.331756860773,298.6004809451969,559.331756860773,293.6004809451969,569.331756860773,303.6004809451969,1.0
8,486,559.2162454458733,302.30211040049784,554.2162454458733,297.30211040049784,564.2162454458733,307.30211040049784,1.0
8,487,558.6895437404881,302.25527643279946,553.6895437404881,297.25527643279946,563.6895437404881,307.25527643279946,1.0
8,488,557.12811731122,300.02868030064565,552.12811731122,295.02868030064565,562.12811731122,305.02868030064565,1.0
8,489,555.5433686707811,297.53650141147403,550.5433686707811,292.53650141147403,560.5433686707811,302.53650141147403,1.0
8,490,554.9033363178626,293.02425055145693,549.9033363178626,288.02425055145693,559.9033363178626,298.02425055145693,1.0
8,491,554.5116162602326,291.6472033161878,549.5116162602326,286.6472033161878,559.5116162602326,296.6472033161878,1.0
8,492,549.8911273686775,296.8396254935528,544.8911273686775,291.8396254935528,554.8911273686775,301.8396254935528,1.0
8,493,550.175509390282,303.1485155143861,545.175509390282,298.1485155143861,555.175509390282,308.1485155143861,1.0
8,494,548.0664142516141,301.2424313048932,543.0664142516141,296.2424313048932,553.0664142516141,306.2424313048932,1.0
8,495,547.1504197545789,299.34954280485186,542.1504197545789,294.34954280485186,552.1504197545789,304.34954280485186,1.0
8,496,549.9454209500057,303.16291681785845,544.9454209500057,298.16291681785845,554.9454209500057,308.16291681785845,1.0
8,497,553.6858488292222,305.9959043156634,548.6858488292222,300.9959043156634,558.6858488292222,310.9959043156634,1.0
8,498,554.2773918949871,302.97563005035244,549.2773918949871,297.97563005035244,559.2773918949871,307.97563005035244,1.0
8,499,554.0432205022171,299.1359290659883,549.0432205022171,294.1359290659883,559.0432205022171,304.1359290659883,1.0
8,500,548.0323948606276,302.8311084161431,543.0323948606276,297.8311084161431,553.0323948606276,307.8311084161431,1.0
8,501,548.6798231329368,305.20199425788667,543.6798231329368,300.20199425788667,553.6798231329368,310.20199425788667,1.0
8,502,545.7820281169779,300.21381753786443,540.7820281169779,295.21381753786443,550.7820281169779,305.21381753786443,1.0
8,503,543.6654084419338,300.24833062894186,538.6654084419338,295.24833062894186,548.6654084419338,305.24833062894186,1.0
8,504,545.9784825225834,295.95492556509686,540.9784825225834,290.95492556509686,550.9784825225834,300.95492556509686,1.0
8,505,548.2717114078856,299.932263390189,543.2717114078856,294.932263390189,553.2717114078856,304.932263390189,1.0
8,506,547.7180040626424,296.7634160400627,542.7180040626424,291.7634160400627,552.7180040626424,301.7634160400627,1.0
8,507,545.4406953375063,298.2358522721257,540.4406953375063,293.2358522721257,550.4406953375063,303.2358522721257,1.0
8,508,543.4970094923244,303.37478608916985,538.4970094923244,298.37478608916985,548.4970094923244,308.37478608916985,1.0
8,509,545.3780605447871,304.93527934681435,540.3780605447871,299.93527934681435,550.3780605447871,309.93527934681435,1.0
8,510,542.5833812722925,306.7087749666439,537.5833812722925,301.7087749666439,547.5833812722925,311.7087749666439,1.0
8,511,541.8660553766509,314.8441080240084,536.8660553766509,309.8441080240084,546.8660553766509,319.8441080240084,1.0
8,512,542.2726813629359,315.009964720717,537.2726813629359,310.009964720717,547.2726813629359,320.009964720717,1.0
8,513,545.9635246160691,305.6355233891781,540.9635246160691,300.6355233891781,550.9635246160691,310.6355233891781,1.0
8,514,547.2470519625327,299.12781555811335,542.2470519625327,294.12781555811335,552.2470519625327,304.12781555811335,1.0
8,515,542.0718042855306,296.509536959077,537.0718042855306,291.509536959077,547.0718042855306,301.509536959077,1.0
8,516,538.0375427096059,297.8417966936941,533.0375427096059,292.8417966936941,543.0375427096059,302.8417966936941,1.0
8,517,534.9686936281471,295.3293813587844,529.9686936281471,290.3293813587844,539.9686936281471,300.3293813587844,1.0
8,518,533.8346762000361,293.4578090116725,528.8346762000361,288.4578090116725,538.8346762000361,298.4578090116725,1.0
8,519,537.284312337484,296.0400028661559,532.284312337484,291.0400028661559,542.284312337484,301.0400028661559,1.0
8,520,537.897982626327,304.56904344506523,532.897982626327,299.56904344506523,542.897982626327,309.56904344506523,1.0
8,521,540.284206710886,318.3570567853059,535.284206710886,313.3570567853059,545.284206710886,323.3570567853059,1.0
8,522,542.0300248474317,322.84942350600886,537.0300248474317,317.84942350600886,547.0300248474317,327.84942350600886,1.0
8,523,544.1430633658885,326.83868279838697,539.1430633658885,321.83868279838697,549.1430633658885,331.83868279838697,1.0
8,524,540.5998648695924,329.00444045774566,535.5998648695924,324.00444045774566,545.5998648695924,334.00444045774566,1.0
8,525,542.8262495446128,327.904967888461,537.8262495446128,322.904967888461,547.8262495446128,332.904967888461,1.0
8,526,547.8923086619452,324.2044655897861,542.8923086619452,319.2044655897861,552.8923086619452,329.2044655897861,1.0
8,527,554.0266713250176,328.95371762889226,549.0266713250176,323.95371762889226,559.0266713250176,333.95371762889226,1.0
8,528,553.6293068945596,331.7711458960969,548.6293068945596,326.7711458960969,558.6293068945596,336.7711458960969,1.0
8,529,551.3387498187215,335.5232309471449,546.3387498187215,330.5232309471449,556.3387498187215,340.5232309471449,1.0
8,530,552.544756002087,337.8151024319535,547.544756002087,332.8151024319535,557.544756002087,342.8151024319535,1.0
8,531,547.5058950767793,337.6438933333743,542.5058950767793,332.6438933333743,552.5058950767793,342.6438933333743,1.0
8,532,547.9199134670074,336.58525665169975,542.9199134670074,331.58525665169975,552.9199134670074,341.58525665169975,1.0
8,533,548.3151138112884,340.5766655139932,543.3151138112884,335.5766655139932,553.3151138112884,345.5766655139932,1.0
8,534,546.7709680773875,339.77629385027643,541.7709680773875,334.77629385027643,551.7709680773875,344.77629385027643,1.0
8,535,544.9108010244579,341.4774537195264,539.9108010244579,336.4774537195264,549.9108010244579,346.4774537195264,1.0
8,536,548.3868970738487,341.6513969768595,543.3868970738487,336.6513969768595,553.3868970738487,346.6513969768595,1.0
8,537,550.7919898315292,338.2761868702703,545.7919898315292,333.2761868702703,555.7919898315292,343.2761868702703,1.0
8,538,548.2007828190382,330.3668691677747,543.2007828190382,325.3668691677747,553.2007828190382,335.3668691677747,1.0
8,539,544.1385800656637,338.32512726744494,539.1385800656637,333.32512726744494,549.1385800656637,343.32512726744494,1.0
8,540,544.5311709650891,335.3152928385041,539.5311709650891,330.3152928385041,549.5311709650891,340.3152928385041,1.0
8,541,539.5623119454536,335.02604758347013,534.5623119454536,330.02604758347013,544.5623119454536,340.02604758347013,1.0
8,542,533.8764324294415,338.32705779980614,528.8764324294415,333.32705779980614,538.8764324294415,343.32705779980614,1.0
8,543,530.1379507532783,339.42498781278965,525.1379507532783,334.42498781278965,535.1379507532783,344.42498781278965,1.0
8,544,530.0268786970657,339.00762933358675,525.0268786970657,334.00762933358675,535.0268786970657,344.00762933358675,1.0
8,545,527.3586996389063,338.2971551435028,522.3586996389063,333.2971551435028,532.3586996389063,343.2971551435028,1.0
8,546,528.641806397711,337.60661667359216,523.641806397711,332.60661667359216,533.641806397711,342.60661667359216,1.0
8,547,531.3294921002513,332.91034239859835,526.3294921002513,327.91034239859835,536.3294921002513,337.91034239859835,1.0
8,548,531.2591781015077,331.10112149999486,526.2591781015077,326.10112149999486,536.2591781015077,336.10112149999486,1.0
8,549,530.5514000181748,330.3331605964777,525.5514000181748,325.3331605964777,535.5514000181748,335.3331605964777,1.0
8,550,529.8685055359788,331.93581728090896,524.8685055359788,326.93581728090896,534.8685055359788,336.93581728090896,1.0
8,551,532.1953562423029,329.6705625957242,527.1953562423029,324.6705625957242,537.1953562423029,334.6705625957242,1.0
8,552,536.6409252494893,334.50168912080755,531.6409252494893,329.50168912080755,541.6409252494893,339.50168912080755,1.0
8,553,539.4576184006233,339.2914363920661,534.4576184006233,334.2914363920661,544.4576184006233,344.2914363920661,1.0
8,554,538.4719187624094,341.42600211357546,533.4719187624094,336.42600211357546,543.4719187624094,346.42600211357546,1.0
8,555,536.3118698409434,343.0899728136087,531.3118698409434,338.0899728136087,541.3118698409434,348.0899728136087,1.0
8,556,531.8013070652153,344.5146739489299,526.8013070652153,339.5146739489299,536.8013070652153,349.5146739489299,1.0
8,557,527.6249870998035,347.1506442634601,522.6249870998035,342.1506442634601,532.6249870998035,352.1506442634601,1.0
8,558,526.1265495962527,348.8197750053826,521.1265495962527,343.8197750053826,531.1265495962527,353.8197750053826,1.0
8,559,524.744173334711,344.2694966561176,519.744173334711,339.2694966561176,529.744173334711,349.2694966561176,1.0
8,560,526.8754396031294,338.5699892333235,521.8754396031294,333.5699892333235,531.8754396031294,343.5699892333235,1.0
8,561,524.6509039788714,337.77859850434527,519.6509039788714,332.77859850434527,529.6509039788714,342.77859850434527,1.0
8,562,522.0169637527531,330.38146039235716,517.0169637527531,325.38146039235716,527.0169637527531,335.38146039235716,1.0
8,563,523.2827899875838,326.36083274431763,518.2827899875838,321.36083274431763,528.2827899875838,331.36083274431763,1.0
8,564,525.2224798357818,325.7271572353337,520.2224798357818,320.7271572353337,530.2224798357818,330.7271572353337,1.0
8,565,523.6824843925644,327.5595632255202,518.6824843925644,322.5595632255202,528.6824843925644,332.5595632255202,1.0
8,566,523.2296855496141,322.07711599686127,518.2296855496141,317.07711599686127,528.2296855496141,327.07711599686127,1.0
8,567,524.7906760185082,321.9758741911586,519.7906760185082,316.9758741911586,529.7906760185082,326.9758741911586,1.0
8,568,526.4793895437335,319.43682597407496,521.4793895437335,314.43682597407496,531.4793895437335,324.43682597407496,1.0
8,569,524.3026985132676,317.1827633613099,519.3026985132676,312.1827633613099,529.3026985132676,322.1827633613099,1.0
8,570,522.3453606251823,316.00110491382884,517.3453606251823,311.00110491382884,527.3453606251823,321.00110491382884,1.0
8,571,525.0112090684781,317.2368929133168,520.0112090684781,312.2368929133168,530.0112090684781,322.2368929133168,1.0
8,572,525.5816804353133,312.6477318745587,520.5816804353133,307.6477318745587,530.5816804353133,317.6477318745587,1.0
8,573,527.8685114610024,314.7692965363673,522.8685114610024,309.7692965363673,532.8685114610024,319.7692965363673,1.0
8,574,531.7585533797776,311.56174415645575,526.7585533797776,306.56174415645575,536.7585533797776,316.56174415645575,1.0
8,575,527.4355447111458,315.09242436537164,522.4355447111458,310.09242436537164,532.4355447111458,320.09242436537164,1.0
8,576,526.4860504221533,310.05862077060493,521.4860504221533,305.05862077060493,531.4860504221533,315.05862077060493,1.0
8,577,523.1451634599023,312.9514957594667,518.1451634599023,307.9514957594667,528.1451634599023,317.9514957594667,1.0
8,578,521.7142943067153,309.87526497137134,516.7142943067153,304.87526497137134,526.7142943067153,314.87526497137134,1.0
8,579,517.8502066629515,306.44232120413335,512.8502066629515,301.44232120413335,522.8502066629515,311.44232120413335,1.0
8,580,512.3736368167413,299.3410989001966,507.3736368167413,294.3410989001966,517.3736368167413,304.3410989001966,1.0
8,581,513.1629561443997,298.33011982739293,508.1629561443997,293.33011982739293,518.1629561443997,303.33011982739293,1.0
8,582,518.4288611458969,293.0915481127481,513.4288611458969,288.0915481127481,523.4288611458969,298.0915481127481,1.0
8,583,521.8993015158417,291.0058721072409,516.8993015158417,286.0058721072409,526.8993015158417,296.0058721072409,1.0
8,584,522.7277611795,293.9372750627838,517.7277611795,288.9372750627838,527.7277611795,298.9372750627838,1.0
8,585,523.8640324893878,289.91769192611224,518.8640324893878,284.91769192611224,528.8640324893878,294.91769192611224,1.0
8,586,527.603425999,292.32792079498216,522.603425999,287.32792079498216,532.603425999,297.32792079498216,1.0
8,587,528.8036753641152,292.7669546781138,523.8036753641152,287.7669546781138,533.8036753641152,297.7669546781138,1.0
8,588,529.7419752140445,287.6514230293234,524.7419752140445,282.6514230293234,534.7419752140445,292.6514230293234,1.0
8,589,530.6614716535775,282.767645836807,525.6614716535775,277.767645836807,535.6614716535775,287.767645836807,1.0
8,590,529.7064377327487,282.7679533112596,524.7064377327487,277.7679533112596,534.7064377327487,287.7679533112596,1.0
8,591,531.25835431597,280.6973041362213,526.25835431597,275.6973041362213,536.25835431597,285.6973041362213,1.0
8,592,531.8068152760445,280.9550556250082,526.8068152760445,275.9550556250082,536.8068152760445,285.9550556250082,1.0
8,593,534.4205881310893,282.1518845953747,529.4205881310893,277.1518845953747,539.4205881310893,287.1518845953747,1.0
8,594,529.5398205976537,283.24822264957436,524.5398205976537,278.24822264957436,534.5398205976537,288.24822264957436,1.0
8,595,527.4359894298948,280.50459636213134,522.4359894298948,275.50459636213134,532.4359894298948,285.50459636213134,1.0
8,596,518.6664412037036,281.9892233816287,513.6664412037036,276.9892233816287,523.6664412037036,286.9892233816287,1.0
8,597,515.7455203993376,281.0399976060448,510.7455203993376,276.0399976060448,520.7455203993376,286.0399976060448,1.0
8,598,514.1140258971797,284.32544416798174,509.11402589717966,279.32544416798174,519.1140258971797,289.32544416798174,1.0
8,599,514.6016065043416,286.89324973486526,509.6016065043416,281.89324973486526,519.6016065043416,291.89324973486526,1.0
8,600,515.936525384699,291.0849844028894,510.93652538469905,286.0849844028894,520.936525384699,296.0849844028894,1.0
8,601,514.8218124207596,294.28811143433376,509.82181242075956,289.28811143433376,519.8218124207596,299.28811143433376,1.0
8,602,519.2670379259871,301.0944039946478,514.2670379259871,296.0944039946478,524.2670379259871,306.0944039946478,1.0
8,603,519.0627800530492,300.40964123090544,514.0627800530492,295.40964123090544,524.0627800530492,305.40964123090544,1.0
8,604,523.0463307523914,303.5592379111244,518.0463307523914,298.5592379111244,528.0463307523914,308.5592379111244,1.0
8,605,521.2512531431523,302.3398109677844,516.2512531431523,297.3398109677844,526.2512531431523,307.3398109677844,1.0
8,606,517.2098536625348,300.1704164237049,512.2098536625348,295.1704164237049,522.2098536625348,305.1704164237049,1.0
8,607,520.2893294607261,293.90293110319976,515.2893294607261,288.90293110319976,525.2893294607261,298.90293110319976,1.0
8,608,521.8138835103414,296.4519818934955,516.8138835103414,291.4519818934955,526.8138835103414,301.4519818934955,1.0
8,609,524.5384251523916,297.83220480226095,519.5384251523916,292.83220480226095,529.5384251523916,302.83220480226095,1.0
8,610,525.2053437125901,296.7934631087212,520.2053437125901,291.7934631087212,530.2053437125901,301.7934631087212,1.0
8,611,524.051869090575,292.4788791815906,519.051869090575,287.4788791815906,529.051869090575,297.4788791815906,1.0
8,612,523.2258878276556,291.9976169031484,518.2258878276556,286.9976169031484,528.2258878276556,296.9976169031484,1.0
8,613,522.5726407123019,291.60830329703094,517.5726407123019,286.60830329703094,527.5726407123019,296.60830329703094,1.0
8,614,517.908832808355,288.6843977437069,512.908832808355,283.6843977437069,522.908832808355,293.6843977437069,1.0
8,615,516.9280154837215,288.10281073756204,511.92801548372154,283.10281073756204,521.9280154837215,293.10281073756204,1.0
8,616,513.4746616023037,288.16049444654163,508.47466160230374,283.16049444654163,518.4746616023037,293.16049444654163,1.0
8,617,511.8958698254126,292.7917838819655,506.8958698254126,287.7917838819655,516.8958698254125,297.7917838819655,1.0
8,618,514.1761598998005,295.9348537096623,509.1761598998005,290.9348537096623,519.1761598998005,300.9348537096623,1.0
8,619,521.7697481448139,300.61507899985367,516.7697481448139,295.61507899985367,526.7697481448139,305.61507899985367,1.0
8,620,526.0873517643365,307.7069054480034,521.0873517643365,302.7069054480034,531.0873517643365,312.7069054480034,1.0
8,621,529.7011159963565,309.34039344069834,524.7011159963565,304.34039344069834,534.7011159963565,314.34039344069834,1.0
8,622,532.7817896347967,309.2452335402626,527.7817896347967,304.2452335402626,537.7817896347967,314.2452335402626,1.0
8,623,534.7508962370747,303.270436624967,529.7508962370747,298.270436624967,539.7508962370747,308.270436624967,1.0
8,624,539.9745736196718,303.98161092996133,534.9745736196718,298.98161092996133,544.9745736196718,308.98161092996133,1.0
8,625,542.8867151998669,309.2648622333144,537.8867151998669,304.2648622333144,547.8867151998669,314.2648622333144,1.0
8,626,543.1112907445854,310.22351121081897,538.1112907445854,305.22351121081897,548.1112907445854,315.22351121081897,1.0
8,627,542.3364670579197,316.8002531506152,537.3364670579197,311.8002531506152,547.3364670579197,321.8002531506152,1.0
8,628,541.6192309048802,321.9869937983679,536.6192309048802,316.9869937983679,546.6192309048802,326.9869937983679,1.0
8,629,545.0030606110962,321.48438097620726,540.0030606110962,316.48438097620726,550.0030606110962,326.48438097620726,1.0
8,630,547.439312238534,326.73911283982,542.439312238534,321.73911283982,552.439312238534,331.73911283982,1.0
8,631,547.1921486756443,333.5210411710382,542.1921486756443,328.5210411710382,552.1921486756443,338.5210411710382,1.0
8,632,547.9679259930881,334.0196509755935,542.9679259930881,329.0196509755935,552.9679259930881,339.0196509755935,1.0
8,633,547.3199471315328,333.2482919901356,542.3199471315328,328.2482919901356,552.3199471315328,338.2482919901356,1.0
8,634,545.1170985807712,331.04637492167734,540.1170985807712,326.04637492167734,550.1170985807712,336.04637492167734,1.0
8,635,544.912210006435,327.76452535588436,539.912210006435,322.76452535588436,549.912210006435,332.76452535588436,1.0
8,636,547.8223242730825,325.0000835192583,542.8223242730825,320.0000835192583,552.8223242730825,330.0000835192583,1.0
8,637,549.8122461812333,327.4375338765337,544.8122461812333,322.4375338765337,554.8122461812333,332.4375338765337,1.0
8,638,553.6589392380635,331.98118033065873,548.6589392380635,326.98118033065873,558.6589392380635,336.98118033065873,1.0
8,639,553.0472015329166,342.01926970843937,548.0472015329166,337.01926970843937,558.0472015329166,347.01926970843937,1.0
8,640,552.315002387513,347.01083357695535,547.315002387513,342.01083357695535,557.315002387513,352.01083357695535,1.0
8,641,553.6176265894336,353.4370111930542,548.6176265894336,348.4370111930542,558.6176265894336,358.4370111930542,1.0
8,642,555.6693787383223,355.4454771943854,550.6693787383223,350.4454771943854,560.6693787383223,360.4454771943854,1.0
8,643,556.1771882697625,357.2607401419513,551.1771882697625,352.2607401419513,561.1771882697625,362.2607401419513,1.0
8,644,553.4898059591902,356.5317839355546,548.4898059591902,351.5317839355546,558.4898059591902,361.5317839355546,1.0
8,645,549.466689996976,354.9362179223803,544.466689996976,349.9362179223803,554.466689996976,359.9362179223803,1.0
8,646,545.9435204336261,352.5060576388795,540.9435204336261,347.5060576388795,550.9435204336261,357.5060576388795,1.0
8,647,547.4315354702243,349.64769476175593,542.4315354702243,344.64769476175593,552.4315354702243,354.64769476175593,1.0
8,648,548.500039959499,352.44305680858815,543.500039959499,347.44305680858815,553.500039959499,357.44305680858815,1.0
8,649,552.0041449111857,355.5221789801697,547.0041449111857,350.5221789801697,557.0041449111857,360.5221789801697,1.0
8,650,551.6248328178812,357.8738713042897,546.6248328178812,352.8738713042897,556.6248328178812,362.8738713042897,1.0
8,651,550.6504558358761,361.7302102304627,545.6504558358761,356.7302102304627,555.6504558358761,366.7302102304627,1.0
8,652,553.9599569893405,361.80586587516916,548.9599569893405,356.80586587516916,558.9599569893405,366.80586587516916,1.0
8,653,555.0951790738048,360.1673812099651,550.0951790738048,355.1673812099651,560.0951790738048,365.1673812099651,1.0
8,654,554.0815212306871,360.7695307611544,549.0815212306871,355.7695307611544,559.0815212306871,365.7695307611544,1.0
8,655,558.3750848167425,358.6396852749513,553.3750848167425,353.6396852749513,563.3750848167425,363.6396852749513,1.0
8,656,564.2218075729518,357.9026210236889,559.2218075729518,352.9026210236889,569.2218075729518,362.9026210236889,1.0
8,657,562.4906612148609,358.35962759862826,557.4906612148609,353.35962759862826,567.4906612148609,363.35962759862826,1.0
8,658,561.5107571086766,354.18333983882593,556.5107571086766,349.18333983882593,566.5107571086766,359.18333983882593,1.0
8,659,560.1078549936774,349.4073357715878,555.1078549936774,344.4073357715878,565.1078549936774,354.4073357715878,1.0
8,660,560.0926590560384,348.2031028183672,555.0926590560384,343.2031028183672,565.0926590560384,353.2031028183672,1.0
8,661,557.9411734862491,340.09713734782974,552.9411734862491,335.09713734782974,562.9411734862491,345.09713734782974,1.0
8,662,557.4931543437561,337.48548533100404,552.4931543437561,332.48548533100404,562.4931543437561,342.48548533100404,1.0
8,663,554.8642421940853,337.6601758907999,549.8642421940853,332.6601758907999,559.8642421940853,342.6601758907999,1.0
8,664,555.1035085769096,341.4037466816349,550.1035085769096,336.4037466816349,560.1035085769096,346.4037466816349,1.0
8,665,552.3279422678088,346.756500140537,547.3279422678088,341.756500140537,557.3279422678088,351.756500140537,1.0
8,666,555.4989640641554,351.641647024218,550.4989640641554,346.641647024218,560.4989640641554,356.641647024218,1.0
8,667,552.573098084814,357.80614011143234,547.573098084814,352.80614011143234,557.573098084814,362.80614011143234,1.0
8,668,550.514122767386,363.71969128577723,545.514122767386,358.71969128577723,555.514122767386,368.71969128577723,1.0
8,669,550.8984232373932,363.3164289001067,545.8984232373932,358.3164289001067,555.8984232373932,368.3164289001067,1.0
8,670,549.3847798091052,372.51292004155437,544.3847798091052,367.51292004155437,554.3847798091052,377.51292004155437,1.0
8,671,545.7706926388915,377.60993775837426,540.7706926388915,372.60993775837426,550.7706926388915,382.60993775837426,1.0
8,719,547.6784427742144,378.96428446913325,542.6784427742144,373.96428446913325,552.6784427742144,383.96428446913325,1.0
8,720,551.3335704612123,378.0243910122584,546.3335704612123,373.0243910122584,556.3335704612123,383.0243910122584,1.0
8,721,546.0799643965963,372.75440716394456,541.0799643965963,367.75440716394456,551.0799643965963,377.75440716394456,1.0
8,722,543.103085168357,369.79730609933034,538.103085168357,364.79730609933034,548.103085168357,374.79730609933034,1.0
8,723,541.8118342778945,371.40142244360715,536.8118342778945,366.40142244360715,546.8118342778945,376.40142244360715,1.0
8,724,540.5295733363597,368.4663803206257,535.5295733363597,363.4663803206257,545.5295733363597,373.4663803206257,1.0
8,725,537.8460167849323,369.95192767347567,532.8460167849323,364.95192767347567,542.8460167849323,374.95192767347567,1.0
8,726,535.5884150856397,371.2172899542131,530.5884150856397,366.2172899542131,540.5884150856397,376.2172899542131,1.0
8,727,525.9017192969153,372.0009512079588,520.9017192969153,367.0009512079588,530.9017192969153,377.0009512079588,1.0
8,728,517.1659716426456,383.0254992615424,512.1659716426456,378.0254992615424,522.1659716426456,388.0254992615424,1.0
8,729,515.5958542061024,383.0083072820235,510.59585420610244,378.0083072820235,520.5958542061024,388.0083072820235,1.0
8,730,510.1843398788002,382.85657584947944,505.1843398788002,377.85657584947944,515.1843398788002,387.85657584947944,1.0
8,731,512.8658609420376,382.2366543173615,507.86586094203756,377.2366543173615,517.8658609420376,387.2366543173615,1.0
8,732,517.6834774459982,382.9984777104297,512.6834774459982,377.9984777104297,522.6834774459982,387.9984777104297,1.0
8,733,519.1295381997693,384.2134165628762,514.1295381997693,379.2134165628762,524.1295381997693,389.2134165628762,1.0
8,734,518.7449750384302,386.44991391257463,513.7449750384302,381.44991391257463,523.7449750384302,391.44991391257463,1.0
8,735,516.7560450592664,383.9767755964849,511.7560450592664,378.9767755964849,521.7560450592664,388.9767755964849,1.0
8,736,515.2333109487555,377.1822121377621,510.2333109487555,372.1822121377621,520.2333109487555,382.1822121377621,1.0
8,737,516.170834129343,369.52315516531246,511.170834129343,364.52315516531246,521.170834129343,374.52315516531246,1.0
8,738,520.1380769804398,370.83693751256357,515.1380769804398,365.83693751256357,525.1380769804398,375.83693751256357,1.0
8,739,519.4382377840328,373.9503947917912,514.4382377840328,368.9503947917912,524.4382377840328,378.9503947917912,1.0
8,740,522.260228258095,379.831804073985,517.260228258095,374.831804073985,527.260228258095,384.831804073985,1.0
8,741,519.5041898395368,379.73066225257617,514.5041898395368,374.73066225257617,524.5041898395368,384.73066225257617,1.0
8,742,519.7782830526013,382.9620208083031,514.7782830526013,377.9620208083031,524.7782830526013,387.9620208083031,1.0
8,743,521.0484261408204,378.95350948639185,516.0484261408204,373.95350948639185,526.0484261408204,383.95350948639185,1.0
8,744,519.3476435814623,381.4799461139121,514.3476435814623,376.4799461139121,524.3476435814623,386.4799461139121,1.0
8,745,520.2738061071932,381.61879040881877,515.2738061071932,376.61879040881877,525.2738061071932,386.61879040881877,1.0
8,746,523.1435726123867,377.70982428707896,518.1435726123867,372.70982428707896,528.1435726123867,382.70982428707896,1.0
8,747,522.49957902733,377.2729626849819,517.49957902733,372.2729626849819,527.49957902733,382.2729626849819,1.0
8,748,524.1476673012338,382.3478257272947,519.1476673012338,377.3478257272947,529.1476673012338,387.3478257272947,1.0
