track_id,frame,cx,cy,x1,y1,x2,y2,conf
1,0,392.0,90.0,387.0,85.0,397.0,95.0,1.0
1,1,392.0,90.0,387.0,85.0,397.0,95.0,1.0
1,2,392.0,90.0,387.0,85.0,397.0,95.0,1.0
1,3,392.0,90.0,387.0,85.0,397.0,95.0,1.0
1,4,392.0,90.0,387.0,85.0,397.0,95.0,1.0
1,5,392.0,90.0,387.0,85.0,397.0,95.0,1.0
1,6,392.0,90.0,387.0,85.0,397.0,95.0,1.0
1,7,392.0,90.0,387.0,85.0,397.0,95.0,1.0
1,8,392.0,90.0,387.0,85.0,397.0,95.0,1.0
1,9,392.0,90.0,387.0,85.0,397.0,95.0,1.0
1,10,392.0,90.0,387.0,85.0,397.0,95.0,1.0
1,11,392.0,90.0,387.0,85.0,397.0,95.0,1.0
1,12,392.0,90.0,387.0,85.0,397.0,95.0,1.0
1,13,392.0,90.0,387.0,85.0,397.0,95.0,1.0
1,14,392.0,90.0,387.0,85.0,397.0,95.0,1.0
1,15,392.0,90.0,387.0,85.0,397.0,95.0,1.0
1,16,392.0,90.0,387.0,85.0,397.0,95.0,1.0
1,17,392.0,90.0,387.0,85.0,397.0,95.0,1.0
1,18,392.0,90.0,387.0,85.0,397.0,95.0,1.0
1,19,392.0,90.0,387.0,85.0,397.0,95.0,1.0
1,20,392.0,90.0,387.0,85.0,397.0,95.0,1.0
1,21,392.0,90.0,387.0,85.0,397.0,95.0,1.0
1,22,392.0,90.0,387.0,85.0,397.0,95.0,1.0
1,23,392.0,90.0,387.0,85.0,397.0,95.0,1.0
1,24,392.0,90.0,387.0,85.0,397.0,95.0,1.0
1,25,392.0,90.0,387.0,85.0,397.0,95.0,1.0
1,26,392.0,90.0,387.0,85.0,397.0,95.0,1.0
1,27,392.0,90.0,387.0,85.0,397.0,95.0,1.0
1,28,392.0,90.0,387.0,85.0,397.0,95.0,1.0
1,29,392.0,90.0,387.0,85.0,397.0,95.0,1.0
1,30,392.0,90.0,387.0,85.0,397.0,95.0,1.0
1,31,392.0,90.0,387.0,85.0,397.0,95.0,1.0
1,32,392.0,90.0,387.0,85.0,397.0,95.0,1.0
1,33,392.0,90.0,387.0,85.0,397.0,95.0,1.0
1,34,392.0,90.0,387.0,85.0,397.0,95.0,1.0
1,35,392.0,90.0,387.0,85.0,397.0,95.0,1.0
1,36,392.0,90.0,387.0,85.0,397.0,95.0,1.0
1,37,392.0,90.0,387.0,85.0,397.0,95.0,1.0
1,38,392.0,90.0,387.0,85.0,397.0,95.0,1.0
1,39,392.0,90.0,387.0,85.0,397.0,95.0,1.0
1,40,392.0,90.0,387.0,85.0,397.0,95.0,1.0
1,41,392.0,90.0,387.0,85.0,397.0,95.0,1.0
1,42,392.0,90.0,387.0,85.0,397.0,95.0,1.0
1,43,392.0,90.0,387.0,85.0,397.0,95.0,1.0
1,44,392.0,90.0,387.0,85.0,397.0,95.0,1.0
1,45,392.0,90.0,387.0,85.0,397.0,95.0,1.0
1,46,392.0,90.0,387.0,85.0,397.0,95.0,1.0
1,47,392.0,90.0,387.0,85.0,397.0,95.0,1.0
1,48,392.0,90.0,387.0,85.0,397.0,95.0,1.0
1,49,392.0,90.0,387.0,85.0,397.0,95.0,1.0
1,50,392.0,90.0,387.0,85.0,397.0,95.0,1.0
1,51,392.0,90.0,387.0,85.0,397.0,95.0,1.0
1,52,392.0,90.0,387.0,85.0,397.0,95.0,1.0
1,53,392.0,90.0,387.0,85.0,397.0,95.0,1.0
1,54,392.0,90.0,387.0,85.0,397.0,95.0,1.0
1,55,392.0,90.0,387.0,85.0,397.0,95.0,1.0
1,56,392.0,90.0,387.0,85.0,397.0,95.0,1.0
1,57,392.0,90.0,387.0,85.0,397.0,95.0,1.0
1,58,392.0,90.0,387.0,85.0,397.0,95.0,1.0
1,59,392.0,90.0,387.0,85.0,397.0,95.0,1.0
1,60,392.0,90.0,387.0,85.0,397.0,95.0,1.0
1,61,392.0,90.0,387.0,85.0,397.0,95.0,1.0
1,62,392.0,90.0,387.0,85.0,397.0,95.0,1.0
1,63,392.0,90.0,387.0,85.0,397.0,95.0,1.0
1,64,392.0,90.0,387.0,85.0,397.0,95.0,1.0
1,65,392.0,90.0,387.0,85.0,397.0,95.0,1.0
1,66,392.0,90.0,387.0,85.0,397.0,95.0,1.0
1,67,392.0,90.0,387.0,85.0,397.0,95.0,1.0
1,68,392.0,90.0,387.0,85.0,397.0,95.0,1.0
1,69,392.0,90.0,387.0,85.0,397.0,95.0,1.0
1,70,392.0,90.0,387.0,85.0,397.0,95.0,1.0
1,71,392.0,90.0,387.0,85.0,397.0,95.0,1.0
1,72,392.0,90.0,387.0,85.0,397.0,95.0,1.0
1,73,392.0,90.0,387.0,85.0,397.0,95.0,1.0
1,74,392.0,90.0,387.0,85.0,397.0,95.0,1.0
1,75,392.0,90.0,387.0,85.0,397.0,95.0,1.0
1,76,392.0,90.0,387.0,85.0,397.0,95.0,1.0
1,77,392.0,90.0,387.0,85.0,397.0,95.0,1.0
1,78,392.0,90.0,387.0,85.0,397.0,95.0,1.0
1,79,392.0,90.0,387.0,85.0,397.0,95.0,1.0
1,80,392.0,90.0,387.0,85.0,397.0,95.0,1.0
1,81,392.0,90.0,387.0,85.0,397.0,95.0,1.0
1,82,392.0,90.0,387.0,85.0,397.0,95.0,1.0
1,83,392.0,90.0,387.0,85.0,397.0,95.0,1.0
1,84,392.0,90.0,387.0,85.0,397.0,95.0,1.0
1,85,392.0,90.0,387.0,85.0,397.0,95.0,1.0
1,86,392.0,90.0,387.0,85.0,397.0,95.0,1.0
1,87,392.0,90.0,387.0,85.0,397.0,95.0,1.0
1,88,392.0,90.0,387.0,85.0,397.0,95.0,1.0
1,89,392.0,90.0,387.0,85.0,397.0,95.0,1.0
1,90,392.0,90.0,387.0,85.0,397.0,95.0,1.0
1,91,392.0,90.0,387.0,85.0,397.0,95.0,1.0
1,92,392.0,90.0,387.0,85.0,397.0,95.0,1.0
1,93,392.0,90.0,387.0,85.0,397.0,95.0,1.0
1,94,392.0,90.0,387.0,85.0,397.0,95.0,1.0
1,95,392.0,90.0,387.0,85.0,397.0,95.0,1.0
1,96,392.0,90.0,387.0,85.0,397.0,95.0,1.0
1,97,392.0,90.0,387.0,85.0,397.0,95.0,1.0
1,98,392.0,90.0,387.0,85.0,397.0,95.0,1.0
1,99,392.0,90.0,387.0,85.0,397.0,95.0,1.0
1,100,392.0,90.0,387.0,85.0,397.0,95.0,1.0
1,101,392.0,90.0,387.0,85.0,397.0,95.0,1.0
1,102,392.0,90.0,387.0,85.0,397.0,95.0,1.0
1,103,392.0,90.0,387.0,85.0,397.0,95.0,1.0
1,104,392.0,90.0,387.0,85.0,397.0,95.0,1.0
1,105,392.0,90.0,387.0,85.0,397.0,95.0,1.0
1,106,392.0,90.0,387.0,85.0,397.0,95.0,1.0
1,107,392.0,90.0,387.0,85.0,397.0,95.0,1.0
1,108,392.0,90.0,387.0,85.0,397.0,95.0,1.0
1,109,392.0,90.0,387.0,85.0,397.0,95.0,1.0
1,110,392.0,90.0,387.0,85.0,397.0,95.0,1.0
1,111,392.0,90.0,387.0,85.0,397.0,95.0,1.0
1,112,392.0,90.0,387.0,85.0,397.0,95.0,1.0
1,113,392.0,90.0,387.0,85.0,397.0,95.0,1.0
1,114,392.0,90.0,387.0,85.0,397.0,95.0,1.0
1,115,392.0,90.0,387.0,85.0,397.0,95.0,1.0
1,116,392.0,90.0,387.0,85.0,397.0,95.0,1.0
1,117,392.0,90.0,387.0,85.0,397.0,95.0,1.0
1,118,392.0,90.0,387.0,85.0,397.0,95.0,1.0
1,119,392.0,90.0,387.0,85.0,397.0,95.0,1.0
1,120,392.0,90.0,387.0,85.0,397.0,95.0,1.0
1,121,392.0,90.0,387.0,85.0,397.0,95.0,1.0
1,122,392.0,90.0,387.0,85.0,397.0,95.0,1.0
1,123,392.0,90.0,387.0,85.0,397.0,95.0,1.0
1,124,392.0,90.0,387.0,85.0,397.0,95.0,1.0
1,125,392.0,90.0,387.0,85.0,397.0,95.0,1.0
1,126,392.0,90.0,387.0,85.0,397.0,95.0,1.0
1,127,392.0,90.0,387.0,85.0,397.0,95.0,1.0
1,128,392.0,90.0,387.0,85.0,397.0,95.0,1.0
1,129,392.0,90.0,387.0,85.0,397.0,95.0,1.0
1,130,392.0,90.0,387.0,85.0,397.0,95.0,1.0
1,131,392.0,90.0,387.0,85.0,397.0,95.0,1.0
1,132,392.0,90.0,387.0,85.0,397.0,95.0,1.0
1,133,392.0,90.0,387.0,85.0,397.0,95.0,1.0
1,134,392.0,90.0,387.0,85.0,397.0,95.0,1.0
1,135,392.0,90.0,387.0,85.0,397.0,95.0,1.0
1,136,392.0,90.0,387.0,85.0,397.0,95.0,1.0
1,137,392.0,90.0,387.0,85.0,397.0,95.0,1.0
1,138,392.0,90.0,387.0,85.0,397.0,95.0,1.0
1,139,392.0,90.0,387.0,85.0,397.0,95.0,1.0
1,140,392.0,90.0,387.0,85.0,397.0,95.0,1.0
1,141,392.0,90.0,387.0,85.0,397.0,95.0,1.0
1,142,392.0,90.0,387.0,85.0,397.0,95.0,1.0
1,143,392.0,90.0,387.0,85.0,397.0,95.0,1.0
1,144,392.0,90.0,387.0,85.0,397.0,95.0,1.0
1,145,392.0,90.0,387.0,85.0,397.0,95.0,1.0
1,146,392.0,90.0,387.0,85.0,397.0,95.0,1.0
1,147,392.0,90.0,387.0,85.0,397.0,95.0,1.0
1,148,392.0,90.0,387.0,85.0,397.0,95.0,1.0
1,149,392.0,90.0,387.0,85.0,397.0,95.0,1.0
1,150,392.0,90.0,387.0,85.0,397.0,95.0,1.0
1,151,392.0,90.0,387.0,85.0,397.0,95.0,1.0
1,152,392.0,90.0,387.0,85.0,397.0,95.0,1.0
1,153,392.0,90.0,387.0,85.0,397.0,95.0,1.0
1,154,392.0,90.0,387.0,85.0,397.0,95.0,1.0
1,155,392.0,90.0,387.0,85.0,397.0,95.0,1.0
1,156,392.0,90.0,387.0,85.0,397.0,95.0,1.0
1,157,392.0,90.0,387.0,85.0,397.0,95.0,1.0
1,158,392.0,90.0,387.0,85.0,397.0,95.0,1.0
1,159,392.0,90.0,387.0,85.0,397.0,95.0,1.0
1,160,392.0,90.0,387.0,85.0,397.0,95.0,1.0
1,161,392.0,90.0,387.0,85.0,397.0,95.0,1.0
1,162,392.0,90.0,387.0,85.0,397.0,95.0,1.0
1,163,392.0,90.0,387.0,85.0,397.0,95.0,1.0
1,164,392.0,90.0,387.0,85.0,397.0,95.0,1.0
1,165,392.0,90.0,387.0,85.0,397.0,95.0,1.0
1,166,392.0,90.0,387.0,85.0,397.0,95.0,1.0
1,167,392.0,90.0,387.0,85.0,397.0,95.0,1.0
1,168,392.0,90.0,387.0,85.0,397.0,95.0,1.0
1,169,392.0,90.0,387.0,85.0,397.0,95.0,1.0
1,170,392.0,90.0,387.0,85.0,397.0,95.0,1.0
1,171,392.0,90.0,387.0,85.0,397.0,95.0,1.0
1,172,392.0,90.0,387.0,85.0,397.0,95.0,1.0
1,173,392.0,90.0,387.0,85.0,397.0,95.0,1.0
1,174,392.0,90.0,387.0,85.0,397.0,95.0,1.0
1,175,392.0,90.0,387.0,85.0,397.0,95.0,1.0
1,176,392.0,90.0,387.0,85.0,397.0,95.0,1.0
1,177,392.0,90.0,387.0,85.0,397.0,95.0,1.0
1,178,392.0,90.0,387.0,85.0,397.0,95.0,1.0
1,179,392.0,90.0,387.0,85.0,397.0,95.0,1.0
1,180,392.0,90.0,387.0,85.0,397.0,95.0,1.0
1,181,392.0,90.0,387.0,85.0,397.0,95.0,1.0
1,182,392.0,90.0,387.0,85.0,397.0,95.0,1.0
1,183,392.0,90.0,387.0,85.0,397.0,95.0,1.0
1,184,392.0,90.0,387.0,85.0,397.0,95.0,1.0
1,185,392.0,90.0,387.0,85.0,397.0,95.0,1.0
1,186,392.0,90.0,387.0,85.0,397.0,95.0,1.0
1,187,392.0,90.0,387.0,85.0,397.0,95.0,1.0
1,188,392.0,90.0,387.0,85.0,397.0,95.0,1.0
1,189,392.0,90.0,387.0,85.0,397.0,95.0,1.0
1,190,392.0,90.0,387.0,85.0,397.0,95.0,1.0
1,191,392.0,90.0,387.0,85.0,397.0,95.0,1.0
1,192,392.0,90.0,387.0,85.0,397.0,95.0,1.0
1,193,392.0,90.0,387.0,85.0,397.0,95.0,1.0
1,194,392.0,90.0,387.0,85.0,397.0,95.0,1.0
1,195,392.0,90.0,387.0,85.0,397.0,95.0,1.0
1,196,392.0,90.0,387.0,85.0,397.0,95.0,1.0
1,197,392.0,90.0,387.0,85.0,397.0,95.0,1.0
1,198,392.0,90.0,387.0,85.0,397.0,95.0,1.0
1,199,392.0,90.0,387.0,85.0,397.0,95.0,1.0
1,200,392.0,90.0,387.0,85.0,397.0,95.0,1.0
1,201,392.0,90.0,387.0,85.0,397.0,95.0,1.0
1,202,392.0,90.0,387.0,85.0,397.0,95.0,1.0
1,203,392.0,90.0,387.0,85.0,397.0,95.0,1.0
1,204,392.0,90.0,387.0,85.0,397.0,95.0,1.0
1,205,392.0,90.0,387.0,85.0,397.0,95.0,1.0
1,206,392.0,90.0,387.0,85.0,397.0,95.0,1.0
1,207,392.0,90.0,387.0,85.0,397.0,95.0,1.0
1,208,392.0,90.0,387.0,85.0,397.0,95.0,1.0
1,209,392.0,90.0,387.0,85.0,397.0,95.0,1.0
1,210,392.0,90.0,387.0,85.0,397.0,95.0,1.0
1,211,392.0,90.0,387.0,85.0,397.0,95.0,1.0
1,212,392.0,90.0,387.0,85.0,397.0,95.0,1.0
1,213,392.0,90.0,387.0,85.0,397.0,95.0,1.0
1,214,392.0,90.0,387.0,85.0,397.0,95.0,1.0
1,215,392.0,90.0,387.0,85.0,397.0,95.0,1.0
1,216,392.0,90.0,387.0,85.0,397.0,95.0,1.0
1,217,392.0,90.0,387.0,85.0,397.0,95.0,1.0
1,218,392.0,90.0,387.0,85.0,397.0,95.0,1.0
1,219,392.0,90.0,387.0,85.0,397.0,95.0,1.0
1,220,392.0,90.0,387.0,85.0,397.0,95.0,1.0
1,221,392.0,90.0,387.0,85.0,397.0,95.0,1.0
1,222,392.0,90.0,387.0,85.0,397.0,95.0,1.0
1,223,392.0,90.0,387.0,85.0,397.0,95.0,1.0
1,224,392.0,90.0,387.0,85.0,397.0,95.0,1.0
1,225,392.0,90.0,387.0,85.0,397.0,95.0,1.0
1,226,392.0,90.0,387.0,85.0,397.0,95.0,1.0
1,227,392.0,90.0,387.0,85.0,397.0,95.0,1.0
1,228,392.0,90.0,387.0,85.0,397.0,95.0,1.0
1,229,392.0,90.0,387.0,85.0,397.0,95.0,1.0
1,230,392.0,90.0,387.0,85.0,397.0,95.0,1.0
1,231,392.0,90.0,387.0,85.0,397.0,95.0,1.0
1,232,392.0,90.0,387.0,85.0,397.0,95.0,1.0
1,233,392.0,90.0,387.0,85.0,397.0,95.0,1.0
1,234,392.0,90.0,387.0,85.0,397.0,95.0,1.0
1,235,392.0,90.0,387.0,85.0,397.0,95.0,1.0
1,236,392.0,90.0,387.0,85.0,397.0,95.0,1.0
1,237,392.0,90.0,387.0,85.0,397.0,95.0,1.0
1,238,392.0,90.0,387.0,85.0,397.0,95.0,1.0
1,239,392.0,90.0,387.0,85.0,397.0,95.0,1.0
1,240,392.0,90.0,387.0,85.0,397.0,95.0,1.0
1,241,392.0,90.0,387.0,85.0,397.0,95.0,1.0
1,242,392.0,90.0,387.0,85.0,397.0,95.0,1.0
1,243,392.0,90.0,387.0,85.0,397.0,95.0,1.0
1,244,392.0,90.0,387.0,85.0,397.0,95.0,1.0
1,245,392.0,90.0,387.0,85.0,397.0,95.0,1.0
1,246,392.0,90.0,387.0,85.0,397.0,95.0,1.0
1,247,392.0,90.0,387.0,85.0,397.0,95.0,1.0
1,248,392.0,90.0,387.0,85.0,397.0,95.0,1.0
1,249,392.0,90.0,387.0,85.0,397.0,95.0,1.0
1,250,392.0,90.0,387.0,85.0,397.0,95.0,1.0
1,251,392.0,90.0,387.0,85.0,397.0,95.0,1.0
1,252,392.0,90.0,387.0,85.0,397.0,95.0,1.0
1,253,392.0,90.0,387.0,85.0,397.0,95.0,1.0
1,254,392.0,90.0,387.0,85.0,397.0,95.0,1.0
1,255,392.0,90.0,387.0,85.0,397.0,95.0,1.0
1,256,392.0,90.0,387.0,85.0,397.0,95.0,1.0
1,257,392.0,90.0,387.0,85.0,397.0,95.0,1.0
1,258,392.0,90.0,387.0,85.0,397.0,95.0,1.0
1,259,392.0,90.0,387.0,85.0,397.0,95.0,1.0
1,260,392.0,90.0,387.0,85.0,397.0,95.0,1.0
1,261,392.0,90.0,387.0,85.0,397.0,95.0,1.0
1,262,392.0,90.0,387.0,85.0,397.0,95.0,1.0
1,263,392.0,90.0,387.0,85.0,397.0,95.0,1.0
1,264,392.0,90.0,387.0,85.0,397.0,95.0,1.0
1,265,392.0,90.0,387.0,85.0,397.0,95.0,1.0
1,266,392.0,90.0,387.0,85.0,397.0,95.0,1.0
1,267,392.0,90.0,387.0,85.0,397.0,95.0,1.0
1,268,392.0,90.0,387.0,85.0,397.0,95.0,1.0
1,269,392.0,90.0,387.0,85.0,397.0,95.0,1.0
1,270,392.0,90.0,387.0,85.0,397.0,95.0,1.0
1,271,392.0,90.0,387.0,85.0,397.0,95.0,1.0
1,272,392.0,90.0,387.0,85.0,397.0,95.0,1.0
1,273,392.0,90.0,387.0,85.0,397.0,95.0,1.0
1,274,392.0,90.0,387.0,85.0,397.0,95.0,1.0
1,275,392.0,90.0,387.0,85.0,397.0,95.0,1.0
1,276,392.0,90.0,387.0,85.0,397.0,95.0,1.0
1,277,392.0,90.0,387.0,85.0,397.0,95.0,1.0
1,278,392.0,90.0,387.0,85.0,397.0,95.0,1.0
1,279,392.0,90.0,387.0,85.0,397.0,95.0,1.0
1,280,392.0,90.0,387.0,85.0,397.0,95.0,1.0
1,281,392.0,90.0,387.0,85.0,397.0,95.0,1.0
1,282,392.0,90.0,387.0,85.0,397.0,95.0,1.0
1,283,392.0,90.0,387.0,85.0,397.0,95.0,1.0
1,284,392.0,90.0,387.0,85.0,397.0,95.0,1.0
1,285,392.0,90.0,387.0,85.0,397.0,95.0,1.0
1,286,392.0,90.0,387.0,85.0,397.0,95.0,1.0
1,287,392.0,90.0,387.0,85.0,397.0,95.0,1.0
1,288,392.0,90.0,387.0,85.0,397.0,95.0,1.0
1,289,392.0,90.0,387.0,85.0,397.0,95.0,1.0
1,290,392.0,90.0,387.0,85.0,397.0,95.0,1.0
1,291,392.0,90.0,387.0,85.0,397.0,95.0,1.0
1,292,392.0,90.0,387.0,85.0,397.0,95.0,1.0
1,293,392.0,90.0,387.0,85.0,397.0,95.0,1.0
1,294,392.0,90.0,387.0,85.0,397.0,95.0,1.0
1,295,392.0,90.0,387.0,85.0,397.0,95.0,1.0
1,296,392.0,90.0,387.0,85.0,397.0,95.0,1.0
1,297,392.0,90.0,387.0,85.0,397.0,95.0,1.0
1,298,392.0,90.0,387.0,85.0,397.0,95.0,1.0
1,299,392.0,90.0,387.0,85.0,397.0,95.0,1.0
1,300,392.0,90.0,387.0,85.0,397.0,95.0,1.0
1,301,392.0,90.0,387.0,85.0,397.0,95.0,1.0
1,302,392.0,90.0,387.0,85.0,397.0,95.0,1.0
1,303,392.0,90.0,387.0,85.0,397.0,95.0,1.0
1,304,392.0,90.0,387.0,85.0,397.0,95.0,1.0
1,305,392.0,90.0,387.0,85.0,397.0,95.0,1.0
1,306,392.0,90.0,387.0,85.0,397.0,95.0,1.0
1,307,392.0,90.0,387.0,85.0,397.0,95.0,1.0
1,308,392.0,90.0,387.0,85.0,397.0,95.0,1.0
1,309,392.0,90.0,387.0,85.0,397.0,95.0,1.0
1,310,392.0,90.0,387.0,85.0,397.0,95.0,1.0
1,311,392.0,90.0,387.0,85.0,397.0,95.0,1.0
1,312,392.0,90.0,387.0,85.0,397.0,95.0,1.0
1,313,392.0,90.0,387.0,85.0,397.0,95.0,1.0
1,314,392.0,90.0,387.0,85.0,397.0,95.0,1.0
1,315,392.0,90.0,387.0,85.0,397.0,95.0,1.0
1,316,392.0,90.0,387.0,85.0,397.0,95.0,1.0
1,317,392.0,90.0,387.0,85.0,397.0,95.0,1.0
1,318,392.0,90.0,387.0,85.0,397.0,95.0,1.0
1,319,392.0,90.0,387.0,85.0,397.0,95.0,1.0
1,320,392.0,90.0,387.0,85.0,397.0,95.0,1.0
1,321,392.0,90.0,387.0,85.0,397.0,95.0,1.0
1,322,392.0,90.0,387.0,85.0,397.0,95.0,1.0
1,323,392.0,90.0,387.0,85.0,397.0,95.0,1.0
1,324,392.0,90.0,387.0,85.0,397.0,95.0,1.0
1,325,392.0,90.0,387.0,85.0,397.0,95.0,1.0
1,326,392.0,90.0,387.0,85.0,397.0,95.0,1.0
1,327,392.0,90.0,387.0,85.0,397.0,95.0,1.0
1,328,392.0,90.0,387.0,85.0,397.0,95.0,1.0
1,329,392.0,90.0,387.0,85.0,397.0,95.0,1.0
1,330,392.0,90.0,387.0,85.0,397.0,95.0,1.0
1,331,392.0,90.0,387.0,85.0,397.0,95.0,1.0
1,332,392.0,90.0,387.0,85.0,397.0,95.0,1.0
1,333,392.0,90.0,387.0,85.0,397.0,95.0,1.0
1,334,392.0,90.0,387.0,85.0,397.0,95.0,1.0
1,335,392.0,90.0,387.0,85.0,397.0,95.0,1.0
1,336,392.0,90.0,387.0,85.0,397.0,95.0,1.0
1,337,392.0,90.0,387.0,85.0,397.0,95.0,1.0
1,338,392.0,90.0,387.0,85.0,397.0,95.0,1.0
1,339,392.0,90.0,387.0,85.0,397.0,95.0,1.0
1,340,392.0,90.0,387.0,85.0,397.0,95.0,1.0
1,341,392.0,90.0,387.0,85.0,397.0,95.0,1.0
1,342,392.0,90.0,387.0,85.0,397.0,95.0,1.0
1,343,392.0,90.0,387.0,85.0,397.0,95.0,1.0
1,344,392.0,90.0,387.0,85.0,397.0,95.0,1.0
1,345,392.0,90.0,387.0,85.0,397.0,95.0,1.0
1,346,392.0,90.0,387.0,85.0,397.0,95.0,1.0
1,347,392.0,90.0,387.0,85.0,397.0,95.0,1.0
1,348,392.0,90.0,387.0,85.0,397.0,95.0,1.0
1,349,392.0,90.0,387.0,85.0,397.0,95.0,1.0
1,350,392.0,90.0,387.0,85.0,397.0,95.0,1.0
1,351,392.0,90.0,387.0,85.0,397.0,95.0,1.0
1,352,392.0,90.0,387.0,85.0,397.0,95.0,1.0
1,353,392.0,90.0,387.0,85.0,397.0,95.0,1.0
1,354,392.0,90.0,387.0,85.0,397.0,95.0,1.0
1,355,392.0,90.0,387.0,85.0,397.0,95.0,1.0
1,356,392.0,90.0,387.0,85.0,397.0,95.0,1.0
1,357,392.0,90.0,387.0,85.0,397.0,95.0,1.0
1,358,392.0,90.0,387.0,85.0,397.0,95.0,1.0
1,359,392.0,90.0,387.0,85.0,397.0,95.0,1.0
1,360,392.0,90.0,387.0,85.0,397.0,95.0,1.0
1,361,392.0,90.0,387.0,85.0,397.0,95.0,1.0
1,362,392.0,90.0,387.0,85.0,397.0,95.0,1.0
1,363,392.0,90.0,387.0,85.0,397.0,95.0,1.0
1,364,392.0,90.0,387.0,85.0,397.0,95.0,1.0
1,365,392.0,90.0,387.0,85.0,397.0,95.0,1.0
1,366,392.0,90.0,387.0,85.0,397.0,95.0,1.0
1,367,392.0,90.0,387.0,85.0,397.0,95.0,1.0
1,368,392.0,90.0,387.0,85.0,397.0,95.0,1.0
1,369,392.0,90.0,387.0,85.0,397.0,95.0,1.0
1,370,392.0,90.0,387.0,85.0,397.0,95.0,1.0
1,371,392.0,90.0,387.0,85.0,397.0,95.0,1.0
1,372,392.0,90.0,387.0,85.0,397.0,95.0,1.0
1,373,392.0,90.0,387.0,85.0,397.0,95.0,1.0
1,374,392.0,90.0,387.0,85.0,397.0,95.0,1.0
1,375,392.0,90.0,387.0,85.0,397.0,95.0,1.0
1,376,392.0,90.0,387.0,85.0,397.0,95.0,1.0
1,377,392.0,90.0,387.0,85.0,397.0,95.0,1.0
1,378,392.0,90.0,387.0,85.0,397.0,95.0,1.0
1,379,392.0,90.0,387.0,85.0,397.0,95.0,1.0
1,380,392.0,90.0,387.0,85.0,397.0,95.0,1.0
1,381,392.0,90.0,387.0,85.0,397.0,95.0,1.0
1,382,392.0,90.0,387.0,85.0,397.0,95.0,1.0
1,383,392.0,90.0,387.0,85.0,397.0,95.0,1.0
1,384,392.0,90.0,387.0,85.0,397.0,95.0,1.0
1,385,392.0,90.0,387.0,85.0,397.0,95.0,1.0
1,386,392.0,90.0,387.0,85.0,397.0,95.0,1.0
1,387,392.0,90.0,387.0,85.0,397.0,95.0,1.0
1,388,392.0,90.0,387.0,85.0,397.0,95.0,1.0
1,389,392.0,90.0,387.0,85.0,397.0,95.0,1.0
1,390,392.0,90.0,387.0,85.0,397.0,95.0,1.0
1,391,392.0,90.0,387.0,85.0,397.0,95.0,1.0
1,392,392.0,90.0,387.0,85.0,397.0,95.0,1.0
1,393,392.0,90.0,387.0,85.0,397.0,95.0,1.0
1,394,392.0,90.0,387.0,85.0,397.0,95.0,1.0
1,395,392.0,90.0,387.0,85.0,397.0,95.0,1.0
1,396,392.0,90.0,387.0,85.0,397.0,95.0,1.0
1,397,392.0,90.0,387.0,85.0,397.0,95.0,1.0
1,398,392.0,90.0,387.0,85.0,397.0,95.0,1.0
1,399,392.0,90.0,387.0,85.0,397.0,95.0,1.0
1,400,392.0,90.0,387.0,85.0,397.0,95.0,1.0
1,401,392.0,90.0,387.0,85.0,397.0,95.0,1.0
1,402,392.0,90.0,387.0,85.0,397.0,95.0,1.0
1,403,392.0,90.0,387.0,85.0,397.0,95.0,1.0
1,404,392.0,90.0,387.0,85.0,397.0,95.0,1.0
1,405,392.0,90.0,387.0,85.0,397.0,95.0,1.0
1,406,392.0,90.0,387.0,85.0,397.0,95.0,1.0
1,407,392.0,90.0,387.0,85.0,397.0,95.0,1.0
1,408,392.0,90.0,387.0,85.0,397.0,95.0,1.0
1,409,392.0,90.0,387.0,85.0,397.0,95.0,1.0
1,410,392.0,90.0,387.0,85.0,397.0,95.0,1.0
1,411,392.0,90.0,387.0,85.0,397.0,95.0,1.0
1,412,392.0,90.0,387.0,85.0,397.0,95.0,1.0
1,413,392.0,90.0,387.0,85.0,397.0,95.0,1.0
1,414,392.0,90.0,387.0,85.0,397.0,95.0,1.0
1,415,392.0,90.0,387.0,85.0,397.0,95.0,1.0
1,416,392.0,90.0,387.0,85.0,397.0,95.0,1.0
1,417,392.0,90.0,387.0,85.0,397.0,95.0,1.0
1,418,392.0,90.0,387.0,85.0,397.0,95.0,1.0
1,419,392.0,90.0,387.0,85.0,397.0,95.0,1.0
1,420,392.0,90.0,387.0,85.0,397.0,95.0,1.0
1,421,392.0,90.0,387.0,85.0,397.0,95.0,1.0
1,422,392.0,90.0,387.0,85.0,397.0,95.0,1.0
1,423,392.0,90.0,387.0,85.0,397.0,95.0,1.0
1,424,392.0,90.0,387.0,85.0,397.0,95.0,1.0
1,425,392.0,90.0,387.0,85.0,397.0,95.0,1.0
1,426,392.0,90.0,387.0,85.0,397.0,95.0,1.0
1,427,392.0,90.0,387.0,85.0,397.0,95.0,1.0
1,428,392.0,90.0,387.0,85.0,397.0,95.0,1.0
1,429,392.0,90.0,387.0,85.0,397.0,95.0,1.0
1,430,392.0,90.0,387.0,85.0,397.0,95.0,1.0
1,431,392.0,90.0,387.0,85.0,397.0,95.0,1.0
1,432,392.0,90.0,387.0,85.0,397.0,95.0,1.0
1,433,392.0,90.0,387.0,85.0,397.0,95.0,1.0
1,434,392.0,90.0,387.0,85.0,397.0,95.0,1.0
1,435,392.0,90.0,387.0,85.0,397.0,95.0,1.0
1,436,392.0,90.0,387.0,85.0,397.0,95.0,1.0
1,437,392.0,90.0,387.0,85.0,397.0,95.0,1.0
1,438,392.0,90.0,387.0,85.0,397.0,95.0,1.0
1,439,392.0,90.0,387.0,85.0,397.0,95.0,1.0
1,440,392.0,90.0,387.0,85.0,397.0,95.0,1.0
1,441,392.0,90.0,387.0,85.0,397.0,95.0,1.0
1,442,392.0,90.0,387.0,85.0,397.0,95.0,1.0
1,443,392.0,90.0,387.0,85.0,397.0,95.0,1.0
1,444,392.0,90.0,387.0,85.0,397.0,95.0,1.0
1,445,392.0,90.0,387.0,85.0,397.0,95.0,1.0
1,446,392.0,90.0,387.0,85.0,397.0,95.0,1.0
1,447,392.0,90.0,387.0,85.0,397.0,95.0,1.0
1,448,392.0,90.0,387.0,85.0,397.0,95.0,1.0
1,449,392.0,90.0,387.0,85.0,397.0,95.0,1.0
1,450,392.0,90.0,387.0,85.0,397.0,95.0,1.0
2,0,117.0,39.0,112.0,34.0,122.0,44.0,1.0
2,1,117.0,39.0,112.0,34.0,122.0,44.0,1.0
2,2,117.0,39.0,112.0,34.0,122.0,44.0,1.0
2,3,117.0,39.0,112.0,34.0,122.0,44.0,1.0
2,4,117.0,39.0,112.0,34.0,122.0,44.0,1.0
2,5,117.0,39.0,112.0,34.0,122.0,44.0,1.0
2,6,117.0,39.0,112.0,34.0,122.0,44.0,1.0
2,7,117.0,39.0,112.0,34.0,122.0,44.0,1.0
2,8,117.0,39.0,112.0,34.0,122.0,44.0,1.0
2,9,117.0,39.0,112.0,34.0,122.0,44.0,1.0
2,10,117.0,39.0,112.0,34.0,122.0,44.0,1.0
2,11,117.0,39.0,112.0,34.0,122.0,44.0,1.0
2,12,117.0,39.0,112.0,34.0,122.0,44.0,1.0
2,13,117.0,39.0,112.0,34.0,122.0,44.0,1.0
2,14,117.0,39.0,112.0,34.0,122.0,44.0,1.0
2,15,117.0,39.0,112.0,34.0,122.0,44.0,1.0
2,16,117.0,39.0,112.0,34.0,122.0,44.0,1.0
2,17,117.0,39.0,112.0,34.0,122.0,44.0,1.0
2,18,117.0,39.0,112.0,34.0,122.0,44.0,1.0
2,19,117.0,39.0,112.0,34.0,122.0,44.0,1.0
2,20,117.0,39.0,112.0,34.0,122.0,44.0,1.0
2,21,117.0,39.0,112.0,34.0,122.0,44.0,1.0
2,22,117.0,39.0,112.0,34.0,122.0,44.0,1.0
2,23,117.0,39.0,112.0,34.0,122.0,44.0,1.0
2,24,117.0,39.0,112.0,34.0,122.0,44.0,1.0
2,25,117.0,39.0,112.0,34.0,122.0,44.0,1.0
2,26,117.0,39.0,112.0,34.0,122.0,44.0,1.0
2,27,117.0,39.0,112.0,34.0,122.0,44.0,1.0
2,28,117.0,39.0,112.0,34.0,122.0,44.0,1.0
2,29,117.0,39.0,112.0,34.0,122.0,44.0,1.0
2,30,117.0,39.0,112.0,34.0,122.0,44.0,1.0
2,31,117.0,39.0,112.0,34.0,122.0,44.0,1.0
2,32,117.0,39.0,112.0,34.0,122.0,44.0,1.0
2,33,117.0,39.0,112.0,34.0,122.0,44.0,1.0
2,34,117.0,39.0,112.0,34.0,122.0,44.0,1.0
2,35,117.0,39.0,112.0,34.0,122.0,44.0,1.0
2,36,117.0,39.0,112.0,34.0,122.0,44.0,1.0
2,37,117.0,39.0,112.0,34.0,122.0,44.0,1.0
2,38,117.0,39.0,112.0,34.0,122.0,44.0,1.0
2,39,117.0,39.0,112.0,34.0,122.0,44.0,1.0
2,40,117.0,39.0,112.0,34.0,122.0,44.0,1.0
2,41,117.0,39.0,112.0,34.0,122.0,44.0,1.0
2,42,117.0,39.0,112.0,34.0,122.0,44.0,1.0
2,43,117.0,39.0,112.0,34.0,122.0,44.0,1.0
2,44,117.0,39.0,112.0,34.0,122.0,44.0,1.0
2,45,117.0,39.0,112.0,34.0,122.0,44.0,1.0
2,46,117.0,39.0,112.0,34.0,122.0,44.0,1.0
2,47,117.0,39.0,112.0,34.0,122.0,44.0,1.0
2,48,117.0,39.0,112.0,34.0,122.0,44.0,1.0
2,49,117.0,39.0,112.0,34.0,122.0,44.0,1.0
2,50,117.0,39.0,112.0,34.0,122.0,44.0,1.0
2,51,117.0,39.0,112.0,34.0,122.0,44.0,1.0
2,52,117.0,39.0,112.0,34.0,122.0,44.0,1.0
2,53,117.0,39.0,112.0,34.0,122.0,44.0,1.0
2,54,117.0,39.0,112.0,34.0,122.0,44.0,1.0
2,55,117.0,39.0,112.0,34.0,122.0,44.0,1.0
2,56,117.0,39.0,112.0,34.0,122.0,44.0,1.0
2,57,117.0,39.0,112.0,34.0,122.0,44.0,1.0
2,58,117.0,39.0,112.0,34.0,122.0,44.0,1.0
2,59,117.0,39.0,112.0,34.0,122.0,44.0,1.0
2,60,117.0,39.0,112.0,34.0,122.0,44.0,1.0
2,61,117.0,39.0,112.0,34.0,122.0,44.0,1.0
2,62,117.0,39.0,112.0,34.0,122.0,44.0,1.0
2,63,117.0,39.0,112.0,34.0,122.0,44.0,1.0
2,64,117.0,39.0,112.0,34.0,122.0,44.0,1.0
2,65,117.0,39.0,112.0,34.0,122.0,44.0,1.0
2,66,117.0,39.0,112.0,34.0,122.0,44.0,1.0
2,67,117.0,39.0,112.0,34.0,122.0,44.0,1.0
2,68,117.0,39.0,112.0,34.0,122.0,44.0,1.0
2,69,117.0,39.0,112.0,34.0,122.0,44.0,1.0
2,70,117.0,39.0,112.0,34.0,122.0,44.0,1.0
2,71,117.0,39.0,112.0,34.0,122.0,44.0,1.0
2,72,117.0,39.0,112.0,34.0,122.0,44.0,1.0
2,73,117.0,39.0,112.0,34.0,122.0,44.0,1.0
2,74,117.0,39.0,112.0,34.0,122.0,44.0,1.0
2,75,117.0,39.0,112.0,34.0,122.0,44.0,1.0
2,76,117.0,39.0,112.0,34.0,122.0,44.0,1.0
2,77,117.0,39.0,112.0,34.0,122.0,44.0,1.0
2,78,117.0,39.0,112.0,34.0,122.0,44.0,1.0
2,79,117.0,39.0,112.0,34.0,122.0,44.0,1.0
2,80,117.0,39.0,112.0,34.0,122.0,44.0,1.0
2,81,117.0,39.0,112.0,34.0,122.0,44.0,1.0
2,82,117.0,39.0,112.0,34.0,122.0,44.0,1.0
2,83,117.0,39.0,112.0,34.0,122.0,44.0,1.0
2,84,117.0,39.0,112.0,34.0,122.0,44.0,1.0
2,85,117.0,39.0,112.0,34.0,122.0,44.0,1.0
2,86,117.0,39.0,112.0,34.0,122.0,44.0,1.0
2,87,117.0,39.0,112.0,34.0,122.0,44.0,1.0
2,88,117.0,39.0,112.0,34.0,122.0,44.0,1.0
2,89,117.0,39.0,112.0,34.0,122.0,44.0,1.0
2,90,117.0,39.0,112.0,34.0,122.0,44.0,1.0
2,91,117.0,39.0,112.0,34.0,122.0,44.0,1.0
2,92,117.0,39.0,112.0,34.0,122.0,44.0,1.0
2,93,117.0,39.0,112.0,34.0,122.0,44.0,1.0
2,94,117.0,39.0,112.0,34.0,122.0,44.0,1.0
2,95,117.0,39.0,112.0,34.0,122.0,44.0,1.0
2,96,117.0,39.0,112.0,34.0,122.0,44.0,1.0
2,97,117.0,39.0,112.0,34.0,122.0,44.0,1.0
2,98,117.0,39.0,112.0,34.0,122.0,44.0,1.0
2,99,117.0,39.0,112.0,34.0,122.0,44.0,1.0
2,100,117.0,39.0,112.0,34.0,122.0,44.0,1.0
2,101,117.0,39.0,112.0,34.0,122.0,44.0,1.0
2,102,117.0,39.0,112.0,34.0,122.0,44.0,1.0
2,103,117.0,39.0,112.0,34.0,122.0,44.0,1.0
2,104,117.0,39.0,112.0,34.0,122.0,44.0,1.0
2,105,117.0,39.0,112.0,34.0,122.0,44.0,1.0
2,106,117.0,39.0,112.0,34.0,122.0,44.0,1.0
2,107,117.0,39.0,112.0,34.0,122.0,44.0,1.0
2,108,117.0,39.0,112.0,34.0,122.0,44.0,1.0
2,109,117.0,39.0,112.0,34.0,122.0,44.0,1.0
2,110,117.0,39.0,112.0,34.0,122.0,44.0,1.0
2,111,117.0,39.0,112.0,34.0,122.0,44.0,1.0
2,112,117.0,39.0,112.0,34.0,122.0,44.0,1.0
2,113,117.0,39.0,112.0,34.0,122.0,44.0,1.0
2,114,117.0,39.0,112.0,34.0,122.0,44.0,1.0
2,115,117.0,39.0,112.0,34.0,122.0,44.0,1.0
2,116,117.0,39.0,112.0,34.0,122.0,44.0,1.0
2,117,117.0,39.0,112.0,34.0,122.0,44.0,1.0
2,118,117.0,39.0,112.0,34.0,122.0,44.0,1.0
2,119,117.0,39.0,112.0,34.0,122.0,44.0,1.0
2,120,117.0,39.0,112.0,34.0,122.0,44.0,1.0
2,121,117.0,39.0,112.0,34.0,122.0,44.0,1.0
2,122,117.0,39.0,112.0,34.0,122.0,44.0,1.0
2,123,117.0,39.0,112.0,34.0,122.0,44.0,1.0
2,124,117.0,39.0,112.0,34.0,122.0,44.0,1.0
2,125,117.0,39.0,112.0,34.0,122.0,44.0,1.0
2,126,117.0,39.0,112.0,34.0,122.0,44.0,1.0
2,127,117.0,39.0,112.0,34.0,122.0,44.0,1.0
2,128,117.0,39.0,112.0,34.0,122.0,44.0,1.0
2,129,117.0,39.0,112.0,34.0,122.0,44.0,1.0
2,130,117.0,39.0,112.0,34.0,122.0,44.0,1.0
2,131,117.0,39.0,112.0,34.0,122.0,44.0,1.0
2,132,117.0,39.0,112.0,34.0,122.0,44.0,1.0
2,133,117.0,39.0,112.0,34.0,122.0,44.0,1.0
2,134,117.0,39.0,112.0,34.0,122.0,44.0,1.0
2,135,117.0,39.0,112.0,34.0,122.0,44.0,1.0
2,136,117.0,39.0,112.0,34.0,122.0,44.0,1.0
2,137,117.0,39.0,112.0,34.0,122.0,44.0,1.0
2,138,117.0,39.0,112.0,34.0,122.0,44.0,1.0
2,139,117.0,39.0,112.0,34.0,122.0,44.0,1.0
2,140,117.0,39.0,112.0,34.0,122.0,44.0,1.0
2,141,117.0,39.0,112.0,34.0,122.0,44.0,1.0
2,142,117.0,39.0,112.0,34.0,122.0,44.0,1.0
2,143,117.0,39.0,112.0,34.0,122.0,44.0,1.0
2,144,117.0,39.0,112.0,34.0,122.0,44.0,1.0
2,145,117.0,39.0,112.0,34.0,122.0,44.0,1.0
2,146,117.0,39.0,112.0,34.0,122.0,44.0,1.0
2,147,117.0,39.0,112.0,34.0,122.0,44.0,1.0
2,148,117.0,39.0,112.0,34.0,122.0,44.0,1.0
2,149,117.0,39.0,112.0,34.0,122.0,44.0,1.0
2,150,117.0,39.0,112.0,34.0,122.0,44.0,1.0
2,151,117.0,39.0,112.0,34.0,122.0,44.0,1.0
2,152,117.0,39.0,112.0,34.0,122.0,44.0,1.0
2,153,117.0,39.0,112.0,34.0,122.0,44.0,1.0
2,154,117.0,39.0,112.0,34.0,122.0,44.0,1.0
2,155,117.0,39.0,112.0,34.0,122.0,44.0,1.0
2,156,117.0,39.0,112.0,34.0,122.0,44.0,1.0
2,157,117.0,39.0,112.0,34.0,122.0,44.0,1.0
2,158,117.0,39.0,112.0,34.0,122.0,44.0,1.0
2,159,117.0,39.0,112.0,34.0,122.0,44.0,1.0
2,160,117.0,39.0,112.0,34.0,122.0,44.0,1.0
2,161,117.0,39.0,112.0,34.0,122.0,44.0,1.0
2,162,117.0,39.0,112.0,34.0,122.0,44.0,1.0
2,163,117.0,39.0,112.0,34.0,122.0,44.0,1.0
2,164,117.0,39.0,112.0,34.0,122.0,44.0,1.0
2,165,117.0,39.0,112.0,34.0,122.0,44.0,1.0
2,166,117.0,39.0,112.0,34.0,122.0,44.0,1.0
2,167,117.0,39.0,112.0,34.0,122.0,44.0,1.0
2,168,117.0,39.0,112.0,34.0,122.0,44.0,1.0
2,169,117.0,39.0,112.0,34.0,122.0,44.0,1.0
2,170,117.0,39.0,112.0,34.0,122.0,44.0,1.0
2,171,117.0,39.0,112.0,34.0,122.0,44.0,1.0
2,172,117.0,39.0,112.0,34.0,122.0,44.0,1.0
2,173,117.0,39.0,112.0,34.0,122.0,44.0,1.0
2,174,117.0,39.0,112.0,34.0,122.0,44.0,1.0
2,175,117.0,39.0,112.0,34.0,122.0,44.0,1.0
2,176,117.0,39.0,112.0,34.0,122.0,44.0,1.0
2,177,117.0,39.0,112.0,34.0,122.0,44.0,1.0
2,178,117.0,39.0,112.0,34.0,122.0,44.0,1.0
2,179,117.0,39.0,112.0,34.0,122.0,44.0,1.0
2,180,117.0,39.0,112.0,34.0,122.0,44.0,1.0
2,181,117.0,39.0,112.0,34.0,122.0,44.0,1.0
2,182,117.0,39.0,112.0,34.0,122.0,44.0,1.0
2,183,117.0,39.0,112.0,34.0,122.0,44.0,1.0
2,184,117.0,39.0,112.0,34.0,122.0,44.0,1.0
2,185,117.0,39.0,112.0,34.0,122.0,44.0,1.0
2,186,117.0,39.0,112.0,34.0,122.0,44.0,1.0
2,187,117.0,39.0,112.0,34.0,122.0,44.0,1.0
2,188,117.0,39.0,112.0,34.0,122.0,44.0,1.0
2,189,117.0,39.0,112.0,34.0,122.0,44.0,1.0
2,190,117.0,39.0,112.0,34.0,122.0,44.0,1.0
2,191,117.0,39.0,112.0,34.0,122.0,44.0,1.0
2,192,117.0,39.0,112.0,34.0,122.0,44.0,1.0
2,193,117.0,39.0,112.0,34.0,122.0,44.0,1.0
2,194,117.0,39.0,112.0,34.0,122.0,44.0,1.0
2,195,117.0,39.0,112.0,34.0,122.0,44.0,1.0
2,196,117.0,39.0,112.0,34.0,122.0,44.0,1.0
2,197,117.0,39.0,112.0,34.0,122.0,44.0,1.0
2,198,117.0,39.0,112.0,34.0,122.0,44.0,1.0
2,199,117.0,39.0,112.0,34.0,122.0,44.0,1.0
2,200,117.0,39.0,112.0,34.0,122.0,44.0,1.0
2,201,117.0,39.0,112.0,34.0,122.0,44.0,1.0
2,202,117.0,39.0,112.0,34.0,122.0,44.0,1.0
2,203,117.0,39.0,112.0,34.0,122.0,44.0,1.0
2,204,117.0,39.0,112.0,34.0,122.0,44.0,1.0
2,205,117.0,39.0,112.0,34.0,122.0,44.0,1.0
2,206,117.0,39.0,112.0,34.0,122.0,44.0,1.0
2,207,117.0,39.0,112.0,34.0,122.0,44.0,1.0
2,208,117.0,39.0,112.0,34.0,122.0,44.0,1.0
2,209,117.0,39.0,112.0,34.0,122.0,44.0,1.0
2,210,117.0,39.0,112.0,34.0,122.0,44.0,1.0
2,211,117.0,39.0,112.0,34.0,122.0,44.0,1.0
2,212,117.0,39.0,112.0,34.0,122.0,44.0,1.0
2,213,117.0,39.0,112.0,34.0,122.0,44.0,1.0
2,214,117.0,39.0,112.0,34.0,122.0,44.0,1.0
2,215,117.0,39.0,112.0,34.0,122.0,44.0,1.0
2,216,117.0,39.0,112.0,34.0,122.0,44.0,1.0
2,217,117.0,39.0,112.0,34.0,122.0,44.0,1.0
2,218,117.0,39.0,112.0,34.0,122.0,44.0,1.0
2,219,117.0,39.0,112.0,34.0,122.0,44.0,1.0
2,220,117.0,39.0,112.0,34.0,122.0,44.0,1.0
2,221,117.0,39.0,112.0,34.0,122.0,44.0,1.0
2,222,117.0,39.0,112.0,34.0,122.0,44.0,1.0
2,223,117.0,39.0,112.0,34.0,122.0,44.0,1.0
2,224,117.0,39.0,112.0,34.0,122.0,44.0,1.0
2,225,117.0,39.0,112.0,34.0,122.0,44.0,1.0
2,226,117.0,39.0,112.0,34.0,122.0,44.0,1.0
2,227,117.0,39.0,112.0,34.0,122.0,44.0,1.0
2,228,117.0,39.0,112.0,34.0,122.0,44.0,1.0
2,229,117.0,39.0,112.0,34.0,122.0,44.0,1.0
2,230,117.0,39.0,112.0,34.0,122.0,44.0,1.0
2,231,117.0,39.0,112.0,34.0,122.0,44.0,1.0
2,232,117.0,39.0,112.0,34.0,122.0,44.0,1.0
2,233,117.0,39.0,112.0,34.0,122.0,44.0,1.0
2,234,117.0,39.0,112.0,34.0,122.0,44.0,1.0
2,235,117.0,39.0,112.0,34.0,122.0,44.0,1.0
2,236,117.0,39.0,112.0,34.0,122.0,44.0,1.0
2,237,117.0,39.0,112.0,34.0,122.0,44.0,1.0
2,238,117.0,39.0,112.0,34.0,122.0,44.0,1.0
2,239,117.0,39.0,112.0,34.0,122.0,44.0,1.0
2,240,117.0,39.0,112.0,34.0,122.0,44.0,1.0
2,241,117.0,39.0,112.0,34.0,122.0,44.0,1.0
2,242,117.0,39.0,112.0,34.0,122.0,44.0,1.0
2,243,117.0,39.0,112.0,34.0,122.0,44.0,1.0
2,244,117.0,39.0,112.0,34.0,122.0,44.0,1.0
2,245,117.0,39.0,112.0,34.0,122.0,44.0,1.0
2,246,117.0,39.0,112.0,34.0,122.0,44.0,1.0
2,247,117.0,39.0,112.0,34.0,122.0,44.0,1.0
2,248,117.0,39.0,112.0,34.0,122.0,44.0,1.0
2,249,117.0,39.0,112.0,34.0,122.0,44.0,1.0
2,250,117.0,39.0,112.0,34.0,122.0,44.0,1.0
2,251,117.0,39.0,112.0,34.0,122.0,44.0,1.0
2,252,117.0,39.0,112.0,34.0,122.0,44.0,1.0
2,253,117.0,39.0,112.0,34.0,122.0,44.0,1.0
2,254,117.0,39.0,112.0,34.0,122.0,44.0,1.0
2,255,117.0,39.0,112.0,34.0,122.0,44.0,1.0
2,256,117.0,39.0,112.0,34.0,122.0,44.0,1.0
2,257,117.0,39.0,112.0,34.0,122.0,44.0,1.0
2,258,117.0,39.0,112.0,34.0,122.0,44.0,1.0
2,259,117.0,39.0,112.0,34.0,122.0,44.0,1.0
2,260,117.0,39.0,112.0,34.0,122.0,44.0,1.0
2,261,117.0,39.0,112.0,34.0,122.0,44.0,1.0
2,262,117.0,39.0,112.0,34.0,122.0,44.0,1.0
2,263,117.0,39.0,112.0,34.0,122.0,44.0,1.0
2,264,117.0,39.0,112.0,34.0,122.0,44.0,1.0
2,265,117.0,39.0,112.0,34.0,122.0,44.0,1.0
2,266,117.0,39.0,112.0,34.0,122.0,44.0,1.0
2,267,117.0,39.0,112.0,34.0,122.0,44.0,1.0
2,268,117.0,39.0,112.0,34.0,122.0,44.0,1.0
2,269,117.0,39.0,112.0,34.0,122.0,44.0,1.0
2,270,117.0,39.0,112.0,34.0,122.0,44.0,1.0
2,271,117.0,39.0,112.0,34.0,122.0,44.0,1.0
2,272,117.0,39.0,112.0,34.0,122.0,44.0,1.0
2,273,117.0,39.0,112.0,34.0,122.0,44.0,1.0
2,274,117.0,39.0,112.0,34.0,122.0,44.0,1.0
2,275,117.0,39.0,112.0,34.0,122.0,44.0,1.0
2,276,117.0,39.0,112.0,34.0,122.0,44.0,1.0
2,277,117.0,39.0,112.0,34.0,122.0,44.0,1.0
2,278,117.0,39.0,112.0,34.0,122.0,44.0,1.0
2,279,117.0,39.0,112.0,34.0,122.0,44.0,1.0
2,280,117.0,39.0,112.0,34.0,122.0,44.0,1.0
2,281,117.0,39.0,112.0,34.0,122.0,44.0,1.0
2,282,117.0,39.0,112.0,34.0,122.0,44.0,1.0
2,283,117.0,39.0,112.0,34.0,122.0,44.0,1.0
2,284,117.0,39.0,112.0,34.0,122.0,44.0,1.0
2,285,117.0,39.0,112.0,34.0,122.0,44.0,1.0
2,286,117.0,39.0,112.0,34.0,122.0,44.0,1.0
2,287,117.0,39.0,112.0,34.0,122.0,44.0,1.0
2,288,117.0,39.0,112.0,34.0,122.0,44.0,1.0
2,289,117.0,39.0,112.0,34.0,122.0,44.0,1.0
2,290,117.0,39.0,112.0,34.0,122.0,44.0,1.0
2,291,117.0,39.0,112.0,34.0,122.0,44.0,1.0
2,292,117.0,39.0,112.0,34.0,122.0,44.0,1.0
2,293,117.0,39.0,112.0,34.0,122.0,44.0,1.0
2,294,117.0,39.0,112.0,34.0,122.0,44.0,1.0
2,295,117.0,39.0,112.0,34.0,122.0,44.0,1.0
2,296,117.0,39.0,112.0,34.0,122.0,44.0,1.0
2,297,117.0,39.0,112.0,34.0,122.0,44.0,1.0
2,298,117.0,39.0,112.0,34.0,122.0,44.0,1.0
2,299,117.0,39.0,112.0,34.0,122.0,44.0,1.0
2,300,117.0,39.0,112.0,34.0,122.0,44.0,1.0
2,301,117.0,39.0,112.0,34.0,122.0,44.0,1.0
2,302,117.0,39.0,112.0,34.0,122.0,44.0,1.0
2,303,117.0,39.0,112.0,34.0,122.0,44.0,1.0
2,304,117.0,39.0,112.0,34.0,122.0,44.0,1.0
2,305,117.0,39.0,112.0,34.0,122.0,44.0,1.0
2,306,117.0,39.0,112.0,34.0,122.0,44.0,1.0
2,307,117.0,39.0,112.0,34.0,122.0,44.0,1.0
2,308,117.0,39.0,112.0,34.0,122.0,44.0,1.0
2,309,117.0,39.0,112.0,34.0,122.0,44.0,1.0
2,310,117.0,39.0,112.0,34.0,122.0,44.0,1.0
2,311,117.0,39.0,112.0,34.0,122.0,44.0,1.0
2,312,117.0,39.0,112.0,34.0,122.0,44.0,1.0
2,313,117.0,39.0,112.0,34.0,122.0,44.0,1.0
2,314,117.0,39.0,112.0,34.0,122.0,44.0,1.0
2,315,117.0,39.0,112.0,34.0,122.0,44.0,1.0
2,316,117.0,39.0,112.0,34.0,122.0,44.0,1.0
2,317,117.0,39.0,112.0,34.0,122.0,44.0,1.0
2,318,117.0,39.0,112.0,34.0,122.0,44.0,1.0
2,319,117.0,39.0,112.0,34.0,122.0,44.0,1.0
2,320,117.0,39.0,112.0,34.0,122.0,44.0,1.0
2,321,117.0,39.0,112.0,34.0,122.0,44.0,1.0
2,322,117.0,39.0,112.0,34.0,122.0,44.0,1.0
2,323,117.0,39.0,112.0,34.0,122.0,44.0,1.0
2,324,117.0,39.0,112.0,34.0,122.0,44.0,1.0
2,325,117.0,39.0,112.0,34.0,122.0,44.0,1.0
2,326,117.0,39.0,112.0,34.0,122.0,44.0,1.0
2,327,117.0,39.0,112.0,34.0,122.0,44.0,1.0
2,328,117.0,39.0,112.0,34.0,122.0,44.0,1.0
2,329,117.0,39.0,112.0,34.0,122.0,44.0,1.0
2,330,117.0,39.0,112.0,34.0,122.0,44.0,1.0
2,331,117.0,39.0,112.0,34.0,122.0,44.0,1.0
2,332,117.0,39.0,112.0,34.0,122.0,44.0,1.0
2,333,117.0,39.0,112.0,34.0,122.0,44.0,1.0
2,334,117.0,39.0,112.0,34.0,122.0,44.0,1.0
2,335,117.0,39.0,112.0,34.0,122.0,44.0,1.0
2,336,117.0,39.0,112.0,34.0,122.0,44.0,1.0
2,337,117.0,39.0,112.0,34.0,122.0,44.0,1.0
2,338,117.0,39.0,112.0,34.0,122.0,44.0,1.0
2,339,117.0,39.0,112.0,34.0,122.0,44.0,1.0
2,340,117.0,39.0,112.0,34.0,122.0,44.0,1.0
2,341,117.0,39.0,112.0,34.0,122.0,44.0,1.0
2,342,117.0,39.0,112.0,34.0,122.0,44.0,1.0
2,343,117.0,39.0,112.0,34.0,122.0,44.0,1.0
2,344,117.0,39.0,112.0,34.0,122.0,44.0,1.0
2,345,117.0,39.0,112.0,34.0,122.0,44.0,1.0
2,346,117.0,39.0,112.0,34.0,122.0,44.0,1.0
2,347,117.0,39.0,112.0,34.0,122.0,44.0,1.0
2,348,117.0,39.0,112.0,34.0,122.0,44.0,1.0
2,349,117.0,39.0,112.0,34.0,122.0,44.0,1.0
2,350,117.0,39.0,112.0,34.0,122.0,44.0,1.0
2,351,117.0,39.0,112.0,34.0,122.0,44.0,1.0
2,352,117.0,39.0,112.0,34.0,122.0,44.0,1.0
2,353,117.0,39.0,112.0,34.0,122.0,44.0,1.0
2,354,117.0,39.0,112.0,34.0,122.0,44.0,1.0
2,355,117.0,39.0,112.0,34.0,122.0,44.0,1.0
2,356,117.0,39.0,112.0,34.0,122.0,44.0,1.0
2,357,117.0,39.0,112.0,34.0,122.0,44.0,1.0
2,358,117.0,39.0,112.0,34.0,122.0,44.0,1.0
2,359,117.0,39.0,112.0,34.0,122.0,44.0,1.0
2,360,117.0,39.0,112.0,34.0,122.0,44.0,1.0
2,361,117.0,39.0,112.0,34.0,122.0,44.0,1.0
2,362,117.0,39.0,112.0,34.0,122.0,44.0,1.0
2,363,117.0,39.0,112.0,34.0,122.0,44.0,1.0
2,364,117.0,39.0,112.0,34.0,122.0,44.0,1.0
2,365,117.0,39.0,112.0,34.0,122.0,44.0,1.0
2,366,117.0,39.0,112.0,34.0,122.0,44.0,1.0
2,367,117.0,39.0,112.0,34.0,122.0,44.0,1.0
2,368,117.0,39.0,112.0,34.0,122.0,44.0,1.0
2,369,117.0,39.0,112.0,34.0,122.0,44.0,1.0
2,370,117.0,39.0,112.0,34.0,122.0,44.0,1.0
2,371,117.0,39.0,112.0,34.0,122.0,44.0,1.0
2,372,117.0,39.0,112.0,34.0,122.0,44.0,1.0
2,373,117.0,39.0,112.0,34.0,122.0,44.0,1.0
2,374,117.0,39.0,112.0,34.0,122.0,44.0,1.0
2,375,117.0,39.0,112.0,34.0,122.0,44.0,1.0
2,376,117.0,39.0,112.0,34.0,122.0,44.0,1.0
2,377,117.0,39.0,112.0,34.0,122.0,44.0,1.0
2,378,117.0,39.0,112.0,34.0,122.0,44.0,1.0
2,379,117.0,39.0,112.0,34.0,122.0,44.0,1.0
2,380,117.0,39.0,112.0,34.0,122.0,44.0,1.0
2,381,117.0,39.0,112.0,34.0,122.0,44.0,1.0
2,382,117.0,39.0,112.0,34.0,122.0,44.0,1.0
2,383,117.0,39.0,112.0,34.0,122.0,44.0,1.0
2,384,117.0,39.0,112.0,34.0,122.0,44.0,1.0
2,385,117.0,39.0,112.0,34.0,122.0,44.0,1.0
2,386,117.0,39.0,112.0,34.0,122.0,44.0,1.0
2,387,117.0,39.0,112.0,34.0,122.0,44.0,1.0
2,388,117.0,39.0,112.0,34.0,122.0,44.0,1.0
2,389,117.0,39.0,112.0,34.0,122.0,44.0,1.0
2,390,117.0,39.0,112.0,34.0,122.0,44.0,1.0
2,391,117.0,39.0,112.0,34.0,122.0,44.0,1.0
2,392,117.0,39.0,112.0,34.0,122.0,44.0,1.0
2,393,117.0,39.0,112.0,34.0,122.0,44.0,1.0
2,394,117.0,39.0,112.0,34.0,122.0,44.0,1.0
2,395,117.0,39.0,112.0,34.0,122.0,44.0,1.0
2,396,117.0,39.0,112.0,34.0,122.0,44.0,1.0
2,397,117.0,39.0,112.0,34.0,122.0,44.0,1.0
2,398,117.0,39.0,112.0,34.0,122.0,44.0,1.0
2,399,117.0,39.0,112.0,34.0,122.0,44.0,1.0
2,400,117.0,39.0,112.0,34.0,122.0,44.0,1.0
2,401,117.0,39.0,112.0,34.0,122.0,44.0,1.0
2,402,117.0,39.0,112.0,34.0,122.0,44.0,1.0
2,403,117.0,39.0,112.0,34.0,122.0,44.0,1.0
2,404,117.0,39.0,112.0,34.0,122.0,44.0,1.0
2,405,117.0,39.0,112.0,34.0,122.0,44.0,1.0
2,406,117.0,39.0,112.0,34.0,122.0,44.0,1.0
2,407,117.0,39.0,112.0,34.0,122.0,44.0,1.0
2,408,117.0,39.0,112.0,34.0,122.0,44.0,1.0
2,409,117.0,39.0,112.0,34.0,122.0,44.0,1.0
2,410,117.0,39.0,112.0,34.0,122.0,44.0,1.0
2,411,117.0,39.0,112.0,34.0,122.0,44.0,1.0
2,412,117.0,39.0,112.0,34.0,122.0,44.0,1.0
2,413,117.0,39.0,112.0,34.0,122.0,44.0,1.0
2,414,117.0,39.0,112.0,34.0,122.0,44.0,1.0
2,415,117.0,39.0,112.0,34.0,122.0,44.0,1.0
2,416,117.0,39.0,112.0,34.0,122.0,44.0,1.0
2,417,117.0,39.0,112.0,34.0,122.0,44.0,1.0
2,418,117.0,39.0,112.0,34.0,122.0,44.0,1.0
2,419,117.0,39.0,112.0,34.0,122.0,44.0,1.0
2,420,117.0,39.0,112.0,34.0,122.0,44.0,1.0
2,421,117.0,39.0,112.0,34.0,122.0,44.0,1.0
2,422,117.0,39.0,112.0,34.0,122.0,44.0,1.0
2,423,117.0,39.0,112.0,34.0,122.0,44.0,1.0
2,424,117.0,39.0,112.0,34.0,122.0,44.0,1.0
2,425,117.0,39.0,112.0,34.0,122.0,44.0,1.0
2,426,117.0,39.0,112.0,34.0,122.0,44.0,1.0
2,427,117.0,39.0,112.0,34.0,122.0,44.0,1.0
2,428,117.0,39.0,112.0,34.0,122.0,44.0,1.0
2,429,117.0,39.0,112.0,34.0,122.0,44.0,1.0
2,430,117.0,39.0,112.0,34.0,122.0,44.0,1.0
2,431,117.0,39.0,112.0,34.0,122.0,44.0,1.0
2,432,117.0,39.0,112.0,34.0,122.0,44.0,1.0
2,433,117.0,39.0,112.0,34.0,122.0,44.0,1.0
2,434,117.0,39.0,112.0,34.0,122.0,44.0,1.0
2,435,117.0,39.0,112.0,34.0,122.0,44.0,1.0
2,436,117.0,39.0,112.0,34.0,122.0,44.0,1.0
2,437,117.0,39.0,112.0,34.0,122.0,44.0,1.0
2,438,117.0,39.0,112.0,34.0,122.0,44.0,1.0
2,439,117.0,39.0,112.0,34.0,122.0,44.0,1.0
2,440,117.0,39.0,112.0,34.0,122.0,44.0,1.0
2,441,117.0,39.0,112.0,34.0,122.0,44.0,1.0
2,442,117.0,39.0,112.0,34.0,122.0,44.0,1.0
2,443,117.0,39.0,112.0,34.0,122.0,44.0,1.0
2,444,117.0,39.0,112.0,34.0,122.0,44.0,1.0
2,445,117.0,39.0,112.0,34.0,122.0,44.0,1.0
2,446,117.0,39.0,112.0,34.0,122.0,44.0,1.0
2,447,117.0,39.0,112.0,34.0,122.0,44.0,1.0
2,448,117.0,39.0,112.0,34.0,122.0,44.0,1.0
2,449,117.0,39.0,112.0,34.0,122.0,44.0,1.0
2,450,117.0,39.0,112.0,34.0,122.0,44.0,1.0
3,0,269.5,182.5,264.5,177.5,274.5,187.5,1.0
3,1,269.5,182.5,264.5,177.5,274.5,187.5,1.0
3,2,269.5,182.5,264.5,177.5,274.5,187.5,1.0
3,3,269.5,182.5,264.5,177.5,274.5,187.5,1.0
3,4,269.5,182.5,264.5,177.5,274.5,187.5,1.0
3,5,269.5,182.5,264.5,177.5,274.5,187.5,1.0
3,6,269.5,182.5,264.5,177.5,274.5,187.5,1.0
3,7,269.5,182.5,264.5,177.5,274.5,187.5,1.0
3,8,269.5,182.5,264.5,177.5,274.5,187.5,1.0
3,9,269.5,182.5,264.5,177.5,274.5,187.5,1.0
3,10,269.5,182.5,264.5,177.5,274.5,187.5,1.0
3,11,269.5,182.5,264.5,177.5,274.5,187.5,1.0
3,12,269.5,182.5,264.5,177.5,274.5,187.5,1.0
3,13,269.5,182.5,264.5,177.5,274.5,187.5,1.0
3,14,269.5,182.5,264.5,177.5,274.5,187.5,1.0
3,15,269.5,182.5,264.5,177.5,274.5,187.5,1.0
3,16,269.5,182.5,264.5,177.5,274.5,187.5,1.0
3,17,269.5,182.5,264.5,177.5,274.5,187.5,1.0
3,18,269.5,182.5,264.5,177.5,274.5,187.5,1.0
3,19,269.5,182.5,264.5,177.5,274.5,187.5,1.0
3,20,269.5,182.5,264.5,177.5,274.5,187.5,1.0
3,21,269.5,182.5,264.5,177.5,274.5,187.5,1.0
3,22,269.5,182.5,264.5,177.5,274.5,187.5,1.0
3,23,269.5,182.5,264.5,177.5,274.5,187.5,1.0
3,24,269.5,182.5,264.5,177.5,274.5,187.5,1.0
3,25,269.5,182.5,264.5,177.5,274.5,187.5,1.0
3,26,269.5,182.5,264.5,177.5,274.5,187.5,1.0
3,27,269.5,182.5,264.5,177.5,274.5,187.5,1.0
3,28,269.5,182.5,264.5,177.5,274.5,187.5,1.0
3,29,269.5,182.5,264.5,177.5,274.5,187.5,1.0
3,30,269.5,182.5,264.5,177.5,274.5,187.5,1.0
3,31,269.5,182.5,264.5,177.5,274.5,187.5,1.0
3,32,269.5,182.5,264.5,177.5,274.5,187.5,1.0
3,33,269.5,182.5,264.5,177.5,274.5,187.5,1.0
3,34,269.5,182.5,264.5,177.5,274.5,187.5,1.0
3,35,269.5,182.5,264.5,177.5,274.5,187.5,1.0
3,36,269.5,182.5,264.5,177.5,274.5,187.5,1.0
3,37,269.5,182.5,264.5,177.5,274.5,187.5,1.0
3,38,269.5,182.5,264.5,177.5,274.5,187.5,1.0
3,39,269.5,182.5,264.5,177.5,274.5,187.5,1.0
3,40,269.5,182.5,264.5,177.5,274.5,187.5,1.0
3,41,269.5,182.5,264.5,177.5,274.5,187.5,1.0
3,42,269.5,182.5,264.5,177.5,274.5,187.5,1.0
3,43,269.5,182.5,264.5,177.5,274.5,187.5,1.0
3,44,269.5,182.5,264.5,177.5,274.5,187.5,1.0
3,45,269.5,182.5,264.5,177.5,274.5,187.5,1.0
3,46,269.5,182.5,264.5,177.5,274.5,187.5,1.0
3,47,269.5,182.5,264.5,177.5,274.5,187.5,1.0
3,48,269.5,182.5,264.5,177.5,274.5,187.5,1.0
3,49,269.5,182.5,264.5,177.5,274.5,187.5,1.0
3,50,269.5,182.5,264.5,177.5,274.5,187.5,1.0
3,51,269.5,182.5,264.5,177.5,274.5,187.5,1.0
3,52,269.5,182.5,264.5,177.5,274.5,187.5,1.0
3,53,269.5,182.5,264.5,177.5,274.5,187.5,1.0
3,54,269.5,182.5,264.5,177.5,274.5,187.5,1.0
3,55,269.5,182.5,264.5,177.5,274.5,187.5,1.0
3,56,269.5,182.5,264.5,177.5,274.5,187.5,1.0
3,57,269.5,182.5,264.5,177.5,274.5,187.5,1.0
3,58,269.5,182.5,264.5,177.5,274.5,187.5,1.0
3,59,269.5,182.5,264.5,177.5,274.5,187.5,1.0
3,60,269.5,182.5,264.5,177.5,274.5,187.5,1.0
3,61,269.5,182.5,264.5,177.5,274.5,187.5,1.0
3,62,269.5,182.5,264.5,177.5,274.5,187.5,1.0
3,63,269.5,182.5,264.5,177.5,274.5,187.5,1.0
3,64,269.5,182.5,264.5,177.5,274.5,187.5,1.0
3,65,269.5,182.5,264.5,177.5,274.5,187.5,1.0
3,66,269.5,182.5,264.5,177.5,274.5,187.5,1.0
3,67,269.5,182.5,264.5,177.5,274.5,187.5,1.0
3,68,269.5,182.5,264.5,177.5,274.5,187.5,1.0
3,69,269.5,182.5,264.5,177.5,274.5,187.5,1.0
3,70,269.5,182.5,264.5,177.5,274.5,187.5,1.0
3,71,269.5,182.5,264.5,177.5,274.5,187.5,1.0
3,72,269.5,182.5,264.5,177.5,274.5,187.5,1.0
3,73,269.5,182.5,264.5,177.5,274.5,187.5,1.0
3,74,269.5,182.5,264.5,177.5,274.5,187.5,1.0
3,75,269.5,182.5,264.5,177.5,274.5,187.5,1.0
3,76,269.5,182.5,264.5,177.5,274.5,187.5,1.0
3,77,269.5,182.5,264.5,177.5,274.5,187.5,1.0
3,78,269.5,182.5,264.5,177.5,274.5,187.5,1.0
3,79,269.5,182.5,264.5,177.5,274.5,187.5,1.0
3,80,269.5,182.5,264.5,177.5,274.5,187.5,1.0
3,81,269.5,182.5,264.5,177.5,274.5,187.5,1.0
3,82,269.5,182.5,264.5,177.5,274.5,187.5,1.0
3,83,269.5,182.5,264.5,177.5,274.5,187.5,1.0
3,84,269.5,182.5,264.5,177.5,274.5,187.5,1.0
3,85,269.5,182.5,264.5,177.5,274.5,187.5,1.0
3,86,269.5,182.5,264.5,177.5,274.5,187.5,1.0
3,87,269.5,182.5,264.5,177.5,274.5,187.5,1.0
3,88,269.5,182.5,264.5,177.5,274.5,187.5,1.0
3,89,269.5,182.5,264.5,177.5,274.5,187.5,1.0
3,90,269.5,182.5,264.5,177.5,274.5,187.5,1.0
3,91,269.5,182.5,264.5,177.5,274.5,187.5,1.0
3,92,269.5,182.5,264.5,177.5,274.5,187.5,1.0
3,93,269.5,182.5,264.5,177.5,274.5,187.5,1.0
3,94,269.5,182.5,264.5,177.5,274.5,187.5,1.0
3,95,269.5,182.5,264.5,177.5,274.5,187.5,1.0
3,96,269.5,182.5,264.5,177.5,274.5,187.5,1.0
3,97,269.5,182.5,264.5,177.5,274.5,187.5,1.0
3,98,269.5,182.5,264.5,177.5,274.5,187.5,1.0
3,99,269.5,182.5,264.5,177.5,274.5,187.5,1.0
3,100,269.5,182.5,264.5,177.5,274.5,187.5,1.0
3,101,269.5,182.5,264.5,177.5,274.5,187.5,1.0
3,102,269.5,182.5,264.5,177.5,274.5,187.5,1.0
3,103,269.5,182.5,264.5,177.5,274.5,187.5,1.0
3,104,269.5,182.5,264.5,177.5,274.5,187.5,1.0
3,105,269.5,182.5,264.5,177.5,274.5,187.5,1.0
3,106,269.5,182.5,264.5,177.5,274.5,187.5,1.0
3,107,269.5,182.5,264.5,177.5,274.5,187.5,1.0
3,108,269.5,182.5,264.5,177.5,274.5,187.5,1.0
3,109,269.5,182.5,264.5,177.5,274.5,187.5,1.0
3,110,269.5,182.5,264.5,177.5,274.5,187.5,1.0
3,111,269.5,182.5,264.5,177.5,274.5,187.5,1.0
3,112,269.5,182.5,264.5,177.5,274.5,187.5,1.0
3,113,269.5,182.5,264.5,177.5,274.5,187.5,1.0
3,114,269.5,182.5,264.5,177.5,274.5,187.5,1.0
3,115,269.5,182.5,264.5,177.5,274.5,187.5,1.0
3,116,269.5,182.5,264.5,177.5,274.5,187.5,1.0
3,117,269.5,182.5,264.5,177.5,274.5,187.5,1.0
3,118,269.5,182.5,264.5,177.5,274.5,187.5,1.0
3,119,269.5,182.5,264.5,177.5,274.5,187.5,1.0
3,120,269.5,182.5,264.5,177.5,274.5,187.5,1.0
3,121,269.5,182.5,264.5,177.5,274.5,187.5,1.0
3,122,269.5,182.5,264.5,177.5,274.5,187.5,1.0
3,123,269.5,182.5,264.5,177.5,274.5,187.5,1.0
3,124,269.5,182.5,264.5,177.5,274.5,187.5,1.0
3,125,269.5,182.5,264.5,177.5,274.5,187.5,1.0
3,126,269.5,182.5,264.5,177.5,274.5,187.5,1.0
3,127,269.5,182.5,264.5,177.5,274.5,187.5,1.0
3,128,269.5,182.5,264.5,177.5,274.5,187.5,1.0
3,129,269.5,182.5,264.5,177.5,274.5,187.5,1.0
3,130,269.5,182.5,264.5,177.5,274.5,187.5,1.0
3,131,269.5,182.5,264.5,177.5,274.5,187.5,1.0
3,132,269.5,182.5,264.5,177.5,274.5,187.5,1.0
3,133,269.5,182.5,264.5,177.5,274.5,187.5,1.0
3,134,269.5,182.5,264.5,177.5,274.5,187.5,1.0
3,135,269.5,182.5,264.5,177.5,274.5,187.5,1.0
3,136,269.5,182.5,264.5,177.5,274.5,187.5,1.0
3,137,269.5,182.5,264.5,177.5,274.5,187.5,1.0
3,138,269.5,182.5,264.5,177.5,274.5,187.5,1.0
3,139,269.5,182.5,264.5,177.5,274.5,187.5,1.0
3,140,269.5,182.5,264.5,177.5,274.5,187.5,1.0
3,141,269.5,182.5,264.5,177.5,274.5,187.5,1.0
3,142,269.5,182.5,264.5,177.5,274.5,187.5,1.0
3,143,269.5,182.5,264.5,177.5,274.5,187.5,1.0
3,144,269.5,182.5,264.5,177.5,274.5,187.5,1.0
3,145,269.5,182.5,264.5,177.5,274.5,187.5,1.0
3,146,269.5,182.5,264.5,177.5,274.5,187.5,1.0
3,147,269.5,182.5,264.5,177.5,274.5,187.5,1.0
3,148,269.5,182.5,264.5,177.5,274.5,187.5,1.0
3,149,269.5,182.5,264.5,177.5,274.5,187.5,1.0
3,150,269.5,182.5,264.5,177.5,274.5,187.5,1.0
3,151,269.5,182.5,264.5,177.5,274.5,187.5,1.0
3,152,269.5,182.5,264.5,177.5,274.5,187.5,1.0
3,153,269.5,182.5,264.5,177.5,274.5,187.5,1.0
3,154,269.5,182.5,264.5,177.5,274.5,187.5,1.0
3,155,269.5,182.5,264.5,177.5,274.5,187.5,1.0
3,156,269.5,182.5,264.5,177.5,274.5,187.5,1.0
3,157,269.5,182.5,264.5,177.5,274.5,187.5,1.0
3,158,269.5,182.5,264.5,177.5,274.5,187.5,1.0
3,159,269.5,182.5,264.5,177.5,274.5,187.5,1.0
3,160,269.5,182.5,264.5,177.5,274.5,187.5,1.0
3,161,269.5,182.5,264.5,177.5,274.5,187.5,1.0
3,162,269.5,182.5,264.5,177.5,274.5,187.5,1.0
3,163,269.5,182.5,264.5,177.5,274.5,187.5,1.0
3,164,269.5,182.5,264.5,177.5,274.5,187.5,1.0
3,165,269.5,182.5,264.5,177.5,274.5,187.5,1.0
3,166,269.5,182.5,264.5,177.5,274.5,187.5,1.0
3,167,269.5,182.5,264.5,177.5,274.5,187.5,1.0
3,168,269.5,182.5,264.5,177.5,274.5,187.5,1.0
3,169,269.5,182.5,264.5,177.5,274.5,187.5,1.0
3,170,269.5,182.5,264.5,177.5,274.5,187.5,1.0
3,171,269.5,182.5,264.5,177.5,274.5,187.5,1.0
3,172,269.5,182.5,264.5,177.5,274.5,187.5,1.0
3,173,269.5,182.5,264.5,177.5,274.5,187.5,1.0
3,174,269.5,182.5,264.5,177.5,274.5,187.5,1.0
3,175,269.5,182.5,264.5,177.5,274.5,187.5,1.0
3,176,269.5,182.5,264.5,177.5,274.5,187.5,1.0
3,177,269.5,182.5,264.5,177.5,274.5,187.5,1.0
3,178,269.5,182.5,264.5,177.5,274.5,187.5,1.0
3,179,269.5,182.5,264.5,177.5,274.5,187.5,1.0
3,180,269.5,182.5,264.5,177.5,274.5,187.5,1.0
3,181,269.5,182.5,264.5,177.5,274.5,187.5,1.0
3,182,269.5,182.5,264.5,177.5,274.5,187.5,1.0
3,183,269.5,182.5,264.5,177.5,274.5,187.5,1.0
3,184,269.5,182.5,264.5,177.5,274.5,187.5,1.0
3,185,269.5,182.5,264.5,177.5,274.5,187.5,1.0
3,186,269.5,182.5,264.5,177.5,274.5,187.5,1.0
3,187,269.5,182.5,264.5,177.5,274.5,187.5,1.0
3,188,269.5,182.5,264.5,177.5,274.5,187.5,1.0
3,189,269.5,182.5,264.5,177.5,274.5,187.5,1.0
3,190,269.5,182.5,264.5,177.5,274.5,187.5,1.0
3,191,269.5,182.5,264.5,177.5,274.5,187.5,1.0
3,192,269.5,182.5,264.5,177.5,274.5,187.5,1.0
3,193,269.5,182.5,264.5,177.5,274.5,187.5,1.0
3,194,269.5,182.5,264.5,177.5,274.5,187.5,1.0
3,195,269.5,182.5,264.5,177.5,274.5,187.5,1.0
3,196,269.5,182.5,264.5,177.5,274.5,187.5,1.0
3,197,269.5,182.5,264.5,177.5,274.5,187.5,1.0
3,198,269.5,182.5,264.5,177.5,274.5,187.5,1.0
3,199,269.5,182.5,264.5,177.5,274.5,187.5,1.0
3,200,269.5,182.5,264.5,177.5,274.5,187.5,1.0
3,201,269.5,182.5,264.5,177.5,274.5,187.5,1.0
3,202,269.5,182.5,264.5,177.5,274.5,187.5,1.0
3,203,269.5,182.5,264.5,177.5,274.5,187.5,1.0
3,204,269.5,182.5,264.5,177.5,274.5,187.5,1.0
3,205,269.5,182.5,264.5,177.5,274.5,187.5,1.0
3,206,269.5,182.5,264.5,177.5,274.5,187.5,1.0
3,207,269.5,182.5,264.5,177.5,274.5,187.5,1.0
3,208,269.5,182.5,264.5,177.5,274.5,187.5,1.0
3,209,269.5,182.5,264.5,177.5,274.5,187.5,1.0
3,210,269.5,182.5,264.5,177.5,274.5,187.5,1.0
3,211,269.5,182.5,264.5,177.5,274.5,187.5,1.0
3,212,269.5,182.5,264.5,177.5,274.5,187.5,1.0
3,213,269.5,182.5,264.5,177.5,274.5,187.5,1.0
3,214,269.5,182.5,264.5,177.5,274.5,187.5,1.0
3,215,269.5,182.5,264.5,177.5,274.5,187.5,1.0
3,216,269.5,182.5,264.5,177.5,274.5,187.5,1.0
3,217,269.5,182.5,264.5,177.5,274.5,187.5,1.0
3,218,269.5,182.5,264.5,177.5,274.5,187.5,1.0
3,219,269.5,182.5,264.5,177.5,274.5,187.5,1.0
3,220,269.5,182.5,264.5,177.5,274.5,187.5,1.0
3,221,269.5,182.5,264.5,177.5,274.5,187.5,1.0
3,222,269.5,182.5,264.5,177.5,274.5,187.5,1.0
3,223,269.5,182.5,264.5,177.5,274.5,187.5,1.0
3,224,269.5,182.5,264.5,177.5,274.5,187.5,1.0
3,225,269.5,182.5,264.5,177.5,274.5,187.5,1.0
3,226,269.5,182.5,264.5,177.5,274.5,187.5,1.0
3,227,269.5,182.5,264.5,177.5,274.5,187.5,1.0
3,228,269.5,182.5,264.5,177.5,274.5,187.5,1.0
3,229,269.5,182.5,264.5,177.5,274.5,187.5,1.0
3,230,269.5,182.5,264.5,177.5,274.5,187.5,1.0
3,231,269.5,182.5,264.5,177.5,274.5,187.5,1.0
3,232,269.5,182.5,264.5,177.5,274.5,187.5,1.0
3,233,269.5,182.5,264.5,177.5,274.5,187.5,1.0
3,234,269.5,182.5,264.5,177.5,274.5,187.5,1.0
3,235,269.5,182.5,264.5,177.5,274.5,187.5,1.0
3,236,269.5,182.5,264.5,177.5,274.5,187.5,1.0
3,237,269.5,182.5,264.5,177.5,274.5,187.5,1.0
3,238,269.5,182.5,264.5,177.5,274.5,187.5,1.0
3,239,269.5,182.5,264.5,177.5,274.5,187.5,1.0
3,240,269.5,182.5,264.5,177.5,274.5,187.5,1.0
3,241,269.5,182.5,264.5,177.5,274.5,187.5,1.0
3,242,269.5,182.5,264.5,177.5,274.5,187.5,1.0
3,243,269.5,182.5,264.5,177.5,274.5,187.5,1.0
3,244,269.5,182.5,264.5,177.5,274.5,187.5,1.0
3,245,269.5,182.5,264.5,177.5,274.5,187.5,1.0
3,246,269.5,182.5,264.5,177.5,274.5,187.5,1.0
3,247,269.5,182.5,264.5,177.5,274.5,187.5,1.0
3,248,269.5,182.5,264.5,177.5,274.5,187.5,1.0
3,249,269.5,182.5,264.5,177.5,274.5,187.5,1.0
3,250,269.5,182.5,264.5,177.5,274.5,187.5,1.0
3,251,269.5,182.5,264.5,177.5,274.5,187.5,1.0
3,252,269.5,182.5,264.5,177.5,274.5,187.5,1.0
3,253,269.5,182.5,264.5,177.5,274.5,187.5,1.0
3,254,269.5,182.5,264.5,177.5,274.5,187.5,1.0
3,255,269.5,182.5,264.5,177.5,274.5,187.5,1.0
3,256,269.5,182.5,264.5,177.5,274.5,187.5,1.0
3,257,269.5,182.5,264.5,177.5,274.5,187.5,1.0
3,258,269.5,182.5,264.5,177.5,274.5,187.5,1.0
3,259,269.5,182.5,264.5,177.5,274.5,187.5,1.0
3,260,269.5,182.5,264.5,177.5,274.5,187.5,1.0
3,261,269.5,182.5,264.5,177.5,274.5,187.5,1.0
3,262,269.5,182.5,264.5,177.5,274.5,187.5,1.0
3,263,269.5,182.5,264.5,177.5,274.5,187.5,1.0
3,264,269.5,182.5,264.5,177.5,274.5,187.5,1.0
3,265,269.5,182.5,264.5,177.5,274.5,187.5,1.0
3,266,269.5,182.5,264.5,177.5,274.5,187.5,1.0
3,267,269.5,182.5,264.5,177.5,274.5,187.5,1.0
3,268,269.5,182.5,264.5,177.5,274.5,187.5,1.0
3,269,269.5,182.5,264.5,177.5,274.5,187.5,1.0
3,270,269.5,182.5,264.5,177.5,274.5,187.5,1.0
3,271,269.5,182.5,264.5,177.5,274.5,187.5,1.0
3,272,269.5,182.5,264.5,177.5,274.5,187.5,1.0
3,273,269.5,182.5,264.5,177.5,274.5,187.5,1.0
3,274,269.5,182.5,264.5,177.5,274.5,187.5,1.0
3,275,269.5,182.5,264.5,177.5,274.5,187.5,1.0
3,276,269.5,182.5,264.5,177.5,274.5,187.5,1.0
3,277,269.5,182.5,264.5,177.5,274.5,187.5,1.0
3,278,269.5,182.5,264.5,177.5,274.5,187.5,1.0
3,279,269.5,182.5,264.5,177.5,274.5,187.5,1.0
3,280,269.5,182.5,264.5,177.5,274.5,187.5,1.0
3,281,269.5,182.5,264.5,177.5,274.5,187.5,1.0
3,282,269.5,182.5,264.5,177.5,274.5,187.5,1.0
3,283,269.5,182.5,264.5,177.5,274.5,187.5,1.0
3,284,269.5,182.5,264.5,177.5,274.5,187.5,1.0
3,285,269.5,182.5,264.5,177.5,274.5,187.5,1.0
3,286,269.5,182.5,264.5,177.5,274.5,187.5,1.0
3,287,269.5,182.5,264.5,177.5,274.5,187.5,1.0
3,288,269.5,182.5,264.5,177.5,274.5,187.5,1.0
3,289,269.5,182.5,264.5,177.5,274.5,187.5,1.0
3,290,269.5,182.5,264.5,177.5,274.5,187.5,1.0
3,291,269.5,182.5,264.5,177.5,274.5,187.5,1.0
3,292,269.5,182.5,264.5,177.5,274.5,187.5,1.0
3,293,269.5,182.5,264.5,177.5,274.5,187.5,1.0
3,294,269.5,182.5,264.5,177.5,274.5,187.5,1.0
3,295,269.5,182.5,264.5,177.5,274.5,187.5,1.0
3,296,269.5,182.5,264.5,177.5,274.5,187.5,1.0
3,297,269.5,182.5,264.5,177.5,274.5,187.5,1.0
3,298,269.5,182.5,264.5,177.5,274.5,187.5,1.0
3,299,269.5,182.5,264.5,177.5,274.5,187.5,1.0
3,300,269.5,182.5,264.5,177.5,274.5,187.5,1.0
3,301,269.5,182.5,264.5,177.5,274.5,187.5,1.0
3,302,269.5,182.5,264.5,177.5,274.5,187.5,1.0
3,303,269.5,182.5,264.5,177.5,274.5,187.5,1.0
3,304,269.5,182.5,264.5,177.5,274.5,187.5,1.0
3,305,269.5,182.5,264.5,177.5,274.5,187.5,1.0
3,306,269.5,182.5,264.5,177.5,274.5,187.5,1.0
3,307,269.5,182.5,264.5,177.5,274.5,187.5,1.0
3,308,269.5,182.5,264.5,177.5,274.5,187.5,1.0
3,309,269.5,182.5,264.5,177.5,274.5,187.5,1.0
3,310,269.5,182.5,264.5,177.5,274.5,187.5,1.0
3,311,269.5,182.5,264.5,177.5,274.5,187.5,1.0
3,312,269.5,182.5,264.5,177.5,274.5,187.5,1.0
3,313,269.5,182.5,264.5,177.5,274.5,187.5,1.0
3,314,269.5,182.5,264.5,177.5,274.5,187.5,1.0
3,315,269.5,182.5,264.5,177.5,274.5,187.5,1.0
3,316,269.5,182.5,264.5,177.5,274.5,187.5,1.0
3,317,269.5,182.5,264.5,177.5,274.5,187.5,1.0
3,318,269.5,182.5,264.5,177.5,274.5,187.5,1.0
3,319,269.5,182.5,264.5,177.5,274.5,187.5,1.0
3,320,269.5,182.5,264.5,177.5,274.5,187.5,1.0
3,321,269.5,182.5,264.5,177.5,274.5,187.5,1.0
3,322,269.5,182.5,264.5,177.5,274.5,187.5,1.0
3,323,269.5,182.5,264.5,177.5,274.5,187.5,1.0
3,324,269.5,182.5,264.5,177.5,274.5,187.5,1.0
3,325,269.5,182.5,264.5,177.5,274.5,187.5,1.0
3,326,269.5,182.5,264.5,177.5,274.5,187.5,1.0
3,327,269.5,182.5,264.5,177.5,274.5,187.5,1.0
3,328,269.5,182.5,264.5,177.5,274.5,187.5,1.0
3,329,269.5,182.5,264.5,177.5,274.5,187.5,1.0
3,330,269.5,182.5,264.5,177.5,274.5,187.5,1.0
3,331,269.5,182.5,264.5,177.5,274.5,187.5,1.0
3,332,269.5,182.5,264.5,177.5,274.5,187.5,1.0
3,333,269.5,182.5,264.5,177.5,274.5,187.5,1.0
3,334,269.5,182.5,264.5,177.5,274.5,187.5,1.0
3,335,269.5,182.5,264.5,177.5,274.5,187.5,1.0
3,336,269.5,182.5,264.5,177.5,274.5,187.5,1.0
3,337,269.5,182.5,264.5,177.5,274.5,187.5,1.0
3,338,269.5,182.5,264.5,177.5,274.5,187.5,1.0
3,339,269.5,182.5,264.5,177.5,274.5,187.5,1.0
3,340,269.5,182.5,264.5,177.5,274.5,187.5,1.0
3,341,269.5,182.5,264.5,177.5,274.5,187.5,1.0
3,342,269.5,182.5,264.5,177.5,274.5,187.5,1.0
3,343,269.5,182.5,264.5,177.5,274.5,187.5,1.0
3,344,269.5,182.5,264.5,177.5,274.5,187.5,1.0
3,345,269.5,182.5,264.5,177.5,274.5,187.5,1.0
3,346,269.5,182.5,264.5,177.5,274.5,187.5,1.0
3,347,269.5,182.5,264.5,177.5,274.5,187.5,1.0
3,348,269.5,182.5,264.5,177.5,274.5,187.5,1.0
3,349,269.5,182.5,264.5,177.5,274.5,187.5,1.0
3,350,269.5,182.5,264.5,177.5,274.5,187.5,1.0
3,351,269.5,182.5,264.5,177.5,274.5,187.5,1.0
3,352,269.5,182.5,264.5,177.5,274.5,187.5,1.0
3,353,269.5,182.5,264.5,177.5,274.5,187.5,1.0
3,354,269.5,182.5,264.5,177.5,274.5,187.5,1.0
3,355,269.5,182.5,264.5,177.5,274.5,187.5,1.0
3,356,269.5,182.5,264.5,177.5,274.5,187.5,1.0
3,357,269.5,182.5,264.5,177.5,274.5,187.5,1.0
3,358,269.5,182.5,264.5,177.5,274.5,187.5,1.0
3,359,269.5,182.5,264.5,177.5,274.5,187.5,1.0
3,360,269.5,182.5,264.5,177.5,274.5,187.5,1.0
3,361,269.5,182.5,264.5,177.5,274.5,187.5,1.0
3,362,269.5,182.5,264.5,177.5,274.5,187.5,1.0
3,363,269.5,182.5,264.5,177.5,274.5,187.5,1.0
3,364,269.5,182.5,264.5,177.5,274.5,187.5,1.0
3,365,269.5,182.5,264.5,177.5,274.5,187.5,1.0
3,366,269.5,182.5,264.5,177.5,274.5,187.5,1.0
3,367,269.5,182.5,264.5,177.5,274.5,187.5,1.0
3,368,269.5,182.5,264.5,177.5,274.5,187.5,1.0
3,369,269.5,182.5,264.5,177.5,274.5,187.5,1.0
3,370,269.5,182.5,264.5,177.5,274.5,187.5,1.0
3,371,269.5,182.5,264.5,177.5,274.5,187.5,1.0
3,372,269.5,182.5,264.5,177.5,274.5,187.5,1.0
3,373,269.5,182.5,264.5,177.5,274.5,187.5,1.0
3,374,269.5,182.5,264.5,177.5,274.5,187.5,1.0
3,375,269.5,182.5,264.5,177.5,274.5,187.5,1.0
3,376,269.5,182.5,264.5,177.5,274.5,187.5,1.0
3,377,269.5,182.5,264.5,177.5,274.5,187.5,1.0
3,378,269.5,182.5,264.5,177.5,274.5,187.5,1.0
3,379,269.5,182.5,264.5,177.5,274.5,187.5,1.0
3,380,269.5,182.5,264.5,177.5,274.5,187.5,1.0
3,381,269.5,182.5,264.5,177.5,274.5,187.5,1.0
3,382,269.5,182.5,264.5,177.5,274.5,187.5,1.0
3,383,269.5,182.5,264.5,177.5,274.5,187.5,1.0
3,384,269.5,182.5,264.5,177.5,274.5,187.5,1.0
3,385,269.5,182.5,264.5,177.5,274.5,187.5,1.0
3,386,269.5,182.5,264.5,177.5,274.5,187.5,1.0
3,387,269.5,182.5,264.5,177.5,274.5,187.5,1.0
3,388,269.5,182.5,264.5,177.5,274.5,187.5,1.0
3,389,269.5,182.5,264.5,177.5,274.5,187.5,1.0
3,390,269.5,182.5,264.5,177.5,274.5,187.5,1.0
3,391,269.5,182.5,264.5,177.5,274.5,187.5,1.0
3,392,269.5,182.5,264.5,177.5,274.5,187.5,1.0
3,393,269.5,182.5,264.5,177.5,274.5,187.5,1.0
3,394,269.5,182.5,264.5,177.5,274.5,187.5,1.0
3,395,269.5,182.5,264.5,177.5,274.5,187.5,1.0
3,396,269.5,182.5,264.5,177.5,274.5,187.5,1.0
3,397,269.5,182.5,264.5,177.5,274.5,187.5,1.0
3,398,269.5,182.5,264.5,177.5,274.5,187.5,1.0
3,399,269.5,182.5,264.5,177.5,274.5,187.5,1.0
3,400,269.5,182.5,264.5,177.5,274.5,187.5,1.0
3,401,269.5,182.5,264.5,177.5,274.5,187.5,1.0
3,402,269.5,182.5,264.5,177.5,274.5,187.5,1.0
3,403,269.5,182.5,264.5,177.5,274.5,187.5,1.0
3,404,269.5,182.5,264.5,177.5,274.5,187.5,1.0
3,405,269.5,182.5,264.5,177.5,274.5,187.5,1.0
3,406,269.5,182.5,264.5,177.5,274.5,187.5,1.0
3,407,269.5,182.5,264.5,177.5,274.5,187.5,1.0
3,408,269.5,182.5,264.5,177.5,274.5,187.5,1.0
3,409,269.5,182.5,264.5,177.5,274.5,187.5,1.0
3,410,269.5,182.5,264.5,177.5,274.5,187.5,1.0
3,411,269.5,182.5,264.5,177.5,274.5,187.5,1.0
3,412,269.5,182.5,264.5,177.5,274.5,187.5,1.0
3,413,269.5,182.5,264.5,177.5,274.5,187.5,1.0
3,414,269.5,182.5,264.5,177.5,274.5,187.5,1.0
3,415,269.5,182.5,264.5,177.5,274.5,187.5,1.0
3,416,269.5,182.5,264.5,177.5,274.5,187.5,1.0
3,417,269.5,182.5,264.5,177.5,274.5,187.5,1.0
3,418,269.5,182.5,264.5,177.5,274.5,187.5,1.0
3,419,269.5,182.5,264.5,177.5,274.5,187.5,1.0
3,420,269.5,182.5,264.5,177.5,274.5,187.5,1.0
3,421,269.5,182.5,264.5,177.5,274.5,187.5,1.0
3,422,269.5,182.5,264.5,177.5,274.5,187.5,1.0
3,423,269.5,182.5,264.5,177.5,274.5,187.5,1.0
3,424,269.5,182.5,264.5,177.5,274.5,187.5,1.0
3,425,269.5,182.5,264.5,177.5,274.5,187.5,1.0
3,426,269.5,182.5,264.5,177.5,274.5,187.5,1.0
3,427,269.5,182.5,264.5,177.5,274.5,187.5,1.0
3,428,269.5,182.5,264.5,177.5,274.5,187.5,1.0
3,429,269.5,182.5,264.5,177.5,274.5,187.5,1.0
3,430,269.5,182.5,264.5,177.5,274.5,187.5,1.0
3,431,269.5,182.5,264.5,177.5,274.5,187.5,1.0
3,432,269.5,182.5,264.5,177.5,274.5,187.5,1.0
3,433,269.5,182.5,264.5,177.5,274.5,187.5,1.0
3,434,269.5,182.5,264.5,177.5,274.5,187.5,1.0
3,435,269.5,182.5,264.5,177.5,274.5,187.5,1.0
3,436,269.5,182.5,264.5,177.5,274.5,187.5,1.0
3,437,269.5,182.5,264.5,177.5,274.5,187.5,1.0
3,438,269.5,182.5,264.5,177.5,274.5,187.5,1.0
3,439,269.5,182.5,264.5,177.5,274.5,187.5,1.0
3,440,269.5,182.5,264.5,177.5,274.5,187.5,1.0
3,441,269.5,182.5,264.5,177.5,274.5,187.5,1.0
3,442,269.5,182.5,264.5,177.5,274.5,187.5,1.0
3,443,269.5,182.5,264.5,177.5,274.5,187.5,1.0
3,444,269.5,182.5,264.5,177.5,274.5,187.5,1.0
3,445,269.5,182.5,264.5,177.5,274.5,187.5,1.0
3,446,269.5,182.5,264.5,177.5,274.5,187.5,1.0
3,447,269.5,182.5,264.5,177.5,274.5,187.5,1.0
3,448,269.5,182.5,264.5,177.5,274.5,187.5,1.0
3,449,269.5,182.5,264.5,177.5,274.5,187.5,1.0
3,450,269.5,182.5,264.5,177.5,274.5,187.5,1.0
4,0,502.5,262.0,497.5,257.0,507.5,267.0,1.0
4,1,502.5,262.0,497.5,257.0,507.5,267.0,1.0
4,2,502.5,262.0,497.5,257.0,507.5,267.0,1.0
4,3,502.5,262.0,497.5,257.0,507.5,267.0,1.0
4,4,502.5,262.0,497.5,257.0,507.5,267.0,1.0
4,5,502.5,262.0,497.5,257.0,507.5,267.0,1.0
4,6,502.5,262.0,497.5,257.0,507.5,267.0,1.0
4,7,502.5,262.0,497.5,257.0,507.5,267.0,1.0
4,8,502.5,262.0,497.5,257.0,507.5,267.0,1.0
4,9,502.5,262.0,497.5,257.0,507.5,267.0,1.0
4,10,502.5,262.0,497.5,257.0,507.5,267.0,1.0
4,11,502.5,262.0,497.5,257.0,507.5,267.0,1.0
4,12,502.5,262.0,497.5,257.0,507.5,267.0,1.0
4,13,502.5,262.0,497.5,257.0,507.5,267.0,1.0
4,14,502.5,262.0,497.5,257.0,507.5,267.0,1.0
4,15,502.5,262.0,497.5,257.0,507.5,267.0,1.0
4,16,502.5,262.0,497.5,257.0,507.5,267.0,1.0
4,17,502.5,262.0,497.5,257.0,507.5,267.0,1.0
4,18,502.5,262.0,497.5,257.0,507.5,267.0,1.0
4,19,502.5,262.0,497.5,257.0,507.5,267.0,1.0
4,20,502.5,262.0,497.5,257.0,507.5,267.0,1.0
4,21,502.5,262.0,497.5,257.0,507.5,267.0,1.0
4,22,502.5,262.0,497.5,257.0,507.5,267.0,1.0
4,23,502.5,262.0,497.5,257.0,507.5,267.0,1.0
4,24,502.5,262.0,497.5,257.0,507.5,267.0,1.0
4,25,502.5,262.0,497.5,257.0,507.5,267.0,1.0
4,26,502.5,262.0,497.5,257.0,507.5,267.0,1.0
4,27,502.5,262.0,497.5,257.0,507.5,267.0,1.0
4,28,502.5,262.0,497.5,257.0,507.5,267.0,1.0
4,29,502.5,262.0,497.5,257.0,507.5,267.0,1.0
4,30,502.5,262.0,497.5,257.0,507.5,267.0,1.0
4,31,502.5,262.0,497.5,257.0,507.5,267.0,1.0
4,32,502.5,262.0,497.5,257.0,507.5,267.0,1.0
4,33,502.5,262.0,497.5,257.0,507.5,267.0,1.0
4,34,502.5,262.0,497.5,257.0,507.5,267.0,1.0
4,35,502.5,262.0,497.5,257.0,507.5,267.0,1.0
4,36,502.5,262.0,497.5,257.0,507.5,267.0,1.0
4,37,502.5,262.0,497.5,257.0,507.5,267.0,1.0
4,38,502.5,262.0,497.5,257.0,507.5,267.0,1.0
4,39,502.5,262.0,497.5,257.0,507.5,267.0,1.0
4,40,502.5,262.0,497.5,257.0,507.5,267.0,1.0
4,41,502.5,262.0,497.5,257.0,507.5,267.0,1.0
4,42,502.5,262.0,497.5,257.0,507.5,267.0,1.0
4,43,502.5,262.0,497.5,257.0,507.5,267.0,1.0
4,44,502.5,262.0,497.5,257.0,507.5,267.0,1.0
4,45,502.5,262.0,497.5,257.0,507.5,267.0,1.0
4,46,502.5,262.0,497.5,257.0,507.5,267.0,1.0
4,47,502.5,262.0,497.5,257.0,507.5,267.0,1.0
4,48,502.5,262.0,497.5,257.0,507.5,267.0,1.0
4,49,502.5,262.0,497.5,257.0,507.5,267.0,1.0
4,50,502.5,262.0,497.5,257.0,507.5,267.0,1.0
4,51,502.5,262.0,497.5,257.0,507.5,267.0,1.0
4,52,502.5,262.0,497.5,257.0,507.5,267.0,1.0
4,53,502.5,262.0,497.5,257.0,507.5,267.0,1.0
4,54,502.5,262.0,497.5,257.0,507.5,267.0,1.0
4,55,502.5,262.0,497.5,257.0,507.5,267.0,1.0
4,56,502.5,262.0,497.5,257.0,507.5,267.0,1.0
4,57,502.5,262.0,497.5,257.0,507.5,267.0,1.0
4,58,502.5,262.0,497.5,257.0,507.5,267.0,1.0
4,59,502.5,262.0,497.5,257.0,507.5,267.0,1.0
4,60,502.5,262.0,497.5,257.0,507.5,267.0,1.0
4,61,502.5,262.0,497.5,257.0,507.5,267.0,1.0
4,62,502.5,262.0,497.5,257.0,507.5,267.0,1.0
4,63,502.5,262.0,497.5,257.0,507.5,267.0,1.0
4,64,502.5,262.0,497.5,257.0,507.5,267.0,1.0
4,65,502.5,262.0,497.5,257.0,507.5,267.0,1.0
4,66,502.5,262.0,497.5,257.0,507.5,267.0,1.0
4,67,502.5,262.0,497.5,257.0,507.5,267.0,1.0
4,68,502.5,262.0,497.5,257.0,507.5,267.0,1.0
4,69,502.5,262.0,497.5,257.0,507.5,267.0,1.0
4,70,502.5,262.0,497.5,257.0,507.5,267.0,1.0
4,71,502.5,262.0,497.5,257.0,507.5,267.0,1.0
4,72,502.5,262.0,497.5,257.0,507.5,267.0,1.0
4,73,502.5,262.0,497.5,257.0,507.5,267.0,1.0
4,74,502.5,262.0,497.5,257.0,507.5,267.0,1.0
4,75,502.5,262.0,497.5,257.0,507.5,267.0,1.0
4,76,502.5,262.0,497.5,257.0,507.5,267.0,1.0
4,77,502.5,262.0,497.5,257.0,507.5,267.0,1.0
4,78,502.5,262.0,497.5,257.0,507.5,267.0,1.0
4,79,502.5,262.0,497.5,257.0,507.5,267.0,1.0
4,80,502.5,262.0,497.5,257.0,507.5,267.0,1.0
4,81,502.5,262.0,497.5,257.0,507.5,267.0,1.0
4,82,502.5,262.0,497.5,257.0,507.5,267.0,1.0
4,83,502.5,262.0,497.5,257.0,507.5,267.0,1.0
4,84,502.5,262.0,497.5,257.0,507.5,267.0,1.0
4,85,502.5,262.0,497.5,257.0,507.5,267.0,1.0
4,86,502.5,262.0,497.5,257.0,507.5,267.0,1.0
4,87,502.5,262.0,497.5,257.0,507.5,267.0,1.0
4,88,502.5,262.0,497.5,257.0,507.5,267.0,1.0
4,89,502.5,262.0,497.5,257.0,507.5,267.0,1.0
4,90,502.5,262.0,497.5,257.0,507.5,267.0,1.0
4,91,502.5,262.0,497.5,257.0,507.5,267.0,1.0
4,92,502.5,262.0,497.5,257.0,507.5,267.0,1.0
4,93,502.5,262.0,497.5,257.0,507.5,267.0,1.0
4,94,502.5,262.0,497.5,257.0,507.5,267.0,1.0
4,95,502.5,262.0,497.5,257.0,507.5,267.0,1.0
4,96,502.5,262.0,497.5,257.0,507.5,267.0,1.0
4,97,502.5,262.0,497.5,257.0,507.5,267.0,1.0
4,98,502.5,262.0,497.5,257.0,507.5,267.0,1.0
4,99,502.5,262.0,497.5,257.0,507.5,267.0,1.0
4,100,502.5,262.0,497.5,257.0,507.5,267.0,1.0
4,101,502.5,262.0,497.5,257.0,507.5,267.0,1.0
4,102,502.5,262.0,497.5,257.0,507.5,267.0,1.0
4,103,502.5,262.0,497.5,257.0,507.5,267.0,1.0
4,104,502.5,262.0,497.5,257.0,507.5,267.0,1.0
4,105,502.5,262.0,497.5,257.0,507.5,267.0,1.0
4,106,502.5,262.0,497.5,257.0,507.5,267.0,1.0
4,107,502.5,262.0,497.5,257.0,507.5,267.0,1.0
4,108,502.5,262.0,497.5,257.0,507.5,267.0,1.0
4,109,502.5,262.0,497.5,257.0,507.5,267.0,1.0
4,110,502.5,262.0,497.5,257.0,507.5,267.0,1.0
4,111,502.5,262.0,497.5,257.0,507.5,267.0,1.0
4,112,502.5,262.0,497.5,257.0,507.5,267.0,1.0
4,113,502.5,262.0,497.5,257.0,507.5,267.0,1.0
4,114,502.5,262.0,497.5,257.0,507.5,267.0,1.0
4,115,502.5,262.0,497.5,257.0,507.5,267.0,1.0
4,116,502.5,262.0,497.5,257.0,507.5,267.0,1.0
4,117,502.5,262.0,497.5,257.0,507.5,267.0,1.0
4,118,502.5,262.0,497.5,257.0,507.5,267.0,1.0
4,119,502.5,262.0,497.5,257.0,507.5,267.0,1.0
4,120,502.5,262.0,497.5,257.0,507.5,267.0,1.0
4,121,502.5,262.0,497.5,257.0,507.5,267.0,1.0
4,122,502.5,262.0,497.5,257.0,507.5,267.0,1.0
4,123,502.5,262.0,497.5,257.0,507.5,267.0,1.0
4,124,502.5,262.0,497.5,257.0,507.5,267.0,1.0
4,125,502.5,262.0,497.5,257.0,507.5,267.0,1.0
4,126,502.5,262.0,497.5,257.0,507.5,267.0,1.0
4,127,502.5,262.0,497.5,257.0,507.5,267.0,1.0
4,128,502.5,262.0,497.5,257.0,507.5,267.0,1.0
4,129,502.5,262.0,497.5,257.0,507.5,267.0,1.0
4,130,502.5,262.0,497.5,257.0,507.5,267.0,1.0
4,131,502.5,262.0,497.5,257.0,507.5,267.0,1.0
4,132,502.5,262.0,497.5,257.0,507.5,267.0,1.0
4,133,502.5,262.0,497.5,257.0,507.5,267.0,1.0
4,134,502.5,262.0,497.5,257.0,507.5,267.0,1.0
4,135,502.5,262.0,497.5,257.0,507.5,267.0,1.0
4,136,502.5,262.0,497.5,257.0,507.5,267.0,1.0
4,137,502.5,262.0,497.5,257.0,507.5,267.0,1.0
4,138,502.5,262.0,497.5,257.0,507.5,267.0,1.0
4,139,502.5,262.0,497.5,257.0,507.5,267.0,1.0
4,140,502.5,262.0,497.5,257.0,507.5,267.0,1.0
4,141,502.5,262.0,497.5,257.0,507.5,267.0,1.0
4,142,502.5,262.0,497.5,257.0,507.5,267.0,1.0
4,143,502.5,262.0,497.5,257.0,507.5,267.0,1.0
4,144,502.5,262.0,497.5,257.0,507.5,267.0,1.0
4,145,502.5,262.0,497.5,257.0,507.5,267.0,1.0
4,146,502.5,262.0,497.5,257.0,507.5,267.0,1.0
4,147,502.5,262.0,497.5,257.0,507.5,267.0,1.0
4,148,502.5,262.0,497.5,257.0,507.5,267.0,1.0
4,149,502.5,262.0,497.5,257.0,507.5,267.0,1.0
4,150,502.5,262.0,497.5,257.0,507.5,267.0,1.0
4,151,502.5,262.0,497.5,257.0,507.5,267.0,1.0
4,152,502.5,262.0,497.5,257.0,507.5,267.0,1.0
4,153,502.5,262.0,497.5,257.0,507.5,267.0,1.0
4,154,502.5,262.0,497.5,257.0,507.5,267.0,1.0
4,155,502.5,262.0,497.5,257.0,507.5,267.0,1.0
4,156,502.5,262.0,497.5,257.0,507.5,267.0,1.0
4,157,502.5,262.0,497.5,257.0,507.5,267.0,1.0
4,158,502.5,262.0,497.5,257.0,507.5,267.0,1.0
4,159,502.5,262.0,497.5,257.0,507.5,267.0,1.0
4,160,502.5,262.0,497.5,257.0,507.5,267.0,1.0
4,161,502.5,262.0,497.5,257.0,507.5,267.0,1.0
4,162,502.5,262.0,497.5,257.0,507.5,267.0,1.0
4,163,502.5,262.0,497.5,257.0,507.5,267.0,1.0
4,164,502.5,262.0,497.5,257.0,507.5,267.0,1.0
4,165,502.5,262.0,497.5,257.0,507.5,267.0,1.0
4,166,502.5,262.0,497.5,257.0,507.5,267.0,1.0
4,167,502.5,262.0,497.5,257.0,507.5,267.0,1.0
4,168,502.5,262.0,497.5,257.0,507.5,267.0,1.0
4,169,502.5,262.0,497.5,257.0,507.5,267.0,1.0
4,170,502.5,262.0,497.5,257.0,507.5,267.0,1.0
4,171,502.5,262.0,497.5,257.0,507.5,267.0,1.0
4,172,502.5,262.0,497.5,257.0,507.5,267.0,1.0
4,173,502.5,262.0,497.5,257.0,507.5,267.0,1.0
4,174,502.5,262.0,497.5,257.0,507.5,267.0,1.0
4,175,502.5,262.0,497.5,257.0,507.5,267.0,1.0
4,176,502.5,262.0,497.5,257.0,507.5,267.0,1.0
4,177,502.5,262.0,497.5,257.0,507.5,267.0,1.0
4,178,502.5,262.0,497.5,257.0,507.5,267.0,1.0
4,179,502.5,262.0,497.5,257.0,507.5,267.0,1.0
4,180,502.5,262.0,497.5,257.0,507.5,267.0,1.0
4,181,502.5,262.0,497.5,257.0,507.5,267.0,1.0
4,182,502.5,262.0,497.5,257.0,507.5,267.0,1.0
4,183,502.5,262.0,497.5,257.0,507.5,267.0,1.0
4,184,502.5,262.0,497.5,257.0,507.5,267.0,1.0
4,185,502.5,262.0,497.5,257.0,507.5,267.0,1.0
4,186,502.5,262.0,497.5,257.0,507.5,267.0,1.0
4,187,502.5,262.0,497.5,257.0,507.5,267.0,1.0
4,188,502.5,262.0,497.5,257.0,507.5,267.0,1.0
4,189,502.5,262.0,497.5,257.0,507.5,267.0,1.0
4,190,502.5,262.0,497.5,257.0,507.5,267.0,1.0
4,191,502.5,262.0,497.5,257.0,507.5,267.0,1.0
4,192,502.5,262.0,497.5,257.0,507.5,267.0,1.0
4,193,502.5,262.0,497.5,257.0,507.5,267.0,1.0
4,194,502.5,262.0,497.5,257.0,507.5,267.0,1.0
4,195,502.5,262.0,497.5,257.0,507.5,267.0,1.0
4,196,502.5,262.0,497.5,257.0,507.5,267.0,1.0
4,197,502.5,262.0,497.5,257.0,507.5,267.0,1.0
4,198,502.5,262.0,497.5,257.0,507.5,267.0,1.0
4,199,502.5,262.0,497.5,257.0,507.5,267.0,1.0
4,200,502.5,262.0,497.5,257.0,507.5,267.0,1.0
4,201,502.5,262.0,497.5,257.0,507.5,267.0,1.0
4,202,502.5,262.0,497.5,257.0,507.5,267.0,1.0
4,203,502.5,262.0,497.5,257.0,507.5,267.0,1.0
4,204,502.5,262.0,497.5,257.0,507.5,267.0,1.0
4,205,502.5,262.0,497.5,257.0,507.5,267.0,1.0
4,206,502.5,262.0,497.5,257.0,507.5,267.0,1.0
4,207,502.5,262.0,497.5,257.0,507.5,267.0,1.0
4,208,502.5,262.0,497.5,257.0,507.5,267.0,1.0
4,209,502.5,262.0,497.5,257.0,507.5,267.0,1.0
4,210,502.5,262.0,497.5,257.0,507.5,267.0,1.0
4,211,502.5,262.0,497.5,257.0,507.5,267.0,1.0
4,212,502.5,262.0,497.5,257.0,507.5,267.0,1.0
4,213,502.5,262.0,497.5,257.0,507.5,267.0,1.0
4,214,502.5,262.0,497.5,257.0,507.5,267.0,1.0
4,215,502.5,262.0,497.5,257.0,507.5,267.0,1.0
4,216,502.5,262.0,497.5,257.0,507.5,267.0,1.0
4,217,502.5,262.0,497.5,257.0,507.5,267.0,1.0
4,218,502.5,262.0,497.5,257.0,507.5,267.0,1.0
4,219,502.5,262.0,497.5,257.0,507.5,267.0,1.0
4,220,502.5,262.0,497.5,257.0,507.5,267.0,1.0
4,221,502.5,262.0,497.5,257.0,507.5,267.0,1.0
4,222,502.5,262.0,497.5,257.0,507.5,267.0,1.0
4,223,502.5,262.0,497.5,257.0,507.5,267.0,1.0
4,224,502.5,262.0,497.5,257.0,507.5,267.0,1.0
4,225,502.5,262.0,497.5,257.0,507.5,267.0,1.0
4,226,502.5,262.0,497.5,257.0,507.5,267.0,1.0
4,227,502.5,262.0,497.5,257.0,507.5,267.0,1.0
4,228,502.5,262.0,497.5,257.0,507.5,267.0,1.0
4,229,502.5,262.0,497.5,257.0,507.5,267.0,1.0
4,230,502.5,262.0,497.5,257.0,507.5,267.0,1.0
4,231,502.5,262.0,497.5,257.0,507.5,267.0,1.0
4,232,502.5,262.0,497.5,257.0,507.5,267.0,1.0
4,233,502.5,262.0,497.5,257.0,507.5,267.0,1.0
4,234,502.5,262.0,497.5,257.0,507.5,267.0,1.0
4,235,502.5,262.0,497.5,257.0,507.5,267.0,1.0
4,236,502.5,262.0,497.5,257.0,507.5,267.0,1.0
4,237,502.5,262.0,497.5,257.0,507.5,267.0,1.0
4,238,502.5,262.0,497.5,257.0,507.5,267.0,1.0
4,239,502.5,262.0,497.5,257.0,507.5,267.0,1.0
4,240,502.5,262.0,497.5,257.0,507.5,267.0,1.0
4,241,502.5,262.0,497.5,257.0,507.5,267.0,1.0
4,242,502.5,262.0,497.5,257.0,507.5,267.0,1.0
4,243,502.5,262.0,497.5,257.0,507.5,267.0,1.0
4,244,502.5,262.0,497.5,257.0,507.5,267.0,1.0
4,245,502.5,262.0,497.5,257.0,507.5,267.0,1.0
4,246,502.5,262.0,497.5,257.0,507.5,267.0,1.0
4,247,502.5,262.0,497.5,257.0,507.5,267.0,1.0
4,248,502.5,262.0,497.5,257.0,507.5,267.0,1.0
4,249,502.5,262.0,497.5,257.0,507.5,267.0,1.0
4,250,502.5,262.0,497.5,257.0,507.5,267.0,1.0
4,251,502.5,262.0,497.5,257.0,507.5,267.0,1.0
4,252,502.5,262.0,497.5,257.0,507.5,267.0,1.0
4,253,502.5,262.0,497.5,257.0,507.5,267.0,1.0
4,254,502.5,262.0,497.5,257.0,507.5,267.0,1.0
4,255,502.5,262.0,497.5,257.0,507.5,267.0,1.0
4,256,502.5,262.0,497.5,257.0,507.5,267.0,1.0
4,257,502.5,262.0,497.5,257.0,507.5,267.0,1.0
4,258,502.5,262.0,497.5,257.0,507.5,267.0,1.0
4,259,502.5,262.0,497.5,257.0,507.5,267.0,1.0
4,260,502.5,262.0,497.5,257.0,507.5,267.0,1.0
4,261,502.5,262.0,497.5,257.0,507.5,267.0,1.0
4,262,502.5,262.0,497.5,257.0,507.5,267.0,1.0
4,263,502.5,262.0,497.5,257.0,507.5,267.0,1.0
4,264,502.5,262.0,497.5,257.0,507.5,267.0,1.0
4,265,502.5,262.0,497.5,257.0,507.5,267.0,1.0
4,266,502.5,262.0,497.5,257.0,507.5,267.0,1.0
4,267,502.5,262.0,497.5,257.0,507.5,267.0,1.0
4,268,502.5,262.0,497.5,257.0,507.5,267.0,1.0
4,269,502.5,262.0,497.5,257.0,507.5,267.0,1.0
4,270,502.5,262.0,497.5,257.0,507.5,267.0,1.0
4,271,502.5,262.0,497.5,257.0,507.5,267.0,1.0
4,272,502.5,262.0,497.5,257.0,507.5,267.0,1.0
4,273,502.5,262.0,497.5,257.0,507.5,267.0,1.0
4,274,502.5,262.0,497.5,257.0,507.5,267.0,1.0
4,275,502.5,262.0,497.5,257.0,507.5,267.0,1.0
4,276,502.5,262.0,497.5,257.0,507.5,267.0,1.0
4,277,502.5,262.0,497.5,257.0,507.5,267.0,1.0
4,278,502.5,262.0,497.5,257.0,507.5,267.0,1.0
4,279,502.5,262.0,497.5,257.0,507.5,267.0,1.0
4,280,502.5,262.0,497.5,257.0,507.5,267.0,1.0
4,281,502.5,262.0,497.5,257.0,507.5,267.0,1.0
4,282,502.5,262.0,497.5,257.0,507.5,267.0,1.0
4,283,502.5,262.0,497.5,257.0,507.5,267.0,1.0
4,284,502.5,262.0,497.5,257.0,507.5,267.0,1.0
4,285,502.5,262.0,497.5,257.0,507.5,267.0,1.0
4,286,502.5,262.0,497.5,257.0,507.5,267.0,1.0
4,287,502.5,262.0,497.5,257.0,507.5,267.0,1.0
4,288,502.5,262.0,497.5,257.0,507.5,267.0,1.0
4,289,502.5,262.0,497.5,257.0,507.5,267.0,1.0
4,290,502.5,262.0,497.5,257.0,507.5,267.0,1.0
4,291,502.5,262.0,497.5,257.0,507.5,267.0,1.0
4,292,502.5,262.0,497.5,257.0,507.5,267.0,1.0
4,293,502.5,262.0,497.5,257.0,507.5,267.0,1.0
4,294,502.5,262.0,497.5,257.0,507.5,267.0,1.0
4,295,502.5,262.0,497.5,257.0,507.5,267.0,1.0
4,296,502.5,262.0,497.5,257.0,507.5,267.0,1.0
4,297,502.5,262.0,497.5,257.0,507.5,267.0,1.0
4,298,502.5,262.0,497.5,257.0,507.5,267.0,1.0
4,299,502.5,262.0,497.5,257.0,507.5,267.0,1.0
4,300,502.5,262.0,497.5,257.0,507.5,267.0,1.0
4,301,502.5,262.0,497.5,257.0,507.5,267.0,1.0
4,302,502.5,262.0,497.5,257.0,507.5,267.0,1.0
4,303,502.5,262.0,497.5,257.0,507.5,267.0,1.0
4,304,502.5,262.0,497.5,257.0,507.5,267.0,1.0
4,305,502.5,262.0,497.5,257.0,507.5,267.0,1.0
4,306,502.5,262.0,497.5,257.0,507.5,267.0,1.0
4,307,502.5,262.0,497.5,257.0,507.5,267.0,1.0
4,308,502.5,262.0,497.5,257.0,507.5,267.0,1.0
4,309,502.5,262.0,497.5,257.0,507.5,267.0,1.0
4,310,502.5,262.0,497.5,257.0,507.5,267.0,1.0
4,311,502.5,262.0,497.5,257.0,507.5,267.0,1.0
4,312,502.5,262.0,497.5,257.0,507.5,267.0,1.0
4,313,502.5,262.0,497.5,257.0,507.5,267.0,1.0
4,314,502.5,262.0,497.5,257.0,507.5,267.0,1.0
4,315,502.5,262.0,497.5,257.0,507.5,267.0,1.0
4,316,502.5,262.0,497.5,257.0,507.5,267.0,1.0
4,317,502.5,262.0,497.5,257.0,507.5,267.0,1.0
4,318,502.5,262.0,497.5,257.0,507.5,267.0,1.0
4,319,502.5,262.0,497.5,257.0,507.5,267.0,1.0
4,320,502.5,262.0,497.5,257.0,507.5,267.0,1.0
4,321,502.5,262.0,497.5,257.0,507.5,267.0,1.0
4,322,502.5,262.0,497.5,257.0,507.5,267.0,1.0
4,323,502.5,262.0,497.5,257.0,507.5,267.0,1.0
4,324,502.5,262.0,497.5,257.0,507.5,267.0,1.0
4,325,502.5,262.0,497.5,257.0,507.5,267.0,1.0
4,326,502.5,262.0,497.5,257.0,507.5,267.0,1.0
4,327,502.5,262.0,497.5,257.0,507.5,267.0,1.0
4,328,502.5,262.0,497.5,257.0,507.5,267.0,1.0
4,329,502.5,262.0,497.5,257.0,507.5,267.0,1.0
4,330,502.5,262.0,497.5,257.0,507.5,267.0,1.0
4,331,502.5,262.0,497.5,257.0,507.5,267.0,1.0
4,332,502.5,262.0,497.5,257.0,507.5,267.0,1.0
4,333,502.5,262.0,497.5,257.0,507.5,267.0,1.0
4,334,502.5,262.0,497.5,257.0,507.5,267.0,1.0
4,335,502.5,262.0,497.5,257.0,507.5,267.0,1.0
4,336,502.5,262.0,497.5,257.0,507.5,267.0,1.0
4,337,502.5,262.0,497.5,257.0,507.5,267.0,1.0
4,338,502.5,262.0,497.5,257.0,507.5,267.0,1.0
4,339,502.5,262.0,497.5,257.0,507.5,267.0,1.0
4,340,502.5,262.0,497.5,257.0,507.5,267.0,1.0
4,341,502.5,262.0,497.5,257.0,507.5,267.0,1.0
4,342,502.5,262.0,497.5,257.0,507.5,267.0,1.0
4,343,502.5,262.0,497.5,257.0,507.5,267.0,1.0
4,344,502.5,262.0,497.5,257.0,507.5,267.0,1.0
4,345,502.5,262.0,497.5,257.0,507.5,267.0,1.0
4,346,502.5,262.0,497.5,257.0,507.5,267.0,1.0
4,347,502.5,262.0,497.5,257.0,507.5,267.0,1.0
4,348,502.5,262.0,497.5,257.0,507.5,267.0,1.0
4,349,502.5,262.0,497.5,257.0,507.5,267.0,1.0
4,350,502.5,262.0,497.5,257.0,507.5,267.0,1.0
4,351,502.5,262.0,497.5,257.0,507.5,267.0,1.0
4,352,502.5,262.0,497.5,257.0,507.5,267.0,1.0
4,353,502.5,262.0,497.5,257.0,507.5,267.0,1.0
4,354,502.5,262.0,497.5,257.0,507.5,267.0,1.0
4,355,502.5,262.0,497.5,257.0,507.5,267.0,1.0
4,356,502.5,262.0,497.5,257.0,507.5,267.0,1.0
4,357,502.5,262.0,497.5,257.0,507.5,267.0,1.0
4,358,502.5,262.0,497.5,257.0,507.5,267.0,1.0
4,359,502.5,262.0,497.5,257.0,507.5,267.0,1.0
4,360,502.5,262.0,497.5,257.0,507.5,267.0,1.0
4,361,502.5,262.0,497.5,257.0,507.5,267.0,1.0
4,362,502.5,262.0,497.5,257.0,507.5,267.0,1.0
4,363,502.5,262.0,497.5,257.0,507.5,267.0,1.0
4,364,502.5,262.0,497.5,257.0,507.5,267.0,1.0
4,365,502.5,262.0,497.5,257.0,507.5,267.0,1.0
4,366,502.5,262.0,497.5,257.0,507.5,267.0,1.0
4,367,502.5,262.0,497.5,257.0,507.5,267.0,1.0
4,368,502.5,262.0,497.5,257.0,507.5,267.0,1.0
4,369,502.5,262.0,497.5,257.0,507.5,267.0,1.0
4,370,502.5,262.0,497.5,257.0,507.5,267.0,1.0
4,371,502.5,262.0,497.5,257.0,507.5,267.0,1.0
4,372,502.5,262.0,497.5,257.0,507.5,267.0,1.0
4,373,502.5,262.0,497.5,257.0,507.5,267.0,1.0
4,374,502.5,262.0,497.5,257.0,507.5,267.0,1.0
4,375,502.5,262.0,497.5,257.0,507.5,267.0,1.0
4,376,502.5,262.0,497.5,257.0,507.5,267.0,1.0
4,377,502.5,262.0,497.5,257.0,507.5,267.0,1.0
4,378,502.5,262.0,497.5,257.0,507.5,267.0,1.0
4,379,502.5,262.0,497.5,257.0,507.5,267.0,1.0
4,380,502.5,262.0,497.5,257.0,507.5,267.0,1.0
4,381,502.5,262.0,497.5,257.0,507.5,267.0,1.0
4,382,502.5,262.0,497.5,257.0,507.5,267.0,1.0
4,383,502.5,262.0,497.5,257.0,507.5,267.0,1.0
4,384,502.5,262.0,497.5,257.0,507.5,267.0,1.0
4,385,502.5,262.0,497.5,257.0,507.5,267.0,1.0
4,386,502.5,262.0,497.5,257.0,507.5,267.0,1.0
4,387,502.5,262.0,497.5,257.0,507.5,267.0,1.0
4,388,502.5,262.0,497.5,257.0,507.5,267.0,1.0
4,389,502.5,262.0,497.5,257.0,507.5,267.0,1.0
4,390,502.5,262.0,497.5,257.0,507.5,267.0,1.0
4,391,502.5,262.0,497.5,257.0,507.5,267.0,1.0
4,392,502.5,262.0,497.5,257.0,507.5,267.0,1.0
4,393,502.5,262.0,497.5,257.0,507.5,267.0,1.0
4,394,502.5,262.0,497.5,257.0,507.5,267.0,1.0
4,395,502.5,262.0,497.5,257.0,507.5,267.0,1.0
4,396,502.5,262.0,497.5,257.0,507.5,267.0,1.0
4,397,502.5,262.0,497.5,257.0,507.5,267.0,1.0
4,398,502.5,262.0,497.5,257.0,507.5,267.0,1.0
4,399,502.5,262.0,497.5,257.0,507.5,267.0,1.0
4,400,502.5,262.0,497.5,257.0,507.5,267.0,1.0
4,401,502.5,262.0,497.5,257.0,507.5,267.0,1.0
4,402,502.5,262.0,497.5,257.0,507.5,267.0,1.0
4,403,502.5,262.0,497.5,257.0,507.5,267.0,1.0
4,404,502.5,262.0,497.5,257.0,507.5,267.0,1.0
4,405,502.5,262.0,497.5,257.0,507.5,267.0,1.0
4,406,502.5,262.0,497.5,257.0,507.5,267.0,1.0
4,407,502.5,262.0,497.5,257.0,507.5,267.0,1.0
4,408,502.5,262.0,497.5,257.0,507.5,267.0,1.0
4,409,502.5,262.0,497.5,257.0,507.5,267.0,1.0
4,410,502.5,262.0,497.5,257.0,507.5,267.0,1.0
4,411,502.5,262.0,497.5,257.0,507.5,267.0,1.0
4,412,502.5,262.0,497.5,257.0,507.5,267.0,1.0
4,413,502.5,262.0,497.5,257.0,507.5,267.0,1.0
4,414,502.5,262.0,497.5,257.0,507.5,267.0,1.0
4,415,502.5,262.0,497.5,257.0,507.5,267.0,1.0
4,416,502.5,262.0,497.5,257.0,507.5,267.0,1.0
4,417,502.5,262.0,497.5,257.0,507.5,267.0,1.0
4,418,502.5,262.0,497.5,257.0,507.5,267.0,1.0
4,419,502.5,262.0,497.5,257.0,507.5,267.0,1.0
4,420,502.5,262.0,497.5,257.0,507.5,267.0,1.0
4,421,502.5,262.0,497.5,257.0,507.5,267.0,1.0
4,422,502.5,262.0,497.5,257.0,507.5,267.0,1.0
4,423,502.5,262.0,497.5,257.0,507.5,267.0,1.0
4,424,502.5,262.0,497.5,257.0,507.5,267.0,1.0
4,425,502.5,262.0,497.5,257.0,507.5,267.0,1.0
4,426,502.5,262.0,497.5,257.0,507.5,267.0,1.0
4,427,502.5,262.0,497.5,257.0,507.5,267.0,1.0
4,428,502.5,262.0,497.5,257.0,507.5,267.0,1.0
4,429,502.5,262.0,497.5,257.0,507.5,267.0,1.0
4,430,502.5,262.0,497.5,257.0,507.5,267.0,1.0
4,431,502.5,262.0,497.5,257.0,507.5,267.0,1.0
4,432,502.5,262.0,497.5,257.0,507.5,267.0,1.0
4,433,502.5,262.0,497.5,257.0,507.5,267.0,1.0
4,434,502.5,262.0,497.5,257.0,507.5,267.0,1.0
4,435,502.5,262.0,497.5,257.0,507.5,267.0,1.0
4,436,502.5,262.0,497.5,257.0,507.5,267.0,1.0
4,437,502.5,262.0,497.5,257.0,507.5,267.0,1.0
4,438,502.5,262.0,497.5,257.0,507.5,267.0,1.0
4,439,502.5,262.0,497.5,257.0,507.5,267.0,1.0
4,440,502.5,262.0,497.5,257.0,507.5,267.0,1.0
4,441,502.5,262.0,497.5,257.0,507.5,267.0,1.0
4,442,502.5,262.0,497.5,257.0,507.5,267.0,1.0
4,443,502.5,262.0,497.5,257.0,507.5,267.0,1.0
4,444,502.5,262.0,497.5,257.0,507.5,267.0,1.0
4,445,502.5,262.0,497.5,257.0,507.5,267.0,1.0
4,446,502.5,262.0,497.5,257.0,507.5,267.0,1.0
4,447,502.5,262.0,497.5,257.0,507.5,267.0,1.0
4,448,502.5,262.0,497.5,257.0,507.5,267.0,1.0
4,449,502.5,262.0,497.5,257.0,507.5,267.0,1.0
4,450,502.5,262.0,497.5,257.0,507.5,267.0,1.0
5,0,284.5,204.5,279.5,199.5,289.5,209.5,1.0
5,1,284.5,204.5,279.5,199.5,289.5,209.5,1.0
5,2,284.5,204.5,279.5,199.5,289.5,209.5,1.0
5,3,284.5,204.5,279.5,199.5,289.5,209.5,1.0
5,4,284.5,204.5,279.5,199.5,289.5,209.5,1.0
5,5,284.5,204.5,279.5,199.5,289.5,209.5,1.0
5,6,284.5,204.5,279.5,199.5,289.5,209.5,1.0
5,7,284.5,204.5,279.5,199.5,289.5,209.5,1.0
5,8,284.5,204.5,279.5,199.5,289.5,209.5,1.0
5,9,284.5,204.5,279.5,199.5,289.5,209.5,1.0
5,10,284.5,204.5,279.5,199.5,289.5,209.5,1.0
5,11,284.5,204.5,279.5,199.5,289.5,209.5,1.0
5,12,284.5,204.5,279.5,199.5,289.5,209.5,1.0
5,13,284.5,204.5,279.5,199.5,289.5,209.5,1.0
5,14,284.5,204.5,279.5,199.5,289.5,209.5,1.0
5,15,284.5,204.5,279.5,199.5,289.5,209.5,1.0
5,16,284.5,204.5,279.5,199.5,289.5,209.5,1.0
5,17,284.5,204.5,279.5,199.5,289.5,209.5,1.0
5,18,284.5,204.5,279.5,199.5,289.5,209.5,1.0
5,19,284.5,204.5,279.5,199.5,289.5,209.5,1.0
5,20,284.5,204.5,279.5,199.5,289.5,209.5,1.0
5,21,284.5,204.5,279.5,199.5,289.5,209.5,1.0
5,22,284.5,204.5,279.5,199.5,289.5,209.5,1.0
5,23,284.5,204.5,279.5,199.5,289.5,209.5,1.0
5,24,284.5,204.5,279.5,199.5,289.5,209.5,1.0
5,25,284.5,204.5,279.5,199.5,289.5,209.5,1.0
5,26,284.5,204.5,279.5,199.5,289.5,209.5,1.0
5,27,284.5,204.5,279.5,199.5,289.5,209.5,1.0
5,28,284.5,204.5,279.5,199.5,289.5,209.5,1.0
5,29,284.5,204.5,279.5,199.5,289.5,209.5,1.0
5,30,284.5,204.5,279.5,199.5,289.5,209.5,1.0
5,31,284.5,204.5,279.5,199.5,289.5,209.5,1.0
5,32,284.5,204.5,279.5,199.5,289.5,209.5,1.0
5,33,284.5,204.5,279.5,199.5,289.5,209.5,1.0
5,34,284.5,204.5,279.5,199.5,289.5,209.5,1.0
5,35,284.5,204.5,279.5,199.5,289.5,209.5,1.0
5,36,284.5,204.5,279.5,199.5,289.5,209.5,1.0
5,37,284.5,204.5,279.5,199.5,289.5,209.5,1.0
5,38,284.5,204.5,279.5,199.5,289.5,209.5,1.0
5,39,284.5,204.5,279.5,199.5,289.5,209.5,1.0
5,40,284.5,204.5,279.5,199.5,289.5,209.5,1.0
5,41,284.5,204.5,279.5,199.5,289.5,209.5,1.0
5,42,284.5,204.5,279.5,199.5,289.5,209.5,1.0
5,43,284.5,204.5,279.5,199.5,289.5,209.5,1.0
5,44,284.5,204.5,279.5,199.5,289.5,209.5,1.0
5,45,284.5,204.5,279.5,199.5,289.5,209.5,1.0
5,46,284.5,204.5,279.5,199.5,289.5,209.5,1.0
5,47,284.5,204.5,279.5,199.5,289.5,209.5,1.0
5,48,284.5,204.5,279.5,199.5,289.5,209.5,1.0
5,49,284.5,204.5,279.5,199.5,289.5,209.5,1.0
5,50,284.5,204.5,279.5,199.5,289.5,209.5,1.0
5,51,284.5,204.5,279.5,199.5,289.5,209.5,1.0
5,52,284.5,204.5,279.5,199.5,289.5,209.5,1.0
5,53,284.5,204.5,279.5,199.5,289.5,209.5,1.0
5,54,284.5,204.5,279.5,199.5,289.5,209.5,1.0
5,55,284.5,204.5,279.5,199.5,289.5,209.5,1.0
5,56,284.5,204.5,279.5,199.5,289.5,209.5,1.0
5,57,284.5,204.5,279.5,199.5,289.5,209.5,1.0
5,58,284.5,204.5,279.5,199.5,289.5,209.5,1.0
5,59,284.5,204.5,279.5,199.5,289.5,209.5,1.0
5,60,284.5,204.5,279.5,199.5,289.5,209.5,1.0
5,61,284.5,204.5,279.5,199.5,289.5,209.5,1.0
5,62,284.5,204.5,279.5,199.5,289.5,209.5,1.0
5,63,284.5,204.5,279.5,199.5,289.5,209.5,1.0
5,64,284.5,204.5,279.5,199.5,289.5,209.5,1.0
5,65,284.5,204.5,279.5,199.5,289.5,209.5,1.0
5,66,284.5,204.5,279.5,199.5,289.5,209.5,1.0
5,67,284.5,204.5,279.5,199.5,289.5,209.5,1.0
5,68,284.5,204.5,279.5,199.5,289.5,209.5,1.0
5,69,284.5,204.5,279.5,199.5,289.5,209.5,1.0
5,70,284.5,204.5,279.5,199.5,289.5,209.5,1.0
5,71,284.5,204.5,279.5,199.5,289.5,209.5,1.0
5,72,284.5,204.5,279.5,199.5,289.5,209.5,1.0
5,73,284.5,204.5,279.5,199.5,289.5,209.5,1.0
5,74,284.5,204.5,279.5,199.5,289.5,209.5,1.0
5,75,284.5,204.5,279.5,199.5,289.5,209.5,1.0
5,76,284.5,204.5,279.5,199.5,289.5,209.5,1.0
5,77,284.5,204.5,279.5,199.5,289.5,209.5,1.0
5,78,284.5,204.5,279.5,199.5,289.5,209.5,1.0
5,79,284.5,204.5,279.5,199.5,289.5,209.5,1.0
5,80,284.5,204.5,279.5,199.5,289.5,209.5,1.0
5,81,284.5,204.5,279.5,199.5,289.5,209.5,1.0
5,82,284.5,204.5,279.5,199.5,289.5,209.5,1.0
5,83,284.5,204.5,279.5,199.5,289.5,209.5,1.0
5,84,284.5,204.5,279.5,199.5,289.5,209.5,1.0
5,85,284.5,204.5,279.5,199.5,289.5,209.5,1.0
5,86,284.5,204.5,279.5,199.5,289.5,209.5,1.0
5,87,284.5,204.5,279.5,199.5,289.5,209.5,1.0
5,88,284.5,204.5,279.5,199.5,289.5,209.5,1.0
5,89,284.5,204.5,279.5,199.5,289.5,209.5,1.0
5,90,284.5,204.5,279.5,199.5,289.5,209.5,1.0
5,91,284.5,204.5,279.5,199.5,289.5,209.5,1.0
5,92,284.5,204.5,279.5,199.5,289.5,209.5,1.0
5,93,284.5,204.5,279.5,199.5,289.5,209.5,1.0
5,94,284.5,204.5,279.5,199.5,289.5,209.5,1.0
5,95,284.5,204.5,279.5,199.5,289.5,209.5,1.0
5,96,284.5,204.5,279.5,199.5,289.5,209.5,1.0
5,97,284.5,204.5,279.5,199.5,289.5,209.5,1.0
5,98,284.5,204.5,279.5,199.5,289.5,209.5,1.0
5,99,284.5,204.5,279.5,199.5,289.5,209.5,1.0
5,100,284.5,204.5,279.5,199.5,289.5,209.5,1.0
5,101,284.5,204.5,279.5,199.5,289.5,209.5,1.0
5,102,284.5,204.5,279.5,199.5,289.5,209.5,1.0
5,103,284.5,204.5,279.5,199.5,289.5,209.5,1.0
5,104,284.5,204.5,279.5,199.5,289.5,209.5,1.0
5,105,284.5,204.5,279.5,199.5,289.5,209.5,1.0
5,106,284.5,204.5,279.5,199.5,289.5,209.5,1.0
5,107,284.5,204.5,279.5,199.5,289.5,209.5,1.0
5,108,284.5,204.5,279.5,199.5,289.5,209.5,1.0
5,109,284.5,204.5,279.5,199.5,289.5,209.5,1.0
5,110,284.5,204.5,279.5,199.5,289.5,209.5,1.0
5,111,284.5,204.5,279.5,199.5,289.5,209.5,1.0
5,112,284.5,204.5,279.5,199.5,289.5,209.5,1.0
5,113,284.5,204.5,279.5,199.5,289.5,209.5,1.0
5,114,284.5,204.5,279.5,199.5,289.5,209.5,1.0
5,115,284.5,204.5,279.5,199.5,289.5,209.5,1.0
5,116,284.5,204.5,279.5,199.5,289.5,209.5,1.0
5,117,284.5,204.5,279.5,199.5,289.5,209.5,1.0
5,118,284.5,204.5,279.5,199.5,289.5,209.5,1.0
5,119,284.5,204.5,279.5,199.5,289.5,209.5,1.0
5,120,284.5,204.5,279.5,199.5,289.5,209.5,1.0
5,121,284.5,204.5,279.5,199.5,289.5,209.5,1.0
5,122,284.5,204.5,279.5,199.5,289.5,209.5,1.0
5,123,284.5,204.5,279.5,199.5,289.5,209.5,1.0
5,124,284.5,204.5,279.5,199.5,289.5,209.5,1.0
5,125,284.5,204.5,279.5,199.5,289.5,209.5,1.0
5,126,284.5,204.5,279.5,199.5,289.5,209.5,1.0
5,127,284.5,204.5,279.5,199.5,289.5,209.5,1.0
5,128,284.5,204.5,279.5,199.5,289.5,209.5,1.0
5,129,284.5,204.5,279.5,199.5,289.5,209.5,1.0
5,130,284.5,204.5,279.5,199.5,289.5,209.5,1.0
5,131,284.5,204.5,279.5,199.5,289.5,209.5,1.0
5,132,284.5,204.5,279.5,199.5,289.5,209.5,1.0
5,133,284.5,204.5,279.5,199.5,289.5,209.5,1.0
5,134,284.5,204.5,279.5,199.5,289.5,209.5,1.0
5,135,284.5,204.5,279.5,199.5,289.5,209.5,1.0
5,136,284.5,204.5,279.5,199.5,289.5,209.5,1.0
5,137,284.5,204.5,279.5,199.5,289.5,209.5,1.0
5,138,284.5,204.5,279.5,199.5,289.5,209.5,1.0
5,139,284.5,204.5,279.5,199.5,289.5,209.5,1.0
5,140,284.5,204.5,279.5,199.5,289.5,209.5,1.0
5,141,284.5,204.5,279.5,199.5,289.5,209.5,1.0
5,142,284.5,204.5,279.5,199.5,289.5,209.5,1.0
5,143,284.5,204.5,279.5,199.5,289.5,209.5,1.0
5,144,284.5,204.5,279.5,199.5,289.5,209.5,1.0
5,145,284.5,204.5,279.5,199.5,289.5,209.5,1.0
5,146,284.5,204.5,279.5,199.5,289.5,209.5,1.0
5,147,284.5,204.5,279.5,199.5,289.5,209.5,1.0
5,148,284.5,204.5,279.5,199.5,289.5,209.5,1.0
5,149,284.5,204.5,279.5,199.5,289.5,209.5,1.0
5,150,284.5,204.5,279.5,199.5,289.5,209.5,1.0
5,151,284.5,204.5,279.5,199.5,289.5,209.5,1.0
5,152,284.5,204.5,279.5,199.5,289.5,209.5,1.0
5,153,284.5,204.5,279.5,199.5,289.5,209.5,1.0
5,154,284.5,204.5,279.5,199.5,289.5,209.5,1.0
5,155,284.5,204.5,279.5,199.5,289.5,209.5,1.0
5,156,284.5,204.5,279.5,199.5,289.5,209.5,1.0
5,157,284.5,204.5,279.5,199.5,289.5,209.5,1.0
5,158,284.5,204.5,279.5,199.5,289.5,209.5,1.0
5,159,284.5,204.5,279.5,199.5,289.5,209.5,1.0
5,160,284.5,204.5,279.5,199.5,289.5,209.5,1.0
5,161,284.5,204.5,279.5,199.5,289.5,209.5,1.0
5,162,284.5,204.5,279.5,199.5,289.5,209.5,1.0
5,163,284.5,204.5,279.5,199.5,289.5,209.5,1.0
5,164,284.5,204.5,279.5,199.5,289.5,209.5,1.0
5,165,284.5,204.5,279.5,199.5,289.5,209.5,1.0
5,166,284.5,204.5,279.5,199.5,289.5,209.5,1.0
5,167,284.5,204.5,279.5,199.5,289.5,209.5,1.0
5,168,284.5,204.5,279.5,199.5,289.5,209.5,1.0
5,169,284.5,204.5,279.5,199.5,289.5,209.5,1.0
5,170,284.5,204.5,279.5,199.5,289.5,209.5,1.0
5,171,284.5,204.5,279.5,199.5,289.5,209.5,1.0
5,172,284.5,204.5,279.5,199.5,289.5,209.5,1.0
5,173,284.5,204.5,279.5,199.5,289.5,209.5,1.0
5,174,284.5,204.5,279.5,199.5,289.5,209.5,1.0
5,175,284.5,204.5,279.5,199.5,289.5,209.5,1.0
5,176,284.5,204.5,279.5,199.5,289.5,209.5,1.0
5,177,284.5,204.5,279.5,199.5,289.5,209.5,1.0
5,178,284.5,204.5,279.5,199.5,289.5,209.5,1.0
5,179,284.5,204.5,279.5,199.5,289.5,209.5,1.0
5,180,284.5,204.5,279.5,199.5,289.5,209.5,1.0
5,181,284.5,204.5,279.5,199.5,289.5,209.5,1.0
5,182,284.5,204.5,279.5,199.5,289.5,209.5,1.0
5,183,284.5,204.5,279.5,199.5,289.5,209.5,1.0
5,184,284.5,204.5,279.5,199.5,289.5,209.5,1.0
5,185,284.5,204.5,279.5,199.5,289.5,209.5,1.0
5,186,284.5,204.5,279.5,199.5,289.5,209.5,1.0
5,187,284.5,204.5,279.5,199.5,289.5,209.5,1.0
5,188,284.5,204.5,279.5,199.5,289.5,209.5,1.0
5,189,284.5,204.5,279.5,199.5,289.5,209.5,1.0
5,190,284.5,204.5,279.5,199.5,289.5,209.5,1.0
5,191,284.5,204.5,279.5,199.5,289.5,209.5,1.0
5,192,284.5,204.5,279.5,199.5,289.5,209.5,1.0
5,193,284.5,204.5,279.5,199.5,289.5,209.5,1.0
5,194,284.5,204.5,279.5,199.5,289.5,209.5,1.0
5,195,284.5,204.5,279.5,199.5,289.5,209.5,1.0
5,196,284.5,204.5,279.5,199.5,289.5,209.5,1.0
5,197,284.5,204.5,279.5,199.5,289.5,209.5,1.0
5,198,284.5,204.5,279.5,199.5,289.5,209.5,1.0
5,199,284.5,204.5,279.5,199.5,289.5,209.5,1.0
5,200,284.5,204.5,279.5,199.5,289.5,209.5,1.0
5,201,284.5,204.5,279.5,199.5,289.5,209.5,1.0
5,202,284.5,204.5,279.5,199.5,289.5,209.5,1.0
5,203,284.5,204.5,279.5,199.5,289.5,209.5,1.0
5,204,284.5,204.5,279.5,199.5,289.5,209.5,1.0
5,205,284.5,204.5,279.5,199.5,289.5,209.5,1.0
5,206,284.5,204.5,279.5,199.5,289.5,209.5,1.0
5,207,284.5,204.5,279.5,199.5,289.5,209.5,1.0
5,208,284.5,204.5,279.5,199.5,289.5,209.5,1.0
5,209,284.5,204.5,279.5,199.5,289.5,209.5,1.0
5,210,284.5,204.5,279.5,199.5,289.5,209.5,1.0
5,211,284.5,204.5,279.5,199.5,289.5,209.5,1.0
5,212,284.5,204.5,279.5,199.5,289.5,209.5,1.0
5,213,284.5,204.5,279.5,199.5,289.5,209.5,1.0
5,214,284.5,204.5,279.5,199.5,289.5,209.5,1.0
5,215,284.5,204.5,279.5,199.5,289.5,209.5,1.0
5,216,284.5,204.5,279.5,199.5,289.5,209.5,1.0
5,217,284.5,204.5,279.5,199.5,289.5,209.5,1.0
5,218,284.5,204.5,279.5,199.5,289.5,209.5,1.0
5,219,284.5,204.5,279.5,199.5,289.5,209.5,1.0
5,220,284.5,204.5,279.5,199.5,289.5,209.5,1.0
5,221,284.5,204.5,279.5,199.5,289.5,209.5,1.0
5,222,284.5,204.5,279.5,199.5,289.5,209.5,1.0
5,223,284.5,204.5,279.5,199.5,289.5,209.5,1.0
5,224,284.5,204.5,279.5,199.5,289.5,209.5,1.0
5,225,284.5,204.5,279.5,199.5,289.5,209.5,1.0
5,226,284.5,204.5,279.5,199.5,289.5,209.5,1.0
5,227,284.5,204.5,279.5,199.5,289.5,209.5,1.0
5,228,284.5,204.5,279.5,199.5,289.5,209.5,1.0
5,229,284.5,204.5,279.5,199.5,289.5,209.5,1.0
5,230,284.5,204.5,279.5,199.5,289.5,209.5,1.0
5,231,284.5,204.5,279.5,199.5,289.5,209.5,1.0
5,232,284.5,204.5,279.5,199.5,289.5,209.5,1.0
5,233,284.5,204.5,279.5,199.5,289.5,209.5,1.0
5,234,284.5,204.5,279.5,199.5,289.5,209.5,1.0
5,235,284.5,204.5,279.5,199.5,289.5,209.5,1.0
5,236,284.5,204.5,279.5,199.5,289.5,209.5,1.0
5,237,284.5,204.5,279.5,199.5,289.5,209.5,1.0
5,238,284.5,204.5,279.5,199.5,289.5,209.5,1.0
5,239,284.5,204.5,279.5,199.5,289.5,209.5,1.0
5,240,284.5,204.5,279.5,199.5,289.5,209.5,1.0
5,241,284.5,204.5,279.5,199.5,289.5,209.5,1.0
5,242,284.5,204.5,279.5,199.5,289.5,209.5,1.0
5,243,284.5,204.5,279.5,199.5,289.5,209.5,1.0
5,244,284.5,204.5,279.5,199.5,289.5,209.5,1.0
5,245,284.5,204.5,279.5,199.5,289.5,209.5,1.0
5,246,284.5,204.5,279.5,199.5,289.5,209.5,1.0
5,247,284.5,204.5,279.5,199.5,289.5,209.5,1.0
5,248,284.5,204.5,279.5,199.5,289.5,209.5,1.0
5,249,284.5,204.5,279.5,199.5,289.5,209.5,1.0
5,250,284.5,204.5,279.5,199.5,289.5,209.5,1.0
5,251,284.5,204.5,279.5,199.5,289.5,209.5,1.0
5,252,284.5,204.5,279.5,199.5,289.5,209.5,1.0
5,253,284.5,204.5,279.5,199.5,289.5,209.5,1.0
5,254,284.5,204.5,279.5,199.5,289.5,209.5,1.0
5,255,284.5,204.5,279.5,199.5,289.5,209.5,1.0
5,256,284.5,204.5,279.5,199.5,289.5,209.5,1.0
5,257,284.5,204.5,279.5,199.5,289.5,209.5,1.0
5,258,284.5,204.5,279.5,199.5,289.5,209.5,1.0
5,259,284.5,204.5,279.5,199.5,289.5,209.5,1.0
5,260,284.5,204.5,279.5,199.5,289.5,209.5,1.0
5,261,284.5,204.5,279.5,199.5,289.5,209.5,1.0
5,262,284.5,204.5,279.5,199.5,289.5,209.5,1.0
5,263,284.5,204.5,279.5,199.5,289.5,209.5,1.0
5,264,284.5,204.5,279.5,199.5,289.5,209.5,1.0
5,265,284.5,204.5,279.5,199.5,289.5,209.5,1.0
5,266,284.5,204.5,279.5,199.5,289.5,209.5,1.0
5,267,284.5,204.5,279.5,199.5,289.5,209.5,1.0
5,268,284.5,204.5,279.5,199.5,289.5,209.5,1.0
5,269,284.5,204.5,279.5,199.5,289.5,209.5,1.0
5,270,284.5,204.5,279.5,199.5,289.5,209.5,1.0
5,271,284.5,204.5,279.5,199.5,289.5,209.5,1.0
5,272,284.5,204.5,279.5,199.5,289.5,209.5,1.0
5,273,284.5,204.5,279.5,199.5,289.5,209.5,1.0
5,274,284.5,204.5,279.5,199.5,289.5,209.5,1.0
5,275,284.5,204.5,279.5,199.5,289.5,209.5,1.0
5,276,284.5,204.5,279.5,199.5,289.5,209.5,1.0
5,277,284.5,204.5,279.5,199.5,289.5,209.5,1.0
5,278,284.5,204.5,279.5,199.5,289.5,209.5,1.0
5,279,284.5,204.5,279.5,199.5,289.5,209.5,1.0
5,280,284.5,204.5,279.5,199.5,289.5,209.5,1.0
5,281,284.5,204.5,279.5,199.5,289.5,209.5,1.0
5,282,284.5,204.5,279.5,199.5,289.5,209.5,1.0
5,283,284.5,204.5,279.5,199.5,289.5,209.5,1.0
5,284,284.5,204.5,279.5,199.5,289.5,209.5,1.0
5,285,284.5,204.5,279.5,199.5,289.5,209.5,1.0
5,286,284.5,204.5,279.5,199.5,289.5,209.5,1.0
5,287,284.5,204.5,279.5,199.5,289.5,209.5,1.0
5,288,284.5,204.5,279.5,199.5,289.5,209.5,1.0
5,289,284.5,204.5,279.5,199.5,289.5,209.5,1.0
5,290,284.5,204.5,279.5,199.5,289.5,209.5,1.0
5,291,284.5,204.5,279.5,199.5,289.5,209.5,1.0
5,292,284.5,204.5,279.5,199.5,289.5,209.5,1.0
5,293,284.5,204.5,279.5,199.5,289.5,209.5,1.0
5,294,284.5,204.5,279.5,199.5,289.5,209.5,1.0
5,295,284.5,204.5,279.5,199.5,289.5,209.5,1.0
5,296,284.5,204.5,279.5,199.5,289.5,209.5,1.0
5,297,284.5,204.5,279.5,199.5,289.5,209.5,1.0
5,298,284.5,204.5,279.5,199.5,289.5,209.5,1.0
5,299,284.5,204.5,279.5,199.5,289.5,209.5,1.0
5,300,284.5,204.5,279.5,199.5,289.5,209.5,1.0
5,301,284.5,204.5,279.5,199.5,289.5,209.5,1.0
5,302,284.5,204.5,279.5,199.5,289.5,209.5,1.0
5,303,284.5,204.5,279.5,199.5,289.5,209.5,1.0
5,304,284.5,204.5,279.5,199.5,289.5,209.5,1.0
5,305,284.5,204.5,279.5,199.5,289.5,209.5,1.0
5,306,284.5,204.5,279.5,199.5,289.5,209.5,1.0
5,307,284.5,204.5,279.5,199.5,289.5,209.5,1.0
5,308,284.5,204.5,279.5,199.5,289.5,209.5,1.0
5,309,284.5,204.5,279.5,199.5,289.5,209.5,1.0
5,310,284.5,204.5,279.5,199.5,289.5,209.5,1.0
5,311,284.5,204.5,279.5,199.5,289.5,209.5,1.0
5,312,284.5,204.5,279.5,199.5,289.5,209.5,1.0
5,313,284.5,204.5,279.5,199.5,289.5,209.5,1.0
5,314,284.5,204.5,279.5,199.5,289.5,209.5,1.0
5,315,284.5,204.5,279.5,199.5,289.5,209.5,1.0
5,316,284.5,204.5,279.5,199.5,289.5,209.5,1.0
5,317,284.5,204.5,279.5,199.5,289.5,209.5,1.0
5,318,284.5,204.5,279.5,199.5,289.5,209.5,1.0
5,319,284.5,204.5,279.5,199.5,289.5,209.5,1.0
5,320,284.5,204.5,279.5,199.5,289.5,209.5,1.0
5,321,284.5,204.5,279.5,199.5,289.5,209.5,1.0
5,322,284.5,204.5,279.5,199.5,289.5,209.5,1.0
5,323,284.5,204.5,279.5,199.5,289.5,209.5,1.0
5,324,284.5,204.5,279.5,199.5,289.5,209.5,1.0
5,325,284.5,204.5,279.5,199.5,289.5,209.5,1.0
5,326,284.5,204.5,279.5,199.5,289.5,209.5,1.0
5,327,284.5,204.5,279.5,199.5,289.5,209.5,1.0
5,328,284.5,204.5,279.5,199.5,289.5,209.5,1.0
5,329,284.5,204.5,279.5,199.5,289.5,209.5,1.0
5,330,284.5,204.5,279.5,199.5,289.5,209.5,1.0
5,331,284.5,204.5,279.5,199.5,289.5,209.5,1.0
5,332,284.5,204.5,279.5,199.5,289.5,209.5,1.0
5,333,284.5,204.5,279.5,199.5,289.5,209.5,1.0
5,334,284.5,204.5,279.5,199.5,289.5,209.5,1.0
5,335,284.5,204.5,279.5,199.5,289.5,209.5,1.0
5,336,284.5,204.5,279.5,199.5,289.5,209.5,1.0
5,337,284.5,204.5,279.5,199.5,289.5,209.5,1.0
5,338,284.5,204.5,279.5,199.5,289.5,209.5,1.0
5,339,284.5,204.5,279.5,199.5,289.5,209.5,1.0
5,340,284.5,204.5,279.5,199.5,289.5,209.5,1.0
5,341,284.5,204.5,279.5,199.5,289.5,209.5,1.0
5,342,284.5,204.5,279.5,199.5,289.5,209.5,1.0
5,343,284.5,204.5,279.5,199.5,289.5,209.5,1.0
5,344,284.5,204.5,279.5,199.5,289.5,209.5,1.0
5,345,284.5,204.5,279.5,199.5,289.5,209.5,1.0
5,346,284.5,204.5,279.5,199.5,289.5,209.5,1.0
5,347,284.5,204.5,279.5,199.5,289.5,209.5,1.0
5,348,284.5,204.5,279.5,199.5,289.5,209.5,1.0
5,349,284.5,204.5,279.5,199.5,289.5,209.5,1.0
5,350,284.5,204.5,279.5,199.5,289.5,209.5,1.0
5,351,284.5,204.5,279.5,199.5,289.5,209.5,1.0
5,352,284.5,204.5,279.5,199.5,289.5,209.5,1.0
5,353,284.5,204.5,279.5,199.5,289.5,209.5,1.0
5,354,284.5,204.5,279.5,199.5,289.5,209.5,1.0
5,355,284.5,204.5,279.5,199.5,289.5,209.5,1.0
5,356,284.5,204.5,279.5,199.5,289.5,209.5,1.0
5,357,284.5,204.5,279.5,199.5,289.5,209.5,1.0
5,358,284.5,204.5,279.5,199.5,289.5,209.5,1.0
5,359,284.5,204.5,279.5,199.5,289.5,209.5,1.0
5,360,284.5,204.5,279.5,199.5,289.5,209.5,1.0
5,361,284.5,204.5,279.5,199.5,289.5,209.5,1.0
5,362,284.5,204.5,279.5,199.5,289.5,209.5,1.0
5,363,284.5,204.5,279.5,199.5,289.5,209.5,1.0
5,364,284.5,204.5,279.5,199.5,289.5,209.5,1.0
5,365,284.5,204.5,279.5,199.5,289.5,209.5,1.0
5,366,284.5,204.5,279.5,199.5,289.5,209.5,1.0
5,367,284.5,204.5,279.5,199.5,289.5,209.5,1.0
5,368,284.5,204.5,279.5,199.5,289.5,209.5,1.0
5,369,284.5,204.5,279.5,199.5,289.5,209.5,1.0
5,370,284.5,204.5,279.5,199.5,289.5,209.5,1.0
5,371,284.5,204.5,279.5,199.5,289.5,209.5,1.0
5,372,284.5,204.5,279.5,199.5,289.5,209.5,1.0
5,373,284.5,204.5,279.5,199.5,289.5,209.5,1.0
5,374,284.5,204.5,279.5,199.5,289.5,209.5,1.0
5,375,284.5,204.5,279.5,199.5,289.5,209.5,1.0
5,376,284.5,204.5,279.5,199.5,289.5,209.5,1.0
5,377,284.5,204.5,279.5,199.5,289.5,209.5,1.0
5,378,284.5,204.5,279.5,199.5,289.5,209.5,1.0
5,379,284.5,204.5,279.5,199.5,289.5,209.5,1.0
5,380,284.5,204.5,279.5,199.5,289.5,209.5,1.0
5,381,284.5,204.5,279.5,199.5,289.5,209.5,1.0
5,382,284.5,204.5,279.5,199.5,289.5,209.5,1.0
5,383,284.5,204.5,279.5,199.5,289.5,209.5,1.0
5,384,284.5,204.5,279.5,199.5,289.5,209.5,1.0
5,385,284.5,204.5,279.5,199.5,289.5,209.5,1.0
5,386,284.5,204.5,279.5,199.5,289.5,209.5,1.0
5,387,284.5,204.5,279.5,199.5,289.5,209.5,1.0
5,388,284.5,204.5,279.5,199.5,289.5,209.5,1.0
5,389,284.5,204.5,279.5,199.5,289.5,209.5,1.0
5,390,284.5,204.5,279.5,199.5,289.5,209.5,1.0
5,391,284.5,204.5,279.5,199.5,289.5,209.5,1.0
5,392,284.5,204.5,279.5,199.5,289.5,209.5,1.0
5,393,284.5,204.5,279.5,199.5,289.5,209.5,1.0
5,394,284.5,204.5,279.5,199.5,289.5,209.5,1.0
5,395,284.5,204.5,279.5,199.5,289.5,209.5,1.0
5,396,284.5,204.5,279.5,199.5,289.5,209.5,1.0
5,397,284.5,204.5,279.5,199.5,289.5,209.5,1.0
5,398,284.5,204.5,279.5,199.5,289.5,209.5,1.0
5,399,284.5,204.5,279.5,199.5,289.5,209.5,1.0
5,400,284.5,204.5,279.5,199.5,289.5,209.5,1.0
5,401,284.5,204.5,279.5,199.5,289.5,209.5,1.0
5,402,284.5,204.5,279.5,199.5,289.5,209.5,1.0
5,403,284.5,204.5,279.5,199.5,289.5,209.5,1.0
5,404,284.5,204.5,279.5,199.5,289.5,209.5,1.0
5,405,284.5,204.5,279.5,199.5,289.5,209.5,1.0
5,406,284.5,204.5,279.5,199.5,289.5,209.5,1.0
5,407,284.5,204.5,279.5,199.5,289.5,209.5,1.0
5,408,284.5,204.5,279.5,199.5,289.5,209.5,1.0
5,409,284.5,204.5,279.5,199.5,289.5,209.5,1.0
5,410,284.5,204.5,279.5,199.5,289.5,209.5,1.0
5,411,284.5,204.5,279.5,199.5,289.5,209.5,1.0
5,412,284.5,204.5,279.5,199.5,289.5,209.5,1.0
5,413,284.5,204.5,279.5,199.5,289.5,209.5,1.0
5,414,284.5,204.5,279.5,199.5,289.5,209.5,1.0
5,415,284.5,204.5,279.5,199.5,289.5,209.5,1.0
5,416,284.5,204.5,279.5,199.5,289.5,209.5,1.0
5,417,284.5,204.5,279.5,199.5,289.5,209.5,1.0
5,418,284.5,204.5,279.5,199.5,289.5,209.5,1.0
5,419,284.5,204.5,279.5,199.5,289.5,209.5,1.0
5,420,284.5,204.5,279.5,199.5,289.5,209.5,1.0
5,421,284.5,204.5,279.5,199.5,289.5,209.5,1.0
5,422,284.5,204.5,279.5,199.5,289.5,209.5,1.0
5,423,284.5,204.5,279.5,199.5,289.5,209.5,1.0
5,424,284.5,204.5,279.5,199.5,289.5,209.5,1.0
5,425,284.5,204.5,279.5,199.5,289.5,209.5,1.0
5,426,284.5,204.5,279.5,199.5,289.5,209.5,1.0
5,427,284.5,204.5,279.5,199.5,289.5,209.5,1.0
5,428,284.5,204.5,279.5,199.5,289.5,209.5,1.0
5,429,284.5,204.5,279.5,199.5,289.5,209.5,1.0
5,430,284.5,204.5,279.5,199.5,289.5,209.5,1.0
5,431,284.5,204.5,279.5,199.5,289.5,209.5,1.0
5,432,284.5,204.5,279.5,199.5,289.5,209.5,1.0
5,433,284.5,204.5,279.5,199.5,289.5,209.5,1.0
5,434,284.5,204.5,279.5,199.5,289.5,209.5,1.0
5,435,284.5,204.5,279.5,199.5,289.5,209.5,1.0
5,436,284.5,204.5,279.5,199.5,289.5,209.5,1.0
5,437,284.5,204.5,279.5,199.5,289.5,209.5,1.0
5,438,284.5,204.5,279.5,199.5,289.5,209.5,1.0
5,439,284.5,204.5,279.5,199.5,289.5,209.5,1.0
5,440,284.5,204.5,279.5,199.5,289.5,209.5,1.0
5,441,284.5,204.5,279.5,199.5,289.5,209.5,1.0
5,442,284.5,204.5,279.5,199.5,289.5,209.5,1.0
5,443,284.5,204.5,279.5,199.5,289.5,209.5,1.0
5,444,284.5,204.5,279.5,199.5,289.5,209.5,1.0
5,445,284.5,204.5,279.5,199.5,289.5,209.5,1.0
5,446,284.5,204.5,279.5,199.5,289.5,209.5,1.0
5,447,284.5,204.5,279.5,199.5,289.5,209.5,1.0
5,448,284.5,204.5,279.5,199.5,289.5,209.5,1.0
5,449,284.5,204.5,279.5,199.5,289.5,209.5,1.0
5,450,284.5,204.5,279.5,199.5,289.5,209.5,1.0
6,451,52.0,279.5,47.0,274.5,57.0,284.5,1.0
6,452,52.0,279.5,47.0,274.5,57.0,284.5,1.0
6,453,52.0,279.5,47.0,274.5,57.0,284.5,1.0
6,454,52.0,279.5,47.0,274.5,57.0,284.5,1.0
6,455,52.0,279.5,47.0,274.5,57.0,284.5,1.0
6,456,52.0,279.5,47.0,274.5,57.0,284.5,1.0
6,457,52.0,279.5,47.0,274.5,57.0,284.5,1.0
6,458,52.0,279.5,47.0,274.5,57.0,284.5,1.0
6,459,52.0,279.5,47.0,274.5,57.0,284.5,1.0
6,460,52.0,279.5,47.0,274.5,57.0,284.5,1.0
6,461,52.0,279.5,47.0,274.5,57.0,284.5,1.0
6,462,52.0,279.5,47.0,274.5,57.0,284.5,1.0
6,463,52.0,279.5,47.0,274.5,57.0,284.5,1.0
6,464,52.0,279.5,47.0,274.5,57.0,284.5,1.0
6,465,52.0,279.5,47.0,274.5,57.0,284.5,1.0
6,466,52.0,279.5,47.0,274.5,57.0,284.5,1.0
6,467,52.0,279.5,47.0,274.5,57.0,284.5,1.0
6,468,52.0,279.5,47.0,274.5,57.0,284.5,1.0
6,469,52.0,279.5,47.0,274.5,57.0,284.5,1.0
6,470,52.0,279.5,47.0,274.5,57.0,284.5,1.0
6,471,52.0,279.5,47.0,274.5,57.0,284.5,1.0
6,472,52.0,279.5,47.0,274.5,57.0,284.5,1.0
6,473,52.0,279.5,47.0,274.5,57.0,284.5,1.0
6,474,52.0,279.5,47.0,274.5,57.0,284.5,1.0
6,475,52.0,279.5,47.0,274.5,57.0,284.5,1.0
6,476,52.0,279.5,47.0,274.5,57.0,284.5,1.0
6,477,52.0,279.5,47.0,274.5,57.0,284.5,1.0
6,478,52.0,279.5,47.0,274.5,57.0,284.5,1.0
6,479,52.0,279.5,47.0,274.5,57.0,284.5,1.0
6,480,52.0,279.5,47.0,274.5,57.0,284.5,1.0
6,481,52.0,279.5,47.0,274.5,57.0,284.5,1.0
6,482,52.0,279.5,47.0,274.5,57.0,284.5,1.0
6,483,52.0,279.5,47.0,274.5,57.0,284.5,1.0
6,484,52.0,279.5,47.0,274.5,57.0,284.5,1.0
6,485,52.0,279.5,47.0,274.5,57.0,284.5,1.0
6,486,52.0,279.5,47.0,274.5,57.0,284.5,1.0
6,487,52.0,279.5,47.0,274.5,57.0,284.5,1.0
6,488,52.0,279.5,47.0,274.5,57.0,284.5,1.0
6,489,52.0,279.5,47.0,274.5,57.0,284.5,1.0
6,490,52.0,279.5,47.0,274.5,57.0,284.5,1.0
6,491,52.0,279.5,47.0,274.5,57.0,284.5,1.0
6,492,52.0,279.5,47.0,274.5,57.0,284.5,1.0
6,493,52.0,279.5,47.0,274.5,57.0,284.5,1.0
6,494,52.0,279.5,47.0,274.5,57.0,284.5,1.0
6,495,52.0,279.5,47.0,274.5,57.0,284.5,1.0
6,496,52.0,279.5,47.0,274.5,57.0,284.5,1.0
6,497,52.0,279.5,47.0,274.5,57.0,284.5,1.0
6,498,52.0,279.5,47.0,274.5,57.0,284.5,1.0
6,499,52.0,279.5,47.0,274.5,57.0,284.5,1.0
6,500,52.0,279.5,47.0,274.5,57.0,284.5,1.0
6,501,52.0,279.5,47.0,274.5,57.0,284.5,1.0
6,502,52.0,279.5,47.0,274.5,57.0,284.5,1.0
6,503,52.0,279.5,47.0,274.5,57.0,284.5,1.0
6,504,52.0,279.5,47.0,274.5,57.0,284.5,1.0
6,505,52.0,279.5,47.0,274.5,57.0,284.5,1.0
6,506,52.0,279.5,47.0,274.5,57.0,284.5,1.0
6,507,52.0,279.5,47.0,274.5,57.0,284.5,1.0
6,508,52.0,279.5,47.0,274.5,57.0,284.5,1.0
6,509,52.0,279.5,47.0,274.5,57.0,284.5,1.0
6,510,52.0,279.5,47.0,274.5,57.0,284.5,1.0
6,511,52.0,279.5,47.0,274.5,57.0,284.5,1.0
6,512,52.0,279.5,47.0,274.5,57.0,284.5,1.0
6,513,52.0,279.5,47.0,274.5,57.0,284.5,1.0
6,514,52.0,279.5,47.0,274.5,57.0,284.5,1.0
6,515,52.0,279.5,47.0,274.5,57.0,284.5,1.0
6,516,52.0,279.5,47.0,274.5,57.0,284.5,1.0
6,517,52.0,279.5,47.0,274.5,57.0,284.5,1.0
6,518,52.0,279.5,47.0,274.5,57.0,284.5,1.0
6,519,52.0,279.5,47.0,274.5,57.0,284.5,1.0
6,520,52.0,279.5,47.0,274.5,57.0,284.5,1.0
6,521,52.0,279.5,47.0,274.5,57.0,284.5,1.0
6,522,52.0,279.5,47.0,274.5,57.0,284.5,1.0
6,523,52.0,279.5,47.0,274.5,57.0,284.5,1.0
6,524,52.0,279.5,47.0,274.5,57.0,284.5,1.0
6,525,52.0,279.5,47.0,274.5,57.0,284.5,1.0
6,526,52.0,279.5,47.0,274.5,57.0,284.5,1.0
6,527,52.0,279.5,47.0,274.5,57.0,284.5,1.0
6,528,52.0,279.5,47.0,274.5,57.0,284.5,1.0
6,529,52.0,279.5,47.0,274.5,57.0,284.5,1.0
6,530,52.0,279.5,47.0,274.5,57.0,284.5,1.0
6,531,52.0,279.5,47.0,274.5,57.0,284.5,1.0
6,532,52.0,279.5,47.0,274.5,57.0,284.5,1.0
6,533,52.0,279.5,47.0,274.5,57.0,284.5,1.0
6,534,52.0,279.5,47.0,274.5,57.0,284.5,1.0
6,535,52.0,279.5,47.0,274.5,57.0,284.5,1.0
6,536,52.0,279.5,47.0,274.5,57.0,284.5,1.0
6,537,52.0,279.5,47.0,274.5,57.0,284.5,1.0
6,538,52.0,279.5,47.0,274.5,57.0,284.5,1.0
6,539,52.0,279.5,47.0,274.5,57.0,284.5,1.0
6,540,52.0,279.5,47.0,274.5,57.0,284.5,1.0
6,541,52.0,279.5,47.0,274.5,57.0,284.5,1.0
6,542,52.0,279.5,47.0,274.5,57.0,284.5,1.0
6,543,52.0,279.5,47.0,274.5,57.0,284.5,1.0
6,544,52.0,279.5,47.0,274.5,57.0,284.5,1.0
6,545,52.0,279.5,47.0,274.5,57.0,284.5,1.0
6,546,52.0,279.5,47.0,274.5,57.0,284.5,1.0
6,547,52.0,279.5,47.0,274.5,57.0,284.5,1.0
6,548,52.0,279.5,47.0,274.5,57.0,284.5,1.0
6,549,52.0,279.5,47.0,274.5,57.0,284.5,1.0
6,550,52.0,279.5,47.0,274.5,57.0,284.5,1.0
6,551,52.0,279.5,47.0,274.5,57.0,284.5,1.0
6,552,52.0,279.5,47.0,274.5,57.0,284.5,1.0
6,553,52.0,279.5,47.0,274.5,57.0,284.5,1.0
6,554,52.0,279.5,47.0,274.5,57.0,284.5,1.0
6,555,52.0,279.5,47.0,274.5,57.0,284.5,1.0
6,556,52.0,279.5,47.0,274.5,57.0,284.5,1.0
6,557,52.0,279.5,47.0,274.5,57.0,284.5,1.0
6,558,52.0,279.5,47.0,274.5,57.0,284.5,1.0
6,559,52.0,279.5,47.0,274.5,57.0,284.5,1.0
6,560,52.0,279.5,47.0,274.5,57.0,284.5,1.0
6,561,52.0,279.5,47.0,274.5,57.0,284.5,1.0
6,562,52.0,279.5,47.0,274.5,57.0,284.5,1.0
6,563,52.0,279.5,47.0,274.5,57.0,284.5,1.0
6,564,52.0,279.5,47.0,274.5,57.0,284.5,1.0
6,565,52.0,279.5,47.0,274.5,57.0,284.5,1.0
6,566,52.0,279.5,47.0,274.5,57.0,284.5,1.0
6,567,52.0,279.5,47.0,274.5,57.0,284.5,1.0
6,568,52.0,279.5,47.0,274.5,57.0,284.5,1.0
6,569,52.0,279.5,47.0,274.5,57.0,284.5,1.0
6,570,52.0,279.5,47.0,274.5,57.0,284.5,1.0
6,571,52.0,279.5,47.0,274.5,57.0,284.5,1.0
6,572,52.0,279.5,47.0,274.5,57.0,284.5,1.0
6,573,52.0,279.5,47.0,274.5,57.0,284.5,1.0
6,574,52.0,279.5,47.0,274.5,57.0,284.5,1.0
6,575,52.0,279.5,47.0,274.5,57.0,284.5,1.0
6,576,52.0,279.5,47.0,274.5,57.0,284.5,1.0
6,577,52.0,279.5,47.0,274.5,57.0,284.5,1.0
6,578,52.0,279.5,47.0,274.5,57.0,284.5,1.0
6,579,52.0,279.5,47.0,274.5,57.0,284.5,1.0
6,580,52.0,279.5,47.0,274.5,57.0,284.5,1.0
6,581,52.0,279.5,47.0,274.5,57.0,284.5,1.0
6,582,52.0,279.5,47.0,274.5,57.0,284.5,1.0
6,583,52.0,279.5,47.0,274.5,57.0,284.5,1.0
6,584,52.0,279.5,47.0,274.5,57.0,284.5,1.0
6,585,52.0,279.5,47.0,274.5,57.0,284.5,1.0
6,586,52.0,279.5,47.0,274.5,57.0,284.5,1.0
6,587,52.0,279.5,47.0,274.5,57.0,284.5,1.0
6,588,52.0,279.5,47.0,274.5,57.0,284.5,1.0
6,589,52.0,279.5,47.0,274.5,57.0,284.5,1.0
6,590,52.0,279.5,47.0,274.5,57.0,284.5,1.0
6,591,52.0,279.5,47.0,274.5,57.0,284.5,1.0
6,592,52.0,279.5,47.0,274.5,57.0,284.5,1.0
6,593,52.0,279.5,47.0,274.5,57.0,284.5,1.0
6,594,52.0,279.5,47.0,274.5,57.0,284.5,1.0
6,595,52.0,279.5,47.0,274.5,57.0,284.5,1.0
6,596,52.0,279.5,47.0,274.5,57.0,284.5,1.0
6,597,52.0,279.5,47.0,274.5,57.0,284.5,1.0
6,598,52.0,279.5,47.0,274.5,57.0,284.5,1.0
6,599,52.0,279.5,47.0,274.5,57.0,284.5,1.0
6,600,52.0,279.5,47.0,274.5,57.0,284.5,1.0
6,601,52.0,279.5,47.0,274.5,57.0,284.5,1.0
6,602,52.0,279.5,47.0,274.5,57.0,284.5,1.0
6,603,52.0,279.5,47.0,274.5,57.0,284.5,1.0
6,604,52.0,279.5,47.0,274.5,57.0,284.5,1.0
6,605,52.0,279.5,47.0,274.5,57.0,284.5,1.0
6,606,52.0,279.5,47.0,274.5,57.0,284.5,1.0
6,607,52.0,279.5,47.0,274.5,57.0,284.5,1.0
6,608,52.0,279.5,47.0,274.5,57.0,284.5,1.0
6,609,52.0,279.5,47.0,274.5,57.0,284.5,1.0
6,610,52.0,279.5,47.0,274.5,57.0,284.5,1.0
6,611,52.0,279.5,47.0,274.5,57.0,284.5,1.0
6,612,52.0,279.5,47.0,274.5,57.0,284.5,1.0
6,613,52.0,279.5,47.0,274.5,57.0,284.5,1.0
6,614,52.0,279.5,47.0,274.5,57.0,284.5,1.0
6,615,52.0,279.5,47.0,274.5,57.0,284.5,1.0
6,616,52.0,279.5,47.0,274.5,57.0,284.5,1.0
6,617,52.0,279.5,47.0,274.5,57.0,284.5,1.0
6,618,52.0,279.5,47.0,274.5,57.0,284.5,1.0
6,619,52.0,279.5,47.0,274.5,57.0,284.5,1.0
6,620,52.0,279.5,47.0,274.5,57.0,284.5,1.0
6,621,52.0,279.5,47.0,274.5,57.0,284.5,1.0
6,622,52.0,279.5,47.0,274.5,57.0,284.5,1.0
6,623,52.0,279.5,47.0,274.5,57.0,284.5,1.0
6,624,52.0,279.5,47.0,274.5,57.0,284.5,1.0
6,625,52.0,279.5,47.0,274.5,57.0,284.5,1.0
6,626,52.0,279.5,47.0,274.5,57.0,284.5,1.0
6,627,52.0,279.5,47.0,274.5,57.0,284.5,1.0
6,628,52.0,279.5,47.0,274.5,57.0,284.5,1.0
6,629,52.0,279.5,47.0,274.5,57.0,284.5,1.0
6,630,52.0,279.5,47.0,274.5,57.0,284.5,1.0
6,631,52.0,279.5,47.0,274.5,57.0,284.5,1.0
6,632,52.0,279.5,47.0,274.5,57.0,284.5,1.0
6,633,52.0,279.5,47.0,274.5,57.0,284.5,1.0
6,634,52.0,279.5,47.0,274.5,57.0,284.5,1.0
6,635,52.0,279.5,47.0,274.5,57.0,284.5,1.0
6,636,52.0,279.5,47.0,274.5,57.0,284.5,1.0
6,637,52.0,279.5,47.0,274.5,57.0,284.5,1.0
6,638,52.0,279.5,47.0,274.5,57.0,284.5,1.0
6,639,52.0,279.5,47.0,274.5,57.0,284.5,1.0
6,640,52.0,279.5,47.0,274.5,57.0,284.5,1.0
6,641,52.0,279.5,47.0,274.5,57.0,284.5,1.0
6,642,52.0,279.5,47.0,274.5,57.0,284.5,1.0
6,643,52.0,279.5,47.0,274.5,57.0,284.5,1.0
6,644,52.0,279.5,47.0,274.5,57.0,284.5,1.0
6,645,52.0,279.5,47.0,274.5,57.0,284.5,1.0
6,646,52.0,279.5,47.0,274.5,57.0,284.5,1.0
6,647,52.0,279.5,47.0,274.5,57.0,284.5,1.0
6,648,52.0,279.5,47.0,274.5,57.0,284.5,1.0
6,649,52.0,279.5,47.0,274.5,57.0,284.5,1.0
6,650,52.0,279.5,47.0,274.5,57.0,284.5,1.0
6,651,52.0,279.5,47.0,274.5,57.0,284.5,1.0
6,652,52.0,279.5,47.0,274.5,57.0,284.5,1.0
6,653,52.0,279.5,47.0,274.5,57.0,284.5,1.0
6,654,52.0,279.5,47.0,274.5,57.0,284.5,1.0
6,655,52.0,279.5,47.0,274.5,57.0,284.5,1.0
6,656,52.0,279.5,47.0,274.5,57.0,284.5,1.0
6,657,52.0,279.5,47.0,274.5,57.0,284.5,1.0
6,658,52.0,279.5,47.0,274.5,57.0,284.5,1.0
6,659,52.0,279.5,47.0,274.5,57.0,284.5,1.0
6,660,52.0,279.5,47.0,274.5,57.0,284.5,1.0
6,661,52.0,279.5,47.0,274.5,57.0,284.5,1.0
6,662,52.0,279.5,47.0,274.5,57.0,284.5,1.0
6,663,52.0,279.5,47.0,274.5,57.0,284.5,1.0
6,664,52.0,279.5,47.0,274.5,57.0,284.5,1.0
6,665,52.0,279.5,47.0,274.5,57.0,284.5,1.0
6,666,52.0,279.5,47.0,274.5,57.0,284.5,1.0
6,667,52.0,279.5,47.0,274.5,57.0,284.5,1.0
6,668,52.0,279.5,47.0,274.5,57.0,284.5,1.0
6,669,52.0,279.5,47.0,274.5,57.0,284.5,1.0
6,670,52.0,279.5,47.0,274.5,57.0,284.5,1.0
6,671,52.0,279.5,47.0,274.5,57.0,284.5,1.0
6,672,52.0,279.5,47.0,274.5,57.0,284.5,1.0
6,673,52.0,279.5,47.0,274.5,57.0,284.5,1.0
6,674,52.0,279.5,47.0,274.5,57.0,284.5,1.0
6,675,52.0,279.5,47.0,274.5,57.0,284.5,1.0
6,676,52.0,279.5,47.0,274.5,57.0,284.5,1.0
6,677,52.0,279.5,47.0,274.5,57.0,284.5,1.0
6,678,52.0,279.5,47.0,274.5,57.0,284.5,1.0
6,679,52.0,279.5,47.0,274.5,57.0,284.5,1.0
6,680,52.0,279.5,47.0,274.5,57.0,284.5,1.0
6,681,52.0,279.5,47.0,274.5,57.0,284.5,1.0
6,682,52.0,279.5,47.0,274.5,57.0,284.5,1.0
6,683,52.0,279.5,47.0,274.5,57.0,284.5,1.0
6,684,52.0,279.5,47.0,274.5,57.0,284.5,1.0
6,685,52.0,279.5,47.0,274.5,57.0,284.5,1.0
6,686,52.0,279.5,47.0,274.5,57.0,284.5,1.0
6,687,52.0,279.5,47.0,274.5,57.0,284.5,1.0
6,688,52.0,279.5,47.0,274.5,57.0,284.5,1.0
6,689,52.0,279.5,47.0,274.5,57.0,284.5,1.0
6,690,52.0,279.5,47.0,274.5,57.0,284.5,1.0
6,691,52.0,279.5,47.0,274.5,57.0,284.5,1.0
6,692,52.0,279.5,47.0,274.5,57.0,284.5,1.0
6,693,52.0,279.5,47.0,274.5,57.0,284.5,1.0
6,694,52.0,279.5,47.0,274.5,57.0,284.5,1.0
6,695,52.0,279.5,47.0,274.5,57.0,284.5,1.0
6,696,52.0,279.5,47.0,274.5,57.0,284.5,1.0
6,697,52.0,279.5,47.0,274.5,57.0,284.5,1.0
6,698,52.0,279.5,47.0,274.5,57.0,284.5,1.0
6,699,52.0,279.5,47.0,274.5,57.0,284.5,1.0
6,700,52.0,279.5,47.0,274.5,57.0,284.5,1.0
6,701,52.0,279.5,47.0,274.5,57.0,284.5,1.0
6,702,52.0,279.5,47.0,274.5,57.0,284.5,1.0
6,703,52.0,279.5,47.0,274.5,57.0,284.5,1.0
6,704,52.0,279.5,47.0,274.5,57.0,284.5,1.0
6,705,52.0,279.5,47.0,274.5,57.0,284.5,1.0
6,706,52.0,279.5,47.0,274.5,57.0,284.5,1.0
6,707,52.0,279.5,47.0,274.5,57.0,284.5,1.0
6,708,52.0,279.5,47.0,274.5,57.0,284.5,1.0
6,709,52.0,279.5,47.0,274.5,57.0,284.5,1.0
6,710,52.0,279.5,47.0,274.5,57.0,284.5,1.0
6,711,52.0,279.5,47.0,274.5,57.0,284.5,1.0
6,712,52.0,279.5,47.0,274.5,57.0,284.5,1.0
6,713,52.0,279.5,47.0,274.5,57.0,284.5,1.0
6,714,52.0,279.5,47.0,274.5,57.0,284.5,1.0
6,715,52.0,279.5,47.0,274.5,57.0,284.5,1.0
6,716,52.0,279.5,47.0,274.5,57.0,284.5,1.0
6,717,52.0,279.5,47.0,274.5,57.0,284.5,1.0
6,718,52.0,279.5,47.0,274.5,57.0,284.5,1.0
6,719,52.0,279.5,47.0,274.5,57.0,284.5,1.0
6,720,52.0,279.5,47.0,274.5,57.0,284.5,1.0
6,721,52.0,279.5,47.0,274.5,57.0,284.5,1.0
6,722,52.0,279.5,47.0,274.5,57.0,284.5,1.0
6,723,52.0,279.5,47.0,274.5,57.0,284.5,1.0
6,724,52.0,279.5,47.0,274.5,57.0,284.5,1.0
6,725,52.0,279.5,47.0,274.5,57.0,284.5,1.0
6,726,52.0,279.5,47.0,274.5,57.0,284.5,1.0
6,727,52.0,279.5,47.0,274.5,57.0,284.5,1.0
6,728,52.0,279.5,47.0,274.5,57.0,284.5,1.0
6,729,52.0,279.5,47.0,274.5,57.0,284.5,1.0
6,730,52.0,279.5,47.0,274.5,57.0,284.5,1.0
6,731,52.0,279.5,47.0,274.5,57.0,284.5,1.0
6,732,52.0,279.5,47.0,274.5,57.0,284.5,1.0
6,733,52.0,279.5,47.0,274.5,57.0,284.5,1.0
6,734,52.0,279.5,47.0,274.5,57.0,284.5,1.0
6,735,52.0,279.5,47.0,274.5,57.0,284.5,1.0
6,736,52.0,279.5,47.0,274.5,57.0,284.5,1.0
6,737,52.0,279.5,47.0,274.5,57.0,284.5,1.0
6,738,52.0,279.5,47.0,274.5,57.0,284.5,1.0
6,739,52.0,279.5,47.0,274.5,57.0,284.5,1.0
6,740,52.0,279.5,47.0,274.5,57.0,284.5,1.0
6,741,52.0,279.5,47.0,274.5,57.0,284.5,1.0
6,742,52.0,279.5,47.0,274.5,57.0,284.5,1.0
6,743,52.0,279.5,47.0,274.5,57.0,284.5,1.0
6,744,52.0,279.5,47.0,274.5,57.0,284.5,1.0
6,745,52.0,279.5,47.0,274.5,57.0,284.5,1.0
6,746,52.0,279.5,47.0,274.5,57.0,284.5,1.0
6,747,52.0,279.5,47.0,274.5,57.0,284.5,1.0
6,748,52.0,279.5,47.0,274.5,57.0,284.5,1.0
6,749,52.0,279.5,47.0,274.5,57.0,284.5,1.0
6,750,52.0,279.5,47.0,274.5,57.0,284.5,1.0
6,751,52.0,279.5,47.0,274.5,57.0,284.5,1.0
6,752,52.0,279.5,47.0,274.5,57.0,284.5,1.0
6,753,52.0,279.5,47.0,274.5,57.0,284.5,1.0
6,754,52.0,279.5,47.0,274.5,57.0,284.5,1.0
6,755,52.0,279.5,47.0,274.5,57.0,284.5,1.0
6,756,52.0,279.5,47.0,274.5,57.0,284.5,1.0
6,757,52.0,279.5,47.0,274.5,57.0,284.5,1.0
6,758,52.0,279.5,47.0,274.5,57.0,284.5,1.0
6,759,52.0,279.5,47.0,274.5,57.0,284.5,1.0
6,760,52.0,279.5,47.0,274.5,57.0,284.5,1.0
6,761,52.0,279.5,47.0,274.5,57.0,284.5,1.0
6,762,52.0,279.5,47.0,274.5,57.0,284.5,1.0
6,763,52.0,279.5,47.0,274.5,57.0,284.5,1.0
6,764,52.0,279.5,47.0,274.5,57.0,284.5,1.0
6,765,52.0,279.5,47.0,274.5,57.0,284.5,1.0
6,766,52.0,279.5,47.0,274.5,57.0,284.5,1.0
6,767,52.0,279.5,47.0,274.5,57.0,284.5,1.0
6,768,52.0,279.5,47.0,274.5,57.0,284.5,1.0
6,769,52.0,279.5,47.0,274.5,57.0,284.5,1.0
6,770,52.0,279.5,47.0,274.5,57.0,284.5,1.0
6,771,52.0,279.5,47.0,274.5,57.0,284.5,1.0
6,772,52.0,279.5,47.0,274.5,57.0,284.5,1.0
6,773,52.0,279.5,47.0,274.5,57.0,284.5,1.0
6,774,52.0,279.5,47.0,274.5,57.0,284.5,1.0
6,775,52.0,279.5,47.0,274.5,57.0,284.5,1.0
6,776,52.0,279.5,47.0,274.5,57.0,284.5,1.0
6,777,52.0,279.5,47.0,274.5,57.0,284.5,1.0
6,778,52.0,279.5,47.0,274.5,57.0,284.5,1.0
6,779,52.0,279.5,47.0,274.5,57.0,284.5,1.0
6,780,52.0,279.5,47.0,274.5,57.0,284.5,1.0
6,781,52.0,279.5,47.0,274.5,57.0,284.5,1.0
6,782,52.0,279.5,47.0,274.5,57.0,284.5,1.0
6,783,52.0,279.5,47.0,274.5,57.0,284.5,1.0
6,784,52.0,279.5,47.0,274.5,57.0,284.5,1.0
6,785,52.0,279.5,47.0,274.5,57.0,284.5,1.0
6,786,52.0,279.5,47.0,274.5,57.0,284.5,1.0
6,787,52.0,279.5,47.0,274.5,57.0,284.5,1.0
6,788,52.0,279.5,47.0,274.5,57.0,284.5,1.0
6,789,52.0,279.5,47.0,274.5,57.0,284.5,1.0
6,790,52.0,279.5,47.0,274.5,57.0,284.5,1.0
6,791,52.0,279.5,47.0,274.5,57.0,284.5,1.0
6,792,52.0,279.5,47.0,274.5,57.0,284.5,1.0
6,793,52.0,279.5,47.0,274.5,57.0,284.5,1.0
6,794,52.0,279.5,47.0,274.5,57.0,284.5,1.0
6,795,52.0,279.5,47.0,274.5,57.0,284.5,1.0
6,796,52.0,279.5,47.0,274.5,57.0,284.5,1.0
6,797,52.0,279.5,47.0,274.5,57.0,284.5,1.0
6,798,52.0,279.5,47.0,274.5,57.0,284.5,1.0
6,799,52.0,279.5,47.0,274.5,57.0,284.5,1.0
6,800,52.0,279.5,47.0,274.5,57.0,284.5,1.0
6,801,52.0,279.5,47.0,274.5,57.0,284.5,1.0
6,802,52.0,279.5,47.0,274.5,57.0,284.5,1.0
6,803,52.0,279.5,47.0,274.5,57.0,284.5,1.0
6,804,52.0,279.5,47.0,274.5,57.0,284.5,1.0
6,805,52.0,279.5,47.0,274.5,57.0,284.5,1.0
6,806,52.0,279.5,47.0,274.5,57.0,284.5,1.0
6,807,52.0,279.5,47.0,274.5,57.0,284.5,1.0
6,808,52.0,279.5,47.0,274.5,57.0,284.5,1.0
6,809,52.0,279.5,47.0,274.5,57.0,284.5,1.0
6,810,52.0,279.5,47.0,274.5,57.0,284.5,1.0
6,811,52.0,279.5,47.0,274.5,57.0,284.5,1.0
6,812,52.0,279.5,47.0,274.5,57.0,284.5,1.0
6,813,52.0,279.5,47.0,274.5,57.0,284.5,1.0
6,814,52.0,279.5,47.0,274.5,57.0,284.5,1.0
6,815,52.0,279.5,47.0,274.5,57.0,284.5,1.0
6,816,52.0,279.5,47.0,274.5,57.0,284.5,1.0
6,817,52.0,279.5,47.0,274.5,57.0,284.5,1.0
6,818,52.0,279.5,47.0,274.5,57.0,284.5,1.0
6,819,52.0,279.5,47.0,274.5,57.0,284.5,1.0
6,820,52.0,279.5,47.0,274.5,57.0,284.5,1.0
6,821,52.0,279.5,47.0,274.5,57.0,284.5,1.0
6,822,52.0,279.5,47.0,274.5,57.0,284.5,1.0
6,823,52.0,279.5,47.0,274.5,57.0,284.5,1.0
6,824,52.0,279.5,47.0,274.5,57.0,284.5,1.0
6,825,52.0,279.5,47.0,274.5,57.0,284.5,1.0
6,826,52.0,279.5,47.0,274.5,57.0,284.5,1.0
6,827,52.0,279.5,47.0,274.5,57.0,284.5,1.0
6,828,52.0,279.5,47.0,274.5,57.0,284.5,1.0
6,829,52.0,279.5,47.0,274.5,57.0,284.5,1.0
6,830,52.0,279.5,47.0,274.5,57.0,284.5,1.0
6,831,52.0,279.5,47.0,274.5,57.0,284.5,1.0
6,832,52.0,279.5,47.0,274.5,57.0,284.5,1.0
6,833,52.0,279.5,47.0,274.5,57.0,284.5,1.0
6,834,52.0,279.5,47.0,274.5,57.0,284.5,1.0
6,835,52.0,279.5,47.0,274.5,57.0,284.5,1.0
6,836,52.0,279.5,47.0,274.5,57.0,284.5,1.0
6,837,52.0,279.5,47.0,274.5,57.0,284.5,1.0
6,838,52.0,279.5,47.0,274.5,57.0,284.5,1.0
6,839,52.0,279.5,47.0,274.5,57.0,284.5,1.0
6,840,52.0,279.5,47.0,274.5,57.0,284.5,1.0
6,841,52.0,279.5,47.0,274.5,57.0,284.5,1.0
6,842,52.0,279.5,47.0,274.5,57.0,284.5,1.0
6,843,52.0,279.5,47.0,274.5,57.0,284.5,1.0
6,844,52.0,279.5,47.0,274.5,57.0,284.5,1.0
6,845,52.0,279.5,47.0,274.5,57.0,284.5,1.0
6,846,52.0,279.5,47.0,274.5,57.0,284.5,1.0
6,847,52.0,279.5,47.0,274.5,57.0,284.5,1.0
6,848,52.0,279.5,47.0,274.5,57.0,284.5,1.0
6,849,52.0,279.5,47.0,274.5,57.0,284.5,1.0
6,850,52.0,279.5,47.0,274.5,57.0,284.5,1.0
6,851,52.0,279.5,47.0,274.5,57.0,284.5,1.0
6,852,52.0,279.5,47.0,274.5,57.0,284.5,1.0
6,853,52.0,279.5,47.0,274.5,57.0,284.5,1.0
6,854,52.0,279.5,47.0,274.5,57.0,284.5,1.0
6,855,52.0,279.5,47.0,274.5,57.0,284.5,1.0
6,856,52.0,279.5,47.0,274.5,57.0,284.5,1.0
6,857,52.0,279.5,47.0,274.5,57.0,284.5,1.0
6,858,52.0,279.5,47.0,274.5,57.0,284.5,1.0
6,859,52.0,279.5,47.0,274.5,57.0,284.5,1.0
6,860,52.0,279.5,47.0,274.5,57.0,284.5,1.0
6,861,52.0,279.5,47.0,274.5,57.0,284.5,1.0
6,862,52.0,279.5,47.0,274.5,57.0,284.5,1.0
6,863,52.0,279.5,47.0,274.5,57.0,284.5,1.0
6,864,52.0,279.5,47.0,274.5,57.0,284.5,1.0
6,865,52.0,279.5,47.0,274.5,57.0,284.5,1.0
6,866,52.0,279.5,47.0,274.5,57.0,284.5,1.0
6,867,52.0,279.5,47.0,274.5,57.0,284.5,1.0
6,868,52.0,279.5,47.0,274.5,57.0,284.5,1.0
6,869,52.0,279.5,47.0,274.5,57.0,284.5,1.0
6,870,52.0,279.5,47.0,274.5,57.0,284.5,1.0
6,871,52.0,279.5,47.0,274.5,57.0,284.5,1.0
6,872,52.0,279.5,47.0,274.5,57.0,284.5,1.0
6,873,52.0,279.5,47.0,274.5,57.0,284.5,1.0
6,874,52.0,279.5,47.0,274.5,57.0,284.5,1.0
6,875,52.0,279.5,47.0,274.5,57.0,284.5,1.0
6,876,52.0,279.5,47.0,274.5,57.0,284.5,1.0
6,877,52.0,279.5,47.0,274.5,57.0,284.5,1.0
6,878,52.0,279.5,47.0,274.5,57.0,284.5,1.0
6,879,52.0,279.5,47.0,274.5,57.0,284.5,1.0
6,880,52.0,279.5,47.0,274.5,57.0,284.5,1.0
6,881,52.0,279.5,47.0,274.5,57.0,284.5,1.0
6,882,52.0,279.5,47.0,274.5,57.0,284.5,1.0
6,883,52.0,279.5,47.0,274.5,57.0,284.5,1.0
6,884,52.0,279.5,47.0,274.5,57.0,284.5,1.0
6,885,52.0,279.5,47.0,274.5,57.0,284.5,1.0
6,886,52.0,279.5,47.0,274.5,57.0,284.5,1.0
6,887,52.0,279.5,47.0,274.5,57.0,284.5,1.0
6,888,52.0,279.5,47.0,274.5,57.0,284.5,1.0
6,889,52.0,279.5,47.0,274.5,57.0,284.5,1.0
6,890,52.0,279.5,47.0,274.5,57.0,284.5,1.0
6,891,52.0,279.5,47.0,274.5,57.0,284.5,1.0
6,892,52.0,279.5,47.0,274.5,57.0,284.5,1.0
6,893,52.0,279.5,47.0,274.5,57.0,284.5,1.0
6,894,52.0,279.5,47.0,274.5,57.0,284.5,1.0
6,895,52.0,279.5,47.0,274.5,57.0,284.5,1.0
6,896,52.0,279.5,47.0,274.5,57.0,284.5,1.0
6,897,52.0,279.5,47.0,274.5,57.0,284.5,1.0
6,898,52.0,279.5,47.0,274.5,57.0,284.5,1.0
6,899,52.0,279.5,47.0,274.5,57.0,284.5,1.0
6,900,52.0,279.5,47.0,274.5,57.0,284.5,1.0
6,901,52.0,279.5,47.0,274.5,57.0,284.5,1.0
6,902,52.0,279.5,47.0,274.5,57.0,284.5,1.0
6,903,52.0,279.5,47.0,274.5,57.0,284.5,1.0
6,904,52.0,279.5,47.0,274.5,57.0,284.5,1.0
6,905,52.0,279.5,47.0,274.5,57.0,284.5,1.0
6,906,52.0,279.5,47.0,274.5,57.0,284.5,1.0
6,907,52.0,279.5,47.0,274.5,57.0,284.5,1.0
6,908,52.0,279.5,47.0,274.5,57.0,284.5,1.0
6,909,52.0,279.5,47.0,274.5,57.0,284.5,1.0
6,910,52.0,279.5,47.0,274.5,57.0,284.5,1.0
6,911,52.0,279.5,47.0,274.5,57.0,284.5,1.0
6,912,52.0,279.5,47.0,274.5,57.0,284.5,1.0
6,913,52.0,279.5,47.0,274.5,57.0,284.5,1.0
6,914,52.0,279.5,47.0,274.5,57.0,284.5,1.0
6,915,52.0,279.5,47.0,274.5,57.0,284.5,1.0
6,916,52.0,279.5,47.0,274.5,57.0,284.5,1.0
6,917,52.0,279.5,47.0,274.5,57.0,284.5,1.0
6,918,52.0,279.5,47.0,274.5,57.0,284.5,1.0
6,919,52.0,279.5,47.0,274.5,57.0,284.5,1.0
6,920,52.0,279.5,47.0,274.5,57.0,284.5,1.0
6,921,52.0,279.5,47.0,274.5,57.0,284.5,1.0
6,922,52.0,279.5,47.0,274.5,57.0,284.5,1.0
6,923,52.0,279.5,47.0,274.5,57.0,284.5,1.0
6,924,52.0,279.5,47.0,274.5,57.0,284.5,1.0
6,925,52.0,279.5,47.0,274.5,57.0,284.5,1.0
6,926,52.0,279.5,47.0,274.5,57.0,284.5,1.0
6,927,52.0,279.5,47.0,274.5,57.0,284.5,1.0
6,928,52.0,279.5,47.0,274.5,57.0,284.5,1.0
6,929,52.0,279.5,47.0,274.5,57.0,284.5,1.0
6,930,52.0,279.5,47.0,274.5,57.0,284.5,1.0
6,931,52.0,279.5,47.0,274.5,57.0,284.5,1.0
6,932,52.0,279.5,47.0,274.5,57.0,284.5,1.0
6,933,52.0,279.5,47.0,274.5,57.0,284.5,1.0
6,934,52.0,279.5,47.0,274.5,57.0,284.5,1.0
6,935,52.0,279.5,47.0,274.5,57.0,284.5,1.0
6,936,52.0,279.5,47.0,274.5,57.0,284.5,1.0
6,937,52.0,279.5,47.0,274.5,57.0,284.5,1.0
6,938,52.0,279.5,47.0,274.5,57.0,284.5,1.0
6,939,52.0,279.5,47.0,274.5,57.0,284.5,1.0
6,940,52.0,279.5,47.0,274.5,57.0,284.5,1.0
6,941,52.0,279.5,47.0,274.5,57.0,284.5,1.0
6,942,52.0,279.5,47.0,274.5,57.0,284.5,1.0
6,943,52.0,279.5,47.0,274.5,57.0,284.5,1.0
6,944,52.0,279.5,47.0,274.5,57.0,284.5,1.0
6,945,52.0,279.5,47.0,274.5,57.0,284.5,1.0
6,946,52.0,279.5,47.0,274.5,57.0,284.5,1.0
6,947,52.0,279.5,47.0,274.5,57.0,284.5,1.0
6,948,52.0,279.5,47.0,274.5,57.0,284.5,1.0
6,949,52.0,279.5,47.0,274.5,57.0,284.5,1.0
6,950,52.0,279.5,47.0,274.5,57.0,284.5,1.0
6,951,52.0,279.5,47.0,274.5,57.0,284.5,1.0
6,952,52.0,279.5,47.0,274.5,57.0,284.5,1.0
6,953,52.0,279.5,47.0,274.5,57.0,284.5,1.0
6,954,52.0,279.5,47.0,274.5,57.0,284.5,1.0
6,955,52.0,279.5,47.0,274.5,57.0,284.5,1.0
6,956,52.0,279.5,47.0,274.5,57.0,284.5,1.0
6,957,52.0,279.5,47.0,274.5,57.0,284.5,1.0
6,958,52.0,279.5,47.0,274.5,57.0,284.5,1.0
6,959,52.0,279.5,47.0,274.5,57.0,284.5,1.0
6,960,52.0,279.5,47.0,274.5,57.0,284.5,1.0
6,961,52.0,279.5,47.0,274.5,57.0,284.5,1.0
6,962,52.0,279.5,47.0,274.5,57.0,284.5,1.0
6,963,52.0,279.5,47.0,274.5,57.0,284.5,1.0
6,964,52.0,279.5,47.0,274.5,57.0,284.5,1.0
6,965,52.0,279.5,47.0,274.5,57.0,284.5,1.0
6,966,52.0,279.5,47.0,274.5,57.0,284.5,1.0
6,967,52.0,279.5,47.0,274.5,57.0,284.5,1.0
6,968,52.0,279.5,47.0,274.5,57.0,284.5,1.0
6,969,52.0,279.5,47.0,274.5,57.0,284.5,1.0
6,970,52.0,279.5,47.0,274.5,57.0,284.5,1.0
6,971,52.0,279.5,47.0,274.5,57.0,284.5,1.0
6,972,52.0,279.5,47.0,274.5,57.0,284.5,1.0
6,973,52.0,279.5,47.0,274.5,57.0,284.5,1.0
6,974,52.0,279.5,47.0,274.5,57.0,284.5,1.0
6,975,52.0,279.5,47.0,274.5,57.0,284.5,1.0
6,976,52.0,279.5,47.0,274.5,57.0,284.5,1.0
6,977,52.0,279.5,47.0,274.5,57.0,284.5,1.0
6,978,52.0,279.5,47.0,274.5,57.0,284.5,1.0
6,979,52.0,279.5,47.0,274.5,57.0,284.5,1.0
6,980,52.0,279.5,47.0,274.5,57.0,284.5,1.0
6,981,52.0,279.5,47.0,274.5,57.0,284.5,1.0
6,982,52.0,279.5,47.0,274.5,57.0,284.5,1.0
6,983,52.0,279.5,47.0,274.5,57.0,284.5,1.0
6,984,52.0,279.5,47.0,274.5,57.0,284.5,1.0
6,985,52.0,279.5,47.0,274.5,57.0,284.5,1.0
6,986,52.0,279.5,47.0,274.5,57.0,284.5,1.0
6,987,52.0,279.5,47.0,274.5,57.0,284.5,1.0
6,988,52.0,279.5,47.0,274.5,57.0,284.5,1.0
6,989,52.0,279.5,47.0,274.5,57.0,284.5,1.0
6,990,52.0,279.5,47.0,274.5,57.0,284.5,1.0
6,991,52.0,279.5,47.0,274.5,57.0,284.5,1.0
6,992,52.0,279.5,47.0,274.5,57.0,284.5,1.0
6,993,52.0,279.5,47.0,274.5,57.0,284.5,1.0
6,994,52.0,279.5,47.0,274.5,57.0,284.5,1.0
6,995,52.0,279.5,47.0,274.5,57.0,284.5,1.0
6,996,52.0,279.5,47.0,274.5,57.0,284.5,1.0
6,997,52.0,279.5,47.0,274.5,57.0,284.5,1.0
6,998,52.0,279.5,47.0,274.5,57.0,284.5,1.0
6,999,52.0,279.5,47.0,274.5,57.0,284.5,1.0
6,1000,52.0,279.5,47.0,274.5,57.0,284.5,1.0
6,1001,52.0,279.5,47.0,274.5,57.0,284.5,1.0
6,1002,52.0,279.5,47.0,274.5,57.0,284.5,1.0
6,1003,52.0,279.5,47.0,274.5,57.0,284.5,1.0
6,1004,52.0,279.5,47.0,274.5,57.0,284.5,1.0
6,1005,52.0,279.5,47.0,274.5,57.0,284.5,1.0
6,1006,52.0,279.5,47.0,274.5,57.0,284.5,1.0
6,1007,52.0,279.5,47.0,274.5,57.0,284.5,1.0
6,1008,52.0,279.5,47.0,274.5,57.0,284.5,1.0
6,1009,52.0,279.5,47.0,274.5,57.0,284.5,1.0
6,1010,52.0,279.5,47.0,274.5,57.0,284.5,1.0
6,1011,52.0,279.5,47.0,274.5,57.0,284.5,1.0
6,1012,52.0,279.5,47.0,274.5,57.0,284.5,1.0
6,1013,52.0,279.5,47.0,274.5,57.0,284.5,1.0
6,1014,52.0,279.5,47.0,274.5,57.0,284.5,1.0
6,1015,52.0,279.5,47.0,274.5,57.0,284.5,1.0
6,1016,52.0,279.5,47.0,274.5,57.0,284.5,1.0
6,1017,52.0,279.5,47.0,274.5,57.0,284.5,1.0
6,1018,52.0,279.5,47.0,274.5,57.0,284.5,1.0
6,1019,52.0,279.5,47.0,274.5,57.0,284.5,1.0
6,1020,52.0,279.5,47.0,274.5,57.0,284.5,1.0
6,1021,52.0,279.5,47.0,274.5,57.0,284.5,1.0
6,1022,52.0,279.5,47.0,274.5,57.0,284.5,1.0
6,1023,52.0,279.5,47.0,274.5,57.0,284.5,1.0
6,1024,52.0,279.5,47.0,274.5,57.0,284.5,1.0
6,1025,52.0,279.5,47.0,274.5,57.0,284.5,1.0
6,1026,52.0,279.5,47.0,274.5,57.0,284.5,1.0
6,1027,52.0,279.5,47.0,274.5,57.0,284.5,1.0
6,1028,52.0,279.5,47.0,274.5,57.0,284.5,1.0
6,1029,52.0,279.5,47.0,274.5,57.0,284.5,1.0
6,1030,52.0,279.5,47.0,274.5,57.0,284.5,1.0
6,1031,52.0,279.5,47.0,274.5,57.0,284.5,1.0
6,1032,52.0,279.5,47.0,274.5,57.0,284.5,1.0
6,1033,52.0,279.5,47.0,274.5,57.0,284.5,1.0
6,1034,52.0,279.5,47.0,274.5,57.0,284.5,1.0
6,1035,52.0,279.5,47.0,274.5,57.0,284.5,1.0
6,1036,52.0,279.5,47.0,274.5,57.0,284.5,1.0
6,1037,52.0,279.5,47.0,274.5,57.0,284.5,1.0
6,1038,52.0,279.5,47.0,274.5,57.0,284.5,1.0
6,1039,52.0,279.5,47.0,274.5,57.0,284.5,1.0
6,1040,52.0,279.5,47.0,274.5,57.0,284.5,1.0
6,1041,52.0,279.5,47.0,274.5,57.0,284.5,1.0
6,1042,52.0,279.5,47.0,274.5,57.0,284.5,1.0
6,1043,52.0,279.5,47.0,274.5,57.0,284.5,1.0
6,1044,52.0,279.5,47.0,274.5,57.0,284.5,1.0
6,1045,52.0,279.5,47.0,274.5,57.0,284.5,1.0
6,1046,52.0,279.5,47.0,274.5,57.0,284.5,1.0
6,1047,52.0,279.5,47.0,274.5,57.0,284.5,1.0
6,1048,52.0,279.5,47.0,274.5,57.0,284.5,1.0
6,1049,52.0,279.5,47.0,274.5,57.0,284.5,1.0
6,1050,52.0,279.5,47.0,274.5,57.0,284.5,1.0
6,1051,52.0,279.5,47.0,274.5,57.0,284.5,1.0
6,1052,52.0,279.5,47.0,274.5,57.0,284.5,1.0
6,1053,52.0,279.5,47.0,274.5,57.0,284.5,1.0
6,1054,52.0,279.5,47.0,274.5,57.0,284.5,1.0
6,1055,52.0,279.5,47.0,274.5,57.0,284.5,1.0
6,1056,52.0,279.5,47.0,274.5,57.0,284.5,1.0
6,1057,52.0,279.5,47.0,274.5,57.0,284.5,1.0
6,1058,52.0,279.5,47.0,274.5,57.0,284.5,1.0
6,1059,52.0,279.5,47.0,274.5,57.0,284.5,1.0
6,1060,52.0,279.5,47.0,274.5,57.0,284.5,1.0
6,1061,52.0,279.5,47.0,274.5,57.0,284.5,1.0
6,1062,52.0,279.5,47.0,274.5,57.0,284.5,1.0
6,1063,52.0,279.5,47.0,274.5,57.0,284.5,1.0
6,1064,52.0,279.5,47.0,274.5,57.0,284.5,1.0
6,1065,52.0,279.5,47.0,274.5,57.0,284.5,1.0
6,1066,52.0,279.5,47.0,274.5,57.0,284.5,1.0
6,1067,52.0,279.5,47.0,274.5,57.0,284.5,1.0
6,1068,52.0,279.5,47.0,274.5,57.0,284.5,1.0
6,1069,52.0,279.5,47.0,274.5,57.0,284.5,1.0
6,1070,52.0,279.5,47.0,274.5,57.0,284.5,1.0
6,1071,52.0,279.5,47.0,274.5,57.0,284.5,1.0
6,1072,52.0,279.5,47.0,274.5,57.0,284.5,1.0
6,1073,52.0,279.5,47.0,274.5,57.0,284.5,1.0
6,1074,52.0,279.5,47.0,274.5,57.0,284.5,1.0
6,1075,52.0,279.5,47.0,274.5,57.0,284.5,1.0
6,1076,52.0,279.5,47.0,274.5,57.0,284.5,1.0
6,1077,52.0,279.5,47.0,274.5,57.0,284.5,1.0
6,1078,52.0,279.5,47.0,274.5,57.0,284.5,1.0
6,1079,52.0,279.5,47.0,274.5,57.0,284.5,1.0
6,1080,52.0,279.5,47.0,274.5,57.0,284.5,1.0
6,1081,52.0,279.5,47.0,274.5,57.0,284.5,1.0
6,1082,52.0,279.5,47.0,274.5,57.0,284.5,1.0
6,1083,52.0,279.5,47.0,274.5,57.0,284.5,1.0
6,1084,52.0,279.5,47.0,274.5,57.0,284.5,1.0
6,1085,52.0,279.5,47.0,274.5,57.0,284.5,1.0
6,1086,52.0,279.5,47.0,274.5,57.0,284.5,1.0
6,1087,52.0,279.5,47.0,274.5,57.0,284.5,1.0
6,1088,52.0,279.5,47.0,274.5,57.0,284.5,1.0
6,1089,52.0,279.5,47.0,274.5,57.0,284.5,1.0
6,1090,52.0,279.5,47.0,274.5,57.0,284.5,1.0
6,1091,52.0,279.5,47.0,274.5,57.0,284.5,1.0
6,1092,52.0,279.5,47.0,274.5,57.0,284.5,1.0
6,1093,52.0,279.5,47.0,274.5,57.0,284.5,1.0
6,1094,52.0,279.5,47.0,274.5,57.0,284.5,1.0
6,1095,52.0,279.5,47.0,274.5,57.0,284.5,1.0
6,1096,52.0,279.5,47.0,274.5,57.0,284.5,1.0
6,1097,52.0,279.5,47.0,274.5,57.0,284.5,1.0
6,1098,52.0,279.5,47.0,274.5,57.0,284.5,1.0
6,1099,52.0,279.5,47.0,274.5,57.0,284.5,1.0
6,1100,52.0,279.5,47.0,274.5,57.0,284.5,1.0
6,1101,52.0,279.5,47.0,274.5,57.0,284.5,1.0
6,1102,52.0,279.5,47.0,274.5,57.0,284.5,1.0
6,1103,52.0,279.5,47.0,274.5,57.0,284.5,1.0
6,1104,52.0,279.5,47.0,274.5,57.0,284.5,1.0
6,1105,52.0,279.5,47.0,274.5,57.0,284.5,1.0
6,1106,52.0,279.5,47.0,274.5,57.0,284.5,1.0
6,1107,52.0,279.5,47.0,274.5,57.0,284.5,1.0
6,1108,52.0,279.5,47.0,274.5,57.0,284.5,1.0
6,1109,52.0,279.5,47.0,274.5,57.0,284.5,1.0
6,1110,52.0,279.5,47.0,274.5,57.0,284.5,1.0
6,1111,52.0,279.5,47.0,274.5,57.0,284.5,1.0
6,1112,52.0,279.5,47.0,274.5,57.0,284.5,1.0
6,1113,52.0,279.5,47.0,274.5,57.0,284.5,1.0
6,1114,52.0,279.5,47.0,274.5,57.0,284.5,1.0
6,1115,52.0,279.5,47.0,274.5,57.0,284.5,1.0
6,1116,52.0,279.5,47.0,274.5,57.0,284.5,1.0
6,1117,52.0,279.5,47.0,274.5,57.0,284.5,1.0
6,1118,52.0,279.5,47.0,274.5,57.0,284.5,1.0
6,1119,52.0,279.5,47.0,274.5,57.0,284.5,1.0
6,1120,52.0,279.5,47.0,274.5,57.0,284.5,1.0
6,1121,52.0,279.5,47.0,274.5,57.0,284.5,1.0
6,1122,52.0,279.5,47.0,274.5,57.0,284.5,1.0
6,1123,52.0,279.5,47.0,274.5,57.0,284.5,1.0
6,1124,52.0,279.5,47.0,274.5,57.0,284.5,1.0
6,1125,52.0,279.5,47.0,274.5,57.0,284.5,1.0
6,1126,52.0,279.5,47.0,274.5,57.0,284.5,1.0
6,1127,52.0,279.5,47.0,274.5,57.0,284.5,1.0
6,1128,52.0,279.5,47.0,274.5,57.0,284.5,1.0
6,1129,52.0,279.5,47.0,274.5,57.0,284.5,1.0
6,1130,52.0,279.5,47.0,274.5,57.0,284.5,1.0
6,1131,52.0,279.5,47.0,274.5,57.0,284.5,1.0
6,1132,52.0,279.5,47.0,274.5,57.0,284.5,1.0
6,1133,52.0,279.5,47.0,274.5,57.0,284.5,1.0
6,1134,52.0,279.5,47.0,274.5,57.0,284.5,1.0
6,1135,52.0,279.5,47.0,274.5,57.0,284.5,1.0
6,1136,52.0,279.5,47.0,274.5,57.0,284.5,1.0
6,1137,52.0,279.5,47.0,274.5,57.0,284.5,1.0
6,1138,52.0,279.5,47.0,274.5,57.0,284.5,1.0
6,1139,52.0,279.5,47.0,274.5,57.0,284.5,1.0
6,1140,52.0,279.5,47.0,274.5,57.0,284.5,1.0
6,1141,52.0,279.5,47.0,274.5,57.0,284.5,1.0
6,1142,52.0,279.5,47.0,274.5,57.0,284.5,1.0
6,1143,52.0,279.5,47.0,274.5,57.0,284.5,1.0
6,1144,52.0,279.5,47.0,274.5,57.0,284.5,1.0
6,1145,52.0,279.5,47.0,274.5,57.0,284.5,1.0
6,1146,52.0,279.5,47.0,274.5,57.0,284.5,1.0
6,1147,52.0,279.5,47.0,274.5,57.0,284.5,1.0
6,1148,52.0,279.5,47.0,274.5,57.0,284.5,1.0
6,1149,52.0,279.5,47.0,274.5,57.0,284.5,1.0
6,1150,52.0,279.5,47.0,274.5,57.0,284.5,1.0
6,1151,52.0,279.5,47.0,274.5,57.0,284.5,1.0
6,1152,52.0,279.5,47.0,274.5,57.0,284.5,1.0
6,1153,52.0,279.5,47.0,274.5,57.0,284.5,1.0
6,1154,52.0,279.5,47.0,274.5,57.0,284.5,1.0
6,1155,52.0,279.5,47.0,274.5,57.0,284.5,1.0
6,1156,52.0,279.5,47.0,274.5,57.0,284.5,1.0
6,1157,52.0,279.5,47.0,274.5,57.0,284.5,1.0
6,1158,52.0,279.5,47.0,274.5,57.0,284.5,1.0
6,1159,52.0,279.5,47.0,274.5,57.0,284.5,1.0
6,1160,52.0,279.5,47.0,274.5,57.0,284.5,1.0
6,1161,52.0,279.5,47.0,274.5,57.0,284.5,1.0
6,1162,52.0,279.5,47.0,274.5,57.0,284.5,1.0
6,1163,52.0,279.5,47.0,274.5,57.0,284.5,1.0
6,1164,52.0,279.5,47.0,274.5,57.0,284.5,1.0
6,1165,52.0,279.5,47.0,274.5,57.0,284.5,1.0
6,1166,52.0,279.5,47.0,274.5,57.0,284.5,1.0
6,1167,52.0,279.5,47.0,274.5,57.0,284.5,1.0
6,1168,52.0,279.5,47.0,274.5,57.0,284.5,1.0
6,1169,52.0,279.5,47.0,274.5,57.0,284.5,1.0
6,1170,52.0,279.5,47.0,274.5,57.0,284.5,1.0
6,1171,52.0,279.5,47.0,274.5,57.0,284.5,1.0
6,1172,52.0,279.5,47.0,274.5,57.0,284.5,1.0
6,1173,52.0,279.5,47.0,274.5,57.0,284.5,1.0
6,1174,52.0,279.5,47.0,274.5,57.0,284.5,1.0
6,1175,52.0,279.5,47.0,274.5,57.0,284.5,1.0
6,1176,52.0,279.5,47.0,274.5,57.0,284.5,1.0
6,1177,52.0,279.5,47.0,274.5,57.0,284.5,1.0
6,1178,52.0,279.5,47.0,274.5,57.0,284.5,1.0
6,1179,52.0,279.5,47.0,274.5,57.0,284.5,1.0
6,1180,52.0,279.5,47.0,274.5,57.0,284.5,1.0
6,1181,52.0,279.5,47.0,274.5,57.0,284.5,1.0
6,1182,52.0,279.5,47.0,274.5,57.0,284.5,1.0
6,1183,52.0,279.5,47.0,274.5,57.0,284.5,1.0
6,1184,52.0,279.5,47.0,274.5,57.0,284.5,1.0
6,1185,52.0,279.5,47.0,274.5,57.0,284.5,1.0
6,1186,52.0,279.5,47.0,274.5,57.0,284.5,1.0
6,1187,52.0,279.5,47.0,274.5,57.0,284.5,1.0
6,1188,52.0,279.5,47.0,274.5,57.0,284.5,1.0
6,1189,52.0,279.5,47.0,274.5,57.0,284.5,1.0
6,1190,52.0,279.5,47.0,274.5,57.0,284.5,1.0
6,1191,52.0,279.5,47.0,274.5,57.0,284.5,1.0
6,1192,52.0,279.5,47.0,274.5,57.0,284.5,1.0
6,1193,52.0,279.5,47.0,274.5,57.0,284.5,1.0
6,1194,52.0,279.5,47.0,274.5,57.0,284.5,1.0
6,1195,52.0,279.5,47.0,274.5,57.0,284.5,1.0
6,1196,52.0,279.5,47.0,274.5,57.0,284.5,1.0
6,1197,52.0,279.5,47.0,274.5,57.0,284.5,1.0
6,1198,52.0,279.5,47.0,274.5,57.0,284.5,1.0
6,1199,52.0,279.5,47.0,274.5,57.0,284.5,1.0
6,1200,52.0,279.5,47.0,274.5,57.0,284.5,1.0
6,1201,52.0,279.5,47.0,274.5,57.0,284.5,1.0
6,1202,52.0,279.5,47.0,274.5,57.0,284.5,1.0
6,1203,52.0,279.5,47.0,274.5,57.0,284.5,1.0
6,1204,52.0,279.5,47.0,274.5,57.0,284.5,1.0
6,1205,52.0,279.5,47.0,274.5,57.0,284.5,1.0
6,1206,52.0,279.5,47.0,274.5,57.0,284.5,1.0
6,1207,52.0,279.5,47.0,274.5,57.0,284.5,1.0
6,1208,52.0,279.5,47.0,274.5,57.0,284.5,1.0
6,1209,52.0,279.5,47.0,274.5,57.0,284.5,1.0
6,1210,52.0,279.5,47.0,274.5,57.0,284.5,1.0
6,1211,52.0,279.5,47.0,274.5,57.0,284.5,1.0
6,1212,52.0,279.5,47.0,274.5,57.0,284.5,1.0
6,1213,52.0,279.5,47.0,274.5,57.0,284.5,1.0
6,1214,52.0,279.5,47.0,274.5,57.0,284.5,1.0
6,1215,52.0,279.5,47.0,274.5,57.0,284.5,1.0
6,1216,52.0,279.5,47.0,274.5,57.0,284.5,1.0
7,451,593.5,148.0,588.5,143.0,598.5,153.0,1.0
7,452,593.5,148.0,588.5,143.0,598.5,153.0,1.0
7,453,593.5,148.0,588.5,143.0,598.5,153.0,1.0
7,454,593.5,148.0,588.5,143.0,598.5,153.0,1.0
7,455,593.5,148.0,588.5,143.0,598.5,153.0,1.0
7,456,593.5,148.0,588.5,143.0,598.5,153.0,1.0
7,457,593.5,148.0,588.5,143.0,598.5,153.0,1.0
7,458,593.5,148.0,588.5,143.0,598.5,153.0,1.0
7,459,593.5,148.0,588.5,143.0,598.5,153.0,1.0
7,460,593.5,148.0,588.5,143.0,598.5,153.0,1.0
7,461,593.5,148.0,588.5,143.0,598.5,153.0,1.0
7,462,593.5,148.0,588.5,143.0,598.5,153.0,1.0
7,463,593.5,148.0,588.5,143.0,598.5,153.0,1.0
7,464,593.5,148.0,588.5,143.0,598.5,153.0,1.0
7,465,593.5,148.0,588.5,143.0,598.5,153.0,1.0
7,466,593.5,148.0,588.5,143.0,598.5,153.0,1.0
7,467,593.5,148.0,588.5,143.0,598.5,153.0,1.0
7,468,593.5,148.0,588.5,143.0,598.5,153.0,1.0
7,469,593.5,148.0,588.5,143.0,598.5,153.0,1.0
7,470,593.5,148.0,588.5,143.0,598.5,153.0,1.0
7,471,593.5,148.0,588.5,143.0,598.5,153.0,1.0
7,472,593.5,148.0,588.5,143.0,598.5,153.0,1.0
7,473,593.5,148.0,588.5,143.0,598.5,153.0,1.0
7,474,593.5,148.0,588.5,143.0,598.5,153.0,1.0
7,475,593.5,148.0,588.5,143.0,598.5,153.0,1.0
7,476,593.5,148.0,588.5,143.0,598.5,153.0,1.0
7,477,593.5,148.0,588.5,143.0,598.5,153.0,1.0
7,478,593.5,148.0,588.5,143.0,598.5,153.0,1.0
7,479,593.5,148.0,588.5,143.0,598.5,153.0,1.0
7,480,593.5,148.0,588.5,143.0,598.5,153.0,1.0
7,481,593.5,148.0,588.5,143.0,598.5,153.0,1.0
7,482,593.5,148.0,588.5,143.0,598.5,153.0,1.0
7,483,593.5,148.0,588.5,143.0,598.5,153.0,1.0
7,484,593.5,148.0,588.5,143.0,598.5,153.0,1.0
7,485,593.5,148.0,588.5,143.0,598.5,153.0,1.0
7,486,593.5,148.0,588.5,143.0,598.5,153.0,1.0
7,487,593.5,148.0,588.5,143.0,598.5,153.0,1.0
7,488,593.5,148.0,588.5,143.0,598.5,153.0,1.0
7,489,593.5,148.0,588.5,143.0,598.5,153.0,1.0
7,490,593.5,148.0,588.5,143.0,598.5,153.0,1.0
7,491,593.5,148.0,588.5,143.0,598.5,153.0,1.0
7,492,593.5,148.0,588.5,143.0,598.5,153.0,1.0
7,493,593.5,148.0,588.5,143.0,598.5,153.0,1.0
7,494,593.5,148.0,588.5,143.0,598.5,153.0,1.0
7,495,593.5,148.0,588.5,143.0,598.5,153.0,1.0
7,496,593.5,148.0,588.5,143.0,598.5,153.0,1.0
7,497,593.5,148.0,588.5,143.0,598.5,153.0,1.0
7,498,593.5,148.0,588.5,143.0,598.5,153.0,1.0
7,499,593.5,148.0,588.5,143.0,598.5,153.0,1.0
7,500,593.5,148.0,588.5,143.0,598.5,153.0,1.0
7,501,593.5,148.0,588.5,143.0,598.5,153.0,1.0
7,502,593.5,148.0,588.5,143.0,598.5,153.0,1.0
7,503,593.5,148.0,588.5,143.0,598.5,153.0,1.0
7,504,593.5,148.0,588.5,143.0,598.5,153.0,1.0
7,505,593.5,148.0,588.5,143.0,598.5,153.0,1.0
7,506,593.5,148.0,588.5,143.0,598.5,153.0,1.0
7,507,593.5,148.0,588.5,143.0,598.5,153.0,1.0
7,508,593.5,148.0,588.5,143.0,598.5,153.0,1.0
7,509,593.5,148.0,588.5,143.0,598.5,153.0,1.0
7,510,593.5,148.0,588.5,143.0,598.5,153.0,1.0
7,511,593.5,148.0,588.5,143.0,598.5,153.0,1.0
7,512,593.5,148.0,588.5,143.0,598.5,153.0,1.0
7,513,593.5,148.0,588.5,143.0,598.5,153.0,1.0
7,514,593.5,148.0,588.5,143.0,598.5,153.0,1.0
7,515,593.5,148.0,588.5,143.0,598.5,153.0,1.0
7,516,593.5,148.0,588.5,143.0,598.5,153.0,1.0
7,517,593.5,148.0,588.5,143.0,598.5,153.0,1.0
7,518,593.5,148.0,588.5,143.0,598.5,153.0,1.0
7,519,593.5,148.0,588.5,143.0,598.5,153.0,1.0
7,520,593.5,148.0,588.5,143.0,598.5,153.0,1.0
7,521,593.5,148.0,588.5,143.0,598.5,153.0,1.0
7,522,593.5,148.0,588.5,143.0,598.5,153.0,1.0
7,523,593.5,148.0,588.5,143.0,598.5,153.0,1.0
7,524,593.5,148.0,588.5,143.0,598.5,153.0,1.0
7,525,593.5,148.0,588.5,143.0,598.5,153.0,1.0
7,526,593.5,148.0,588.5,143.0,598.5,153.0,1.0
7,527,593.5,148.0,588.5,143.0,598.5,153.0,1.0
7,528,593.5,148.0,588.5,143.0,598.5,153.0,1.0
7,529,593.5,148.0,588.5,143.0,598.5,153.0,1.0
7,530,593.5,148.0,588.5,143.0,598.5,153.0,1.0
7,531,593.5,148.0,588.5,143.0,598.5,153.0,1.0
7,532,593.5,148.0,588.5,143.0,598.5,153.0,1.0
7,533,593.5,148.0,588.5,143.0,598.5,153.0,1.0
7,534,593.5,148.0,588.5,143.0,598.5,153.0,1.0
7,535,593.5,148.0,588.5,143.0,598.5,153.0,1.0
7,536,593.5,148.0,588.5,143.0,598.5,153.0,1.0
7,537,593.5,148.0,588.5,143.0,598.5,153.0,1.0
7,538,593.5,148.0,588.5,143.0,598.5,153.0,1.0
7,539,593.5,148.0,588.5,143.0,598.5,153.0,1.0
7,540,593.5,148.0,588.5,143.0,598.5,153.0,1.0
7,541,593.5,148.0,588.5,143.0,598.5,153.0,1.0
7,542,593.5,148.0,588.5,143.0,598.5,153.0,1.0
7,543,593.5,148.0,588.5,143.0,598.5,153.0,1.0
7,544,593.5,148.0,588.5,143.0,598.5,153.0,1.0
7,545,593.5,148.0,588.5,143.0,598.5,153.0,1.0
7,546,593.5,148.0,588.5,143.0,598.5,153.0,1.0
7,547,593.5,148.0,588.5,143.0,598.5,153.0,1.0
7,548,593.5,148.0,588.5,143.0,598.5,153.0,1.0
7,549,593.5,148.0,588.5,143.0,598.5,153.0,1.0
7,550,593.5,148.0,588.5,143.0,598.5,153.0,1.0
7,551,593.5,148.0,588.5,143.0,598.5,153.0,1.0
7,552,593.5,148.0,588.5,143.0,598.5,153.0,1.0
7,553,593.5,148.0,588.5,143.0,598.5,153.0,1.0
7,554,593.5,148.0,588.5,143.0,598.5,153.0,1.0
7,555,593.5,148.0,588.5,143.0,598.5,153.0,1.0
7,556,593.5,148.0,588.5,143.0,598.5,153.0,1.0
7,557,593.5,148.0,588.5,143.0,598.5,153.0,1.0
7,558,593.5,148.0,588.5,143.0,598.5,153.0,1.0
7,559,593.5,148.0,588.5,143.0,598.5,153.0,1.0
7,560,593.5,148.0,588.5,143.0,598.5,153.0,1.0
7,561,593.5,148.0,588.5,143.0,598.5,153.0,1.0
7,562,593.5,148.0,588.5,143.0,598.5,153.0,1.0
7,563,593.5,148.0,588.5,143.0,598.5,153.0,1.0
7,564,593.5,148.0,588.5,143.0,598.5,153.0,1.0
7,565,593.5,148.0,588.5,143.0,598.5,153.0,1.0
7,566,593.5,148.0,588.5,143.0,598.5,153.0,1.0
7,567,593.5,148.0,588.5,143.0,598.5,153.0,1.0
7,568,593.5,148.0,588.5,143.0,598.5,153.0,1.0
7,569,593.5,148.0,588.5,143.0,598.5,153.0,1.0
7,570,593.5,148.0,588.5,143.0,598.5,153.0,1.0
7,571,593.5,148.0,588.5,143.0,598.5,153.0,1.0
7,572,593.5,148.0,588.5,143.0,598.5,153.0,1.0
7,573,593.5,148.0,588.5,143.0,598.5,153.0,1.0
7,574,593.5,148.0,588.5,143.0,598.5,153.0,1.0
7,575,593.5,148.0,588.5,143.0,598.5,153.0,1.0
7,576,593.5,148.0,588.5,143.0,598.5,153.0,1.0
7,577,593.5,148.0,588.5,143.0,598.5,153.0,1.0
7,578,593.5,148.0,588.5,143.0,598.5,153.0,1.0
7,579,593.5,148.0,588.5,143.0,598.5,153.0,1.0
7,580,593.5,148.0,588.5,143.0,598.5,153.0,1.0
7,581,593.5,148.0,588.5,143.0,598.5,153.0,1.0
7,582,593.5,148.0,588.5,143.0,598.5,153.0,1.0
7,583,593.5,148.0,588.5,143.0,598.5,153.0,1.0
7,584,593.5,148.0,588.5,143.0,598.5,153.0,1.0
7,585,593.5,148.0,588.5,143.0,598.5,153.0,1.0
7,586,593.5,148.0,588.5,143.0,598.5,153.0,1.0
7,587,593.5,148.0,588.5,143.0,598.5,153.0,1.0
7,588,593.5,148.0,588.5,143.0,598.5,153.0,1.0
7,589,593.5,148.0,588.5,143.0,598.5,153.0,1.0
7,590,593.5,148.0,588.5,143.0,598.5,153.0,1.0
7,591,593.5,148.0,588.5,143.0,598.5,153.0,1.0
7,592,593.5,148.0,588.5,143.0,598.5,153.0,1.0
7,593,593.5,148.0,588.5,143.0,598.5,153.0,1.0
7,594,593.5,148.0,588.5,143.0,598.5,153.0,1.0
7,595,593.5,148.0,588.5,143.0,598.5,153.0,1.0
7,596,593.5,148.0,588.5,143.0,598.5,153.0,1.0
7,597,593.5,148.0,588.5,143.0,598.5,153.0,1.0
7,598,593.5,148.0,588.5,143.0,598.5,153.0,1.0
7,599,593.5,148.0,588.5,143.0,598.5,153.0,1.0
7,600,593.5,148.0,588.5,143.0,598.5,153.0,1.0
7,601,593.5,148.0,588.5,143.0,598.5,153.0,1.0
7,602,593.5,148.0,588.5,143.0,598.5,153.0,1.0
7,603,593.5,148.0,588.5,143.0,598.5,153.0,1.0
7,604,593.5,148.0,588.5,143.0,598.5,153.0,1.0
7,605,593.5,148.0,588.5,143.0,598.5,153.0,1.0
7,606,593.5,148.0,588.5,143.0,598.5,153.0,1.0
7,607,593.5,148.0,588.5,143.0,598.5,153.0,1.0
7,608,593.5,148.0,588.5,143.0,598.5,153.0,1.0
7,609,593.5,148.0,588.5,143.0,598.5,153.0,1.0
7,610,593.5,148.0,588.5,143.0,598.5,153.0,1.0
7,611,593.5,148.0,588.5,143.0,598.5,153.0,1.0
7,612,593.5,148.0,588.5,143.0,598.5,153.0,1.0
7,613,593.5,148.0,588.5,143.0,598.5,153.0,1.0
7,614,593.5,148.0,588.5,143.0,598.5,153.0,1.0
7,615,593.5,148.0,588.5,143.0,598.5,153.0,1.0
7,616,593.5,148.0,588.5,143.0,598.5,153.0,1.0
7,617,593.5,148.0,588.5,143.0,598.5,153.0,1.0
7,618,593.5,148.0,588.5,143.0,598.5,153.0,1.0
7,619,593.5,148.0,588.5,143.0,598.5,153.0,1.0
7,620,593.5,148.0,588.5,143.0,598.5,153.0,1.0
7,621,593.5,148.0,588.5,143.0,598.5,153.0,1.0
7,622,593.5,148.0,588.5,143.0,598.5,153.0,1.0
7,623,593.5,148.0,588.5,143.0,598.5,153.0,1.0
7,624,593.5,148.0,588.5,143.0,598.5,153.0,1.0
7,625,593.5,148.0,588.5,143.0,598.5,153.0,1.0
7,626,593.5,148.0,588.5,143.0,598.5,153.0,1.0
7,627,593.5,148.0,588.5,143.0,598.5,153.0,1.0
7,628,593.5,148.0,588.5,143.0,598.5,153.0,1.0
7,629,593.5,148.0,588.5,143.0,598.5,153.0,1.0
7,630,593.5,148.0,588.5,143.0,598.5,153.0,1.0
7,631,593.5,148.0,588.5,143.0,598.5,153.0,1.0
7,632,593.5,148.0,588.5,143.0,598.5,153.0,1.0
7,633,593.5,148.0,588.5,143.0,598.5,153.0,1.0
7,634,593.5,148.0,588.5,143.0,598.5,153.0,1.0
7,635,593.5,148.0,588.5,143.0,598.5,153.0,1.0
7,636,593.5,148.0,588.5,143.0,598.5,153.0,1.0
7,637,593.5,148.0,588.5,143.0,598.5,153.0,1.0
7,638,593.5,148.0,588.5,143.0,598.5,153.0,1.0
7,639,593.5,148.0,588.5,143.0,598.5,153.0,1.0
7,640,593.5,148.0,588.5,143.0,598.5,153.0,1.0
7,641,593.5,148.0,588.5,143.0,598.5,153.0,1.0
7,642,593.5,148.0,588.5,143.0,598.5,153.0,1.0
7,643,593.5,148.0,588.5,143.0,598.5,153.0,1.0
7,644,593.5,148.0,588.5,143.0,598.5,153.0,1.0
7,645,593.5,148.0,588.5,143.0,598.5,153.0,1.0
7,646,593.5,148.0,588.5,143.0,598.5,153.0,1.0
7,647,593.5,148.0,588.5,143.0,598.5,153.0,1.0
7,648,593.5,148.0,588.5,143.0,598.5,153.0,1.0
7,649,593.5,148.0,588.5,143.0,598.5,153.0,1.0
7,650,593.5,148.0,588.5,143.0,598.5,153.0,1.0
7,651,593.5,148.0,588.5,143.0,598.5,153.0,1.0
7,652,593.5,148.0,588.5,143.0,598.5,153.0,1.0
7,653,593.5,148.0,588.5,143.0,598.5,153.0,1.0
7,654,593.5,148.0,588.5,143.0,598.5,153.0,1.0
7,655,593.5,148.0,588.5,143.0,598.5,153.0,1.0
7,656,593.5,148.0,588.5,143.0,598.5,153.0,1.0
7,657,593.5,148.0,588.5,143.0,598.5,153.0,1.0
7,658,593.5,148.0,588.5,143.0,598.5,153.0,1.0
7,659,593.5,148.0,588.5,143.0,598.5,153.0,1.0
7,660,593.5,148.0,588.5,143.0,598.5,153.0,1.0
7,661,593.5,148.0,588.5,143.0,598.5,153.0,1.0
7,662,593.5,148.0,588.5,143.0,598.5,153.0,1.0
7,663,593.5,148.0,588.5,143.0,598.5,153.0,1.0
7,664,593.5,148.0,588.5,143.0,598.5,153.0,1.0
7,665,593.5,148.0,588.5,143.0,598.5,153.0,1.0
7,666,593.5,148.0,588.5,143.0,598.5,153.0,1.0
7,667,593.5,148.0,588.5,143.0,598.5,153.0,1.0
7,668,593.5,148.0,588.5,143.0,598.5,153.0,1.0
7,669,593.5,148.0,588.5,143.0,598.5,153.0,1.0
7,670,593.5,148.0,588.5,143.0,598.5,153.0,1.0
7,671,593.5,148.0,588.5,143.0,598.5,153.0,1.0
7,672,593.5,148.0,588.5,143.0,598.5,153.0,1.0
7,673,593.5,148.0,588.5,143.0,598.5,153.0,1.0
7,674,593.5,148.0,588.5,143.0,598.5,153.0,1.0
7,675,593.5,148.0,588.5,143.0,598.5,153.0,1.0
7,676,593.5,148.0,588.5,143.0,598.5,153.0,1.0
7,677,593.5,148.0,588.5,143.0,598.5,153.0,1.0
7,678,593.5,148.0,588.5,143.0,598.5,153.0,1.0
7,679,593.5,148.0,588.5,143.0,598.5,153.0,1.0
7,680,593.5,148.0,588.5,143.0,598.5,153.0,1.0
7,681,593.5,148.0,588.5,143.0,598.5,153.0,1.0
7,682,593.5,148.0,588.5,143.0,598.5,153.0,1.0
7,683,593.5,148.0,588.5,143.0,598.5,153.0,1.0
7,684,593.5,148.0,588.5,143.0,598.5,153.0,1.0
7,685,593.5,148.0,588.5,143.0,598.5,153.0,1.0
7,686,593.5,148.0,588.5,143.0,598.5,153.0,1.0
7,687,593.5,148.0,588.5,143.0,598.5,153.0,1.0
7,688,593.5,148.0,588.5,143.0,598.5,153.0,1.0
7,689,593.5,148.0,588.5,143.0,598.5,153.0,1.0
7,690,593.5,148.0,588.5,143.0,598.5,153.0,1.0
7,691,593.5,148.0,588.5,143.0,598.5,153.0,1.0
7,692,593.5,148.0,588.5,143.0,598.5,153.0,1.0
7,693,593.5,148.0,588.5,143.0,598.5,153.0,1.0
7,694,593.5,148.0,588.5,143.0,598.5,153.0,1.0
7,695,593.5,148.0,588.5,143.0,598.5,153.0,1.0
7,696,593.5,148.0,588.5,143.0,598.5,153.0,1.0
7,697,593.5,148.0,588.5,143.0,598.5,153.0,1.0
7,698,593.5,148.0,588.5,143.0,598.5,153.0,1.0
7,699,593.5,148.0,588.5,143.0,598.5,153.0,1.0
7,700,593.5,148.0,588.5,143.0,598.5,153.0,1.0
7,701,593.5,148.0,588.5,143.0,598.5,153.0,1.0
7,702,593.5,148.0,588.5,143.0,598.5,153.0,1.0
7,703,593.5,148.0,588.5,143.0,598.5,153.0,1.0
7,704,593.5,148.0,588.5,143.0,598.5,153.0,1.0
7,705,593.5,148.0,588.5,143.0,598.5,153.0,1.0
7,706,593.5,148.0,588.5,143.0,598.5,153.0,1.0
7,707,593.5,148.0,588.5,143.0,598.5,153.0,1.0
7,708,593.5,148.0,588.5,143.0,598.5,153.0,1.0
7,709,593.5,148.0,588.5,143.0,598.5,153.0,1.0
7,710,593.5,148.0,588.5,143.0,598.5,153.0,1.0
7,711,593.5,148.0,588.5,143.0,598.5,153.0,1.0
7,712,593.5,148.0,588.5,143.0,598.5,153.0,1.0
7,713,593.5,148.0,588.5,143.0,598.5,153.0,1.0
7,714,593.5,148.0,588.5,143.0,598.5,153.0,1.0
7,715,593.5,148.0,588.5,143.0,598.5,153.0,1.0
7,716,593.5,148.0,588.5,143.0,598.5,153.0,1.0
7,717,593.5,148.0,588.5,143.0,598.5,153.0,1.0
7,718,593.5,148.0,588.5,143.0,598.5,153.0,1.0
7,719,593.5,148.0,588.5,143.0,598.5,153.0,1.0
7,720,593.5,148.0,588.5,143.0,598.5,153.0,1.0
7,721,593.5,148.0,588.5,143.0,598.5,153.0,1.0
7,722,593.5,148.0,588.5,143.0,598.5,153.0,1.0
7,723,593.5,148.0,588.5,143.0,598.5,153.0,1.0
7,724,593.5,148.0,588.5,143.0,598.5,153.0,1.0
7,725,593.5,148.0,588.5,143.0,598.5,153.0,1.0
7,726,593.5,148.0,588.5,143.0,598.5,153.0,1.0
7,727,593.5,148.0,588.5,143.0,598.5,153.0,1.0
7,728,593.5,148.0,588.5,143.0,598.5,153.0,1.0
7,729,593.5,148.0,588.5,143.0,598.5,153.0,1.0
7,730,593.5,148.0,588.5,143.0,598.5,153.0,1.0
7,731,593.5,148.0,588.5,143.0,598.5,153.0,1.0
7,732,593.5,148.0,588.5,143.0,598.5,153.0,1.0
7,733,593.5,148.0,588.5,143.0,598.5,153.0,1.0
7,734,593.5,148.0,588.5,143.0,598.5,153.0,1.0
7,735,593.5,148.0,588.5,143.0,598.5,153.0,1.0
7,736,593.5,148.0,588.5,143.0,598.5,153.0,1.0
7,737,593.5,148.0,588.5,143.0,598.5,153.0,1.0
7,738,593.5,148.0,588.5,143.0,598.5,153.0,1.0
7,739,593.5,148.0,588.5,143.0,598.5,153.0,1.0
7,740,593.5,148.0,588.5,143.0,598.5,153.0,1.0
7,741,593.5,148.0,588.5,143.0,598.5,153.0,1.0
7,742,593.5,148.0,588.5,143.0,598.5,153.0,1.0
7,743,593.5,148.0,588.5,143.0,598.5,153.0,1.0
7,744,593.5,148.0,588.5,143.0,598.5,153.0,1.0
7,745,593.5,148.0,588.5,143.0,598.5,153.0,1.0
7,746,593.5,148.0,588.5,143.0,598.5,153.0,1.0
7,747,593.5,148.0,588.5,143.0,598.5,153.0,1.0
7,748,593.5,148.0,588.5,143.0,598.5,153.0,1.0
7,749,593.5,148.0,588.5,143.0,598.5,153.0,1.0
7,750,593.5,148.0,588.5,143.0,598.5,153.0,1.0
7,751,593.5,148.0,588.5,143.0,598.5,153.0,1.0
7,752,593.5,148.0,588.5,143.0,598.5,153.0,1.0
7,753,593.5,148.0,588.5,143.0,598.5,153.0,1.0
7,754,593.5,148.0,588.5,143.0,598.5,153.0,1.0
7,755,593.5,148.0,588.5,143.0,598.5,153.0,1.0
7,756,593.5,148.0,588.5,143.0,598.5,153.0,1.0
7,757,593.5,148.0,588.5,143.0,598.5,153.0,1.0
7,758,593.5,148.0,588.5,143.0,598.5,153.0,1.0
7,759,593.5,148.0,588.5,143.0,598.5,153.0,1.0
7,760,593.5,148.0,588.5,143.0,598.5,153.0,1.0
7,761,593.5,148.0,588.5,143.0,598.5,153.0,1.0
7,762,593.5,148.0,588.5,143.0,598.5,153.0,1.0
7,763,593.5,148.0,588.5,143.0,598.5,153.0,1.0
7,764,593.5,148.0,588.5,143.0,598.5,153.0,1.0
7,765,593.5,148.0,588.5,143.0,598.5,153.0,1.0
7,766,593.5,148.0,588.5,143.0,598.5,153.0,1.0
7,767,593.5,148.0,588.5,143.0,598.5,153.0,1.0
7,768,593.5,148.0,588.5,143.0,598.5,153.0,1.0
7,769,593.5,148.0,588.5,143.0,598.5,153.0,1.0
7,770,593.5,148.0,588.5,143.0,598.5,153.0,1.0
7,771,593.5,148.0,588.5,143.0,598.5,153.0,1.0
7,772,593.5,148.0,588.5,143.0,598.5,153.0,1.0
7,773,593.5,148.0,588.5,143.0,598.5,153.0,1.0
7,774,593.5,148.0,588.5,143.0,598.5,153.0,1.0
7,775,593.5,148.0,588.5,143.0,598.5,153.0,1.0
7,776,593.5,148.0,588.5,143.0,598.5,153.0,1.0
7,777,593.5,148.0,588.5,143.0,598.5,153.0,1.0
7,778,593.5,148.0,588.5,143.0,598.5,153.0,1.0
7,779,593.5,148.0,588.5,143.0,598.5,153.0,1.0
7,780,593.5,148.0,588.5,143.0,598.5,153.0,1.0
7,781,593.5,148.0,588.5,143.0,598.5,153.0,1.0
7,782,593.5,148.0,588.5,143.0,598.5,153.0,1.0
7,783,593.5,148.0,588.5,143.0,598.5,153.0,1.0
7,784,593.5,148.0,588.5,143.0,598.5,153.0,1.0
7,785,593.5,148.0,588.5,143.0,598.5,153.0,1.0
7,786,593.5,148.0,588.5,143.0,598.5,153.0,1.0
7,787,593.5,148.0,588.5,143.0,598.5,153.0,1.0
7,788,593.5,148.0,588.5,143.0,598.5,153.0,1.0
7,789,593.5,148.0,588.5,143.0,598.5,153.0,1.0
7,790,593.5,148.0,588.5,143.0,598.5,153.0,1.0
7,791,593.5,148.0,588.5,143.0,598.5,153.0,1.0
7,792,593.5,148.0,588.5,143.0,598.5,153.0,1.0
7,793,593.5,148.0,588.5,143.0,598.5,153.0,1.0
7,794,593.5,148.0,588.5,143.0,598.5,153.0,1.0
7,795,593.5,148.0,588.5,143.0,598.5,153.0,1.0
7,796,593.5,148.0,588.5,143.0,598.5,153.0,1.0
7,797,593.5,148.0,588.5,143.0,598.5,153.0,1.0
7,798,593.5,148.0,588.5,143.0,598.5,153.0,1.0
7,799,593.5,148.0,588.5,143.0,598.5,153.0,1.0
7,800,593.5,148.0,588.5,143.0,598.5,153.0,1.0
7,801,593.5,148.0,588.5,143.0,598.5,153.0,1.0
7,802,593.5,148.0,588.5,143.0,598.5,153.0,1.0
7,803,593.5,148.0,588.5,143.0,598.5,153.0,1.0
7,804,593.5,148.0,588.5,143.0,598.5,153.0,1.0
7,805,593.5,148.0,588.5,143.0,598.5,153.0,1.0
7,806,593.5,148.0,588.5,143.0,598.5,153.0,1.0
7,807,593.5,148.0,588.5,143.0,598.5,153.0,1.0
7,808,593.5,148.0,588.5,143.0,598.5,153.0,1.0
7,809,593.5,148.0,588.5,143.0,598.5,153.0,1.0
7,810,593.5,148.0,588.5,143.0,598.5,153.0,1.0
7,811,593.5,148.0,588.5,143.0,598.5,153.0,1.0
7,812,593.5,148.0,588.5,143.0,598.5,153.0,1.0
7,813,593.5,148.0,588.5,143.0,598.5,153.0,1.0
7,814,593.5,148.0,588.5,143.0,598.5,153.0,1.0
7,815,593.5,148.0,588.5,143.0,598.5,153.0,1.0
7,816,593.5,148.0,588.5,143.0,598.5,153.0,1.0
7,817,593.5,148.0,588.5,143.0,598.5,153.0,1.0
7,818,593.5,148.0,588.5,143.0,598.5,153.0,1.0
7,819,593.5,148.0,588.5,143.0,598.5,153.0,1.0
7,820,593.5,148.0,588.5,143.0,598.5,153.0,1.0
7,821,593.5,148.0,588.5,143.0,598.5,153.0,1.0
7,822,593.5,148.0,588.5,143.0,598.5,153.0,1.0
7,823,593.5,148.0,588.5,143.0,598.5,153.0,1.0
7,824,593.5,148.0,588.5,143.0,598.5,153.0,1.0
7,825,593.5,148.0,588.5,143.0,598.5,153.0,1.0
7,826,593.5,148.0,588.5,143.0,598.5,153.0,1.0
7,827,593.5,148.0,588.5,143.0,598.5,153.0,1.0
7,828,593.5,148.0,588.5,143.0,598.5,153.0,1.0
7,829,593.5,148.0,588.5,143.0,598.5,153.0,1.0
7,830,593.5,148.0,588.5,143.0,598.5,153.0,1.0
7,831,593.5,148.0,588.5,143.0,598.5,153.0,1.0
7,832,593.5,148.0,588.5,143.0,598.5,153.0,1.0
7,833,593.5,148.0,588.5,143.0,598.5,153.0,1.0
7,834,593.5,148.0,588.5,143.0,598.5,153.0,1.0
7,835,593.5,148.0,588.5,143.0,598.5,153.0,1.0
7,836,593.5,148.0,588.5,143.0,598.5,153.0,1.0
7,837,593.5,148.0,588.5,143.0,598.5,153.0,1.0
7,838,593.5,148.0,588.5,143.0,598.5,153.0,1.0
7,839,593.5,148.0,588.5,143.0,598.5,153.0,1.0
7,840,593.5,148.0,588.5,143.0,598.5,153.0,1.0
7,841,593.5,148.0,588.5,143.0,598.5,153.0,1.0
7,842,593.5,148.0,588.5,143.0,598.5,153.0,1.0
7,843,593.5,148.0,588.5,143.0,598.5,153.0,1.0
7,844,593.5,148.0,588.5,143.0,598.5,153.0,1.0
7,845,593.5,148.0,588.5,143.0,598.5,153.0,1.0
7,846,593.5,148.0,588.5,143.0,598.5,153.0,1.0
7,847,593.5,148.0,588.5,143.0,598.5,153.0,1.0
7,848,593.5,148.0,588.5,143.0,598.5,153.0,1.0
7,849,593.5,148.0,588.5,143.0,598.5,153.0,1.0
7,850,593.5,148.0,588.5,143.0,598.5,153.0,1.0
7,851,593.5,148.0,588.5,143.0,598.5,153.0,1.0
7,852,593.5,148.0,588.5,143.0,598.5,153.0,1.0
7,853,593.5,148.0,588.5,143.0,598.5,153.0,1.0
7,854,593.5,148.0,588.5,143.0,598.5,153.0,1.0
7,855,593.5,148.0,588.5,143.0,598.5,153.0,1.0
7,856,593.5,148.0,588.5,143.0,598.5,153.0,1.0
7,857,593.5,148.0,588.5,143.0,598.5,153.0,1.0
7,858,593.5,148.0,588.5,143.0,598.5,153.0,1.0
7,859,593.5,148.0,588.5,143.0,598.5,153.0,1.0
7,860,593.5,148.0,588.5,143.0,598.5,153.0,1.0
7,861,593.5,148.0,588.5,143.0,598.5,153.0,1.0
7,862,593.5,148.0,588.5,143.0,598.5,153.0,1.0
7,863,593.5,148.0,588.5,143.0,598.5,153.0,1.0
7,864,593.5,148.0,588.5,143.0,598.5,153.0,1.0
7,865,593.5,148.0,588.5,143.0,598.5,153.0,1.0
7,866,593.5,148.0,588.5,143.0,598.5,153.0,1.0
7,867,593.5,148.0,588.5,143.0,598.5,153.0,1.0
7,868,593.5,148.0,588.5,143.0,598.5,153.0,1.0
7,869,593.5,148.0,588.5,143.0,598.5,153.0,1.0
7,870,593.5,148.0,588.5,143.0,598.5,153.0,1.0
7,871,593.5,148.0,588.5,143.0,598.5,153.0,1.0
7,872,593.5,148.0,588.5,143.0,598.5,153.0,1.0
7,873,593.5,148.0,588.5,143.0,598.5,153.0,1.0
7,874,593.5,148.0,588.5,143.0,598.5,153.0,1.0
7,875,593.5,148.0,588.5,143.0,598.5,153.0,1.0
7,876,593.5,148.0,588.5,143.0,598.5,153.0,1.0
7,877,593.5,148.0,588.5,143.0,598.5,153.0,1.0
7,878,593.5,148.0,588.5,143.0,598.5,153.0,1.0
7,879,593.5,148.0,588.5,143.0,598.5,153.0,1.0
7,880,593.5,148.0,588.5,143.0,598.5,153.0,1.0
7,881,593.5,148.0,588.5,143.0,598.5,153.0,1.0
7,882,593.5,148.0,588.5,143.0,598.5,153.0,1.0
7,883,593.5,148.0,588.5,143.0,598.5,153.0,1.0
7,884,593.5,148.0,588.5,143.0,598.5,153.0,1.0
7,885,593.5,148.0,588.5,143.0,598.5,153.0,1.0
7,886,593.5,148.0,588.5,143.0,598.5,153.0,1.0
7,887,593.5,148.0,588.5,143.0,598.5,153.0,1.0
7,888,593.5,148.0,588.5,143.0,598.5,153.0,1.0
7,889,593.5,148.0,588.5,143.0,598.5,153.0,1.0
7,890,593.5,148.0,588.5,143.0,598.5,153.0,1.0
7,891,593.5,148.0,588.5,143.0,598.5,153.0,1.0
7,892,593.5,148.0,588.5,143.0,598.5,153.0,1.0
7,893,593.5,148.0,588.5,143.0,598.5,153.0,1.0
7,894,593.5,148.0,588.5,143.0,598.5,153.0,1.0
7,895,593.5,148.0,588.5,143.0,598.5,153.0,1.0
7,896,593.5,148.0,588.5,143.0,598.5,153.0,1.0
7,897,593.5,148.0,588.5,143.0,598.5,153.0,1.0
7,898,593.5,148.0,588.5,143.0,598.5,153.0,1.0
7,899,593.5,148.0,588.5,143.0,598.5,153.0,1.0
7,900,593.5,148.0,588.5,143.0,598.5,153.0,1.0
7,901,593.5,148.0,588.5,143.0,598.5,153.0,1.0
7,902,593.5,148.0,588.5,143.0,598.5,153.0,1.0
7,903,593.5,148.0,588.5,143.0,598.5,153.0,1.0
7,904,593.5,148.0,588.5,143.0,598.5,153.0,1.0
7,905,593.5,148.0,588.5,143.0,598.5,153.0,1.0
7,906,593.5,148.0,588.5,143.0,598.5,153.0,1.0
7,907,593.5,148.0,588.5,143.0,598.5,153.0,1.0
7,908,593.5,148.0,588.5,143.0,598.5,153.0,1.0
7,909,593.5,148.0,588.5,143.0,598.5,153.0,1.0
7,910,593.5,148.0,588.5,143.0,598.5,153.0,1.0
7,911,593.5,148.0,588.5,143.0,598.5,153.0,1.0
7,912,593.5,148.0,588.5,143.0,598.5,153.0,1.0
7,913,593.5,148.0,588.5,143.0,598.5,153.0,1.0
7,914,593.5,148.0,588.5,143.0,598.5,153.0,1.0
7,915,593.5,148.0,588.5,143.0,598.5,153.0,1.0
7,916,593.5,148.0,588.5,143.0,598.5,153.0,1.0
7,917,593.5,148.0,588.5,143.0,598.5,153.0,1.0
7,918,593.5,148.0,588.5,143.0,598.5,153.0,1.0
7,919,593.5,148.0,588.5,143.0,598.5,153.0,1.0
7,920,593.5,148.0,588.5,143.0,598.5,153.0,1.0
7,921,593.5,148.0,588.5,143.0,598.5,153.0,1.0
7,922,593.5,148.0,588.5,143.0,598.5,153.0,1.0
7,923,593.5,148.0,588.5,143.0,598.5,153.0,1.0
7,924,593.5,148.0,588.5,143.0,598.5,153.0,1.0
7,925,593.5,148.0,588.5,143.0,598.5,153.0,1.0
7,926,593.5,148.0,588.5,143.0,598.5,153.0,1.0
7,927,593.5,148.0,588.5,143.0,598.5,153.0,1.0
7,928,593.5,148.0,588.5,143.0,598.5,153.0,1.0
7,929,593.5,148.0,588.5,143.0,598.5,153.0,1.0
7,930,593.5,148.0,588.5,143.0,598.5,153.0,1.0
7,931,593.5,148.0,588.5,143.0,598.5,153.0,1.0
7,932,593.5,148.0,588.5,143.0,598.5,153.0,1.0
7,933,593.5,148.0,588.5,143.0,598.5,153.0,1.0
7,934,593.5,148.0,588.5,143.0,598.5,153.0,1.0
7,935,593.5,148.0,588.5,143.0,598.5,153.0,1.0
7,936,593.5,148.0,588.5,143.0,598.5,153.0,1.0
7,937,593.5,148.0,588.5,143.0,598.5,153.0,1.0
7,938,593.5,148.0,588.5,143.0,598.5,153.0,1.0
7,939,593.5,148.0,588.5,143.0,598.5,153.0,1.0
7,940,593.5,148.0,588.5,143.0,598.5,153.0,1.0
7,941,593.5,148.0,588.5,143.0,598.5,153.0,1.0
7,942,593.5,148.0,588.5,143.0,598.5,153.0,1.0
7,943,593.5,148.0,588.5,143.0,598.5,153.0,1.0
7,944,593.5,148.0,588.5,143.0,598.5,153.0,1.0
7,945,593.5,148.0,588.5,143.0,598.5,153.0,1.0
7,946,593.5,148.0,588.5,143.0,598.5,153.0,1.0
7,947,593.5,148.0,588.5,143.0,598.5,153.0,1.0
7,948,593.5,148.0,588.5,143.0,598.5,153.0,1.0
7,949,593.5,148.0,588.5,143.0,598.5,153.0,1.0
7,950,593.5,148.0,588.5,143.0,598.5,153.0,1.0
7,951,593.5,148.0,588.5,143.0,598.5,153.0,1.0
7,952,593.5,148.0,588.5,143.0,598.5,153.0,1.0
7,953,593.5,148.0,588.5,143.0,598.5,153.0,1.0
7,954,593.5,148.0,588.5,143.0,598.5,153.0,1.0
7,955,593.5,148.0,588.5,143.0,598.5,153.0,1.0
7,956,593.5,148.0,588.5,143.0,598.5,153.0,1.0
7,957,593.5,148.0,588.5,143.0,598.5,153.0,1.0
7,958,593.5,148.0,588.5,143.0,598.5,153.0,1.0
7,959,593.5,148.0,588.5,143.0,598.5,153.0,1.0
7,960,593.5,148.0,588.5,143.0,598.5,153.0,1.0
7,961,593.5,148.0,588.5,143.0,598.5,153.0,1.0
7,962,593.5,148.0,588.5,143.0,598.5,153.0,1.0
7,963,593.5,148.0,588.5,143.0,598.5,153.0,1.0
7,964,593.5,148.0,588.5,143.0,598.5,153.0,1.0
7,965,593.5,148.0,588.5,143.0,598.5,153.0,1.0
7,966,593.5,148.0,588.5,143.0,598.5,153.0,1.0
7,967,593.5,148.0,588.5,143.0,598.5,153.0,1.0
7,968,593.5,148.0,588.5,143.0,598.5,153.0,1.0
7,969,593.5,148.0,588.5,143.0,598.5,153.0,1.0
7,970,593.5,148.0,588.5,143.0,598.5,153.0,1.0
7,971,593.5,148.0,588.5,143.0,598.5,153.0,1.0
7,972,593.5,148.0,588.5,143.0,598.5,153.0,1.0
7,973,593.5,148.0,588.5,143.0,598.5,153.0,1.0
7,974,593.5,148.0,588.5,143.0,598.5,153.0,1.0
7,975,593.5,148.0,588.5,143.0,598.5,153.0,1.0
7,976,593.5,148.0,588.5,143.0,598.5,153.0,1.0
7,977,593.5,148.0,588.5,143.0,598.5,153.0,1.0
7,978,593.5,148.0,588.5,143.0,598.5,153.0,1.0
7,979,593.5,148.0,588.5,143.0,598.5,153.0,1.0
7,980,593.5,148.0,588.5,143.0,598.5,153.0,1.0
7,981,593.5,148.0,588.5,143.0,598.5,153.0,1.0
7,982,593.5,148.0,588.5,143.0,598.5,153.0,1.0
7,983,593.5,148.0,588.5,143.0,598.5,153.0,1.0
7,984,593.5,148.0,588.5,143.0,598.5,153.0,1.0
7,985,593.5,148.0,588.5,143.0,598.5,153.0,1.0
7,986,593.5,148.0,588.5,143.0,598.5,153.0,1.0
7,987,593.5,148.0,588.5,143.0,598.5,153.0,1.0
7,988,593.5,148.0,588.5,143.0,598.5,153.0,1.0
7,989,593.5,148.0,588.5,143.0,598.5,153.0,1.0
7,990,593.5,148.0,588.5,143.0,598.5,153.0,1.0
7,991,593.5,148.0,588.5,143.0,598.5,153.0,1.0
7,992,593.5,148.0,588.5,143.0,598.5,153.0,1.0
7,993,593.5,148.0,588.5,143.0,598.5,153.0,1.0
7,994,593.5,148.0,588.5,143.0,598.5,153.0,1.0
7,995,593.5,148.0,588.5,143.0,598.5,153.0,1.0
7,996,593.5,148.0,588.5,143.0,598.5,153.0,1.0
7,997,593.5,148.0,588.5,143.0,598.5,153.0,1.0
7,998,593.5,148.0,588.5,143.0,598.5,153.0,1.0
7,999,593.5,148.0,588.5,143.0,598.5,153.0,1.0
7,1000,593.5,148.0,588.5,143.0,598.5,153.0,1.0
7,1001,593.5,148.0,588.5,143.0,598.5,153.0,1.0
7,1002,593.5,148.0,588.5,143.0,598.5,153.0,1.0
7,1003,593.5,148.0,588.5,143.0,598.5,153.0,1.0
7,1004,593.5,148.0,588.5,143.0,598.5,153.0,1.0
7,1005,593.5,148.0,588.5,143.0,598.5,153.0,1.0
7,1006,593.5,148.0,588.5,143.0,598.5,153.0,1.0
7,1007,593.5,148.0,588.5,143.0,598.5,153.0,1.0
7,1008,593.5,148.0,588.5,143.0,598.5,153.0,1.0
7,1009,593.5,148.0,588.5,143.0,598.5,153.0,1.0
7,1010,593.5,148.0,588.5,143.0,598.5,153.0,1.0
7,1011,593.5,148.0,588.5,143.0,598.5,153.0,1.0
7,1012,593.5,148.0,588.5,143.0,598.5,153.0,1.0
7,1013,593.5,148.0,588.5,143.0,598.5,153.0,1.0
7,1014,593.5,148.0,588.5,143.0,598.5,153.0,1.0
7,1015,593.5,148.0,588.5,143.0,598.5,153.0,1.0
7,1016,593.5,148.0,588.5,143.0,598.5,153.0,1.0
7,1017,593.5,148.0,588.5,143.0,598.5,153.0,1.0
7,1018,593.5,148.0,588.5,143.0,598.5,153.0,1.0
7,1019,593.5,148.0,588.5,143.0,598.5,153.0,1.0
7,1020,593.5,148.0,588.5,143.0,598.5,153.0,1.0
7,1021,593.5,148.0,588.5,143.0,598.5,153.0,1.0
7,1022,593.5,148.0,588.5,143.0,598.5,153.0,1.0
7,1023,593.5,148.0,588.5,143.0,598.5,153.0,1.0
7,1024,593.5,148.0,588.5,143.0,598.5,153.0,1.0
7,1025,593.5,148.0,588.5,143.0,598.5,153.0,1.0
7,1026,593.5,148.0,588.5,143.0,598.5,153.0,1.0
7,1027,593.5,148.0,588.5,143.0,598.5,153.0,1.0
7,1028,593.5,148.0,588.5,143.0,598.5,153.0,1.0
7,1029,593.5,148.0,588.5,143.0,598.5,153.0,1.0
7,1030,593.5,148.0,588.5,143.0,598.5,153.0,1.0
7,1031,593.5,148.0,588.5,143.0,598.5,153.0,1.0
7,1032,593.5,148.0,588.5,143.0,598.5,153.0,1.0
7,1033,593.5,148.0,588.5,143.0,598.5,153.0,1.0
7,1034,593.5,148.0,588.5,143.0,598.5,153.0,1.0
7,1035,593.5,148.0,588.5,143.0,598.5,153.0,1.0
7,1036,593.5,148.0,588.5,143.0,598.5,153.0,1.0
7,1037,593.5,148.0,588.5,143.0,598.5,153.0,1.0
7,1038,593.5,148.0,588.5,143.0,598.5,153.0,1.0
7,1039,593.5,148.0,588.5,143.0,598.5,153.0,1.0
7,1040,593.5,148.0,588.5,143.0,598.5,153.0,1.0
7,1041,593.5,148.0,588.5,143.0,598.5,153.0,1.0
7,1042,593.5,148.0,588.5,143.0,598.5,153.0,1.0
7,1043,593.5,148.0,588.5,143.0,598.5,153.0,1.0
7,1044,593.5,148.0,588.5,143.0,598.5,153.0,1.0
7,1045,593.5,148.0,588.5,143.0,598.5,153.0,1.0
7,1046,593.5,148.0,588.5,143.0,598.5,153.0,1.0
7,1047,593.5,148.0,588.5,143.0,598.5,153.0,1.0
7,1048,593.5,148.0,588.5,143.0,598.5,153.0,1.0
7,1049,593.5,148.0,588.5,143.0,598.5,153.0,1.0
7,1050,593.5,148.0,588.5,143.0,598.5,153.0,1.0
7,1051,593.5,148.0,588.5,143.0,598.5,153.0,1.0
7,1052,593.5,148.0,588.5,143.0,598.5,153.0,1.0
7,1053,593.5,148.0,588.5,143.0,598.5,153.0,1.0
7,1054,593.5,148.0,588.5,143.0,598.5,153.0,1.0
7,1055,593.5,148.0,588.5,143.0,598.5,153.0,1.0
7,1056,593.5,148.0,588.5,143.0,598.5,153.0,1.0
7,1057,593.5,148.0,588.5,143.0,598.5,153.0,1.0
7,1058,593.5,148.0,588.5,143.0,598.5,153.0,1.0
7,1059,593.5,148.0,588.5,143.0,598.5,153.0,1.0
7,1060,593.5,148.0,588.5,143.0,598.5,153.0,1.0
7,1061,593.5,148.0,588.5,143.0,598.5,153.0,1.0
7,1062,593.5,148.0,588.5,143.0,598.5,153.0,1.0
7,1063,593.5,148.0,588.5,143.0,598.5,153.0,1.0
7,1064,593.5,148.0,588.5,143.0,598.5,153.0,1.0
7,1065,593.5,148.0,588.5,143.0,598.5,153.0,1.0
7,1066,593.5,148.0,588.5,143.0,598.5,153.0,1.0
7,1067,593.5,148.0,588.5,143.0,598.5,153.0,1.0
7,1068,593.5,148.0,588.5,143.0,598.5,153.0,1.0
7,1069,593.5,148.0,588.5,143.0,598.5,153.0,1.0
7,1070,593.5,148.0,588.5,143.0,598.5,153.0,1.0
7,1071,593.5,148.0,588.5,143.0,598.5,153.0,1.0
7,1072,593.5,148.0,588.5,143.0,598.5,153.0,1.0
7,1073,593.5,148.0,588.5,143.0,598.5,153.0,1.0
7,1074,593.5,148.0,588.5,143.0,598.5,153.0,1.0
7,1075,593.5,148.0,588.5,143.0,598.5,153.0,1.0
7,1076,593.5,148.0,588.5,143.0,598.5,153.0,1.0
7,1077,593.5,148.0,588.5,143.0,598.5,153.0,1.0
7,1078,593.5,148.0,588.5,143.0,598.5,153.0,1.0
7,1079,593.5,148.0,588.5,143.0,598.5,153.0,1.0
7,1080,593.5,148.0,588.5,143.0,598.5,153.0,1.0
7,1081,593.5,148.0,588.5,143.0,598.5,153.0,1.0
7,1082,593.5,148.0,588.5,143.0,598.5,153.0,1.0
7,1083,593.5,148.0,588.5,143.0,598.5,153.0,1.0
7,1084,593.5,148.0,588.5,143.0,598.5,153.0,1.0
7,1085,593.5,148.0,588.5,143.0,598.5,153.0,1.0
7,1086,593.5,148.0,588.5,143.0,598.5,153.0,1.0
7,1087,593.5,148.0,588.5,143.0,598.5,153.0,1.0
7,1088,593.5,148.0,588.5,143.0,598.5,153.0,1.0
7,1089,593.5,148.0,588.5,143.0,598.5,153.0,1.0
7,1090,593.5,148.0,588.5,143.0,598.5,153.0,1.0
7,1091,593.5,148.0,588.5,143.0,598.5,153.0,1.0
7,1092,593.5,148.0,588.5,143.0,598.5,153.0,1.0
7,1093,593.5,148.0,588.5,143.0,598.5,153.0,1.0
7,1094,593.5,148.0,588.5,143.0,598.5,153.0,1.0
7,1095,593.5,148.0,588.5,143.0,598.5,153.0,1.0
7,1096,593.5,148.0,588.5,143.0,598.5,153.0,1.0
7,1097,593.5,148.0,588.5,143.0,598.5,153.0,1.0
7,1098,593.5,148.0,588.5,143.0,598.5,153.0,1.0
7,1099,593.5,148.0,588.5,143.0,598.5,153.0,1.0
7,1100,593.5,148.0,588.5,143.0,598.5,153.0,1.0
7,1101,593.5,148.0,588.5,143.0,598.5,153.0,1.0
7,1102,593.5,148.0,588.5,143.0,598.5,153.0,1.0
7,1103,593.5,148.0,588.5,143.0,598.5,153.0,1.0
7,1104,593.5,148.0,588.5,143.0,598.5,153.0,1.0
7,1105,593.5,148.0,588.5,143.0,598.5,153.0,1.0
7,1106,593.5,148.0,588.5,143.0,598.5,153.0,1.0
7,1107,593.5,148.0,588.5,143.0,598.5,153.0,1.0
7,1108,593.5,148.0,588.5,143.0,598.5,153.0,1.0
7,1109,593.5,148.0,588.5,143.0,598.5,153.0,1.0
7,1110,593.5,148.0,588.5,143.0,598.5,153.0,1.0
7,1111,593.5,148.0,588.5,143.0,598.5,153.0,1.0
7,1112,593.5,148.0,588.5,143.0,598.5,153.0,1.0
7,1113,593.5,148.0,588.5,143.0,598.5,153.0,1.0
7,1114,593.5,148.0,588.5,143.0,598.5,153.0,1.0
7,1115,593.5,148.0,588.5,143.0,598.5,153.0,1.0
7,1116,593.5,148.0,588.5,143.0,598.5,153.0,1.0
7,1117,593.5,148.0,588.5,143.0,598.5,153.0,1.0
7,1118,593.5,148.0,588.5,143.0,598.5,153.0,1.0
7,1119,593.5,148.0,588.5,143.0,598.5,153.0,1.0
7,1120,593.5,148.0,588.5,143.0,598.5,153.0,1.0
7,1121,593.5,148.0,588.5,143.0,598.5,153.0,1.0
7,1122,593.5,148.0,588.5,143.0,598.5,153.0,1.0
7,1123,593.5,148.0,588.5,143.0,598.5,153.0,1.0
7,1124,593.5,148.0,588.5,143.0,598.5,153.0,1.0
7,1125,593.5,148.0,588.5,143.0,598.5,153.0,1.0
7,1126,593.5,148.0,588.5,143.0,598.5,153.0,1.0
7,1127,593.5,148.0,588.5,143.0,598.5,153.0,1.0
7,1128,593.5,148.0,588.5,143.0,598.5,153.0,1.0
7,1129,593.5,148.0,588.5,143.0,598.5,153.0,1.0
7,1130,593.5,148.0,588.5,143.0,598.5,153.0,1.0
7,1131,593.5,148.0,588.5,143.0,598.5,153.0,1.0
7,1132,593.5,148.0,588.5,143.0,598.5,153.0,1.0
7,1133,593.5,148.0,588.5,143.0,598.5,153.0,1.0
7,1134,593.5,148.0,588.5,143.0,598.5,153.0,1.0
7,1135,593.5,148.0,588.5,143.0,598.5,153.0,1.0
7,1136,593.5,148.0,588.5,143.0,598.5,153.0,1.0
7,1137,593.5,148.0,588.5,143.0,598.5,153.0,1.0
7,1138,593.5,148.0,588.5,143.0,598.5,153.0,1.0
7,1139,593.5,148.0,588.5,143.0,598.5,153.0,1.0
7,1140,593.5,148.0,588.5,143.0,598.5,153.0,1.0
7,1141,593.5,148.0,588.5,143.0,598.5,153.0,1.0
7,1142,593.5,148.0,588.5,143.0,598.5,153.0,1.0
7,1143,593.5,148.0,588.5,143.0,598.5,153.0,1.0
7,1144,593.5,148.0,588.5,143.0,598.5,153.0,1.0
7,1145,593.5,148.0,588.5,143.0,598.5,153.0,1.0
7,1146,593.5,148.0,588.5,143.0,598.5,153.0,1.0
7,1147,593.5,148.0,588.5,143.0,598.5,153.0,1.0
7,1148,593.5,148.0,588.5,143.0,598.5,153.0,1.0
7,1149,593.5,148.0,588.5,143.0,598.5,153.0,1.0
7,1150,593.5,148.0,588.5,143.0,598.5,153.0,1.0
7,1151,593.5,148.0,588.5,143.0,598.5,153.0,1.0
7,1152,593.5,148.0,588.5,143.0,598.5,153.0,1.0
7,1153,593.5,148.0,588.5,143.0,598.5,153.0,1.0
7,1154,593.5,148.0,588.5,143.0,598.5,153.0,1.0
7,1155,593.5,148.0,588.5,143.0,598.5,153.0,1.0
7,1156,593.5,148.0,588.5,143.0,598.5,153.0,1.0
7,1157,593.5,148.0,588.5,143.0,598.5,153.0,1.0
7,1158,593.5,148.0,588.5,143.0,598.5,153.0,1.0
7,1159,593.5,148.0,588.5,143.0,598.5,153.0,1.0
7,1160,593.5,148.0,588.5,143.0,598.5,153.0,1.0
7,1161,593.5,148.0,588.5,143.0,598.5,153.0,1.0
7,1162,593.5,148.0,588.5,143.0,598.5,153.0,1.0
7,1163,593.5,148.0,588.5,143.0,598.5,153.0,1.0
7,1164,593.5,148.0,588.5,143.0,598.5,153.0,1.0
7,1165,593.5,148.0,588.5,143.0,598.5,153.0,1.0
7,1166,593.5,148.0,588.5,143.0,598.5,153.0,1.0
7,1167,593.5,148.0,588.5,143.0,598.5,153.0,1.0
7,1168,593.5,148.0,588.5,143.0,598.5,153.0,1.0
7,1169,593.5,148.0,588.5,143.0,598.5,153.0,1.0
7,1170,593.5,148.0,588.5,143.0,598.5,153.0,1.0
7,1171,593.5,148.0,588.5,143.0,598.5,153.0,1.0
7,1172,593.5,148.0,588.5,143.0,598.5,153.0,1.0
7,1173,593.5,148.0,588.5,143.0,598.5,153.0,1.0
7,1174,593.5,148.0,588.5,143.0,598.5,153.0,1.0
7,1175,593.5,148.0,588.5,143.0,598.5,153.0,1.0
7,1176,593.5,148.0,588.5,143.0,598.5,153.0,1.0
7,1177,593.5,148.0,588.5,143.0,598.5,153.0,1.0
7,1178,593.5,148.0,588.5,143.0,598.5,153.0,1.0
7,1179,593.5,148.0,588.5,143.0,598.5,153.0,1.0
7,1180,593.5,148.0,588.5,143.0,598.5,153.0,1.0
7,1181,593.5,148.0,588.5,143.0,598.5,153.0,1.0
7,1182,593.5,148.0,588.5,143.0,598.5,153.0,1.0
7,1183,593.5,148.0,588.5,143.0,598.5,153.0,1.0
7,1184,593.5,148.0,588.5,143.0,598.5,153.0,1.0
7,1185,593.5,148.0,588.5,143.0,598.5,153.0,1.0
7,1186,593.5,148.0,588.5,143.0,598.5,153.0,1.0
7,1187,593.5,148.0,588.5,143.0,598.5,153.0,1.0
7,1188,593.5,148.0,588.5,143.0,598.5,153.0,1.0
7,1189,593.5,148.0,588.5,143.0,598.5,153.0,1.0
7,1190,593.5,148.0,588.5,143.0,598.5,153.0,1.0
7,1191,593.5,148.0,588.5,143.0,598.5,153.0,1.0
7,1192,593.5,148.0,588.5,143.0,598.5,153.0,1.0
7,1193,593.5,148.0,588.5,143.0,598.5,153.0,1.0
7,1194,593.5,148.0,588.5,143.0,598.5,153.0,1.0
7,1195,593.5,148.0,588.5,143.0,598.5,153.0,1.0
7,1196,593.5,148.0,588.5,143.0,598.5,153.0,1.0
7,1197,593.5,148.0,588.5,143.0,598.5,153.0,1.0
7,1198,593.5,148.0,588.5,143.0,598.5,153.0,1.0
7,1199,593.5,148.0,588.5,143.0,598.5,153.0,1.0
7,1200,593.5,148.0,588.5,143.0,598.5,153.0,1.0
7,1201,593.5,148.0,588.5,143.0,598.5,153.0,1.0
7,1202,593.5,148.0,588.5,143.0,598.5,153.0,1.0
7,1203,593.5,148.0,588.5,143.0,598.5,153.0,1.0
7,1204,593.5,148.0,588.5,143.0,598.5,153.0,1.0
7,1205,593.5,148.0,588.5,143.0,598.5,153.0,1.0
7,1206,593.5,148.0,588.5,143.0,598.5,153.0,1.0
7,1207,593.5,148.0,588.5,143.0,598.5,153.0,1.0
7,1208,593.5,148.0,588.5,143.0,598.5,153.0,1.0
7,1209,593.5,148.0,588.5,143.0,598.5,153.0,1.0
7,1210,593.5,148.0,588.5,143.0,598.5,153.0,1.0
7,1211,593.5,148.0,588.5,143.0,598.5,153.0,1.0
7,1212,593.5,148.0,588.5,143.0,598.5,153.0,1.0
7,1213,593.5,148.0,588.5,143.0,598.5,153.0,1.0
7,1214,593.5,148.0,588.5,143.0,598.5,153.0,1.0
7,1215,593.5,148.0,588.5,143.0,598.5,153.0,1.0
7,1216,593.5,148.0,588.5,143.0,598.5,153.0,1.0
8,1217,273.5,195.0,268.5,190.0,278.5,200.0,1.0
8,1218,273.45238095238096,194.97619047619045,268.45238095238096,189.97619047619045,278.45238095238096,199.97619047619045,1.0
8,1219,273.40476190476187,194.95238095238093,268.40476190476187,189.95238095238093,278.40476190476187,199.95238095238093,1.0
8,1220,273.35714285714283,194.92857142857142,268.35714285714283,189.92857142857142,278.35714285714283,199.92857142857142,1.0
8,1221,273.3095238095238,194.9047619047619,268.3095238095238,189.9047619047619,278.3095238095238,199.9047619047619,1.0
8,1222,273.26190476190476,194.88095238095232,268.26190476190476,189.88095238095232,278.26190476190476,199.88095238095232,1.0
8,1223,273.2142857142857,194.8571428571429,268.2142857142857,189.8571428571429,278.2142857142857,199.8571428571429,1.0
8,1224,273.16666666666663,194.83333333333337,268.16666666666663,189.83333333333337,278.16666666666663,199.83333333333337,1.0
8,1225,273.11904761904765,194.80952380952382,268.11904761904765,189.80952380952382,278.11904761904765,199.80952380952382,1.0
8,1226,273.0714285714286,194.7857142857143,268.0714285714286,189.7857142857143,278.0714285714286,199.7857142857143,1.0
8,1227,273.02380952380963,194.76190476190482,268.02380952380963,189.76190476190482,278.02380952380963,199.76190476190482,1.0
8,1228,272.97619047619054,194.73809523809527,267.97619047619054,189.73809523809527,277.97619047619054,199.73809523809527,1.0
8,1229,272.9285714285715,194.71428571428575,267.9285714285715,189.71428571428575,277.9285714285715,199.71428571428575,1.0
8,1230,272.88095238095246,194.6904761904762,267.88095238095246,189.6904761904762,277.88095238095246,199.6904761904762,1.0
8,1231,272.83333333333337,194.66666666666666,267.83333333333337,189.66666666666666,277.83333333333337,199.66666666666666,1.0
8,1232,272.78571428571433,194.6428571428571,267.78571428571433,189.6428571428571,277.78571428571433,199.6428571428571,1.0
8,1233,272.7380952380953,194.61904761904762,267.7380952380953,189.61904761904762,277.7380952380953,199.61904761904762,1.0
8,1234,272.6904761904762,194.59523809523805,267.6904761904762,189.59523809523805,277.6904761904762,199.59523809523805,1.0
8,1235,272.64285714285717,194.57142857142856,267.64285714285717,189.57142857142856,277.64285714285717,199.57142857142856,1.0
8,1236,272.5952380952382,194.547619047619,267.5952380952382,189.547619047619,277.5952380952382,199.547619047619,1.0
8,1237,272.54761904761915,194.5238095238095,267.54761904761915,189.5238095238095,277.54761904761915,199.5238095238095,1.0
8,1238,272.5000000000001,194.49999999999994,267.5000000000001,189.49999999999994,277.5000000000001,199.49999999999994,1.0
8,1239,272.452380952381,194.4761904761904,267.452380952381,189.4761904761904,277.452380952381,199.4761904761904,1.0
8,1240,272.404761904762,194.45238095238093,267.404761904762,189.45238095238093,277.404761904762,199.45238095238093,1.0
8,1241,272.35714285714295,194.4285714285714,267.35714285714295,189.4285714285714,277.35714285714295,199.4285714285714,1.0
8,1242,272.30952380952397,194.40476190476187,267.30952380952397,189.40476190476187,277.30952380952397,199.40476190476187,1.0
8,1243,272.26190476190493,194.38095238095235,267.26190476190493,189.38095238095235,277.26190476190493,199.38095238095235,1.0
8,1244,272.21428571428584,194.35714285714283,267.21428571428584,189.35714285714283,277.21428571428584,199.35714285714283,1.0
8,1245,272.1666666666668,194.3333333333333,267.1666666666668,189.3333333333333,277.1666666666668,199.3333333333333,1.0
8,1246,272.11904761904776,194.30952380952377,267.11904761904776,189.30952380952377,277.11904761904776,199.30952380952377,1.0
8,1247,272.0714285714288,194.28571428571422,267.0714285714288,189.28571428571422,277.0714285714288,199.28571428571422,1.0
8,1248,272.0238095238097,194.26190476190465,267.0238095238097,189.26190476190465,277.0238095238097,199.26190476190465,1.0
8,1249,271.9761904761906,194.23809523809518,266.9761904761906,189.23809523809518,276.9761904761906,199.23809523809518,1.0
8,1250,271.92857142857156,194.2142857142856,266.92857142857156,189.2142857142856,276.92857142857156,199.2142857142856,1.0
8,1251,271.8809523809525,194.19047619047612,266.8809523809525,189.19047619047612,276.8809523809525,199.19047619047612,1.0
8,1252,271.8333333333335,194.1666666666666,266.8333333333335,189.1666666666666,276.8333333333335,199.1666666666666,1.0
8,1253,271.7857142857144,194.14285714285705,266.7857142857144,189.14285714285705,276.7857142857144,199.14285714285705,1.0
8,1254,271.73809523809535,194.11904761904754,266.73809523809535,189.11904761904754,276.73809523809535,199.11904761904754,1.0
8,1255,271.6904761904763,194.09523809523802,266.6904761904763,189.09523809523802,276.6904761904763,199.09523809523802,1.0
8,1256,271.6428571428572,194.07142857142847,266.6428571428572,189.07142857142847,276.6428571428572,199.07142857142847,1.0
8,1257,271.5952380952382,194.0476190476189,266.5952380952382,189.0476190476189,276.5952380952382,199.0476190476189,1.0
8,1258,271.54761904761915,194.02380952380943,266.54761904761915,189.02380952380943,276.54761904761915,199.02380952380943,1.0
8,1259,271.50000000000006,193.9999999999999,266.50000000000006,188.9999999999999,276.50000000000006,198.9999999999999,1.0
8,1260,271.452380952381,193.97619047619037,266.452380952381,188.97619047619037,276.452380952381,198.97619047619037,1.0
8,1261,271.404761904762,193.95238095238085,266.404761904762,188.95238095238085,276.404761904762,198.95238095238085,1.0
8,1262,271.35714285714295,193.92857142857133,266.35714285714295,188.92857142857133,276.35714285714295,198.92857142857133,1.0
8,1263,271.30952380952385,193.9047619047618,266.30952380952385,188.9047619047618,276.30952380952385,198.9047619047618,1.0
8,1264,271.2619047619048,193.8809523809523,266.2619047619048,188.8809523809523,276.2619047619048,198.8809523809523,1.0
8,1265,271.2142857142858,193.8571428571428,266.2142857142858,188.8571428571428,276.2142857142858,198.8571428571428,1.0
8,1266,271.1666666666667,193.83333333333323,266.1666666666667,188.83333333333323,276.1666666666667,198.83333333333323,1.0
8,1267,271.1190476190476,193.80952380952368,266.1190476190476,188.80952380952368,276.1190476190476,198.80952380952368,1.0
8,1268,271.0714285714286,193.7857142857142,266.0714285714286,188.7857142857142,276.0714285714286,198.7857142857142,1.0
8,1269,271.0238095238096,193.76190476190465,266.0238095238096,188.76190476190465,276.0238095238096,198.76190476190465,1.0
8,1270,270.9761904761905,193.73809523809516,265.9761904761905,188.73809523809516,275.9761904761905,198.73809523809516,1.0
8,1271,270.9285714285715,193.71428571428558,265.9285714285715,188.71428571428558,275.9285714285715,198.71428571428558,1.0
8,1272,270.8809523809524,193.69047619047612,265.8809523809524,188.69047619047612,275.8809523809524,198.69047619047612,1.0
8,1273,270.8333333333334,193.66666666666657,265.8333333333334,188.66666666666657,275.8333333333334,198.66666666666657,1.0
8,1274,270.78571428571433,193.64285714285703,265.78571428571433,188.64285714285703,275.78571428571433,198.64285714285703,1.0
8,1275,270.7380952380953,193.61904761904754,265.7380952380953,188.61904761904754,275.7380952380953,198.61904761904754,1.0
8,1276,270.69047619047626,193.59523809523802,265.69047619047626,188.59523809523802,275.69047619047626,198.59523809523802,1.0
8,1277,270.64285714285717,193.57142857142844,265.64285714285717,188.57142857142844,275.64285714285717,198.57142857142844,1.0
8,1278,270.59523809523813,193.54761904761895,265.59523809523813,188.54761904761895,275.59523809523813,198.54761904761895,1.0
8,1279,270.5476190476191,193.52380952380938,265.5476190476191,188.52380952380938,275.5476190476191,198.52380952380938,1.0
8,1280,270.5,193.4999999999999,265.5,188.4999999999999,275.5,198.4999999999999,1.0
8,1281,270.452380952381,193.47619047619037,265.452380952381,188.47619047619037,275.452380952381,198.47619047619037,1.0
8,1282,270.4047619047619,193.45238095238085,265.4047619047619,188.45238095238085,275.4047619047619,198.45238095238085,1.0
8,1283,270.35714285714295,193.4285714285713,265.35714285714295,188.4285714285713,275.35714285714295,198.4285714285713,1.0
8,1284,270.30952380952385,193.40476190476176,265.30952380952385,188.40476190476176,275.30952380952385,198.40476190476176,1.0
8,1285,270.2619047619048,193.38095238095224,265.2619047619048,188.38095238095224,275.2619047619048,198.38095238095224,1.0
8,1286,270.21428571428584,193.35714285714272,265.21428571428584,188.35714285714272,275.21428571428584,198.35714285714272,1.0
8,1287,270.16666666666674,193.3333333333332,265.16666666666674,188.3333333333332,275.16666666666674,198.3333333333332,1.0
8,1288,270.1190476190477,193.30952380952365,265.1190476190477,188.30952380952365,275.1190476190477,198.30952380952365,1.0
8,1289,270.07142857142867,193.28571428571416,265.07142857142867,188.28571428571416,275.07142857142867,198.28571428571416,1.0
8,1290,270.0238095238096,193.26190476190462,265.0238095238096,188.26190476190462,275.0238095238096,198.26190476190462,1.0
8,1291,269.97619047619054,193.23809523809513,264.97619047619054,188.23809523809513,274.97619047619054,198.23809523809513,1.0
8,1292,269.92857142857156,193.21428571428558,264.92857142857156,188.21428571428558,274.92857142857156,198.21428571428558,1.0
8,1293,269.8809523809525,193.190476190476,264.8809523809525,188.190476190476,274.8809523809525,198.190476190476,1.0
8,1294,269.8333333333335,193.1666666666665,264.8333333333335,188.1666666666665,274.8333333333335,198.1666666666665,1.0
8,1295,269.78571428571445,193.14285714285694,264.78571428571445,188.14285714285694,274.78571428571445,198.14285714285694,1.0
8,1296,269.7380952380954,193.11904761904745,264.7380952380954,188.11904761904745,274.7380952380954,198.11904761904745,1.0
8,1297,269.69047619047643,193.09523809523793,264.69047619047643,188.09523809523793,274.69047619047643,198.09523809523793,1.0
8,1298,269.64285714285734,193.0714285714284,264.64285714285734,188.0714285714284,274.64285714285734,198.0714285714284,1.0
8,1299,269.5952380952383,193.0476190476189,264.5952380952383,188.0476190476189,274.5952380952383,198.0476190476189,1.0
8,1300,269.54761904761926,193.02380952380938,264.54761904761926,188.02380952380938,274.54761904761926,198.02380952380938,1.0
8,1301,269.50000000000017,192.9999999999999,264.50000000000017,187.9999999999999,274.50000000000017,197.9999999999999,1.0
8,1302,269.45238095238113,192.9761904761903,264.45238095238113,187.9761904761903,274.45238095238113,197.9761904761903,1.0
8,1303,269.4047619047621,192.95238095238082,264.4047619047621,187.95238095238082,274.4047619047621,197.95238095238082,1.0
8,1304,269.35714285714306,192.9285714285713,264.35714285714306,187.9285714285713,274.35714285714306,197.9285714285713,1.0
8,1305,269.30952380952397,192.9047619047618,264.30952380952397,187.9047619047618,274.30952380952397,197.9047619047618,1.0
8,1306,269.26190476190493,192.8809523809523,264.26190476190493,187.8809523809523,274.26190476190493,197.8809523809523,1.0
8,1307,269.21428571428584,192.85714285714278,264.21428571428584,187.85714285714278,274.21428571428584,197.85714285714278,1.0
8,1308,269.16666666666686,192.83333333333326,264.16666666666686,187.83333333333326,274.16666666666686,197.83333333333326,1.0
8,1309,269.11904761904776,192.8095238095237,264.11904761904776,187.8095238095237,274.11904761904776,197.8095238095237,1.0
8,1310,269.0714285714287,192.7857142857142,264.0714285714287,187.7857142857142,274.0714285714287,197.7857142857142,1.0
8,1311,269.0238095238097,192.76190476190465,264.0238095238097,187.76190476190465,274.0238095238097,197.76190476190465,1.0
8,1312,268.97619047619065,192.73809523809516,263.97619047619065,187.73809523809516,273.97619047619065,197.73809523809516,1.0
8,1313,268.9285714285716,192.7142857142856,263.9285714285716,187.7142857142856,273.9285714285716,197.7142857142856,1.0
8,1314,268.8809523809526,192.6904761904761,263.8809523809526,187.6904761904761,273.8809523809526,197.6904761904761,1.0
8,1315,268.83333333333354,192.66666666666657,263.83333333333354,187.66666666666657,273.83333333333354,197.66666666666657,1.0
8,1316,268.78571428571445,192.64285714285705,263.78571428571445,187.64285714285705,273.78571428571445,197.64285714285705,1.0
8,1317,268.73809523809547,192.6190476190476,263.73809523809547,187.6190476190476,273.73809523809547,197.6190476190476,1.0
8,1318,268.69047619047643,192.59523809523805,263.69047619047643,187.59523809523805,273.69047619047643,197.59523809523805,1.0
8,1319,268.64285714285734,192.57142857142856,263.64285714285734,187.57142857142856,273.64285714285734,197.57142857142856,1.0
8,1320,268.5952380952383,192.54761904761904,263.5952380952383,187.54761904761904,273.5952380952383,197.54761904761904,1.0
8,1321,268.54761904761926,192.52380952380955,263.54761904761926,187.52380952380955,273.54761904761926,197.52380952380955,1.0
8,1322,268.5000000000002,192.5,263.5000000000002,187.5,273.5000000000002,197.5,1.0
8,1323,268.45238095238113,192.47619047619045,263.45238095238113,187.47619047619045,273.45238095238113,197.47619047619045,1.0
8,1324,268.40476190476215,192.45238095238088,263.40476190476215,187.45238095238088,273.40476190476215,197.45238095238088,1.0
8,1325,268.3571428571431,192.42857142857142,263.3571428571431,187.42857142857142,273.3571428571431,197.42857142857142,1.0
8,1326,268.3095238095241,192.40476190476193,263.3095238095241,187.40476190476193,273.3095238095241,197.40476190476193,1.0
8,1327,268.261904761905,192.38095238095235,263.261904761905,187.38095238095235,273.261904761905,197.38095238095235,1.0
8,1328,268.2142857142859,192.35714285714283,263.2142857142859,187.35714285714283,273.2142857142859,197.35714285714283,1.0
8,1329,268.16666666666697,192.33333333333331,263.16666666666697,187.33333333333331,273.16666666666697,197.33333333333331,1.0
8,1330,268.1190476190478,192.30952380952382,263.1190476190478,187.30952380952382,273.1190476190478,197.30952380952382,1.0
8,1331,268.0714285714288,192.28571428571428,263.0714285714288,187.28571428571428,273.0714285714288,197.28571428571428,1.0
8,1332,268.0238095238097,192.2619047619048,263.0238095238097,187.2619047619048,273.0238095238097,197.2619047619048,1.0
8,1333,267.97619047619065,192.23809523809527,262.97619047619065,187.23809523809527,272.97619047619065,197.23809523809527,1.0
8,1334,267.92857142857156,192.21428571428575,262.92857142857156,187.21428571428575,272.92857142857156,197.21428571428575,1.0
8,1335,267.8809523809526,192.19047619047618,262.8809523809526,187.19047619047618,272.8809523809526,197.19047619047618,1.0
8,1336,267.8333333333335,192.16666666666669,262.8333333333335,187.16666666666669,272.8333333333335,197.16666666666669,1.0
8,1337,267.7857142857144,192.1428571428571,262.7857142857144,187.1428571428571,272.7857142857144,197.1428571428571,1.0
8,1338,267.7380952380954,192.1190476190476,262.7380952380954,187.1190476190476,272.7380952380954,197.1190476190476,1.0
8,1339,267.69047619047626,192.09523809523807,262.69047619047626,187.09523809523807,272.69047619047626,197.09523809523807,1.0
8,1340,267.6428571428572,192.07142857142853,262.6428571428572,187.07142857142853,272.6428571428572,197.07142857142853,1.0
8,1341,267.5952380952382,192.047619047619,262.5952380952382,187.047619047619,272.5952380952382,197.047619047619,1.0
8,1342,267.5476190476191,192.02380952380946,262.5476190476191,187.02380952380946,272.5476190476191,197.02380952380946,1.0
8,1343,267.50000000000006,191.99999999999994,262.50000000000006,186.99999999999994,272.50000000000006,196.99999999999994,1.0
8,1344,267.452380952381,191.97619047619042,262.452380952381,186.97619047619042,272.452380952381,196.97619047619042,1.0
8,1345,267.4047619047619,191.95238095238093,262.4047619047619,186.95238095238093,272.4047619047619,196.95238095238093,1.0
8,1346,267.3571428571429,191.92857142857142,262.3571428571429,186.92857142857142,272.3571428571429,196.92857142857142,1.0
8,1347,267.3095238095238,191.90476190476187,262.3095238095238,186.90476190476187,272.3095238095238,196.90476190476187,1.0
8,1348,267.2619047619048,191.88095238095232,262.2619047619048,186.88095238095232,272.2619047619048,196.88095238095232,1.0
8,1349,267.2142857142857,191.8571428571428,262.2142857142857,186.8571428571428,272.2142857142857,196.8571428571428,1.0
8,1350,267.16666666666663,191.83333333333326,262.16666666666663,186.83333333333326,272.16666666666663,196.83333333333326,1.0
8,1351,267.1190476190476,191.80952380952374,262.1190476190476,186.80952380952374,272.1190476190476,196.80952380952374,1.0
8,1352,267.0714285714285,191.78571428571422,262.0714285714285,186.78571428571422,272.0714285714285,196.78571428571422,1.0
8,1353,267.0238095238096,191.7619047619047,262.0238095238096,186.7619047619047,272.0238095238096,196.7619047619047,1.0
8,1354,266.9761904761904,191.7380952380952,261.9761904761904,186.7380952380952,271.9761904761904,196.7380952380952,1.0
8,1355,266.9285714285714,191.7142857142856,261.9285714285714,186.7142857142856,271.9285714285714,196.7142857142856,1.0
8,1356,266.88095238095235,191.69047619047612,261.88095238095235,186.69047619047612,271.88095238095235,196.69047619047612,1.0
8,1357,266.8333333333333,191.6666666666666,261.8333333333333,186.6666666666666,271.8333333333333,196.6666666666666,1.0
8,1358,266.78571428571416,191.64285714285708,261.78571428571416,186.64285714285708,271.78571428571416,196.64285714285708,1.0
8,1359,266.7380952380951,191.61904761904756,261.7380952380951,186.61904761904756,271.7380952380951,196.61904761904756,1.0
8,1360,266.69047619047615,191.59523809523807,261.69047619047615,186.59523809523807,271.69047619047615,196.59523809523807,1.0
8,1361,266.64285714285705,191.57142857142853,261.64285714285705,186.57142857142853,271.64285714285705,196.57142857142853,1.0
8,1362,266.595238095238,191.54761904761904,261.595238095238,186.54761904761904,271.595238095238,196.54761904761904,1.0
8,1363,266.5476190476189,191.5238095238095,261.5476190476189,186.5238095238095,271.5476190476189,196.5238095238095,1.0
8,1364,266.4999999999999,191.49999999999994,261.4999999999999,186.49999999999994,271.4999999999999,196.49999999999994,1.0
8,1365,266.4523809523809,191.47619047619042,261.4523809523809,186.47619047619042,271.4523809523809,196.47619047619042,1.0
8,1366,266.4047619047618,191.45238095238093,261.4047619047618,186.45238095238093,271.4047619047618,196.45238095238093,1.0
8,1367,266.3571428571428,191.4285714285714,261.3571428571428,186.4285714285714,271.3571428571428,196.4285714285714,1.0
8,1368,266.3095238095237,191.40476190476187,261.3095238095237,186.40476190476187,271.3095238095237,196.40476190476187,1.0
8,1369,266.2619047619047,191.38095238095238,261.2619047619047,186.38095238095238,271.2619047619047,196.38095238095238,1.0
8,1370,266.21428571428567,191.3571428571429,261.21428571428567,186.3571428571429,271.21428571428567,196.3571428571429,1.0
8,1371,266.16666666666663,191.3333333333333,261.16666666666663,186.3333333333333,271.16666666666663,196.3333333333333,1.0
8,1372,266.1190476190476,191.30952380952385,261.1190476190476,186.30952380952385,271.1190476190476,196.30952380952385,1.0
8,1373,266.0714285714285,191.28571428571433,261.0714285714285,186.28571428571433,271.0714285714285,196.28571428571433,1.0
8,1374,266.02380952380946,191.26190476190476,261.02380952380946,186.26190476190476,271.02380952380946,196.26190476190476,1.0
8,1375,265.9761904761904,191.23809523809524,260.9761904761904,186.23809523809524,270.9761904761904,196.23809523809524,1.0
8,1376,265.9285714285714,191.21428571428575,260.9285714285714,186.21428571428575,270.9285714285714,196.21428571428575,1.0
8,1377,265.8809523809523,191.1904761904762,260.8809523809523,186.1904761904762,270.8809523809523,196.1904761904762,1.0
8,1378,265.83333333333326,191.1666666666667,260.83333333333326,186.1666666666667,270.83333333333326,196.1666666666667,1.0
8,1379,265.7857142857142,191.14285714285717,260.7857142857142,186.14285714285717,270.7857142857142,196.14285714285717,1.0
8,1380,265.7380952380952,191.11904761904765,260.7380952380952,186.11904761904765,270.7380952380952,196.11904761904765,1.0
8,1381,265.6904761904761,191.09523809523813,260.6904761904761,186.09523809523813,270.6904761904761,196.09523809523813,1.0
8,1382,265.64285714285705,191.07142857142864,260.64285714285705,186.07142857142864,270.64285714285705,196.07142857142864,1.0
8,1383,265.595238095238,191.04761904761907,260.595238095238,186.04761904761907,270.595238095238,196.04761904761907,1.0
8,1384,265.5476190476189,191.02380952380958,260.5476190476189,186.02380952380958,270.5476190476189,196.02380952380958,1.0
8,1385,265.4999999999999,191.00000000000003,260.4999999999999,186.00000000000003,270.4999999999999,196.00000000000003,1.0
8,1386,265.45238095238085,190.97619047619048,260.45238095238085,185.97619047619048,270.45238095238085,195.97619047619048,1.0
8,1387,265.4047619047618,190.952380952381,260.4047619047618,185.952380952381,270.4047619047618,195.952380952381,1.0
8,1388,265.35714285714266,190.92857142857147,260.35714285714266,185.92857142857147,270.35714285714266,195.92857142857147,1.0
8,1389,265.3095238095237,190.90476190476195,260.3095238095237,185.90476190476195,270.3095238095237,195.90476190476195,1.0
8,1390,265.2619047619046,190.8809523809524,260.2619047619046,185.8809523809524,270.2619047619046,195.8809523809524,1.0
8,1391,265.21428571428555,190.8571428571429,260.21428571428555,185.8571428571429,270.21428571428555,195.8571428571429,1.0
8,1392,265.1666666666665,190.8333333333334,260.1666666666665,185.8333333333334,270.1666666666665,195.8333333333334,1.0
8,1393,265.1190476190475,190.80952380952382,260.1190476190475,185.80952380952382,270.1190476190475,195.80952380952382,1.0
8,1394,265.07142857142844,190.7857142857143,260.07142857142844,185.7857142857143,270.07142857142844,195.7857142857143,1.0
8,1395,265.0238095238094,190.7619047619048,260.0238095238094,185.7619047619048,270.0238095238094,195.7619047619048,1.0
8,1396,264.97619047619037,190.7380952380953,259.97619047619037,185.7380952380953,269.97619047619037,195.7380952380953,1.0
8,1397,264.92857142857133,190.71428571428572,259.92857142857133,185.71428571428572,269.92857142857133,195.71428571428572,1.0
8,1398,264.88095238095224,190.6904761904762,259.88095238095224,185.6904761904762,269.88095238095224,195.6904761904762,1.0
8,1399,264.83333333333314,190.66666666666669,259.83333333333314,185.66666666666669,269.83333333333314,195.66666666666669,1.0
8,1400,264.78571428571416,190.64285714285717,259.78571428571416,185.64285714285717,269.78571428571416,195.64285714285717,1.0
8,1401,264.73809523809507,190.61904761904762,259.73809523809507,185.61904761904762,269.73809523809507,195.61904761904762,1.0
8,1402,264.69047619047603,190.5952380952381,259.69047619047603,185.5952380952381,269.69047619047603,195.5952380952381,1.0
8,1403,264.64285714285705,190.5714285714286,259.64285714285705,185.5714285714286,269.64285714285705,195.5714285714286,1.0
8,1404,264.59523809523796,190.5476190476191,259.59523809523796,185.5476190476191,269.59523809523796,195.5476190476191,1.0
8,1405,264.5476190476189,190.52380952380955,259.5476190476189,185.52380952380955,269.5476190476189,195.52380952380955,1.0
8,1406,264.49999999999994,190.50000000000003,259.49999999999994,185.50000000000003,269.49999999999994,195.50000000000003,1.0
8,1407,264.45238095238085,190.4761904761905,259.45238095238085,185.4761904761905,269.45238095238085,195.4761904761905,1.0
8,1408,264.4047619047618,190.45238095238096,259.4047619047618,185.45238095238096,269.4047619047618,195.45238095238096,1.0
8,1409,264.3571428571428,190.42857142857144,259.3571428571428,185.42857142857144,269.3571428571428,195.42857142857144,1.0
8,1410,264.3095238095237,190.40476190476195,259.3095238095237,185.40476190476195,269.3095238095237,195.40476190476195,1.0
8,1411,264.26190476190465,190.3809523809524,259.26190476190465,185.3809523809524,269.26190476190465,195.3809523809524,1.0
8,1412,264.21428571428555,190.3571428571429,259.21428571428555,185.3571428571429,269.21428571428555,195.3571428571429,1.0
8,1413,264.1666666666665,190.33333333333337,259.1666666666665,185.33333333333337,269.1666666666665,195.33333333333337,1.0
8,1414,264.1190476190475,190.3095238095238,259.1190476190475,185.3095238095238,269.1190476190475,195.3095238095238,1.0
8,1415,264.0714285714284,190.28571428571428,259.0714285714284,185.28571428571428,269.0714285714284,195.28571428571428,1.0
8,1416,264.02380952380935,190.26190476190473,259.02380952380935,185.26190476190473,269.02380952380935,195.26190476190473,1.0
8,1417,263.9761904761903,190.2380952380952,258.9761904761903,185.2380952380952,268.9761904761903,195.2380952380952,1.0
8,1418,263.9285714285713,190.21428571428567,258.9285714285713,185.21428571428567,268.9285714285713,195.21428571428567,1.0
8,1419,263.88095238095224,190.19047619047615,258.88095238095224,185.19047619047615,268.88095238095224,195.19047619047615,1.0
8,1420,263.8333333333332,190.16666666666663,258.8333333333332,185.16666666666663,268.8333333333332,195.16666666666663,1.0
8,1421,263.7857142857141,190.14285714285708,258.7857142857141,185.14285714285708,268.7857142857141,195.14285714285708,1.0
8,1422,263.73809523809507,190.11904761904754,258.73809523809507,185.11904761904754,268.73809523809507,195.11904761904754,1.0
8,1423,263.69047619047603,190.095238095238,258.69047619047603,185.095238095238,268.69047619047603,195.095238095238,1.0
8,1424,263.64285714285694,190.07142857142847,258.64285714285694,185.07142857142847,268.64285714285694,195.07142857142847,1.0
8,1425,263.59523809523796,190.04761904761895,258.59523809523796,185.04761904761895,268.59523809523796,195.04761904761895,1.0
8,1426,263.54761904761887,190.0238095238094,258.54761904761887,185.0238095238094,268.54761904761887,195.0238095238094,1.0
8,1427,263.49999999999983,189.9999999999999,258.49999999999983,184.9999999999999,268.49999999999983,194.9999999999999,1.0
8,1428,263.4523809523808,189.97619047619037,258.4523809523808,184.97619047619037,268.4523809523808,194.97619047619037,1.0
8,1429,263.40476190476176,189.95238095238085,258.40476190476176,184.95238095238085,268.40476190476176,194.95238095238085,1.0
8,1430,263.3571428571427,189.92857142857133,258.3571428571427,184.92857142857133,268.3571428571427,194.92857142857133,1.0
8,1431,263.3095238095236,189.90476190476184,258.3095238095236,184.90476190476184,268.3095238095236,194.90476190476184,1.0
8,1432,263.26190476190465,189.8809523809523,258.26190476190465,184.8809523809523,268.26190476190465,194.8809523809523,1.0
8,1433,263.21428571428555,189.85714285714278,258.21428571428555,184.85714285714278,268.21428571428555,194.85714285714278,1.0
8,1434,263.1666666666665,189.83333333333323,258.1666666666665,184.83333333333323,268.1666666666665,194.83333333333323,1.0
8,1435,263.1190476190475,189.8095238095237,258.1190476190475,184.8095238095237,268.1190476190475,194.8095238095237,1.0
8,1436,263.0714285714284,189.78571428571422,258.0714285714284,184.78571428571422,268.0714285714284,194.78571428571422,1.0
8,1437,263.02380952380935,189.76190476190467,258.02380952380935,184.76190476190467,268.02380952380935,194.76190476190467,1.0
8,1438,262.97619047619037,189.7380952380952,257.97619047619037,184.7380952380952,267.97619047619037,194.7380952380952,1.0
8,1439,262.9285714285713,189.7142857142856,257.9285714285713,184.7142857142856,267.9285714285713,194.7142857142856,1.0
8,1440,262.88095238095224,189.69047619047612,257.88095238095224,184.69047619047612,267.88095238095224,194.69047619047612,1.0
8,1441,262.8333333333332,189.6666666666666,257.8333333333332,184.6666666666666,267.8333333333332,194.6666666666666,1.0
8,1442,262.7857142857142,189.64285714285708,257.7857142857142,184.64285714285708,267.7857142857142,194.64285714285708,1.0
8,1443,262.7380952380951,189.61904761904754,257.7380952380951,184.61904761904754,267.7380952380951,194.61904761904754,1.0
8,1444,262.6904761904761,189.59523809523807,257.6904761904761,184.59523809523807,267.6904761904761,194.59523809523807,1.0
8,1445,262.64285714285705,189.57142857142853,257.64285714285705,184.57142857142853,267.64285714285705,194.57142857142853,1.0
8,1446,262.595238095238,189.54761904761904,257.595238095238,184.54761904761904,267.595238095238,194.54761904761904,1.0
8,1447,262.547619047619,189.52380952380952,257.547619047619,184.52380952380952,267.547619047619,194.52380952380952,1.0
8,1448,262.4999999999999,189.50000000000003,257.4999999999999,184.50000000000003,267.4999999999999,194.50000000000003,1.0
8,1449,262.45238095238085,189.47619047619045,257.45238095238085,184.47619047619045,267.45238095238085,194.47619047619045,1.0
8,1450,262.4047619047618,189.45238095238096,257.4047619047618,184.45238095238096,267.4047619047618,194.45238095238096,1.0
8,1451,262.3571428571428,189.42857142857144,257.3571428571428,184.42857142857144,267.3571428571428,194.42857142857144,1.0
8,1452,262.3095238095237,189.4047619047619,257.3095238095237,184.4047619047619,267.3095238095237,194.4047619047619,1.0
8,1453,262.2619047619046,189.38095238095235,257.2619047619046,184.38095238095235,267.2619047619046,194.38095238095235,1.0
8,1454,262.2142857142855,189.35714285714286,257.2142857142855,184.35714285714286,267.2142857142855,194.35714285714286,1.0
8,1455,262.1666666666665,189.33333333333337,257.1666666666665,184.33333333333337,267.1666666666665,194.33333333333337,1.0
8,1456,262.11904761904754,189.30952380952382,257.11904761904754,184.30952380952382,267.11904761904754,194.30952380952382,1.0
8,1457,262.07142857142844,189.2857142857143,257.07142857142844,184.2857142857143,267.07142857142844,194.2857142857143,1.0
8,1458,262.0238095238094,189.26190476190473,257.0238095238094,184.26190476190473,267.0238095238094,194.26190476190473,1.0
8,1459,261.9761904761903,189.2380952380952,256.9761904761903,184.2380952380952,266.9761904761903,194.2380952380952,1.0
8,1460,261.9285714285713,189.2142857142857,256.9285714285713,184.2142857142857,266.9285714285713,194.2142857142857,1.0
8,1461,261.8809523809522,189.19047619047615,256.8809523809522,184.19047619047615,266.8809523809522,194.19047619047615,1.0
8,1462,261.83333333333314,189.16666666666663,256.83333333333314,184.16666666666663,266.83333333333314,194.16666666666663,1.0
8,1463,261.7857142857141,189.1428571428571,256.7857142857141,184.1428571428571,266.7857142857141,194.1428571428571,1.0
8,1464,261.738095238095,189.1190476190476,256.738095238095,184.1190476190476,266.738095238095,194.1190476190476,1.0
8,1465,261.690476190476,189.09523809523807,256.690476190476,184.09523809523807,266.690476190476,194.09523809523807,1.0
8,1466,261.6428571428569,189.07142857142853,256.6428571428569,184.07142857142853,266.6428571428569,194.07142857142853,1.0
8,1467,261.59523809523785,189.04761904761904,256.59523809523785,184.04761904761904,266.59523809523785,194.04761904761904,1.0
8,1468,261.5476190476188,189.02380952380952,256.5476190476188,184.02380952380952,266.5476190476188,194.02380952380952,1.0
8,1469,261.4999999999998,188.99999999999994,256.4999999999998,183.99999999999994,266.4999999999998,193.99999999999994,1.0
9,1217,583.0,251.5,578.0,246.5,588.0,256.5,1.0
9,1218,583.0,251.5,578.0,246.5,588.0,256.5,1.0
9,1219,583.0,251.5,578.0,246.5,588.0,256.5,1.0
9,1220,583.0,251.5,578.0,246.5,588.0,256.5,1.0
9,1221,583.0,251.5,578.0,246.5,588.0,256.5,1.0
9,1222,583.0,251.5,578.0,246.5,588.0,256.5,1.0
9,1223,583.0,251.5,578.0,246.5,588.0,256.5,1.0
9,1224,583.0,251.5,578.0,246.5,588.0,256.5,1.0
9,1225,583.0,251.5,578.0,246.5,588.0,256.5,1.0
9,1226,583.0,251.5,578.0,246.5,588.0,256.5,1.0
9,1227,583.0,251.5,578.0,246.5,588.0,256.5,1.0
9,1228,583.0,251.5,578.0,246.5,588.0,256.5,1.0
9,1229,583.0,251.5,578.0,246.5,588.0,256.5,1.0
9,1230,583.0,251.5,578.0,246.5,588.0,256.5,1.0
9,1231,583.0,251.5,578.0,246.5,588.0,256.5,1.0
9,1232,583.0,251.5,578.0,246.5,588.0,256.5,1.0
9,1233,583.0,251.5,578.0,246.5,588.0,256.5,1.0
9,1234,583.0,251.5,578.0,246.5,588.0,256.5,1.0
9,1235,583.0,251.5,578.0,246.5,588.0,256.5,1.0
9,1236,583.0,251.5,578.0,246.5,588.0,256.5,1.0
9,1237,583.0,251.5,578.0,246.5,588.0,256.5,1.0
9,1238,583.0,251.5,578.0,246.5,588.0,256.5,1.0
9,1239,583.0,251.5,578.0,246.5,588.0,256.5,1.0
9,1240,583.0,251.5,578.0,246.5,588.0,256.5,1.0
9,1241,583.0,251.5,578.0,246.5,588.0,256.5,1.0
9,1242,583.0,251.5,578.0,246.5,588.0,256.5,1.0
9,1243,583.0,251.5,578.0,246.5,588.0,256.5,1.0
9,1244,583.0,251.5,578.0,246.5,588.0,256.5,1.0
9,1245,583.0,251.5,578.0,246.5,588.0,256.5,1.0
9,1246,583.0,251.5,578.0,246.5,588.0,256.5,1.0
9,1247,583.0,251.5,578.0,246.5,588.0,256.5,1.0
9,1248,583.0,251.5,578.0,246.5,588.0,256.5,1.0
9,1249,583.0,251.5,578.0,246.5,588.0,256.5,1.0
9,1250,583.0,251.5,578.0,246.5,588.0,256.5,1.0
9,1251,583.0,251.5,578.0,246.5,588.0,256.5,1.0
9,1252,583.0,251.5,578.0,246.5,588.0,256.5,1.0
9,1253,583.0,251.5,578.0,246.5,588.0,256.5,1.0
9,1254,583.0,251.5,578.0,246.5,588.0,256.5,1.0
9,1255,583.0,251.5,578.0,246.5,588.0,256.5,1.0
9,1256,583.0,251.5,578.0,246.5,588.0,256.5,1.0
9,1257,583.0,251.5,578.0,246.5,588.0,256.5,1.0
9,1258,583.0,251.5,578.0,246.5,588.0,256.5,1.0
9,1259,583.0,251.5,578.0,246.5,588.0,256.5,1.0
9,1260,583.0,251.5,578.0,246.5,588.0,256.5,1.0
9,1261,583.0,251.5,578.0,246.5,588.0,256.5,1.0
9,1262,583.0,251.5,578.0,246.5,588.0,256.5,1.0
9,1263,583.0,251.5,578.0,246.5,588.0,256.5,1.0
9,1264,583.0,251.5,578.0,246.5,588.0,256.5,1.0
9,1265,583.0,251.5,578.0,246.5,588.0,256.5,1.0
9,1266,583.0,251.5,578.0,246.5,588.0,256.5,1.0
9,1267,583.0,251.5,578.0,246.5,588.0,256.5,1.0
9,1268,583.0,251.5,578.0,246.5,588.0,256.5,1.0
9,1269,583.0,251.5,578.0,246.5,588.0,256.5,1.0
9,1270,583.0,251.5,578.0,246.5,588.0,256.5,1.0
9,1271,583.0,251.5,578.0,246.5,588.0,256.5,1.0
9,1272,583.0,251.5,578.0,246.5,588.0,256.5,1.0
9,1273,583.0,251.5,578.0,246.5,588.0,256.5,1.0
9,1274,583.0,251.5,578.0,246.5,588.0,256.5,1.0
9,1275,583.0,251.5,578.0,246.5,588.0,256.5,1.0
9,1276,583.0,251.5,578.0,246.5,588.0,256.5,1.0
9,1277,583.0,251.5,578.0,246.5,588.0,256.5,1.0
9,1278,583.0,251.5,578.0,246.5,588.0,256.5,1.0
9,1279,583.0,251.5,578.0,246.5,588.0,256.5,1.0
9,1280,583.0,251.5,578.0,246.5,588.0,256.5,1.0
9,1281,583.0,251.5,578.0,246.5,588.0,256.5,1.0
9,1282,583.0,251.5,578.0,246.5,588.0,256.5,1.0
9,1283,583.0,251.5,578.0,246.5,588.0,256.5,1.0
9,1284,583.0,251.5,578.0,246.5,588.0,256.5,1.0
9,1285,583.0,251.5,578.0,246.5,588.0,256.5,1.0
9,1286,583.0,251.5,578.0,246.5,588.0,256.5,1.0
9,1287,583.0,251.5,578.0,246.5,588.0,256.5,1.0
9,1288,583.0,251.5,578.0,246.5,588.0,256.5,1.0
9,1289,583.0,251.5,578.0,246.5,588.0,256.5,1.0
9,1290,583.0,251.5,578.0,246.5,588.0,256.5,1.0
9,1291,583.0,251.5,578.0,246.5,588.0,256.5,1.0
9,1292,583.0,251.5,578.0,246.5,588.0,256.5,1.0
9,1293,583.0,251.5,578.0,246.5,588.0,256.5,1.0
9,1294,583.0,251.5,578.0,246.5,588.0,256.5,1.0
9,1295,583.0,251.5,578.0,246.5,588.0,256.5,1.0
9,1296,583.0,251.5,578.0,246.5,588.0,256.5,1.0
9,1297,583.0,251.5,578.0,246.5,588.0,256.5,1.0
9,1298,583.0,251.5,578.0,246.5,588.0,256.5,1.0
9,1299,583.0,251.5,578.0,246.5,588.0,256.5,1.0
9,1300,583.0,251.5,578.0,246.5,588.0,256.5,1.0
9,1301,583.0,251.5,578.0,246.5,588.0,256.5,1.0
9,1302,583.0,251.5,578.0,246.5,588.0,256.5,1.0
9,1303,583.0,251.5,578.0,246.5,588.0,256.5,1.0
9,1304,583.0,251.5,578.0,246.5,588.0,256.5,1.0
9,1305,583.0,251.5,578.0,246.5,588.0,256.5,1.0
9,1306,583.0,251.5,578.0,246.5,588.0,256.5,1.0
9,1307,583.0,251.5,578.0,246.5,588.0,256.5,1.0
9,1308,583.0,251.5,578.0,246.5,588.0,256.5,1.0
9,1309,583.0,251.5,578.0,246.5,588.0,256.5,1.0
9,1310,583.0,251.5,578.0,246.5,588.0,256.5,1.0
9,1311,583.0,251.5,578.0,246.5,588.0,256.5,1.0
9,1312,583.0,251.5,578.0,246.5,588.0,256.5,1.0
9,1313,583.0,251.5,578.0,246.5,588.0,256.5,1.0
9,1314,583.0,251.5,578.0,246.5,588.0,256.5,1.0
9,1315,583.0,251.5,578.0,246.5,588.0,256.5,1.0
9,1316,583.0,251.5,578.0,246.5,588.0,256.5,1.0
9,1317,583.0,251.5,578.0,246.5,588.0,256.5,1.0
9,1318,583.0,251.5,578.0,246.5,588.0,256.5,1.0
9,1319,583.0,251.5,578.0,246.5,588.0,256.5,1.0
9,1320,583.0,251.5,578.0,246.5,588.0,256.5,1.0
9,1321,583.0,251.5,578.0,246.5,588.0,256.5,1.0
9,1322,583.0,251.5,578.0,246.5,588.0,256.5,1.0
9,1323,583.0,251.5,578.0,246.5,588.0,256.5,1.0
9,1324,583.0,251.5,578.0,246.5,588.0,256.5,1.0
9,1325,583.0,251.5,578.0,246.5,588.0,256.5,1.0
9,1326,583.0,251.5,578.0,246.5,588.0,256.5,1.0
9,1327,583.0,251.5,578.0,246.5,588.0,256.5,1.0
9,1328,583.0,251.5,578.0,246.5,588.0,256.5,1.0
9,1329,583.0,251.5,578.0,246.5,588.0,256.5,1.0
9,1330,583.0,251.5,578.0,246.5,588.0,256.5,1.0
9,1331,583.0,251.5,578.0,246.5,588.0,256.5,1.0
9,1332,583.0,251.5,578.0,246.5,588.0,256.5,1.0
9,1333,583.0,251.5,578.0,246.5,588.0,256.5,1.0
9,1334,583.0,251.5,578.0,246.5,588.0,256.5,1.0
9,1335,583.0,251.5,578.0,246.5,588.0,256.5,1.0
9,1336,583.0,251.5,578.0,246.5,588.0,256.5,1.0
9,1337,583.0,251.5,578.0,246.5,588.0,256.5,1.0
9,1338,583.0,251.5,578.0,246.5,588.0,256.5,1.0
9,1339,583.0,251.5,578.0,246.5,588.0,256.5,1.0
9,1340,583.0,251.5,578.0,246.5,588.0,256.5,1.0
9,1341,583.0,251.5,578.0,246.5,588.0,256.5,1.0
9,1342,583.0,251.5,578.0,246.5,588.0,256.5,1.0
9,1343,583.0,251.5,578.0,246.5,588.0,256.5,1.0
9,1344,583.0,251.5,578.0,246.5,588.0,256.5,1.0
9,1345,583.0,251.5,578.0,246.5,588.0,256.5,1.0
9,1346,583.0,251.5,578.0,246.5,588.0,256.5,1.0
9,1347,583.0,251.5,578.0,246.5,588.0,256.5,1.0
9,1348,583.0,251.5,578.0,246.5,588.0,256.5,1.0
9,1349,583.0,251.5,578.0,246.5,588.0,256.5,1.0
9,1350,583.0,251.5,578.0,246.5,588.0,256.5,1.0
9,1351,583.0,251.5,578.0,246.5,588.0,256.5,1.0
9,1352,583.0,251.5,578.0,246.5,588.0,256.5,1.0
9,1353,583.0,251.5,578.0,246.5,588.0,256.5,1.0
9,1354,583.0,251.5,578.0,246.5,588.0,256.5,1.0
9,1355,583.0,251.5,578.0,246.5,588.0,256.5,1.0
9,1356,583.0,251.5,578.0,246.5,588.0,256.5,1.0
9,1357,583.0,251.5,578.0,246.5,588.0,256.5,1.0
9,1358,583.0,251.5,578.0,246.5,588.0,256.5,1.0
9,1359,583.0,251.5,578.0,246.5,588.0,256.5,1.0
9,1360,583.0,251.5,578.0,246.5,588.0,256.5,1.0
9,1361,583.0,251.5,578.0,246.5,588.0,256.5,1.0
9,1362,583.0,251.5,578.0,246.5,588.0,256.5,1.0
9,1363,583.0,251.5,578.0,246.5,588.0,256.5,1.0
9,1364,583.0,251.5,578.0,246.5,588.0,256.5,1.0
9,1365,583.0,251.5,578.0,246.5,588.0,256.5,1.0
9,1366,583.0,251.5,578.0,246.5,588.0,256.5,1.0
9,1367,583.0,251.5,578.0,246.5,588.0,256.5,1.0
9,1368,583.0,251.5,578.0,246.5,588.0,256.5,1.0
9,1369,583.0,251.5,578.0,246.5,588.0,256.5,1.0
9,1370,583.0,251.5,578.0,246.5,588.0,256.5,1.0
9,1371,583.0,251.5,578.0,246.5,588.0,256.5,1.0
9,1372,583.0,251.5,578.0,246.5,588.0,256.5,1.0
9,1373,583.0,251.5,578.0,246.5,588.0,256.5,1.0
9,1374,583.0,251.5,578.0,246.5,588.0,256.5,1.0
9,1375,583.0,251.5,578.0,246.5,588.0,256.5,1.0
9,1376,583.0,251.5,578.0,246.5,588.0,256.5,1.0
9,1377,583.0,251.5,578.0,246.5,588.0,256.5,1.0
9,1378,583.0,251.5,578.0,246.5,588.0,256.5,1.0
9,1379,583.0,251.5,578.0,246.5,588.0,256.5,1.0
9,1380,583.0,251.5,578.0,246.5,588.0,256.5,1.0
9,1381,583.0,251.5,578.0,246.5,588.0,256.5,1.0
9,1382,583.0,251.5,578.0,246.5,588.0,256.5,1.0
9,1383,583.0,251.5,578.0,246.5,588.0,256.5,1.0
9,1384,583.0,251.5,578.0,246.5,588.0,256.5,1.0
9,1385,583.0,251.5,578.0,246.5,588.0,256.5,1.0
9,1386,583.0,251.5,578.0,246.5,588.0,256.5,1.0
9,1387,583.0,251.5,578.0,246.5,588.0,256.5,1.0
9,1388,583.0,251.5,578.0,246.5,588.0,256.5,1.0
9,1389,583.0,251.5,578.0,246.5,588.0,256.5,1.0
9,1390,583.0,251.5,578.0,246.5,588.0,256.5,1.0
9,1391,583.0,251.5,578.0,246.5,588.0,256.5,1.0
9,1392,583.0,251.5,578.0,246.5,588.0,256.5,1.0
9,1393,583.0,251.5,578.0,246.5,588.0,256.5,1.0
9,1394,583.0,251.5,578.0,246.5,588.0,256.5,1.0
9,1395,583.0,251.5,578.0,246.5,588.0,256.5,1.0
9,1396,583.0,251.5,578.0,246.5,588.0,256.5,1.0
9,1397,583.0,251.5,578.0,246.5,588.0,256.5,1.0
9,1398,583.0,251.5,578.0,246.5,588.0,256.5,1.0
9,1399,583.0,251.5,578.0,246.5,588.0,256.5,1.0
9,1400,583.0,251.5,578.0,246.5,588.0,256.5,1.0
9,1401,583.0,251.5,578.0,246.5,588.0,256.5,1.0
9,1402,583.0,251.5,578.0,246.5,588.0,256.5,1.0
9,1403,583.0,251.5,578.0,246.5,588.0,256.5,1.0
9,1404,583.0,251.5,578.0,246.5,588.0,256.5,1.0
9,1405,583.0,251.5,578.0,246.5,588.0,256.5,1.0
9,1406,583.0,251.5,578.0,246.5,588.0,256.5,1.0
9,1407,583.0,251.5,578.0,246.5,588.0,256.5,1.0
9,1408,583.0,251.5,578.0,246.5,588.0,256.5,1.0
9,1409,583.0,251.5,578.0,246.5,588.0,256.5,1.0
9,1410,583.0,251.5,578.0,246.5,588.0,256.5,1.0
9,1411,583.0,251.5,578.0,246.5,588.0,256.5,1.0
9,1412,583.0,251.5,578.0,246.5,588.0,256.5,1.0
9,1413,583.0,251.5,578.0,246.5,588.0,256.5,1.0
9,1414,583.0,251.5,578.0,246.5,588.0,256.5,1.0
9,1415,583.0,251.5,578.0,246.5,588.0,256.5,1.0
9,1416,583.0,251.5,578.0,246.5,588.0,256.5,1.0
9,1417,583.0,251.5,578.0,246.5,588.0,256.5,1.0
9,1418,583.0,251.5,578.0,246.5,588.0,256.5,1.0
9,1419,583.0,251.5,578.0,246.5,588.0,256.5,1.0
9,1420,583.0,251.5,578.0,246.5,588.0,256.5,1.0
9,1421,583.0,251.5,578.0,246.5,588.0,256.5,1.0
9,1422,583.0,251.5,578.0,246.5,588.0,256.5,1.0
9,1423,583.0,251.5,578.0,246.5,588.0,256.5,1.0
9,1424,583.0,251.5,578.0,246.5,588.0,256.5,1.0
9,1425,583.0,251.5,578.0,246.5,588.0,256.5,1.0
9,1426,583.0,251.5,578.0,246.5,588.0,256.5,1.0
9,1427,583.0,251.5,578.0,246.5,588.0,256.5,1.0
9,1428,583.0,251.5,578.0,246.5,588.0,256.5,1.0
9,1429,583.0,251.5,578.0,246.5,588.0,256.5,1.0
9,1430,583.0,251.5,578.0,246.5,588.0,256.5,1.0
9,1431,583.0,251.5,578.0,246.5,588.0,256.5,1.0
9,1432,583.0,251.5,578.0,246.5,588.0,256.5,1.0
9,1433,583.0,251.5,578.0,246.5,588.0,256.5,1.0
9,1434,583.0,251.5,578.0,246.5,588.0,256.5,1.0
9,1435,583.0,251.5,578.0,246.5,588.0,256.5,1.0
9,1436,583.0,251.5,578.0,246.5,588.0,256.5,1.0
9,1437,583.0,251.5,578.0,246.5,588.0,256.5,1.0
9,1438,583.0,251.5,578.0,246.5,588.0,256.5,1.0
9,1439,583.0,251.5,578.0,246.5,588.0,256.5,1.0
9,1440,583.0,251.5,578.0,246.5,588.0,256.5,1.0
9,1441,583.0,251.5,578.0,246.5,588.0,256.5,1.0
9,1442,583.0,251.5,578.0,246.5,588.0,256.5,1.0
9,1443,583.0,251.5,578.0,246.5,588.0,256.5,1.0
9,1444,583.0,251.5,578.0,246.5,588.0,256.5,1.0
9,1445,583.0,251.5,578.0,246.5,588.0,256.5,1.0
9,1446,583.0,251.5,578.0,246.5,588.0,256.5,1.0
9,1447,583.0,251.5,578.0,246.5,588.0,256.5,1.0
9,1448,583.0,251.5,578.0,246.5,588.0,256.5,1.0
9,1449,583.0,251.5,578.0,246.5,588.0,256.5,1.0
9,1450,583.0,251.5,578.0,246.5,588.0,256.5,1.0
9,1451,583.0,251.5,578.0,246.5,588.0,256.5,1.0
9,1452,583.0,251.5,578.0,246.5,588.0,256.5,1.0
9,1453,583.0,251.5,578.0,246.5,588.0,256.5,1.0
9,1454,583.0,251.5,578.0,246.5,588.0,256.5,1.0
9,1455,583.0,251.5,578.0,246.5,588.0,256.5,1.0
9,1456,583.0,251.5,578.0,246.5,588.0,256.5,1.0
9,1457,583.0,251.5,578.0,246.5,588.0,256.5,1.0
9,1458,583.0,251.5,578.0,246.5,588.0,256.5,1.0
9,1459,583.0,251.5,578.0,246.5,588.0,256.5,1.0
9,1460,583.0,251.5,578.0,246.5,588.0,256.5,1.0
9,1461,583.0,251.5,578.0,246.5,588.0,256.5,1.0
9,1462,583.0,251.5,578.0,246.5,588.0,256.5,1.0
9,1463,583.0,251.5,578.0,246.5,588.0,256.5,1.0
9,1464,583.0,251.5,578.0,246.5,588.0,256.5,1.0
9,1465,583.0,251.5,578.0,246.5,588.0,256.5,1.0
9,1466,583.0,251.5,578.0,246.5,588.0,256.5,1.0
9,1467,583.0,251.5,578.0,246.5,588.0,256.5,1.0
9,1468,583.0,251.5,578.0,246.5,588.0,256.5,1.0
9,1469,583.0,251.5,578.0,246.5,588.0,256.5,1.0
10,1217,151.5,334.0,146.5,329.0,156.5,339.0,1.0
10,1218,152.95460065628328,333.2094621502569,147.95460065628328,328.2094621502569,157.95460065628328,338.2094621502569,1.0
10,1219,155.13066686150827,334.3432371117089,150.13066686150827,329.3432371117089,160.13066686150827,339.3432371117089,1.0
10,1220,157.2403259628564,335.5548426579824,152.2403259628564,330.5548426579824,162.2403259628564,340.5548426579824,1.0
10,1221,159.44905996437228,337.0649466989321,154.44905996437228,332.0649466989321,164.44905996437228,342.0649466989321,1.0
10,1222,161.88949115645292,338.8867085892093,156.88949115645292,333.8867085892093,166.88949115645292,343.8867085892093,1.0
10,1223,163.90717161296524,340.78138346321145,158.90717161296524,335.78138346321145,168.90717161296524,345.78138346321145,1.0
10,1224,165.58456750264529,342.1782289325515,160.58456750264529,337.1782289325515,170.58456750264529,347.1782289325515,1.0
10,1225,167.00083399833622,343.53091649793566,162.00083399833622,338.53091649793566,172.00083399833622,348.53091649793566,1.0
10,1226,168.5602034768588,345.1950382170865,163.5602034768588,340.1950382170865,173.5602034768588,350.1950382170865,1.0
10,1227,169.75367566557617,346.25443702083186,164.75367566557617,341.25443702083186,174.75367566557617,351.25443702083186,1.0
10,1228,171.22866318274794,346.76690574726456,166.22866318274794,341.76690574726456,176.22866318274794,351.76690574726456,1.0
10,1229,172.48105389559544,346.43298861168864,167.48105389559544,341.43298861168864,177.48105389559544,351.43298861168864,1.0
10,1230,174.19628265744888,346.15657354011586,169.19628265744888,341.15657354011586,179.19628265744888,351.15657354011586,1.0
10,1231,176.45922679028854,346.1834616802902,171.45922679028854,341.1834616802902,181.45922679028854,351.1834616802902,1.0
10,1232,178.75831810562403,345.9463284647415,173.75831810562403,340.9463284647415,183.75831810562403,350.9463284647415,1.0
10,1233,181.64498296606988,345.86148260179687,176.64498296606988,340.86148260179687,186.64498296606988,350.86148260179687,1.0
10,1234,184.4561593034967,345.84947175051224,179.4561593034967,340.84947175051224,189.4561593034967,350.84947175051224,1.0
10,1235,186.57816192916803,345.82571473672033,181.57816192916803,340.82571473672033,191.57816192916803,350.82571473672033,1.0
10,1236,188.98559265156848,345.86297950517945,183.98559265156848,340.86297950517945,193.98559265156848,350.86297950517945,1.0
10,1237,191.72643371854997,345.5647546797366,186.72643371854997,340.5647546797366,196.72643371854997,350.5647546797366,1.0
10,1238,193.83452586063277,345.6973414413876,188.83452586063277,340.6973414413876,198.83452586063277,350.6973414413876,1.0
10,1239,195.57433891712964,345.2934274150603,190.57433891712964,340.2934274150603,200.57433891712964,350.2934274150603,1.0
10,1240,197.33266535181988,344.2212847772026,192.33266535181988,339.2212847772026,202.33266535181988,349.2212847772026,1.0
10,1241,198.66280563052922,343.22614271806833,193.66280563052922,338.22614271806833,203.66280563052922,348.22614271806833,1.0
10,1242,200.81412878552737,341.74808925849425,195.81412878552737,336.74808925849425,205.81412878552737,346.74808925849425,1.0
10,1243,202.4180789142545,340.33528511690275,197.4180789142545,335.33528511690275,207.4180789142545,345.33528511690275,1.0
10,1244,203.6466022960234,338.8148791186889,198.6466022960234,333.8148791186889,208.6466022960234,343.8148791186889,1.0
10,1245,205.45485939320164,337.0935258552461,200.45485939320164,332.0935258552461,210.45485939320164,342.0935258552461,1.0
10,1246,207.33217102909998,335.8064770586958,202.33217102909998,330.8064770586958,212.33217102909998,340.8064770586958,1.0
10,1247,209.13040763659134,334.0930522775512,204.13040763659134,329.0930522775512,214.13040763659134,339.0930522775512,1.0
10,1248,211.53425190028457,332.5450918903328,206.53425190028457,327.5450918903328,216.53425190028457,337.5450918903328,1.0
10,1249,214.18385878388608,331.1434641402163,209.18385878388608,326.1434641402163,219.18385878388608,336.1434641402163,1.0
10,1250,216.77311562821188,330.32900861834355,211.77311562821188,325.32900861834355,221.77311562821188,335.32900861834355,1.0
10,1251,219.01648865991797,330.44706052480274,214.01648865991797,325.44706052480274,224.01648865991797,335.44706052480274,1.0
10,1252,220.83308273916992,330.6096418683525,215.83308273916992,325.6096418683525,225.83308273916992,335.6096418683525,1.0
10,1253,222.99228995527892,329.9102135927014,217.99228995527892,324.9102135927014,227.99228995527892,334.9102135927014,1.0
10,1254,224.60793907165245,329.4991388833737,219.60793907165245,324.4991388833737,229.60793907165245,334.4991388833737,1.0
10,1255,226.16920009022658,328.9560772889036,221.16920009022658,323.9560772889036,231.16920009022658,333.9560772889036,1.0
10,1256,226.8998986408182,328.78028731753045,221.8998986408182,323.78028731753045,231.8998986408182,333.78028731753045,1.0
10,1257,227.95103294334245,328.96490220745983,222.95103294334245,323.96490220745983,232.95103294334245,333.96490220745983,1.0
10,1258,229.03342451919315,329.25282595393384,224.03342451919315,324.25282595393384,234.03342451919315,334.25282595393384,1.0
10,1259,229.65625373926952,328.98792972155366,224.65625373926952,323.98792972155366,234.65625373926952,333.98792972155366,1.0
10,1260,230.47897772435277,329.7217876064304,225.47897772435277,324.7217876064304,235.47897772435277,334.7217876064304,1.0
10,1261,231.38433407479027,330.3504476671183,226.38433407479027,325.3504476671183,236.38433407479027,335.3504476671183,1.0
10,1262,232.32458352454654,331.4641957657341,227.32458352454654,326.4641957657341,237.32458352454654,336.4641957657341,1.0
10,1263,233.7818459080151,332.53034049694355,228.7818459080151,327.53034049694355,238.7818459080151,337.53034049694355,1.0
10,1264,235.04995137661666,333.3281633270497,230.04995137661666,328.3281633270497,240.04995137661666,338.3281633270497,1.0
10,1265,236.826340229005,334.3083364275808,231.826340229005,329.3083364275808,241.826340229005,339.3083364275808,1.0
10,1266,238.22203683932173,335.4795915138298,233.22203683932173,330.4795915138298,243.22203683932173,340.4795915138298,1.0
10,1267,238.89670158239016,336.7755047211257,233.89670158239016,331.7755047211257,243.89670158239016,341.7755047211257,1.0
10,1268,238.94300016211582,338.0554981156847,233.94300016211582,333.0554981156847,243.94300016211582,343.0554981156847,1.0
10,1269,238.92570101791154,338.7750116826705,233.92570101791154,333.7750116826705,243.92570101791154,343.7750116826705,1.0
10,1270,238.4881948042196,339.4623280887731,233.4881948042196,334.4623280887731,243.4881948042196,344.4623280887731,1.0
10,1271,238.0431960356644,339.8891058618323,233.0431960356644,334.8891058618323,243.0431960356644,344.8891058618323,1.0
10,1272,237.83175103605413,340.0060058782683,232.83175103605413,335.0060058782683,242.83175103605413,345.0060058782683,1.0
10,1273,237.76813797162208,339.91727607231593,232.76813797162208,334.91727607231593,242.76813797162208,344.91727607231593,1.0
10,1274,238.06946616027824,339.85399216083437,233.06946616027824,334.85399216083437,243.06946616027824,344.85399216083437,1.0
10,1275,238.78768179724767,339.78087743707533,233.78768179724767,334.78087743707533,243.78768179724767,344.78087743707533,1.0
10,1276,239.23659200538842,340.23925011966656,234.23659200538842,335.23925011966656,244.23659200538842,345.23925011966656,1.0
10,1277,239.2149912722025,340.54110785600034,234.2149912722025,335.54110785600034,244.2149912722025,345.54110785600034,1.0
10,1278,238.81277925402463,341.13670440540835,233.81277925402463,336.13670440540835,243.81277925402463,346.13670440540835,1.0
10,1279,238.13214012674945,342.41633665092087,233.13214012674945,337.41633665092087,243.13214012674945,347.41633665092087,1.0
10,1280,237.53832868979248,343.489997760449,232.53832868979248,338.489997760449,242.53832868979248,348.489997760449,1.0
10,1281,236.62596179552094,343.4636045652433,231.62596179552094,338.4636045652433,241.62596179552094,348.4636045652433,1.0
10,1282,235.2605752112492,343.7651076403621,230.2605752112492,338.7651076403621,240.2605752112492,348.7651076403621,1.0
10,1283,234.47652998059638,344.3732896981903,229.47652998059638,339.3732896981903,239.47652998059638,349.3732896981903,1.0
10,1284,234.07508332565556,345.12711794566746,229.07508332565556,340.12711794566746,239.07508332565556,350.12711794566746,1.0
10,1285,233.986426803838,345.94754088427925,228.986426803838,340.94754088427925,238.986426803838,350.94754088427925,1.0
10,1286,234.91430473351704,346.6100508000344,229.91430473351704,341.6100508000344,239.91430473351704,351.6100508000344,1.0
10,1287,235.30510851162694,347.6522210992847,230.30510851162694,342.6522210992847,240.30510851162694,352.6522210992847,1.0
10,1288,235.43178759662106,348.4378209533836,230.43178759662106,343.4378209533836,240.43178759662106,353.4378209533836,1.0
10,1289,234.93176466719717,349.3498004690215,229.93176466719717,344.3498004690215,239.93176466719717,354.3498004690215,1.0
10,1290,235.02170524966064,350.3070150844803,230.02170524966064,345.3070150844803,240.02170524966064,355.3070150844803,1.0
10,1291,235.20476523495233,351.45100902540423,230.20476523495233,346.45100902540423,240.20476523495233,356.45100902540423,1.0
10,1292,235.88067485808676,351.7642680354075,230.88067485808676,346.7642680354075,240.88067485808676,356.7642680354075,1.0
10,1293,237.08297234510405,352.4991024816315,232.08297234510405,347.4991024816315,242.08297234510405,357.4991024816315,1.0
10,1294,238.72885582115396,353.66878833951773,233.72885582115396,348.66878833951773,243.72885582115396,358.66878833951773,1.0
10,1295,239.82305517647808,354.92459877095416,234.82305517647808,349.92459877095416,244.82305517647808,359.92459877095416,1.0
10,1296,240.75385995385454,356.01230914882797,235.75385995385454,351.01230914882797,245.75385995385454,361.01230914882797,1.0
10,1297,241.34063266312427,356.94777821553726,236.34063266312427,351.94777821553726,246.34063266312427,361.94777821553726,1.0
10,1298,242.00538048665723,358.26595625019513,237.00538048665723,353.26595625019513,247.00538048665723,363.26595625019513,1.0
10,1299,243.47339385963005,359.17757993675895,238.47339385963005,354.17757993675895,248.47339385963005,364.17757993675895,1.0
10,1300,244.63104905904623,360.234557018442,239.63104905904623,355.234557018442,249.63104905904623,365.234557018442,1.0
10,1301,245.55868520989065,361.13847695263854,240.55868520989065,356.13847695263854,250.55868520989065,366.13847695263854,1.0
10,1302,245.78460750532813,361.8850958887996,240.78460750532813,356.8850958887996,250.78460750532813,366.8850958887996,1.0
10,1303,246.18930119505856,362.7201117419948,241.18930119505856,357.7201117419948,251.18930119505856,367.7201117419948,1.0
10,1304,246.51423293362453,363.33073028809224,241.51423293362453,358.33073028809224,251.51423293362453,368.33073028809224,1.0
10,1305,247.05836573425643,364.37298020734374,242.05836573425643,359.37298020734374,252.05836573425643,369.37298020734374,1.0
10,1306,247.6695277508596,365.52040634497865,242.6695277508596,360.52040634497865,252.6695277508596,370.52040634497865,1.0
10,1307,248.52738468726957,366.91665681078723,243.52738468726957,361.91665681078723,253.52738468726957,371.91665681078723,1.0
10,1308,248.96572759086877,368.37262174033447,243.96572759086877,363.37262174033447,253.96572759086877,373.37262174033447,1.0
10,1309,248.61410366844956,370.00206746258505,243.61410366844956,365.00206746258505,253.61410366844956,375.00206746258505,1.0
10,1310,248.29913720089615,371.49233101384124,243.29913720089615,366.49233101384124,253.29913720089615,376.49233101384124,1.0
10,1311,248.7109689838108,373.1374795532921,243.7109689838108,368.1374795532921,253.7109689838108,378.1374795532921,1.0
10,1312,249.32652308083118,374.60073567482783,244.32652308083118,369.60073567482783,254.32652308083118,379.60073567482783,1.0
10,1313,249.69215799696792,376.11338140519564,244.69215799696792,371.11338140519564,254.69215799696792,381.11338140519564,1.0
10,1314,250.24788770146813,377.6927710116606,245.24788770146813,372.6927710116606,255.24788770146813,382.6927710116606,1.0
10,1315,250.8882167534465,379.56857965265505,245.8882167534465,374.56857965265505,255.8882167534465,384.56857965265505,1.0
10,1316,251.70850019660222,381.38603850122223,246.70850019660222,376.38603850122223,256.70850019660224,386.38603850122223,1.0
10,1317,252.3627728382261,383.0419383628025,247.3627728382261,378.0419383628025,257.3627728382261,388.0419383628025,1.0
10,1318,252.32672975056147,384.9196582318309,247.32672975056147,379.9196582318309,257.32672975056147,389.9196582318309,1.0
10,1319,252.4251401331054,386.68869160690906,247.4251401331054,381.68869160690906,257.4251401331054,391.68869160690906,1.0
10,1320,251.95379103137827,389.4741664850123,246.95379103137827,384.4741664850123,256.9537910313783,394.4741664850123,1.0
10,1321,251.0102927465167,392.0650954421862,246.0102927465167,387.0650954421862,256.0102927465167,397.0650954421862,1.0
10,1322,249.94809058504427,394.7595206931892,244.94809058504427,389.7595206931892,254.94809058504427,399.7595206931892,1.0
10,1323,248.76223167158088,397.45979939511386,243.76223167158088,392.45979939511386,253.76223167158088,402.45979939511386,1.0
10,1324,247.7280140966106,399.884522341068,242.7280140966106,394.884522341068,252.7280140966106,404.884522341068,1.0
10,1325,246.745889344219,402.43050655884224,241.745889344219,397.43050655884224,251.745889344219,407.43050655884224,1.0
10,1326,245.17026051396346,404.06258461642284,240.17026051396346,399.06258461642284,250.17026051396346,409.06258461642284,1.0
10,1327,244.4659186774539,405.7989094189297,239.4659186774539,400.7989094189297,249.4659186774539,410.7989094189297,1.0
10,1328,244.3769757295313,407.4841770258189,239.3769757295313,402.4841770258189,249.3769757295313,412.4841770258189,1.0
10,1329,244.10499327986304,409.250487139235,239.10499327986304,404.250487139235,249.10499327986304,414.250487139235,1.0
10,1330,244.18785255549358,410.7537250582324,239.18785255549358,405.7537250582324,249.18785255549358,415.7537250582324,1.0
10,1331,243.83022135921277,412.70326388033635,238.83022135921277,407.70326388033635,248.83022135921277,417.70326388033635,1.0
10,1332,243.32028951219627,414.75482291269117,238.32028951219627,409.75482291269117,248.32028951219627,419.75482291269117,1.0
10,1333,242.82771918020492,416.7250640985462,237.82771918020492,411.7250640985462,247.82771918020492,421.7250640985462,1.0
10,1334,242.4665769404994,419.1231864528886,237.4665769404994,414.1231864528886,247.4665769404994,424.1231864528886,1.0
10,1335,242.17928451918692,421.09995011130167,237.17928451918692,416.09995011130167,247.17928451918692,426.09995011130167,1.0
10,1336,241.81364053525303,422.72007519242004,236.81364053525303,417.72007519242004,246.81364053525303,427.72007519242004,1.0
10,1337,240.94534761340356,424.5041510471694,235.94534761340356,419.5041510471694,245.94534761340356,429.5041510471694,1.0
10,1338,240.73400440267937,426.7437610550998,235.73400440267937,421.7437610550998,245.73400440267937,431.7437610550998,1.0
10,1339,240.48705748886894,428.66925711519025,235.48705748886894,423.66925711519025,245.48705748886894,433.66925711519025,1.0
10,1340,240.07411128399585,430.5044972965255,235.07411128399585,425.5044972965255,245.07411128399585,435.5044972965255,1.0
10,1341,240.0305744599572,432.80818463334765,235.0305744599572,427.80818463334765,245.0305744599572,437.80818463334765,1.0
10,1342,240.18756767643447,435.0595076447451,235.18756767643447,430.0595076447451,245.18756767643447,440.0595076447451,1.0
10,1343,240.39833565175115,436.69738898475816,235.39833565175115,431.69738898475816,245.39833565175115,441.69738898475816,1.0
10,1344,241.2586792509651,438.05911462749714,236.2586792509651,433.05911462749714,246.2586792509651,443.05911462749714,1.0
10,1345,242.8065613408432,439.271992286279,237.8065613408432,434.271992286279,247.8065613408432,444.271992286279,1.0
10,1346,243.8509083665606,440.7484264543576,238.8509083665606,435.7484264543576,248.8509083665606,445.7484264543576,1.0
10,1347,245.10234956149543,441.2524423674201,240.10234956149543,436.2524423674201,250.10234956149543,446.2524423674201,1.0
10,1348,246.38865544377902,441.6799495666583,241.38865544377902,436.6799495666583,251.38865544377902,446.6799495666583,1.0
10,1349,247.90958769398162,442.1043942892256,242.90958769398162,437.1043942892256,252.90958769398162,447.1043942892256,1.0
10,1350,249.49221131599646,442.49245939711676,244.49221131599646,437.49245939711676,254.49221131599646,447.49245939711676,1.0
10,1351,250.3198315387716,442.87162010441125,245.3198315387716,437.87162010441125,255.3198315387716,447.87162010441125,1.0
10,1352,250.6410671785273,443.44009641223215,245.6410671785273,438.44009641223215,255.6410671785273,448.44009641223215,1.0
10,1353,251.11219402213447,444.3024833557938,246.11219402213447,439.3024833557938,256.1121940221345,449.3024833557938,1.0
10,1354,251.6630199896182,445.2795056862334,246.6630199896182,440.2795056862334,256.6630199896182,450.2795056862334,1.0
10,1355,252.62509155466665,445.92945574429325,247.62509155466665,440.92945574429325,257.62509155466665,450.92945574429325,1.0
10,1356,253.43005625548412,447.0031465932953,248.43005625548412,442.0031465932953,258.43005625548415,452.0031465932953,1.0
10,1357,254.46729822561676,447.9315676570428,249.46729822561676,442.9315676570428,259.4672982256168,452.9315676570428,1.0
10,1358,255.07820948481418,449.47100400328924,250.07820948481418,444.47100400328924,260.0782094848142,454.47100400328924,1.0
10,1359,255.65254612983108,451.29057036046606,250.65254612983108,446.29057036046606,260.6525461298311,456.29057036046606,1.0
10,1360,255.72425722413007,452.90079432975085,250.72425722413007,447.90079432975085,260.72425722413004,457.90079432975085,1.0
10,1361,255.99026973838392,454.3935440291136,250.99026973838392,449.3935440291136,260.9902697383839,459.3935440291136,1.0
10,1362,256.6155675154355,456.0909052772297,251.6155675154355,451.0909052772297,261.6155675154355,461.0909052772297,1.0
10,1363,257.46467502560415,457.97528409337815,252.46467502560415,452.97528409337815,262.46467502560415,462.97528409337815,1.0
10,1364,257.9234077501615,460.36971154876295,252.92340775016152,455.36971154876295,262.9234077501615,465.36971154876295,1.0
10,1365,259.07234698472723,462.6458918742171,254.07234698472723,457.6458918742171,264.07234698472723,467.6458918742171,1.0
10,1366,259.9700536984153,464.59084662256566,254.9700536984153,459.59084662256566,264.9700536984153,469.59084662256566,1.0
10,1367,260.5896672519481,466.47458438480845,255.58966725194807,461.47458438480845,265.5896672519481,471.47458438480845,1.0
10,1368,260.545709182374,468.3998652015872,255.54570918237403,463.3998652015872,265.545709182374,473.3998652015872,1.0
10,1369,260.09844153016036,470.58715747726626,255.09844153016036,465.58715747726626,265.09844153016036,475.58715747726626,1.0
10,1370,259.9750300324889,472.9492602371423,254.97503003248892,467.9492602371423,264.9750300324889,477.9492602371423,1.0
10,1371,259.3770838121473,475.30990274921317,254.3770838121473,470.30990274921317,264.3770838121473,480.30990274921317,1.0
10,1372,258.9133112389078,477.72796189358166,253.9133112389078,472.72796189358166,263.9133112389078,482.72796189358166,1.0
10,1373,258.6507156523585,480.22628292325896,253.65071565235849,475.22628292325896,263.6507156523585,485.22628292325896,1.0
10,1374,258.15901685589427,482.4645519131079,253.15901685589427,477.4645519131079,263.15901685589427,487.4645519131079,1.0
10,1375,257.73454826305084,485.31965460830213,252.73454826305084,480.31965460830213,262.73454826305084,490.31965460830213,1.0
10,1376,257.71087233450464,488.5156425701665,252.71087233450464,483.5156425701665,262.71087233450464,493.5156425701665,1.0
10,1377,257.5474415226836,492.109986618368,252.54744152268358,487.109986618368,262.5474415226836,497.109986618368,1.0
10,1378,256.9006103188986,495.07261362716997,251.9006103188986,490.07261362716997,261.9006103188986,500.07261362716997,1.0
10,1379,256.7212051862018,498.47736028573604,251.72120518620181,493.47736028573604,261.7212051862018,503.47736028573604,1.0
10,1380,256.89780739347,501.3289986622485,251.89780739346998,496.3289986622485,261.89780739347,506.3289986622485,1.0
10,1381,257.63751248757023,503.75108100737225,252.63751248757023,498.75108100737225,262.63751248757023,508.75108100737225,1.0
10,1382,258.5579681314191,506.534771811566,253.5579681314191,501.534771811566,263.5579681314191,511.534771811566,1.0
10,1383,259.05706152478075,508.76261303096624,254.05706152478075,503.76261303096624,264.05706152478075,513.7626130309662,1.0
10,1384,259.6359510399567,511.1646347935607,254.6359510399567,506.1646347935607,264.6359510399567,516.1646347935607,1.0
10,1385,260.6934959186734,513.583193408482,255.69349591867342,508.583193408482,265.6934959186734,518.583193408482,1.0
10,1386,262.1050187797086,515.9071016154099,257.1050187797086,510.90710161540994,267.1050187797086,520.9071016154099,1.0
10,1387,263.4019278557338,518.8657064614164,258.4019278557338,513.8657064614164,268.4019278557338,523.8657064614164,1.0
10,1388,264.5412233052255,521.7104975522916,259.5412233052255,516.7104975522916,269.5412233052255,526.7104975522916,1.0
10,1389,265.4707095005142,524.2541590131377,260.4707095005142,519.2541590131377,270.4707095005142,529.2541590131377,1.0
10,1390,266.9365944794848,526.7724172114522,261.9365944794848,521.7724172114522,271.9365944794848,531.7724172114522,1.0
10,1391,268.37845672218543,529.5577127225001,263.37845672218543,524.5577127225001,273.37845672218543,534.5577127225001,1.0
10,1392,270.33202434621705,531.896899141251,265.33202434621705,526.896899141251,275.33202434621705,536.896899141251,1.0
10,1393,272.3768462920887,534.6656741043889,267.3768462920887,529.6656741043889,277.3768462920887,539.6656741043889,1.0
10,1394,274.3919854565533,537.3092019119449,269.3919854565533,532.3092019119449,279.3919854565533,542.3092019119449,1.0
10,1395,276.8573678950795,540.0103258560783,271.8573678950795,535.0103258560783,281.8573678950795,545.0103258560783,1.0
10,1396,278.5953539246723,542.9247396689499,273.5953539246723,537.9247396689499,283.5953539246723,547.9247396689499,1.0
10,1397,280.84295636092145,546.4884335175634,275.84295636092145,541.4884335175634,285.84295636092145,551.4884335175634,1.0
10,1398,282.428121475164,550.0454955358781,277.428121475164,545.0454955358781,287.428121475164,555.0454955358781,1.0
10,1399,283.9254391162759,553.9411322374635,278.9254391162759,548.9411322374635,288.9254391162759,558.9411322374635,1.0
10,1400,286.4793847589624,558.3204925733163,281.4793847589624,553.3204925733163,291.4793847589624,563.3204925733163,1.0
10,1401,289.1477343275835,563.3454177760482,284.1477343275835,558.3454177760482,294.1477343275835,568.3454177760482,1.0
10,1402,291.3319344006345,568.593629796618,286.3319344006345,563.593629796618,296.3319344006345,573.593629796618,1.0
10,1403,294.0510311533063,573.5757294432758,289.0510311533063,568.5757294432758,299.0510311533063,578.5757294432758,1.0
10,1404,296.54356638195986,578.1179692492228,291.54356638195986,573.1179692492228,301.54356638195986,583.1179692492228,1.0
10,1405,298.79331930382574,582.7692622440834,293.79331930382574,577.7692622440834,303.79331930382574,587.7692622440834,1.0
10,1406,301.10242522471685,587.4844221381036,296.10242522471685,582.4844221381036,306.10242522471685,592.4844221381036,1.0
10,1407,303.4015640324263,591.4756305963963,298.4015640324263,586.4756305963963,308.4015640324263,596.4756305963963,1.0
10,1408,305.7128488731265,595.0878389057207,300.7128488731265,590.0878389057207,310.7128488731265,600.0878389057207,1.0
10,1409,308.2703598722838,598.420811680124,303.2703598722838,593.420811680124,313.2703598722838,603.420811680124,1.0
10,1410,310.57694288981,601.7603837441216,305.57694288981,596.7603837441216,315.57694288981,606.7603837441216,1.0
10,1411,312.9568230790218,605.6717225116886,307.9568230790218,600.6717225116886,317.9568230790218,610.6717225116886,1.0
10,1412,316.37037511565956,609.6702304799417,311.37037511565956,604.6702304799417,321.37037511565956,614.6702304799417,1.0
10,1413,319.8329030369675,614.1152494019864,314.8329030369675,609.1152494019864,324.8329030369675,619.1152494019864,1.0
10,1414,322.89900777561354,618.0671639344225,317.89900777561354,613.0671639344225,327.89900777561354,623.0671639344225,1.0
10,1415,326.151690956699,621.522621588676,321.151690956699,616.522621588676,331.151690956699,626.522621588676,1.0
10,1416,329.0915137000786,625.0673449940156,324.0915137000786,620.0673449940156,334.0915137000786,630.0673449940156,1.0
10,1417,331.7897069179456,628.6811987292382,326.7897069179456,623.6811987292382,336.7897069179456,633.6811987292382,1.0
10,1418,334.4735570366428,632.6657367072241,329.4735570366428,627.6657367072241,339.4735570366428,637.6657367072241,1.0
10,1419,336.9563590364129,636.2391048570346,331.9563590364129,631.2391048570346,341.9563590364129,641.2391048570346,1.0
10,1420,338.8979101055003,639.3547486027135,333.8979101055003,634.3547486027135,343.8979101055003,644.3547486027135,1.0
10,1421,341.01256156158513,642.1469121259017,336.01256156158513,637.1469121259017,346.01256156158513,647.1469121259017,1.0
10,1422,343.4600508329719,644.6419342307756,338.4600508329719,639.6419342307756,348.4600508329719,649.6419342307756,1.0
10,1423,345.6918598215523,647.3703715723482,340.6918598215523,642.3703715723482,350.6918598215523,652.3703715723482,1.0
10,1424,347.5060037792809,650.903338280592,342.5060037792809,645.903338280592,352.5060037792809,655.903338280592,1.0
10,1425,349.2300933059251,654.5505419659032,344.2300933059251,649.5505419659032,354.2300933059251,659.5505419659032,1.0
10,1426,350.73327142014904,658.0140309082453,345.73327142014904,653.0140309082453,355.73327142014904,663.0140309082453,1.0
10,1427,352.2338864010343,661.3289980209057,347.2338864010343,656.3289980209057,357.2338864010343,666.3289980209057,1.0
10,1428,352.95108840683736,664.5744938751213,347.95108840683736,659.5744938751213,357.95108840683736,669.5744938751213,1.0
10,1429,353.58448875785905,668.0906860922192,348.58448875785905,663.0906860922192,358.58448875785905,673.0906860922192,1.0
10,1430,353.5616068264189,671.4169559164663,348.5616068264189,666.4169559164663,358.5616068264189,676.4169559164663,1.0
10,1431,353.59792633050586,674.1947274059936,348.59792633050586,669.1947274059936,358.59792633050586,679.1947274059936,1.0
10,1432,354.02424459475986,677.0290480704498,349.02424459475986,672.0290480704498,359.02424459475986,682.0290480704498,1.0
10,1433,353.87834507495427,679.7293969524508,348.87834507495427,674.7293969524508,358.87834507495427,684.7293969524508,1.0
10,1434,353.6158756050889,682.4177071112153,348.6158756050889,677.4177071112153,358.6158756050889,687.4177071112153,1.0
10,1435,353.2318637886492,684.4628395639538,348.2318637886492,679.4628395639538,358.2318637886492,689.4628395639538,1.0
10,1436,353.1050586403236,686.9312768497515,348.1050586403236,681.9312768497515,358.1050586403236,691.9312768497515,1.0
10,1437,352.7980974433275,689.6887122111499,347.7980974433275,684.6887122111499,357.7980974433275,694.6887122111499,1.0
10,1438,352.80413836573905,692.0362532706322,347.80413836573905,687.0362532706322,357.80413836573905,697.0362532706322,1.0
10,1439,352.8095996252588,694.3401526561578,347.8095996252588,689.3401526561578,357.8095996252588,699.3401526561578,1.0
10,1440,353.16497671543857,696.0957706617397,348.16497671543857,691.0957706617397,358.16497671543857,701.0957706617397,1.0
10,1441,352.9128362826593,697.4443946792778,347.9128362826593,692.4443946792778,357.9128362826593,702.4443946792778,1.0
10,1442,352.64782721701044,698.9496497250568,347.64782721701044,693.9496497250568,357.64782721701044,703.9496497250568,1.0
10,1443,351.7932491388833,700.2157966691109,346.7932491388833,695.2157966691109,356.7932491388833,705.2157966691109,1.0
10,1444,351.32825449961945,701.4925082296804,346.32825449961945,696.4925082296804,356.32825449961945,706.4925082296804,1.0
10,1445,350.06481775250165,702.4924649244865,345.06481775250165,697.4924649244865,355.06481775250165,707.4924649244865,1.0
10,1446,348.4004108614082,703.8025434204535,343.4004108614082,698.8025434204535,353.4004108614082,708.8025434204535,1.0
10,1447,346.2636461595967,704.9241285714494,341.2636461595967,699.9241285714494,351.2636461595967,709.9241285714494,1.0
10,1448,343.9006423497714,706.0722081231575,338.9006423497714,701.0722081231575,348.9006423497714,711.0722081231575,1.0
10,1449,341.17173651819513,707.2190218560866,336.17173651819513,702.2190218560866,346.17173651819513,712.2190218560866,1.0
10,1450,338.8465527949981,708.3380378525458,333.8465527949981,703.3380378525458,343.8465527949981,713.3380378525458,1.0
10,1451,336.2923477593504,709.0467016866576,331.2923477593504,704.0467016866576,341.2923477593504,714.0467016866576,1.0
10,1452,334.00993290459184,709.9143611887026,329.00993290459184,704.9143611887026,339.00993290459184,714.9143611887026,1.0
10,1453,331.55821730045557,711.3015957654997,326.55821730045557,706.3015957654997,336.55821730045557,716.3015957654997,1.0
10,1454,329.0061740346024,712.0148635147275,324.0061740346024,707.0148635147275,334.0061740346024,717.0148635147275,1.0
10,1455,326.8477974159371,712.6677989238109,321.8477974159371,707.6677989238109,331.8477974159371,717.6677989238109,1.0
10,1456,324.5569242141853,713.6121246388145,319.5569242141853,708.6121246388145,329.5569242141853,718.6121246388145,1.0
10,1457,322.3471370289708,714.3973867453949,317.3471370289708,709.3973867453949,327.3471370289708,719.3973867453949,1.0
10,1458,320.173835708495,715.2450329141964,315.173835708495,710.2450329141964,325.173835708495,720.2450329141964,1.0
10,1459,318.3951990971467,715.8282758137223,313.3951990971467,710.8282758137223,323.3951990971467,720.8282758137223,1.0
10,1460,316.68667942342995,715.9932345325544,311.68667942342995,710.9932345325544,321.68667942342995,720.9932345325544,1.0
10,1461,314.80113544765925,716.3791414125328,309.80113544765925,711.3791414125328,319.80113544765925,721.3791414125328,1.0
10,1462,313.12484134112077,716.1060474128681,308.12484134112077,711.1060474128681,318.12484134112077,721.1060474128681,1.0
10,1463,311.63726057911435,716.489044552208,306.63726057911435,711.489044552208,316.63726057911435,721.489044552208,1.0
10,1464,309.74673043211305,716.8419460413083,304.74673043211305,711.8419460413083,314.74673043211305,721.8419460413083,1.0
10,1465,308.3162163265267,717.3607331595447,303.3162163265267,712.3607331595447,313.3162163265267,722.3607331595447,1.0
10,1466,306.9410356363952,717.8385483008365,301.9410356363952,712.8385483008365,311.9410356363952,722.8385483008365,1.0
10,1467,305.4538439586445,718.7144986071125,300.4538439586445,713.7144986071125,310.4538439586445,723.7144986071125,1.0
10,1468,304.13841224645455,719.8906485423158,299.13841224645455,714.8906485423158,309.13841224645455,724.8906485423158,1.0
10,1469,302.2836544136574,721.0718778569667,297.2836544136574,716.0718778569667,307.2836544136574,726.0718778569667,1.0
11,1217,380.0,397.5,375.0,392.5,385.0,402.5,1.0
11,1218,379.91299134819087,397.50634453464505,374.91299134819087,392.50634453464505,384.91299134819087,402.50634453464505,1.0
11,1219,379.78902528659825,397.5059534160186,374.78902528659825,392.5059534160186,384.78902528659825,402.5059534160186,1.0
11,1220,379.6646464092256,397.5040270687293,374.6646464092256,392.5040270687293,384.6646464092256,402.5040270687293,1.0
11,1221,379.5432955231924,397.5013167348989,374.5432955231924,392.5013167348989,384.5432955231924,402.5013167348989,1.0
11,1222,379.4234782874046,397.5008206702316,374.4234782874046,392.5008206702316,384.4234782874046,402.5008206702316,1.0
11,1223,379.31123648085975,397.49814455231854,374.31123648085975,392.49814455231854,384.31123648085975,402.49814455231854,1.0
11,1224,379.20315000715317,397.4930705933752,374.20315000715317,392.4930705933752,384.20315000715317,402.4930705933752,1.0
11,1225,379.0899662137081,397.4893927100696,374.0899662137081,392.4893927100696,384.0899662137081,402.4893927100696,1.0
11,1226,378.9827735321905,397.48822341458805,373.9827735321905,392.48822341458805,383.9827735321905,402.48822341458805,1.0
11,1227,378.8835382627803,397.483896733691,373.8835382627803,392.483896733691,383.8835382627803,402.483896733691,1.0
11,1228,378.7833251964187,397.4881687658811,373.7833251964187,392.4881687658811,383.7833251964187,402.4881687658811,1.0
11,1229,378.6922056101513,397.4948825941236,373.6922056101513,392.4948825941236,383.6922056101513,402.4948825941236,1.0
11,1230,378.5969039233221,397.50211584228236,373.5969039233221,392.50211584228236,383.5969039233221,402.50211584228236,1.0
11,1231,378.50369575858036,397.5077547962461,373.50369575858036,392.5077547962461,383.50369575858036,402.5077547962461,1.0
11,1232,378.41135948029114,397.51633012999514,373.41135948029114,392.51633012999514,383.41135948029114,402.51633012999514,1.0
11,1233,378.3208893612521,397.52565150869736,373.3208893612521,392.52565150869736,383.3208893612521,402.52565150869736,1.0
11,1234,378.23560918083695,397.531098189146,373.23560918083695,392.531098189146,383.23560918083695,402.531098189146,1.0
11,1235,378.1625233914669,397.5344118327543,373.1625233914669,392.5344118327543,383.1625233914669,402.5344118327543,1.0
11,1236,378.09880392813085,397.5384541187913,373.09880392813085,392.5384541187913,383.09880392813085,402.5384541187913,1.0
11,1237,378.04889937649153,397.5384003107604,373.04889937649153,392.5384003107604,383.04889937649153,402.5384003107604,1.0
11,1238,378.00567554046836,397.53672763897407,373.00567554046836,392.53672763897407,383.00567554046836,402.53672763897407,1.0
11,1239,377.96038588822637,397.5399850427935,372.96038588822637,392.5399850427935,382.96038588822637,402.5399850427935,1.0
11,1240,377.90585243173575,397.54683749370486,372.90585243173575,392.54683749370486,382.90585243173575,402.54683749370486,1.0
11,1241,377.84852300629507,397.55511977556546,372.84852300629507,392.55511977556546,382.84852300629507,402.55511977556546,1.0
11,1242,377.79660382297845,397.5646895091672,372.79660382297845,392.5646895091672,382.79660382297845,402.5646895091672,1.0
11,1243,377.73646464901236,397.5734131906548,372.73646464901236,392.5734131906548,382.73646464901236,402.5734131906548,1.0
11,1244,377.67281586882666,397.5795278731096,372.67281586882666,392.5795278731096,382.67281586882666,402.5795278731096,1.0
11,1245,377.6031247216479,397.5894379556516,372.6031247216479,392.5894379556516,382.6031247216479,402.5894379556516,1.0
11,1246,377.5368713975387,397.59770209082654,372.5368713975387,392.59770209082654,382.5368713975387,402.59770209082654,1.0
11,1247,377.4710088941322,397.60669613437307,372.4710088941322,392.60669613437307,382.4710088941322,402.60669613437307,1.0
11,1248,377.40509283494174,397.61425275763895,372.40509283494174,392.61425275763895,382.40509283494174,402.61425275763895,1.0
11,1249,377.3497015404081,397.6225961550395,372.3497015404081,392.6225961550395,382.3497015404081,402.6225961550395,1.0
11,1250,377.28544897178836,397.63028868523907,372.28544897178836,392.63028868523907,382.28544897178836,402.63028868523907,1.0
11,1251,377.2246959863519,397.63829589030604,372.2246959863519,392.63829589030604,382.2246959863519,402.63829589030604,1.0
11,1252,377.1585900711089,397.6445458326492,372.1585900711089,392.6445458326492,382.1585900711089,402.6445458326492,1.0
11,1253,377.0896720612423,397.65127118939995,372.0896720612423,392.65127118939995,382.0896720612423,402.65127118939995,1.0
11,1254,377.0185533509501,397.65978230799806,372.0185533509501,392.65978230799806,382.0185533509501,402.65978230799806,1.0
11,1255,376.9598331729461,397.6709409881638,371.9598331729461,392.6709409881638,381.9598331729461,402.6709409881638,1.0
11,1256,376.896079212102,397.6809055905105,371.896079212102,392.6809055905105,381.896079212102,402.6809055905105,1.0
11,1257,376.84052730764665,397.6944947411643,371.84052730764665,392.6944947411643,381.84052730764665,402.6944947411643,1.0
11,1258,376.789550968288,397.70783070465865,371.789550968288,392.70783070465865,381.789550968288,402.70783070465865,1.0
11,1259,376.74344965494913,397.72110978104115,371.74344965494913,392.72110978104115,381.74344965494913,402.72110978104115,1.0
11,1260,376.6974240004888,397.73245566561013,371.6974240004888,392.73245566561013,381.6974240004888,402.73245566561013,1.0
11,1261,376.6507051680721,397.7442422153309,371.6507051680721,392.7442422153309,381.6507051680721,402.7442422153309,1.0
11,1262,376.60648520643497,397.75500710945215,371.60648520643497,392.75500710945215,381.60648520643497,402.75500710945215,1.0
11,1263,376.5602756598052,397.7674768550462,371.5602756598052,392.7674768550462,381.5602756598052,402.7674768550462,1.0
11,1264,376.5062538371526,397.7819035907071,371.5062538371526,392.7819035907071,381.5062538371526,402.7819035907071,1.0
11,1265,376.4476986138776,397.79684937614917,371.4476986138776,392.79684937614917,381.4476986138776,402.79684937614917,1.0
11,1266,376.3885444875436,397.8151549390474,371.3885444875436,392.8151549390474,381.3885444875436,402.8151549390474,1.0
11,1267,376.32821594569316,397.8337659961632,371.32821594569316,392.8337659961632,381.32821594569316,402.8337659961632,1.0
11,1268,376.27100559562683,397.85242163329787,371.27100559562683,392.85242163329787,381.27100559562683,402.85242163329787,1.0
11,1269,376.21826274481555,397.87408919881636,371.21826274481555,392.87408919881636,381.21826274481555,402.87408919881636,1.0
11,1270,376.16332924031815,397.89485923831575,371.16332924031815,392.89485923831575,381.16332924031815,402.89485923831575,1.0
11,1271,376.10810737265206,397.9115001484119,371.10810737265206,392.9115001484119,381.10810737265206,402.9115001484119,1.0
11,1272,376.0567093085836,397.93124314986613,371.0567093085836,392.93124314986613,381.0567093085836,402.93124314986613,1.0
11,1273,376.00858263131397,397.9511574837352,371.00858263131397,392.9511574837352,381.00858263131397,402.9511574837352,1.0
11,1274,375.96001722210895,397.9676357341426,370.96001722210895,392.9676357341426,380.96001722210895,402.9676357341426,1.0
11,1275,375.92244433902925,397.9842740437186,370.92244433902925,392.9842740437186,380.92244433902925,402.9842740437186,1.0
11,1276,375.8843846398322,398.00242529999156,370.8843846398322,393.00242529999156,380.8843846398322,403.00242529999156,1.0
11,1277,375.8446111284614,398.01699780669367,370.8446111284614,393.01699780669367,380.8446111284614,403.01699780669367,1.0
11,1278,375.8137082329649,398.030118919718,370.8137082329649,393.030118919718,380.8137082329649,403.030118919718,1.0
11,1279,375.78191973069517,398.04150826642314,370.78191973069517,393.04150826642314,380.78191973069517,403.04150826642314,1.0
11,1280,375.74801742264845,398.055608855324,370.74801742264845,393.055608855324,380.74801742264845,403.055608855324,1.0
11,1281,375.7220772131795,398.0669847770037,370.7220772131795,393.0669847770037,380.7220772131795,403.0669847770037,1.0
11,1282,375.68999162425723,398.0733381848813,370.68999162425723,393.0733381848813,380.68999162425723,403.0733381848813,1.0
11,1283,375.6544919280786,398.0746824903854,370.6544919280786,393.0746824903854,380.6544919280786,403.0746824903854,1.0
11,1284,375.615931748421,398.0757802236905,370.615931748421,393.0757802236905,380.615931748421,403.0757802236905,1.0
11,1285,375.57601941019897,398.07392183813084,370.57601941019897,393.07392183813084,380.57601941019897,403.07392183813084,1.0
11,1286,375.5359365267308,398.0746669540287,370.5359365267308,393.0746669540287,380.5359365267308,403.0746669540287,1.0
11,1287,375.49827833739784,398.0753663706941,370.49827833739784,393.0753663706941,380.49827833739784,403.0753663706941,1.0
11,1288,375.4753460402675,398.07562068827514,370.4753460402675,393.07562068827514,380.4753460402675,403.07562068827514,1.0
11,1289,375.44760308861515,398.07425581262464,370.44760308861515,393.07425581262464,380.44760308861515,403.07425581262464,1.0
11,1290,375.41369325489194,398.07178976038324,370.41369325489194,393.07178976038324,380.41369325489194,403.07178976038324,1.0
11,1291,375.3768605544101,398.073791066849,370.3768605544101,393.073791066849,380.3768605544101,403.073791066849,1.0
11,1292,375.33457968806164,398.07756796579247,370.33457968806164,393.07756796579247,380.33457968806164,403.07756796579247,1.0
11,1293,375.29090200460644,398.08004487076914,370.29090200460644,393.08004487076914,380.29090200460644,403.08004487076914,1.0
11,1294,375.24994113286016,398.0856684284409,370.24994113286016,393.0856684284409,380.24994113286016,403.0856684284409,1.0
11,1295,375.20050383212555,398.0897609640414,370.20050383212555,393.0897609640414,380.20050383212555,403.0897609640414,1.0
11,1296,375.15406933566527,398.0933085398776,370.15406933566527,393.0933085398776,380.15406933566527,403.0933085398776,1.0
11,1297,375.1052352521823,398.0998878297424,370.1052352521823,393.0998878297424,380.1052352521823,403.0998878297424,1.0
11,1298,375.05750111709733,398.10380963170945,370.05750111709733,393.10380963170945,380.05750111709733,403.10380963170945,1.0
11,1299,375.0168479975349,398.1103245918084,370.0168479975349,393.1103245918084,380.0168479975349,403.1103245918084,1.0
11,1300,374.9802054724191,398.1219395258834,369.9802054724191,393.1219395258834,379.9802054724191,403.1219395258834,1.0
11,1301,374.94936311013555,398.13084974731674,369.94936311013555,393.13084974731674,379.94936311013555,403.13084974731674,1.0
11,1302,374.9153672939584,398.14085552505935,369.9153672939584,393.14085552505935,379.9153672939584,403.14085552505935,1.0
11,1303,374.8775443482442,398.1497357197991,369.8775443482442,393.1497357197991,379.8775443482442,403.1497357197991,1.0
11,1304,374.8431978637256,398.15966048470034,369.8431978637256,393.15966048470034,379.8431978637256,403.15966048470034,1.0
11,1305,374.8191038499977,398.17337620933984,369.8191038499977,393.17337620933984,379.8191038499977,403.17337620933984,1.0
11,1306,374.79782000917845,398.1868169293069,369.79782000917845,393.1868169293069,379.79782000917845,403.1868169293069,1.0
11,1307,374.76915665176944,398.199167867637,369.76915665176944,393.199167867637,379.76915665176944,403.199167867637,1.0
11,1308,374.7474663192691,398.2137358953155,369.7474663192691,393.2137358953155,379.7474663192691,403.2137358953155,1.0
11,1309,374.72768204328474,398.2302737372722,369.72768204328474,393.2302737372722,379.72768204328474,403.2302737372722,1.0
11,1310,374.71175152235753,398.2450445670117,369.71175152235753,393.2450445670117,379.71175152235753,403.2450445670117,1.0
11,1311,374.69642696124356,398.2627240998721,369.69642696124356,393.2627240998721,379.69642696124356,403.2627240998721,1.0
11,1312,374.68132307541447,398.2837883401686,369.68132307541447,393.2837883401686,379.68132307541447,403.2837883401686,1.0
11,1313,374.66057900226025,398.3057013387729,369.66057900226025,393.3057013387729,379.66057900226025,403.3057013387729,1.0
11,1314,374.6335231590337,398.33251602418676,369.6335231590337,393.33251602418676,379.6335231590337,403.33251602418676,1.0
11,1315,374.5976010764361,398.35736244443416,369.5976010764361,393.35736244443416,379.5976010764361,403.35736244443416,1.0
11,1316,374.56174694777746,398.3826501073555,369.56174694777746,393.3826501073555,379.56174694777746,403.3826501073555,1.0
11,1317,374.52634441438227,398.40831208029334,369.52634441438227,393.40831208029334,379.52634441438227,403.40831208029334,1.0
11,1318,374.4898358499907,398.4338597410019,369.4898358499907,393.4338597410019,379.4898358499907,403.4338597410019,1.0
11,1319,374.44381241733316,398.45721469927724,369.44381241733316,393.45721469927724,379.44381241733316,403.45721469927724,1.0
11,1320,374.3997587204241,398.48218935741363,369.3997587204241,393.48218935741363,379.3997587204241,403.48218935741363,1.0
11,1321,374.35428553410566,398.50306247479193,369.35428553410566,393.50306247479193,379.35428553410566,403.50306247479193,1.0
11,1322,374.3041066572306,398.52190170020333,369.3041066572306,393.52190170020333,379.3041066572306,403.52190170020333,1.0
11,1323,374.25212796104057,398.54203358072317,369.25212796104057,393.54203358072317,379.25212796104057,403.54203358072317,1.0
11,1324,374.21481473493884,398.5614442114727,369.21481473493884,393.5614442114727,379.21481473493884,403.5614442114727,1.0
11,1325,374.18260062111324,398.57942050187637,369.18260062111324,393.57942050187637,379.18260062111324,403.57942050187637,1.0
11,1326,374.14698456549536,398.6031242753155,369.14698456549536,393.6031242753155,379.14698456549536,403.6031242753155,1.0
11,1327,374.1080302025582,398.6260035829204,369.1080302025582,393.6260035829204,379.1080302025582,403.6260035829204,1.0
11,1328,374.067742711405,398.6514994225734,369.067742711405,393.6514994225734,379.067742711405,403.6514994225734,1.0
11,1329,374.02885498879465,398.67910402202085,369.02885498879465,393.67910402202085,379.02885498879465,403.67910402202085,1.0
11,1330,373.9897873918085,398.7088481603003,368.9897873918085,393.7088481603003,378.9897873918085,403.7088481603003,1.0
11,1331,373.96393643877286,398.7346413212431,368.96393643877286,393.7346413212431,378.96393643877286,403.7346413212431,1.0
11,1332,373.9397510426943,398.7602523343249,368.9397510426943,393.7602523343249,378.9397510426943,403.7602523343249,1.0
11,1333,373.9138494351921,398.7828997117875,368.9138494351921,393.7828997117875,378.9138494351921,403.7828997117875,1.0
11,1334,373.89653982586094,398.80662999693743,368.89653982586094,393.80662999693743,378.89653982586094,403.80662999693743,1.0
11,1335,373.87924750067504,398.8315640255239,368.87924750067504,393.8315640255239,378.87924750067504,403.8315640255239,1.0
11,1336,373.8548831624388,398.85607071285045,368.8548831624388,393.85607071285045,378.8548831624388,403.85607071285045,1.0
11,1337,373.8289458041848,398.88100304556235,368.8289458041848,393.88100304556235,378.8289458041848,403.88100304556235,1.0
11,1338,373.80588680339207,398.90343123049263,368.80588680339207,393.90343123049263,378.80588680339207,403.90343123049263,1.0
11,1339,373.7778763420148,398.9260765098316,368.7778763420148,393.9260765098316,378.7778763420148,403.9260765098316,1.0
11,1340,373.73909769995424,398.94664728028437,368.73909769995424,393.94664728028437,378.73909769995424,403.94664728028437,1.0
11,1341,373.6978793152043,398.97098472047156,368.6978793152043,393.97098472047156,378.6978793152043,403.97098472047156,1.0
11,1342,373.6522846337925,398.99231748984676,368.6522846337925,393.99231748984676,378.6522846337925,403.99231748984676,1.0
11,1343,373.61699660398233,399.00809757507835,368.61699660398233,394.00809757507835,378.61699660398233,404.00809757507835,1.0
11,1344,373.58347817351955,399.02749083421025,368.58347817351955,394.02749083421025,378.58347817351955,404.02749083421025,1.0
11,1345,373.5574122047676,399.04270653248176,368.5574122047676,394.04270653248176,378.5574122047676,404.04270653248176,1.0
11,1346,373.5265656195839,399.0550552507864,368.5265656195839,394.0550552507864,378.5265656195839,404.0550552507864,1.0
11,1347,373.4992374925124,399.06677586692774,368.4992374925124,394.06677586692774,378.4992374925124,404.06677586692774,1.0
11,1348,373.4714339426661,399.07924844784435,368.4714339426661,394.07924844784435,378.4714339426661,404.07924844784435,1.0
11,1349,373.4440059794967,399.09132038196975,368.4440059794967,394.09132038196975,378.4440059794967,404.09132038196975,1.0
11,1350,373.4076790366885,399.0984079706366,368.4076790366885,394.0984079706366,378.4076790366885,404.0984079706366,1.0
11,1351,373.37200379779523,399.1043629645551,368.37200379779523,394.1043629645551,378.37200379779523,404.1043629645551,1.0
11,1352,373.346888126707,399.11154086154284,368.346888126707,394.11154086154284,378.346888126707,404.11154086154284,1.0
11,1353,373.33213455989585,399.1156297550719,368.33213455989585,394.1156297550719,378.33213455989585,404.1156297550719,1.0
11,1354,373.32256060985395,399.11650023961386,368.32256060985395,394.11650023961386,378.32256060985395,404.11650023961386,1.0
11,1355,373.31647511714095,399.11521549236716,368.31647511714095,394.11521549236716,378.31647511714095,404.11521549236716,1.0
11,1356,373.3064318823697,399.11732017319633,368.3064318823697,394.11732017319633,378.3064318823697,404.11732017319633,1.0
11,1357,373.30249445672274,399.1207773437046,368.30249445672274,394.1207773437046,378.30249445672274,404.1207773437046,1.0
11,1358,373.3006321260565,399.12207216379653,368.3006321260565,394.12207216379653,378.3006321260565,404.12207216379653,1.0
11,1359,373.3047699480006,399.12456977169774,368.3047699480006,394.12456977169774,378.3047699480006,404.12456977169774,1.0
11,1360,373.3192317192095,399.12585119991485,368.3192317192095,394.12585119991485,378.3192317192095,404.12585119991485,1.0
11,1361,373.32100489209097,399.1253405374401,368.32100489209097,394.1253405374401,378.32100489209097,404.1253405374401,1.0
11,1362,373.3187141321971,399.12103820289235,368.3187141321971,394.12103820289235,378.3187141321971,404.12103820289235,1.0
11,1363,373.3208174676864,399.11772935140976,368.3208174676864,394.11772935140976,378.3208174676864,404.11772935140976,1.0
11,1364,373.3174665660362,399.11566116452263,368.3174665660362,394.11566116452263,378.3174665660362,404.11566116452263,1.0
11,1365,373.3151042187099,399.1167450828481,368.3151042187099,394.1167450828481,378.3151042187099,404.1167450828481,1.0
11,1366,373.3092477747782,399.1169931853134,368.3092477747782,394.1169931853134,378.3092477747782,404.1169931853134,1.0
11,1367,373.3079124752489,399.1125076739238,368.3079124752489,394.1125076739238,378.3079124752489,404.1125076739238,1.0
11,1368,373.30272072878915,399.1091581336573,368.30272072878915,394.1091581336573,378.30272072878915,404.1091581336573,1.0
11,1369,373.2992855099717,399.1040850166132,368.2992855099717,394.1040850166132,378.2992855099717,404.1040850166132,1.0
11,1370,373.29786566828625,399.1009705929923,368.29786566828625,394.1009705929923,378.29786566828625,404.1009705929923,1.0
11,1371,373.29553991335933,399.09677817355765,368.29553991335933,394.09677817355765,378.29553991335933,404.09677817355765,1.0
11,1372,373.2848152016679,399.0941723796481,368.2848152016679,394.0941723796481,378.2848152016679,404.0941723796481,1.0
11,1373,373.2668965905232,399.08802185135414,368.2668965905232,394.08802185135414,378.2668965905232,404.08802185135414,1.0
11,1374,373.25344927288023,399.08126171429956,368.25344927288023,394.08126171429956,378.25344927288023,404.08126171429956,1.0
11,1375,373.24024219736225,399.0775675140675,368.24024219736225,394.0775675140675,378.24024219736225,404.0775675140675,1.0
11,1376,373.2184350727083,399.07715489677867,368.2184350727083,394.07715489677867,378.2184350727083,404.07715489677867,1.0
11,1377,373.1971338423149,399.0746542883624,368.1971338423149,394.0746542883624,378.1971338423149,404.0746542883624,1.0
11,1378,373.1778057449539,399.07275431091773,368.1778057449539,394.07275431091773,378.1778057449539,404.07275431091773,1.0
11,1379,373.15062893345805,399.06759539358035,368.15062893345805,394.06759539358035,378.15062893345805,404.06759539358035,1.0
11,1380,373.12650566870184,399.0617848448997,368.12650566870184,394.0617848448997,378.12650566870184,404.0617848448997,1.0
11,1381,373.1067578928683,399.0555663123786,368.1067578928683,394.0555663123786,378.1067578928683,404.0555663123786,1.0
11,1382,373.08016864126165,399.04811373523336,368.08016864126165,394.04811373523336,378.08016864126165,404.04811373523336,1.0
11,1383,373.0487605350862,399.0406633020512,368.0487605350862,394.0406633020512,378.0487605350862,404.0406633020512,1.0
11,1384,373.02261277699273,399.0330068193983,368.02261277699273,394.0330068193983,378.02261277699273,404.0330068193983,1.0
11,1385,372.9942965136692,399.0255303929468,367.9942965136692,394.0255303929468,377.9942965136692,404.0255303929468,1.0
11,1386,372.96038809903035,399.0199756806227,367.96038809903035,394.0199756806227,377.96038809903035,404.0199756806227,1.0
11,1387,372.92605054819177,399.0190807460087,367.92605054819177,394.0190807460087,377.92605054819177,404.0190807460087,1.0
11,1388,372.89095413680667,399.02242940913345,367.89095413680667,394.02242940913345,377.89095413680667,404.02242940913345,1.0
11,1389,372.86415341431524,399.0271847353584,367.86415341431524,394.0271847353584,377.86415341431524,404.0271847353584,1.0
11,1390,372.82761078793055,399.0327158046214,367.82761078793055,394.0327158046214,377.82761078793055,404.0327158046214,1.0
11,1391,372.7892441018807,399.0360406185281,367.7892441018807,394.0360406185281,377.7892441018807,404.0360406185281,1.0
11,1392,372.75207458498784,399.04045171252636,367.75207458498784,394.04045171252636,377.75207458498784,404.04045171252636,1.0
11,1393,372.72491307358655,399.0410880600404,367.72491307358655,394.0410880600404,377.72491307358655,404.0410880600404,1.0
11,1394,372.6970579291098,399.04315936806006,367.6970579291098,394.04315936806006,377.6970579291098,404.04315936806006,1.0
11,1395,372.675432090469,399.0409963491955,367.675432090469,394.0409963491955,377.675432090469,404.0409963491955,1.0
11,1396,372.65515608353616,399.042040195576,367.65515608353616,394.042040195576,377.65515608353616,404.042040195576,1.0
11,1397,372.6269277259971,399.04658662708493,367.6269277259971,394.04658662708493,377.6269277259971,404.04658662708493,1.0
11,1398,372.5964385187995,399.0471293898323,367.5964385187995,394.0471293898323,377.5964385187995,404.0471293898323,1.0
11,1399,372.5567106649684,399.0475211974046,367.5567106649684,394.0475211974046,377.5567106649684,404.0475211974046,1.0
11,1400,372.525080103909,399.0501262792028,367.525080103909,394.0501262792028,377.525080103909,404.0501262792028,1.0
11,1401,372.4880795644252,399.0573157468812,367.4880795644252,394.0573157468812,377.4880795644252,404.0573157468812,1.0
11,1402,372.45842904827737,399.05884980973065,367.45842904827737,394.05884980973065,377.45842904827737,404.05884980973065,1.0
11,1403,372.4361626161898,399.06167990801555,367.4361626161898,394.06167990801555,377.4361626161898,404.06167990801555,1.0
11,1404,372.4162128495672,399.0624198338553,367.4162128495672,394.0624198338553,377.4162128495672,404.0624198338553,1.0
11,1405,372.3850649095198,399.0631288451998,367.3850649095198,394.0631288451998,377.3850649095198,404.0631288451998,1.0
11,1406,372.35179111435514,399.0664647413827,367.35179111435514,394.0664647413827,377.35179111435514,404.0664647413827,1.0
11,1407,372.321666135406,399.067279535225,367.321666135406,394.067279535225,377.321666135406,404.067279535225,1.0
11,1408,372.2969936257842,399.06831822709614,367.2969936257842,394.06831822709614,377.2969936257842,404.06831822709614,1.0
11,1409,372.2801312938293,399.06992513182684,367.2801312938293,394.06992513182684,377.2801312938293,404.06992513182684,1.0
11,1410,372.2578120729822,399.07040838220365,367.2578120729822,394.07040838220365,377.2578120729822,404.07040838220365,1.0
11,1411,372.23557230697793,399.06940999426433,367.23557230697793,394.06940999426433,377.23557230697793,404.06940999426433,1.0
11,1412,372.2198882867648,399.06929577974296,367.2198882867648,394.06929577974296,377.2198882867648,404.06929577974296,1.0
11,1413,372.20543786564934,399.06978341127,367.20543786564934,394.06978341127,377.20543786564934,404.06978341127,1.0
11,1414,372.1800402210494,399.07303752772407,367.1800402210494,394.07303752772407,377.1800402210494,404.07303752772407,1.0
11,1415,372.15707559219226,399.0721478150701,367.15707559219226,394.0721478150701,377.15707559219226,404.0721478150701,1.0
11,1416,372.12821138292423,399.07258284263736,367.12821138292423,394.07258284263736,377.12821138292423,404.07258284263736,1.0
11,1417,372.0946119467801,399.07214560534965,367.0946119467801,394.07214560534965,377.0946119467801,404.07214560534965,1.0
11,1418,372.0530645571117,399.0707800814183,367.0530645571117,394.0707800814183,377.0530645571117,404.0707800814183,1.0
11,1419,372.0168380812052,399.0735574712652,367.0168380812052,394.0735574712652,377.0168380812052,404.0735574712652,1.0
11,1420,371.9861517338866,399.07820943629497,366.9861517338866,394.07820943629497,376.9861517338866,404.07820943629497,1.0
11,1421,371.9458440624497,399.0800285802504,366.9458440624497,394.0800285802504,376.9458440624497,404.0800285802504,1.0
11,1422,371.90159451463495,399.0836521537274,366.90159451463495,394.0836521537274,376.90159451463495,404.0836521537274,1.0
11,1423,371.8593208056882,399.0925393929293,366.8593208056882,394.0925393929293,376.8593208056882,404.0925393929293,1.0
11,1424,371.8175749572345,399.10175608468086,366.8175749572345,394.10175608468086,376.8175749572345,404.10175608468086,1.0
11,1425,371.77650409403395,399.1105784869206,366.77650409403395,394.1105784869206,376.77650409403395,404.1105784869206,1.0
11,1426,371.7380593476107,399.1227096563601,366.7380593476107,394.1227096563601,376.7380593476107,404.1227096563601,1.0
11,1427,371.6814924591802,399.13540323751994,366.6814924591802,394.13540323751994,376.6814924591802,404.13540323751994,1.0
11,1428,371.6257593433548,399.14555074025327,366.6257593433548,394.14555074025327,376.6257593433548,404.14555074025327,1.0
11,1429,371.57698561304574,399.15431055474363,366.57698561304574,394.15431055474363,376.57698561304574,404.15431055474363,1.0
11,1430,371.5229338016162,399.16332936857447,366.5229338016162,394.16332936857447,376.5229338016162,404.16332936857447,1.0
11,1431,371.4631964153171,399.1724351038346,366.4631964153171,394.1724351038346,376.4631964153171,404.1724351038346,1.0
11,1432,371.3979388691723,399.1819713401687,366.3979388691723,394.1819713401687,376.3979388691723,404.1819713401687,1.0
11,1433,371.34704492406104,399.1913979429225,366.34704492406104,394.1913979429225,376.34704492406104,404.1913979429225,1.0
11,1434,371.2965854871721,399.2008687057578,366.2965854871721,394.2008687057578,376.2965854871721,404.2008687057578,1.0
11,1435,371.25868680187386,399.20793904397703,366.25868680187386,394.20793904397703,376.25868680187386,404.20793904397703,1.0
11,1436,371.2217796679094,399.2169416186436,366.2217796679094,394.2169416186436,376.2217796679094,404.2169416186436,1.0
11,1437,371.1799906874167,399.2231295296045,366.1799906874167,394.2231295296045,376.1799906874167,404.2231295296045,1.0
11,1438,371.1353275394524,399.2348512301102,366.1353275394524,394.2348512301102,376.1353275394524,404.2348512301102,1.0
11,1439,371.0843993959796,399.2425432390185,366.0843993959796,394.2425432390185,376.0843993959796,404.2425432390185,1.0
11,1440,371.03405657297884,399.2500930885155,366.03405657297884,394.2500930885155,376.03405657297884,404.2500930885155,1.0
11,1441,370.9802445817214,399.2619117217452,365.9802445817214,394.2619117217452,375.9802445817214,404.2619117217452,1.0
11,1442,370.925666872337,399.26761454637256,365.925666872337,394.26761454637256,375.925666872337,404.26761454637256,1.0
11,1443,370.87405637990395,399.27483281529004,365.87405637990395,394.27483281529004,375.87405637990395,404.27483281529004,1.0
11,1444,370.8201942797494,399.28154849959935,365.8201942797494,394.28154849959935,375.8201942797494,404.28154849959935,1.0
11,1445,370.76778417556744,399.28726765767306,365.76778417556744,394.28726765767306,375.76778417556744,404.28726765767306,1.0
11,1446,370.7154813704339,399.28850427612235,365.7154813704339,394.28850427612235,375.7154813704339,404.28850427612235,1.0
11,1447,370.6613894025523,399.289063888844,365.6613894025523,394.289063888844,375.6613894025523,404.289063888844,1.0
11,1448,370.610580871703,399.2925332778946,365.610580871703,394.2925332778946,375.610580871703,404.2925332778946,1.0
11,1449,370.5634291220763,399.29535802175496,365.5634291220763,394.29535802175496,375.5634291220763,404.29535802175496,1.0
11,1450,370.5270765291186,399.30134413967335,365.5270765291186,394.30134413967335,375.5270765291186,404.30134413967335,1.0
11,1451,370.4969500879048,399.3078079485288,365.4969500879048,394.3078079485288,375.4969500879048,404.3078079485288,1.0
11,1452,370.46352138530057,399.3189273360454,365.46352138530057,394.3189273360454,375.46352138530057,404.3189273360454,1.0
11,1453,370.42648222380143,399.32785022963577,365.42648222380143,394.32785022963577,375.42648222380143,404.32785022963577,1.0
11,1454,370.38721910301086,399.3381131248047,365.38721910301086,394.3381131248047,375.38721910301086,404.3381131248047,1.0
11,1455,370.3457623913619,399.34842529852904,365.3457623913619,394.34842529852904,375.3457623913619,404.34842529852904,1.0
11,1456,370.301889649662,399.358383273323,365.301889649662,394.358383273323,375.301889649662,404.358383273323,1.0
11,1457,370.2669231361515,399.3660835826201,365.2669231361515,394.3660835826201,375.2669231361515,404.3660835826201,1.0
11,1458,370.23849315295274,399.37590146759146,365.23849315295274,394.37590146759146,375.23849315295274,404.37590146759146,1.0
11,1459,370.20671133550724,399.38013815728,365.20671133550724,394.38013815728,375.20671133550724,404.38013815728,1.0
11,1460,370.1710950699679,399.38709332939794,365.1710950699679,394.38709332939794,375.1710950699679,404.38709332939794,1.0
11,1461,370.1394909144805,399.39520764874635,365.1394909144805,394.39520764874635,375.1394909144805,404.39520764874635,1.0
11,1462,370.1156857316945,399.4051328613862,365.1156857316945,394.4051328613862,375.1156857316945,404.4051328613862,1.0
11,1463,370.0965986688158,399.4214621616282,365.0965986688158,394.4214621616282,375.0965986688158,404.4214621616282,1.0
11,1464,370.0767777303177,399.43578481270384,365.0767777303177,394.43578481270384,375.0767777303177,404.43578481270384,1.0
11,1465,370.0563341432372,399.45157135390053,365.0563341432372,394.45157135390053,375.0563341432372,404.45157135390053,1.0
11,1466,370.0333115585698,399.46995274485516,365.0333115585698,394.46995274485516,375.0333115585698,404.46995274485516,1.0
11,1467,370.0051754979337,399.485718027138,365.0051754979337,394.485718027138,375.0051754979337,404.485718027138,1.0
11,1468,369.9835232649915,399.49991220185467,364.9835232649915,394.49991220185467,374.9835232649915,404.49991220185467,1.0
11,1469,369.9685165355681,399.51614932217086,364.9685165355681,394.51614932217086,374.9685165355681,404.51614932217086,1.0
